1.971087740220604789e-01
1.960974774445577717e-01
2.074165413577591377e-01
2.056412661841627021e-01
2.068501898804089856e-01
2.312477185430075743e-02
1.953376306836069609e-01
2.028708713504020489e-01
1.964282739585433701e-01
2.051662961121543949e-01
2.352140569983265650e-01
2.037795307942967815e-01
1.978701262844397846e-01
2.058219184271251334e-01
1.869547267252853473e-01
1.991842910524841692e-01
2.005834689025191020e-01
1.999229426559815392e-01
2.016652419394056039e-01
1.984643929730397494e-01
1.754893657960534814e-01
1.984482093617656595e-01
1.986529264688876584e-01
1.953693512597601267e-01
1.967959278594885453e-01
1.996743142515982339e-01
1.990269522311513828e-01
2.008553567637586523e-01
2.028450962179342287e-01
2.016786485065403256e-01
2.075501751878476575e-01
2.016056169300832202e-01
1.299863599671695069e-01
2.008640079501099462e-01
2.560563695589880839e-01
1.982038797195797841e-01
2.038686444661924058e-01
2.312477185430075743e-02
1.535599457550128610e-01
2.028708713504020489e-01
1.964282739585433701e-01
2.051662961121543949e-01
2.193051380480052215e-01
2.068067112342800162e-01
1.686585029253036827e-01
7.489493197285561343e-02
1.410665143700652602e-01
1.991842910524841692e-01
2.034876888107850224e-01
2.004089594309243216e-01
2.016652419394056039e-01
2.025014242088866434e-01
1.782863879685505915e-01
1.984482093617656595e-01
1.986529264688876584e-01
2.174660809209067458e-01
1.945519679624046483e-01
1.996743142515982339e-01
1.990269522311513828e-01
2.008553567637586523e-01
2.028450962179342287e-01
2.001630600146936945e-01
2.075501751878476575e-01
1.646777043462866741e-01
2.276856820759337596e-02
2.008640079501099462e-01
2.180668370591367644e-01
1.744129973353287233e-01
2.737754751011509113e-02
4.300088884777394233e-02
1.048192509544615819e-01
1.926546628926630311e-01
1.978045905199803944e-01
2.051662961121543949e-01
1.974137874351237776e-01
1.860188985416709184e-01
1.732861298075430156e-01
7.600175512721049631e-02
4.817756429001512908e-02
1.277638519252262961e-01
1.405235311757286054e-01
1.033582481536166053e-01
2.250896169597420837e-01
1.620712799991744779e-01
1.315493066904087904e-01
1.984482093617656595e-01
1.875425765244621845e-01
7.112205685903305596e-02
1.897585675487589163e-01
1.424779132579195307e-01
1.990269522311513828e-01
2.008534863949557048e-01
2.028450962179342287e-01
1.995573958734451203e-01
2.104143049467816218e-01
1.646777043462866741e-01
2.276856820759337596e-02
1.431529650672443421e-01
2.324733206767199134e-01
1.747608384531903480e-01
9.754940177772702947e-03
4.300088884777394233e-02
2.114295535881047239e-02
1.926546628926630311e-01
1.015462488668956720e-01
2.028761613397613850e-01
1.709073506250676222e-01
6.481667378316449679e-02
1.573832309618234948e-01
8.487693836855646212e-02
2.484328210378627944e-02
7.474553455009393110e-02
1.158957441463917826e-01
1.033582481536166053e-01
2.250896169597420837e-01
1.560932085521956059e-01
2.498613919279522866e-02
1.984482093617656595e-01
1.788340569314462170e-01
7.112205685903305596e-02
1.897585675487589163e-01
1.493765113838991798e-01
1.990269522311513828e-01
1.781981774699776533e-01
1.799681839389090932e-01
1.983187445534007054e-01
2.372024773800900099e-01
1.469301433248355326e-01
1.359833061602580551e-02
7.989564384149502874e-02
1.581353099023110886e-01
1.521292359388173865e-01
2.153274291629113379e-03
3.916070169348909169e-02
2.634987905968946484e-02
1.926546628926630311e-01
1.369499665236112440e-02
1.087016509380412804e-01
1.438711908941269491e-01
1.508836485885937766e-02
1.761103713788894354e-01
1.035716737382183505e-02
2.304591503245903214e-02
5.696128046982981696e-03
1.739571392768252123e-02
7.784303421340371676e-02
1.011599998815832513e-01
1.376728943530033944e-01
8.279740880064084818e-03
1.800842671985168619e-01
1.015461059847362069e-01
5.970706754947112394e-02
1.765827977837747254e-01
1.493765113838991798e-01
1.990269522311513828e-01
1.791176441487872251e-01
1.601010322959863230e-01
1.924252373427988716e-01
2.372024773800900099e-01
1.072949325389253306e-01
8.660792484616814182e-03
8.168579333711172008e-02
2.484928490505995680e-02
1.089249604290010165e-01
2.153274291629113379e-03
5.084680726494755776e-02
1.101976822550766733e-02
1.234816407598670895e-01
1.500861936149860791e-02
7.660220416723625969e-02
9.712073287071890104e-02
1.508836485885937766e-02
8.606130234864982353e-02
1.857156322536747395e-02
2.135220733431489326e-02
1.056854905901994171e-02
1.322160351783664353e-02
7.818361356635197823e-02
6.460996943982970364e-02
4.920469523403270262e-02
8.279740880064084818e-03
1.348878253118107051e-01
9.016381508940422840e-02
5.918029899574253627e-03
1.765827977837747254e-01
1.450672538218534258e-01
1.990269522311513828e-01
1.791176441487872251e-01
9.135485429767256638e-02
2.519776717933026045e-01
2.372024773800900099e-01
5.555074455923092458e-02
6.524284842577493873e-03
6.544210514350168317e-02
1.701230097147763895e-02
1.654209259133197218e-01
2.153274291629113379e-03
1.227918134757499669e-02
1.086553407533315078e-02
4.817381020429042926e-02
1.456866965085824861e-02
4.609982075406404700e-02
1.342837140742725310e-02
3.389469595626097564e-02
4.021002525873162980e-02
2.387031157784072488e-02
2.135220733431489326e-02
5.005091961023342209e-03
1.322160351783664353e-02
8.178165312260204933e-02
5.842542786039947589e-03
4.581897319676442315e-02
4.398840844493066837e-04
1.348878253118107051e-01
7.971153750743871502e-02
5.918029899574253627e-03
1.765827977837747254e-01
8.918577098253704927e-02
1.742265121990957399e-01
1.175996270792955684e-01
8.935871438385918630e-02
2.029099118117084211e-01
1.857023446219428497e-01
8.679467556514997018e-02
8.552273355186566783e-03
6.544210514350168317e-02
5.058149844405501749e-03
1.654209259133197218e-01
2.153274291629113379e-03
4.133761970625587923e-02
1.045080381740264019e-02
4.809164430274924518e-02
9.108185217988621490e-03
3.731815703036150955e-02
1.699516264361910362e-02
5.907164328684116894e-02
3.526064737953978762e-02
2.605101250448882411e-03
1.701954356921156486e-02
3.845532490763736710e-02
1.322160351783664353e-02
8.709019617818709869e-02
5.357549729537792668e-03
4.581897319676442315e-02
4.398840844493066837e-04
8.428400332178986876e-02
4.337736366361133467e-02
1.160057231463277466e-02
1.781827513867241530e-01
4.491982109349840213e-03
1.742265121990957399e-01
1.175996270792955684e-01
8.935871438385918630e-02
1.303973085689931755e-01
1.857023446219428497e-01
8.679467556514997018e-02
4.109304383329945298e-03
6.544210514350168317e-02
5.058149844405501749e-03
8.619645843389753259e-02
2.153274291629113379e-03
5.427206212984297951e-02
1.045080381740264019e-02
3.897078814647333272e-02
1.428297750816803768e-02
4.730976545349277473e-03
1.699516264361910362e-02
1.351399155892910042e-02
1.765375754609233017e-02
2.605101250448882411e-03
1.701954356921156486e-02
3.845532490763736710e-02
1.322160351783664353e-02
8.709019617818709869e-02
4.035211115789312519e-03
5.419053663405323795e-03
2.343369623512571442e-02
8.963386168839980461e-03
4.337736366361133467e-02
2.420232416098891393e-02
1.073133940898019500e-01
5.730766881069352010e-03
1.742265121990957399e-01
1.175996270792955684e-01
8.935871438385918630e-02
1.224431694082899480e-01
1.177361309331698414e-01
2.747409280134019416e-02
4.109304383329945298e-03
5.491044653345647508e-02
5.284899194078749619e-03
8.619645843389753259e-02
2.153274291629113379e-03
5.427206212984297951e-02
1.045080381740264019e-02
2.516822211597533054e-02
1.500669320743192037e-02
1.361232505375939428e-03
1.749046206483622495e-02
1.513955885173931884e-02
1.765375754609233017e-02
2.605101250448882411e-03
1.701954356921156486e-02
4.633651100074186874e-02
3.600390485479249003e-03
8.709019617818709869e-02
2.325208215273873863e-03
5.419053663405323795e-03
2.343369623512571442e-02
8.963386168839980461e-03
2.188249292089908260e-02
1.834838196337444313e-02
8.142552850821216381e-02
2.283281913835765592e-03
1.742265121990957399e-01
1.175996270792955684e-01
9.894726351290519806e-02
7.068420200375684359e-02
8.364802403266591302e-02
2.130426032045476537e-02
4.109304383329945298e-03
4.613359823884661398e-02
6.570793578759229897e-04
7.350585959104932732e-02
2.153274291629113379e-03
5.427206212984297951e-02
1.045080381740264019e-02
1.914123730478669433e-02
1.500669320743192037e-02
2.352748465225689995e-03
1.749046206483622495e-02
1.513955885173931884e-02
1.152657471800860346e-02
2.605101250448882411e-03
2.705218093733669990e-02
4.730275206059514348e-02
3.600390485479249003e-03
8.709019617818709869e-02
2.325208215273873863e-03
5.419053663405323795e-03
2.123473840269944971e-02
8.276630199914810498e-03
1.629143608581934410e-02
8.557610140157212442e-03
7.789159631260302030e-02
2.489479051840112669e-03
4.506204852910554448e-02
1.175996270792955684e-01
9.894726351290519806e-02
6.905297893889883465e-02
8.373559658706934694e-02
1.950336810882680183e-02
5.890242534142587326e-03
7.236234681310522998e-02
6.570793578759229897e-04
8.195353111121964074e-02
2.153274291629113379e-03
5.427206212984297951e-02
1.045080381740264019e-02
1.914123730478669433e-02
1.500669320743192037e-02
2.352748465225689995e-03
1.749046206483622495e-02
1.513955885173931884e-02
1.152657471800860346e-02
2.605101250448882411e-03
2.597414956518107054e-03
4.236877283525102705e-02
3.600390485479249003e-03
8.709019617818709869e-02
2.325208215273873863e-03
5.592644099625449297e-03
2.123473840269944971e-02
6.034670234618946458e-03
1.517680455253335448e-04
8.972623926099296959e-03
1.833479504634477272e-02
2.513054529988708111e-03
3.001941114885112866e-04
8.806035563661178400e-02
1.211514515789727242e-01
3.429731797189369130e-02
8.373559658706934694e-02
3.673494103599760086e-02
8.201185323787232861e-03
3.645233209460327362e-02
6.570793578759229897e-04
8.116651980663923405e-02
2.153274291629113379e-03
5.427206212984297951e-02
1.045080381740264019e-02
1.914123730478669433e-02
1.500669320743192037e-02
2.352748465225689995e-03
1.749046206483622495e-02
1.513955885173931884e-02
1.152657471800860346e-02
2.605101250448882411e-03
1.953297275306052627e-02
4.005153036666389554e-02
3.600390485479249003e-03
5.930773763591213471e-02
2.325208215273873863e-03
3.681987722501745691e-02
3.341330360244929715e-02
6.791141151902051372e-03
1.517680455253335448e-04
2.058968220315551389e-04
1.144691460703856772e-02
2.513054529988708111e-03
3.413973386238982471e-04
8.806035563661178400e-02
1.211514515789727242e-01
3.726390431096508055e-02
6.573913833605667112e-02
2.420971742222921899e-02
8.201185323787232861e-03
4.133219808538361045e-02
6.570793578759229897e-04
5.434010750808945106e-02
2.153274291629113379e-03
5.308658571041641877e-02
1.573291568700966800e-02
7.708751622659909541e-03
1.893514408544562724e-02
6.499968999187874866e-03
1.749046206483622495e-02
1.513955885173931884e-02
1.152657471800860346e-02
2.605101250448882411e-03
1.953297275306052627e-02
4.000310486367884832e-02
3.600390485479249003e-03
4.031085622045624955e-02
2.325208215273873863e-03
5.226456240676245757e-02
3.341330360244929715e-02
6.791141151902051372e-03
1.517680455253335448e-04
2.058968220315551389e-04
1.475207303775523046e-02
2.513054529988708111e-03
3.413973386238982471e-04
8.526757206477457440e-02
5.587015994496700999e-02
2.450298469260919071e-02
6.573913833605667112e-02
4.141310078940985129e-02
8.201185323787232861e-03
3.647683928964599864e-02
6.926666836265145399e-04
5.434010750808945106e-02
2.153274291629113379e-03
5.308658571041641877e-02
1.975166696562657802e-04
8.966660081604864788e-03
3.445884277304153004e-02
8.822476873450661727e-03
1.749046206483622495e-02
1.513955885173931884e-02
1.926993884878022006e-02
3.961239806338853406e-03
1.953297275306052627e-02
5.241371257903672254e-02
1.081981285635693832e-02
4.031085622045624955e-02
2.325208215273873863e-03
5.226456240676245757e-02
3.883107069584520316e-02
6.791141151902051372e-03
1.517680455253335448e-04
9.960165756096397288e-03
1.475207303775523046e-02
2.719110122262373246e-03
4.574036966056016507e-04
8.526757206477457440e-02
5.449549563226843002e-02
3.105400260849518201e-02
6.573913833605667112e-02
4.141310078940985129e-02
8.201185323787232861e-03
2.882800791091999146e-02
6.926666836265145399e-04
5.434010750808945106e-02
4.195393844812757463e-03
4.075001615535943367e-02
1.975166696562657802e-04
8.966660081604864788e-03
3.445884277304153004e-02
4.099449194994279205e-03
1.749046206483622495e-02
1.513955885173931884e-02
1.926993884878022006e-02
3.961239806338853406e-03
1.953297275306052627e-02
5.241371257903672254e-02
1.081981285635693832e-02
3.182220187937922357e-02
2.325208215273873863e-03
5.226456240676245757e-02
3.883107069584520316e-02
7.418213032532968397e-03
1.517680455253335448e-04
9.422251147515693648e-03
1.475207303775523046e-02
1.841078372383725056e-02
1.998351660865866578e-03
8.526757206477457440e-02
4.075673193732696348e-02
2.355426131540522966e-02
6.573913833605667112e-02
6.377224072258227960e-02
9.953642777568091904e-04
2.882800791091999146e-02
6.926666836265145399e-04
5.272147477956749817e-02
1.087967925154139509e-02
4.075001615535943367e-02
6.968872978547828142e-04
7.741769768081521036e-03
2.127052194840813384e-02
4.099449194994279205e-03
1.479962258429828523e-02
1.513955885173931884e-02
1.926993884878022006e-02
2.877187420326360757e-03
5.679757002872473648e-03
7.117366417540406387e-02
1.081981285635693832e-02
1.320948030015167696e-02
2.795833369168437312e-03
5.226456240676245757e-02
3.926668779084803440e-02
8.148482582849786091e-03
1.517680455253335448e-04
1.039994556786876141e-02
3.285883242603853532e-03
3.408820488053517644e-03
1.998351660865866578e-03
7.897381180344825724e-02
5.203055393975419829e-02
2.310702224721760192e-02
4.771170486261838012e-02
6.364996136582586062e-02
5.265562103136602230e-04
2.882800791091999146e-02
2.636739887115897157e-03
5.272147477956749817e-02
1.565714707465581251e-02
2.546041160369223733e-02
8.091413509308141225e-03
6.581014018530912529e-03
2.127052194840813384e-02
4.099449194994279205e-03
1.357102442253127483e-02
1.319518330598896255e-02
1.926993884878022006e-02
3.521149293836875731e-03
5.021905465417589136e-03
7.452015915318505046e-02
3.830276524047856838e-03
3.897341821010573241e-03
1.961654491702925513e-03
3.960163198823857950e-02
2.392806816044243737e-02
8.089390309790792100e-03
1.517680455253335448e-04
1.039994556786876141e-02
4.357372682190299024e-03
3.408820488053517644e-03
7.551887402644329519e-03
7.897381180344825724e-02
5.203055393975419829e-02
2.310702224721760192e-02
4.526255980498977011e-02
7.248447626216709960e-02
7.349059478251306413e-03
3.592056877395304743e-02
2.636739887115897157e-03
6.725247058721281479e-02
1.108359516635062589e-02
1.640872082044390196e-02
8.091413509308141225e-03
2.554411868571890981e-03
2.671090665343933690e-02
4.046251932048741846e-03
1.159110010749832970e-02
1.319518330598896255e-02
3.682811829334090015e-02
8.883276647741328302e-04
3.971792636519066652e-03
7.924207020281648362e-02
1.039769005546096678e-02
3.897341821010573241e-03
2.763253763937015446e-03
1.014248806659210078e-01
1.431841119944529846e-02
1.234586659950907481e-02
3.688735427787555657e-04
1.039994556786876141e-02
4.168625035964974510e-03
3.578898097250694538e-03
6.065577079994334889e-03
7.897381180344825724e-02
5.203055393975419829e-02
2.310702224721760192e-02
4.348822135937699396e-02
7.238503944553698055e-02
7.349059478251306413e-03
3.184990454696264017e-02
2.636739887115897157e-03
7.709259168154766750e-02
1.108359516635062589e-02
1.640872082044390196e-02
8.091413509308141225e-03
1.019054655295772646e-03
3.361606181195032905e-02
4.046251932048741846e-03
1.159110010749832970e-02
1.132405375886947480e-02
4.759251668747224717e-02
8.883276647741328302e-04
1.293299020624338533e-03
7.559471655988568572e-02
1.039769005546096678e-02
3.897341821010573241e-03
2.763253763937015446e-03
6.580330917910881539e-02
1.704414195841483931e-02
1.544230848764772263e-02
1.528833733249915488e-03
1.629192035518933074e-03
4.168625035964974510e-03
3.939352858018211299e-03
3.886982736003243791e-03
6.070336417272900048e-02
2.085130766939912589e-02
2.310702224721760192e-02
5.192586083884800918e-02
3.595634780133429714e-02
1.002272406508335906e-02
3.697123087648485767e-02
2.636739887115897157e-03
5.170022349164068304e-02
1.370867207334112471e-02
1.574916178374495893e-02
4.300968860884497001e-03
2.908080133294484865e-02
2.398149532650129326e-02
1.893522804934581359e-03
2.872685750542630645e-02
9.292455933439676061e-03
4.759251668747224717e-02
9.004218459283180528e-03
1.810338669507569054e-03
7.559471655988568572e-02
1.039769005546096678e-02
3.897341821010573241e-03
9.993440539756780205e-03
6.580330917910881539e-02
1.445696710259307405e-02
1.809544249994308324e-02
5.716090224695630218e-03
4.914933900406412426e-04
4.168625035964974510e-03
5.845904750023866656e-03
1.711890280411900930e-03
6.070336417272900048e-02
1.925791855546316045e-02
1.545585446865099799e-02
2.680991983273411927e-02
5.346829143321558259e-02
1.002272406508335906e-02
2.785327062810255550e-02
2.636739887115897157e-03
5.176615020893989005e-02
5.601666427162174493e-03
1.574916178374495893e-02
3.104192790485441403e-02
2.467814289907660497e-02
1.928583041729874797e-02
1.893522804934581359e-03
1.038394763827963155e-02
1.750646510503535425e-02
2.635729155834587445e-02
1.866349629762303550e-02
1.788045467797316551e-03
7.944894277211517197e-02
1.039769005546096678e-02
9.104980240804139147e-04
7.029578806299469768e-03
6.580330917910881539e-02
1.445696710259307405e-02
1.809544249994308324e-02
5.716090224695630218e-03
4.914933900406412426e-04
4.168625035964974510e-03
2.530281875850266121e-03
1.711890280411900930e-03
5.644688739534844957e-02
4.412730790461335401e-03
1.152062701240714679e-02
1.732511738483932806e-02
4.891806837676317132e-02
1.002272406508335906e-02
3.582593827764213312e-02
2.636739887115897157e-03
5.176615020893989005e-02
5.601666427162174493e-03
4.125701200490841658e-03
5.437612866660778560e-02
3.893654500523361511e-02
2.025427500427362526e-04
1.893522804934581359e-03
1.038394763827963155e-02
1.750646510503535425e-02
1.908324062701496557e-02
1.172025835859068568e-02
1.122504353956701832e-02
7.944894277211517197e-02
1.458411276957815965e-02
9.104980240804139147e-04
6.455447208734253414e-03
4.089069746977209985e-02
1.445696710259307405e-02
1.831246421814506503e-02
5.960128557396252719e-03
4.914933900406412426e-04
4.168625035964974510e-03
2.530281875850266121e-03
2.321172739446264455e-03
4.932241982394193480e-02
4.762122825630178517e-03
8.163886576921106780e-03
2.003895744118468908e-02
3.205475130414754681e-02
9.173508603217002746e-03
3.582593827764213312e-02
2.636739887115897157e-03
5.176615020893989005e-02
5.601666427162174493e-03
4.125701200490841658e-03
2.942043316811535428e-02
3.893654500523361511e-02
1.065170520764447456e-03
1.893522804934581359e-03
1.038394763827963155e-02
1.750646510503535425e-02
1.908324062701496557e-02
6.040607121128475226e-03
2.324387600073691065e-03
5.549015318783590001e-02
1.700647900218438258e-02
9.104980240804139147e-04
6.816351652797160952e-03
3.261750448699957117e-02
1.655074172467806831e-02
2.119467549246616123e-02
3.583313950297629946e-03
2.079451600197883970e-03
5.354554789683000499e-03
2.241846502107782899e-03
3.118638871483473893e-03
3.777592104569283543e-02
4.762122825630178517e-03
1.916629030458531432e-02
3.604303841695133404e-02
2.721995514985189879e-02
8.324925145302716420e-03
3.582593827764213312e-02
2.636739887115897157e-03
4.181393527080424360e-02
5.601666427162174493e-03
6.224446466300539646e-03
2.785972957333466421e-02
3.893654500523361511e-02
1.065170520764447456e-03
7.210741169889935132e-04
1.025554795972789812e-02
1.843803996935081124e-02
1.929804696445873782e-02
6.826303665323486120e-03
4.603489868499526308e-03
5.549015318783590001e-02
2.084611454868443015e-02
5.159658046743514134e-04
6.816351652797160952e-03
3.058195796933983052e-02
1.655074172467806831e-02
1.718329143096191183e-02
3.583313950297629946e-03
2.283927502911724684e-03
5.952400700941165405e-03
2.359757296982333344e-03
1.116938575136379452e-02
3.777592104569283543e-02
4.762122825630178517e-03
1.884623026612199798e-02
4.716267920060909780e-02
4.200158219353859745e-02
8.324925145302716420e-03
3.582593827764213312e-02
2.207884224261432576e-03
3.870164678493770438e-02
4.843423166819893315e-03
6.193003387021264738e-03
2.281450826615626440e-02
2.607702503117050735e-02
4.587931218346996687e-03
1.297622868171286435e-02
1.424414326018356644e-02
1.064253891084834119e-02
2.402140870801297567e-02
9.967436304430643546e-03
1.048956809829928657e-02
3.894656206404599474e-02
2.249164404379782461e-02
5.159658046743514134e-04
6.214699014516782485e-03
3.234503885964140624e-02
1.108564204575006318e-02
1.718329143096191183e-02
1.806367738872522756e-03
1.322378071036765107e-02
5.952400700941165405e-03
2.306031756757930679e-03
7.736218935873318513e-03
3.816034239176054055e-02
4.226821438018989532e-03
3.584058030477549339e-02
4.716267920060909780e-02
4.200158219353859745e-02
8.324925145302716420e-03
3.582593827764213312e-02
2.207884224261432576e-03
3.870164678493770438e-02
4.843423166819893315e-03
6.193003387021264738e-03
1.983218753144163488e-02
2.944173346915637118e-02
5.595491221162439237e-03
1.297622868171286435e-02
1.236721403630307997e-02
9.637034991168372255e-03
2.700076679980079400e-02
1.007731956889768542e-02
1.405043753013034483e-02
3.900502137691776172e-02
1.967767785101454114e-02
5.159658046743514134e-04
1.417617463204105810e-02
3.234503885964140624e-02
1.290979635560265786e-02
2.046194815842315023e-02
1.806367738872522756e-03
1.322378071036765107e-02
3.536792371804664548e-02
5.121244601808636401e-03
1.549310542942678587e-03
2.768156994938780410e-02
4.226821438018989532e-03
3.584058030477549339e-02
2.410339904936273370e-02
3.156736345147043848e-02
7.734396249172525648e-03
2.833025141254248702e-02
1.830801940623092219e-02
7.244966989859828732e-02
6.025841656338209139e-03
6.648723054948763034e-04
1.405990627098170458e-02
3.355123772007083394e-02
3.476367424553648919e-03
4.574373489185032393e-03
1.236721403630307997e-02
6.264918372827049144e-03
3.471297383967847372e-02
1.007731956889768542e-02
8.078425750697827007e-03
3.900502137691776172e-02
2.126764646094204264e-02
7.080878493566594364e-03
2.636664310789114257e-02
3.359571209541270531e-02
2.524665118465933833e-03
6.964584291840877212e-03
1.806367738872522756e-03
1.322378071036765107e-02
2.895237305632828231e-02
5.121244601808636401e-03
1.549310542942678587e-03
2.768156994938780410e-02
4.226821438018989532e-03
3.584058030477549339e-02
1.397094106146830328e-02
3.156736345147043848e-02
7.734396249172525648e-03
2.673631309877214091e-02
1.830801940623092219e-02
7.244966989859828732e-02
1.891208225764647380e-02
2.522938732633403340e-03
2.338272384128445291e-02
4.992779337965975658e-03
3.476367424553648919e-03
3.984843660545486430e-03
1.236721403630307997e-02
6.060387056228012242e-03
8.468747565447687364e-02
9.089034817822000401e-03
1.434751601636919706e-02
2.419646052977587197e-02
2.219636114097432722e-02
3.064295160339059604e-03
2.804564090125234027e-02
1.405218588021704858e-02
2.175887980256219559e-03
1.125305226466903966e-02
1.806367738872522756e-03
1.361601535493405478e-02
2.895237305632828231e-02
5.121244601808636401e-03
1.549310542942678587e-03
5.179427985589241112e-02
2.720659540784849898e-03
3.584058030477549339e-02
2.227711015580279355e-02
2.787439514427837717e-02
6.442112604410026207e-03
1.859087867248562093e-02
1.886278133133162394e-02
5.080749983719902441e-02
2.732374223909792010e-02
2.522938732633403340e-03
1.494357857536036949e-02
4.992779337965975658e-03
3.476367424553648919e-03
4.339584128685698011e-03
1.628934054527605285e-02
5.754949647519386723e-03
8.348533763835995491e-02
4.817714330018469868e-03
1.508045092633901289e-02
1.663321139232656898e-02
2.016799646818171615e-02
3.818069898504317279e-03
2.259551699513028672e-02
1.405218588021704858e-02
2.175887980256219559e-03
2.402392816074905291e-04
1.006952593171675514e-02
1.175260517449382841e-03
2.895237305632828231e-02
5.121244601808636401e-03
1.282073519418575752e-03
5.179427985589241112e-02
1.093962946685208409e-02
3.584058030477549339e-02
3.058783704330931066e-02
2.199033663063993532e-02
6.442112604410026207e-03
1.859087867248562093e-02
1.886278133133162394e-02
5.016671983520740175e-02
2.447769339435106051e-02
7.266529220014994808e-03
1.546923221448708551e-02
4.992779337965975658e-03
3.476367424553648919e-03
9.580857405142919128e-03
1.628934054527605285e-02
5.784912658356619782e-03
5.451590214541589263e-02
1.752313226998009760e-02
1.385563541952612200e-02
1.627298216192862162e-02
1.925406681996977981e-02
9.025414312873798750e-03
1.840837108794824567e-02
1.405218588021704858e-02
1.500290371400269523e-03
1.100503782625912932e-03
7.592856181618830476e-03
1.175260517449382841e-03
3.230177201349643951e-02
1.232690417453648560e-02
5.447236493536795898e-03
3.644923326862152535e-02
1.195088334742381783e-02
3.584058030477549339e-02
3.058783704330931066e-02
2.199033663063993532e-02
6.442112604410026207e-03
1.859087867248562093e-02
1.443008501916969409e-02
4.428045908613047199e-02
2.533421658874527096e-02
4.021981893967211882e-03
1.298182967964169043e-02
5.385911716115407595e-03
5.161831666954969089e-03
1.702941423955168718e-02
1.346323125758044914e-02
5.784912658356619782e-03
5.451590214541589263e-02
1.752313226998009760e-02
1.385563541952612200e-02
1.636447537078514897e-02
1.925406681996977981e-02
5.093216194707948785e-03
1.840837108794824567e-02
1.353044429057778664e-02
1.500290371400269523e-03
1.100503782625912932e-03
2.278021847422506685e-02
1.175260517449382841e-03
3.809553893816203934e-02
1.232690417453648560e-02
5.447236493536795898e-03
3.431598622494237694e-02
1.195088334742381783e-02
3.584058030477549339e-02
3.058783704330931066e-02
2.199033663063993532e-02
5.315529705905690933e-03
1.859087867248562093e-02
1.589649200672744317e-02
4.428045908613047199e-02
2.533421658874527096e-02
4.021981893967211882e-03
1.358840357261841686e-02
5.385911716115407595e-03
7.081566995930363428e-03
1.702941423955168718e-02
1.850757361039031060e-02
7.305056500816470635e-03
4.855772756740834445e-02
1.752313226998009760e-02
1.541192630043933254e-02
1.636447537078514897e-02
1.925406681996977981e-02
6.884756972905560490e-03
1.840837108794824567e-02
1.433400649323580620e-03
1.500290371400269523e-03
1.821546842353709630e-03
2.749996491977809571e-02
4.253825183261320322e-03
3.799013331867660825e-02
1.518535748721867168e-03
5.447236493536795898e-03
2.337020677415900527e-02
1.195088334742381783e-02
2.703361327574022727e-02
1.519966828903651646e-02
2.601536975755972675e-02
5.315529705905690933e-03
1.859087867248562093e-02
2.372566425826366440e-02
3.508490843333072345e-02
1.388017721806513241e-02
5.766099365638280294e-03
1.358840357261841686e-02
5.385911716115407595e-03
1.182024685737569948e-02
1.702941423955168718e-02
1.950682775414874087e-02
7.305056500816470635e-03
4.855772756740834445e-02
2.657594190259309277e-03
1.541192630043933254e-02
1.272312563836856814e-02
1.925406681996977981e-02
1.118826711511542414e-02
1.120981829095107907e-02
1.433400649323580620e-03
7.454758336073070979e-05
3.363401583542716122e-03
1.658632992260157882e-02
4.253825183261320322e-03
4.530095798673852009e-02
1.518535748721867168e-03
2.927710716479313413e-03
1.423279297080120263e-02
1.015130849744279307e-02
2.703361327574022727e-02
9.565857124751012130e-03
2.601536975755972675e-02
3.164616850422518300e-03
1.735987793560746228e-02
2.372566425826366440e-02
3.508490843333072345e-02
1.388017721806513241e-02
5.766099365638280294e-03
1.358840357261841686e-02
1.065811126631170842e-02
1.739579976932567953e-02
1.418025467853498839e-02
7.355530072803970199e-02
1.157632081065854482e-02
3.252817677768614357e-02
1.219584220303838312e-02
1.541192630043933254e-02
1.114970549156123376e-02
1.925406681996977981e-02
1.980527722422423947e-02
3.472442105469961127e-02
1.433400649323580620e-03
7.454758336073070979e-05
8.217907013313551640e-04
5.826101724366289369e-03
4.253825183261320322e-03
2.927500041211757512e-02
8.618111876945678748e-05
2.927710716479313413e-03
2.394433252022820646e-03
9.717148062080327095e-03
2.703361327574022727e-02
9.565857124751012130e-03
2.601536975755972675e-02
4.037872615058751835e-04
1.439005986038343482e-02
2.372566425826366440e-02
3.275160226136267227e-02
9.575604756863781430e-03
5.766099365638280294e-03
1.358840357261841686e-02
1.065811126631170842e-02
1.739579976932567953e-02
7.836366769457318165e-03
4.598305815771981664e-02
1.157632081065854482e-02
3.252817677768614357e-02
1.219584220303838312e-02
1.541192630043933254e-02
1.114970549156123376e-02
1.925406681996977981e-02
2.354247461961034293e-02
3.717915670608336332e-02
1.433400649323580620e-03
7.454758336073070979e-05
8.217907013313551640e-04
5.826101724366289369e-03
4.253825183261320322e-03
2.927500041211757512e-02
6.543399785231059085e-03
4.785241968695648843e-03
4.933695399200854759e-03
7.458240809018336359e-03
3.365285608610486812e-02
7.197556233077346405e-03
2.601536975755972675e-02
4.037872615058751835e-04
1.167606442286514556e-02
1.271273219421002916e-02
3.171098807904659811e-02
9.213545126283056996e-03
5.766099365638280294e-03
1.243871477433676834e-02
1.090509677469094114e-02
1.739579976932567953e-02
8.335759741714732912e-03
3.228111930520810580e-02
1.157632081065854482e-02
5.196184607722263704e-02
1.219584220303838312e-02
1.541192630043933254e-02
1.114970549156123376e-02
1.925406681996977981e-02
2.902063124765206711e-02
3.717915670608336332e-02
1.433400649323580620e-03
7.583606288568585374e-03
8.217907013313551640e-04
4.111020716684316012e-03
8.683914271215597766e-03
2.869715739833111207e-02
4.930908017306482108e-03
6.330730619848873308e-05
5.581755601802887781e-03
3.909372074842471997e-03
3.365285608610486812e-02
9.004969891072207161e-03
2.601536975755972675e-02
3.847887861520944350e-03
1.216800021747444817e-02
1.265939466555934638e-02
3.171098807904659811e-02
1.293992621096192938e-02
5.052013311430941095e-03
4.669636159944699424e-03
1.108740806046440083e-02
1.739579976932567953e-02
8.335759741714732912e-03
2.457581058250060679e-02
1.188908394503117999e-02
2.759712176434846870e-02
9.765156155966854545e-03
1.541192630043933254e-02
1.114970549156123376e-02
1.925406681996977981e-02
2.071656119461015577e-02
3.717915670608336332e-02
1.433400649323580620e-03
5.130912064510875434e-03
1.593755345793178464e-03
4.111020716684316012e-03
8.656529476500918197e-04
2.869715739833111207e-02
1.309678594228681769e-03
7.150797799187671305e-04
5.581755601802887781e-03
3.909372074842471997e-03
2.946496835813919996e-02
9.004969891072207161e-03
2.601536975755972675e-02
1.567198626909523107e-03
1.033168285960081069e-02
1.311697225757054407e-02
2.866330406650665144e-02
1.394114848787292998e-02
6.560369281542782066e-03
2.886034414191281094e-03
1.195381521661211324e-02
1.691265286671781581e-02
8.484192534070518488e-04
1.586423017050590800e-02
8.116271401372216268e-03
2.759712176434846870e-02
9.765156155966854545e-03
1.541192630043933254e-02
1.114970549156123376e-02
1.925406681996977981e-02
2.071656119461015577e-02
3.717915670608336332e-02
1.433400649323580620e-03
5.130912064510875434e-03
5.190489279013388302e-03
4.111020716684316012e-03
8.656529476500918197e-04
2.869715739833111207e-02
2.085930976127864898e-03
6.412695875272791252e-03
5.581755601802887781e-03
3.909372074842471997e-03
1.256664370480422427e-02
9.004969891072207161e-03
2.601536975755972675e-02
1.567198626909523107e-03
1.385128583437671146e-02
1.311697225757054407e-02
4.820074844101281120e-02
1.646573304199650672e-02
6.560369281542782066e-03
9.344851011694813026e-06
1.968371779527762835e-02
1.717122575465036480e-02
1.696593045670342220e-03
1.586423017050590800e-02
8.116271401372216268e-03
2.759712176434846870e-02
9.939838620363256744e-03
1.541192630043933254e-02
1.114970549156123376e-02
1.925406681996977981e-02
2.582053496445320395e-02
3.250581050194895072e-02
1.433400649323580620e-03
6.348587069866015037e-04
1.458820749945286335e-02
1.089044248702594059e-02
5.432577431740857540e-04
2.189673765808257400e-02
2.085930976127864898e-03
4.434608673771942358e-03
5.389239827473894622e-03
3.064205790331896682e-03
9.617422320496869098e-03
9.004969891072207161e-03
2.601536975755972675e-02
1.567198626909523107e-03
1.433403326710553857e-02
1.311697225757054407e-02
4.820074844101281120e-02
7.779520336076964707e-03
3.680318634765587446e-03
1.754105316169114054e-03
1.919570300734856072e-02
2.477076051689701061e-02
1.696593045670342220e-03
1.429717874966919891e-02
8.116271401372216268e-03
4.541769016462753050e-02
2.147131327165353876e-03
1.541192630043933254e-02
1.960415602706083379e-02
3.110940943323444244e-02
2.582053496445320395e-02
3.250581050194895072e-02
1.433400649323580620e-03
4.978752284233740194e-03
1.458820749945286335e-02
1.054591172077976036e-02
5.432577431740857540e-04
1.329151041847016941e-02
2.070846276455878474e-03
5.549026414521807810e-03
5.389239827473894622e-03
2.614404869640631936e-03
9.617422320496869098e-03
9.004969891072207161e-03
2.168496220671489033e-02
3.956237949843380633e-03
9.798110258323031868e-03
9.865301248673106344e-03
4.820074844101281120e-02
1.246594635802577601e-02
2.098267283559634988e-03
2.333643201468309312e-03
1.919570300734856072e-02
2.657368582343504551e-02
1.696593045670342220e-03
1.314935233308387255e-02
8.116271401372216268e-03
6.569190408229656775e-02
1.079118466534533666e-03
1.227872868470346671e-02
1.960415602706083379e-02
3.853634887138696757e-02
4.210816849365966313e-02
3.250581050194895072e-02
1.433400649323580620e-03
4.509017539968187931e-03
1.458820749945286335e-02
1.046688164648907488e-02
5.432577431740857540e-04
1.329151041847016941e-02
3.371976494333924976e-03
3.359500686167384703e-03
7.166082766561417475e-03
2.585125627505186884e-03
9.617422320496869098e-03
9.004969891072207161e-03
1.554390287685728823e-02
5.409372280632419178e-04
6.836257217048004667e-03
7.997712809856524427e-03
5.791620927332898766e-02
8.681712459204873195e-03
1.443656611776301035e-03
1.418535764465871790e-02
1.919570300734856072e-02
2.657368582343504551e-02
6.564019233529748421e-05
1.473465018032544746e-02
6.818029511169726095e-03
5.093414180267417934e-02
1.079118466534533666e-03
1.376345028397918738e-02
2.098087127452563649e-02
4.582697532721117378e-02
2.234453028078713099e-02
3.250581050194895072e-02
1.433400649323580620e-03
4.509017539968187931e-03
1.502880551456142050e-02
1.231180657797275799e-02
5.432577431740857540e-04
1.411478409384297333e-02
3.003978991873246761e-03
3.431980399322897071e-03
2.870654484984658597e-03
1.802614084083991198e-03
9.947795683010764861e-03
4.131825245142956710e-03
1.028135556766817185e-02
5.409372280632419178e-04
4.357261280761505484e-03
6.840120614278966983e-03
5.791620927332898766e-02
6.807859106637767499e-04
4.510738599511069508e-03
4.397995763735711855e-03
1.520872907217949224e-02
3.150264561561350735e-02
6.564019233529748421e-05
1.473465018032544746e-02
5.849048954307446355e-03
7.194378766792393354e-02
2.939470939542330671e-03
1.376345028397918738e-02
1.448654191620446334e-02
5.978628526174667446e-02
4.228222972661552226e-02
3.685651798894230835e-02
6.420013430105241808e-05
3.997817939996352321e-04
7.387013392623753387e-03
8.307524958423613201e-03
5.766598865021301500e-04
8.551440894727712488e-03
3.128937645466429475e-03
2.063448307483308625e-02
2.870654484984658597e-03
5.574349054813900958e-03
1.096253000200260105e-02
3.567900429185982478e-03
1.128415068916699925e-02
8.750528359885243607e-04
6.906318760983548577e-03
6.840120614278966983e-03
3.360811236635538601e-02
6.807859106637767499e-04
4.510738599511069508e-03
6.838492793182488275e-03
1.520872907217949224e-02
1.955016826557905846e-02
6.564019233529748421e-05
2.889234906960229735e-02
1.005474306517381913e-02
7.194378766792393354e-02
8.986857166491387522e-03
1.458430700790590805e-02
4.414898962877979172e-03
3.819023150063997896e-02
3.176533470478617310e-02
3.785475837109091024e-02
6.420013430105241808e-05
2.363307558424697363e-03
8.856491311092387284e-03
8.307524958423613201e-03
5.766598865021301500e-04
9.798382896419145088e-03
3.128937645466429475e-03
1.350022731988309750e-02
1.213627328877343869e-03
2.234491609829599053e-03
8.701409191908444224e-03
7.251715521909342724e-03
1.128415068916699925e-02
1.466624082998541773e-03
4.091757242155641579e-03
7.023532662418916460e-03
3.422206495516570690e-02
6.807859106637767499e-04
4.510738599511069508e-03
4.289993983164933772e-03
1.520872907217949224e-02
1.604101361037616608e-02
6.564019233529748421e-05
2.375273533626014871e-02
1.467250861650986130e-02
7.194378766792393354e-02
8.986857166491387522e-03
1.586101746261405626e-02
4.414898962877979172e-03
1.784867153576319768e-02
3.098548039959017619e-02
5.233629591556819560e-02
6.420013430105241808e-05
2.638962119391128833e-03
1.257753037505601051e-02
8.307524958423613201e-03
1.621460387949695721e-03
9.798382896419145088e-03
3.965349113111100304e-03
1.258751531390635975e-02
2.208411697827856665e-03
2.234491609829599053e-03
8.701409191908444224e-03
7.251715521909342724e-03
3.438328021903519494e-02
1.466624082998541773e-03
4.091757242155641579e-03
7.023532662418916460e-03
6.181306288123699505e-02
6.807859106637767499e-04
4.510738599511069508e-03
3.008175062553529282e-03
1.797451275035082813e-02
1.604101361037616608e-02
6.564019233529748421e-05
2.375273533626014871e-02
1.467250861650986130e-02
2.774905490041111589e-02
1.479294502802416811e-05
1.929631156008068324e-02
3.194133490300196318e-03
1.784867153576319768e-02
3.098548039959017619e-02
4.196604381764263564e-02
1.224503101538198038e-04
2.638962119391128833e-03
7.380188972679665310e-03
8.307524958423613201e-03
4.233623935656052363e-03
1.268506397906137700e-02
8.008757061604213079e-03
1.559184502932744673e-02
2.208411697827856665e-03
1.178154841468833855e-02
6.785879077772670985e-03
7.411722745752802322e-03
2.812685761193110118e-02
3.099285935507224005e-03
3.793724259833717097e-03
6.378557790029885238e-03
5.502879438649317667e-02
6.807859106637767499e-04
4.510738599511069508e-03
3.239465088237905663e-03
1.646401197771280023e-02
1.981799511507147116e-02
5.717043681702609070e-04
2.375273533626014871e-02
1.467250861650986130e-02
2.849681013508725824e-02
1.479294502802416811e-05
1.838984318123163333e-02
3.194133490300196318e-03
1.784867153576319768e-02
2.085739323969793002e-02
4.775461512145779547e-02
1.897104477851427036e-04
1.768148340541968525e-03
7.380188972679665310e-03
9.578637743897742973e-03
3.775712595671487475e-03
1.268506397906137700e-02
4.736732183372947477e-03
1.180177892632829593e-02
9.289007357473361842e-04
1.178154841468833855e-02
6.785879077772670985e-03
7.411722745752802322e-03
4.160937424541506086e-02
9.070985404486260617e-03
3.793724259833717097e-03
6.378557790029885238e-03
5.502879438649317667e-02
6.807859106637767499e-04
4.510738599511069508e-03
3.239465088237905663e-03
1.646401197771280023e-02
1.146693419678939188e-02
5.717043681702609070e-04
2.209121421607516955e-02
1.295014020637447888e-02
3.222467677933330693e-02
1.834107189197807563e-03
1.880691422890099634e-02
3.194133490300196318e-03
1.393663381293370335e-02
1.980977991320077153e-02
4.871460149219497549e-02
7.592185478510343755e-05
3.202748324364450283e-04
7.380188972679665310e-03
9.578637743897742973e-03
3.775712595671487475e-03
9.963564086202400527e-03
1.002630313549331478e-02
1.214804390754966809e-02
6.714670001043412592e-04
1.167366280814957288e-02
1.011230430446079936e-02
6.476186059691996233e-03
5.259598655622978181e-02
5.049813168103250288e-03
3.789163002029448130e-03
4.403171478679211714e-03
5.502879438649317667e-02
3.046091698237014984e-04
5.313497653776097854e-03
3.772572946458820249e-03
1.470293759630316062e-02
1.808176714385256387e-02
7.994874166280278513e-03
2.209121421607516955e-02
1.295014020637447888e-02
2.212413319335984965e-02
3.116222099299667536e-04
1.880691422890099634e-02
3.194133490300196318e-03
1.393663381293370335e-02
1.980977991320077153e-02
2.686314225745677076e-02
1.713310777929755776e-03
2.322764039785256418e-03
7.380188972679665310e-03
9.578637743897742973e-03
3.775712595671487475e-03
6.901142287957027881e-03
1.002630313549331478e-02
7.374571589462633123e-03
1.960046076747016738e-03
1.090738951737128988e-02
2.544476111100903160e-03
6.476186059691996233e-03
3.446060838979144586e-02
4.265356009187072639e-03
3.789163002029448130e-03
4.403171478679211714e-03
5.289237620755754543e-02
3.902179368624125125e-04
6.834081110993884753e-03
3.772572946458820249e-03
1.470293759630316062e-02
1.808176714385256387e-02
1.069806131956122126e-02
2.207300341784389219e-02
1.295014020637447888e-02
3.236169546317230195e-02
9.223645823417669920e-04
1.456969688750717543e-02
3.194133490300196318e-03
1.393663381293370335e-02
1.980977991320077153e-02
2.686314225745677076e-02
1.713310777929755776e-03
2.322764039785256418e-03
6.851977988238854879e-03
1.075197115235729424e-02
3.775712595671487475e-03
7.855298279421983956e-03
2.223860683366906538e-02
7.307656228256856172e-03
3.550657690198673853e-03
8.734582503536893888e-03
4.347676515592917290e-04
3.234438385871376588e-03
4.132391765107300274e-02
6.222911884047545479e-03
3.789163002029448130e-03
4.403171478679211714e-03
5.289237620755754543e-02
3.902179368624125125e-04
6.834081110993884753e-03
1.963590189221418175e-02
1.470293759630316062e-02
1.808176714385256387e-02
1.069806131956122126e-02
2.207300341784389219e-02
1.295014020637447888e-02
3.236169546317230195e-02
1.164571133315291628e-03
1.180476351478642813e-03
1.458296007454694398e-03
1.518192257641674467e-02
1.160650392608290893e-02
2.746172294978144190e-02
1.747092237146359410e-03
2.322764039785256418e-03
4.459322229429029533e-03
1.735211585017359948e-02
3.775712595671487475e-03
2.133868378314668357e-03
3.014094034238768566e-02
1.758022695800396523e-02
1.777419251158383201e-02
8.734582503536893888e-03
4.347676515592917290e-04
3.817282382907113969e-03
4.164601467746374686e-02
6.438882941939564480e-03
3.754944627167485990e-03
4.403171478679211714e-03
2.670075579702463342e-02
4.764062539138240460e-03
6.834081110993884753e-03
1.577043887753344295e-02
1.470293759630316062e-02
1.538274307889460346e-02
6.652372041946685854e-03
1.636161640150666716e-02
1.455776033858910065e-02
3.236169546317230195e-02
1.164571133315291628e-03
7.725680114378952884e-04
3.246945740075134201e-03
1.518192257641674467e-02
6.198794751523656332e-03
1.294245784030556914e-02
6.179885335615619042e-03
2.744085907493305602e-03
8.732200804566211255e-03
2.604100840799632513e-02
9.608217196470928562e-03
5.576967640661503398e-03
2.929223756929898864e-02
1.606014964376909632e-02
6.451174355415945430e-03
8.734582503536893888e-03
3.630451367592595069e-03
3.817282382907113969e-03
4.164601467746374686e-02
6.438882941939564480e-03
4.108604225194397060e-03
6.072342012821372106e-03
2.271416881438157245e-02
4.764062539138240460e-03
5.604307225045524962e-03
1.590349404161945160e-02
1.470293759630316062e-02
1.549975240041519438e-02
1.042594003914311396e-02
1.636161640150666716e-02
1.455776033858910065e-02
2.221068345744357797e-02
1.944290248279846329e-03
7.725680114378952884e-04
4.066195643539396130e-03
1.565249336519150894e-02
6.198794751523656332e-03
1.294245784030556914e-02
6.388977486815901503e-03
5.656049914059809412e-03
8.732200804566211255e-03
2.668315240758942219e-02
7.790945280131481021e-05
7.252332355112432738e-03
2.315533202826683401e-02
1.763580926356592832e-02
6.449951349496871322e-03
4.938872566136127962e-03
7.914196068642164947e-03
1.251231535475763948e-02
2.497933830813320669e-02
6.438882941939564480e-03
4.298641096729817479e-03
6.072342012821372106e-03
2.271416881438157245e-02
4.764062539138240460e-03
5.604307225045524962e-03
1.590349404161945160e-02
1.470293759630316062e-02
1.549975240041519438e-02
1.042594003914311396e-02
1.636161640150666716e-02
1.455776033858910065e-02
1.634096904357475871e-02
5.349582481273368675e-03
7.725680114378952884e-04
1.464307947541389557e-02
1.492278475931188911e-02
6.198794751523656332e-03
9.828779890579942419e-03
6.388977486815901503e-03
5.656049914059809412e-03
3.022213021538105310e-02
2.076070456742549336e-02
8.590974266656239110e-04
1.640066147289934509e-03
1.494387412870060161e-02
1.763580926356592832e-02
8.042934896174459142e-03
3.391669587609762865e-03
6.388688743391469915e-04
1.367504228517546147e-02
3.608044953227808327e-02
1.207000563283092479e-02
3.356334244661749941e-03
6.176123373115101692e-03
2.271416881438157245e-02
4.764062539138240460e-03
5.831226712270385151e-03
1.590349404161945160e-02
5.831226321763317497e-03
1.549975240041519438e-02
1.042594003914311396e-02
2.714002937954076294e-02
1.950219870217645077e-02
1.654127647588295863e-02
4.452324143683548258e-03
7.725680114378952884e-04
1.464307947541389557e-02
2.460743543103104461e-02
1.438299327779966885e-03
9.828779890579942419e-03
3.558041174538013884e-04
1.155291648890915263e-02
2.610401500948133710e-02
2.076070456742549336e-02
1.268268108676515356e-02
2.432863621928716379e-03
1.707844391656243230e-02
2.962165088484524506e-02
1.075352252989493669e-02
3.223372535544614254e-03
6.388688743391469915e-04
1.367504228517546147e-02
3.608044953227808327e-02
1.207000563283092479e-02
3.356334244661749941e-03
7.198468202893939898e-03
2.234372279790959592e-02
8.905595410682028840e-03
5.831226712270385151e-03
1.590349404161945160e-02
5.831226321763317497e-03
1.618473960663677561e-02
1.042594003914311396e-02
2.714002937954076294e-02
1.175589575648970479e-02
1.494870878251422855e-02
3.937649772556052648e-03
7.725680114378952884e-04
1.464307947541389557e-02
2.354469850648822568e-02
1.438299327779966885e-03
1.033041488090473241e-02
3.558041174538013884e-04
1.393813740012681684e-02
5.073542810141350862e-02
1.601337123459312117e-02
1.380829505457080789e-02
2.099128635959301298e-03
1.707844391656243230e-02
2.962165088484524506e-02
8.147076146402160851e-03
6.436610513190457739e-03
6.388688743391469915e-04
1.367504228517546147e-02
2.127118566176257330e-02
1.845373423134760021e-02
2.879415335504484190e-03
1.030173748993784208e-02
3.091503152065896987e-03
8.468186547079155357e-03
9.053550060441152569e-03
1.590349404161945160e-02
4.577035358681841304e-03
1.043581666672075033e-02
1.042594003914311396e-02
4.832048717886144873e-02
1.467854600435168112e-02
1.494870878251422855e-02
3.937649772556052648e-03
7.725680114378952884e-04
7.904966823481372751e-03
2.356106725348799252e-02
1.617905745488618097e-05
6.189486048408172555e-03
3.558041174538013884e-04
1.155766077799258267e-02
5.073542810141350862e-02
1.512226309644795243e-02
1.380829505457080789e-02
2.099128635959301298e-03
2.657670199028876884e-02
1.941782159458224633e-02
6.215113342208812910e-03
6.436610513190457739e-03
6.388688743391469915e-04
1.328688513340046951e-02
2.690583047670266903e-04
1.441387341962723986e-02
2.984763422950342370e-03
9.808778702667411004e-03
3.045579356814944426e-03
8.442637287520112985e-03
9.747799351133110135e-03
1.590349404161945160e-02
4.927286123157252964e-03
1.171735866550201351e-02
1.042594003914311396e-02
4.832048717886144873e-02
1.467854600435168112e-02
1.494870878251422855e-02
3.937649772556052648e-03
7.725680114378952884e-04
7.904966823481372751e-03
2.356106725348799252e-02
1.617905745488618097e-05
5.373882132593188997e-03
3.558041174538013884e-04
4.072081469750047852e-03
3.033585782610715570e-02
1.947300712136365575e-02
1.408940070647944111e-02
4.230976102638313655e-03
2.657670199028876884e-02
2.553268461409475415e-02
5.346630004599993782e-03
6.436610513190457739e-03
6.388688743391469915e-04
9.571712806328765491e-03
2.690583047670266903e-04
3.753822252750633331e-03
2.937336450752720766e-03
9.808778702667411004e-03
3.045579356814944426e-03
1.255244996931257837e-02
1.179188559949091546e-02
1.632140401913921221e-02
4.927286123157252964e-03
7.798064827549123362e-03
1.445840470821071512e-02
4.832048717886144873e-02
1.851211418266211078e-02
1.384431127097739134e-02
1.883295166223463487e-03
4.652743251617128158e-03
2.374387712760308786e-02
2.356106725348799252e-02
1.617905745488618097e-05
4.261123301829191322e-03
3.558041174538013884e-04
4.072081469750047852e-03
5.314448625341367666e-02
1.947300712136365575e-02
1.305653202931299738e-02
4.230976102638313655e-03
2.951014478208139474e-02
1.953116247580672510e-02
5.346630004599993782e-03
6.436610513190457739e-03
1.887622155907826837e-03
1.518010063626905846e-02
6.369851875787094914e-03
2.305176670339621411e-03
2.937336450752720766e-03
9.808778702667411004e-03
3.045579356814944426e-03
6.066490370716461772e-03
4.876998650873820562e-03
1.632140401913921221e-02
4.927286123157252964e-03
8.477331343862876817e-03
1.445840470821071512e-02
4.832048717886144873e-02
1.335806973339403840e-02
7.060954765259062210e-03
1.883295166223463487e-03
3.078531253774369376e-03
4.245105840634674776e-02
3.411008278351899958e-02
1.617905745488618097e-05
3.737655549876454583e-03
1.877285060764934989e-04
1.086640843791543236e-02
5.453422519946067581e-02
2.528646509597686290e-02
1.476771936022366893e-02
6.522404079194519741e-03
3.081541239450572012e-02
1.284456863818253178e-02
1.939424946649197234e-02
6.436610513190457739e-03
6.743144809236226167e-03
3.882281495982008862e-02
6.705628916993444655e-03
6.666678120306882178e-03
1.938795555749774080e-02
9.808778702667411004e-03
3.059559316082821698e-03
8.982328171482735490e-03
7.337352935065621397e-03
1.997803351952846113e-02
9.997263798551108208e-03
9.377291321925725065e-03
1.445840470821071512e-02
3.262962973306601094e-02
9.761774096355216312e-03
7.060954765259062210e-03
1.883295166223463487e-03
2.426053470972041812e-03
4.133972306186733947e-02
2.603979858681440898e-02
2.917770983101621030e-04
2.078231329553145018e-05
1.877285060764934989e-04
1.163508807659326127e-02
4.859950593044138484e-02
2.359612177272377848e-02
1.476771936022366893e-02
6.522404079194519741e-03
2.439093707149090490e-02
1.715561775352851537e-02
1.939424946649197234e-02
7.832714569017832154e-03
7.057586193036055264e-03
3.882281495982008862e-02
6.705628916993444655e-03
5.688179296612517338e-04
1.938795555749774080e-02
9.808778702667411004e-03
3.059559316082821698e-03
1.308878567386907721e-03
5.700459670429984700e-03
1.997803351952846113e-02
9.997263798551108208e-03
1.441552146285763995e-02
1.445840470821071512e-02
3.262962973306601094e-02
9.761774096355216312e-03
7.414269762741701637e-03
1.883295166223463487e-03
2.426053470972041812e-03
3.349604122259228906e-02
2.603979858681440898e-02
4.047057400903920910e-03
1.528909141089848525e-03
1.877285060764934989e-04
1.323729435152000596e-02
5.023681141281541307e-02
2.089434776171297109e-02
1.476771936022366893e-02
6.187569766770205024e-03
2.439093707149090490e-02
3.934158397840264304e-02
8.795285468807433754e-03
2.080317537632551256e-03
2.463954603452393928e-03
2.651565529799697687e-02
3.787260920100522441e-03
5.688179296612517338e-04
2.906307307861109510e-02
9.808778702667411004e-03
4.967368431699793752e-04
1.308878567386907721e-03
5.700459670429984700e-03
1.064347910210552452e-02
9.997263798551108208e-03
1.085861043280686444e-02
2.042096345467100255e-02
2.417515566805781418e-02
9.761774096355216312e-03
7.376121894164020844e-03
1.883295166223463487e-03
2.426053470972041812e-03
3.349604122259228906e-02
2.267137804595754230e-02
8.014341923965141723e-03
1.528909141089848525e-03
1.699583301666592050e-04
1.323729435152000596e-02
5.023681141281541307e-02
2.089434776171297109e-02
1.476771936022366893e-02
3.520123066949031390e-03
2.404430251503902188e-02
3.934158397840264304e-02
3.213426296052548925e-03
2.080317537632551256e-03
8.005249805467044280e-04
2.651565529799697687e-02
3.787260920100522441e-03
4.818624517293841093e-03
3.378639661208354683e-02
9.808778702667411004e-03
4.771956195246378901e-03
4.270132484407636667e-03
8.751338881323539320e-03
1.640918579979984415e-02
9.997263798551108208e-03
1.085861043280686444e-02
2.042096345467100255e-02
1.726989796816820466e-02
9.761774096355216312e-03
1.482335773774183345e-02
1.883295166223463487e-03
2.183296245068131088e-03
3.349604122259228906e-02
2.053529018397287284e-02
8.014341923965141723e-03
1.474875086675424274e-03
1.699583301666592050e-04
2.018413537298891988e-02
6.562761322669559416e-02
2.089434776171297109e-02
1.476771936022366893e-02
1.219215495158400102e-02
2.404430251503902188e-02
1.455490037587954533e-02
3.936313712469968209e-04
5.671312200364808480e-03
9.003186452079118326e-04
1.954454483657562525e-02
3.170599428532407116e-03
4.220758979298751268e-03
3.957330954685155111e-02
6.061920884163487372e-03
4.771956195246378901e-03
4.306917635332364359e-03
9.343638214331708228e-03
1.580197385144564357e-02
9.997263798551108208e-03
1.421377853929351939e-02
2.042096345467100255e-02
1.430338644471390239e-02
7.170547524077319074e-03
1.380223111010642559e-02
1.883295166223463487e-03
4.519247485630837301e-03
3.349604122259228906e-02
1.722956161086131727e-02
8.642240736071418045e-03
2.056204806920517228e-03
1.699583301666592050e-04
2.023180458359042505e-02
6.562761322669559416e-02
1.769365443331750304e-02
1.337601973742430853e-02
1.219215495158400102e-02
3.036813646396907887e-02
1.455490037587954533e-02
3.936313712469968209e-04
5.671312200364808480e-03
9.003186452079118326e-04
1.954454483657562525e-02
3.170599428532407116e-03
4.220758979298751268e-03
3.957330954685155111e-02
8.115999613570760648e-03
3.923178529209932208e-03
7.869559850174793342e-03
6.634830091679829941e-03
1.657746500464885725e-02
9.127607180653038790e-03
1.347585945081971291e-02
1.450488042103657491e-02
1.094224498036716446e-02
7.798800518481006222e-03
1.328235182617378343e-02
1.883295166223463487e-03
5.136171936779902053e-03
3.059227324296534545e-02
1.722956161086131727e-02
8.642240736071418045e-03
2.056204806920517228e-03
9.753600576305095082e-04
4.061838866096129791e-02
4.865748898780275500e-02
1.775187918841722445e-02
1.337601973742430853e-02
1.219215495158400102e-02
3.036813646396907887e-02
1.284128419260614773e-02
3.936313712469968209e-04
5.671312200364808480e-03
9.003186452079118326e-04
1.954454483657562525e-02
3.170599428532407116e-03
6.320547359670074250e-03
4.649495878944564370e-02
5.955870680398786185e-03
8.481585703308322857e-03
5.200417911197900700e-03
9.372083104343726170e-03
1.657746500464885725e-02
2.069996228750878645e-03
3.309012551266228563e-02
8.355703025717878263e-03
1.099021220952427214e-02
7.798800518481006222e-03
1.377804684145284703e-02
2.165735013617637195e-03
4.769969848810232810e-03
3.059227324296534545e-02
2.349197363675299341e-02
8.642240736071418045e-03
2.056204806920517228e-03
9.753600576305095082e-04
3.973234466566052253e-02
4.865748898780275500e-02
1.775187918841722445e-02
1.337601973742430853e-02
1.219215495158400102e-02
3.036813646396907887e-02
1.284128419260614773e-02
3.936313712469968209e-04
5.671312200364808480e-03
9.003186452079118326e-04
1.954454483657562525e-02
3.170599428532407116e-03
6.320547359670074250e-03
4.649495878944564370e-02
5.955870680398786185e-03
8.481585703308322857e-03
4.948463292985553520e-03
9.372083104343726170e-03
1.657746500464885725e-02
2.134366801876293185e-04
3.670961468966377206e-02
7.372311860678000539e-03
2.844804486437060853e-02
7.798800518481006222e-03
1.379245651656003761e-02
2.427689822509820905e-03
4.822214393535043109e-03
4.973767977364048493e-02
2.051237374986475404e-02
9.357177985334573858e-03
5.476041729309515625e-03
4.882981709144237903e-03
3.973234466566052253e-02
4.865748898780275500e-02
1.775187918841722445e-02
1.234848662558577642e-02
7.712781200027098334e-03
3.036813646396907887e-02
2.229774907701299186e-02
3.936313712469968209e-04
1.041261159998237845e-02
1.423279949767796045e-04
1.566952181835881003e-02
3.170599428532407116e-03
5.082725300217211077e-03
4.014073187721955982e-02
5.503160850273084576e-03
9.114377214275581549e-03
4.948463292985553520e-03
9.372083104343726170e-03
1.657746500464885725e-02
2.134366801876293185e-04
3.596310883398294578e-02
2.933100439105832541e-03
2.844804486437060853e-02
7.798800518481006222e-03
1.307565828393114811e-02
2.427689822509820905e-03
4.822214393535043109e-03
4.973767977364048493e-02
2.051237374986475404e-02
1.207626430039710451e-02
5.476041729309515625e-03
3.762338378553785161e-04
5.422025396531515717e-02
1.345839867235247393e-02
2.152422363649175024e-02
1.232951337109608643e-02
5.286592097001913126e-03
1.560072777312924291e-02
2.622089235830596388e-02
3.936313712469968209e-04
1.041261159998237845e-02
3.156336111648596655e-05
1.529790861755245604e-02
3.170599428532407116e-03
5.098474391619881897e-03
2.426113140686558811e-02
4.110654978782856024e-03
1.973970867838508586e-02
4.948463292985553520e-03
9.372083104343726170e-03
1.657746500464885725e-02
2.134366801876293185e-04
3.588054124908535841e-02
7.787517438791159534e-03
7.605549574376853882e-03
1.729163838410853471e-03
1.307565828393114811e-02
2.448464339339689183e-03
4.822214393535043109e-03
4.973767977364048493e-02
2.051237374986475404e-02
1.480032514948258736e-02
5.476041729309515625e-03
1.347052958821929464e-03
3.951238812040073350e-02
1.345839867235247393e-02
2.851769691022319753e-02
1.228783387602881173e-02
1.427455531905610919e-03
1.560072777312924291e-02
4.147820534359890343e-02
3.936313712469968209e-04
8.451504875698543501e-03
3.156336111648596655e-05
1.222281443552802882e-02
3.170599428532407116e-03
5.098474391619881897e-03
4.461787182074028468e-02
9.275136839371254591e-03
1.385734759843456829e-02
1.236063618999653363e-02
7.541003392176548296e-03
1.298799342060812448e-02
4.777505194192496751e-04
6.589945894988426256e-02
1.055915421931860262e-02
8.095956797889436451e-03
1.102426890151660815e-04
1.333678018263390573e-02
2.007788845331927655e-04
4.822214393535043109e-03
4.973767977364048493e-02
1.857126512938968299e-02
1.774325954490969456e-02
3.517162416026806213e-03
1.347052958821929464e-03
2.152216803188218563e-02
1.345839867235247393e-02
2.851769691022319753e-02
1.228783387602881173e-02
1.447680667180335778e-02
1.560072777312924291e-02
4.029149175950681727e-02
3.936313712469968209e-04
1.283082622742482554e-02
3.156336111648596655e-05
1.336306464644007076e-02
3.170599428532407116e-03
7.515165000701075348e-03
2.604101663258059918e-02
7.377096402887852941e-03
1.385734759843456829e-02
1.406327703406130142e-02
7.797193871486893940e-03
1.306508413399218478e-02
4.777505194192496751e-04
2.366731234530281697e-02
2.246144625006016998e-02
2.442894637389635137e-03
8.111442330219962443e-03
1.025268798639678881e-02
2.007788845331927655e-04
4.822214393535043109e-03
4.973767977364048493e-02
2.810261343184668886e-02
1.517545121504475930e-02
6.873466846951472448e-03
4.405244085380314797e-03
2.083317414051203548e-02
1.345839867235247393e-02
6.157409043742485821e-02
1.228783387602881173e-02
1.268663458260712966e-02
1.560072777312924291e-02
4.453238028612380162e-02
5.249141808404238219e-04
1.704433536767540128e-02
3.156336111648596655e-05
1.336306464644007076e-02
5.243688764802378367e-03
1.066874618753250493e-02
2.604101663258059918e-02
7.350445064753486149e-03
2.797249840707017460e-02
1.223625232559508516e-02
1.115536054204132460e-02
9.600081604596286122e-03
4.777505194192496751e-04
2.366731234530281697e-02
1.669297919955483114e-02
7.111688332752499724e-03
1.258723951347080761e-03
1.025268798639678881e-02
2.007788845331927655e-04
4.822214393535043109e-03
4.973767977364048493e-02
2.416616748819941721e-02
2.545222218479201853e-02
5.426143285804554961e-03
1.878888086553029066e-03
3.641260535196918363e-02
1.345839867235247393e-02
3.996666466817444530e-02
1.044276138698413230e-02
1.427153992910411631e-02
1.337819482062445678e-02
6.151794803148276369e-02
3.685872979324912591e-04
2.203875186905421626e-02
3.156336111648596655e-05
1.336306464644007076e-02
4.258640440363925181e-03
9.361365089249732568e-03
6.054624318499886304e-02
7.350445064753486149e-03
2.797249840707017460e-02
1.970651284192850849e-02
1.326686280821366345e-02
9.600081604596286122e-03
4.777505194192496751e-04
2.909416142025506372e-02
2.394751898962513281e-02
5.340801936514124118e-03
3.120087075697069827e-03
1.025268798639678881e-02
2.007788845331927655e-04
4.822214393535043109e-03
3.734543861866954084e-02
8.919771243910648573e-03
2.978497833434728959e-02
5.426143285804554961e-03
1.878888086553029066e-03
4.347573843271239358e-02
1.345839867235247393e-02
3.062001755553169294e-02
1.044276138698413230e-02
1.703656327788842517e-03
1.396834070331757875e-02
3.248017617428335113e-02
3.685872979324912591e-04
1.210741987628771721e-02
3.156336111648596655e-05
1.344494980274558125e-02
9.060618010888829219e-03
9.361365089249732568e-03
3.241950998561223679e-02
7.350445064753486149e-03
3.249047368931624186e-02
1.970651284192850849e-02
1.373475801055504958e-02
7.237746251057732526e-03
4.777505194192496751e-04
2.909416142025506372e-02
2.116344818218279106e-02
5.340801936514124118e-03
2.344863288363720905e-03
1.025268798639678881e-02
2.007788845331927655e-04
3.873692343623408134e-03
3.086569575525651907e-02
1.731569608267046617e-03
9.935894086324276522e-03
6.704968572915248615e-03
1.575168092018331377e-03
5.558267873710680262e-02
7.795460569812054027e-03
2.011999854755027600e-02
6.130028706368400443e-03
1.468787917314805756e-03
1.326178906408868874e-02
3.716506381815365412e-02
4.400530678496595216e-04
9.479891619915305559e-03
7.102080294732026743e-04
1.344494980274558125e-02
7.385571213426747259e-03
2.024588399835381899e-02
1.743279502571754014e-02
8.547448846612289847e-03
3.432739296266890117e-02
1.970651284192850849e-02
1.373475801055504958e-02
6.405459850261886572e-03
4.777505194192496751e-04
1.941594159532378933e-02
2.116344818218279106e-02
3.238147703351933367e-03
1.041051184870488144e-03
1.040656487068235790e-02
9.644821454555426972e-04
3.873692343623408134e-03
3.188204477310215695e-02
1.731569608267046617e-03
9.935894086324276522e-03
7.332779506384300150e-03
1.575168092018331377e-03
2.835904693420317549e-02
1.553417377595521509e-02
2.011999854755027600e-02
1.061464424227677103e-02
1.468787917314805756e-03
1.042150409274247846e-02
3.150115953488165366e-02
7.155742018379899691e-04
7.591056942748195153e-03
1.125884724316336336e-02
8.276387742314431778e-03
7.256227678783343411e-03
2.279353511817773861e-02
1.743279502571754014e-02
8.547448846612289847e-03
3.332770053934759613e-02
2.214737153490926869e-02
1.710320612123550355e-02
3.769171537852255335e-03
4.777505194192496751e-04
1.948061882601387004e-02
2.142522724349987459e-02
2.457427310240591772e-03
1.702021961738358138e-02
1.040656487068235790e-02
7.390062605343547184e-03
2.920726762028163018e-03
3.908867842627777867e-02
1.731569608267046617e-03
1.261923341810969844e-02
1.406665230690347379e-02
1.575168092018331377e-03
2.643168462133195507e-02
1.553417377595521509e-02
2.011999854755027600e-02
1.326030248214042292e-02
1.468787917314805756e-03
8.355250457225439631e-04
1.749562227484146790e-02
7.155742018379899691e-04
2.279640310090359084e-03
9.672578290438139936e-03
9.809401842312666375e-03
1.066820212566686049e-03
2.279353511817773861e-02
2.047094492858911666e-02
8.547448846612289847e-03
2.919430450102526720e-02
2.214737153490926869e-02
1.456354292714832910e-02
3.769171537852255335e-03
4.777505194192496751e-04
1.948061882601387004e-02
2.142522724349987459e-02
4.236909308388474987e-03
1.658204735750225950e-02
1.040656487068235790e-02
2.161421441282845510e-03
5.468374774081770709e-03
2.963114658492269765e-02
1.731569608267046617e-03
1.261923341810969844e-02
1.406665230690347379e-02
1.575168092018331377e-03
2.928833855534084332e-02
5.698724279799332638e-03
1.211646204091438271e-02
2.178209002165628488e-02
5.736284041264376812e-04
7.028660266027123016e-03
2.412041790368924313e-02
2.784983828801178719e-03
2.418292303849637129e-03
1.610787857159370201e-03
1.169653096373741985e-02
1.066820212566686049e-03
2.279353511817773861e-02
2.325013454868289642e-02
8.547448846612289847e-03
4.129572280011316321e-02
2.214737153490926869e-02
1.932124969712740309e-02
3.769171537852255335e-03
4.777505194192496751e-04
1.948061882601387004e-02
3.161467039972937210e-02
4.236909308388474987e-03
1.353246081758453789e-02
1.040656487068235790e-02
2.220662179318040001e-03
5.468374774081770709e-03
2.963114658492269765e-02
1.731569608267046617e-03
1.063842807351929667e-02
1.162941866027026976e-02
1.575168092018331377e-03
3.002378633135031200e-02
5.698724279799332638e-03
9.017213632284724195e-03
2.514035822543669169e-02
5.736284041264376812e-04
8.995749512984665963e-03
2.098881359879619171e-02
2.784983828801178719e-03
2.418292303849637129e-03
1.606246248022974313e-03
1.169653096373741985e-02
3.565034874328223448e-03
2.279353511817773861e-02
2.313662593458320343e-02
8.547448846612289847e-03
4.879818410247188654e-02
2.214737153490926869e-02
1.974653618824550108e-02
3.091796076733733904e-03
2.737038126638116457e-03
1.992438901845593538e-02
3.205138172115196832e-02
8.930600167037514373e-03
1.353246081758453789e-02
1.040656487068235790e-02
2.264914380517090743e-03
6.429849242437770881e-03
2.963114658492269765e-02
4.658674446294825550e-04
1.063842807351929667e-02
1.476516969681237156e-02
9.253394613787999448e-03
3.126103533471131374e-02
5.178827125845162846e-03
1.324045849787064411e-02
2.334940187264250219e-02
8.294336152442505911e-04
4.018960047201518976e-03
2.409325883842421134e-02
6.396101597911321539e-03
2.418292303849637129e-03
1.498428340253247018e-03
1.169653096373741985e-02
3.565034874328223448e-03
2.279353511817773861e-02
7.130584705834986520e-03
8.547448846612289847e-03
4.879818410247188654e-02
1.498644767521058359e-02
1.974653618824550108e-02
9.813141619030176996e-03
7.559649925400750703e-03
3.868683634796833692e-02
4.057210830909295518e-02
9.743142053189636498e-03
1.353246081758453789e-02
1.225807453951426734e-02
2.264914380517090743e-03
8.279570127630628273e-03
1.480846858121158578e-02
2.972772866590656267e-03
1.274481357874401692e-02
1.476516969681237156e-02
9.253394613787999448e-03
5.573716434506277573e-02
5.178827125845162846e-03
1.655852886366365045e-02
2.334940187264250219e-02
8.294336152442505911e-04
4.841874203489866801e-03
2.583128323805163051e-02
6.396101597911321539e-03
1.972888090493481530e-03
1.343130925542760593e-03
1.207847645609943198e-02
5.334980925581762727e-03
2.279353511817773861e-02
7.130584705834986520e-03
7.038545799353042309e-03
4.879818410247188654e-02
1.012191793287165603e-02
1.797960768687993996e-02
3.538427612051826994e-03
7.559649925400750703e-03
3.868683634796833692e-02
4.119014702861831245e-02
9.743142053189636498e-03
1.274650766986734282e-02
8.427819007075638275e-03
2.264914380517090743e-03
8.279570127630628273e-03
1.480846858121158578e-02
2.972772866590656267e-03
1.274481357874401692e-02
1.476516969681237156e-02
9.253394613787999448e-03
5.150378839582267498e-02
5.178827125845162846e-03
9.507225718493026584e-03
2.334940187264250219e-02
8.294336152442505911e-04
1.362987856443252481e-02
3.586806296853593812e-02
5.030078216208299854e-03
2.006813824277642322e-06
1.313554171276180155e-02
1.882653756513406884e-02
1.517113732147476295e-02
2.469593375657718956e-02
5.928289813933262584e-03
6.219630628841817457e-03
4.481014008670369114e-02
6.212903559891892920e-03
2.170783662860624810e-02
1.377950072993211483e-03
1.184103494400437322e-02
3.868683634796833692e-02
5.477085227521732991e-02
9.766413786703729769e-03
8.997463388727268072e-03
8.427819007075638275e-03
2.264914380517090743e-03
8.902266352779847694e-03
1.369013820617698274e-02
2.972772866590656267e-03
1.677362203507065316e-02
1.276489742265083868e-02
9.646230095439236804e-03
5.150378839582267498e-02
5.920984155046326268e-03
6.152642100969017702e-03
2.334940187264250219e-02
8.294336152442505911e-04
8.752277569721658018e-03
3.586806296853593812e-02
5.030078216208299854e-03
2.006813824277642322e-06
1.313554171276180155e-02
1.882653756513406884e-02
1.517113732147476295e-02
1.209968357150881767e-02
1.420648834611580764e-02
8.156648731725533313e-03
6.007183947709013316e-02
7.184743293129120315e-03
2.871446074176411956e-02
1.377950072993211483e-03
5.553099185293824264e-03
8.083477034734529165e-02
3.029363918034358796e-02
9.647219258519587962e-03
3.415836838012596167e-03
1.029040132267025100e-02
4.368388557981228021e-03
8.480241002055188826e-03
1.822376920698205380e-02
2.972772866590656267e-03
1.812311947398038969e-02
8.994087302688962005e-03
1.527278138575512492e-02
4.700096940028224146e-02
5.920984155046326268e-03
6.152642100969017702e-03
2.334940187264250219e-02
8.294336152442505911e-04
8.752277569721658018e-03
3.586806296853593812e-02
5.030078216208299854e-03
2.006813824277642322e-06
1.313554171276180155e-02
2.331852787533826576e-02
1.517113732147476295e-02
1.128491684668267610e-02
1.420648834611580764e-02
1.381538699040894477e-02
6.007183947709013316e-02
1.033677253654461878e-02
2.464162069633861474e-02
4.468796905361463456e-03
7.131451410912138973e-03
6.445436183270272790e-02
2.965561199216477234e-02
9.647219258519587962e-03
3.415836838012596167e-03
4.183106874311353154e-03
3.987493923766953496e-03
5.283292827270406021e-03
1.732823002686117997e-02
4.503342467247452123e-03
2.183478204897456795e-02
2.341948663148650522e-03
1.167580104063013074e-02
4.700096940028224146e-02
6.702353131506305281e-03
6.152642100969017702e-03
1.819444753990313510e-02
8.294336152442505911e-04
6.276695162798573771e-03
3.586806296853593812e-02
5.030078216208299854e-03
2.006813824277642322e-06
4.358106818085367290e-03
2.628142806805501552e-02
1.901788980468858276e-02
1.128491684668267610e-02
1.420648834611580764e-02
1.930953928902783001e-02
6.007183947709013316e-02
1.033677253654461878e-02
4.083395254973971183e-02
4.468796905361463456e-03
6.688278221760367639e-03
9.482280024035183441e-02
2.051406747311990478e-02
9.647219258519587962e-03
1.740135300500607329e-03
4.467984331899850850e-03
1.711050968314807878e-03
5.283292827270406021e-03
1.598598563571725084e-02
7.391162272090803613e-03
1.121153283292667877e-02
3.026292715652194494e-03
9.768249130247498233e-03
1.958193063232416264e-02
6.303891401282909514e-03
6.152642100969017702e-03
1.819444753990313510e-02
8.294336152442505911e-04
6.345512384110634993e-03
4.182257322420952078e-02
5.642282076810792302e-03
1.217467468191338852e-03
3.609105588216145535e-03
2.663477758780652405e-02
1.901788980468858276e-02
1.382747585745719952e-02
1.420648834611580764e-02
2.111402172718478132e-02
6.007183947709013316e-02
1.033677253654461878e-02
4.083395254973971183e-02
2.249107117942640219e-03
6.688278221760367639e-03
6.164581080862914508e-02
1.911087653254096852e-02
9.089181396988655487e-03
1.123306415902018468e-03
5.830664807871206723e-03
1.626482275423404844e-04
5.049783459690855222e-03
1.503359877871416131e-02
3.896509048252333809e-03
1.121153283292667877e-02
3.583214397726200862e-03
1.782434891107440023e-02
3.800401908425905806e-03
6.303891401282909514e-03
6.152642100969017702e-03
1.819444753990313510e-02
2.594666108340016458e-03
2.008847705631693070e-03
3.351637327615009099e-02
5.642282076810792302e-03
1.217467468191338852e-03
3.609105588216145535e-03
2.894393856082128763e-02
1.901788980468858276e-02
8.590968800627029126e-03
1.420648834611580764e-02
2.751248227332215093e-02
3.474373550489508189e-02
5.596628684649482266e-04
4.928558209004500063e-02
5.870006332779212702e-03
1.121487137884618138e-02
7.286596580537930967e-02
1.911087653254096852e-02
8.275593760048650244e-03
1.123306415902018468e-03
7.254193306004440463e-03
1.626482275423404844e-04
3.937029931696291174e-04
1.503359877871416131e-02
3.896509048252333809e-03
1.121153283292667877e-02
3.583214397726200862e-03
1.379962163492391009e-02
3.380458238911277728e-03
4.373547215875414965e-03
6.152642100969017702e-03
6.671282452362928966e-03
2.594666108340016458e-03
4.802025925351194671e-03
4.442447618885728838e-02
5.642282076810792302e-03
1.217467468191338852e-03
3.609105588216145535e-03
2.243772662209595620e-02
1.901788980468858276e-02
8.590968800627029126e-03
1.420648834611580764e-02
3.966724979798510325e-02
3.936739332753098897e-02
5.596628684649482266e-04
4.928558209004500063e-02
6.314607720734918654e-03
5.940075118251838399e-03
7.515747372306787188e-02
2.343625662943050678e-02
7.601722208155106859e-03
1.123306415902018468e-03
7.254193306004440463e-03
1.962823495901781269e-03
3.937029931696291174e-04
1.515717638066556815e-02
4.344892686161429263e-03
1.121153283292667877e-02
1.821226197074751925e-03
4.401779432191494507e-02
4.037585412205957520e-03
6.308785891968369738e-03
6.152642100969017702e-03
3.753255629472720956e-03
2.600310712356499517e-03
5.025497278143477298e-03
4.442447618885728838e-02
5.353898753880555368e-03
1.217467468191338852e-03
3.609105588216145535e-03
1.954477190951103838e-02
1.737688821175277509e-02
7.594843565544899533e-03
1.046563999711120664e-02
3.966724979798510325e-02
4.714359425165036421e-02
2.015400195494995283e-03
3.622803439580243867e-02
2.701384228662913074e-03
6.967720373405709294e-03
8.095266676239815107e-02
3.344679131699224151e-03
1.374223625040212754e-02
3.175203792640603033e-03
1.478631159534185557e-04
2.327667847971791153e-03
3.937029931696291174e-04
1.515717638066556815e-02
4.344892686161429263e-03
1.122277428225855467e-02
1.715998847213550879e-03
4.401779432191494507e-02
3.522398940924458509e-03
6.308785891968369738e-03
6.152642100969017702e-03
3.753255629472720956e-03
2.632700935265198591e-03
4.585069706803424593e-03
3.806982648243433659e-02
5.353898753880555368e-03
1.217467468191338852e-03
7.677378197956885586e-03
1.432510595388861337e-02
1.737688821175277509e-02
7.594843565544899533e-03
1.046563999711120664e-02
2.338293973639695572e-02
4.714359425165036421e-02
4.495048906424105664e-03
9.154611671009668661e-02
3.188256362995614893e-03
4.000612472107609695e-03
8.416895000006216487e-02
1.351017617051814002e-02
1.374223625040212754e-02
3.175203792640603033e-03
1.478631159534185557e-04
2.327667847971791153e-03
8.805223319786172412e-03
1.515717638066556815e-02
4.344892686161429263e-03
1.264918626443658177e-02
1.715998847213550879e-03
2.311612949210941487e-02
6.201309702301418744e-03
6.308785891968369738e-03
6.152642100969017702e-03
8.941554386235877477e-04
2.632700935265198591e-03
5.335195883238998474e-03
4.612936920375578648e-02
4.408738206795664513e-03
1.035168657300628145e-03
1.498687339865696806e-02
1.432510595388861337e-02
2.258905157441470218e-02
7.502177069959745093e-03
1.046563999711120664e-02
2.846002859496190446e-02
3.386391682465479669e-02
3.968073372299768184e-03
6.818752530086007180e-02
5.803412965489739353e-03
4.000612472107609695e-03
4.275841303116380276e-02
7.922748833488667264e-03
1.374223625040212754e-02
4.093162105031908533e-03
1.478631159534185557e-04
2.327667847971791153e-03
8.805223319786172412e-03
1.515717638066556815e-02
5.221156428691193022e-03
7.311849911356246151e-03
1.715998847213550879e-03
2.311612949210941487e-02
4.491820243298881576e-04
6.050145312773651425e-03
6.152642100969017702e-03
1.306720335092731704e-03
2.632700935265198591e-03
4.773689226212469126e-03
4.188232618529664358e-02
4.408738206795664513e-03
1.035168657300628145e-03
1.645970405770384032e-02
1.432510595388861337e-02
1.634298753879943888e-02
7.502177069959745093e-03
1.046563999711120664e-02
2.846002859496190446e-02
4.134725405405668963e-02
3.968073372299768184e-03
6.818752530086007180e-02
4.845154231205059392e-03
7.307646725114117295e-03
4.206018661792579327e-02
7.922748833488667264e-03
1.374223625040212754e-02
4.162622886439786528e-03
1.478631159534185557e-04
3.699415224255478939e-03
1.463045344582320981e-02
1.515717638066556815e-02
5.221156428691193022e-03
6.863380281647197406e-03
4.084433367285224964e-03
2.344003146067238225e-02
4.491820243298881576e-04
1.297746311313842556e-02
7.186013179935027591e-03
3.625141561756751053e-03
8.935195031867924909e-03
3.452839120026679216e-03
4.188232618529664358e-02
2.696881454627543875e-03
1.035168657300628145e-03
2.434350338739695377e-02
1.432510595388861337e-02
1.258951743478204863e-02
7.502177069959745093e-03
1.011122980445201477e-02
2.367727170036936640e-02
5.662854962840086631e-02
5.688774055638209926e-05
3.838707791782379475e-02
3.867256039229923902e-03
8.972873334420976288e-03
4.474318744410318155e-02
1.050059002924780792e-02
1.947505448056838923e-02
6.516619796513854410e-03
1.478631159534185557e-04
6.818593145475579029e-03
2.899785538498962298e-02
2.078547843288263211e-02
5.221156428691193022e-03
1.804597499099019203e-02
4.084433367285224964e-03
2.344003146067238225e-02
4.491820243298881576e-04
1.159822628469004552e-02
7.186013179935027591e-03
3.859544263388774241e-03
7.403480288377791742e-03
3.452839120026679216e-03
3.642635076645760195e-02
2.696881454627543875e-03
1.035168657300628145e-03
3.505824900411924627e-02
1.421053801834685007e-02
1.107141876915174183e-02
7.502177069959745093e-03
7.214847751625258487e-03
1.955276802903922057e-02
3.961096256122414311e-02
5.688774055638209926e-05
3.432791814683214260e-02
4.352886335914569853e-03
2.576962726942196025e-04
1.552438850188507524e-02
1.050059002924780792e-02
1.330468036974552688e-02
2.034294398081478231e-03
1.478631159534185557e-04
1.075144603370715296e-02
2.899785538498962298e-02
2.999462337535077627e-02
5.089046339542322057e-03
1.047341048167485696e-02
4.625648051499866437e-03
2.344003146067238225e-02
4.491820243298881576e-04
1.497369535825308559e-02
7.919121253087923334e-03
3.439521337418836866e-03
7.403480288377791742e-03
2.551588088876244505e-03
4.647091755451140949e-02
8.722286504946951541e-03
1.035168657300628145e-03
3.505824900411924627e-02
1.421053801834685007e-02
1.079607777416361630e-02
8.006016126118824933e-03
1.609808536254482905e-02
1.955276802903922057e-02
2.224405203108980114e-02
5.688774055638209926e-05
1.622307732903343486e-02
4.693915239911156806e-03
1.272399731759027777e-02
1.232958588613309800e-02
1.891802620121802586e-02
1.334359856286513116e-02
2.034294398081478231e-03
1.478631159534185557e-04
1.075144603370715296e-02
3.151185172612228080e-02
1.702425609272549892e-02
5.154938267226016890e-03
1.020987000802340422e-02
9.052151766961349932e-03
2.344003146067238225e-02
4.491820243298881576e-04
1.497369535825308559e-02
6.881562622908425284e-03
4.885397203095241669e-03
7.403480288377791742e-03
2.551588088876244505e-03
4.647091755451140949e-02
9.804036118029955948e-03
1.035168657300628145e-03
3.505824900411924627e-02
1.421053801834685007e-02
1.079607777416361630e-02
1.041776038153788969e-02
1.609808536254482905e-02
7.774818977022039841e-03
2.224405203108980114e-02
3.545385075264213337e-04
2.042981423464867302e-02
3.649418173255023802e-03
7.435106612971480351e-03
8.705474376169705999e-03
2.238834454162095047e-02
1.209362407249205476e-02
3.039177965425713876e-03
3.301836933102611504e-04
1.075144603370715296e-02
3.151185172612228080e-02
1.702425609272549892e-02
5.154938267226016890e-03
1.020987000802340422e-02
9.052151766961349932e-03
2.344003146067238225e-02
4.491820243298881576e-04
1.497369535825308559e-02
5.273144558647509771e-03
3.242979534873722570e-03
7.403480288377791742e-03
4.731032092022714568e-03
4.647091755451140949e-02
1.020201978483949515e-02
1.035168657300628145e-03
4.912999359092031643e-02
1.421053801834685007e-02
1.079607777416361630e-02
9.667708421342159630e-03
1.609808536254482905e-02
7.755549558104313235e-03
1.867205744721130156e-02
3.545385075264213337e-04
1.379563245063783125e-02
2.682373195052579172e-03
7.169629185366398726e-03
8.705474376169705999e-03
2.588335884067489642e-02
1.562630815079417076e-02
2.070599853083200225e-03
3.301836933102611504e-04
1.075144603370715296e-02
3.091469331511959018e-02
3.327749959635890875e-02
5.154938267226016890e-03
1.020987000802340422e-02
7.200051255784723978e-03
2.344003146067238225e-02
4.491820243298881576e-04
3.219834258489286810e-03
1.291105747028795450e-03
1.163892847040782705e-02
5.725767759049575460e-03
4.731032092022714568e-03
4.021829218114664900e-02
2.234268687715507823e-02
5.436077534908912400e-03
4.912999359092031643e-02
1.421053801834685007e-02
1.243779982910318480e-02
9.667708421342159630e-03
1.105818755151286026e-02
6.946208192828605237e-03
1.237813351185153808e-02
3.243696487161579212e-03
7.956697633851142135e-03
1.708898773008699079e-03
8.602824459261537021e-03
8.705474376169705999e-03
1.748781235378186333e-02
1.562630815079417076e-02
2.076587215759327469e-03
4.053814609934515423e-04
8.870612255223016274e-03
1.264408993743205284e-02
2.498750326918482839e-02
5.886625735072613386e-03
7.525279310629077317e-03
1.204991012872604246e-02
1.987872259592527932e-02
2.052620620041867468e-03
3.219834258489286810e-03
1.321428120715466628e-03
1.163892847040782705e-02
5.564030683023369825e-03
7.482030021474598766e-03
4.140846411332756161e-02
2.234268687715507823e-02
5.031933424438126724e-03
3.653641879465890918e-02
1.421053801834685007e-02
1.869577921829846702e-03
9.153643540459967948e-03
9.309460526364343042e-03
6.946208192828605237e-03
1.115013437925285733e-02
2.227523067209612358e-03
4.249582939586592570e-03
2.046392926422024774e-03
1.372443113775613163e-03
8.705474376169705999e-03
1.748781235378186333e-02
1.611428055645029722e-02
2.112908221286453284e-03
7.829712437078363910e-04
8.853058347730802941e-03
1.696220484595483552e-02
2.864024776275057166e-02
1.403100768652770954e-02
7.525279310629077317e-03
2.253480855026149948e-02
1.280245248200608671e-02
2.052620620041867468e-03
3.219834258489286810e-03
1.321428120715466628e-03
1.163892847040782705e-02
5.564030683023369825e-03
7.482030021474598766e-03
2.436995519549928213e-02
1.395307495336589945e-02
5.031933424438126724e-03
3.653641879465890918e-02
2.372399909707994387e-02
8.175321915866584979e-03
9.153643540459967948e-03
9.576421937201640838e-03
9.099640177831169047e-03
7.316177823603194422e-03
3.192365877563881765e-03
4.249582939586592570e-03
2.991658798057920433e-03
1.962692468098979973e-03
8.705474376169705999e-03
1.748781235378186333e-02
8.318866588505297727e-03
2.978325914825068980e-03
1.396915260535930379e-03
8.853058347730802941e-03
1.007981435804824674e-02
2.283908688540845638e-02
1.469783163610602003e-02
2.350472487133360711e-03
2.253480855026149948e-02
2.854487860693840501e-02
2.176161008365969183e-03
3.219834258489286810e-03
1.321428120715466628e-03
1.163892847040782705e-02
5.564030683023369825e-03
1.342706616905154152e-02
2.436995519549928213e-02
1.395307495336589945e-02
5.031933424438126724e-03
2.857835134468226027e-02
2.027289821780629483e-02
9.834549372361309910e-03
1.031364471760140566e-02
1.140608260430488186e-02
8.088134179041283831e-03
6.047417997252112730e-03
3.192365877563881765e-03
1.270510249859596250e-02
2.451195873592604269e-04
3.952193460446786280e-03
8.362787913070473395e-03
1.748781235378186333e-02
1.436442338745371437e-02
3.719173235094407146e-03
9.281281277435243782e-07
5.919981233469555695e-03
9.405811810861277461e-03
2.283908688540845638e-02
1.469783163610602003e-02
2.350472487133360711e-03
2.253480855026149948e-02
2.854487860693840501e-02
1.977757834898602636e-03
1.327387963876928978e-03
1.321428120715466628e-03
1.002804821296962579e-02
5.564030683023369825e-03
1.342706616905154152e-02
3.490256101399812766e-02
8.697473677187796126e-03
5.100528038323962066e-03
1.881389949462617533e-02
1.809360546890184662e-02
9.215263559466793652e-03
1.046860007558825419e-02
1.681206502556920751e-02
7.449078107817736112e-03
6.853379107190032613e-03
6.844541356952216909e-04
2.078799871818326483e-02
9.161411986723030920e-04
1.079258717368791406e-02
8.969713160284007239e-03
1.748781235378186333e-02
1.215799782946930252e-02
8.249275529261031192e-03
9.281281277435243782e-07
9.345520680989432769e-03
1.155072927969257035e-02
2.283908688540845638e-02
1.469783163610602003e-02
2.350472487133360711e-03
2.332308120341991531e-02
2.749093332586246413e-02
1.977757834898602636e-03
5.113208619465540658e-04
2.792523918191083809e-03
1.292034200048966866e-02
5.607126345157153330e-03
1.026918541120733913e-02
3.490256101399812766e-02
8.697473677187796126e-03
5.100528038323962066e-03
1.853301802062493064e-02
1.809360546890184662e-02
9.215263559466793652e-03
1.395133950127356443e-02
3.118060831502243724e-02
7.988440982872865859e-03
7.387157857162516411e-03
6.844541356952216909e-04
2.078799871818326483e-02
9.161411986723030920e-04
1.079258717368791406e-02
8.969713160284007239e-03
2.205991736895553806e-02
1.215799782946930252e-02
1.365486138108479817e-02
9.281281277435243782e-07
1.473152831336591723e-04
1.410188725630251091e-02
2.283908688540845638e-02
1.691856370004013801e-02
1.772370676338022588e-03
2.332308120341991531e-02
3.157275108027905730e-02
1.464201118368960511e-04
4.005497640039209356e-04
2.792523918191083809e-03
1.307836620731335497e-02
5.944472513813565603e-03
1.026918541120733913e-02
3.490256101399812766e-02
8.062672027598662833e-03
1.082408453181842208e-02
1.709406317607382181e-02
1.809360546890184662e-02
1.193083825326770805e-02
1.395133950127356443e-02
1.313021767060821264e-02
6.919436158949904617e-03
1.141548590322753569e-02
8.871097540643808899e-04
1.804411803809572931e-02
1.568792153816357714e-03
8.076287507602518748e-03
7.913729789884716218e-03
2.281725225237775032e-02
1.215799782946930252e-02
1.511685273885447940e-02
9.281281277435243782e-07
1.473152831336591723e-04
1.410188725630251091e-02
2.283908688540845638e-02
1.598110152148566471e-02
1.772370676338022588e-03
3.189342985896389399e-02
3.157275108027905730e-02
1.590430268123794316e-03
4.005497640039209356e-04
2.792523918191083809e-03
7.765536222805862268e-03
5.944472513813565603e-03
1.038684179684648372e-02
6.009860718915302491e-02
8.111349883285403489e-03
2.295196714034470654e-03
2.265129798653632565e-02
2.945603844850101100e-02
1.193083825326770805e-02
1.964060071997111162e-02
1.240423068185569390e-02
2.362198468492154174e-03
1.274410233299130661e-02
8.871097540643808899e-04
1.804411803809572931e-02
1.291745672264354994e-02
1.332061156278415565e-02
1.130099470317665923e-02
1.616733841705587926e-02
1.215799782946930252e-02
1.549405155666484443e-02
9.281281277435243782e-07
1.473152831336591723e-04
1.575766754376350942e-02
2.283908688540845638e-02
1.598110152148566471e-02
1.772370676338022588e-03
3.237305140774544149e-02
2.817280297673174089e-02
7.998751970413431160e-04
4.005497640039209356e-04
2.988666543427702209e-03
7.765536222805862268e-03
5.467153517498294854e-03
9.898181836532231326e-03
4.984574946888033903e-02
8.111349883285403489e-03
1.553704661787419505e-03
2.247611858340074764e-02
2.945603844850101100e-02
1.193083825326770805e-02
1.528227688860022207e-02
1.240423068185569390e-02
2.486179937977822836e-03
1.605666225850286774e-02
9.441124439555029918e-04
1.804411803809572931e-02
4.149315759663721459e-03
1.915171326328554691e-02
1.271757018719666017e-02
2.167729971650327742e-02
1.566672149169049885e-02
1.358776379998614774e-02
9.281281277435243782e-07
1.553561869115916566e-03
1.624951371942588707e-02
2.283908688540845638e-02
2.470261866932461914e-02
1.772370676338022588e-03
2.101379374261878180e-02
2.817280297673174089e-02
1.308046171202956100e-03
4.005497640039209356e-04
5.104084534183348648e-03
1.247345384346100483e-03
2.741894581062255531e-03
9.898181836532231326e-03
3.116182249583480945e-02
2.122852161478446659e-03
2.380769000651124581e-03
2.457137718352780942e-02
2.945603844850101100e-02
1.193083825326770805e-02
1.528227688860022207e-02
1.737044068659443843e-02
2.651406209956209785e-03
1.605666225850286774e-02
9.441124439555029918e-04
2.001391243786921487e-02
7.032717545754242974e-03
1.915171326328554691e-02
3.268872610764219505e-03
1.431343523746660129e-02
3.571884392019882698e-03
1.923592360457586359e-02
9.281281277435243782e-07
1.553561869115916566e-03
3.292602067749473421e-02
1.466550867349993015e-02
1.440322669781035451e-02
1.225411185610960014e-03
2.101379374261878180e-02
2.817280297673174089e-02
1.308046171202956100e-03
3.029861272984454281e-04
1.354833942096775323e-04
1.465047470830833660e-03
2.924221874500630182e-03
8.221465236836996912e-03
3.116182249583480945e-02
2.122852161478446659e-03
2.380769000651124581e-03
2.457137718352780942e-02
2.945603844850101100e-02
1.537622365828095888e-02
3.574780269235863089e-02
1.234369697596685023e-02
2.651406209956209785e-03
1.106762423004923300e-02
9.441124439555029918e-04
1.593354109458209461e-02
7.032717545754242974e-03
1.915171326328554691e-02
3.268872610764219505e-03
1.068552388772151147e-02
1.109299482828399880e-03
1.923592360457586359e-02
9.281281277435243782e-07
1.436760300824468234e-03
2.115684971875238934e-02
9.564012909442977731e-03
1.440322669781035451e-02
1.225411185610960014e-03
1.422989963538492594e-02
2.361877069783459293e-02
1.999546178430720335e-03
3.029861272984454281e-04
3.161125455932489552e-03
3.048669137457792923e-03
9.073302824450591234e-03
9.582976892025155125e-03
2.885718507972670488e-02
1.285601288902276816e-03
2.380769000651124581e-03
2.819310726657572527e-02
2.669381207917629478e-02
2.358207426495866760e-02
5.534123438066299722e-02
7.941366390530944439e-03
2.651406209956209785e-03
8.368470527488599056e-03
2.636081082842033768e-03
1.432502216787549798e-02
7.241421803697265479e-03
1.806098704868030341e-02
4.376951056446467744e-03
1.068552388772151147e-02
9.598962759911211376e-04
2.198165408064910176e-02
9.281281277435243782e-07
1.150311349648180199e-03
2.426831982030305118e-02
2.077867442992950911e-02
3.480882677111456561e-03
1.225411185610960014e-03
1.048412306582646204e-02
2.986034100015614451e-02
5.404620968669488108e-03
3.029861272984454281e-04
9.451343241561337843e-03
2.168079691535675351e-03
9.073302824450591234e-03
9.582976892025155125e-03
6.382562359582531764e-03
1.285601288902276816e-03
2.380769000651124581e-03
2.654822369276620131e-02
1.370087597977748782e-02
3.048860394115518457e-02
5.534123438066299722e-02
6.939182868146008543e-03
2.651406209956209785e-03
8.511855603129737588e-03
4.010510641730254990e-03
1.432502216787549798e-02
6.528293949757748259e-03
1.118133575021559509e-02
6.877118721915096052e-03
8.212464990999791825e-03
9.598962759911211376e-04
1.497740451975553347e-02
9.281281277435243782e-07
8.862459227971597811e-05
2.098230213472032646e-02
3.754471768976978818e-02
3.480882677111456561e-03
2.360350509506690952e-02
2.996027243659103723e-02
1.939089614836612963e-02
5.404620968669488108e-03
3.029861272984454281e-04
3.306501963926261611e-04
2.218177773508689388e-03
1.171490574767729796e-02
1.085613315803529363e-02
4.617598125761073966e-03
1.285601288902276816e-03
3.089365433172359694e-03
2.760480234149501749e-02
1.255622148437043201e-02
2.492591210244271202e-02
4.143688159297131274e-02
5.829617255043844162e-03
2.234444755801711941e-03
8.511855603129737588e-03
4.010510641730254990e-03
1.030484528642048626e-02
4.417343520431772121e-03
1.104155090908805203e-02
6.877118721915096052e-03
1.867414575617548297e-02
9.598962759911211376e-04
1.497740451975553347e-02
9.281281277435243782e-07
3.079221832515397807e-04
2.277825300343239850e-02
1.119623542338449990e-02
3.242209356982435169e-03
1.629868591487246970e-02
1.276732607270339784e-02
1.939089614836612963e-02
1.264619387265175296e-02
3.029861272984454281e-04
3.306501963926261611e-04
1.391870536646334922e-03
9.137418163171592139e-03
1.028496027720797110e-02
6.487728330920929445e-03
1.285601288902276816e-03
8.066769173124240314e-04
3.725507874281991372e-02
1.255622148437043201e-02
2.492591210244271202e-02
4.143688159297131274e-02
4.629420920958183389e-03
1.626137579190416703e-03
8.511855603129737588e-03
4.010510641730254990e-03
2.120804429274082345e-02
2.618627869208960124e-03
1.104155090908805203e-02
6.877118721915096052e-03
1.867414575617548297e-02
9.598962759911211376e-04
1.497740451975553347e-02
2.554567126305574282e-03
3.079221832515397807e-04
2.028084068492608943e-02
7.194978048373403684e-03
4.010097674612622502e-03
1.629868591487246970e-02
1.579958375700572099e-02
1.939089614836612963e-02
9.730071737066477155e-03
3.029861272984454281e-04
5.382219200408574870e-04
1.095171739561227832e-03
2.816408401041317622e-03
1.028496027720797110e-02
6.455904612603475916e-03
1.625679237137349136e-03
8.707507949228640749e-04
2.134644831197575476e-02
1.387677567654328238e-02
3.697121900742908474e-02
1.883435365246867790e-02
4.629420920958183389e-03
1.626137579190416703e-03
4.894409489672221780e-03
4.010510641730254990e-03
3.189894254428348591e-02
5.430640954860239088e-03
1.104155090908805203e-02
6.877118721915096052e-03
1.293667778423614884e-02
9.598962759911211376e-04
1.138089673265737373e-02
2.554567126305574282e-03
5.633275784843268155e-04
1.415965805192159928e-02
1.377126173907847369e-02
4.010097674612622502e-03
1.659279638121659989e-02
1.431617027842485221e-02
1.939089614836612963e-02
4.856719229235004903e-03
3.029861272984454281e-04
5.382219200408574870e-04
1.094477009671880000e-03
2.860030194401294926e-03
1.368261344139058699e-02
6.455904612603475916e-03
1.666089137680619447e-03
1.594234002610554930e-03
2.134644831197575476e-02
7.385301925813621444e-03
3.649821369019110723e-02
1.797842281106707546e-02
7.795007875094565018e-03
2.336204025313392153e-03
5.459687160551547278e-03
2.485234729655264822e-03
3.189894254428348591e-02
4.039261965516332403e-03
5.688386269778153079e-03
4.010941857922691728e-03
9.197881773176685202e-04
9.598962759911211376e-04
1.138089673265737373e-02
9.449712886200513015e-03
5.633275784843268155e-04
1.247193473846264569e-02
1.279505264060494876e-02
4.438407441622733290e-03
1.659279638121659989e-02
1.431617027842485221e-02
1.813643209529020028e-02
6.903418656683476401e-03
2.986756692526354971e-03
1.613547795029474444e-03
1.094477009671880000e-03
5.689136762417482465e-04
6.363495870117044650e-03
6.455904612603475916e-03
1.666089137680619447e-03
5.474896534815891155e-04
2.372115017280878105e-02
7.385301925813621444e-03
3.649821369019110723e-02
2.256235996229623286e-02
7.795007875094565018e-03
2.336204025313392153e-03
9.065607237486120878e-03
8.883791596663859202e-04
3.189894254428348591e-02
4.039261965516332403e-03
5.688386269778153079e-03
4.010941857922691728e-03
1.645067305766797355e-03
9.598962759911211376e-04
1.073013717853445875e-02
9.449712886200513015e-03
5.633275784843268155e-04
1.247193473846264569e-02
7.022703305282379169e-03
2.717275923052665017e-03
3.927465316243855531e-02
2.444819405072363311e-02
1.996145901834435812e-02
1.283904311503278328e-02
5.284473411421570024e-03
2.901310684347526065e-04
1.094477009671880000e-03
5.689136762417482465e-04
1.500692793035218742e-03
6.747959290000700092e-03
6.450266888484281012e-04
7.044486328369265133e-04
7.072471569527220836e-03
7.951072874931741641e-03
3.835615667143277979e-02
1.069177897520102311e-02
7.795007875094565018e-03
2.182977032989716869e-03
7.720844508791848207e-03
8.883791596663859202e-04
3.189894254428348591e-02
3.847129476332929177e-03
5.688386269778153079e-03
4.010941857922691728e-03
1.911464784989479323e-03
9.598962759911211376e-04
7.328250086616498390e-05
7.557257022606529012e-03
5.633275784843268155e-04
1.014707158185855843e-02
7.022703305282379169e-03
2.815526621754394117e-03
4.207908412642749618e-02
2.444819405072363311e-02
1.981818782125475270e-02
8.060919248319375202e-03
2.261389887253141551e-04
2.901310684347526065e-04
1.094477009671880000e-03
5.689136762417482465e-04
4.064822270754152658e-03
1.005880002471525037e-02
3.043551235800578091e-03
6.041550519223040129e-04
1.630357549377647181e-02
7.874906730055147505e-03
2.379983929290130015e-02
1.778788051211494317e-02
5.505859272754012185e-03
5.997814354770421991e-04
1.180557956577106028e-02
8.883791596663859202e-04
3.189894254428348591e-02
9.794514819828851332e-04
7.648553240841496695e-03
3.198931752793661085e-03
2.413511506787154037e-03
9.598962759911211376e-04
7.328250086616498390e-05
1.044047867193777929e-02
6.302722169381931843e-04
1.014707158185855843e-02
7.022703305282379169e-03
3.853343262704308787e-03
4.207908412642749618e-02
2.758391514234707909e-02
2.167740741945543143e-02
1.291543546962310544e-02
2.261389887253141551e-04
2.901310684347526065e-04
9.151757411059897873e-04
5.689136762417482465e-04
4.464293528312164236e-03
1.104633269375365073e-02
1.261486354999716286e-03
6.041550519223040129e-04
1.243178325930903438e-02
7.874906730055147505e-03
1.122893021170867298e-02
1.778788051211494317e-02
5.505859272754012185e-03
7.224263895616791099e-04
1.180557956577106028e-02
8.883791596663859202e-04
3.125786516207479382e-02
1.823610554166371460e-03
1.020818188367442897e-02
3.198931752793661085e-03
1.219683692485278373e-02
1.874889549193429258e-03
7.328250086616498390e-05
1.591536351305428143e-02
6.302722169381931843e-04
7.583162286410712050e-03
4.740857794619569160e-03
6.140263219313949784e-03
2.566673061251827787e-02
1.841007327697227747e-02
2.267416641176027425e-02
1.291543546962310544e-02
2.969414832146164340e-04
1.588477212247751524e-04
9.151757411059897873e-04
5.496190242204558249e-04
5.669037554220110811e-03
5.162521489592064583e-03
1.261486354999716286e-03
6.574063993095446588e-04
8.491054083389891829e-03
2.243152159728956790e-02
8.537022822339899314e-03
1.778788051211494317e-02
8.892492076038930465e-03
7.224263895616791099e-04
1.180557956577106028e-02
8.883791596663859202e-04
3.227670787258847540e-02
1.434351948804582369e-03
6.570307356335469001e-03
5.930105489424424350e-04
1.937304790684226882e-02
1.913347950377141922e-03
5.704506178762849822e-04
1.553770087012330825e-02
6.208312373112994179e-03
7.583162286410712050e-03
1.505534041784327946e-03
1.416283653346580955e-02
2.566673061251827787e-02
2.758420051909880183e-02
1.464663026303370669e-02
1.291543546962310544e-02
2.969414832146164340e-04
1.588477212247751524e-04
7.520156457100930086e-04
3.579214297205549067e-04
8.123332773618107544e-03
1.555270598802292129e-03
7.881916778071421624e-04
6.574063993095446588e-04
8.491054083389891829e-03
1.317689500575143502e-02
1.037485215768809733e-02
1.778788051211494317e-02
8.674807355201121645e-03
6.406793713231222166e-04
1.430690903734440148e-02
8.883791596663859202e-04
1.418183782934473794e-02
2.043612866077515466e-04
9.133495167736404782e-03
1.816795037715972661e-03
1.097843810721724211e-02
1.913347950377141922e-03
5.704506178762849822e-04
1.553770087012330825e-02
8.990997843189088568e-03
7.644157690556282678e-03
1.636632784689961723e-03
1.925004784734894031e-02
2.355168612735419886e-02
2.758420051909880183e-02
9.459090577283268790e-04
1.260290457817062060e-02
2.969414832146164340e-04
2.086478729050975089e-03
1.168456797449756411e-03
1.045562921771148873e-03
8.123332773618107544e-03
1.555270598802292129e-03
2.711211650746548490e-03
6.574063993095446588e-04
8.491054083389891829e-03
1.317689500575143502e-02
1.149545139141338636e-02
1.778788051211494317e-02
1.472311767405736632e-03
8.581284409943761016e-04
1.430690903734440148e-02
8.883791596663859202e-04
1.418183782934473794e-02
3.416350225707437405e-04
9.133495167736404782e-03
2.262400071283440436e-03
1.829077101156323382e-02
6.813916766876882032e-03
7.100411477268239735e-03
1.829295825933163755e-02
6.709211260082221032e-03
4.268291848397610423e-03
1.636632784689961723e-03
2.461488079481978855e-02
2.258267579696813035e-02
2.758420051909880183e-02
1.040836455389348124e-02
1.427577990411594937e-02
2.220217480802209051e-04
1.481657032468067237e-03
1.168456797449756411e-03
4.145656515348266832e-03
4.844917923408752908e-03
7.398870337130408759e-04
6.992170214767789299e-03
6.574063993095446588e-04
7.937337718884324503e-03
1.683242272658084376e-02
6.102065410321935550e-03
1.778788051211494317e-02
1.472311767405736632e-03
1.742077484004063252e-04
1.498314547299337517e-02
8.883791596663859202e-04
1.418183782934473794e-02
2.126790848103061668e-03
9.133495167736404782e-03
5.321346432687681927e-03
2.274648774765814646e-02
1.680894041512519602e-03
7.100411477268239735e-03
1.483396462867321575e-02
6.355600395364961568e-03
4.268291848397610423e-03
1.636632784689961723e-03
2.133683413927417449e-02
2.258267579696813035e-02
2.758420051909880183e-02
1.443357813173136613e-02
1.343560883321294995e-02
2.220217480802209051e-04
1.297975018720554617e-02
4.867073422154303240e-03
5.184164684637226905e-03
4.844917923408752908e-03
7.398870337130408759e-04
6.992170214767789299e-03
6.574063993095446588e-04
2.116426257259101246e-02
1.140407442479900862e-02
1.194421876017967565e-02
1.778788051211494317e-02
1.258589450102982291e-03
4.473252002989668019e-04
1.498314547299337517e-02
8.883791596663859202e-04
1.418183782934473794e-02
1.264381802004788721e-03
1.078899880139245690e-02
2.803745386972966974e-03
1.251651544466443264e-02
1.454036247091894602e-03
5.704122307416104563e-03
2.510441419774760846e-02
4.085044734891360788e-03
4.860430041627523262e-03
4.467952585851661315e-04
1.969613738407938186e-02
1.981670050354378612e-02
2.178883220443478957e-02
1.059726449683021099e-02
8.763383463914940774e-03
1.654711042817565581e-03
9.008466856761050690e-03
4.867073422154303240e-03
5.184164684637226905e-03
4.844917923408752908e-03
7.398870337130408759e-04
6.992170214767789299e-03
6.574063993095446588e-04
2.116426257259101246e-02
1.140407442479900862e-02
1.194421876017967565e-02
1.313397606038619811e-02
1.751547209862524494e-03
4.473252002989668019e-04
1.498314547299337517e-02
1.026805465710891284e-03
1.418183782934473794e-02
3.037662595789686684e-03
1.078899880139245690e-02
2.573295567812076620e-04
1.395144398198323865e-02
6.026681317607981460e-03
2.788933309749257010e-03
3.269386154120818705e-02
6.613969019334745535e-03
2.227809690880488969e-03
2.258213325704411592e-03
3.402169627324110740e-02
1.981670050354378612e-02
1.963453400747956767e-02
6.622249690013600268e-03
6.148668410102395114e-03
1.654711042817565581e-03
1.206609772911462417e-02
5.898920665350077322e-03
5.184164684637226905e-03
6.781053647037313045e-03
7.398870337130408759e-04
6.992170214767789299e-03
6.574063993095446588e-04
2.116426257259101246e-02
1.140407442479900862e-02
4.763931283683190548e-03
1.503751912928022808e-02
6.104428247161912749e-04
4.473252002989668019e-04
1.062427134880187390e-02
3.123591374369934139e-03
6.254964254390038558e-03
3.037662595789686684e-03
1.078899880139245690e-02
2.573295567812076620e-04
1.395144398198323865e-02
4.102722929088031822e-03
2.788933309749257010e-03
3.947900439270281281e-02
6.613969019334745535e-03
2.227809690880488969e-03
7.826702354284304636e-03
5.732262115243947492e-02
1.981670050354378612e-02
2.171326185028393807e-02
4.326747812009448108e-03
6.560046741400040252e-03
1.654711042817565581e-03
2.803176133468034473e-02
6.202249050729167351e-03
9.274462262134741675e-03
9.759091644731583345e-03
7.398870337130408759e-04
5.858674937037654414e-03
6.828431094250779747e-04
2.116426257259101246e-02
1.367754277685105831e-02
4.763931283683190548e-03
6.917956408809134393e-03
4.876708752589832899e-03
4.473252002989668019e-04
7.247368407079447100e-03
3.123591374369934139e-03
7.737577705498889166e-03
5.221194692814116155e-03
1.078899880139245690e-02
2.573295567812076620e-04
1.514738382696531258e-02
5.188837486926524238e-03
3.176525262927284467e-03
2.658369793761947500e-02
1.649651374668380591e-02
1.942145171565598039e-03
1.665128186398654245e-02
1.215923787314096005e-01
2.517333971030205619e-02
2.132284095051580064e-02
2.846669542127939784e-03
9.301976598685703437e-03
6.584153196586631229e-04
2.073911904745421100e-02
1.084210267835892735e-02
9.274462262134741675e-03
9.785576675870551189e-03
7.398870337130408759e-04
5.840805115513957903e-03
6.828431094250779747e-04
2.116426257259101246e-02
1.367754277685105831e-02
1.410634958381047285e-02
1.930520479005800108e-02
4.393179721193426687e-03
4.473252002989668019e-04
8.491689682105015013e-03
3.123591374369934139e-03
1.236385407521887331e-02
5.221194692814116155e-03
1.420659427505229638e-02
2.939886426870111586e-04
3.369304532203280800e-02
1.135427268056068625e-02
3.176525262927284467e-03
2.658369793761947500e-02
1.071176664533514053e-02
3.850685396968901719e-06
1.665128186398654245e-02
1.133586524491426162e-01
2.517333971030205619e-02
2.723762972379666775e-02
2.846669542127939784e-03
9.301976598685703437e-03
4.841095177968907960e-03
1.774688888772499307e-02
1.084210267835892735e-02
5.099012595259033893e-03
3.385899277045384403e-04
9.544317307844541604e-04
6.467513228133778616e-03
6.828431094250779747e-04
2.129595045701137418e-02
1.367754277685105831e-02
1.806069672600819215e-02
1.045327767265514553e-02
7.126055030372299356e-03
4.473252002989668019e-04
2.100996662496532053e-02
5.226780211475356638e-03
1.319561050142718794e-02
9.808978625167479731e-03
6.325686297192810795e-03
2.939886426870111586e-04
4.241777606535946515e-02
1.273207323598403093e-02
3.451188288528073828e-03
2.658369793761947500e-02
1.130063564301306105e-02
1.317476199495249897e-03
1.612399536307760478e-02
8.498774668336715743e-02
1.935915701639133457e-02
3.784128870089534941e-02
2.846669542127939784e-03
5.528831372792015683e-03
3.181820678730311238e-03
1.470359025272318862e-02
1.095415018531462406e-02
5.099012595259033893e-03
9.041080412677385053e-04
9.544317307844541604e-04
6.467513228133778616e-03
6.828431094250779747e-04
1.816103640686045698e-02
1.030029540667578951e-02
1.806069672600819215e-02
1.045327767265514553e-02
7.903453322141290593e-03
4.473252002989668019e-04
1.522264960725160446e-02
3.104720303558611456e-03
1.180711200488448326e-02
1.216549387675056743e-02
7.239088921413644462e-03
2.877774757356936974e-04
3.285664616024953216e-02
7.185340936586707625e-03
3.683261499096502148e-03
5.148326135365545453e-02
1.220601449405528047e-02
1.927986052009400281e-03
1.612399536307760478e-02
7.438879943761812774e-02
1.935915701639133457e-02
3.784128870089534941e-02
2.846669542127939784e-03
5.528831372792015683e-03
3.181820678730311238e-03
1.590157876036730686e-02
1.095415018531462406e-02
4.100441930179637984e-03
8.653199754208147632e-03
9.544317307844541604e-04
6.467513228133778616e-03
6.828431094250779747e-04
1.816103640686045698e-02
1.030029540667578951e-02
2.041998213581986202e-02
1.045327767265514553e-02
7.586643432252916305e-03
2.498519870061440690e-04
1.522264960725160446e-02
2.554954242655426040e-03
1.241341447356999680e-02
2.380513473817599465e-02
9.679234291857281500e-03
3.935102460848986794e-04
4.113645021669865703e-02
2.407537733220414464e-03
3.683261499096502148e-03
5.148326135365545453e-02
1.324523499562606232e-02
1.927986052009400281e-03
1.576752057896531681e-02
4.773667241450337689e-02
1.651910122211944915e-02
7.094297641767452478e-02
2.259147196321472512e-03
5.528831372792015683e-03
1.034920015000387848e-02
1.376914789867101502e-02
1.095415018531462406e-02
4.100441930179637984e-03
3.757871279031862154e-03
9.544317307844541604e-04
5.990439224067124410e-03
6.828431094250779747e-04
1.816103640686045698e-02
1.030029540667578951e-02
2.041998213581986202e-02
1.175563145597946328e-02
8.307169346394940174e-03
2.498519870061440690e-04
1.522264960725160446e-02
1.849536071677506527e-03
1.270911196330817318e-02
1.874458126863244589e-02
9.679234291857281500e-03
3.415442571520538231e-03
4.930445966615044917e-02
1.676789991848407369e-03
3.683261499096502148e-03
6.758886705536006068e-02
1.324523499562606232e-02
3.367028376658962041e-03
1.576752057896531681e-02
4.773667241450337689e-02
1.651910122211944915e-02
7.094297641767452478e-02
2.259147196321472512e-03
6.681435949690264255e-03
1.034920015000387848e-02
9.607071243837236874e-03
1.349250634920520428e-02
4.100441930179637984e-03
6.203389505463831506e-03
9.544317307844541604e-04
5.990439224067124410e-03
6.828431094250779747e-04
1.816103640686045698e-02
7.866996022325883561e-03
1.484910341228392119e-02
1.175563145597946328e-02
9.941686022627601108e-03
2.498519870061440690e-04
1.297316876639546986e-02
1.849536071677506527e-03
1.222048088929362716e-02
1.469182831809521389e-02
9.679234291857281500e-03
3.415442571520538231e-03
4.930445966615044917e-02
1.664162719766435752e-03
1.185155375543495149e-02
4.471704160923273969e-02
1.314652538238994008e-02
3.254014521352577814e-03
1.143615542205172683e-02
1.148395764766857972e-02
1.651910122211944915e-02
7.094297641767452478e-02
2.463479396835651768e-03
6.681435949690264255e-03
1.261370635555615453e-02
9.607071243837236874e-03
1.440300736879805872e-02
5.510287068629895167e-03
3.249768497813597737e-03
1.124796887636764827e-03
5.990439224067124410e-03
6.828431094250779747e-04
1.816103640686045698e-02
1.170626080524478883e-02
1.903979098428112970e-02
1.167114080074071504e-02
6.594072075162361879e-03
2.548918618409284128e-04
1.277936348918736961e-02
1.849536071677506527e-03
2.141837353317274303e-02
1.546207366620415413e-02
9.400224692348838409e-03
7.336126523749568126e-03
3.446515171932780508e-02
1.664162719766435752e-03
1.258913211327120432e-02
4.128306626231878496e-02
1.352587684493373674e-02
3.254014521352577814e-03
1.143615542205172683e-02
1.148395764766857972e-02
1.347526724817215554e-02
5.836087274736573294e-02
2.463479396835651768e-03
1.298865693503476956e-02
1.261370635555615453e-02
4.815364009378252444e-03
2.069195561469511311e-03
7.019775703085838481e-03
1.064737611122575783e-04
4.246420951789876830e-03
1.086370892065354442e-02
6.828431094250779747e-04
1.816103640686045698e-02
7.490969223600520144e-03
1.903979098428112970e-02
9.117767408009413294e-03
6.181878603671384607e-03
2.548918618409284128e-04
6.530559334993329967e-03
1.849536071677506527e-03
2.141837353317274303e-02
1.546207366620415413e-02
1.079556946821931540e-02
7.336126523749568126e-03
2.731292567051525969e-02
9.806021820012410239e-04
9.642109979718212209e-03
3.095543037816012380e-02
1.103225130927434038e-02
3.901938610843888686e-03
1.235354028481523009e-02
1.543583243403748306e-02
1.266619682391623494e-02
4.395989347869855290e-02
2.463479396835651768e-03
2.152890129083713522e-02
6.126860468156011819e-03
4.815364009378252444e-03
7.493943647412396568e-03
8.131596563653309406e-04
1.064737611122575783e-04
4.246420951789876830e-03
1.086370892065354442e-02
6.828431094250779747e-04
1.816103640686045698e-02
5.471938009406459094e-03
1.415234146267120574e-02
6.095888231924096942e-03
5.681169895559497890e-03
2.548918618409284128e-04
6.530559334993329967e-03
7.916572577764194318e-05
1.870144466145146414e-02
1.508304645601290031e-02
8.794946069546973749e-03
7.295710824209155308e-03
2.262637672739706632e-02
9.075893458196424403e-04
1.314620929890219364e-02
2.990192684328728950e-02
4.470833117187437283e-03
3.901938610843888686e-03
1.612050020114360466e-02
8.954586212077616375e-03
1.136155881470876476e-02
2.711370934117600731e-02
2.552201881678149362e-03
2.152890129083713522e-02
3.140288625335829753e-03
4.815364009378252444e-03
9.909078376067659635e-03
4.001633452907171068e-03
1.064737611122575783e-04
4.246420951789876830e-03
4.100546156924521173e-03
6.828431094250779747e-04
1.044415256755567081e-02
1.062851507107368670e-02
2.296673393146610176e-02
7.955900049660086931e-03
5.202827716861337798e-03
2.548918618409284128e-04
6.530559334993329967e-03
7.916572577764194318e-05
1.870144466145146414e-02
3.506759506167719809e-02
8.794946069546973749e-03
5.454647838982665427e-03
1.901579622461931421e-02
9.075893458196424403e-04
1.202811731966066042e-02
1.899208389089610330e-02
1.506930692861616246e-03
6.230666034328855019e-05
1.612050020114360466e-02
3.115085647343446285e-04
1.114854706082933286e-02
3.101080910505345581e-02
1.536592594242999895e-03
1.200593376938376665e-02
3.140288625335829753e-03
5.615112509347514047e-03
1.328685605640506605e-02
3.085240103274053750e-03
1.076606534198172593e-03
4.246420951789876830e-03
3.773381617294344244e-03
6.828431094250779747e-04
3.534489459107283127e-02
8.046772890059825101e-04
2.366884238990607514e-02
8.599125117071861751e-03
5.202827716861337798e-03
2.548918618409284128e-04
6.530559334993329967e-03
7.916572577764194318e-05
1.870144466145146414e-02
1.721705509975949427e-02
8.794946069546973749e-03
9.947764747312019991e-04
1.901579622461931421e-02
9.075893458196424403e-04
4.212910029598181810e-03
1.899208389089610330e-02
2.679269142662702580e-04
1.895262111976834390e-02
2.751321073112210705e-02
2.538926116967949592e-03
1.055633777601668738e-02
3.101080910505345581e-02
1.536592594242999895e-03
1.200593376938376665e-02
3.140288625335829753e-03
4.031886580405158113e-03
1.089222990519988013e-02
3.085240103274053750e-03
9.977710255434334152e-03
4.696318686208193240e-03
1.833433126547561257e-03
1.789015578698341120e-03
4.008292380631889307e-02
2.765739651324165306e-03
2.366884238990607514e-02
1.264397326956102387e-02
5.202827716861337798e-03
2.548918618409284128e-04
6.530559334993329967e-03
4.053288051344933890e-03
2.097650975768032902e-02
1.679674762718649447e-02
8.794946069546973749e-03
3.419724084111966378e-03
1.901579622461931421e-02
1.843803580302416124e-03
4.086055775790427454e-03
1.977841053379899780e-02
7.651837679673964554e-03
1.895262111976834390e-02
2.619878327030810208e-02
2.538926116967949592e-03
1.356403826117604308e-02
3.101080910505345581e-02
1.536592594242999895e-03
1.513282318944093353e-02
3.140288625335829753e-03
4.528612430369317876e-03
1.089222990519988013e-02
3.085240103274053750e-03
9.977710255434334152e-03
3.868136341294224970e-03
1.411299161473976308e-03
3.182499492296419867e-03
3.982324730018498710e-02
2.857562775524695366e-03
2.366884238990607514e-02
1.264397326956102387e-02
5.202827716861337798e-03
2.376000857078349772e-03
1.894696659591526763e-02
4.053288051344933890e-03
2.331422235813788643e-02
1.679674762718649447e-02
8.794946069546973749e-03
5.509480314404272341e-03
1.901579622461931421e-02
1.843803580302416124e-03
5.511013242240507537e-03
1.977841053379899780e-02
9.664728713793455800e-03
2.654560051686387021e-02
3.072146549533287876e-02
2.383523123849480823e-03
6.774515272558079455e-03
3.531596927827690413e-02
1.536592594242999895e-03
1.513282318944093353e-02
3.140288625335829753e-03
2.721140974844886602e-03
1.189846151981352289e-02
3.085240103274053750e-03
9.977710255434334152e-03
2.615705567646606222e-03
3.862017286623697573e-03
1.926457546845801406e-03
1.767635255733581920e-02
2.857562775524695366e-03
4.206949136860897026e-02
1.489305954691544365e-02
5.947942778836102715e-03
2.105905031001654298e-03
1.789777910546630491e-02
3.306779727709995703e-03
1.330488897711522810e-02
1.679674762718649447e-02
3.956110705808969091e-03
5.357345003516779218e-03
1.901579622461931421e-02
1.843803580302416124e-03
9.315723255623603594e-03
1.977841053379899780e-02
8.814724575326452621e-03
2.040538771518743758e-02
2.709292835677126060e-02
2.486903989306628315e-03
6.774515272558079455e-03
2.439899425057523441e-02
1.584675593533165991e-03
1.513282318944093353e-02
5.207649272933692966e-03
2.721140974844886602e-03
1.189846151981352289e-02
3.085240103274053750e-03
6.954062953348539439e-03
2.615705567646606222e-03
3.862017286623697573e-03
9.773764919528058620e-03
9.729799626173846194e-03
1.432518568819023813e-03
4.206949136860897026e-02
1.158172324853780875e-02
5.947942778836102715e-03
2.105905031001654298e-03
1.888128571015002671e-02
2.410315284077147770e-03
1.116407631187090604e-02
3.118935184963105706e-02
2.670830189184157828e-03
5.189454417420075530e-03
3.049354127862016761e-02
1.843803580302416124e-03
2.072176219580924156e-02
1.480481739441471059e-02
4.808300180762540947e-03
1.809744259683682827e-02
1.705181970893967017e-02
6.466314229321777629e-03
6.774515272558079455e-03
2.439899425057523441e-02
1.584675593533165991e-03
1.820111739728838551e-02
5.207649272933692966e-03
2.721140974844886602e-03
1.189846151981352289e-02
1.978562554953914102e-03
3.980694410353841084e-03
2.615705567646606222e-03
3.862017286623697573e-03
1.168114310823085977e-02
1.137749159770882861e-02
1.432518568819023813e-03
2.754491734302740025e-02
1.327026930035848235e-02
4.535852718122422578e-04
2.105905031001654298e-03
1.888128571015002671e-02
2.410315284077147770e-03
6.656112005836850587e-03
3.417057017593890661e-02
3.809356973855172138e-03
2.094734286139088124e-03
6.543471887395378717e-02
1.457137875819627601e-04
2.072176219580924156e-02
1.238319306362863081e-02
1.046615699405086322e-02
1.809744259683682827e-02
1.705181970893967017e-02
7.715800715937376313e-03
6.774515272558079455e-03
2.439899425057523441e-02
5.625926788158182659e-03
1.820111739728838551e-02
5.207649272933692966e-03
2.721140974844886602e-03
1.235046748408797149e-02
1.978562554953914102e-03
3.980694410353841084e-03
2.615705567646606222e-03
3.862017286623697573e-03
5.398313612068536549e-03
8.357088731769983514e-03
1.432518568819023813e-03
2.757759897505527094e-02
1.327026930035848235e-02
1.052675303244057564e-03
2.105905031001654298e-03
1.252730921365627359e-02
2.410315284077147770e-03
1.234417142433887407e-02
2.651211166837609198e-02
6.952554205553931194e-04
2.094734286139088124e-03
2.516098826555906304e-02
1.457137875819627601e-04
3.912822759169239106e-02
1.614271521617388974e-02
3.137468483546122788e-02
1.347519690326078393e-02
2.132847662762970414e-02
7.715800715937376313e-03
6.774515272558079455e-03
2.689375034452527735e-02
3.327248694823756354e-03
2.098863365892400176e-02
5.207649272933692966e-03
2.721140974844886602e-03
1.164716435919347856e-02
2.002856246889675711e-03
4.517524818734832727e-03
1.916594371582669345e-03
3.862017286623697573e-03
7.272889548597038720e-03
1.506181778454186888e-02
1.432518568819023813e-03
2.099647104066042561e-02
5.753200915268739252e-03
1.052675303244057564e-03
2.105905031001654298e-03
2.619705834064791489e-02
1.648702181821277372e-03
1.732254553979393000e-02
2.651211166837609198e-02
6.952554205553931194e-04
2.054003062461076234e-03
1.949545437171525814e-02
1.457137875819627601e-04
3.912822759169239106e-02
2.411603819762411435e-02
2.586454872098507135e-02
7.934921830023623779e-03
1.968659752611453401e-02
1.503845893739232803e-02
6.774515272558079455e-03
2.689375034452527735e-02
4.783929525350807260e-03
2.098863365892400176e-02
6.581347540343078853e-03
4.868074223702014390e-03
1.574778533475176823e-02
2.002856246889675711e-03
8.372169624461158616e-03
1.916594371582669345e-03
3.432050474094716468e-03
7.272889548597038720e-03
2.178733436420158751e-02
1.432518568819023813e-03
2.100257090821585487e-02
5.005870056950897061e-03
1.052675303244057564e-03
3.111982130560311810e-03
2.619705834064791489e-02
1.648702181821277372e-03
1.732254553979393000e-02
2.651211166837609198e-02
2.401127574608888544e-03
4.484654045977392277e-03
2.134483608174502986e-02
1.457137875819627601e-04
3.912822759169239106e-02
4.482431047859109646e-02
1.821051460366398048e-02
7.801574732795505188e-03
1.955559683974976773e-02
1.503845893739232803e-02
6.774515272558079455e-03
2.932907751228647913e-02
6.662639951878058728e-03
2.220944672363103431e-02
9.260872685560483236e-03
5.010670917316648043e-03
2.180560395338624474e-03
2.002856246889675711e-03
9.790173864753058328e-03
3.620517364725467889e-03
3.373282746477666155e-03
7.654363040002089280e-03
2.498925328146507641e-02
1.432518568819023813e-03
1.878921259771901275e-02
9.671148359521528071e-05
1.052675303244057564e-03
3.111982130560311810e-03
1.253115474640392572e-02
1.648702181821277372e-03
3.431284099205607341e-02
2.651211166837609198e-02
2.401127574608888544e-03
8.042808449958067582e-03
2.928446313401662782e-02
1.457137875819627601e-04
3.787687831707188535e-02
4.482431047859109646e-02
5.835066672459858494e-03
1.088858121426351799e-02
2.278601554622549166e-02
2.194586135227693732e-02
8.555876477054406848e-03
1.519135002653544848e-02
4.365171677412302623e-03
2.220944672363103431e-02
8.750786145514404327e-03
7.420544928736223615e-03
3.146659133939511393e-03
2.002856246889675711e-03
1.026150966492900100e-02
3.915200953824545145e-03
2.255882907533431070e-03
7.654363040002089280e-03
2.498925328146507641e-02
1.432518568819023813e-03
1.878921259771901275e-02
9.671148359521528071e-05
1.052675303244057564e-03
3.111982130560311810e-03
1.253115474640392572e-02
1.648702181821277372e-03
3.685399543216903717e-02
2.651211166837609198e-02
2.401127574608888544e-03
9.426437782836749602e-03
4.722108145780903876e-02
1.457137875819627601e-04
3.666370367306518580e-02
4.597934532486910864e-02
6.650645228546178678e-03
1.331312721955235819e-02
4.284667333717219473e-02
1.527165927350443778e-02
2.060893430005963922e-02
1.519135002653544848e-02
4.367119570538713531e-03
2.304898764383632795e-02
8.750786145514404327e-03
3.631509484011398448e-02
3.966554332630019622e-03
2.002856246889675711e-03
2.433653295782592721e-02
3.915200953824545145e-03
2.009972344652755614e-03
1.515478961970778866e-02
1.983914895647349505e-02
1.432518568819023813e-03
7.361633748499496997e-03
9.671148359521528071e-05
1.052675303244057564e-03
3.111982130560311810e-03
1.253115474640392572e-02
4.533924616030135697e-04
2.942402136560294534e-03
1.745404440227841039e-02
2.530196573840482691e-03
9.426437782836749602e-03
3.357372426523276554e-02
1.457137875819627601e-04
2.353171379842682737e-02
4.786115571015311931e-02
8.695029598839960211e-03
1.275153133786331369e-02
2.584570698080565845e-02
1.527165927350443778e-02
2.035495360551725641e-02
1.519135002653544848e-02
9.507289627873703047e-04
9.547455190961454813e-03
5.743670210844476626e-03
4.045391927110116026e-02
3.966554332630019622e-03
1.916898650045678523e-03
2.413086179896792652e-02
2.001187178449735649e-04
2.009972344652755614e-03
1.535581690742836465e-02
2.089432899005850761e-02
7.450877352209693549e-03
4.776099568634338197e-03
9.671148359521528071e-05
1.052675303244057564e-03
2.828012970617754980e-03
1.113854596145417465e-02
4.533924616030135697e-04
1.580037602116128939e-02
1.745404440227841039e-02
4.868479844914687903e-03
9.426437782836749602e-03
3.357372426523276554e-02
1.457137875819627601e-04
4.425749340096526985e-02
4.786115571015311931e-02
8.695029598839960211e-03
1.275153133786331369e-02
2.584570698080565845e-02
1.527165927350443778e-02
2.035495360551725641e-02
1.519135002653544848e-02
1.710385261173702487e-04
9.825655689360633660e-03
2.336784578933879305e-03
3.040645398847163089e-02
3.966554332630019622e-03
1.929769949164509158e-03
2.382144868373519547e-02
6.062233980001476008e-03
7.274093690849456340e-03
1.156768037380329940e-02
4.115851922442137489e-02
8.394128609637899890e-03
4.348505610088326118e-03
6.378549058736904080e-03
1.052675303244057564e-03
2.828012970617754980e-03
1.153425561530945637e-02
1.102837633686216956e-03
1.677800740493072193e-02
1.745404440227841039e-02
2.443608446176318005e-02
9.426437782836749602e-03
3.726586561961262034e-02
1.457137875819627601e-04
4.425749340096526985e-02
4.786115571015311931e-02
8.695029598839960211e-03
1.077833694015571837e-02
2.584570698080565845e-02
1.596372076188531594e-02
2.035495360551725641e-02
1.853654760401598697e-02
1.710385261173702487e-04
1.913973370287836220e-02
9.600828565278470353e-04
3.356139980873905360e-02
3.966554332630019622e-03
3.293165164552511182e-03
2.074342155577590940e-02
6.062233980001476008e-03
7.274093690849456340e-03
1.537726392454734706e-02
3.417940723098972233e-02
8.394128609637899890e-03
5.785613731085121475e-03
6.378549058736904080e-03
1.052675303244057564e-03
2.828012970617754980e-03
1.391340693189994406e-02
3.270556000614684936e-03
1.677800740493072193e-02
1.641734625451704219e-02
2.708933796088188253e-02
6.440240395577861120e-03
3.207169149935383545e-02
2.884799025372255903e-03
4.839422169552551334e-02
4.786115571015311931e-02
1.113696453186392710e-02
1.077833694015571837e-02
3.995029889681639412e-02
2.156884643866443033e-02
2.035495360551725641e-02
8.126238819966274604e-03
1.872518342233091791e-03
1.389226303003314456e-02
9.600828565278470353e-04
1.848847790551431253e-02
3.966554332630019622e-03
3.293165164552511182e-03
2.074342155577590940e-02
9.982682125215060209e-03
7.274093690849456340e-03
1.201255242680373571e-02
3.417940723098972233e-02
6.692528333373822143e-03
5.785613731085121475e-03
6.378549058736904080e-03
6.976695525975394954e-04
2.465473085036152742e-03
1.930229029397922264e-02
3.270556000614684936e-03
1.677800740493072193e-02
1.009921878861149216e-02
2.347508878410051875e-02
8.122241833811237599e-03
2.520535830202730310e-02
2.884799025372255903e-03
4.838898163836902189e-02
3.342456972279266025e-02
8.673614409609176068e-03
8.621318451845947153e-03
3.995029889681639412e-02
2.822551269585968359e-02
2.035495360551725641e-02
8.126238819966274604e-03
1.872518342233091791e-03
1.260449345886541922e-02
9.526065249785337823e-04
1.841122811436283688e-02
3.966554332630019622e-03
3.293165164552511182e-03
2.074342155577590940e-02
8.938038576355743225e-03
7.274093690849456340e-03
1.201255242680373571e-02
3.417940723098972233e-02
6.692528333373822143e-03
5.785613731085121475e-03
5.418309944071466461e-03
6.976695525975394954e-04
2.465473085036152742e-03
2.099825069261099936e-02
3.173957240922363476e-03
2.273646596173741624e-02
1.315485389879383904e-03
1.559872065577150822e-02
8.127128804773729384e-03
4.602053674665426003e-02
2.884799025372255903e-03
5.227335184231232668e-02
3.342456972279266025e-02
9.032758179076649449e-03
7.868403217499011365e-03
3.995029889681639412e-02
4.189215631120446481e-02
2.642171117932855598e-02
8.126238819966274604e-03
1.872518342233091791e-03
9.117224722468036946e-03
9.526065249785337823e-04
1.841122811436283688e-02
6.507467100274055838e-04
2.618417327114065489e-03
2.074342155577590940e-02
8.938038576355743225e-03
3.468288645632781539e-03
1.201255242680373571e-02
3.417940723098972233e-02
6.692528333373822143e-03
5.785613731085121475e-03
4.693846594460640217e-03
6.976695525975394954e-04
2.465473085036152742e-03
2.099825069261099936e-02
6.345766462728870058e-03
2.273646596173741624e-02
1.315485389879383904e-03
1.670338538991743629e-02
7.822845375305181176e-03
3.399625264578512440e-02
2.884799025372255903e-03
3.756565492035159048e-02
3.342456972279266025e-02
1.474729758899050863e-02
9.298176254590817189e-03
3.995029889681639412e-02
4.189215631120446481e-02
2.902144181548813387e-02
8.126238819966274604e-03
2.124618934605452918e-03
1.187763131459539621e-02
9.526065249785337823e-04
6.885614244398211709e-03
6.482716114152344824e-04
2.618417327114065489e-03
2.074342155577590940e-02
1.153686008610122285e-02
3.155307071235838833e-03
1.107690475143616529e-02
2.491224915435506782e-02
6.692528333373822143e-03
5.785613731085121475e-03
7.414183646015422985e-03
1.496305428029911719e-03
2.465473085036152742e-03
2.099825069261099936e-02
5.886981316849445450e-04
2.273646596173741624e-02
1.076206940161428868e-03
2.999870846574449745e-02
6.673792440128619753e-03
3.988725999922022869e-02
2.667938595251465213e-03
2.302604700608771801e-02
7.444129693592115016e-03
1.474729758899050863e-02
6.077119583677830644e-03
3.995029889681639412e-02
4.930112615497576900e-02
2.902255888844197662e-02
5.529151536855589875e-03
2.124618934605452918e-03
1.458524136963320131e-02
9.526065249785337823e-04
6.885614244398211709e-03
6.482716114152344824e-04
2.618417327114065489e-03
2.074342155577590940e-02
1.083905653172818201e-02
1.769721820949060609e-04
1.107690475143616529e-02
2.491224915435506782e-02
6.692528333373822143e-03
5.785613731085121475e-03
7.414183646015422985e-03
1.496305428029911719e-03
2.465473085036152742e-03
2.269348613732481701e-02
2.111931931411258068e-03
2.273646596173741624e-02
3.740865276434782519e-03
3.053186285385599621e-02
7.313403480430587245e-03
2.395674100320051292e-02
2.729134888367551210e-03
3.027885034543375750e-02
2.352427561116787833e-03
1.081455704074190186e-02
8.967396664933909023e-03
3.107347659237066212e-02
4.930112615497576900e-02
2.469417082776680789e-02
4.931404794718190904e-03
2.056986820919799383e-03
1.348386322226085253e-02
5.916640685704677854e-03
6.830770518782714601e-03
1.062232263033708289e-03
2.618417327114065489e-03
1.120045957071047482e-03
1.083905653172818201e-02
1.769721820949060609e-04
7.252893552253066901e-03
2.491224915435506782e-02
7.121758428593199727e-03
3.292194606399266761e-03
1.001636562365261322e-02
1.383653388278816530e-04
2.465473085036152742e-03
2.269348613732481701e-02
2.111931931411258068e-03
2.273646596173741624e-02
5.831924015408196035e-03
3.053186285385599621e-02
6.139678375637570504e-03
2.780739917134359557e-02
1.082875142497008968e-02
2.857700765173365465e-02
3.063988611912966172e-03
1.081455704074190186e-02
4.958719690408268203e-03
2.521289709663495845e-02
4.930112615497576900e-02
2.479696338754169838e-02
4.931404794718190904e-03
1.638421661689988974e-03
1.233484966587599860e-02
5.916640685704677854e-03
6.830770518782714601e-03
2.211728478207727368e-03
2.618417327114065489e-03
1.120045957071047482e-03
9.714195411737425526e-03
2.420779651180079929e-04
2.172284891058372941e-03
2.116916960293147368e-02
8.457386321443880958e-03
3.712148490442549170e-03
2.776932762814955484e-03
1.383653388278816530e-04
2.465473085036152742e-03
3.669010157416101314e-02
2.111931931411258068e-03
3.055885932529382037e-02
5.831924015408196035e-03
3.053186285385599621e-02
6.139678375637570504e-03
2.755981804593217108e-02
1.082875142497008968e-02
3.287988666078398015e-02
3.063988611912966172e-03
1.081455704074190186e-02
1.605277593403446612e-03
2.277385445531236383e-02
4.930112615497576900e-02
1.586776139055658466e-02
4.931404794718190904e-03
3.871225190010384870e-03
1.163238178662319086e-02
3.056925484639078268e-03
5.473873031135921725e-03
2.211728478207727368e-03
2.618417327114065489e-03
3.321092024769402989e-03
8.564700507649089176e-03
1.149806673613471171e-03
2.190533514930005903e-03
2.529464258897024670e-02
2.840280841608509160e-03
5.193379200419412541e-03
3.053655578313001825e-03
7.272181273159624218e-03
2.465473085036152742e-03
2.887266894217079688e-02
6.031829181902117337e-03
3.116045864325101347e-02
5.831924015408196035e-03
4.488492660813975937e-02
7.701510108200136304e-03
2.633241131203555713e-02
5.794549729743242797e-03
2.257370435741197848e-02
3.068507095769748734e-03
1.081455704074190186e-02
1.605277593403446612e-03
2.277385445531236383e-02
4.930112615497576900e-02
9.308313651641933473e-03
4.931404794718190904e-03
2.495260927370553626e-03
1.237348170415452850e-02
3.056925484639078268e-03
5.544225230463979345e-03
2.211728478207727368e-03
2.618417327114065489e-03
1.894352980618961221e-03
1.502428289138420942e-02
1.554741564781299962e-03
2.364433654412062286e-03
2.529464258897024670e-02
1.746465909846982474e-03
5.193379200419412541e-03
2.406911332801660655e-03
5.206078881065419675e-03
2.465473085036152742e-03
2.887266894217079688e-02
9.909693281284499833e-03
3.116045864325101347e-02
5.831924015408196035e-03
4.488492660813975937e-02
7.701510108200136304e-03
2.633241131203555713e-02
5.928216784484461807e-03
2.832092069694851916e-02
3.068507095769748734e-03
1.081455704074190186e-02
1.605277593403446612e-03
2.277385445531236383e-02
4.930112615497576900e-02
1.534526031050342104e-02
5.216707737194833938e-03
2.607204535438690032e-03
1.111733682116380906e-02
3.056925484639078268e-03
5.544225230463979345e-03
2.211728478207727368e-03
1.057729490069408973e-03
6.321605343128371308e-04
1.125194240651484351e-02
1.554741564781299962e-03
2.811689251586968301e-03
2.817897958920862617e-02
5.173155611536703682e-04
5.355210562831118522e-03
2.406911332801660655e-03
5.206078881065419675e-03
2.465473085036152742e-03
2.887266894217079688e-02
7.912157254524857311e-03
1.247307378534390568e-02
5.831924015408196035e-03
2.442174818637964442e-02
1.712791143668214444e-04
2.633241131203555713e-02
1.872023245174219558e-02
2.977011567611180867e-02
1.026908720221529278e-02
1.081455704074190186e-02
1.605277593403446612e-03
1.724738429468313308e-02
3.016605276516592243e-02
1.534526031050342104e-02
5.393919016464125693e-03
2.607204535438690032e-03
4.912217952425387661e-03
3.056925484639078268e-03
5.544225230463979345e-03
2.211728478207727368e-03
1.057729490069408973e-03
6.321605343128371308e-04
7.353266066225721750e-03
2.130131973737856791e-03
2.773616071363884002e-03
2.817897958920862617e-02
5.173155611536703682e-04
8.181788854639705094e-03
2.884467629678185395e-03
4.786798949131284078e-03
3.475213415360652557e-03
2.887266894217079688e-02
6.715197176411660460e-03
1.152293782194717224e-02
5.831924015408196035e-03
4.283114570486553502e-02
1.712791143668214444e-04
2.867178643195247151e-02
1.776906975922352624e-02
4.056909102761521724e-02
7.826588832598728451e-03
1.081455704074190186e-02
7.041734195737010815e-03
1.724738429468313308e-02
3.016605276516592243e-02
1.534526031050342104e-02
5.689729829855252365e-03
4.133352107724087322e-03
2.249888691952671178e-03
3.056925484639078268e-03
5.544225230463979345e-03
2.213175238322180084e-03
1.057729490069408973e-03
6.321605343128371308e-04
6.410256888875514453e-03
2.130131973737856791e-03
2.504877934312383942e-03
2.817897958920862617e-02
1.440277414191388008e-03
8.181788854639705094e-03
2.884467629678185395e-03
4.786798949131284078e-03
3.997087728883506365e-03
2.135556311070268068e-02
1.056264206109210763e-03
1.152293782194717224e-02
7.804336231806555113e-03
1.913064497129103592e-02
1.712791143668214444e-04
3.418824241349737586e-02
1.248615176441367908e-02
2.311052343109691251e-02
4.769591951985348299e-03
1.081455704074190186e-02
4.724442212620207603e-03
1.724738429468313308e-02
3.016605276516592243e-02
1.534526031050342104e-02
7.064904534225483618e-04
1.577642288515557906e-02
2.249888691952671178e-03
3.056925484639078268e-03
5.089478935542944039e-03
9.529773046937294392e-03
1.124016800338221642e-02
1.663896935336281512e-03
1.036229001963806344e-02
2.785216030057658700e-03
2.800827021437266549e-03
2.817897958920862617e-02
1.440277414191388008e-03
8.181788854639705094e-03
2.884467629678185395e-03
4.786798949131284078e-03
4.211394280566896353e-03
1.370539522652309758e-02
1.056264206109210763e-03
1.152293782194717224e-02
6.604534960185459366e-03
1.595278756578973403e-02
3.435695560338841194e-03
3.418824241349737586e-02
1.270285417553822412e-02
3.000362892841214324e-02
4.769591951985348299e-03
1.486884261990029099e-02
1.442889793125333095e-02
1.724738429468313308e-02
2.706817274594995257e-02
1.472842713776848986e-02
7.064904534225483618e-04
1.383913653154562190e-02
1.681762314624546525e-03
3.056925484639078268e-03
7.308454002063356249e-03
9.332752504325270496e-03
1.264876439341541120e-02
1.541752247069732087e-02
1.139029072277906660e-02
6.717461438777463240e-03
3.361208956514111917e-03
2.817897958920862617e-02
4.861217906596102152e-04
8.181788854639705094e-03
2.884467629678185395e-03
4.786798949131284078e-03
9.074072489137635644e-04
3.290556922213259960e-02
1.056264206109210763e-03
8.539037524332711987e-03
6.604534960185459366e-03
1.663135532686831064e-02
3.435695560338841194e-03
3.418824241349737586e-02
9.928016177343419041e-03
3.000362892841214324e-02
4.769591951985348299e-03
2.096365243090522051e-02
1.442889793125333095e-02
1.724738429468313308e-02
1.869266914307983127e-02
1.472842713776848986e-02
1.582994594089504482e-03
1.368401774810503770e-02
1.681762314624546525e-03
3.056925484639078268e-03
9.821201990474393365e-03
6.878097586496628724e-03
1.847805540460871823e-02
2.187268286623758953e-02
8.722993771343192509e-03
1.302333712143591976e-02
2.713934067887115512e-03
4.100706070756941768e-02
5.291344117648897477e-03
7.810894761879402098e-04
2.884467629678185395e-03
4.786798949131284078e-03
9.074072489137635644e-04
3.493010142797096235e-02
6.852379698093855748e-04
8.539037524332711987e-03
6.756353266312607048e-03
1.663135532686831064e-02
6.283098087912606863e-03
3.418824241349737586e-02
9.232345242406703525e-03
3.000362892841214324e-02
4.769591951985348299e-03
2.096365243090522051e-02
1.442889793125333095e-02
1.724738429468313308e-02
3.305782762641213540e-02
1.469054023312087523e-02
1.582994594089504482e-03
5.202784367101975782e-03
1.681762314624546525e-03
1.186443609291538276e-02
9.821201990474393365e-03
1.468067660927234452e-02
2.146554834472612708e-02
3.187870660227178077e-02
1.344611213447473134e-02
8.982530513968269709e-03
8.356545640925631957e-03
3.222166976651008596e-02
1.144761491975848297e-03
7.810894761879402098e-04
2.884467629678185395e-03
5.232566577328130741e-03
9.074072489137635644e-04
3.023400580113326866e-02
6.852379698093855748e-04
8.539037524332711987e-03
1.823210694735509160e-03
1.663135532686831064e-02
6.283098087912606863e-03
3.766011833682261084e-02
2.123071906357121546e-03
3.000362892841214324e-02
5.280651639357889469e-03
2.096365243090522051e-02
1.442889793125333095e-02
3.166515983121596239e-02
3.646523222685586763e-02
1.466877582179237222e-02
1.582994594089504482e-03
5.202784367101975782e-03
1.681762314624546525e-03
1.683194250936547592e-02
5.641875049082206370e-03
9.520513711289570191e-03
2.146554834472612708e-02
3.604920299768972491e-02
1.765207783128075816e-03
8.982530513968269709e-03
2.064116402356457047e-02
7.029153717331615425e-02
1.144761491975848297e-03
1.063352906391994710e-03
2.884467629678185395e-03
2.380523263854300228e-03
9.074072489137635644e-04
3.023400580113326866e-02
5.833591893647364392e-04
8.539037524332711987e-03
1.823210694735509160e-03
1.663135532686831064e-02
6.283098087912606863e-03
2.278638916083923147e-02
1.709915810380419239e-03
3.000362892841214324e-02
7.042366525999927199e-03
2.096365243090522051e-02
1.442889793125333095e-02
2.458737288908662000e-02
1.317672034217162898e-02
1.909440108967101757e-02
1.582994594089504482e-03
1.841209189688942189e-04
1.750927246154502376e-03
1.134822166930719856e-03
5.505754659784104811e-03
1.261731536109615345e-02
1.798275441886341280e-02
4.710467354123304418e-02
1.584157826287876112e-03
6.008218268463266440e-03
1.663290073562272847e-02
5.321209008488497760e-02
1.144761491975848297e-03
1.063352906391994710e-03
6.381455546144314955e-03
2.380523263854300228e-03
9.074072489137635644e-04
3.023400580113326866e-02
2.513063578354871215e-04
8.539037524332711987e-03
2.578649440714672354e-03
1.663135532686831064e-02
6.283098087912606863e-03
1.823887395874159226e-02
1.316389561056553054e-03
3.000362892841214324e-02
5.600898110235889849e-03
2.967990255953856932e-02
1.442889793125333095e-02
2.600502728460788934e-02
1.317672034217162898e-02
1.909440108967101757e-02
2.550977060706088005e-03
7.117661964019816184e-03
7.220172385954074651e-04
9.929861141802862751e-03
8.088910805543527219e-03
4.648882265006417866e-03
1.533899736375577035e-02
4.068674553138285771e-02
6.563878613486206701e-03
5.575702187865709189e-03
1.030917994622341724e-02
7.014919721968940203e-02
1.144761491975848297e-03
8.731471844306384553e-03
8.282237992877163751e-03
3.073768019890215503e-03
8.875033177607374174e-04
2.973496470615690987e-02
1.146333088936315157e-02
8.539037524332711987e-03
4.064532092375711288e-03
1.663135532686831064e-02
4.738604035149625825e-03
1.006754106600061399e-02
1.316389561056553054e-03
1.936074634940168626e-02
1.296237844473170642e-03
2.967990255953856932e-02
1.442889793125333095e-02
2.600502728460788934e-02
1.317672034217162898e-02
1.909440108967101757e-02
2.550977060706088005e-03
7.117661964019816184e-03
7.220172385954074651e-04
9.929861141802862751e-03
8.088910805543527219e-03
7.760608270900330383e-03
1.479579033697482268e-02
4.068674553138285771e-02
1.160464445811558616e-02
2.862462430012713450e-03
1.030917994622341724e-02
7.087115749295956613e-02
1.144761491975848297e-03
1.415010624118327905e-02
1.044485495928394909e-02
3.073768019890215503e-03
8.875033177607374174e-04
2.973496470615690987e-02
1.146333088936315157e-02
8.539037524332711987e-03
2.165598670514802017e-03
1.663135532686831064e-02
6.058994349060206792e-03
9.036031254456285827e-03
1.316389561056553054e-03
2.305691051472989403e-02
1.296237844473170642e-03
2.860331656199374337e-02
2.779872219306299408e-02
2.285574000559324748e-02
1.350316046455602922e-02
1.909440108967101757e-02
2.550977060706088005e-03
3.739350360198561308e-03
7.220172385954074651e-04
2.593309988247799805e-02
6.141988591728695691e-03
1.436193477021225360e-03
8.392042147995016146e-03
4.068674553138285771e-02
1.581929888181608096e-02
2.862462430012713450e-03
9.579735022038651099e-03
7.087115749295956613e-02
1.144761491975848297e-03
1.692550433348691263e-02
1.289677608965256184e-02
3.073768019890215503e-03
8.875033177607374174e-04
4.464285958455913028e-02
9.090417209375919322e-03
3.472454386995161429e-03
3.055635793241135226e-03
5.559889757789364395e-03
6.058994349060206792e-03
1.323804273212847438e-02
1.316389561056553054e-03
1.601818874330279696e-02
1.296237844473170642e-03
2.075289320384039043e-02
2.779872219306299408e-02
1.917192814831860520e-02
4.999562657536172142e-03
1.991148136258104329e-02
2.550977060706088005e-03
3.739350360198561308e-03
6.842873918167697873e-04
2.593309988247799805e-02
9.587861126617075805e-03
3.837527162240875200e-02
6.826860626414596976e-03
4.611267307647519409e-02
8.868086393712714191e-03
7.182972784407404623e-03
9.320699710836505975e-03
7.087115749295956613e-02
1.144761491975848297e-03
8.720781088285663868e-03
1.409543086743625384e-02
3.073768019890215503e-03
8.875033177607374174e-04
2.486248566514343700e-02
9.090417209375919322e-03
2.250854966376257711e-03
4.577113200402567646e-03
6.250756375096887252e-03
6.058994349060206792e-03
1.303387272741430430e-02
1.316389561056553054e-03
1.608975599735007825e-02
1.296237844473170642e-03
2.075289320384039043e-02
2.779872219306299408e-02
1.853348783861014440e-02
4.999562657536172142e-03
1.991148136258104329e-02
3.048863897011968790e-03
6.180494097517018684e-03
6.842873918167697873e-04
2.780323576334696456e-02
1.868956402842935488e-02
8.168324243857952305e-03
6.608666084117693733e-03
2.763695068252042947e-02
9.243141798466173245e-03
7.182972784407404623e-03
5.032083118668259809e-03
6.589720747858193728e-02
6.276245963509750891e-03
2.077309049525435242e-03
1.581691300581407680e-02
3.894070554483905315e-03
8.875033177607374174e-04
2.456314991879042162e-02
9.090417209375919322e-03
2.878953727182302288e-03
9.473310270728854676e-03
7.409293901454352960e-03
6.058994349060206792e-03
5.231593360636593859e-02
6.707351038884225986e-04
8.823972185859382811e-03
1.296237844473170642e-03
2.075289320384039043e-02
2.779872219306299408e-02
1.417428788291215033e-02
4.999562657536172142e-03
1.991148136258104329e-02
3.128402654259246785e-03
3.456614803540579775e-03
6.842873918167697873e-04
2.925606468769166579e-02
1.868956402842935488e-02
4.115822250059006371e-03
5.901674973634377097e-03
4.392722714383467952e-02
8.559773460813621324e-03
8.507889746724121155e-04
6.707258359617925512e-03
9.693456934155010585e-02
5.481060973174143106e-03
3.661920761205454938e-03
1.581691300581407680e-02
3.894070554483905315e-03
8.875033177607374174e-04
2.456314991879042162e-02
9.090417209375919322e-03
2.892863574412294931e-03
9.473310270728854676e-03
1.087319328591005926e-02
1.519986509212903694e-03
5.231593360636593859e-02
3.493959712668213979e-03
7.219977848115319979e-03
2.063378652520149719e-03
2.075289320384039043e-02
2.779872219306299408e-02
1.364042939680180574e-02
1.366527318586675289e-02
1.991148136258104329e-02
3.128402654259246785e-03
4.861895850581566744e-03
6.842873918167697873e-04
1.296393021560996936e-02
1.583296511222004321e-02
4.115822250059006371e-03
8.038777036746255766e-03
1.033164269659278718e-02
2.369416534196684340e-03
8.518600744412239620e-03
2.473522623566601266e-03
1.098489324742275564e-01
2.687222794601297482e-03
3.661920761205454938e-03
1.416937757045381302e-02
4.208907716154376699e-03
8.875033177607374174e-04
1.747588218690817458e-02
4.840843296707149357e-03
2.977458367643193334e-03
9.473310270728854676e-03
1.432935818637218368e-02
1.519986509212903694e-03
5.629839636498602112e-02
3.493959712668213979e-03
7.219977848115319979e-03
5.112154479975676222e-03
2.075289320384039043e-02
2.385724225774092655e-02
1.364042939680180574e-02
1.431822644309540225e-02
1.551681093922627382e-02
3.128402654259246785e-03
4.861895850581566744e-03
6.842873918167697873e-04
2.499373227855957239e-02
1.335425435051766641e-02
4.115822250059006371e-03
1.031333984374622689e-02
1.033164269659278718e-02
3.859332179006491094e-03
7.766030823501520602e-03
2.661108669360280447e-03
9.553734200876827509e-02
5.204636612627937427e-03
6.484344596271387692e-03
1.416937757045381302e-02
4.208907716154376699e-03
8.875033177607374174e-04
1.747588218690817458e-02
3.827511580736919078e-03
7.078502196193901808e-03
9.473310270728854676e-03
1.472866039036434607e-02
1.519986509212903694e-03
3.604661289599648405e-02
3.493959712668213979e-03
1.037100611576817835e-02
5.112154479975676222e-03
2.075289320384039043e-02
1.631774178741345754e-02
2.543351848943303101e-02
1.417265498382152059e-02
1.551681093922627382e-02
2.591089588865832377e-03
4.861895850581566744e-03
6.842873918167697873e-04
3.843564234916974770e-02
1.335425435051766641e-02
4.138036683691297471e-03
1.054504523876684426e-02
7.973663887554912136e-03
6.892306312374270501e-03
8.352474075902661249e-03
4.256336100146655178e-03
9.582741075452969048e-02
4.936717974724997085e-03
6.484344596271387692e-03
1.416937757045381302e-02
6.674528333520630269e-03
7.638818815302486458e-04
1.246320771809329535e-02
3.827511580736919078e-03
7.975532501879061334e-03
9.473310270728854676e-03
1.460361706801971762e-02
1.519986509212903694e-03
3.604661289599648405e-02
3.493959712668213979e-03
1.037100611576817835e-02
5.112154479975676222e-03
2.075289320384039043e-02
2.375112802164207337e-02
2.480086217671095827e-02
9.251669247886246811e-03
1.210771088679560813e-02
2.591089588865832377e-03
6.728652876076939189e-03
6.842873918167697873e-04
3.843564234916974770e-02
1.715778714347871228e-02
4.138036683691297471e-03
1.243687572620359380e-02
9.112315687455449509e-03
4.869773163167990387e-03
9.596764264749830381e-03
5.608788462945750279e-03
9.582741075452969048e-02
5.116938533170918568e-03
6.522032429354110081e-03
9.195878177979642520e-03
8.117407414202689603e-04
2.086728266537996035e-03
7.774442166672801760e-03
3.827511580736919078e-03
8.043442917243492571e-03
9.473310270728854676e-03
1.460361706801971762e-02
1.519986509212903694e-03
6.663923224013409974e-02
3.493959712668213979e-03
4.510631593666073955e-04
5.112154479975676222e-03
2.075289320384039043e-02
2.375112802164207337e-02
2.020218426110476778e-02
9.251669247886246811e-03
7.019553848972038060e-03
2.591089588865832377e-03
7.134681597852747699e-03
6.842873918167697873e-04
8.210569946001593060e-04
1.715778714347871228e-02
4.138036683691297471e-03
1.255971243387004124e-02
9.112315687455449509e-03
4.869773163167990387e-03
7.884726460310468449e-03
1.841335072250473159e-02
9.582741075452969048e-02
4.894173174644841917e-05
5.297284558292276319e-03
7.357582940584708742e-03
8.199675849911156663e-04
2.341329505646579361e-03
6.076620107924556036e-04
3.827511580736919078e-03
1.049129116618592594e-03
9.473310270728854676e-03
1.043348423434095618e-02
2.195635656447322316e-03
4.877539728129109964e-02
3.493959712668213979e-03
8.533023749735380373e-03
5.723984978183919818e-03
3.353745296582922447e-02
2.375112802164207337e-02
2.020218426110476778e-02
9.251669247886246811e-03
7.019553848972038060e-03
2.899749187867417879e-03
7.134681597852747699e-03
6.842873918167697873e-04
8.210569946001593060e-04
1.826318873721456335e-02
3.167705198962193769e-03
1.255971243387004124e-02
1.266441387853763090e-02
4.156430020866519470e-03
7.884726460310468449e-03
2.291885142745596349e-02
9.582741075452969048e-02
4.894173174644841917e-05
5.505272005972559543e-03
9.897407281916778543e-03
4.823973344443479444e-05
2.341329505646579361e-03
1.230358614955980208e-04
3.827511580736919078e-03
1.874473865088058244e-03
9.473310270728854676e-03
1.905356973747027519e-02
2.195635656447322316e-03
2.849504426894827747e-02
3.493959712668213979e-03
8.048275632142044139e-03
5.723984978183919818e-03
3.353745296582922447e-02
2.375112802164207337e-02
2.020218426110476778e-02
1.089099996018540184e-02
7.050249504918493053e-03
1.477557534159941975e-03
7.134681597852747699e-03
1.766097362498725374e-03
3.812879191057951499e-03
1.532451894806420578e-02
3.961383072289600266e-04
1.342715100836533795e-02
3.699797299842951664e-02
4.068685087305680750e-03
7.884726460310468449e-03
3.198262419452492511e-02
9.582741075452969048e-02
4.894173174644841917e-05
5.505272005972559543e-03
6.145574044475059922e-03
3.269792376107933957e-03
2.804173590588721673e-03
1.111707060230927857e-03
6.451857728047079299e-03
7.459396866326722247e-03
1.880418129964374699e-02
2.276000775724479341e-02
6.552843494183679257e-03
5.779813258043899754e-02
3.493959712668213979e-03
8.048275632142044139e-03
5.723984978183919818e-03
3.353745296582922447e-02
2.375112802164207337e-02
2.337337422472824180e-02
1.089099996018540184e-02
7.050249504918493053e-03
2.414761424438735971e-03
1.030460286668791539e-02
1.766097362498725374e-03
3.812879191057951499e-03
1.532451894806420578e-02
3.961383072289600266e-04
1.342715100836533795e-02
3.699797299842951664e-02
4.068685087305680750e-03
7.884726460310468449e-03
1.877652774027395097e-02
5.012510350593946812e-02
1.085767428271442684e-03
4.908951437429791981e-03
6.275897673461518222e-03
2.598440340762609574e-03
4.014501846580190679e-03
4.178908959924986996e-05
1.004487249445379371e-04
7.768577154071901539e-03
1.593279725375694456e-02
2.276000775724479341e-02
7.102450481728039139e-03
4.503078686325575480e-02
3.493959712668213979e-03
9.635313152737093323e-03
5.723984978183919818e-03
2.442153796786595416e-02
2.375112802164207337e-02
1.659150014302769247e-02
1.604605285261785641e-02
7.050249504918493053e-03
2.414761424438735971e-03
2.399828226225270839e-03
2.246227462837255447e-03
3.928038828869075821e-03
1.532451894806420578e-02
3.961383072289600266e-04
1.342715100836533795e-02
1.997476256905136513e-02
4.659305331701502073e-03
7.884726460310468449e-03
1.883790526454711192e-02
5.012510350593946812e-02
3.851099574146839635e-03
1.719824005477911966e-03
1.278470818180820791e-02
2.598440340762609574e-03
4.014501846580190679e-03
5.637192603046818282e-03
1.010267584987794773e-03
6.902384982507310009e-03
1.593279725375694456e-02
1.532026821685319659e-02
4.324301257680272098e-03
8.412883436150167538e-02
3.493959712668213979e-03
9.635313152737093323e-03
8.891855579861572545e-03
2.035874588452364631e-02
2.375112802164207337e-02
1.405731855157739581e-02
1.211302875803705117e-02
1.058092405603111227e-02
6.815457880763506858e-03
2.352423170058444077e-03
2.246227462837255447e-03
3.882565779491839279e-03
1.532451894806420578e-02
3.961383072289600266e-04
1.342715100836533795e-02
3.007114677197064712e-02
3.505327504155011931e-03
7.884726460310468449e-03
2.648141985670228113e-02
4.816001046934371976e-02
2.767969458226625813e-03
1.719824005477911966e-03
9.860843914617459238e-03
2.598440340762609574e-03
4.014501846580190679e-03
5.637192603046818282e-03
7.310324499496311055e-04
1.020606486812752033e-02
1.660460198582085559e-02
1.532026821685319659e-02
3.690064503573778874e-03
9.091944414762270776e-02
3.885057381190261568e-03
3.358548615951671874e-03
7.220676394739607845e-03
2.035874588452364631e-02
8.764625118498715894e-03
1.405731855157739581e-02
1.211302875803705117e-02
9.920444348979651217e-03
1.592561389551471959e-02
1.220007240465863316e-03
2.401022711025470758e-03
3.882416972962889588e-03
1.532451894806420578e-02
3.609722562479470006e-04
5.275138496723336470e-03
4.499688303852907023e-02
5.746289659160773618e-03
7.884726460310468449e-03
2.000691824389714407e-02
5.223761360819924315e-02
6.295987754584651992e-03
2.116423619382949966e-03
3.981859136362193158e-03
6.901037629224978168e-03
3.126723747544656040e-03
5.637192603046818282e-03
3.001094603841962700e-03
1.930207042706343773e-02
9.004404418247949002e-03
1.532026821685319659e-02
1.930673502315851178e-03
3.511342811946105424e-02
3.885057381190261568e-03
3.358548615951671874e-03
7.220676394739607845e-03
2.035874588452364631e-02
1.288043015708801795e-02
1.405731855157739581e-02
1.360028438797737486e-02
9.920444348979651217e-03
1.592561389551471959e-02
1.220007240465863316e-03
1.510652657626410707e-03
3.882416972962889588e-03
1.532451894806420578e-02
3.609722562479470006e-04
5.275138496723336470e-03
4.499688303852907023e-02
1.513255041362174258e-02
7.884726460310468449e-03
1.837004623312803522e-02
5.327471595251141723e-02
7.556677155514229458e-03
2.116423619382949966e-03
3.981859136362193158e-03
6.680684565701706934e-03
3.126723747544656040e-03
3.699735803749618947e-03
3.266248667858724294e-03
1.930207042706343773e-02
1.226064525034133157e-02
1.762656724387470786e-02
1.930673502315851178e-03
3.511342811946105424e-02
3.803875593637286862e-03
1.269294047197623218e-03
7.328348910679667247e-03
1.488046860600350171e-02
8.928987587073887108e-03
1.405731855157739581e-02
1.360028438797737486e-02
1.235060757977399400e-02
1.592561389551471959e-02
7.488334614517214161e-04
3.632653587637842477e-03
1.361575530876448989e-03
1.532451894806420578e-02
3.609722562479470006e-04
5.275138496723336470e-03
3.227149115911903676e-02
1.438487292504862791e-02
1.133798932921551393e-02
1.837004623312803522e-02
3.421519910191183483e-02
8.575513957111672789e-03
5.962129208529217371e-03
3.981859136362193158e-03
5.790797826554283656e-03
3.126723747544656040e-03
3.699735803749618947e-03
6.274764135647340098e-03
1.672254255859849381e-02
7.766242872473572145e-03
1.604523893853133584e-02
1.769370929500156675e-03
5.767122592291853977e-02
6.886771059295359286e-03
1.269294047197623218e-03
7.328348910679667247e-03
1.173460312448331398e-02
1.376410641923283239e-02
1.405731855157739581e-02
8.958434749570738306e-03
1.235060757977399400e-02
1.592561389551471959e-02
7.488334614517214161e-04
3.632653587637842477e-03
3.478722522276432236e-04
1.532451894806420578e-02
3.609722562479470006e-04
9.191201094180751277e-03
2.992543202030991528e-02
1.438487292504862791e-02
1.133798932921551393e-02
1.705116287995565166e-02
2.912777637280706405e-02
1.275787461561295362e-02
9.347498696076095293e-03
9.416757312041258710e-03
4.718812687396932090e-03
3.126723747544656040e-03
3.699735803749618947e-03
6.274764135647340098e-03
1.410722321904710544e-02
8.025244286592566473e-03
7.668565918632657373e-03
1.769370929500156675e-03
5.767122592291853977e-02
6.886771059295359286e-03
1.269294047197623218e-03
7.328348910679667247e-03
1.173460312448331398e-02
9.774375571117537020e-04
2.734701474079346065e-02
1.026935766545369541e-02
1.235060757977399400e-02
1.307764070471330309e-02
4.188493013357771216e-03
3.632653587637842477e-03
3.478722522276432236e-04
1.532451894806420578e-02
3.609722562479470006e-04
9.283582201496233186e-03
5.969222749108810122e-02
4.959619401040962772e-03
9.436650542128593305e-03
1.705116287995565166e-02
9.930743895435229993e-03
1.050329283856028979e-02
6.900619872113287166e-03
9.416757312041258710e-03
4.718812687396932090e-03
3.126723747544656040e-03
4.984399380678144857e-03
6.274764135647340098e-03
1.352741518098563717e-02
7.307470903512244126e-03
6.878190364977682797e-03
1.043183726395456416e-03
5.767122592291853977e-02
6.886771059295359286e-03
1.269294047197623218e-03
3.857231979694191251e-03
1.173460312448331398e-02
9.774375571117537020e-04
1.935502689638399568e-02
1.233603781573614985e-02
9.217769100884684944e-03
1.307764070471330309e-02
4.188493013357771216e-03
9.790038088842413500e-03
3.298585613736744731e-04
1.532451894806420578e-02
3.609722562479470006e-04
9.941749092087517892e-03
3.350663773297022502e-02
4.405290294712776826e-03
8.361404094215397001e-03
1.454120378271686609e-02
2.254958492283977434e-02
9.852076934535245606e-03
5.335689480414055122e-03
9.416757312041258710e-03
4.652395733561595290e-03
3.094045044061416103e-03
4.333111636496159332e-03
6.274764135647340098e-03
6.961862056187274536e-03
5.727062319712107261e-03
6.878190364977682797e-03
1.043183726395456416e-03
5.767122592291853977e-02
6.886771059295359286e-03
1.269294047197623218e-03
3.857231979694191251e-03
1.618490170419266058e-02
9.774375571117537020e-04
2.157411062102450316e-02
2.591142549338408541e-02
6.300610147693752952e-03
1.307764070471330309e-02
4.188493013357771216e-03
2.991492741477542322e-02
1.144197889599448022e-02
1.532451894806420578e-02
3.609722562479470006e-04
1.161999375343700583e-02
4.408679246106692040e-02
4.405290294712776826e-03
8.361404094215397001e-03
1.454120378271686609e-02
1.549747660485560272e-02
1.318579506324932607e-02
4.526038007353321534e-03
9.167537882034452329e-03
4.652395733561595290e-03
3.688956217672119658e-03
1.287547643236240311e-02
5.655517465845350672e-03
6.961862056187274536e-03
9.453355401165354499e-03
9.909641478489925048e-03
9.317909188538611026e-04
1.920509916336869682e-02
3.554777245853190520e-03
1.269294047197623218e-03
2.743445198893601847e-03
2.014483588431432645e-02
9.774375571117537020e-04
1.610844900730355050e-02
2.591142549338408541e-02
1.609645627905768872e-03
1.307764070471330309e-02
4.188493013357771216e-03
2.991492741477542322e-02
1.805808243822766904e-02
1.535854535713626623e-02
3.609722562479470006e-04
1.161999375343700583e-02
4.408679246106692040e-02
4.405290294712776826e-03
8.361404094215397001e-03
1.454120378271686609e-02
1.549747660485560272e-02
1.044667280196641748e-02
3.648781355415524081e-03
9.167537882034452329e-03
4.652395733561595290e-03
9.952668769479845745e-04
1.181786382207338990e-02
5.655517465845350672e-03
1.183940253439039192e-02
9.453355401165354499e-03
9.909641478489925048e-03
9.317909188538611026e-04
2.084277802673304564e-02
4.227616965339695346e-03
1.269294047197623218e-03
2.424181383985248624e-03
2.506948705930896887e-02
9.774375571117537020e-04
2.699734782795092103e-02
1.242780968570842207e-02
3.382442396523152248e-03
1.203518112989503466e-02
4.188493013357771216e-03
3.155473444731873162e-02
1.292505399851370806e-02
1.513039859801615372e-02
3.609722562479470006e-04
1.473636315507276424e-02
4.408679246106692040e-02
4.405290294712776826e-03
8.361404094215397001e-03
1.450574862460282666e-02
1.549747660485560272e-02
1.044667280196641748e-02
3.648781355415524081e-03
9.167537882034452329e-03
4.652395733561595290e-03
5.427362967963360318e-03
1.181786382207338990e-02
5.655517465845350672e-03
1.183940253439039192e-02
9.453355401165354499e-03
1.483635366053074299e-02
9.317909188538611026e-04
1.892888127616541155e-02
5.627690199018058406e-03
1.269294047197623218e-03
6.688966114074540795e-03
1.582522788859790086e-02
9.774375571117537020e-04
1.897392347573497243e-02
1.049397395824793605e-02
2.190289146603707684e-03
1.411096766647309056e-02
4.188493013357771216e-03
3.177548956535272695e-02
1.292505399851370806e-02
1.531673466052907787e-02
2.426948505564478688e-04
2.391276537932222890e-02
4.408679246106692040e-02
4.405290294712776826e-03
8.361404094215397001e-03
1.450574862460282666e-02
1.549747660485560272e-02
1.044667280196641748e-02
3.648781355415524081e-03
9.167537882034452329e-03
4.652395733561595290e-03
5.427362967963360318e-03
1.170660215018548556e-02
6.800717209967452673e-03
1.183940253439039192e-02
9.453355401165354499e-03
2.177673195429802311e-02
9.317909188538611026e-04
4.085834429466895373e-02
3.662353795104341444e-03
1.269294047197623218e-03
4.652811467672407497e-03
1.582522788859790086e-02
9.837078282983590521e-04
1.177776710359767012e-02
1.217122978098654669e-02
2.190289146603707684e-03
1.587737193595416610e-02
4.585631246516367818e-03
2.668291074455716658e-02
2.448828893346188806e-02
3.071089052227027327e-05
2.426948505564478688e-04
2.391276537932222890e-02
4.408679246106692040e-02
2.395916854453334147e-03
8.001618546049546130e-03
1.450574862460282666e-02
1.549747660485560272e-02
1.044667280196641748e-02
3.648781355415524081e-03
9.167537882034452329e-03
3.647477693857868394e-03
4.965833619647135044e-03
1.253741082345674954e-02
6.800717209967452673e-03
3.474317205231683414e-03
1.070465968371139484e-02
2.177673195429802311e-02
9.317909188538611026e-04
3.996702457305745249e-02
1.814924494482759304e-03
1.269294047197623218e-03
5.077516008490349717e-03
1.582522788859790086e-02
1.625004808806283872e-03
9.796444577429442441e-03
1.726987557782902472e-02
2.190289146603707684e-03
2.929812781601012772e-02
4.585631246516367818e-03
3.481679461860764241e-02
2.719202832989675578e-02
3.071089052227027327e-05
5.438569071113865533e-04
1.460733188170649718e-02
3.465818281587261518e-02
2.395916854453334147e-03
7.884286094944919013e-03
1.450800561914030069e-02
1.763012152521731268e-02
9.734933937295572187e-03
2.854931199278942962e-03
9.167537882034452329e-03
4.227894050871695147e-03
4.965833619647135044e-03
1.253741082345674954e-02
6.800717209967452673e-03
4.767369993737882380e-03
1.100750700963247161e-02
2.177673195429802311e-02
9.317909188538611026e-04
2.664300850565080175e-02
1.814924494482759304e-03
1.269294047197623218e-03
1.528052162736619549e-03
1.575838356474625404e-02
1.413018524308461490e-03
1.123803637469002366e-02
2.217047244309116802e-02
2.190289146603707684e-03
1.966285488521197014e-02
4.585631246516367818e-03
2.327274344796342181e-02
1.254706139242676988e-02
3.071089052227027327e-05
1.035943258826607823e-03
1.014496227564013267e-02
5.105634379752001240e-02
2.280303229738886786e-04
1.164764110268575424e-02
1.467233912187327835e-02
1.254259165183442895e-02
1.128400995972451797e-02
2.854931199278942962e-03
8.657873789555535493e-03
4.227894050871695147e-03
7.970514958659259339e-03
1.253741082345674954e-02
1.207055046678470571e-02
1.611729914468510577e-03
1.529569990252770649e-02
2.248958059411882912e-02
9.317909188538611026e-04
2.818549694589881152e-02
1.825738589633427167e-02
1.269294047197623218e-03
1.528052162736619549e-03
1.265372959474214687e-02
4.647750354191138196e-03
6.115363661032618796e-03
2.189805788301505893e-02
2.359261305921211624e-03
1.966285488521197014e-02
5.313460682089352766e-03
1.503470863135972918e-02
1.285493017147288503e-02
3.071089052227027327e-05
1.224025242740706338e-03
2.298678594058624347e-02
5.891306181223348454e-02
2.280303229738886786e-04
1.164764110268575424e-02
5.570305534390669958e-03
1.265752647410160574e-02
8.677498583686448635e-03
2.854931199278942962e-03
3.062096780902950205e-03
4.227894050871695147e-03
7.970514958659259339e-03
1.255753906270887406e-02
1.207055046678470571e-02
3.690792165935916080e-05
1.529569990252770649e-02
2.248958059411882912e-02
9.317909188538611026e-04
2.818549694589881152e-02
1.825738589633427167e-02
1.269294047197623218e-03
1.803512077333853034e-03
1.631460830230654219e-02
4.957217611126005577e-03
3.610401225151689888e-03
1.857063666082301584e-02
2.359261305921211624e-03
8.466998050121745181e-03
4.507874676629476662e-03
1.434325810374029175e-02
1.020971256559744314e-02
4.271660689851099896e-03
1.224025242740706338e-03
1.871039953287894492e-02
3.764385778263626414e-02
2.280303229738886786e-04
1.164764110268575424e-02
5.570305534390669958e-03
1.060950654510328314e-02
9.701656778568892858e-03
6.491838357507995205e-04
3.069568888991100301e-03
4.227894050871695147e-03
1.091633533603852263e-02
1.255753906270887406e-02
1.207055046678470571e-02
3.612665183561766195e-04
1.529569990252770649e-02
2.248958059411882912e-02
8.587306217639428894e-04
3.310766268129965162e-02
1.825738589633427167e-02
1.269294047197623218e-03
1.803512077333853034e-03
2.109172666023570453e-02
4.957217611126005577e-03
2.742443334032059615e-03
1.857063666082301584e-02
2.359261305921211624e-03
9.343402489076488293e-03
4.753052363305042965e-03
1.211351522154182833e-02
1.020971256559744314e-02
3.182059302207808360e-04
1.397753401381012905e-03
1.370721084324645102e-02
3.764385778263626414e-02
6.932867617241647443e-04
1.602723790330778594e-02
5.570305534390669958e-03
9.314403084061229077e-03
9.701656778568892858e-03
6.491838357507995205e-04
3.069568888991100301e-03
4.227894050871695147e-03
1.091633533603852263e-02
5.323969767149105969e-03
1.207055046678470571e-02
3.612665183561766195e-04
1.529569990252770649e-02
2.990758659945572107e-02
2.830598744592039209e-03
4.780683874277456835e-02
2.095119937658454501e-02
1.434265472479141074e-02
1.803512077333853034e-03
2.139091968588294895e-02
3.040412957998357008e-03
2.497150675959138554e-03
1.660978958266148831e-02
2.359261305921211624e-03
9.490258664085472057e-03
7.780721457896014499e-03
8.767722788904402237e-03
1.020971256559744314e-02
1.770010705460354355e-02
2.235817173671961894e-02
1.370721084324645102e-02
3.764385778263626414e-02
6.989110776224533202e-03
1.536861190258462413e-02
5.570305534390669958e-03
5.895537154268961494e-03
9.701656778568892858e-03
6.491838357507995205e-04
4.278944874831599327e-03
5.176718472038713964e-03
8.014033834014012633e-03
3.312679704845036734e-03
6.833533665402645452e-03
2.366496585065016450e-03
1.806565935776394127e-02
1.979421533159408247e-02
3.928080229824900023e-03
4.780683874277456835e-02
2.137768741880664153e-02
6.599481428612708617e-03
2.026231552475450670e-03
2.139091968588294895e-02
1.973828743147411705e-02
1.559217876890280768e-03
4.549090271263548507e-03
2.359261305921211624e-03
9.990655127203585534e-03
7.388171806677414771e-03
1.108301268876207141e-02
1.506859027577435624e-02
1.952932921412624603e-02
1.675837734735929896e-02
1.370721084324645102e-02
3.764385778263626414e-02
3.893820809472408467e-03
1.249159702883544110e-02
5.570305534390669958e-03
5.301180148601054160e-03
8.334634201001145035e-03
6.491838357507995205e-04
5.055293047903787473e-03
5.176718472038713964e-03
1.201899368415527969e-02
2.860867488311034414e-03
7.903870630912961104e-03
4.504148669058208494e-03
4.763420508919508078e-03
2.810780964403925691e-02
3.928080229824900023e-03
3.171818485766758622e-02
1.960122378390599662e-02
6.599481428612708617e-03
8.390402491157094959e-04
1.379943351397098540e-02
2.777977894896389507e-02
1.559217876890280768e-03
6.772802228539844677e-03
1.815537981410659651e-03
9.369393306753133477e-03
1.055972713519129011e-02
1.108301268876207141e-02
1.215321189186657075e-02
1.224201698014670131e-02
1.240019106506851619e-02
1.370721084324645102e-02
3.764385778263626414e-02
3.893820809472408467e-03
1.249159702883544110e-02
5.570305534390669958e-03
5.793054724442601999e-03
9.821704683408209041e-03
6.491838357507995205e-04
5.055293047903787473e-03
5.042473746229358261e-03
5.457575805981431001e-03
2.860867488311034414e-03
7.903870630912961104e-03
2.681951372118317189e-03
4.763420508919508078e-03
2.959115525382886164e-02
2.489917445395460009e-03
3.171818485766758622e-02
3.438726502322840897e-03
1.032711668210957445e-03
8.390402491157094959e-04
1.379943351397098540e-02
2.777977894896389507e-02
1.559217876890280768e-03
6.044402299275759491e-03
4.487257338812822988e-03
9.064508144117348898e-03
1.055972713519129011e-02
9.430189317259040499e-03
1.215321189186657075e-02
1.224201698014670131e-02
1.182942691218318368e-02
1.370721084324645102e-02
3.669855937366744286e-02
5.974975185914615725e-03
1.985266521904056197e-02
6.924129079511041202e-03
4.716509939595586905e-03
1.133296400304071097e-02
1.617070450142463547e-02
5.055293047903787473e-03
2.162631089634624304e-03
4.401323646955539876e-03
2.459994576993822582e-03
2.763845212029512888e-03
6.923884744959109966e-03
4.763420508919508078e-03
4.092472884020616902e-02
8.853418062804586236e-05
2.302466073299299157e-02
3.438726502322840897e-03
5.117065246605500412e-04
1.162535286433531104e-03
1.998089832935321178e-02
4.075084787539319520e-02
2.458479930359881108e-03
6.044402299275759491e-03
5.199544037207205587e-03
1.143654517261978934e-02
1.365972320433972952e-02
9.430189317259040499e-03
1.215321189186657075e-02
1.341719014643683386e-02
1.415466398646104268e-02
8.912198192054014700e-03
2.707107787455606193e-02
1.148056663391630247e-02
1.548437491564362903e-02
6.924129079511041202e-03
4.716509939595586905e-03
2.422345197029574654e-02
1.617070450142463547e-02
5.055293047903787473e-03
3.058636964916529050e-03
4.537846570833304997e-03
3.649791566103657327e-03
9.171564248803640990e-03
1.425734143817507238e-02
2.731399407718145510e-03
4.092472884020616902e-02
8.853418062804586236e-05
2.286051052290520580e-02
3.438726502322840897e-03
5.117065246605500412e-04
1.162535286433531104e-03
1.998089832935321178e-02
4.075084787539319520e-02
2.458479930359881108e-03
6.044402299275759491e-03
1.164493178513244936e-03
1.094624633097840763e-02
1.712128092369831489e-02
9.430189317259040499e-03
1.215321189186657075e-02
2.730342025446400728e-02
1.568708606596996499e-02
1.114597129344940818e-02
2.726023646832789749e-02
1.673143431684543866e-02
1.944065302977941723e-02
1.006328798276818343e-02
4.716509939595586905e-03
3.012734442116320882e-02
1.816646951615527583e-02
4.639531596266257413e-04
4.746728611727802499e-03
3.622084462263100435e-03
1.562713544277609390e-04
9.171564248803640990e-03
1.425734143817507238e-02
3.398113050472413924e-03
4.092472884020616902e-02
4.214666622640665314e-03
1.295291664087995509e-02
1.434182685017089919e-03
5.117065246605500412e-04
6.898369167424985016e-03
1.383187553380575696e-02
5.465730849314924533e-02
2.458479930359881108e-03
6.044402299275759491e-03
1.164493178513244936e-03
1.149876900362437060e-02
1.729149471598194661e-04
2.325120871279333368e-03
1.215321189186657075e-02
2.730342025446400728e-02
1.354659579353209575e-02
1.167005052925315124e-02
4.018189806032735484e-02
2.371648946166841215e-02
1.686976242996775580e-02
1.006328798276818343e-02
4.716509939595586905e-03
3.012734442116320882e-02
1.816646951615527583e-02
4.639531596266257413e-04
5.993902781881540152e-03
1.314737765920209744e-02
1.219714359592216461e-03
1.933247669674010086e-02
7.991977077716722749e-03
1.566899739682948642e-03
3.760302006818878190e-02
7.244604851421328380e-03
8.279335262236797027e-03
1.434182685017089919e-03
5.117065246605500412e-04
3.570053483266251784e-03
1.429730141005327963e-02
5.465730849314924533e-02
2.458479930359881108e-03
6.044402299275759491e-03
1.164493178513244936e-03
1.149876900362437060e-02
4.727382657380437654e-05
5.210327299496140402e-03
1.215321189186657075e-02
1.855284190987153276e-02
1.431109290677553061e-02
1.600677467526055373e-02
6.337985861060396742e-02
2.067718148633710881e-02
1.647375913371739928e-02
1.006328798276818343e-02
4.716509939595586905e-03
2.022848188537838821e-02
1.765132486330273781e-02
4.639531596266257413e-04
6.959184818660966478e-03
1.314737765920209744e-02
1.875881962875480986e-03
1.933247669674010086e-02
7.991977077716722749e-03
2.077809652819272504e-03
4.886385661230379512e-02
4.777657354252525142e-03
2.241942632374701455e-03
3.975774231424016730e-03
3.290215297141406078e-03
5.570177263196168793e-03
1.429730141005327963e-02
5.365703310760669420e-02
2.458479930359881108e-03
1.442313618173076545e-02
1.146932761208267456e-03
1.055296847768103126e-02
1.480209223158486173e-03
4.483653282896318121e-03
1.215321189186657075e-02
2.171051229769579982e-02
1.431109290677553061e-02
1.075463938892452787e-02
7.828305316902310629e-02
1.774179529919260936e-02
1.027040716222939708e-02
5.893347866278372121e-03
4.716509939595586905e-03
2.106119848055857877e-02
1.765132486330273781e-02
4.639531596266257413e-04
6.959184818660966478e-03
1.314737765920209744e-02
7.313262280752853318e-03
1.952434907736269945e-02
7.991977077716722749e-03
1.311561981806405423e-03
2.634991324470194879e-02
2.544894406522986777e-02
2.241942632374701455e-03
4.120847591413375269e-03
3.290215297141406078e-03
7.653432913196783760e-04
1.429730141005327963e-02
5.365703310760669420e-02
2.458479930359881108e-03
1.884821005182687678e-02
1.146932761208267456e-03
1.055296847768103126e-02
6.980093639079594514e-03
3.358193552037426824e-03
1.215321189186657075e-02
2.945199631253143241e-02
1.694325835249420320e-02
1.075463938892452787e-02
7.961098771319588541e-02
7.972937887629823195e-03
7.639748883448971989e-03
5.709362190471058141e-03
4.716509939595586905e-03
1.679739755621244973e-02
1.353936591996598993e-02
3.750465828855891609e-03
7.533400942338439044e-03
9.431559063126478820e-03
5.211211114136879083e-03
2.699499268931236998e-02
1.525213517983693354e-02
1.219127969091988832e-02
2.634991324470194879e-02
1.426787449806811263e-02
2.241942632374701455e-03
6.010298179074377578e-03
3.290215297141406078e-03
6.881951215853038435e-04
6.631830892342319844e-03
5.788743510349449867e-02
2.458479930359881108e-03
1.884821005182687678e-02
1.146932761208267456e-03
1.173526581232489478e-02
4.291562712292564842e-03
3.358193552037426824e-03
1.215321189186657075e-02
5.831068581447072796e-03
1.452768737135266136e-02
1.124853891139385165e-02
3.457070738212135452e-02
7.972937887629823195e-03
5.266721418269999615e-03
4.259167059385262667e-03
4.716509939595586905e-03
1.679739755621244973e-02
1.353936591996598993e-02
3.750465828855891609e-03
1.024562742532702207e-02
1.677468191861612029e-02
5.211211114136879083e-03
2.453923978879374301e-02
2.146459116174928572e-02
1.648078311362505960e-02
1.991815077423943203e-02
1.426787449806811263e-02
2.241942632374701455e-03
6.010298179074377578e-03
3.673866104074028499e-03
6.881951215853038435e-04
7.655120362838982451e-03
5.788743510349449867e-02
2.458479930359881108e-03
1.884821005182687678e-02
1.146932761208267456e-03
1.530252801510724459e-02
2.009480629800839552e-02
9.275343099481997422e-04
5.690856005252308350e-03
6.081619442535541112e-03
3.929438392318726492e-02
1.098338876308667909e-02
1.317728156767450885e-02
1.401624614027463522e-02
5.998337915890205110e-03
3.706288583264858577e-03
4.716509939595586905e-03
1.363682983464740289e-02
9.466860548379288712e-03
4.371184376975568997e-03
6.207422578809930307e-03
2.282808378127207730e-02
2.950315195570841435e-03
2.453923978879374301e-02
2.146459116174928572e-02
1.648078311362505960e-02
2.570688426274224739e-02
1.584320131101023960e-02
1.251362027641713792e-03
6.010298179074377578e-03
2.792756070928747655e-03
6.881951215853038435e-04
7.655120362838982451e-03
5.788743510349449867e-02
2.458479930359881108e-03
1.884821005182687678e-02
1.146932761208267456e-03
1.847962962500154793e-02
2.009480629800839552e-02
9.275343099481997422e-04
7.420772368066127882e-03
9.137156426632164069e-03
3.182412788147184063e-02
8.816701321468750630e-03
1.123451708466432011e-02
1.126571563367451644e-02
6.380547960775702354e-03
3.706288583264858577e-03
4.716509939595586905e-03
1.363682983464740289e-02
1.033759158018121918e-02
3.899736637949769401e-03
6.068273383547343955e-03
2.674572333903853238e-02
2.950315195570841435e-03
2.461965507298397374e-02
2.146459116174928572e-02
1.218901805350538700e-02
4.732745019307586787e-02
2.007788185340117146e-02
1.610036702425244074e-03
4.584790062520666641e-03
1.650148761123540649e-03
6.881951215853038435e-04
7.655120362838982451e-03
5.788743510349449867e-02
2.458479930359881108e-03
1.884821005182687678e-02
1.146932761208267456e-03
1.847962962500154793e-02
2.009480629800839552e-02
2.325874222559783013e-03
9.898796597522581397e-03
8.690691798586787364e-03
2.981123702721629257e-02
8.041442317302679998e-03
1.637305908207700028e-02
1.272572961883672131e-02
1.516002501804845394e-02
3.541441619229191567e-03
4.716509939595586905e-03
1.335127230639660684e-02
1.033759158018121918e-02
3.899736637949769401e-03
8.855046585822796620e-03
2.343675170432988480e-02
2.543435221154263012e-03
2.669493998887850078e-02
2.260225724286116233e-02
1.218901805350538700e-02
4.732745019307586787e-02
2.007788185340117146e-02
1.610036702425244074e-03
5.082011620693870427e-03
1.650148761123540649e-03
6.881951215853038435e-04
7.655120362838982451e-03
4.849806141912779700e-02
2.759246318478547708e-03
1.339447383889343438e-02
6.677944652914562587e-03
2.294827311758589061e-02
2.841216605678806295e-03
1.297928753093138474e-03
1.557793837546807541e-03
1.802125192516378397e-03
2.034052482607092913e-02
5.592953563716708196e-03
8.912345059227552019e-03
1.664216801727137068e-02
1.196798462625843495e-02
3.306740967115655207e-03
4.716509939595586905e-03
1.729862470833580870e-02
1.033759158018121918e-02
2.900885156623594485e-03
8.855046585822796620e-03
2.343675170432988480e-02
2.602024152919435885e-03
2.669493998887850078e-02
2.260225724286116233e-02
1.540511726863327477e-02
4.732745019307586787e-02
2.259890968685854262e-02
1.610036702425244074e-03
4.042883017212617336e-03
5.880634053850468390e-03
6.881951215853038435e-04
1.514867943983179074e-02
4.534710092262776715e-02
3.864005308290913848e-03
1.339447383889343438e-02
6.677944652914562587e-03
4.707796062781629057e-03
2.698848400448767247e-03
1.792871080105338730e-04
5.479615626572041827e-03
3.381430250444704411e-03
1.359742736296356592e-02
3.125042935687040186e-03
7.303151764961090045e-03
1.371935796901029708e-02
1.261746752403184943e-02
2.821744558195217641e-03
4.716509939595586905e-03
1.839712613892451748e-02
1.033759158018121918e-02
2.912223873760054135e-03
5.856852103085090876e-03
5.116953272339766490e-02
7.341995593424311024e-03
2.669493998887850078e-02
1.228108374963266664e-02
1.540511726863327477e-02
4.730860379700788099e-02
2.698537133007302552e-02
3.818636728781451672e-03
4.042883017212617336e-03
5.459172207563894874e-03
6.881951215853038435e-04
1.953686061146185995e-02
5.345501891334814709e-02
3.864005308290913848e-03
1.605153909313601635e-02
6.677944652914562587e-03
4.707796062781629057e-03
3.878235838816994005e-03
7.996678679194601722e-03
5.479615626572041827e-03
2.708570175983088246e-02
1.899682219981041129e-02
3.125042935687040186e-03
7.303151764961090045e-03
1.667602718253071228e-02
1.497352026743255932e-02
1.150612302745154109e-02
4.716509939595586905e-03
2.241561633722870261e-02
1.033759158018121918e-02
9.820840099315358840e-04
5.856852103085090876e-03
5.116953272339766490e-02
5.143725161295220269e-03
2.875383782337525077e-02
2.118615355704251205e-02
9.572147285372806583e-03
4.730860379700788099e-02
2.509434804792648119e-02
4.179026308535078310e-03
4.015452269396821774e-03
1.356795049035635845e-03
7.538550868954913865e-03
4.089962229066275434e-02
5.345501891334814709e-02
6.462723367405458566e-03
1.605153909313601635e-02
1.517785799927742763e-04
4.707796062781629057e-03
3.907454624307548675e-03
1.171708007379205357e-02
4.952782571639430427e-03
6.476865767824752616e-04
1.482054202061430098e-02
3.125042935687040186e-03
7.303151764961090045e-03
1.718469691736744173e-02
4.378262640773372683e-03
1.456942536655981071e-02
4.716509939595586905e-03
2.241561633722870261e-02
2.599171553114235783e-03
9.820840099315358840e-04
5.856852103085090876e-03
1.109465872529582370e-02
5.675288482275498737e-03
2.875383782337525077e-02
2.013690938071466263e-02
6.152469955798892109e-03
4.730860379700788099e-02
2.509434804792648119e-02
4.129910150662094437e-03
4.015452269396821774e-03
1.702776276611534922e-03
7.538550868954913865e-03
4.089962229066275434e-02
9.544191601649636147e-02
7.785072440387875992e-03
1.605153909313601635e-02
1.517785799927742763e-04
5.915994660661829871e-03
3.907454624307548675e-03
3.626323035966552092e-03
4.952782571639430427e-03
3.816595638569996243e-03
3.250603492632259811e-02
1.994533143176123458e-04
5.681600763140707069e-03
1.882916393433908819e-04
9.000182623565500251e-03
1.231355197711465899e-02
4.716509939595586905e-03
3.313027332053841006e-02
1.551404146147120425e-02
9.820840099315358840e-04
3.982053907829227746e-03
3.537184478223140416e-03
9.849441287387657520e-03
2.406797735200911711e-02
2.013690938071466263e-02
7.470660299204708379e-03
1.824880484473149697e-02
2.509434804792648119e-02
1.271234367145111961e-02
4.015452269396821774e-03
1.702776276611534922e-03
7.538550868954913865e-03
4.177598605336423770e-02
8.915866601091401722e-02
5.809883664971353216e-03
3.127666352930880134e-03
1.517785799927742763e-04
3.315567816560663870e-03
6.052633690483557455e-03
3.626323035966552092e-03
7.059172809835492779e-03
6.297495362235123149e-03
3.250603492632259811e-02
1.994533143176123458e-04
3.513499687344021766e-03
1.882916393433908819e-04
5.873173052187823269e-03
7.790069716263654451e-03
4.716509939595586905e-03
2.332566093522933301e-02
1.454626813089549692e-02
9.820840099315358840e-04
4.539799091097084481e-03
3.025273047237262043e-03
1.346010272232367293e-02
2.406797735200911711e-02
1.703031398313046771e-02
5.690861614968949211e-03
1.269206410178462530e-02
2.089852693170196618e-02
1.271234367145111961e-02
5.020154561981815013e-03
1.443079609041157674e-03
6.915209619719072352e-03
7.241291329220517214e-02
5.192252430876655167e-02
3.411514476486486591e-03
2.600201094681430132e-03
5.117947330772042863e-05
3.133978136887604488e-04
5.981020284130365156e-03
3.626323035966552092e-03
3.024441957877562967e-03
6.297495362235123149e-03
3.250603492632259811e-02
5.568747718831656285e-04
3.513499687344021766e-03
3.114763772216014651e-03
5.873173052187823269e-03
7.342628762399548356e-03
7.073771161365390199e-03
2.332566093522933301e-02
1.454626813089549692e-02
6.982009705260350295e-04
4.539799091097084481e-03
8.095380064067994944e-03
1.268272492179432255e-02
2.422442663263872642e-02
1.285197285305901375e-02
5.690861614968949211e-03
1.876563705747155697e-02
2.089852693170196618e-02
1.268267775959914037e-02
5.020154561981815013e-03
1.443079609041157674e-03
6.915209619719072352e-03
3.461602473897071319e-02
3.375167152314394875e-02
7.482488328387023116e-03
2.072108633405705946e-03
8.070502836200641947e-04
3.133978136887604488e-04
5.981020284130365156e-03
3.626323035966552092e-03
1.497008109276554144e-03
5.890448544673892312e-03
3.250603492632259811e-02
2.935960550451813950e-03
4.974305857183927183e-03
1.822522819039550405e-03
5.873173052187823269e-03
5.248137490846101552e-03
6.213667381424372964e-03
2.332566093522933301e-02
9.429530938372699192e-03
6.982009705260350295e-04
2.427328214819860115e-03
1.482631969885072828e-02
1.920973514170427540e-02
2.422442663263872642e-02
1.544098326145000588e-02
5.276143690942699388e-03
1.876563705747155697e-02
2.089852693170196618e-02
1.609365626533965782e-02
5.020154561981815013e-03
1.465263321608031508e-03
6.915209619719072352e-03
2.446719223528523099e-02
2.014177372904957936e-02
7.482488328387023116e-03
5.868071394823436843e-03
4.210816783863811572e-03
1.882735930710196376e-03
5.966737433328273173e-03
3.626323035966552092e-03
1.191621318878813675e-03
5.890448544673892312e-03
3.122647858842569901e-02
1.589088714503993950e-03
4.974305857183927183e-03
1.467358586385341529e-03
5.853676001997907413e-03
5.316575474179647404e-03
6.229329776867029503e-03
1.540071304143332369e-02
1.424905552689057289e-02
1.840180796024458443e-03
2.591602791156744426e-03
1.739364239230214298e-02
1.846164115801200711e-02
2.780161961971639936e-02
2.636032339756058315e-02
5.266835406650851106e-03
1.876563705747155697e-02
1.521934632722923668e-02
3.509947445892376561e-02
5.020154561981815013e-03
1.345892751050347140e-03
1.936071421634030787e-03
2.301276861735859422e-02
1.312055634842157828e-02
7.482488328387023116e-03
4.810331917639043900e-03
5.554148551571443104e-03
3.215300538983325782e-03
5.153139837661214855e-03
1.913654819183360778e-03
1.191621318878813675e-03
5.890448544673892312e-03
3.935446332522681695e-02
1.589088714503993950e-03
3.832688755020312657e-03
1.159172587356026643e-03
5.853676001997907413e-03
2.810279623412886146e-03
7.879195449933200368e-03
1.540071304143332369e-02
1.424905552689057289e-02
1.840180796024458443e-03
2.638699114411645948e-03
1.273498139091410949e-02
3.170256785993101623e-02
4.770865088843464358e-02
2.636032339756058315e-02
3.208666167212196121e-03
1.876563705747155697e-02
1.251492122718584309e-02
3.449107809661524499e-02
5.020154561981815013e-03
1.345892751050347140e-03
2.693874524418642374e-03
2.139687533927479846e-02
1.863393000086285139e-02
5.688121934392013392e-03
4.565591293563849365e-03
5.642118064052121032e-03
3.215300538983325782e-03
5.153139837661214855e-03
1.913654819183360778e-03
6.664317117084310026e-04
4.139482918140272028e-03
2.619679286391927639e-02
1.382792931970840871e-03
3.213370191565843165e-03
1.159172587356026643e-03
5.853676001997907413e-03
2.810279623412886146e-03
6.563861414782757447e-03
1.540071304143332369e-02
1.043755135864385571e-02
2.435649709843220462e-03
4.836488007454529947e-03
1.273498139091410949e-02
3.286474435661223409e-02
4.803826185089786482e-02
2.636032339756058315e-02
3.208666167212196121e-03
1.876563705747155697e-02
8.146098885193429895e-03
3.369240260239086265e-02
6.727372046668697245e-03
2.651728822656705675e-03
4.273007555243819346e-03
3.848963153633391115e-02
2.568918108277721754e-02
5.688121934392013392e-03
4.799192187456021927e-03
1.595545512750476055e-02
1.833293616681308611e-03
5.153139837661214855e-03
2.781352261182407255e-03
1.072148162720604550e-02
4.139482918140272028e-03
2.619679286391927639e-02
1.382792931970840871e-03
3.213370191565843165e-03
1.159172587356026643e-03
5.853676001997907413e-03
2.810279623412886146e-03
5.711662938138992868e-03
1.540071304143332369e-02
8.487242769247805088e-03
3.227463751880309175e-03
9.677666445987437652e-03
1.273498139091410949e-02
3.564657210113197222e-02
3.304023298483671489e-02
6.056294071498644072e-03
3.208666167212196121e-03
5.246225625971840528e-02
7.665890042705387694e-03
3.305005637362853216e-02
1.032229346795920932e-02
2.651728822656705675e-03
6.761497106053061291e-03
3.848963153633391115e-02
1.430867748792877432e-02
8.381553511365932158e-03
4.799192187456021927e-03
1.595545512750476055e-02
1.833293616681308611e-03
5.153139837661214855e-03
2.781352261182407255e-03
1.584738350713670724e-02
4.139482918140272028e-03
2.619679286391927639e-02
2.257952954818984864e-03
3.213370191565843165e-03
1.159172587356026643e-03
5.853676001997907413e-03
2.810279623412886146e-03
5.711662938138992868e-03
2.614210788443604647e-02
1.001388514580783644e-02
4.923993931686770908e-03
3.813265550749053712e-03
1.066378845963972255e-03
4.700101768029673471e-02
1.456504042263962601e-02
1.849654115835763085e-02
1.055191337626334991e-02
1.478110779022429218e-02
7.665890042705387694e-03
3.305005637362853216e-02
9.096799924235510204e-03
2.651728822656705675e-03
5.634473527381827530e-03
3.848963153633391115e-02
1.430867748792877432e-02
8.381553511365932158e-03
2.272875396357657354e-03
1.595545512750476055e-02
2.195151305078195565e-03
5.153139837661214855e-03
4.233859524361196364e-04
1.584738350713670724e-02
4.139482918140272028e-03
2.619679286391927639e-02
1.817472074098314388e-03
1.384339561519215729e-03
1.268060399566579366e-03
5.853676001997907413e-03
5.307339462698931580e-03
4.319877954285621623e-03
1.242265748524370300e-02
1.001388514580783644e-02
4.923993931686770908e-03
3.813265550749053712e-03
9.630665931678033392e-04
4.700101768029673471e-02
1.456504042263962601e-02
1.849654115835763085e-02
6.201616605682925762e-03
1.478110779022429218e-02
7.805254497553216694e-03
3.772635643985740306e-02
6.928027525071916298e-03
2.651728822656705675e-03
6.134067665875580361e-03
1.838736670143183843e-02
1.321076979824629787e-02
8.757299095922564669e-03
6.377747906669353761e-05
1.726708242573899224e-02
2.422885184049622821e-03
5.153139837661214855e-03
1.287265698498558150e-03
1.584738350713670724e-02
4.968469274517740668e-03
1.693714040989922898e-02
9.354550834578883103e-03
7.364591203525322656e-04
1.852556853271429852e-03
5.306929210295196347e-03
4.618751785166504663e-03
8.701136395473979893e-03
1.562623546888542575e-02
1.034241578129417236e-02
5.545441715329222851e-03
3.813265550749053712e-03
9.630665931678033392e-04
2.865502991391135137e-02
9.401396605157629534e-04
1.130642551995975770e-02
6.639640625334869428e-03
1.478110779022429218e-02
7.805254497553216694e-03
2.816287135897387398e-02
2.905964041516639548e-03
2.715634478080525445e-03
4.465418567423101205e-03
1.838736670143183843e-02
1.563593508467442383e-02
5.784497374592858891e-03
6.421680182967470091e-03
1.726708242573899224e-02
2.422885184049622821e-03
5.101757282019471311e-03
1.798368025081677896e-03
1.584738350713670724e-02
4.968469274517740668e-03
1.693714040989922898e-02
6.078090250701238817e-04
5.632138046218594131e-03
1.852556853271429852e-03
5.274089763320314109e-03
1.089080187659943223e-02
8.125879482400512679e-03
2.426920686435026300e-02
8.219040646310522835e-03
2.600472140785285713e-03
3.813265550749053712e-03
8.772373216687450294e-04
2.972936143152232064e-02
5.664288062536384019e-04
4.912665810086038268e-03
4.917198409814702367e-03
1.879905615354742626e-02
5.359847425625287667e-03
3.192885288209449529e-02
3.223208155506133987e-03
1.080879974514646104e-02
1.496596556762483377e-02
1.838736670143183843e-02
1.822228711353058098e-02
5.784497374592858891e-03
6.421680182967470091e-03
1.726708242573899224e-02
2.696621350211239523e-03
5.101757282019471311e-03
1.798368025081677896e-03
1.584738350713670724e-02
7.444901655960633330e-03
1.693714040989922898e-02
6.078090250701238817e-04
1.281240630093519357e-02
2.072131812213978859e-03
5.274089763320314109e-03
8.632730266021626520e-04
8.125879482400512679e-03
2.426920686435026300e-02
2.811703713700070863e-03
2.356201251955810858e-03
3.813265550749053712e-03
8.772373216687450294e-04
2.972936143152232064e-02
5.664288062536384019e-04
9.063580729864816055e-03
9.723306139455463806e-03
1.070203703709699666e-02
7.490306580766124822e-03
2.041316206300205702e-02
1.776283543160010053e-04
1.242314666336574031e-02
1.550870670106077945e-02
1.022265589083129825e-02
2.699211768845897683e-02
5.784497374592858891e-03
8.332779783031655368e-03
1.522495490816609329e-02
2.314011512563099969e-03
5.101757282019471311e-03
8.638688949723831098e-03
1.584738350713670724e-02
4.846176006907164727e-03
1.693714040989922898e-02
6.078090250701238817e-04
6.430865800089641260e-03
7.563877129857128623e-04
5.274089763320314109e-03
8.632730266021626520e-04
8.125879482400512679e-03
2.426920686435026300e-02
2.811703713700070863e-03
2.356201251955810858e-03
7.568397984432600686e-03
8.772373216687450294e-04
1.918039794352073904e-02
5.664288062536384019e-04
9.545056777912543089e-03
6.871749946699623121e-03
1.936131662863745106e-02
8.257483280565133116e-03
1.406666272188198188e-02
1.776283543160010053e-04
1.088082687157243024e-02
1.550870670106077945e-02
8.492188987561270080e-03
2.699211768845897683e-02
5.646383395258233739e-03
3.694390117482096621e-03
7.527229684057969855e-03
3.320883668399429722e-03
5.101757282019471311e-03
1.790788615871771391e-02
1.446973179746208552e-02
7.396600987251618700e-03
1.480411916008571999e-02
6.078090250701238817e-04
6.430865800089641260e-03
9.440209299287727167e-04
5.274089763320314109e-03
1.740802241002622434e-03
8.274467242859641011e-03
9.561033420378634712e-03
4.105137612064905725e-03
5.169032370535855958e-03
7.568397984432600686e-03
8.572811781634048127e-04
1.219097209992274500e-02
6.409232565702496082e-03
9.545056777912543089e-03
6.871749946699623121e-03
1.936131662863745106e-02
5.951129111210531550e-03
1.406666272188198188e-02
1.776283543160010053e-04
7.026666911431880477e-03
9.846886468222036670e-03
1.284516451130410415e-02
1.300318041850290207e-02
3.235499419435459208e-03
3.694390117482096621e-03
5.788900444102996166e-03
2.262213309342664229e-03
2.342748765176288182e-03
1.345320961864272108e-02
1.023825940343923990e-02
5.117742483584382385e-03
1.177525698931229832e-02
6.078090250701238817e-04
4.366730339218197025e-03
9.440209299287727167e-04
5.274089763320314109e-03
6.809977712288616154e-04
1.448056395672331527e-02
8.943614677568116969e-03
3.465619376384731186e-03
3.271495589192547314e-03
8.211737004415792587e-03
2.935096776439798626e-03
1.058665467911328734e-02
2.745847383829656471e-03
9.545056777912543089e-03
9.615285917367847809e-03
1.936131662863745106e-02
5.236825652251736636e-03
9.545258521096132431e-03
1.776283543160010053e-04
7.546751375195896033e-03
1.204313109224310584e-02
1.370094469723772204e-02
1.174540315445214873e-02
3.235499419435459208e-03
3.637107556594711827e-03
6.742228173674468319e-03
2.262213309342664229e-03
6.198890949535020359e-03
1.381884402397735682e-02
8.958959381063271929e-03
5.117742483584382385e-03
1.177525698931229832e-02
6.078090250701238817e-04
3.728176042163133808e-04
9.440209299287727167e-04
5.274089763320314109e-03
6.809977712288616154e-04
1.461463094500006082e-02
6.078224715832200933e-03
3.465619376384731186e-03
3.271495589192547314e-03
8.211737004415792587e-03
2.738007576196450563e-03
1.058665467911328734e-02
4.251049775016657421e-03
1.210238718907328051e-02
9.605534975683255317e-03
2.102404970867385869e-02
3.970571216538295103e-03
1.772430642985025478e-02
1.956258784938226178e-03
7.546751375195896033e-03
1.045778161241667920e-02
1.479658024058705043e-02
9.506193808113183596e-03
1.881057456553748147e-03
3.637107556594711827e-03
8.237394986937811303e-03
2.262213309342664229e-03
6.198890949535020359e-03
1.819588311957075905e-02
8.982884833935606342e-03
5.117742483584382385e-03
1.247809683697066740e-02
3.838452533834853068e-03
3.451160149104664371e-03
5.299101250493555224e-03
5.274089763320314109e-03
6.809977712288616154e-04
1.461463094500006082e-02
5.988838404607518297e-03
3.465619376384731186e-03
2.483415741598022242e-03
8.211737004415792587e-03
5.133568773962791237e-03
1.058665467911328734e-02
4.592146139649710274e-03
1.210238718907328051e-02
9.605534975683255317e-03
2.102404970867385869e-02
4.176630184036610356e-03
2.601678207021817374e-02
6.783949971936602437e-04
7.546751375195896033e-03
1.045778161241667920e-02
1.479658024058705043e-02
9.506193808113183596e-03
1.006105756512854291e-02
3.637107556594711827e-03
8.564450147566836716e-03
4.719683334389880060e-03
6.198890949535020359e-03
3.767237022585268047e-02
5.539854525848063316e-03
3.922822621604128701e-03
1.675074265895798095e-02
3.049345628653352645e-03
2.487819912226988013e-03
5.678938492661190184e-03
5.274089763320314109e-03
2.176229269781563419e-03
1.171514302804526307e-02
6.605058629925801214e-03
3.465619376384731186e-03
1.585012672995402688e-03
6.480482479975986990e-03
5.183752354421010573e-03
1.058665467911328734e-02
4.592146139649710274e-03
1.210238718907328051e-02
8.064425106719791056e-03
2.216477174953210977e-02
4.176630184036610356e-03
2.601678207021817374e-02
6.783949971936602437e-04
7.546751375195896033e-03
8.389457442631014644e-03
1.479658024058705043e-02
9.910721043452221796e-03
1.006105756512854291e-02
4.003243121071349206e-03
1.061635983216704937e-02
5.234088960546815286e-03
4.980363720404751282e-03
5.653066119690530050e-02
5.731797599004135636e-03
3.821880981247292777e-03
1.675074265895798095e-02
6.049818223453871935e-03
1.249779736735104688e-03
3.596051275370025675e-03
4.734620852088238657e-03
2.176229269781563419e-03
1.034277887791270473e-02
5.026890148339645259e-03
5.352639285933382188e-03
1.466161297970486072e-03
1.497684668440512137e-03
5.382586032383160357e-03
1.285667133758276910e-02
4.592146139649710274e-03
2.942320902469416216e-02
1.822630740140463237e-03
2.086781864575185455e-02
5.934195793769591470e-03
2.601678207021817374e-02
6.783949971936602437e-04
7.546751375195896033e-03
3.760360654858832877e-03
1.351824051547991304e-02
9.910721043452221796e-03
1.006105756512854291e-02
4.003243121071349206e-03
1.061635983216704937e-02
4.005670511549238103e-03
5.141605385311959903e-03
3.696202562660307056e-02
8.323194882075495016e-03
5.566176794584403419e-03
1.675074265895798095e-02
8.531626908981657792e-03
1.333379377559204375e-03
4.956377791045656588e-03
4.734620852088238657e-03
2.176229269781563419e-03
1.274854392831909281e-02
9.615227975264692417e-03
4.242775367425797098e-03
2.548737151156768230e-03
1.375135363926038596e-03
2.487115318686106396e-03
1.248756849418580436e-02
4.592146139649710274e-03
2.095141799797453977e-02
2.202895796094637981e-03
2.105301467301174886e-02
7.499932023304905701e-03
2.579200576251901994e-02
6.783949971936602437e-04
7.546751375195896033e-03
4.414196200973591507e-03
4.141307448716768924e-04
9.910721043452221796e-03
8.098771385744180790e-03
4.003243121071349206e-03
1.064384198308581005e-02
9.149839678917436048e-04
5.141605385311959903e-03
3.087887776003846174e-02
7.453058979035025178e-03
5.566176794584403419e-03
1.741401735202960030e-02
8.531626908981657792e-03
1.333379377559204375e-03
4.956377791045656588e-03
2.174604794521865954e-03
2.957249498073659909e-03
1.288443915534112291e-02
6.043556960508217508e-03
5.507102206200986672e-03
7.424062971741007474e-03
2.819428475843682724e-03
4.610633613047233903e-04
1.339197385617996519e-02
4.166249324501494593e-03
1.406107422803359180e-02
7.625776023925147362e-03
3.240087148797234085e-02
1.346046546028797052e-02
2.548460048659905927e-02
6.783949971936602437e-04
7.534417041301658124e-03
5.687089342495520866e-03
3.220443855264697522e-03
6.933374242782799901e-03
7.946656731574304466e-03
4.228207435284611626e-03
1.767190734836724883e-02
9.252152418304055922e-04
5.032036188439240054e-03
3.087887776003846174e-02
7.453058979035025178e-03
6.843118964511182324e-03
3.346333201001910895e-02
8.531626908981657792e-03
1.333379377559204375e-03
6.101143681444753768e-03
2.174604794521865954e-03
2.676276344657535153e-03
1.961892924369573049e-02
6.245669276586313448e-03
7.649682201815955970e-03
1.336033804741175793e-02
2.819428475843682724e-03
7.009238230286981425e-05
1.615116425983691498e-02
4.166249324501494593e-03
1.235544273361774067e-02
1.051707399214498947e-02
2.023309109958140381e-02
1.127588508843731414e-02
2.548460048659905927e-02
6.783949971936602437e-04
9.163585925161078088e-03
8.917945945134632055e-03
3.220443855264697522e-03
3.012979533990798459e-03
7.890174017018983244e-03
5.723831823828451175e-03
2.202500376681763156e-02
7.050374969751211501e-03
5.032036188439240054e-03
2.539244439148808860e-02
7.505364346947815575e-03
6.635008950431163857e-03
3.447611546943903094e-02
9.136710414924011092e-03
1.333379377559204375e-03
4.744202902108702290e-03
2.174604794521865954e-03
8.850820396973215279e-04
2.710930193019424339e-02
6.793653970795607289e-03
7.649682201815955970e-03
9.135063506425650237e-03
2.819428475843682724e-03
3.490055364517489697e-03
2.087323083963758125e-02
1.926899271305789960e-02
1.047830228888514334e-02
1.492011316331020437e-02
1.765416257345370568e-02
7.139446035483876934e-03
2.682307112698780610e-02
6.783949971936602437e-04
7.592312456387731792e-03
1.005833840166565907e-02
5.728372918837329811e-03
3.959663584649568760e-03
7.395096752899428007e-03
5.834772688747670230e-03
2.931251818021825273e-02
7.050374969751211501e-03
3.534561755722042103e-03
2.539244439148808860e-02
7.589353767599544762e-03
3.486800912155724186e-03
2.938949875966959113e-02
1.016955174447232296e-02
1.333379377559204375e-03
4.744202902108702290e-03
2.174604794521865954e-03
8.850820396973215279e-04
2.750952522048651441e-02
6.793653970795607289e-03
1.138375668004882463e-02
1.216435257861486763e-02
2.819428475843682724e-03
4.450345489549947103e-03
1.464101333685393323e-02
1.053544467578811962e-02
2.451895548900400595e-02
1.451182869834206565e-02
2.077206848334741535e-02
6.046900774265458189e-03
2.335278887892282274e-02
6.783949971936602437e-04
1.849040925900122777e-03
6.685889184760574443e-03
7.119280288907887597e-03
3.959663584649568760e-03
4.461524628783672397e-03
5.834772688747670230e-03
3.132637841647203936e-02
7.050374969751211501e-03
7.787211386000007611e-03
2.300687749207514302e-02
7.589353767599544762e-03
3.486800912155724186e-03
1.461618851056020393e-02
1.016955174447232296e-02
1.142863792493354399e-03
5.848457466257220815e-03
2.174604794521865954e-03
8.850820396973215279e-04
3.441407552252440105e-02
7.237360504682302867e-03
1.138375668004882463e-02
1.284219170818870839e-02
4.189430748406286660e-03
7.295387623586013955e-03
2.460541702796509647e-02
1.303167117920319903e-02
2.138636946890914298e-02
1.451182869834206565e-02
1.756902488507962323e-02
4.686545092667742697e-03
2.019828918040692325e-02
6.783949971936602437e-04
2.619411875394670689e-03
6.202575930375727083e-03
4.821664319066942817e-03
4.380680732610043454e-03
4.461524628783672397e-03
5.834772688747670230e-03
3.132637841647203936e-02
7.050374969751211501e-03
9.444708365549080165e-03
1.707414126618416600e-02
7.789890808834381251e-03
3.486800912155724186e-03
8.793506866438772704e-03
8.411355359053280731e-03
1.142863792493354399e-03
5.848457466257220815e-03
4.015979152012986650e-03
8.850820396973215279e-04
3.441407552252440105e-02
9.115589286551862430e-03
1.138375668004882463e-02
1.284219170818870839e-02
5.620593942878421290e-03
7.295387623586013955e-03
1.720315842782468505e-02
1.703277775860017468e-02
2.138636946890914298e-02
1.451182869834206565e-02
2.575399555848554081e-02
1.575987129782344814e-02
2.019828918040692325e-02
3.859622242342344162e-03
2.619411875394670689e-03
6.202575930375727083e-03
4.739954984395286855e-03
4.380680732610043454e-03
6.361317731062864772e-03
5.140667284616895830e-03
3.531036571489292591e-02
7.050374969751211501e-03
9.444708365549080165e-03
2.323962779672964635e-02
3.192999701480472852e-04
3.900895981854859279e-03
1.429838525798462351e-02
8.411355359053280731e-03
1.142863792493354399e-03
5.848457466257220815e-03
3.715403238614408115e-03
8.818889560767210339e-03
1.927100711913450060e-02
9.115589286551862430e-03
8.962811949397794103e-03
1.269418709851052353e-02
5.620593942878421290e-03
7.295387623586013955e-03
8.950797139406002287e-03
1.703277775860017468e-02
2.138636946890914298e-02
1.355360885871539391e-02
1.643685483909880854e-02
1.575987129782344814e-02
2.019828918040692325e-02
4.863669217488930663e-03
2.619411875394670689e-03
6.202575930375727083e-03
3.039718400481773893e-03
2.029373516133308950e-03
6.149462552903980049e-03
9.228723363839702598e-03
6.205081073808986492e-02
7.050374969751211501e-03
3.771725669078695303e-03
1.193138041835790572e-02
3.192999701480472852e-04
3.900895981854859279e-03
2.141425648846982666e-02
8.411355359053280731e-03
8.460231106957698255e-04
5.848457466257220815e-03
9.652801253928755543e-04
8.438622319468711691e-03
2.354817607148631392e-02
3.630479208255925350e-03
8.962811949397794103e-03
1.269418709851052353e-02
5.620593942878421290e-03
6.380620923599760949e-03
7.226035035765070169e-03
1.703277775860017468e-02
3.497315120030919378e-02
1.586069608088516020e-02
1.187002083184092796e-02
1.575987129782344814e-02
2.019828918040692325e-02
4.863669217488930663e-03
3.275652109509655241e-03
6.202575930375727083e-03
3.039718400481773893e-03
3.286281958898549377e-03
6.149462552903980049e-03
9.192026609375760632e-03
2.859902303704301221e-02
5.355653012703188477e-03
1.445188284696299549e-03
1.193138041835790572e-02
3.615443526833899725e-04
2.259208481872490223e-03
2.321534514108142266e-02
7.827143872304303390e-03
8.460231106957698255e-04
5.597708230822095662e-03
1.034437651894609504e-03
8.547509425085683676e-03
2.686377045914987646e-02
3.185177278431052493e-03
8.920982634937933003e-03
1.539590573619544801e-02
6.117792595054088838e-03
4.686749541317086244e-03
2.141767928422470824e-02
1.703277775860017468e-02
2.903809193131112396e-02
8.262776199631782781e-03
1.326354465055288104e-02
1.575987129782344814e-02
2.957326498607415477e-02
4.863669217488930663e-03
3.275652109509655241e-03
2.599061683003976025e-03
4.395623354740283567e-03
3.286281958898549377e-03
6.149462552903980049e-03
8.764259441010748691e-03
2.859902303704301221e-02
5.355653012703188477e-03
8.844931900782926001e-04
1.940777022065354532e-02
5.462318679314690298e-03
2.259208481872490223e-03
3.167702461537306308e-02
9.362310671720523378e-03
8.460231106957698255e-04
4.673381898581683777e-03
1.034437651894609504e-03
7.169385683357072658e-03
1.838746798159354018e-02
3.185177278431052493e-03
8.920982634937933003e-03
1.539590573619544801e-02
6.570596628894333907e-03
3.330609277391015106e-03
1.719108572715195848e-02
1.703277775860017468e-02
1.721691531465524214e-02
8.262776199631782781e-03
2.382657060190154774e-02
1.575987129782344814e-02
2.957326498607415477e-02
2.287746414359331792e-03
2.100643435024186073e-03
2.599061683003976025e-03
2.228277669541454259e-03
3.286281958898549377e-03
6.149462552903980049e-03
8.764259441010748691e-03
2.859902303704301221e-02
5.091303181033341244e-03
3.178220453161617869e-04
1.260049438948381006e-02
5.616344998130333270e-03
8.236394272787854118e-04
3.167702461537306308e-02
3.677948562361615069e-03
6.881840246412045461e-04
6.837308319560963903e-03
1.999787947869423842e-03
9.461478308847175861e-03
1.396129607622102579e-02
3.755246507159789270e-03
6.167353332693224083e-03
1.688303697161586819e-02
8.107623735049303976e-03
4.635135392393057580e-03
1.719108572715195848e-02
1.703277775860017468e-02
1.721691531465524214e-02
1.422151939376933849e-04
2.382657060190154774e-02
1.575987129782344814e-02
2.957326498607415477e-02
2.287746414359331792e-03
2.177156478822461251e-03
2.846608212392778749e-03
2.228277669541454259e-03
3.286281958898549377e-03
6.149462552903980049e-03
8.764259441010748691e-03
3.284131936677930214e-02
9.389494588248965129e-03
6.097244995708331686e-03
1.461359530266041415e-02
9.105784430134048618e-03
8.236394272787854118e-04
2.428060862479993962e-02
9.238741304492741752e-03
6.881840246412045461e-04
6.587376134203100711e-03
7.532132626585641422e-04
9.356647201855427393e-03
1.396129607622102579e-02
1.781076150624015357e-03
3.703719184731225390e-03
1.688303697161586819e-02
2.205816602697560462e-03
5.586282535917974634e-03
1.734354667405893849e-02
1.703277775860017468e-02
1.721691531465524214e-02
1.422151939376933849e-04
2.382657060190154774e-02
9.202548077232428417e-03
2.957326498607415477e-02
2.287746414359331792e-03
2.177156478822461251e-03
2.627457072710721268e-03
1.103946852426329790e-02
3.332959452612924492e-03
6.282400816511513400e-03
6.177136691456155959e-03
4.172255069610476819e-02
7.776118272341453475e-03
9.258601719973842681e-03
1.461359530266041415e-02
9.105784430134048618e-03
1.268300996978199199e-03
1.078941866778087254e-02
1.111207520710426680e-02
6.881840246412045461e-04
5.502238674971848820e-03
7.532132626585641422e-04
1.588613214590976937e-03
1.760666161192227935e-02
1.781076150624015357e-03
3.703719184731225390e-03
1.688303697161586819e-02
1.627878909845474707e-03
2.938069006967695268e-04
1.109253628301986802e-02
1.703277775860017468e-02
1.721691531465524214e-02
1.422151939376933849e-04
2.382657060190154774e-02
9.202548077232428417e-03
2.957326498607415477e-02
1.658951473128572433e-03
3.074235700590179435e-03
2.627457072710721268e-03
1.344641692559779902e-02
5.006740350740127021e-03
6.282400816511513400e-03
6.177136691456155959e-03
2.728632012001327642e-02
1.387870426803664362e-02
1.371350458941657420e-02
1.590766177290401165e-02
7.906706414914036612e-03
1.268300996978199199e-03
1.486939411840106431e-02
1.044135200414579231e-02
6.881840246412045461e-04
5.502238674971848820e-03
7.532132626585641422e-04
2.868110439246774040e-03
1.749857598182608803e-02
1.781076150624015357e-03
3.703719184731225390e-03
1.238042951197515854e-02
1.865110749703479537e-04
4.421286031652714920e-04
1.109253628301986802e-02
1.703277775860017468e-02
1.721691531465524214e-02
1.422151939376933849e-04
2.382657060190154774e-02
9.202548077232428417e-03
2.957326498607415477e-02
6.980210783001650210e-04
3.074235700590179435e-03
5.175361208698964210e-03
9.741352551313012600e-03
5.006740350740127021e-03
6.282400816511513400e-03
3.458688321194208076e-03
2.728632012001327642e-02
1.387870426803664362e-02
1.371350458941657420e-02
1.132830828782789741e-02
6.091585338552875026e-03
1.268300996978199199e-03
1.046235164760962386e-02
6.172257562265100368e-03
6.881840246412045461e-04
5.181494687142571172e-03
7.532132626585641422e-04
4.637058721340481596e-03
2.297278423893087118e-02
1.781076150624015357e-03
3.703719184731225390e-03
1.242298749920544079e-02
1.865110749703479537e-04
4.421286031652714920e-04
1.109253628301986802e-02
1.703277775860017468e-02
1.721691531465524214e-02
1.422151939376933849e-04
2.382657060190154774e-02
1.237386886038869573e-02
2.957326498607415477e-02
6.980210783001650210e-04
3.074235700590179435e-03
2.541651385481080022e-03
8.750755125378220645e-03
5.006740350740127021e-03
6.536738308668210186e-03
2.714779556800010242e-03
2.728632012001327642e-02
1.290560599006008655e-02
6.512582792776965002e-04
1.132830828782789741e-02
1.288785701862066833e-02
1.268300996978199199e-03
1.046235164760962386e-02
5.972250580780049181e-03
6.881840246412045461e-04
3.554530035871197261e-03
7.532132626585641422e-04
2.094679816801293601e-03
5.921768178308280117e-02
2.625832965541837708e-03
6.915319031846693318e-03
9.417986515190128124e-03
5.653885274900095730e-04
2.050081010910511248e-03
1.109253628301986802e-02
1.258051914067665790e-02
1.435962932135720002e-02
1.460030503201213247e-04
1.344730297903301217e-02
1.237386886038869573e-02
2.732615168840209219e-02
6.980210783001650210e-04
6.954995561356060001e-03
2.541651385481080022e-03
2.823407128388575119e-02
2.308341743626549439e-03
6.536738308668210186e-03
2.714779556800010242e-03
2.728632012001327642e-02
2.743968570783222177e-02
6.512582792776965002e-04
1.132830828782789741e-02
4.178982788912571911e-03
1.268300996978199199e-03
1.046235164760962386e-02
1.037197185383212893e-02
4.734654123227232270e-04
1.055752520856664649e-02
8.749973580900981263e-04
1.391239263140896503e-03
5.921768178308280117e-02
1.261207526804466236e-03
1.978775201194882954e-02
8.964325071156704211e-03
7.390908516107896724e-04
2.050081010910511248e-03
1.088306617535022766e-02
1.372223383784049351e-02
1.435962932135720002e-02
1.051951401239659741e-03
1.344730297903301217e-02
1.237386886038869573e-02
2.732615168840209219e-02
6.980210783001650210e-04
9.319217720456112602e-03
2.541651385481080022e-03
1.594011728843842957e-02
1.835722375161808438e-03
4.485633789170116563e-03
2.714779556800010242e-03
2.728632012001327642e-02
8.565183297718839683e-04
8.853128739140919950e-04
1.132830828782789741e-02
2.835852981205174220e-03
1.268300996978199199e-03
1.091436546040825545e-02
1.037197185383212893e-02
4.271896744403106934e-04
3.805450844138851853e-03
2.837153758798798345e-03
1.391239263140896503e-03
3.262159509169133831e-02
1.784154754155050510e-04
7.454859330069136397e-03
8.964325071156704211e-03
7.390908516107896724e-04
5.278417497954299847e-03
1.088306617535022766e-02
1.325955395839278558e-02
1.435962932135720002e-02
1.051951401239659741e-03
1.379428858766130334e-02
1.237386886038869573e-02
3.955161379907464608e-02
6.356455156290531303e-04
1.251941575818340743e-02
2.729090820023960182e-03
1.712397155881125940e-02
1.835722375161808438e-03
4.485633789170116563e-03
3.265078264282958182e-03
2.728632012001327642e-02
8.930447418512138785e-04
5.000508731566325610e-03
1.132830828782789741e-02
1.610896002003429917e-02
1.268300996978199199e-03
1.091436546040825545e-02
1.037197185383212893e-02
4.271896744403106934e-04
1.289161845255499747e-03
2.976964722215372922e-03
1.391239263140896503e-03
1.809879168403116106e-02
3.009377275920536998e-04
1.911464467031744746e-02
8.964325071156704211e-03
7.390908516107896724e-04
2.796950362685419328e-03
1.088306617535022766e-02
1.582212187364501199e-02
9.422480478194900783e-03
9.086083307512439781e-04
1.054119333152670097e-02
3.552090427075398418e-03
2.978039020477018378e-02
6.356455156290531303e-04
1.251941575818340743e-02
6.925637522394695322e-03
1.712397155881125940e-02
1.395940169492974154e-03
3.265925313633585500e-03
4.135722205341032034e-03
2.120019819093720004e-02
8.930447418512138785e-04
1.002526335832637505e-02
1.081757758783206610e-02
2.999679290900833170e-02
1.187358782674117477e-03
1.091436546040825545e-02
1.301536125700973427e-02
4.271896744403106934e-04
1.289161845255499747e-03
4.892086108345590663e-03
1.391239263140896503e-03
1.809879168403116106e-02
1.404233557259532313e-03
1.911464467031744746e-02
7.088734130926668126e-03
7.390908516107896724e-04
2.796950362685419328e-03
1.595314967150009144e-02
2.228682278031461281e-02
9.422480478194900783e-03
9.086083307512439781e-04
1.054119333152670097e-02
8.596551244902401329e-04
2.978039020477018378e-02
6.356455156290531303e-04
1.251941575818340743e-02
7.122232834527981483e-03
1.090299060650416416e-02
5.366151059990704672e-04
7.485861683526554705e-04
8.438931854619432724e-03
2.372663915193579803e-02
8.930447418512138785e-04
1.721348921402795357e-02
1.081757758783206610e-02
3.568138058763245524e-02
4.007866461393684229e-03
1.091436546040825545e-02
4.780290501185541392e-03
1.099923969069051613e-03
1.087464077985909189e-03
2.930036749856311171e-03
2.617990720023907411e-03
3.676394949422820413e-02
8.573894846935353753e-05
1.911464467031744746e-02
1.063168230197041736e-02
7.390908516107896724e-04
2.796950362685419328e-03
1.039167752080989542e-02
7.472531524016257608e-03
4.994640294995043861e-03
3.675983623721646235e-04
9.688310038980770325e-03
8.596551244902401329e-04
2.978039020477018378e-02
6.356455156290531303e-04
1.251941575818340743e-02
9.921828156926736086e-03
9.247428444021786598e-03
5.366151059990704672e-04
7.485861683526554705e-04
8.438931854619432724e-03
2.113459850516243022e-02
8.930447418512138785e-04
1.184625172638028093e-02
1.104075669606283637e-02
3.568138058763245524e-02
4.007866461393684229e-03
1.091436546040825545e-02
4.525357376241861268e-03
1.099923969069051613e-03
1.001477356878387182e-02
1.552706696068864491e-03
1.994938566116551126e-03
3.676394949422820413e-02
6.486529237142005027e-04
5.416054025351374479e-02
1.223196585834387951e-02
7.390908516107896724e-04
2.796950362685419328e-03
1.020404120530388897e-02
5.350102382704169379e-03
3.983343384679750160e-03
3.675983623721646235e-04
9.688310038980770325e-03
8.525429818355482721e-04
2.978039020477018378e-02
6.356455156290531303e-04
1.251941575818340743e-02
9.681677233015764314e-03
9.247428444021786598e-03
5.366151059990704672e-04
7.485861683526554705e-04
8.438931854619432724e-03
2.113459850516243022e-02
8.930447418512138785e-04
2.955901669906456711e-02
1.104075669606283637e-02
3.612303672778646724e-02
6.524592579475591708e-03
8.884943916976337924e-03
4.525357376241861268e-03
1.282386413091340591e-03
1.001477356878387182e-02
3.329531123639559685e-03
1.206073978073470519e-03
3.676394949422820413e-02
2.747161630419123722e-03
2.644700252458664913e-02
2.677839606492019714e-02
7.390908516107896724e-04
2.796950362685419328e-03
1.268605115012650698e-02
5.350102382704169379e-03
3.983343384679750160e-03
5.714829038377801200e-04
9.688310038980770325e-03
1.618886466366445615e-03
2.978039020477018378e-02
6.356455156290531303e-04
1.037777346382385071e-02
9.681677233015764314e-03
9.247428444021786598e-03
5.863744354122450708e-04
7.485861683526554705e-04
1.419567767241385059e-02
2.785932074842293465e-02
7.785451951941858547e-04
2.294665000131905497e-02
1.151442633330005544e-02
1.663985449976056533e-02
4.180045542913583302e-03
2.617060388150942857e-03
3.721789403168140886e-03
3.648726561372601755e-03
1.001477356878387182e-02
2.493919294198078049e-03
1.154351654560400965e-03
4.306602721518226762e-02
2.747161630419123722e-03
2.160344259368662811e-02
3.573726831077210508e-02
7.390908516107896724e-04
3.488100349054903959e-03
1.723053244725065991e-02
1.956801408071543943e-02
4.004984227221477372e-03
3.036070698902667599e-05
9.688310038980770325e-03
2.051258073715771582e-03
2.144173151713260617e-02
6.356455156290531303e-04
1.502367969168407792e-02
1.523162424766535614e-02
8.847140451353187329e-03
5.863744354122450708e-04
1.354718752472530664e-03
1.032516035518771594e-02
2.785932074842293465e-02
7.785451951941858547e-04
2.294665000131905497e-02
1.122609210970930242e-02
1.513341244586732803e-02
4.180045542913583302e-03
2.617060388150942857e-03
3.804579405419705827e-03
3.648726561372601755e-03
6.397391370470209733e-03
2.493919294198078049e-03
1.154351654560400965e-03
3.591440644021330619e-02
1.696309709340697303e-04
2.006651606696725765e-02
3.573726831077210508e-02
7.390908516107896724e-04
3.488100349054903959e-03
1.843885840147682642e-02
1.956801408071543943e-02
4.424563607884809610e-03
3.036070698902667599e-05
1.471599750255539636e-02
1.766007821441215389e-03
2.658001485053630014e-02
6.356455156290531303e-04
1.573707333522282939e-02
1.906003366527894358e-02
1.748756350893643924e-02
4.554761986614748719e-04
1.354718752472530664e-03
1.021532911996424382e-02
1.993268452844221619e-02
7.785451951941858547e-04
2.294665000131905497e-02
1.193674263400926021e-02
1.228491954834059693e-02
4.180045542913583302e-03
2.617060388150942857e-03
3.804579405419705827e-03
3.648726561372601755e-03
3.990844589799527262e-03
1.378719263331121270e-03
1.154351654560400965e-03
4.467818850262280511e-02
1.696309709340697303e-04
8.736161378335476763e-03
3.573726831077210508e-02
2.118500133460210922e-04
3.488100349054903959e-03
1.946514742786882232e-02
1.359788322341556888e-02
4.371181405197210011e-03
1.277892279566758126e-04
2.311195997106454958e-03
2.289140663331076971e-03
2.936227573474282926e-02
5.988559396620780993e-04
1.883777949952124622e-02
1.972673361060971881e-02
9.243491970554833931e-03
9.050789523105876380e-03
1.354718752472530664e-03
1.021532911996424382e-02
1.454445889293078803e-02
7.785451951941858547e-04
2.022634206663828649e-02
5.740756901417141955e-03
1.099310033327651620e-02
4.180045542913583302e-03
2.617060388150942857e-03
4.427711163152396948e-03
3.648726561372601755e-03
3.990844589799527262e-03
1.378719263331121270e-03
3.534310543616453644e-03
3.123263906797092010e-02
4.704670275831717048e-03
8.736161378335476763e-03
3.719133953777147006e-02
1.745274373763996967e-03
2.732671404972322055e-03
7.998456715087573499e-03
1.359788322341556888e-02
4.371181405197210011e-03
4.048335808585529390e-04
3.188614569719888658e-03
2.289140663331076971e-03
1.912705721692476921e-02
2.858134201384608664e-03
2.153347802417275234e-02
1.056956419135003655e-02
9.243491970554833931e-03
9.050789523105876380e-03
1.354718752472530664e-03
1.046698934942937899e-02
1.173827915011603842e-02
7.785451951941858547e-04
3.602399861877909198e-02
5.740756901417141955e-03
1.087805310394737192e-02
3.869319288000755593e-03
1.760811179676149106e-03
4.712341095032290296e-03
1.313108858310871145e-02
9.687699223863283082e-04
1.378719263331121270e-03
3.673393258121400613e-03
3.123263906797092010e-02
4.704670275831717048e-03
8.736161378335476763e-03
4.978423573915087552e-02
1.745274373763996967e-03
1.193963646098682076e-03
1.618407125520775550e-02
9.952851764718818189e-03
4.371181405197210011e-03
2.028272943915660279e-03
2.946002108337737735e-03
5.660649178158816061e-03
2.190791178412687668e-02
1.383043870026646506e-02
3.783290362140230567e-02
7.224834533737473780e-03
9.893168181300135422e-03
9.050789523105876380e-03
1.354718752472530664e-03
7.855523793982643194e-03
1.173827915011603842e-02
7.785451951941858547e-04
3.602399861877909198e-02
5.740756901417141955e-03
1.087805310394737192e-02
3.869319288000755593e-03
1.760811179676149106e-03
4.552373538232172556e-03
1.113605476564913030e-02
9.687699223863283082e-04
1.378719263331121270e-03
4.138766414729988519e-03
2.945280427630884990e-02
4.704670275831717048e-03
1.338574656088950890e-02
3.777929880778315569e-02
1.750230625750644198e-03
1.193963646098682076e-03
1.153969740786469668e-02
9.952851764718818189e-03
4.629413582047487222e-03
1.855031233754907832e-03
3.747995708080909937e-04
3.686684999965553905e-04
1.794922460076094073e-02
1.301579923221255451e-02
4.666167382395937369e-02
9.363254324218743541e-03
2.421949537065168009e-03
1.089327848356177152e-02
1.354718752472530664e-03
7.855523793982643194e-03
1.173827915011603842e-02
7.760401627841532340e-03
3.602399861877909198e-02
5.666531029878345282e-03
2.187655568416384602e-02
3.869319288000755593e-03
1.612052713249395195e-03
2.463883869682272857e-03
1.113605476564913030e-02
9.687699223863283082e-04
6.912333979908797874e-03
4.138766414729988519e-03
2.945280427630884990e-02
4.704670275831717048e-03
1.338574656088950890e-02
4.645943466398078092e-02
2.696690661649365356e-04
1.193963646098682076e-03
1.234096875887303636e-02
9.952851764718818189e-03
1.314616493526577640e-02
8.999626872169312619e-03
1.906760144106428795e-03
3.686684999965553905e-04
2.233836668792709562e-02
9.803825829039734818e-03
4.666167382395937369e-02
9.363254324218743541e-03
4.427338058038251568e-03
1.154473139565104743e-02
1.354718752472530664e-03
7.855523793982643194e-03
1.173827915011603842e-02
7.760401627841532340e-03
2.967506946474406798e-02
4.980774271049075858e-03
2.693185892373041457e-02
2.653391414241555290e-03
1.612052713249395195e-03
2.463883869682272857e-03
1.752487272690919640e-02
9.687699223863283082e-04
8.611457480857575425e-03
4.138766414729988519e-03
1.803835102336358298e-02
4.704670275831717048e-03
4.377350161147527084e-03
4.485988304431549889e-02
5.533118730089055248e-03
3.750899413073509672e-05
1.360625208310563272e-02
1.020111757786928280e-02
1.314616493526577640e-02
1.161803882103611303e-02
1.888125576080130043e-03
4.341519851631909371e-03
2.168364936586430342e-02
8.704152596719076651e-03
4.666167382395937369e-02
9.363254324218743541e-03
5.190294471179225655e-03
1.260909787234195875e-02
1.354718752472530664e-03
2.727550420251956959e-03
9.406938153026091903e-03
6.543634599347029901e-03
3.122808315598364637e-02
4.980774271049075858e-03
2.693185892373041457e-02
2.358335819776555264e-03
5.164031847708325761e-03
1.271776542863336731e-02
1.752487272690919640e-02
9.687699223863283082e-04
8.611457480857575425e-03
4.138766414729988519e-03
1.803835102336358298e-02
4.704670275831717048e-03
4.377350161147527084e-03
2.757398382659393202e-02
5.533118730089055248e-03
3.750899413073509672e-05
1.360625208310563272e-02
1.020111757786928280e-02
1.314616493526577640e-02
9.564494078461566878e-03
2.173332696968031941e-03
4.341519851631909371e-03
2.168364936586430342e-02
3.888838529794883675e-03
6.363327546349809016e-02
1.559551312612904306e-02
4.291872931002559295e-03
1.243386105239468846e-02
1.354718752472530664e-03
2.951511662801803437e-03
9.406938153026091903e-03
6.660065926447177390e-03
3.122808315598364637e-02
6.094686979119971065e-03
2.693185892373041457e-02
2.358335819776555264e-03
8.501076569755797868e-03
1.918519168931998378e-02
1.752487272690919640e-02
9.687699223863283082e-04
8.611457480857575425e-03
4.138766414729988519e-03
1.209094030383226458e-02
4.704670275831717048e-03
4.377350161147527084e-03
2.757398382659393202e-02
5.533118730089055248e-03
3.750899413073509672e-05
8.913513099396688441e-03
1.389913720638256966e-02
1.314616493526577640e-02
1.363736822663815483e-02
2.173332696968031941e-03
4.323633829903655683e-03
1.117727568221305035e-02
3.223943383355468845e-03
5.886961659550055126e-02
3.283983281875110793e-02
3.910883564309086853e-03
1.996402877281643756e-02
1.354718752472530664e-03
2.951511662801803437e-03
2.008582560722214916e-02
1.415537156544744574e-02
3.122808315598364637e-02
4.121095121244309697e-03
2.624614521889668400e-02
2.329528769233169330e-03
5.579745817147233229e-03
2.397881554940042501e-02
2.460702287148735373e-02
9.687699223863283082e-04
8.611457480857575425e-03
5.491272404878047055e-03
1.209094030383226458e-02
4.704670275831717048e-03
4.377350161147527084e-03
2.123010546767037030e-02
3.432864011521678110e-02
3.750899413073509672e-05
1.091706210069028071e-02
1.389913720638256966e-02
7.419163931641162973e-04
1.363736822663815483e-02
2.173332696968031941e-03
4.323633829903655683e-03
1.117727568221305035e-02
2.828443525051281895e-03
5.886961659550055126e-02
2.047291547084045815e-02
3.910883564309086853e-03
1.996402877281643756e-02
1.354718752472530664e-03
3.416659931764451028e-03
1.882694494298653778e-02
1.415537156544744574e-02
2.856110328098416043e-02
8.474300507776057895e-03
2.530024533169297762e-02
2.358937150391730939e-03
5.579745817147233229e-03
1.989554825669213184e-02
9.904790436668423764e-03
9.687699223863283082e-04
1.722540338615445588e-02
5.442043020307360535e-03
6.929673829348361597e-03
4.704670275831717048e-03
4.377350161147527084e-03
2.123010546767037030e-02
3.432864011521678110e-02
3.750899413073509672e-05
1.514564831282698421e-02
3.118449880572368715e-02
7.419163931641162973e-04
1.363736822663815483e-02
6.382425723488767541e-04
4.323633829903655683e-03
7.001808785456024864e-03
4.450677091845449754e-03
4.223575363037510022e-02
2.092272427383184280e-02
4.805063420374667410e-03
2.143725377027183923e-02
5.484465745378759582e-03
3.416659931764451028e-03
1.882694494298653778e-02
1.415537156544744574e-02
3.090299657752901968e-02
8.474300507776057895e-03
2.639856807618656126e-02
1.970731250090195386e-03
6.790620967466021174e-03
1.274816707620365051e-02
1.813507934868642882e-02
9.687699223863283082e-04
2.806049767846071144e-02
8.455858778701206072e-03
6.929673829348361597e-03
4.704670275831717048e-03
6.097927162600840292e-03
2.537116774289195631e-02
3.432864011521678110e-02
8.289720488349364841e-03
1.514542526898623488e-02
3.118449880572368715e-02
7.419163931641162973e-04
1.363736822663815483e-02
6.382425723488767541e-04
4.323633829903655683e-03
7.001808785456024864e-03
4.450677091845449754e-03
2.128757444163923568e-02
1.364178098497474678e-02
2.226245762711916154e-04
2.143725377027183923e-02
5.484465745378759582e-03
3.416659931764451028e-03
1.892908536202097397e-02
1.194545516971078081e-02
3.090299657752901968e-02
8.474300507776057895e-03
2.585172693610651024e-02
2.811836299289587754e-03
5.556048254213172277e-03
1.745449249555715981e-02
1.813507934868642882e-02
9.687699223863283082e-04
8.571635647233293021e-02
3.066171421387202389e-03
5.982009747482433526e-03
6.334717166268306540e-03
1.233288731196179044e-03
3.267698582735496099e-02
3.609765584326734590e-03
8.289720488349364841e-03
1.844418217330560592e-02
3.175502710699590336e-02
6.048347467519049440e-04
1.759195652455838171e-02
1.720504830601829807e-04
3.739214270870835997e-03
7.001808785456024864e-03
5.671947376910342446e-03
2.128757444163923568e-02
1.277630509532104094e-02
4.547281798423986237e-04
2.143725377027183923e-02
5.484465745378759582e-03
3.416659931764451028e-03
5.046248028595563123e-03
1.296806095536524352e-02
3.090299657752901968e-02
8.474300507776057895e-03
2.945563886417832886e-02
3.879348368522533147e-03
5.065321760927657055e-03
1.745449249555715981e-02
1.813507934868642882e-02
9.687699223863283082e-04
8.349213917961931242e-02
3.135285907919956472e-03
5.982009747482433526e-03
6.334717166268306540e-03
1.233288731196179044e-03
4.367302697254655391e-02
4.184125830231978128e-03
8.289720488349364841e-03
1.844418217330560592e-02
3.175502710699590336e-02
6.048347467519049440e-04
1.759195652455838171e-02
5.048380250809145903e-03
3.739214270870835997e-03
7.001808785456024864e-03
5.671947376910342446e-03
1.665057988861286253e-02
1.277630509532104094e-02
1.875787420991632901e-03
2.143725377027183923e-02
8.570713628145001928e-03
1.592494129098296577e-03
3.756519221424508767e-03
1.741762184430677152e-02
5.911585335008219533e-02
8.041874560122310583e-03
2.593269182787199048e-02
3.879348368522533147e-03
4.852545914625560827e-03
1.137733371158225482e-02
1.535014763676586201e-02
9.687699223863283082e-04
6.691654869027592600e-02
3.282071099067667384e-03
1.972612052201741517e-03
1.296878147678888135e-02
1.233288731196179044e-03
3.089946256488233095e-02
4.184125830231978128e-03
1.206823848948844133e-02
1.844418217330560592e-02
3.175502710699590336e-02
6.048347467519049440e-04
1.759195652455838171e-02
5.362599956548665808e-03
4.464482054259092531e-04
6.385386159996696287e-03
5.671947376910342446e-03
6.061176697726607110e-04
1.065106781279272566e-02
8.956526878179556228e-04
1.793973771232334341e-02
1.239242972973711270e-02
1.592494129098296577e-03
4.738471851429153052e-03
1.175382201091869014e-02
5.322606928369247314e-02
9.619168254039023314e-03
2.593269182787199048e-02
3.879348368522533147e-03
4.993159580436171835e-03
9.395730530556140395e-03
7.145966201900259655e-03
9.687699223863283082e-04
5.529824330751090949e-02
3.375101095358929663e-03
1.972612052201741517e-03
2.395717285428510326e-02
1.233288731196179044e-03
2.236380142294363410e-02
4.277166624217200279e-03
1.206823848948844133e-02
1.844418217330560592e-02
3.927217192760933118e-02
6.048347467519049440e-04
1.476802536634440680e-02
5.362599956548665808e-03
4.464482054259092531e-04
1.083416220825817074e-02
2.495782440254496262e-03
6.061176697726607110e-04
1.065106781279272566e-02
8.956526878179556228e-04
2.097820193158293767e-02
1.471753055220645888e-02
1.592494129098296577e-03
5.774312941464149022e-03
6.575428677883711319e-03
5.255931324676303695e-02
9.780233124495564187e-03
2.550798660360021480e-02
3.879348368522533147e-03
4.820009997499290731e-03
6.715972452085255257e-03
2.540979586810871230e-03
9.687699223863283082e-04
3.256848670278787716e-02
4.023299716770963042e-03
1.972612052201741517e-03
2.014901839436561079e-02
1.233288731196179044e-03
2.236380142294363410e-02
2.622437134577949511e-03
1.214827457267389325e-02
1.844418217330560592e-02
2.777643884349780337e-02
6.048347467519049440e-04
1.476802536634440680e-02
5.722299376612539901e-03
4.464482054259092531e-04
1.083416220825817074e-02
2.495782440254496262e-03
3.174988984580642826e-04
1.065106781279272566e-02
1.479949843701537301e-02
5.690233871781699010e-02
1.153247091717096370e-02
2.721927009499234586e-03
2.667121731233727810e-03
2.907112209575910336e-03
5.255931324676303695e-02
2.148748151684242574e-02
3.997919810222024667e-02
3.465875282962557671e-03
4.820009997499290731e-03
7.567005704973235949e-03
1.750164162874000978e-03
9.687699223863283082e-04
4.900398041279178940e-02
3.843620942928043654e-03
3.724310299042098149e-03
2.274746753186683221e-02
1.233288731196179044e-03
1.354204849772644090e-02
3.377889355754808663e-03
1.198598394576267517e-02
1.844418217330560592e-02
4.630140031791207117e-02
1.162922172135982812e-03
1.267709211481336112e-02
5.722299376612539901e-03
4.464482054259092531e-04
1.083416220825817074e-02
2.495782440254496262e-03
3.174988984580642826e-04
6.799395336982500676e-03
2.113510691296108940e-02
3.436810459958872244e-02
1.437912060394800490e-02
2.721927009499234586e-03
4.560253055064522609e-04
2.907112209575910336e-03
2.905699021170864149e-02
1.846497363801333225e-02
3.110542326735544691e-02
3.497007892662609523e-03
6.659651602527841795e-03
2.927925847237027555e-03
8.534791855882802904e-04
9.687699223863283082e-04
4.900398041279178940e-02
3.855844200509628197e-03
1.415340149424732658e-02
1.029723967384680965e-02
1.233288731196179044e-03
2.099964355200889532e-02
3.424746631117677430e-03
7.616796170995077803e-03
1.844418217330560592e-02
4.630140031791207117e-02
1.279068593468226560e-03
1.267709211481336112e-02
5.494038197448123523e-04
3.316358702585666882e-03
1.725055812862065843e-02
9.806710718776022809e-03
3.174988984580642826e-04
6.799395336982500676e-03
2.977345964900194458e-02
3.436810459958872244e-02
1.437912060394800490e-02
9.757645736315320034e-03
4.560253055064522609e-04
2.907112209575910336e-03
2.442955229649206722e-02
1.846497363801333225e-02
3.110542326735544691e-02
9.078008656031751750e-03
8.103892347899929044e-03
2.927925847237027555e-03
3.485956565688857860e-04
9.687699223863283082e-04
1.923612836247425018e-02
3.227723587909070869e-03
1.450585851398293602e-02
1.360819406174526049e-02
1.233288731196179044e-03
2.099964355200889532e-02
2.196098230691543619e-03
3.148528159000868465e-02
1.844418217330560592e-02
1.974379740223722660e-02
1.423286114125218559e-03
1.267709211481336112e-02
5.494038197448123523e-04
3.316358702585666882e-03
1.725055812862065843e-02
1.515798738796468072e-02
1.027880375503943807e-03
6.799395336982500676e-03
2.860076493653517654e-02
3.436810459958872244e-02
1.437912060394800490e-02
8.417661441987720622e-03
2.107328143130585401e-04
1.589481962619191400e-03
1.847157146031240191e-02
9.012869154932800705e-03
2.242677040943726052e-02
9.078008656031751750e-03
7.791428223648800416e-03
1.426514313583638130e-02
3.182627444640881778e-04
9.687699223863283082e-04
2.399571165918546606e-02
7.798378928910386886e-03
1.974938572883280091e-02
1.813326675874993993e-02
1.233288731196179044e-03
2.099964355200889532e-02
7.253750479596164646e-03
3.390351541337999208e-02
2.389932228437589151e-02
1.661820619954451628e-02
1.423286114125218559e-03
1.322763179261044614e-02
5.494038197448123523e-04
3.316358702585666882e-03
1.725055812862065843e-02
2.873711577205430995e-02
1.027880375503943807e-03
6.799395336982500676e-03
2.860076493653517654e-02
4.591275936891425768e-02
3.400849359167625822e-03
8.957726617208512654e-03
3.038388544396052049e-03
1.547179032039479665e-03
1.699329724858647875e-02
1.010508420819056750e-02
1.222610902824570848e-02
2.894105259575504435e-03
7.712720872695762175e-03
1.426514313583638130e-02
3.182627444640881778e-04
9.687699223863283082e-04
3.536970331976223292e-02
9.244740856672196277e-03
1.351421343342038353e-02
1.512909074232788448e-02
1.233288731196179044e-03
1.708886735444481095e-02
7.253750479596164646e-03
2.521362255564001814e-02
4.119037685103970475e-02
1.661820619954451628e-02
2.354067084310457105e-03
1.322763179261044614e-02
5.494038197448123523e-04
2.079080406857116217e-03
1.725055812862065843e-02
3.688574712495745062e-02
1.027880375503943807e-03
9.100485317802329763e-03
2.950895616022941592e-02
6.443944616358993072e-02
3.400849359167625822e-03
6.208509046902504526e-03
4.271125952630499406e-03
1.547179032039479665e-03
1.699329724858647875e-02
1.010508420819056750e-02
1.802093627635856232e-02
2.894105259575504435e-03
1.056615177163531920e-02
1.502002932263442683e-02
4.391081995194869351e-04
9.687699223863283082e-04
4.026658391369729306e-02
3.050574528338082826e-03
8.993625826366639930e-03
1.994492738133172433e-02
1.233288731196179044e-03
1.708886735444481095e-02
1.081079020499378651e-04
2.521362255564001814e-02
3.484201674728489018e-02
1.848173557093063524e-02
2.356048784514578644e-03
2.837406835519156248e-02
5.494038197448123523e-04
1.931562535295391946e-03
1.074553044483780861e-02
6.935098056122210308e-02
1.027880375503943807e-03
3.053146795573349892e-05
3.250486551158447701e-02
7.184864023370465813e-02
3.400849359167625822e-03
7.766140696826741643e-03
2.414888070625369285e-03
9.359970965076807106e-03
1.679203460851650537e-02
1.440358016837127095e-02
1.758514678455201305e-02
2.325040866770323490e-03
7.446630583416637139e-03
1.136324606223018674e-02
4.391081995194869351e-04
9.687699223863283082e-04
2.621944407700627089e-02
3.050574528338082826e-03
9.728961348474535198e-04
2.050212112756064770e-02
1.233288731196179044e-03
1.363429662851179704e-02
1.081079020499378651e-04
2.521362255564001814e-02
4.835402735269565822e-02
1.782561280897599840e-02
2.333226325891557540e-05
1.746880896062551897e-02
5.494038197448123523e-04
1.443474104682837631e-03
1.074553044483780861e-02
4.264124265013094495e-02
1.027880375503943807e-03
3.053146795573349892e-05
4.087345365502412231e-02
3.723703855740356783e-02
3.400849359167625822e-03
8.035243674127570679e-03
2.570416363743111433e-03
6.005187073536996309e-03
1.358745144396856022e-02
1.440358016837127095e-02
1.067895043798013609e-02
2.786262710331968446e-03
7.446630583416637139e-03
1.136324606223018674e-02
4.391081995194869351e-04
7.831704057424020496e-03
1.836978714517444045e-02
3.050574528338082826e-03
2.825216122645333745e-03
2.883035977247859830e-02
1.233288731196179044e-03
1.363429662851179704e-02
1.081079020499378651e-04
1.063952357503893803e-02
5.347835287842759439e-02
1.782561280897599840e-02
6.046439472517097305e-03
5.104016165518585231e-03
5.494038197448123523e-04
1.198716055843640320e-03
9.472646413019706474e-03
3.974317629360780285e-02
1.027880375503943807e-03
4.470896311762131980e-04
3.698388175610636819e-02
3.310939628115431438e-02
5.494587701701081350e-03
8.035243674127570679e-03
2.570416363743111433e-03
7.389617498267615769e-03
1.628411354058112437e-02
1.440358016837127095e-02
1.067895043798013609e-02
3.535454843054254559e-02
5.924986858944501604e-03
1.877079543798182773e-02
4.391081995194869351e-04
7.831704057424020496e-03
6.509194542276015155e-03
2.201477816336156086e-03
2.665233766804993125e-03
2.883035977247859830e-02
1.181728839256084929e-03
1.974166271784637272e-02
1.081079020499378651e-04
1.063952357503893803e-02
5.325028263176314475e-02
1.782561280897599840e-02
5.761092560500962259e-03
4.704055617183540774e-03
1.474878170806144615e-03
1.267567297729935366e-03
1.123771043468264202e-02
2.210321371645396216e-02
7.297953235874520689e-03
6.891176156304183731e-03
3.660456993483333921e-02
4.070350175694564115e-02
2.125498581681848492e-03
8.219540349932993178e-03
4.520941420854697988e-03
2.646600692441859748e-03
2.413512441659147051e-02
9.496159472187931661e-03
1.067895043798013609e-02
8.360843087223519821e-02
5.924986858944501604e-03
1.316601949604600391e-02
4.391081995194869351e-04
7.831704057424020496e-03
1.034049735341985299e-02
2.201477816336156086e-03
2.665233766804993125e-03
2.883035977247859830e-02
1.181728839256084929e-03
2.615293628462319123e-02
1.022663464477331641e-02
1.063952357503893803e-02
5.325028263176314475e-02
1.782561280897599840e-02
6.221938333350314140e-03
1.578474761507916296e-02
6.953027585662524199e-04
1.506867697566827711e-03
2.021824550507188289e-02
4.669493483917576404e-02
4.865302149330201151e-03
1.114984045547977309e-02
4.222903575396805276e-02
4.162735706603741537e-02
1.296993137096198213e-02
8.219540349932993178e-03
4.520941420854697988e-03
2.533800893527613993e-03
2.413512441659147051e-02
9.496159472187931661e-03
1.067895043798013609e-02
8.360843087223519821e-02
5.924986858944501604e-03
1.316601949604600391e-02
4.391081995194869351e-04
7.831704057424020496e-03
9.513723289318039983e-03
2.201477816336156086e-03
3.228218375112874503e-03
2.573160372439982357e-02
1.181728839256084929e-03
2.088361606208908108e-02
3.557757338218748080e-03
1.063952357503893803e-02
4.983977959753510545e-02
1.782561280897599840e-02
3.589791684180509285e-03
1.578474761507916296e-02
6.953027585662524199e-04
7.227223024218907763e-04
1.686462716986907029e-02
3.660420002159638087e-02
8.033877298813973597e-03
2.283718984307422234e-02
3.111887939634970512e-02
4.240916785402303046e-02
9.656702675507935693e-03
8.219540349932993178e-03
4.520941420854697988e-03
1.050258265271977569e-02
2.413512441659147051e-02
9.496159472187931661e-03
1.334381419750430009e-02
8.360843087223519821e-02
5.924986858944501604e-03
1.316601949604600391e-02
4.391081995194869351e-04
7.831704057424020496e-03
1.692215461140835625e-02
2.201477816336156086e-03
3.228218375112874503e-03
2.573160372439982357e-02
1.181728839256084929e-03
2.938052086057423712e-02
2.304556579877740582e-03
1.063952357503893803e-02
4.840267507059130281e-02
1.100737634034987256e-02
2.700821843530132847e-03
1.578474761507916296e-02
7.551616858857194275e-03
7.227223024218907763e-04
7.099815334321898930e-03
3.660420002159638087e-02
3.609004181080502881e-04
2.283718984307422234e-02
4.105601268513726920e-02
4.728115399165816468e-02
7.972679755451848524e-03
8.219540349932993178e-03
4.673283934707905991e-03
8.425996638846893622e-03
2.413512441659147051e-02
9.496159472187931661e-03
1.502558874144484767e-02
2.606021391439894419e-02
5.924986858944501604e-03
1.316601949604600391e-02
4.391081995194869351e-04
7.831704057424020496e-03
2.720552472497050206e-02
2.201477816336156086e-03
6.066320970901742729e-03
2.573160372439982357e-02
1.181728839256084929e-03
3.501328875193115975e-02
2.723235977028247001e-03
1.063952357503893803e-02
4.840267507059130281e-02
1.100737634034987256e-02
6.425619892281575485e-04
1.375251969221363314e-02
8.355044891962953857e-03
9.577955950849080004e-04
1.252103654292413375e-02
2.845145487510903834e-02
3.609004181080502881e-04
2.238762023391047476e-02
3.455819867049550465e-02
2.130194857439027603e-02
1.424269552019311914e-02
6.951628386347734681e-03
4.418400034676911795e-03
2.594667326257813281e-02
2.413512441659147051e-02
7.693483335130777388e-03
9.553020242891077651e-03
2.236009279915527823e-02
5.924986858944501604e-03
1.316601949604600391e-02
4.391081995194869351e-04
7.831704057424020496e-03
2.720552472497050206e-02
2.201477816336156086e-03
6.066320970901742729e-03
2.573160372439982357e-02
1.181728839256084929e-03
3.501328875193115975e-02
3.235420388512653175e-03
1.628795864603490781e-02
4.820287822365497410e-02
1.205616581468261540e-02
8.349562984471257596e-03
1.375251969221363314e-02
1.468071443346906542e-02
9.577955950849080004e-04
1.406494468159577918e-02
2.845145487510903834e-02
2.208943316334264443e-03
1.978680164266599997e-02
3.455819867049550465e-02
2.046116932875297403e-02
1.424269552019311914e-02
6.951628386347734681e-03
2.025443888569797984e-02
3.283765482527031820e-02
2.492133712272881496e-02
3.888476226770986623e-03
3.233298742305703785e-03
2.236009279915527823e-02
5.116990830048925507e-03
1.225639324376654599e-02
4.391081995194869351e-04
7.831704057424020496e-03
2.021901790993257259e-02
2.201477816336156086e-03
1.555640915301569754e-02
2.573160372439982357e-02
1.181728839256084929e-03
4.147035430712744941e-02
3.235420388512653175e-03
1.694240740932050418e-02
3.260100843131202158e-02
1.261213144806499001e-02
1.339840764368814899e-02
1.692950901288801935e-02
4.572898280685962907e-03
1.887772287233733127e-03
1.406494468159577918e-02
2.845145487510903834e-02
2.586482261226527579e-03
1.023749625573049452e-02
3.405876099665405138e-02
2.046116932875297403e-02
1.424269552019311914e-02
7.665477249892419659e-03
1.231733400706532325e-02
3.363984723016529704e-02
2.492133712272881496e-02
3.888476226770986623e-03
4.335361671980670142e-04
2.246204492160172247e-02
5.554532817020410573e-03
6.028273935522011212e-03
4.391081995194869351e-04
7.831704057424020496e-03
2.021901790993257259e-02
2.201477816336156086e-03
1.555640915301569754e-02
2.573160372439982357e-02
1.181728839256084929e-03
4.147035430712744941e-02
4.790466589767165828e-03
1.549801527439837075e-02
3.132915735164372439e-02
6.108507542497358667e-03
1.532455949328829191e-02
1.692950901288801935e-02
3.458130158532598739e-03
2.359194559769429815e-03
1.406494468159577918e-02
2.845145487510903834e-02
2.586482261226527579e-03
9.614337559463347754e-03
3.616340918961767625e-02
2.046116932875297403e-02
1.424269552019311914e-02
7.665477249892419659e-03
1.443701603295750868e-02
3.438046527728248758e-02
2.492133712272881496e-02
3.888476226770986623e-03
4.335361671980670142e-04
1.655416842313531256e-02
5.315525554476726450e-03
7.467230856118101806e-03
4.391081995194869351e-04
5.013717049265129302e-03
2.337318514854989579e-02
2.201477816336156086e-03
8.074953362096239443e-03
2.573160372439982357e-02
8.164775086388839642e-04
1.740836257086750619e-02
4.790466589767165828e-03
1.556846292422628050e-02
3.132915735164372439e-02
6.108507542497358667e-03
2.206072037857483015e-02
1.755689582696635942e-02
1.624686840948850325e-02
6.114290808244033856e-03
1.986855647554922055e-03
2.064624850394353173e-02
2.586482261226527579e-03
9.614337559463347754e-03
4.033683952098472691e-02
2.046116932875297403e-02
1.424269552019311914e-02
9.888062319033545655e-03
1.443701603295750868e-02
3.282196610575863899e-02
1.991310792820390890e-02
3.888476226770986623e-03
4.335361671980670142e-04
1.655416842313531256e-02
5.803652716596061426e-03
6.830882464849307410e-03
4.391081995194869351e-04
5.013717049265129302e-03
1.886522318830902503e-02
2.201477816336156086e-03
7.006673620500844871e-03
2.489587135000047996e-02
3.771678399841903173e-03
1.740836257086750619e-02
4.690795730459182064e-03
1.594932249049893849e-02
3.263179485007191433e-02
6.782009825076742472e-03
1.794400662404434937e-02
1.827953178465012776e-02
2.406873255579962054e-02
6.114290808244033856e-03
6.742358375917828495e-03
1.550162296773036769e-02
2.586482261226527579e-03
1.152265779418835262e-02
4.033683952098472691e-02
1.944391383605701892e-02
1.424269552019311914e-02
1.121798115632188092e-02
2.642465888370190003e-03
2.537443754447223435e-02
1.991310792820390890e-02
3.888476226770986623e-03
4.335361671980670142e-04
1.426737557484061836e-02
6.011023908413076419e-03
4.160387599795117852e-03
4.391081995194869351e-04
8.516617066194024852e-03
6.216385528878158769e-03
2.201477816336156086e-03
6.193861316855466502e-03
1.446703691282408798e-02
8.644719166001140279e-03
1.740836257086750619e-02
1.006316156813445717e-02
2.571242353715699064e-02
3.263179485007191433e-02
7.412484027772859967e-03
1.794400662404434937e-02
2.613544317750997326e-02
1.265894430992598255e-02
5.958002422975451975e-03
6.760195658104159802e-03
1.550162296773036769e-02
2.586482261226527579e-03
1.231385648700045535e-02
4.033683952098472691e-02
3.093943070838800144e-02
1.544281665924079200e-02
1.084218772006400461e-02
1.506086866548352835e-03
2.451653075240670804e-02
1.516772345685027043e-02
3.888476226770986623e-03
4.335361671980670142e-04
1.115371815118959206e-02
6.011023908413076419e-03
3.829948614872052265e-03
4.391081995194869351e-04
7.631315244311676418e-03
6.797159688925046885e-03
2.201477816336156086e-03
7.407171556232930963e-03
1.539683830730914638e-02
9.109567804147754300e-03
1.384626034839895117e-02
1.006316156813445717e-02
2.319671313361542156e-02
3.004146834270968527e-02
7.412484027772859967e-03
2.756930512934495370e-02
2.006614485536676110e-02
1.265894430992598255e-02
4.483609686277109305e-03
7.407279445675223409e-03
1.550162296773036769e-02
2.601101135517547899e-03
1.231385648700045535e-02
5.032548523376287330e-02
1.661790088582607711e-02
1.595632855459021629e-02
8.122252964704042288e-03
1.897944337062602372e-03
2.920127155633161359e-02
1.257276005723347197e-02
3.888476226770986623e-03
4.335361671980670142e-04
1.115371815118959206e-02
6.011023908413076419e-03
1.091747563149927935e-02
4.391081995194869351e-04
3.174145049652148456e-03
6.797159688925046885e-03
2.201477816336156086e-03
7.407171556232930963e-03
1.317637817306788195e-02
9.109567804147754300e-03
1.794112660305446916e-02
3.860762679727859636e-02
2.800742317588228447e-03
3.507850192248816723e-02
6.181017460535367242e-03
2.756930512934495370e-02
1.387302689401565328e-02
1.265894430992598255e-02
6.067485258304343258e-03
7.407279445675223409e-03
1.550162296773036769e-02
3.786838137311926422e-03
1.555324534835897041e-02
2.957560080621095960e-02
1.661790088582607711e-02
4.427352217686225666e-03
9.435995441986675530e-03
8.116728283138643744e-04
2.797640283367497024e-02
1.257276005723347197e-02
3.888476226770986623e-03
4.335361671980670142e-04
1.056487807276037215e-02
6.011023908413076419e-03
3.040547957455098926e-03
4.391081995194869351e-04
4.534576767108855835e-03
8.060142831561579319e-03
2.201477816336156086e-03
7.407171556232930963e-03
1.477799015575211386e-02
7.690065475569607401e-03
1.794112660305446916e-02
3.252669283760389884e-02
2.800742317588228447e-03
3.777601556759282303e-02
4.123266539600231248e-03
2.756930512934495370e-02
1.924769062937318337e-03
1.265894430992598255e-02
7.095523138948595099e-03
1.117976250558365241e-02
9.558300171787902089e-03
3.786838137311926422e-03
5.833186975384008557e-03
9.675343927889401563e-02
2.493552136861817634e-02
7.178536966933955765e-03
6.211027592915663656e-03
8.116728283138643744e-04
2.797640283367497024e-02
1.257276005723347197e-02
3.888476226770986623e-03
4.335361671980670142e-04
1.056487807276037215e-02
5.038353476513668557e-03
3.304238975740413520e-03
4.391081995194869351e-04
6.815430539570972029e-03
5.719061709071240202e-03
2.201477816336156086e-03
9.783632699198515498e-03
3.205256803195878634e-02
6.085618218287847103e-03
1.794112660305446916e-02
3.252669283760389884e-02
2.800742317588228447e-03
2.908107845784493883e-02
4.254326655774309969e-03
2.756930512934495370e-02
1.232160387981145197e-03
1.224889454304739847e-02
7.095523138948595099e-03
1.117976250558365241e-02
9.558300171787902089e-03
3.786838137311926422e-03
5.833186975384008557e-03
5.852662110892020708e-02
3.076483703645733342e-02
7.178536966933955765e-03
3.175842281452724743e-03
1.829824276542514616e-02
1.704880945523795308e-02
1.257276005723347197e-02
3.888476226770986623e-03
2.113705662455133728e-04
8.344734783942223122e-03
3.006322901242089278e-03
3.584469764553816374e-03
1.305178319299582154e-04
7.952249115397654750e-03
4.199582118603341005e-03
2.201477816336156086e-03
6.549124168696631235e-03
4.547443769232632771e-02
5.207844858071040972e-03
1.794112660305446916e-02
1.612481425843322047e-02
2.800742317588228447e-03
2.306065809899660729e-02
4.211007187216833300e-03
2.195609356363514841e-02
6.858758324145685509e-03
2.373625408685225979e-02
7.776233091348211564e-03
8.289745166965881498e-03
8.858964133889797241e-03
4.890747491376860184e-03
5.921992048938731594e-03
2.531037328974149181e-02
2.148105066117458190e-02
7.178536966933955765e-03
1.248127093472397621e-02
1.829824276542514616e-02
1.704880945523795308e-02
1.257276005723347197e-02
3.888476226770986623e-03
2.113705662455133728e-04
8.344734783942223122e-03
1.114544485233429950e-02
3.584469764553816374e-03
1.305178319299582154e-04
5.774405170650778046e-03
4.199582118603341005e-03
2.201477816336156086e-03
9.244540412122605882e-03
4.567756573455804964e-02
3.329541977260499185e-03
2.254398073286290397e-02
1.562659622872969098e-02
4.500880752041982145e-03
1.882839526238508018e-02
4.208958473071774085e-03
2.195609356363514841e-02
6.858758324145685509e-03
1.821083848932299187e-02
7.776233091348211564e-03
4.619889723739934589e-03
8.858964133889797241e-03
8.643090918142342510e-03
5.921992048938731594e-03
2.531037328974149181e-02
1.584336321258935504e-02
4.682639947858405205e-04
1.239942560757507917e-02
1.662656000181243418e-02
1.704880945523795308e-02
1.257276005723347197e-02
3.882347484209358775e-03
1.823283578125243186e-03
1.205650615431947542e-03
6.648525110540703942e-03
2.457186522018182245e-03
1.238032099095967998e-03
7.418107556361505650e-03
3.327717283661378676e-03
2.201477816336156086e-03
9.574069474084337047e-03
5.754330833093566910e-02
7.029437213832166742e-03
1.554385113772103338e-02
1.562659622872969098e-02
1.566664631017757742e-03
1.041619471969434246e-02
4.208958473071774085e-03
2.195609356363514841e-02
5.142977136421564982e-03
1.821083848932299187e-02
7.776233091348211564e-03
4.619889723739934589e-03
8.997500985006155055e-03
8.643090918142342510e-03
5.921992048938731594e-03
2.531037328974149181e-02
1.699395825279700553e-02
2.549826659343189250e-04
1.105887094669400633e-03
1.717309625767992134e-02
1.478953290869326927e-02
1.025306819364349940e-02
4.858238824461041938e-03
1.823283578125243186e-03
1.879290273198969997e-03
7.685578692814503884e-03
1.924050434513765312e-03
2.753441160393626033e-03
2.603998311535562007e-02
5.304054510925013122e-05
4.558495496447909773e-04
4.062001250831368676e-03
5.189148440416675723e-02
9.951465904499906881e-03
1.380190264620958021e-02
2.113730157160015333e-02
5.355183360978597179e-03
1.041619471969434246e-02
4.208958473071774085e-03
2.195609356363514841e-02
5.142977136421564982e-03
1.401998347704228390e-02
7.776233091348211564e-03
4.619889723739934589e-03
9.427271092244594863e-03
7.151078582547266450e-03
5.921992048938731594e-03
2.531037328974149181e-02
1.127124437748239574e-02
1.929384522533483250e-04
2.176507891329410721e-03
1.717309625767992134e-02
1.478953290869326927e-02
1.554471439523642633e-02
4.385244179258458719e-03
1.500787394307177142e-03
3.222571984775232309e-03
7.685578692814503884e-03
1.924050434513765312e-03
8.190675203003563304e-03
1.213084861268371763e-02
5.304054510925013122e-05
3.919671701526353941e-03
4.173891642202465571e-03
7.121845433481650833e-02
2.265282294577039383e-03
1.733406964248960028e-02
2.234733544039155251e-02
6.615507813398377804e-03
1.041619471969434246e-02
4.208958473071774085e-03
2.195609356363514841e-02
5.142977136421564982e-03
1.401998347704228390e-02
8.879030345113369735e-03
4.619889723739934589e-03
9.427271092244594863e-03
7.003639331121389727e-03
5.921992048938731594e-03
2.531037328974149181e-02
9.550820862997553423e-03
3.697118822244931102e-04
3.494473196465529719e-03
9.158425654136190946e-03
6.119282750996223735e-03
1.613604044643506680e-02
4.385244179258458719e-03
3.610474172012073657e-03
8.312862080176109530e-03
8.086978422005557110e-03
1.924050434513765312e-03
9.195781265101898860e-03
7.430791422971365356e-05
3.356564072725713721e-03
3.919671701526353941e-03
4.173891642202465571e-03
7.851046621436084949e-02
1.322615552562800278e-04
1.325974597279053722e-02
1.765074885993121387e-02
6.615507813398377804e-03
1.059669160446771903e-02
4.208958473071774085e-03
2.195609356363514841e-02
5.142977136421564982e-03
1.222673268348674694e-02
8.879030345113369735e-03
4.619889723739934589e-03
9.427271092244594863e-03
7.003639331121389727e-03
5.921992048938731594e-03
2.531037328974149181e-02
7.851280774450937819e-03
3.697118822244931102e-04
7.705487916985118493e-03
1.050662354445214795e-02
2.836312705081921355e-03
1.613604044643506680e-02
4.385244179258458719e-03
3.610474172012073657e-03
1.082624073919685563e-02
8.086978422005557110e-03
1.924050434513765312e-03
9.139129937853531990e-03
7.430791422971365356e-05
1.920771451267809515e-04
5.214918723026739852e-03
5.345503339671188459e-03
4.974012535285272235e-02
1.761093789399714032e-03
1.325974597279053722e-02
1.610626287431458220e-02
6.615507813398377804e-03
5.846067804057858419e-03
4.208958473071774085e-03
1.666393806572032121e-02
3.452486751914153173e-03
1.252142806753012150e-02
7.919249422004710423e-03
4.619889723739934589e-03
9.427271092244594863e-03
7.003639331121389727e-03
5.921992048938731594e-03
2.531037328974149181e-02
2.681446661093730630e-03
3.697118822244931102e-04
1.281762577366559429e-02
7.681853992019446395e-03
2.836312705081921355e-03
3.837165103471798511e-02
4.764328769552581347e-03
3.610474172012073657e-03
1.082624073919685563e-02
8.086978422005557110e-03
1.914247833791833317e-03
7.752349138935778206e-03
7.430791422971365356e-05
1.920771451267809515e-04
3.625478480198925883e-03
5.715004776104459436e-03
2.909495158049165212e-02
5.142586562615978317e-03
1.325974597279053722e-02
1.316984491706451113e-02
2.349625081444784228e-03
1.373420312955503028e-02
4.547252903101849271e-03
1.282326415527493789e-02
3.970933117923035327e-03
1.252142806753012150e-02
2.285286583796513823e-03
4.619889723739934589e-03
9.427271092244594863e-03
3.944829173319031393e-03
5.921992048938731594e-03
2.531037328974149181e-02
8.811714989154499633e-03
3.697118822244931102e-04
1.092323286039192758e-02
7.681853992019446395e-03
2.836312705081921355e-03
2.177615775003064955e-02
5.062583681466179333e-03
3.972268314357414384e-03
2.541687370050954575e-02
8.086978422005557110e-03
2.296109867154276507e-03
9.589618330772960511e-03
7.430791422971365356e-05
1.920771451267809515e-04
2.852332114667324205e-03
1.767857173933923276e-02
1.621461009236788847e-02
3.029659005406527307e-03
1.331908178169473669e-02
9.140707624303879078e-03
2.349625081444784228e-03
2.213568695607550513e-02
4.547252903101849271e-03
1.282326415527493789e-02
3.970933117923035327e-03
1.203773681656320621e-02
7.382110772970380298e-03
8.245626368220914520e-03
9.427271092244594863e-03
1.344880802143413878e-03
5.921992048938731594e-03
2.531037328974149181e-02
8.101229603093777765e-03
3.697118822244931102e-04
1.028280150337388191e-02
1.805094918785589636e-03
2.961532886694814154e-03
3.335766793921584455e-02
4.441045642547626453e-03
4.484332280953883150e-03
2.541687370050954575e-02
1.008760795263832430e-02
3.943150456453716271e-03
1.300751369096058915e-02
1.388372362773527928e-03
1.935316569167491209e-03
4.842128850765886790e-03
2.659663273699614666e-03
1.621461009236788847e-02
3.029659005406527307e-03
1.331908178169473669e-02
1.573700459814571240e-02
2.349625081444784228e-03
2.260114823388655048e-02
2.605433471948588597e-03
9.806841306594676899e-03
3.550311905814759143e-03
5.372211786567354652e-03
1.012973460801549347e-02
4.055719957477513238e-03
7.247860323848259040e-03
3.944642911848447384e-03
5.921992048938731594e-03
2.706952085144125053e-02
8.176246723125233165e-03
5.283561897284235614e-03
1.028280150337388191e-02
1.805094918785589636e-03
2.961532886694814154e-03
3.335766793921584455e-02
4.441045642547626453e-03
4.424992368507020893e-03
2.541687370050954575e-02
6.876639147093717777e-03
3.943150456453716271e-03
1.365346353816777880e-02
5.849793112687753059e-04
2.648031035968519305e-03
4.842128850765886790e-03
2.659663273699614666e-03
1.800440903616506994e-02
3.029659005406527307e-03
1.331908178169473669e-02
1.573700459814571240e-02
3.055309458117362598e-04
2.260114823388655048e-02
1.776193434880030987e-03
1.544178715157336693e-02
3.550311905814759143e-03
5.515548469960945485e-03
6.576933478640742577e-03
9.111675278516306875e-03
5.395914325152480380e-03
4.916526911899276632e-03
4.785676945505393590e-03
1.774275006393279466e-02
8.538990904355768866e-03
6.723200001265897466e-03
9.930805220749284318e-03
1.825793944609388139e-03
2.961532886694814154e-03
1.896911013771328952e-02
4.441045642547626453e-03
4.686268638626535712e-03
2.541687370050954575e-02
4.731563676541548739e-03
3.943150456453716271e-03
1.365346353816777880e-02
7.264061202291896384e-04
2.648031035968519305e-03
4.842128850765886790e-03
2.659663273699614666e-03
1.800440903616506994e-02
3.029659005406527307e-03
1.689449898104162032e-02
1.568517770175447204e-02
6.959056333734085428e-04
2.727000075597344614e-02
8.296824311537567831e-04
2.323106799450356391e-02
7.046517802413353182e-03
9.364453911766181665e-03
6.992596666930734825e-03
9.111675278516306875e-03
6.907694540451621637e-03
4.002630200333227514e-03
4.785676945505393590e-03
2.375718722522738441e-02
7.889009155560983144e-03
1.510944698413402114e-02
9.930805220749284318e-03
1.825793944609388139e-03
4.172492532569451948e-03
1.318244436112079622e-02
4.441045642547626453e-03
4.417593538546491297e-03
2.541687370050954575e-02
5.315421684715914905e-03
3.943150456453716271e-03
1.413415180363353577e-02
7.264061202291896384e-04
2.648031035968519305e-03
4.842128850765886790e-03
2.659663273699614666e-03
1.800440903616506994e-02
1.595672362471288897e-03
2.893086796944235872e-02
4.254870362650223226e-02
1.141489970551731303e-03
2.451193057074066428e-02
8.296824311537567831e-04
2.323106799450356391e-02
7.046517802413353182e-03
6.346067389946955309e-03
7.236871185078590230e-03
9.111675278516306875e-03
1.355414337051670352e-02
9.109112444197800876e-03
4.785676945505393590e-03
1.715535237486434661e-02
7.889009155560983144e-03
8.097465239079764537e-03
1.175671801181157189e-02
1.825793944609388139e-03
4.172492532569451948e-03
1.318244436112079622e-02
4.129892909586223640e-03
2.678691420590004202e-04
2.541687370050954575e-02
5.315421684715914905e-03
3.943150456453716271e-03
1.413415180363353577e-02
2.979758901876081081e-03
3.251137769924599633e-03
4.829529650806675851e-03
2.659663273699614666e-03
1.319696365362764932e-02
1.478539886446750707e-03
2.288601426152402432e-02
5.072247003632965323e-02
1.141489970551731303e-03
3.140028817647239068e-02
1.871304364863724153e-03
3.751500680852037917e-02
8.079066529413155007e-03
1.045985145997642071e-02
4.274273855914379611e-03
9.869805858044779917e-03
9.516518318237431051e-03
7.393420788424005276e-04
4.785676945505393590e-03
1.350714159217812800e-02
6.672986571666701498e-03
8.097465239079764537e-03
1.034458057509447630e-02
1.825793944609388139e-03
4.172492532569451948e-03
1.128428187829539839e-02
3.284482259337704983e-03
2.678691420590004202e-04
2.541687370050954575e-02
5.054594901722461384e-03
3.943150456453716271e-03
1.672727535199555055e-02
1.808613674687559875e-04
4.069943522406477797e-03
4.351487376554496155e-03
1.537649912143588399e-03
1.319696365362764932e-02
1.478539886446750707e-03
3.099561344573305288e-02
1.981436685306491377e-02
1.052758460848269260e-03
3.140028817647239068e-02
1.866062932827124154e-02
2.597399689766946573e-02
8.079066529413155007e-03
1.045985145997642071e-02
2.770566385117767885e-03
9.090225089957014448e-03
7.091263775486578375e-04
1.172662619243550197e-04
4.785676945505393590e-03
9.060841946876008191e-03
6.223234463149915352e-03
1.801496738825236407e-02
9.128360726505720460e-03
1.825793944609388139e-03
4.172492532569451948e-03
1.128428187829539839e-02
3.284482259337704983e-03
5.059413081609406317e-03
2.113383711079715177e-02
3.645244942760424590e-03
4.184000254975847079e-03
2.070961209199188163e-02
1.503233046498222893e-03
4.330642231300838724e-03
1.685378207696981538e-03
1.431148351957801587e-03
1.465921007697597485e-02
1.465138358625805645e-03
2.831614366135311311e-02
1.406521108417915257e-02
1.355945993872488542e-03
2.376078990931977317e-02
2.190455698307279889e-02
3.853826160270621554e-02
9.063850322213549277e-03
1.045985145997642071e-02
5.478743939669603741e-03
1.098170583815289911e-02
7.091263775486578375e-04
1.972726123126333081e-03
4.785676945505393590e-03
6.951478461215418805e-03
7.863011635457019949e-03
1.579104350636464232e-02
9.128360726505720460e-03
1.874249388652278253e-03
6.368702140117986181e-03
1.959010126800798945e-02
3.167101267156731056e-03
2.261367660426418652e-03
2.113383711079715177e-02
3.645244942760424590e-03
4.128935075295561696e-03
2.070961209199188163e-02
1.503233046498222893e-03
4.196785629672442411e-03
1.690681099566156836e-03
1.431148351957801587e-03
1.338084279587022606e-02
1.465138358625805645e-03
3.316306984308255157e-02
1.512108422662320796e-02
2.128210156558161571e-03
3.413240251198748632e-02
1.668000703660347042e-02
2.831870196638776316e-02
1.132358151845197503e-02
1.045985145997642071e-02
7.439177562247759577e-03
1.092649485802527597e-02
2.419404886274042002e-03
2.752085482319773565e-03
4.785676945505393590e-03
7.206692790298896423e-03
2.322607430227021513e-03
2.907585590763408709e-02
9.128360726505720460e-03
2.573858929587008113e-03
6.368702140117986181e-03
1.959010126800798945e-02
2.900245599823302652e-03
2.311666423168675429e-03
2.422538397313764996e-02
1.305219651398876503e-03
4.128935075295561696e-03
2.633605428262177084e-02
1.337514325616353476e-03
4.196785629672442411e-03
5.890280903086131392e-04
3.936707811120800961e-03
1.261111762035043750e-02
1.465138358625805645e-03
3.322424740959207395e-02
1.091516173788284819e-02
9.885249069643655892e-03
3.413240251198748632e-02
1.698326342476148137e-02
2.790165363027940701e-02
1.410164713464645558e-02
3.034172614356792346e-03
6.879795464074056274e-03
4.803631924205618853e-02
2.419404886274042002e-03
2.752085482319773565e-03
4.785676945505393590e-03
9.195897945644487814e-03
4.666740442762722270e-03
1.715482545421706528e-02
9.128360726505720460e-03
1.518576710620929762e-02
6.368702140117986181e-03
2.128896023854579336e-02
2.340062182027396152e-03
2.311666423168675429e-03
2.422538397313764996e-02
1.273228037350528866e-03
4.128935075295561696e-03
3.671256468569844555e-02
7.732723813329601958e-04
5.500532544242647294e-03
5.890280903086131392e-04
4.009787243662245662e-03
1.261111762035043750e-02
9.095776426278311122e-04
3.095161259354098013e-02
1.091516173788284819e-02
1.340987898354145929e-03
2.781592447323978645e-02
2.145783480202086146e-02
2.790165363027940701e-02
2.583181299962665489e-02
2.416072437769753185e-03
3.966710830486206742e-03
4.803631924205618853e-02
1.071098723684692829e-03
2.752085482319773565e-03
4.785676945505393590e-03
9.195897945644487814e-03
5.341183788731690418e-04
2.269085759901235191e-02
9.128360726505720460e-03
1.518576710620929762e-02
4.273504486316128011e-03
2.128896023854579336e-02
1.698273435416501175e-03
2.311666423168675429e-03
2.391768398319441685e-02
1.470121975627898796e-03
4.128935075295561696e-03
2.490472982735914692e-02
7.732723813329601958e-04
5.500532544242647294e-03
5.055998738851312730e-04
9.417049595436856324e-03
4.019698680437212152e-03
3.130713914667841713e-04
3.095161259354098013e-02
1.157131867204432528e-02
9.086262822538753586e-03
3.801871947730912915e-02
2.321087325088901088e-02
2.471709626446640107e-02
3.288404165937325319e-02
3.672132149002590908e-03
6.997313845524490497e-03
3.134903093525263224e-02
1.255505105343543643e-03
2.859684737832904507e-03
4.785676945505393590e-03
4.655153830128665876e-03
5.341183788731690418e-04
2.941498147997637091e-02
9.128360726505720460e-03
1.518576710620929762e-02
4.101916501818653193e-03
2.128896023854579336e-02
4.418000152500413391e-03
1.200499580910727344e-03
1.921731276467552804e-02
1.470121975627898796e-03
4.128935075295561696e-03
2.490472982735914692e-02
7.732723813329601958e-04
5.500532544242647294e-03
5.055998738851312730e-04
9.417049595436856324e-03
4.019698680437212152e-03
3.130713914667841713e-04
