1.829551477681496535e-02
6.873752877017272334e-02
6.392609525679972260e-03
1.633131137023493412e-02
3.723916849313284923e-03
1.258850764072214079e-02
5.839958004179666290e-03
7.645894015524228905e-03
4.619032757074632844e-02
2.259433943448041146e-02
1.198099465210466716e-02
5.161494653138258559e-02
2.984182288810436831e-02
6.615538937285753152e-02
1.106880944830652691e-01
2.477685557957156129e-02
2.258281915296812825e-02
1.860199837522255595e-02
2.260498937610086467e-04
3.476952369097202622e-03
8.886638088605995633e-02
1.696514968078879221e-02
5.431531721364915577e-02
3.333513098834448019e-02
1.633178270963542289e-02
3.239282163048339686e-02
3.338749298034324881e-03
2.304079906290841528e-02
9.806294039141363883e-03
3.916298095338652252e-03
2.229198971212574543e-02
1.005867695423239838e-01
1.121268500974362606e-02
7.915903088137292778e-03
3.352981633545807499e-03
3.200152669226283275e-02
1.696999204670581601e-02
9.141660202306981300e-03
4.825305885963737662e-02
5.650086514228207235e-04
4.344402219517803920e-02
1.115630531531226766e-02
1.261418363231342835e-03
1.435732112498510626e-01
5.112631620987013320e-02
7.402579226350701480e-02
4.705309603871343782e-02
1.831180424876846166e-02
2.270838479373701521e-02
3.722334306061839820e-02
7.812585498075610632e-03
9.542897295662010337e-03
5.732964001922601777e-02
1.336103854000705599e-03
3.936688963754375603e-03
8.572102635190650965e-02
1.995435529593825308e-02
4.908508170651641744e-02
2.902981349527513494e-03
1.741843204667789177e-02
6.104725203028816063e-03
2.910431206899532358e-02
2.905113193125276327e-02
6.827848922760149097e-02
2.658916362623382594e-04
7.891196610166223424e-02
5.211135818191547919e-03
3.948946968024569237e-02
1.436907112449104310e-02
1.607552009249198569e-02
5.256694682082622277e-02
2.283653994308162787e-03
6.271604246350465095e-02
3.800967325254200890e-03
3.503857419677673668e-03
6.220069521116156075e-02
1.409981117530380301e-01
6.652817879619452035e-02
2.703311800824258551e-02
2.372987290615501815e-02
4.173494009335496080e-02
7.776957825287209025e-02
2.321139471470104465e-02
6.191905066727431892e-05
5.826625618843060683e-02
4.116827216258035771e-03
4.372623753461758744e-02
6.115557022513642971e-02
3.038079692643046170e-03
5.516578281596094119e-02
4.498197627349273531e-02
1.453964266891705735e-02
1.783437618855508722e-02
7.568507983677405515e-03
1.305256431111197386e-02
6.052963009784839352e-03
1.238657960971497468e-03
1.175281696012355631e-03
2.657339304410628964e-03
7.428819963954813588e-02
3.100038536035038678e-02
1.964456524950577987e-02
3.280662073102576237e-03
2.107803084155493445e-02
5.626997876935657672e-02
6.998896873805319011e-03
1.051918470067408906e-02
3.933196300826694199e-03
4.139679487966593796e-02
2.111096002050914106e-02
1.079433577109930285e-02
7.216155173991939051e-03
4.876623414715805516e-02
5.600800474467420437e-02
4.388358901119708555e-02
1.481680915425373501e-03
9.451274529516920722e-03
1.327067022701403608e-03
3.943575744378231829e-02
4.373614205024466649e-03
1.111465671392345908e-02
6.856729855924263706e-02
3.721485085455474018e-02
3.705636527097286304e-02
9.303723490985153777e-02
1.246418885538800106e-02
1.620588150649101070e-02
1.084755576620479237e-02
5.697468992456560313e-03
1.083262586980710679e-02
2.736996196426515204e-02
9.594491367297294793e-02
2.694968154934145738e-02
6.111362708732486632e-02
9.296675676135290889e-03
1.351259887449202980e-02
5.512174382785138549e-04
1.224985602447597674e-02
5.386056337079288270e-03
3.731406905591561074e-02
4.033419706854963344e-03
5.074304375623716994e-03
5.178649380109322936e-03
1.406113658193809679e-02
5.566153392640150327e-02
3.116193350179311677e-02
1.107874910934840973e-01
2.696389283423361594e-03
2.103940511760722665e-03
3.590165967868930164e-03
1.781915070854993011e-01
1.429085975647443815e-02
1.338495557953581216e-03
3.148660336677280847e-02
1.149082377207140682e-01
1.974729676501015690e-02
1.036813656288551461e-01
1.917006690033671093e-02
9.402826357602051682e-03
1.461746884270552840e-02
5.619067642067947926e-02
8.312269065150139358e-03
5.079334506228674884e-02
6.023029290035102762e-02
3.693155586741460328e-02
5.109038344618480054e-02
1.212341069621484038e-02
3.559124532820939768e-02
1.159753534746296201e-03
2.060578603858125024e-02
2.760117704336818162e-02
6.067547323624531211e-03
1.024190320092081136e-02
3.784986285285459051e-03
1.739433600608601693e-02
1.443643949224249386e-02
6.915735408903640746e-02
8.469859168191805343e-02
1.689323005997316399e-02
7.859588682737828763e-03
1.202262087981939565e-02
3.709372557720618663e-02
5.569412610313641265e-02
2.261955102335497236e-02
4.583952660205104640e-03
4.615775926130369355e-03
5.470103194208221498e-02
3.793440981194170364e-02
5.410052760524997062e-02
5.310265752156828611e-02
4.929991233088931724e-03
2.805630909555122121e-02
7.586411468143100176e-03
5.211189999054751873e-03
1.656190848867195725e-02
1.170518418846756004e-01
9.007668528670076391e-03
2.023815063337291303e-02
2.694107334675414911e-02
8.542999246824989346e-02
5.584263452914912940e-02
6.944459908438484208e-02
2.103870453229799223e-02
8.619688761583518821e-04
4.909792142337109783e-02
5.118380692727644843e-03
1.775502177953848515e-02
4.245912326658787816e-03
2.345681038775970784e-03
1.112503840281304779e-01
5.793365595505114291e-02
5.162827405200190456e-02
3.142701277382641684e-02
1.373368830380821380e-02
2.766921402127753282e-02
5.822329844180428732e-02
5.259948340325490412e-03
2.762318618165832823e-02
1.401190902027850960e-01
8.850357045689705160e-03
8.229497458110282548e-02
2.942551870448230356e-02
2.113931222925081316e-02
5.794789331757710382e-02
8.970306796619576667e-03
2.086416472778676937e-02
3.278240883664240712e-03
8.270893700376802382e-02
7.116659407086761702e-02
7.145141422449453883e-02
4.284407062629171786e-02
5.995478685693261811e-02
1.524702669713854167e-02
6.002043725220193582e-02
1.254193227015729800e-03
3.936287978414765992e-02
1.029006247367837690e-02
3.901188723371344907e-03
1.142012369471249317e-02
2.246618714794790944e-02
3.175367445593130222e-03
1.566006452857984094e-02
3.687365794364331345e-02
1.525386088022596086e-02
2.873881607805815058e-02
1.126152928458452884e-01
1.469798370513345637e-02
1.314785732611134517e-01
1.313007773258241181e-02
1.067747465060923800e-01
6.018665376263615530e-02
4.114076377447439814e-02
7.032509605248492279e-02
8.224824352286441709e-04
1.577449530288015621e-03
6.547125146388235728e-02
6.425276407035662718e-03
1.210582562657701831e-02
4.522394792752404413e-03
4.590435068356178705e-02
2.612700041333346906e-02
1.437522377242118343e-01
1.757425924297389627e-02
2.850966506141375256e-02
1.151523532014322657e-02
9.977987239120331836e-03
2.703911874720982614e-02
3.182220449052163003e-03
2.277949924183967495e-02
6.363389293604709840e-02
3.116136893693233212e-02
4.118223369277521778e-02
2.141593123761866436e-03
3.022926748104956540e-02
2.181094687682261918e-02
8.257223173112444858e-02
1.378476872306011285e-02
5.081234680355438404e-02
2.075136695444863497e-02
1.408900689544457900e-02
7.767138283213011196e-02
2.346105183782531967e-01
4.405349928470211202e-02
6.092734294055161121e-02
3.524460965533514345e-02
2.184642012229064643e-03
2.919792116275177034e-03
6.632538145902146243e-02
2.965133242124072532e-02
2.727712044455307683e-03
5.541889054797650288e-03
8.788558241188980380e-02
5.418867001018014967e-02
7.368433875141038036e-02
4.629928246788000273e-02
3.802798154355890858e-02
8.614473815182738248e-03
1.909180219165790629e-02
3.475328536948796981e-02
5.120706332634587105e-02
2.974334095458626426e-02
6.703276849450150177e-03
1.389457488101026282e-02
4.674857321746048178e-02
2.593050100548763628e-02
1.997428299590584336e-02
2.398206714132808393e-03
4.199278236601119985e-02
1.750897017353688148e-02
4.188736870663164330e-02
1.313345137381660178e-02
5.618754191996024744e-02
2.726714243946582253e-02
9.298064651465465236e-02
4.865217372764248788e-02
5.436413364845167628e-02
6.177058072552357726e-02
1.067343193735132562e-02
2.341575204905539664e-02
3.864184210750245402e-02
4.809386062923191874e-02
1.740899363959134277e-03
1.704845251299058270e-02
2.448437304854925861e-02
3.447757901230437405e-02
3.741010050014362265e-02
7.445272440347458498e-02
3.499903556248518122e-02
2.860760279699684373e-03
1.469398978763487851e-02
8.533986742324532054e-03
5.145677303539267916e-02
2.531620345872678118e-02
2.292053122803123025e-02
4.330969189639599648e-03
5.641643328558605675e-03
2.639528944098906010e-02
1.050091935244219093e-02
7.872389923482825402e-05
8.669769320978713140e-03
3.447548671605232817e-02
4.072948309406826395e-03
9.869790983870922046e-03
4.137624843459002805e-02
3.949385237877259258e-04
5.543271564501515286e-02
3.087503720181624875e-02
1.911386408965344563e-02
2.690294930679036980e-02
5.142007494361930386e-03
4.145227230129575058e-02
8.930782492695818475e-02
3.691841597133095620e-02
2.362099460724627342e-02
8.050977682015250658e-03
5.417017897176556324e-02
4.621884073547261051e-02
2.125726241854295970e-02
3.537988280244644401e-02
4.403766407078481271e-02
7.337637489018816045e-04
2.520141947526230788e-02
2.418659214135435165e-04
1.691572146725961109e-02
1.603407966367998219e-02
1.207736606998530485e-02
2.342471653550779950e-03
3.127818058096123316e-02
5.466552675477066164e-03
1.951020852499520120e-04
7.860021733340771810e-03
1.914037291469851063e-02
1.448426960579700384e-02
5.299617083213904040e-03
5.700127656082104588e-04
1.553197096645166260e-02
4.767427693159990293e-02
1.573707991565837308e-02
4.881711548765536868e-02
4.658395625920894872e-02
1.912521035534048286e-03
1.209199648124555798e-02
2.985917387000512624e-02
7.582352134359066076e-02
3.000662969331592544e-02
3.274700378625364228e-02
2.263955710404964156e-02
7.408039798097196260e-02
7.311415239511112607e-02
3.489699401226863118e-02
3.393226749176877360e-02
1.927292300071998393e-02
3.481726707865678838e-02
4.145632621509496435e-02
1.694992388996802851e-03
8.082131898090548494e-02
7.797827830668425768e-03
2.139502993787200519e-02
5.729899331863871556e-03
2.207980751025077903e-02
3.129841768131874039e-03
3.664258307328640066e-03
3.089805887891688974e-02
2.177915163698608807e-03
7.454902917979153859e-03
1.066996224347058556e-02
1.818358794034700271e-02
3.045623981950329549e-03
2.915695105411528557e-02
1.873548801623031723e-02
1.250903865342651092e-02
1.779173014519590604e-02
1.287424325332508709e-02
6.374371199457079529e-03
2.731180893692220640e-02
2.844524665230118224e-02
1.620295533360065210e-03
2.426113911053730254e-02
1.063089518901997677e-03
8.112196092839904504e-03
9.151199645749694134e-02
6.333488154180987040e-02
8.723383087977899797e-02
2.838162334677012122e-02
8.574798334038069569e-03
7.000274011044482075e-03
2.693813560282894842e-02
7.092927974840966543e-02
1.841290205948017261e-02
1.846903728227319158e-02
7.713425260666929330e-03
8.797969893074247469e-03
5.877791422478536795e-03
2.491497547685128308e-02
1.433942124877866930e-02
1.177124198204284461e-03
7.980584088247890534e-03
3.660697402006391366e-03
5.373447717955766832e-03
1.095263416357791265e-02
6.392895221585535859e-02
9.446381019484462876e-03
3.291692665519318356e-02
6.922073328324493402e-02
2.127427120707975697e-02
3.343563465274305285e-02
5.090648591824990105e-02
4.569937565357346659e-02
2.570439657334826211e-02
2.841548829976315443e-02
4.579195876314302860e-02
3.045242925753384802e-02
4.013120214120390744e-02
3.662305137217575224e-02
1.094515158727072113e-01
1.398800760921061967e-02
1.523619571062399120e-03
4.744499515691356917e-03
2.092400049446085583e-02
2.894871920530481604e-02
5.187272046460506165e-03
6.801376095992875577e-03
5.942699144263214727e-04
9.018332906313760583e-04
2.906381863690637307e-02
2.634917909505211930e-02
1.356758983192636603e-02
1.350694420703750336e-02
9.335587862849710743e-04
8.485164622597803075e-03
2.802403614292954363e-03
2.112122329287393144e-02
5.505680724188073694e-02
4.621944539995415796e-03
1.048045853065503186e-02
2.812239968335775511e-02
8.453536703468881447e-03
4.355911978015557934e-02
4.856948408774680592e-02
1.383445297709555433e-03
6.113686189012593891e-03
2.349118155576957953e-02
8.728974707342737616e-02
3.309228804396047163e-02
1.233238363322435027e-02
6.570558356653235371e-04
5.824224036440178720e-02
9.805687196673991760e-03
1.136647079118476705e-02
3.219485550106625238e-02
3.511982682335912376e-02
7.566922085312116630e-02
5.848438377381739647e-03
5.823355855466140485e-02
2.226820182343741683e-04
1.096627273628173957e-02
5.391134666947326043e-02
3.166806309689898513e-02
3.637580268785441107e-02
2.522029836736321834e-02
6.814117200760591055e-03
1.018672585800017329e-02
1.053860226359536537e-02
1.148326174893606055e-02
1.138506406744357879e-01
6.793524985996363119e-03
1.462967030670624113e-02
3.599002314441317185e-02
5.303550540683264758e-02
4.601950676488620467e-02
2.673065115366727446e-02
2.729719644604054751e-02
6.668512842520804128e-04
9.126333548603064727e-02
7.287794072769249176e-02
1.992737141391826700e-03
2.135845925882040933e-02
1.879538575735383021e-02
4.140100019429107658e-02
3.823850756934131859e-03
2.142555915753130424e-04
1.801484548832991972e-01
3.978917912452223371e-03
1.858949287864217204e-03
3.817786009441313105e-02
1.115617429062091270e-01
8.485190690003988068e-02
1.809057673508394221e-02
7.054111511078330760e-03
7.092185131108277862e-03
2.470085109537264317e-02
3.465174066872513114e-02
3.146301356416534960e-03
9.530403649337117200e-02
6.824212721659617120e-03
2.015651633310097668e-02
2.323173513968289638e-01
4.112720354159989794e-02
1.776393532473297121e-02
1.594645181315361600e-03
1.098359079482320588e-01
4.054089866182364332e-02
3.705752939098753279e-04
1.095692165732238890e-02
3.514966556429665809e-03
1.361355275818104324e-02
1.039796107109771522e-02
2.572174974178666196e-02
3.538272872194968971e-02
4.283561662492471611e-02
2.415206676005920289e-02
5.105923765553201620e-04
3.553800026319928196e-03
8.308327931284208157e-02
2.575478975702366960e-03
3.697347443871767947e-02
2.758396656055996099e-02
8.792551750782619246e-02
7.956708799105816077e-02
2.621015586372822323e-02
2.269013667702808601e-02
2.267011124181462361e-02
2.821357541690454676e-02
1.167905976069508710e-02
9.885349319103561155e-03
1.267206570317880310e-02
2.058846916952999928e-02
2.798694735973184314e-02
3.502013668880055164e-02
5.773855709277124493e-02
2.348947906516109241e-02
1.377422519592800751e-03
6.429753131508697539e-02
1.280974742601082850e-01
3.685531339766442982e-03
1.801799240642020308e-02
2.687148131128805351e-02
1.346634644569462413e-02
2.375359415550962194e-03
1.173562298689469902e-02
7.722285321168295691e-03
1.744441423256760590e-02
1.756858891810525805e-02
6.452991185430166816e-03
1.136714107244221617e-02
4.175890360882832109e-02
4.079989722576664313e-03
4.625526557884616571e-03
2.737886763713959226e-02
6.221600771813512454e-02
9.165276874796537271e-03
4.556232621193921639e-02
5.333601822369916229e-02
8.808927184140349920e-03
5.911327810785826226e-02
5.204715674600042530e-02
2.880013321751945243e-03
1.451715450676054064e-02
4.834893832508569550e-02
4.613187695741938210e-02
3.390520245727932092e-02
2.249061372725769462e-02
2.569836177571552249e-02
2.861065070900711826e-02
2.044893235224664110e-02
6.583718786511277843e-02
1.416121253303451524e-02
1.067163752424527337e-02
4.324112999840561827e-02
2.958368372975730271e-02
6.721138840347568033e-02
1.916618721085494234e-02
1.483617652245985963e-02
4.838185956217502803e-03
1.450519069184020605e-02
1.021696435878640882e-02
1.099204703442812486e-02
5.516356856542049825e-02
1.064335907624491470e-02
1.237292271674541103e-02
6.329406083658517534e-02
6.432227091205730551e-02
2.757718827488007257e-02
3.935374750711120861e-02
3.606974438790352261e-02
1.178731312422202915e-02
5.225887835014339511e-02
7.520236569785611336e-02
1.612745531189491155e-02
1.875649942139991783e-02
3.370529343047456300e-02
2.946776983635564229e-02
2.405263670573440371e-02
4.366698779985069001e-02
2.245844247238603167e-02
4.442633343051868161e-02
7.142851732317562902e-03
3.568478193604680132e-02
2.890974551912376539e-02
2.327516244779984783e-02
2.668031151233731663e-02
4.166533371506510319e-02
2.567623376329948928e-02
5.337051514867130475e-03
1.294493751479272332e-03
6.615900002078435593e-03
3.171644037587321996e-02
2.874204658899953690e-02
1.423848235697751895e-02
7.065890570671790050e-02
4.585055868173405075e-02
3.761035062053719180e-03
1.478089178206290488e-02
3.707710292576656824e-02
1.722761890926690145e-02
5.787212851081965231e-02
2.479612401978276495e-02
1.448579919129484861e-02
6.184713322955680964e-02
1.138818581954532672e-01
7.682673768266295306e-03
2.930003466418253447e-02
3.880222973032498163e-02
4.729338928542992093e-02
1.420072793953477269e-03
5.326982639379604367e-02
9.237185943696803181e-03
2.137144251161168101e-02
8.157187686727591230e-03
2.205238402101416390e-02
1.852538830313284202e-02
4.760437703039223367e-02
3.859911600305877648e-03
3.254126509028967829e-03
1.047240007128065475e-02
1.378124638323806675e-02
2.994992110497364524e-02
9.472988753105957699e-03
2.201776755608772507e-02
3.611906785163938871e-02
9.268341872858468222e-02
4.452725074537634831e-02
5.432175834677618192e-02
4.497105196452506545e-03
1.620806431125988364e-02
3.470368267278786667e-02
6.621242062211804558e-03
4.472932729437185950e-02
4.292085286828952601e-02
1.644427639601150903e-02
2.417263797555271876e-02
1.012509138990913826e-01
2.081756333312480625e-03
6.940998912190629588e-02
4.170369024727680479e-02
7.266946588273304197e-02
3.336985595952576128e-02
2.535978496325132919e-02
4.449385582948849061e-03
1.483618009035262385e-02
3.555117084981356673e-02
7.659709348380980970e-03
2.984581017420009919e-02
1.315196436378037459e-01
1.643294399402607867e-02
4.327376624125509053e-04
3.478546460225619141e-02
2.142455048723416328e-02
9.341330671843683237e-03
2.520394384834363094e-02
1.060792567731376132e-02
3.454934246970615963e-02
3.999012097122416065e-02
6.882782932549626198e-02
3.727528876957000165e-02
1.407535874623749156e-02
1.764848608932138851e-02
6.251519317467932324e-02
1.855234338526264362e-02
4.258003215910619033e-02
2.687844373473599613e-02
3.182022346605651447e-02
2.049065178911249618e-03
5.557247447822107750e-02
1.008246986488695388e-02
1.016710255284778430e-01
3.125018071810679171e-03
5.218994321087469523e-02
6.738448766598642559e-02
2.754757196929646240e-02
3.356466001390381870e-02
1.498389901183188808e-02
3.076532813364547120e-02
9.020443475994574870e-03
5.926239531058013349e-03
4.813940427557999308e-02
2.399757939159654491e-02
1.514897726301443759e-03
1.659503669324663422e-02
1.432994895747349839e-02
6.752903417799186077e-03
7.784708594636171458e-03
1.489984140710482255e-02
5.299280665356467801e-03
8.942566251748461370e-02
5.801248750427522027e-02
3.170913244226132577e-02
1.770024031341920628e-02
3.310832207128605598e-02
6.172594456765630871e-02
1.122912872341089302e-01
1.142073515636010117e-01
7.297014295148912533e-02
1.426463926953100078e-02
1.338896440326654141e-02
2.199975185247131371e-02
1.305648461637121810e-02
2.601166093369466914e-02
3.794273810530085674e-03
4.161464586942852789e-02
4.374815069127409306e-02
1.804177240013450992e-02
4.744100167357715586e-02
1.947617701155524711e-02
2.551536970127355267e-03
4.829876415567153913e-03
1.114600779518941376e-02
9.959208764620374604e-03
6.107073492421397250e-03
2.797611517633850908e-03
1.539540363691246222e-03
9.572520873383781256e-03
7.090507647333942759e-03
3.300424336724881724e-02
7.517050492041002507e-03
5.693120710594400113e-02
5.638774538471504061e-02
5.611770974211112428e-02
5.820217405684238732e-02
6.492471367059361731e-03
3.900389656477818920e-03
2.445148687730031717e-02
6.450270427413618002e-02
4.667345625562003414e-02
2.216391920853557143e-02
7.381622006044551154e-03
2.044951123180324681e-02
3.230265439287335894e-02
3.959927873969350254e-02
1.024921569066116964e-02
8.152655658666616012e-03
5.817785037495641631e-02
2.738681209991086773e-03
7.841477731589297298e-03
3.053006292809964939e-02
2.565178486893184701e-02
1.137849131573597308e-03
1.339241247103960947e-02
3.769298481606828122e-03
1.663344266871221930e-02
1.897066142914399702e-03
5.972125572685525741e-03
2.789894932734659355e-02
4.177429470398598410e-03
4.934064384831716998e-03
3.795944937885774306e-02
1.745048709632177758e-02
2.789081763748456344e-02
2.303950116171952361e-02
6.866788243335507358e-02
1.740554520523226317e-02
2.496589464775323536e-02
4.799267461917140071e-02
3.466311984468872787e-02
3.765799803453356159e-02
1.196513690715077238e-02
3.180667334192543994e-02
1.857406438152362643e-02
5.360194724927121179e-02
2.822534795686532441e-02
1.375927062516924329e-02
2.088265801781099412e-02
6.757916665523852270e-03
4.216880390651388255e-02
1.953126954442421792e-02
1.117725101564357067e-02
1.258708705610837517e-02
1.653144099096891251e-02
6.295973429868724491e-02
1.632278826561463225e-02
1.649627971084668618e-02
4.406635021855222212e-02
1.723700534647279459e-03
7.811802980433081578e-03
3.671996677563223177e-02
2.638091937692850497e-02
2.550583497298250513e-02
7.945358626629157872e-02
1.909557353615409445e-02
2.764989127461449023e-02
9.885929378534209083e-03
1.477264312494473708e-02
4.765704363547394046e-02
2.407797209342041680e-02
7.138534158087289638e-02
2.040886812022779662e-02
1.414361473428265258e-02
5.712226083121020419e-03
2.076619544730734859e-02
7.325829394174565579e-02
9.667022252696409745e-02
8.976316232456059419e-03
4.546342404227519604e-03
4.267401250479926911e-02
1.032998680060515789e-02
9.163366305509029752e-02
1.720602319068483682e-02
2.056012568966092413e-03
3.472240545636897519e-02
2.137072984535076658e-02
5.661023280612135361e-02
2.799765133370189091e-02
3.447639008768547952e-02
2.740288091471069706e-02
3.260869002692858530e-03
4.998114063307749350e-03
9.779895153734599091e-04
6.253595140599799151e-02
6.889272073026577944e-03
3.533297811785149345e-02
2.625749399953563462e-02
3.326385638292701785e-02
5.433612715244336838e-02
2.068205340205345882e-02
1.664055104212931388e-02
4.152430492644375998e-02
2.442356758872311559e-02
7.527928872894793476e-03
8.032853065584103641e-03
3.678521044197546885e-02
9.449455454345281891e-02
5.258606144446678621e-02
4.374441394961691570e-02
6.930942164201758793e-03
1.278018419582124809e-03
3.844569152343735308e-02
2.761416584839318858e-02
3.628364383163623641e-02
1.460442281067195203e-02
1.178654897113332739e-03
4.355972732524154845e-02
1.472758045994653625e-02
4.178225452120751249e-02
1.991609828058844497e-02
2.722402772428245826e-02
3.505847068450165804e-02
5.863662129702965770e-03
3.391273975426160880e-02
1.200289403587641648e-02
5.483200635621309632e-02
3.934129212883422447e-03
6.725729418119531788e-03
6.530351564437980594e-02
1.181726620762147718e-02
6.606626267326856650e-02
1.162557785188769732e-04
2.030962805201123184e-02
1.632774638924927232e-02
8.780459645239321181e-04
5.137602234182338246e-02
6.668504549879235299e-02
3.500144541688189614e-02
4.436275071389945285e-02
6.898139204268381730e-02
3.645083424993925819e-02
1.902389954790892346e-02
6.567983289904209473e-03
1.569876341883102988e-03
2.898081185070298590e-02
1.372918156666205237e-02
1.456817870573099034e-02
2.539269794833432826e-03
1.592808812448444356e-02
4.479512729488991513e-03
2.041993038279918404e-02
5.481456855297093568e-03
8.745415791245346460e-03
2.903857992785962433e-02
4.397198381170978887e-02
3.134464301956182281e-03
2.755346692283505358e-02
1.684785439897212161e-02
1.058897643848470335e-02
1.823801707994433807e-03
5.196810107492339653e-02
1.600972652287043635e-02
3.773200609997037075e-02
1.307603465876461604e-03
1.736813907075427862e-02
3.168924776091308626e-02
5.617214826148758666e-02
5.825015536511521375e-02
1.536229165274982655e-01
4.670397761606517872e-02
7.707575551351471266e-02
3.500910893392719658e-02
1.886940172025635201e-02
3.122277715380747734e-02
1.561656855906551344e-02
1.119060657996688753e-02
8.332214290646317023e-03
5.788654811367432290e-02
2.290447986270511063e-02
6.198374115056311251e-03
2.114763367650961817e-02
8.234149225689430321e-03
1.235678837907013168e-02
6.484909896976732979e-03
3.884884780482758624e-03
4.191814998969074085e-02
5.656030493670791137e-02
1.718635443929153461e-02
5.914807855986449481e-02
4.038288064764920110e-03
2.053955558768371867e-02
1.235446321988459273e-02
4.965733195589083770e-02
1.195276413309308283e-02
9.630980408049643476e-03
4.138049511573139300e-03
1.168397128907420167e-02
4.494872356109130829e-02
4.280333680500715554e-03
6.435301996951009462e-02
4.647691001879122180e-02
5.334946798421981440e-03
8.266329149474355154e-02
9.877112369904772482e-02
3.424482817583724206e-03
1.310039525199688595e-02
1.952815205308077590e-02
2.011881976625079504e-03
3.178915402689443809e-02
5.949663278935690691e-02
2.301928651690379746e-02
1.703544526180839763e-02
7.969286720942573773e-03
9.503898927303713190e-03
2.259563381433271970e-02
2.394414135272996541e-02
1.454079577684839163e-02
9.917523724631477355e-02
2.800525350719969969e-02
1.570740081224625273e-03
1.096131955926771678e-01
1.284750406944536009e-02
5.028070972198803168e-02
2.290882452531653804e-02
1.190592198658685721e-02
4.215722245243753996e-03
5.827828496449416473e-03
1.280908404988392868e-02
6.043764216633619110e-03
7.793592166618807521e-03
1.804386519292339175e-02
4.656395301233941242e-02
1.247486092378053968e-01
1.204035691972595717e-02
2.090891260909127566e-02
5.678610264153187426e-02
1.373993542331940210e-02
2.174506975451800245e-02
1.332733644374059674e-02
1.184378413756467102e-02
1.419341387501136566e-02
3.848399595327721412e-02
7.471167368196912628e-02
9.273059426918167647e-04
1.626832990402744122e-02
2.556019013076511748e-02
6.579495528213159805e-02
1.158232673953121100e-01
1.390117060076146924e-03
3.091711838148632555e-02
9.864654263161517361e-03
1.454632530402645563e-02
6.085837536789220903e-02
1.767871075953620502e-02
5.910058077328574078e-02
3.123674091301602979e-02
9.185449174089529295e-03
2.114369828382723152e-03
5.574076366064459331e-02
5.579861109809968606e-03
1.605316267645854472e-02
2.791983061902736027e-02
4.312401419103478045e-02
3.309499834172119348e-02
1.681616871951186615e-02
4.009581552968516371e-04
8.022170780693119868e-03
7.897752465025135657e-03
2.379435347633897593e-02
4.441591437597616765e-02
3.263394559678176043e-02
1.083181213677269876e-02
5.551172707291866099e-02
3.221461765126494570e-02
8.711015477136581364e-02
5.564095126719535711e-03
3.624898870862340583e-02
8.366642376834643874e-03
3.072263661808343968e-02
4.644508938453650176e-02
1.477321710872018731e-02
5.168683935781771821e-02
8.949064586020162582e-03
1.508963856008510573e-02
3.435553044092547192e-02
8.324053425267381734e-03
4.586483045559379412e-02
4.068682172225908389e-02
9.921002725675157063e-03
9.053174690153563409e-03
1.170544269094751927e-01
7.480852043207008792e-03
2.779757760753432533e-02
2.038907523689086412e-02
3.223977194856817580e-02
3.295802895672546133e-03
2.093330236719193049e-02
1.290481701266577366e-03
2.921485937370657537e-02
2.358676285144114745e-02
3.183466161873696465e-02
8.901163817558524483e-02
2.199453066408625646e-02
2.730813766381912783e-02
9.779305705336846510e-03
9.340838744886250516e-03
1.119779104248783547e-01
7.563784569140513669e-02
3.239887764165685219e-02
7.470051229733564759e-03
8.260690302440584082e-03
3.821439082943877547e-02
2.987858221614961632e-02
4.461099956459587540e-02
1.600075032842922240e-02
2.887868516933445040e-02
3.045455828092123382e-02
4.728643661969947343e-02
5.153981009753642872e-02
5.197166665836926852e-03
1.955892751039348121e-02
4.287522205122903246e-03
6.060796476347710127e-02
1.484619892209437797e-04
2.575027729577541655e-02
3.874958475301728059e-03
2.640718295670196197e-02
8.999469510003021977e-03
1.844902561375120695e-02
7.553547460831241955e-03
5.158541700017817144e-02
3.418670163055718969e-02
1.310836508015384982e-01
5.226503640906376980e-02
2.192353778328666458e-02
1.274878451721655342e-02
5.402233101782502600e-02
3.978673874656715737e-02
3.408828970491669524e-02
1.240441488171971363e-01
1.328914896602329324e-02
3.720903745891219680e-03
1.106389923843237311e-04
1.743308502106964350e-02
1.548733988729252692e-02
6.270801400543277171e-02
7.338173140236725796e-03
5.499328286643307556e-03
2.729599285548995821e-02
2.340360962820432419e-02
1.065091043627204026e-01
3.125547690220435715e-02
1.537763229915908164e-02
7.411203038651310339e-04
8.660900257928401402e-02
1.259203657794801673e-03
3.625598538149197442e-02
4.814175286998425424e-03
7.809315650011852683e-02
1.952918722273737882e-03
5.544086605593089717e-03
1.988686308039833497e-02
8.187255205883556264e-02
8.588898066424925431e-04
2.634375801208051898e-02
2.673506826186925617e-02
4.151031315886245451e-03
1.455669098415608362e-02
3.805350046486229154e-02
3.750311950128654842e-02
5.962681765164967035e-02
1.209940115009404404e-01
4.181119104315609430e-02
2.893335684402610630e-02
5.057584872710449431e-04
1.379789994512361888e-02
1.332654033165939569e-03
6.988846427795976368e-02
2.278951120585038723e-02
4.046780404759334898e-02
5.906646450007637522e-02
2.849948412170692433e-02
5.638595404863912947e-02
4.744924896662701397e-02
4.699089723543020680e-03
3.548800676252584357e-02
2.983738148267513907e-02
3.089523089931417443e-02
3.612506825092288987e-02
1.670942750000786389e-02
3.814142149246294022e-02
1.801192967750587376e-02
1.975278143865772176e-02
2.500606405065726456e-03
1.902733184670397926e-02
2.575168744146041216e-02
5.644025387736381627e-02
4.285960450746931216e-03
1.921942715043337135e-02
1.732733110672318028e-02
1.030181488471232712e-02
4.054717155198954426e-02
3.044864541366836680e-02
9.208028678177015980e-02
1.646387071656477130e-02
3.074799914156410921e-02
1.622367020602168142e-02
6.501633117985898547e-03
1.159506625423752796e-02
5.004150881114479560e-02
3.945908279872080079e-03
1.053692118949408653e-03
5.140494288525143673e-02
2.562269769659189858e-02
4.143033494957349544e-02
1.066518377809587831e-01
3.353151514284799517e-02
6.983847801874018546e-02
5.369581013490757476e-02
1.039748052576121989e-01
2.283709883935398574e-02
2.609408809536537541e-04
5.951734067094818781e-02
3.779822976929115685e-03
2.323946643792400985e-02
1.182170721075242667e-03
3.000503098682260131e-03
3.529118931439862578e-02
2.369013669722153451e-02
6.384959423944611134e-02
1.576771941327267598e-02
2.611156820778431226e-02
1.866237913873064827e-02
8.423902169390477812e-03
3.357004260089819364e-02
8.004824027294343836e-02
2.594203801521456632e-02
3.625455658514349644e-02
3.116355246628084441e-02
2.557148597723978706e-02
6.542003496628909232e-03
5.643783151106996493e-02
2.376800562731637423e-03
5.778858792595140993e-03
9.662655699627467620e-02
5.218681500852949406e-02
7.188927152471732973e-02
3.083428437815639508e-02
1.356551764630307272e-02
4.172122242600739828e-02
2.811787385474599776e-03
8.935387940652592120e-02
2.118974884481816812e-03
5.463982723537229302e-02
6.216255852203352722e-02
2.113519104035885970e-02
1.001617151500378000e-03
9.230633343142169434e-03
2.731537079049897732e-05
8.205333763351860266e-02
1.074899117458623203e-02
2.729490320470912695e-02
2.611162516945118861e-03
4.150130623514580730e-02
2.437622148484891102e-02
1.735375067234704374e-02
1.174455686874824184e-01
4.897252397182326467e-02
4.843608603115848871e-02
4.419212986672026861e-02
4.250490334573876761e-02
5.306228806009247699e-03
3.448062179612428058e-02
4.541553000951626534e-02
7.239514044348248877e-03
2.481316815521380365e-02
5.324571779113113079e-02
3.492992009804737202e-02
5.778043926240897243e-02
2.217721441009011529e-02
1.361683611777785713e-02
1.637354314352039084e-02
1.046398896303133742e-02
6.556434993531926048e-02
1.859260947658258195e-02
4.178393473787750390e-02
6.093688048439910993e-02
1.339190894858861836e-02
4.492549184875670176e-02
3.020250282226014105e-02
1.414230087817253990e-02
6.081403651114870162e-02
9.688087326334346439e-03
1.293655124619743496e-02
2.144170995589928658e-02
4.736118331051031305e-02
6.816453532182481512e-02
2.684300569409736950e-02
7.774529588113301970e-02
5.581509174628759146e-02
1.265156912957215718e-01
4.233158105158595086e-02
1.517015820787412893e-02
2.671436986546438241e-02
1.821895981378485879e-02
2.902229854057418457e-02
4.610765643084116516e-03
1.466863945837329139e-03
4.255191875666804180e-02
2.765455563860513399e-03
4.131785988944569610e-02
6.909641291046493550e-04
1.659465526416718101e-03
1.963522811817233760e-02
2.358399728570458043e-03
5.673128897752942323e-02
8.481469962562725867e-03
6.498295630176943727e-02
7.443778644361867536e-03
1.224675557649106822e-02
2.496341432274542388e-02
4.406769994254514100e-02
1.672559214246502682e-02
3.233676892926543034e-02
7.324831146646726410e-04
2.110812641992218519e-02
1.233959081879281751e-02
2.532340295170053615e-02
5.528467415120219552e-02
2.078720575072588728e-02
4.188215898514644625e-02
8.497006129474489466e-02
5.106152847664752192e-02
6.708323898852547318e-02
5.726995705901975764e-02
1.280223534148083875e-03
2.084928641167334284e-03
7.623349933777716358e-02
2.497628593380631090e-03
6.956582820615455146e-03
4.161426203984874839e-02
6.561970027489686177e-03
1.649097677753392360e-02
1.297943859453148940e-02
2.313771334670649410e-02
3.803568629334619366e-03
1.177734465356071632e-02
3.942470325766685157e-02
3.954983960832504294e-03
5.786542332107269537e-02
3.252466786453555442e-02
5.516708386925200588e-03
2.585703939339068294e-02
2.173379918625782670e-02
1.688789283307582517e-02
6.291382646486035068e-02
1.936154028597343590e-02
1.679623955402891056e-02
4.589828260683052191e-03
2.646710790863231882e-02
3.478487462952362802e-02
5.799372858781237650e-03
1.596712936307351227e-02
8.598840826059109266e-02
1.385186261167473121e-03
4.568094599947038897e-02
6.538139718469546113e-02
6.037938838254085575e-03
5.474600873908382764e-02
2.984735467811796411e-02
9.530760689718488152e-03
5.536510700530919427e-02
3.527306463867881103e-02
6.208505453168415567e-03
1.313906323460318180e-02
1.154086912567246076e-03
5.713884225342862229e-03
4.388270931813614221e-04
2.021268888569529784e-02
2.230469472770696057e-02
1.271952110711216562e-02
1.194928770402217504e-02
4.618363409779029094e-02
1.475008536361982481e-04
2.953981215224416035e-02
4.953708906533706158e-02
3.600625871381164106e-02
1.171733234728502410e-02
1.429364891397582812e-02
6.450964910668535376e-03
7.609680741403140880e-03
5.069996996243039677e-03
4.326136909598638641e-02
7.810999351970465687e-03
2.008211427581342925e-02
2.540671969029671684e-02
1.500664487010778050e-02
4.654226543833282076e-02
4.924434605283881106e-02
9.853030183135678965e-03
2.947243603674127438e-02
1.120028104882980075e-02
2.149193248042573223e-02
3.997999953660102967e-02
1.034527945965394921e-02
3.563987772762058914e-02
7.030556946002511007e-03
3.701088245161930634e-03
3.409834935707267353e-03
9.250028333370102773e-03
8.250203154255834892e-03
2.793860941871118692e-02
8.684961033605066716e-02
2.742712204316903601e-02
4.558232108895084872e-02
2.640270533738659636e-02
4.309276289000392446e-02
2.026441838527037048e-02
2.226707567688667594e-02
1.128403185945262704e-02
3.358288686587176941e-03
2.372013855581004207e-02
3.204865067371089754e-02
2.967919795569547159e-02
7.992297522027073248e-03
2.091145745835293682e-02
2.361180891117780484e-02
4.146804383028511454e-02
4.427842960214670165e-02
2.931206311945210724e-02
3.328517206365122494e-02
6.597724597688858598e-03
2.877907170955332217e-03
2.122753986145857821e-02
9.659013256982762474e-03
4.420438269527574016e-02
2.957444752975751240e-03
3.725540856568752834e-02
2.926930066791794127e-02
4.828693048676551726e-03
3.659807334150051716e-02
3.450064799526921661e-02
3.207002832139772483e-03
2.690872129857782569e-02
5.223589189009387318e-02
4.824769727932589486e-02
8.200504945487335773e-02
2.033457991027099593e-03
8.134033105472129876e-02
2.999511831180661295e-02
6.489187974825767410e-03
1.434370821784582140e-03
2.056114715460281156e-02
2.911154545885729500e-02
4.427439143425777358e-03
7.779661848976755431e-03
3.014817018129084536e-03
8.695737705882305990e-02
1.987153188843160737e-02
3.878766672410155492e-02
6.902920460812965453e-02
3.014183794412809980e-02
4.598648859886192430e-02
1.323097157391391054e-02
1.102107555620514961e-02
3.603126964397163762e-02
2.809786169298821024e-02
3.093402524932781575e-03
1.040062553250835353e-02
1.041444952406044011e-01
2.427144273461748908e-03
5.308481985983289769e-02
5.784725507915048498e-02
1.945973427833181182e-02
4.580919969464782027e-02
2.498407817633835695e-02
1.104940832843477605e-02
1.114597479663131108e-01
4.350228920407894079e-02
7.274931490500430309e-03
2.737406841582644759e-02
3.108722203436407178e-02
4.431932211460870574e-02
2.470966973480213588e-02
1.114823963952415314e-02
4.866051437831780263e-02
6.136208234600294686e-02
2.737186708893383363e-02
8.023036283332885682e-03
2.831622852132521882e-03
6.507901266683539798e-03
4.548806705606851450e-03
2.397930103824813183e-02
2.003942389713984917e-03
3.005736064338553754e-02
5.298572077873979491e-02
1.533592928005812067e-02
5.982108968433285517e-02
6.884007360914721867e-03
4.165817932048334823e-03
3.597423679218542114e-02
3.608295432367535083e-02
1.014785836044213713e-03
3.067931078360909211e-02
1.386333677790909519e-02
2.565491033682425898e-02
1.261168886007588662e-02
9.828281771001427108e-03
1.803910064807769456e-02
3.820339800431685889e-02
5.065221113132668124e-02
4.830203218413682033e-03
2.588142832337800639e-02
1.754705655603394643e-02
1.204725521075599437e-01
5.884520504906664076e-03
2.482494542580018435e-02
1.198344876023195449e-01
2.630403050373224250e-02
6.851728655832435566e-02
1.359311877887519129e-02
1.068454280133237025e-02
5.135384717547576000e-02
4.256234865178270405e-03
1.839740283193111448e-02
4.823550382486251065e-02
1.470074599241084391e-02
1.457029579731087821e-01
5.534085242463841758e-04
6.831007610841766109e-02
3.474980537615667692e-02
9.404681257971763547e-03
1.405545980162740682e-01
4.411017299862878688e-02
2.645661611394185125e-02
6.834334884563243728e-02
1.337165781928953412e-02
5.277479857471707725e-02
9.737908725628312626e-03
1.432147304342582840e-02
1.694537368384986227e-03
5.799557929684205637e-02
7.238178309416730578e-03
3.298075239917622886e-02
3.092723998878645769e-02
2.159651056001243852e-03
6.878617811218513955e-02
9.041347457650139585e-02
9.411324622101237269e-03
9.158250251078117743e-02
4.185174384221947153e-02
6.301151253578672617e-02
2.125870140159256960e-02
1.052060240083537920e-02
5.228642821565385873e-02
7.989620453462133523e-03
3.506589764752347793e-02
2.013949005353436045e-02
4.782557468681612398e-03
5.662503864447281793e-02
5.287939638523553310e-02
2.890053771202454741e-02
9.033585453546492949e-02
3.503618547630852481e-02
2.150526083904071017e-03
1.432472711896408402e-02
1.512820899773313806e-02
5.938134291394091269e-02
1.419174683062734109e-02
7.268584650563766902e-02
4.958599713073804510e-02
6.347242350042405987e-03
4.951935064414526855e-02
6.921465938576204513e-02
3.025693991625508575e-03
1.901625576618500013e-02
1.258897112329147167e-02
9.275519030532926312e-03
4.568031847262243872e-02
9.187589073056379174e-02
2.237476059719675781e-02
1.276251129409820273e-01
1.174259508511660277e-04
6.299118810939602353e-02
2.941230857520918396e-03
1.346108482338037593e-02
1.761034382064097237e-02
4.333401409852856434e-02
3.888506973166987440e-03
2.020033443815627550e-03
1.212888013940412050e-03
1.574107441308180144e-01
1.879993956628048246e-02
2.569271989829680081e-02
8.093077517410725286e-02
4.669289748927509670e-02
3.483292485704260477e-03
8.441867965037076760e-03
3.966132014860825061e-02
3.633610420817184883e-02
1.724037916300746529e-03
2.914585233372385398e-02
1.234730278783692688e-02
7.360855434953844992e-03
2.790819846651005492e-02
2.647488265154367137e-02
1.093178908465547439e-02
5.943214010688439852e-02
1.304843990507951676e-02
6.981100413671923605e-03
4.302965573415507700e-02
1.592106529296020284e-02
1.997019126138958878e-02
7.620377713386389251e-02
7.185224401643003182e-03
2.715966009805164671e-01
5.599874943568627916e-02
1.635787173985368825e-02
8.869329790292555804e-03
4.160161169233496381e-02
1.574263113166149419e-03
1.237273882365330212e-03
3.880205547276494374e-03
6.430095245411973637e-02
4.409493609806751369e-02
6.833290955968103833e-03
3.893682174922168809e-02
1.107944964406038652e-02
5.469942156712440107e-03
1.643427444939424970e-03
4.881985257141179153e-03
6.628068354357481706e-03
7.024474636965368640e-03
9.848069695682158675e-03
2.425379610505432743e-03
1.397054084657273557e-02
4.485305599176462460e-02
3.414864062837131859e-03
8.215823313343835824e-03
5.188578034818017853e-02
5.031557597402912946e-02
2.119400564868926390e-02
1.668588667021541835e-02
3.350068626349136242e-02
2.305532155443825934e-02
1.238957930049316286e-02
1.207993047563039185e-02
1.092416894630392488e-01
5.859416829071999178e-02
1.166218203527052445e-02
1.767213049610782960e-02
1.827436582392371126e-02
7.268577888871433079e-03
6.643432441980541558e-02
2.375516966936326579e-02
5.167704287127961038e-02
1.744978281594345704e-01
8.567959290394520921e-03
1.972248125190043111e-02
1.379184909411672322e-02
8.613396001957101741e-03
5.722885235873516330e-02
3.062608419497132167e-02
1.002351408977353309e-02
3.603254863229293781e-02
2.066137893588235186e-02
2.370885602078624116e-02
2.562777482320325109e-02
1.119081205961025560e-02
3.378274104141119893e-03
9.121068450101757485e-03
4.114330794763074173e-02
2.243630949562053570e-02
2.399364657250752098e-02
1.360606321334933110e-02
4.472248305390416623e-02
3.280450806723567841e-02
1.829339070315964128e-02
8.366121415081322413e-03
4.619870919285389704e-02
5.683968572141015474e-02
3.031444750143537023e-03
2.369786284342803931e-02
3.057281056283642912e-02
3.742166088252425055e-02
4.917895060758108172e-02
5.672015169866088946e-02
1.271959421402308471e-02
5.772241759659840765e-02
5.419383756409159973e-03
1.537935958017730420e-02
9.934056032395693903e-03
2.213248536046014125e-03
2.546348076498097107e-02
2.107582168415690019e-03
6.166525185097539163e-02
1.156923521063416699e-02
1.565972792842845740e-04
4.584478474946077076e-02
2.493027598064434004e-03
1.314035046421977576e-02
4.491951970256406051e-02
6.440618104511719108e-03
3.602948138923742216e-02
2.205108684828140792e-02
4.082662254537355873e-02
3.805555834608961331e-03
5.644410479226229932e-02
1.158952453089970996e-02
3.760927355402184091e-03
1.948874802835660544e-03
2.265769883397796350e-02
2.878513978529786271e-02
8.514992245115021036e-03
3.204399446801988599e-02
2.695208806647971661e-02
9.991897187172983641e-02
3.924362297372865904e-02
6.289229047799260730e-02
1.326206636880062663e-02
2.530322839178707900e-02
3.029758908609417323e-03
3.908575448173177286e-02
7.892117554673593049e-02
8.476741351533152724e-04
3.018394807390097773e-02
3.950267017635761269e-03
2.996767451084367609e-02
3.716978452795496879e-02
7.789703254925759573e-04
3.543041322600811588e-02
3.541473334727980420e-03
1.393202538400944816e-02
2.674612494753349223e-02
2.679200753334685242e-02
1.016881559049206442e-02
2.345089564700717465e-03
6.228949338362965715e-02
1.645851849984869206e-02
1.545409711636948347e-03
1.329498978109013713e-02
9.009038432319536535e-03
1.983062909587457109e-02
1.324569252782939466e-02
3.599480182312830151e-03
1.946249482960016319e-03
9.409009135610959390e-03
4.247730076656641013e-02
1.836759737917473267e-02
4.710772630334885552e-02
3.599386644034185956e-02
5.891891105707833774e-03
6.175379254528568645e-02
8.001703691803894319e-03
2.589737473767458886e-02
9.177030045652449786e-02
4.001617031633706786e-03
6.925626298442702500e-02
2.691057030326858904e-02
2.682265483960697208e-02
2.003604983193340780e-02
9.205226310249527838e-03
2.360149965346934262e-02
7.805073021686420934e-03
1.793906692314743354e-02
3.478163717293064616e-03
1.808511898526891926e-02
3.144309807876440738e-03
2.565187282284531883e-02
4.574000835758698646e-02
9.143149388603354077e-03
3.190057919216173713e-03
4.515311103280723881e-02
3.792325185589841274e-04
5.140274779105967473e-02
1.765970386163500001e-03
2.363291860250700538e-02
1.067214401472689478e-02
7.430301263292729032e-03
2.373499175693953925e-02
5.033220304638841291e-02
3.407655480600376569e-02
3.884766754135401262e-02
6.636701282942151538e-03
5.234185325460100069e-02
2.754612419018235073e-03
4.912689650135530772e-02
4.954887006522121912e-02
2.659241083538088635e-02
3.442998802846475304e-02
6.070386653526056719e-02
2.604044168161691319e-02
1.595435879049550768e-02
2.157431474570783297e-03
9.453146742123084284e-03
1.003368480883593677e-02
2.606609137835125267e-02
1.635865226893144439e-02
5.170687425536320270e-02
2.838029746681444265e-03
2.491859881903114859e-02
3.032642279521016379e-02
5.902024700333886875e-03
1.477135631891812219e-02
4.712455919018875006e-02
7.624388405942458813e-02
8.487518371847194154e-02
2.909193955155508354e-02
2.536991069878810276e-02
1.027652147419338795e-02
2.034822149222129464e-02
2.351153189316395123e-02
6.040512805700691545e-02
1.876100692377582341e-02
6.462369605955173291e-02
4.125363246322486660e-03
4.494541144968332291e-02
2.138699839304281092e-02
9.862135386968576278e-02
1.086356813285705297e-01
4.564190899572100925e-03
1.656679646553887997e-02
1.439003677961405228e-02
4.543967100917855120e-03
1.714865838649829929e-02
4.185726903458548281e-03
5.167226129030180748e-02
2.765958119236799906e-03
3.937717618947773196e-02
1.474169083029907255e-02
3.301914345800795181e-02
1.177276227027696485e-02
1.013300817015399223e-02
2.234264301454582345e-03
2.477047317598057158e-02
3.506134230955960246e-03
6.659409467478508149e-02
5.251737919998974990e-02
1.220531940664550119e-01
2.569596805721477070e-02
2.459706104929713921e-02
4.160875511835919471e-02
7.752607513118685290e-02
1.098355712756818488e-02
3.058775080022075460e-04
7.944137345070165571e-03
1.367272207389339800e-01
1.545334161112998927e-02
4.898021075402796826e-02
2.867436167474304159e-02
1.235837137983307327e-01
3.927124755530358308e-02
1.616727625971034477e-02
1.811198758201955708e-02
4.745219964247805733e-02
2.790827365775599631e-02
1.445821477571496670e-02
3.008046580452871863e-03
1.471527515531224906e-02
1.188250515852217089e-02
1.966731493671181052e-02
4.890857613794311054e-02
2.310458577283836662e-02
1.639901396587627874e-02
1.522214735094189197e-02
5.347275202538678829e-03
7.007107805400075717e-02
8.312039319399978921e-03
8.259703148522820615e-02
4.699415121238121468e-02
1.909821819139344984e-02
9.319306593235886921e-03
2.525294628521896831e-03
2.865574666550439742e-02
9.828396286885170141e-02
4.862994283456479466e-03
1.159945322406619964e-03
8.720065963928071845e-03
1.208188640539802072e-01
6.524734571010505288e-03
7.408012763905111320e-02
1.037434533121735780e-01
8.908471624973424152e-02
1.214863134988694582e-02
3.785568234163944751e-03
2.227448470157626995e-02
5.774389556289635794e-02
1.345145423755436387e-01
2.396312058633098818e-02
2.570664651939678219e-02
2.869292984873775265e-03
2.195880599087714213e-02
2.254540423155138723e-02
2.889428053750942027e-02
2.563834295361030677e-02
2.234945926718532455e-02
1.218219889551751256e-03
1.449226357584425945e-02
1.229342566192936914e-01
4.225209089860848533e-02
1.098137960930042623e-01
9.301947472549845775e-02
5.545692754125521040e-02
1.442209274031662491e-02
2.470513641648148032e-02
4.282524213473947600e-02
7.715882552380046167e-02
4.916879494424582307e-04
2.526106779283023712e-03
1.939125457610941204e-03
5.788411978889097809e-02
2.366124934097348087e-02
1.686300096212366151e-03
2.534861140732039275e-02
4.964437557576385773e-02
6.349240288701134098e-03
4.857491613040228196e-02
5.500470784184265799e-02
3.849809166058229537e-02
3.624101086801233967e-02
1.902135795668467855e-03
1.175422964653310628e-02
2.284755155087473538e-02
3.461330137011881664e-02
1.830737732272076645e-02
3.587266953851953738e-02
2.250806450868488712e-02
3.107014997559549244e-03
1.502147745746616053e-03
2.385310378616955704e-02
4.207129538749498909e-02
2.430371590775830953e-02
1.415669844691582469e-01
2.693030374722600248e-02
9.120371862489286968e-04
1.817094275306035955e-02
7.911863106405240403e-03
1.068237118548418241e-01
8.432794476273876294e-02
4.842286240972919903e-03
7.447279625487494489e-03
6.324132321083149322e-03
4.155413795030048901e-02
1.671118300123664371e-02
1.634927074697388807e-02
6.516095838740207889e-03
4.439112466510426735e-02
1.969118685734798715e-02
1.500167233716812043e-02
7.910913991528345512e-02
4.242156544377934102e-02
9.870435823281994980e-04
1.214993506750875266e-02
7.681147965451978060e-03
1.730214892387452880e-03
5.929437208965760570e-02
6.972636946861419938e-03
2.698973386943505706e-02
1.754358555726625440e-02
9.898300637254865697e-03
4.632933873695933846e-03
5.462079101933962032e-03
2.968208142421608492e-02
1.738515634428526926e-02
6.500079469940753252e-02
3.207198526886359709e-03
1.062438971464768796e-02
3.145528585752488393e-02
1.415024509658877050e-02
1.840285231061755955e-01
3.640262548224074655e-03
2.143568210938818358e-02
2.574531570574331574e-02
3.632504791745952422e-02
1.475042974041772953e-02
3.071220767100563132e-02
3.359399402441051730e-04
7.843835040254529267e-04
4.800689530252000292e-02
5.834482673942496811e-02
7.419811120793804761e-03
9.302706376053937465e-02
3.317248393477909701e-02
3.902327826238611522e-03
5.413157917664702078e-03
2.935573367442958007e-02
5.447637591458213274e-02
9.928513822695546331e-02
1.640050314502762216e-02
2.657724208011454092e-02
1.785424193327396492e-03
1.601662878969509901e-02
3.231916095285907679e-03
3.954309480713625452e-02
3.154208844449472859e-02
4.758487914676901021e-02
3.581566329038390895e-02
5.508336202007073357e-03
2.529837176899593990e-03
5.162525953301722037e-02
1.617394141034039085e-02
3.803811061967667106e-02
1.420024564209983187e-02
4.702564249010215275e-02
5.196388585874360533e-02
5.677990224364548588e-03
1.975647205225618264e-02
2.538485289493563196e-02
1.986639464206959790e-02
5.926527038035847919e-03
5.902059290706814822e-03
1.362736250267121418e-02
8.485829622547926693e-03
7.449025266254441849e-03
1.217962852710304314e-02
1.681838433221597914e-02
3.570782813129595029e-02
5.745355769368514637e-02
3.092544654213730954e-02
3.869717639916019775e-02
3.358843991435196685e-02
3.748774718516711957e-02
1.653484129971306837e-02
7.091888827295170922e-03
4.962411652902907859e-03
4.321600631035183576e-02
4.007200794532529697e-02
2.942450855568959009e-02
2.284972316736830211e-02
2.908077047508079733e-03
5.623855911698425608e-02
9.548012242539330452e-04
1.364294340810567538e-03
4.729900014259634522e-02
1.514425948451873782e-02
4.255408101624978678e-02
1.747118097007219206e-02
1.309524569248348910e-02
1.195610611034889081e-02
1.960269831644382774e-02
1.633522498103664317e-03
1.677877778599177333e-02
1.366277864809566957e-02
4.304393060713442715e-02
7.644019362537356199e-04
1.054065070189863854e-02
2.279168521915548445e-02
2.009550744032107678e-02
4.624923780262804596e-02
1.986975953937323430e-02
2.763714386824803887e-02
2.815680409985456267e-02
4.333657971161718192e-02
6.350553315750667727e-02
3.047639874971805329e-02
5.531322682168712812e-02
4.898469749979088295e-03
3.404147274814108698e-02
4.371100390560347243e-02
3.066140101535199877e-02
6.297941933333649212e-02
1.598869527082030784e-02
1.015351520362437442e-02
7.603009742491544792e-03
1.662390376062178321e-02
3.904790155798579243e-02
2.702695994272144922e-02
3.811399990912060776e-02
1.703416576586291864e-02
1.141957280296381459e-02
1.261034621768685957e-02
4.460774720278538885e-03
4.052628836670067736e-02
1.161087334985317840e-02
6.306750825765970216e-03
6.403357323009221946e-03
5.015511396302353188e-03
2.303570457802996130e-02
2.795431363749707569e-03
1.357389683250321069e-02
1.422856773404060186e-02
1.271466971926620525e-02
6.140973977120461891e-03
4.735241889423813522e-02
5.514340842983679603e-02
5.179802886662191602e-02
7.179459864834032701e-02
4.118854960379697561e-02
5.427428445222773346e-04
2.635892706741534836e-02
3.394197391984767054e-02
3.319381798973106146e-02
8.423363565010364568e-03
3.028653886988984939e-02
2.432995296933747331e-02
5.083790408096574426e-02
1.027180378979433185e-02
1.033714782724225872e-02
5.129600354195498757e-02
3.546640863780033126e-02
2.376578497649604188e-02
1.914526835576785616e-02
6.615058554606602012e-03
3.522198959799885398e-02
4.740076703828723786e-02
5.653292903071843734e-04
5.329151359717928041e-03
4.906602126446991258e-03
1.061813941278898221e-01
4.213750105326599660e-02
8.555430857966554725e-03
2.956556624334045341e-02
1.907003650994563634e-02
9.159481347165071563e-03
3.612140375123126107e-02
7.428122009340952514e-02
6.029624764638677470e-02
1.267783696135782023e-03
4.361389043034652468e-03
5.296181762113807458e-03
5.133594010526187565e-03
1.387922433257779420e-02
2.492426036055079425e-02
2.173332895119808525e-02
1.567767596270744704e-02
1.221993660846860952e-03
3.860072904546487521e-02
2.453841666401503085e-02
3.075800358072278140e-02
7.161126494621279127e-03
2.971236815750274290e-02
4.367565795787095584e-02
5.463092425464216931e-03
5.435188136363081068e-03
1.579622128083359167e-02
8.079431450602286152e-03
1.024461241488591745e-01
3.308336694506520265e-03
5.023810682960289098e-03
1.234056680570915290e-02
8.555411140073265752e-02
6.048187007169271434e-02
3.228267358485901323e-02
2.494792428944775028e-02
3.509670677576043341e-02
3.671572606105746872e-04
3.151382984343756299e-02
1.187699690875009262e-01
1.161264580824097718e-02
1.620474262438079127e-01
1.939881946040584657e-02
2.066802684955062336e-02
1.016902461863369161e-02
2.752092575664476931e-02
4.539106370365877940e-02
6.624449711907185248e-03
2.917490010558913133e-02
5.221367174085205648e-03
6.098308033271455930e-02
1.333042692173935784e-03
3.172468501503605820e-02
7.413263144074577760e-02
1.139439995135234363e-02
1.800050744276325554e-02
3.484667220432299817e-02
4.313223580129853241e-02
2.508184575881283740e-03
5.007548772321471220e-02
1.109656115950993088e-01
1.998777581961877318e-03
2.657062572600162043e-02
2.677467765787887310e-02
6.962847682076364619e-02
1.358725237234993388e-01
2.928003049123072132e-02
2.545963067321929674e-02
6.065844530871945806e-02
1.245371114932458841e-02
2.147058370001531102e-02
3.841551691594581597e-02
1.241663030764697528e-02
5.712005845028675366e-02
2.515548539460161354e-02
3.523356626865788155e-02
3.624958659757128443e-02
2.853854624717718641e-02
1.294614656884172238e-02
2.381547401605343256e-02
6.106156981698773051e-02
7.165218811065849139e-03
2.873286556665357802e-02
3.140383806129280753e-02
8.739132061202356527e-02
4.059496269567591104e-02
2.765672382261642748e-03
8.646207682160926555e-02
6.185424910768113835e-03
5.292992554856830456e-02
4.697527960613146619e-02
1.054811199640092595e-02
1.263851048922985665e-01
4.198298192117765754e-04
2.668210040754249307e-02
3.672364150797292892e-02
2.574308956144727434e-02
1.068271149787560770e-01
1.417023773997588484e-02
2.485274109135360288e-02
4.136191024671357838e-03
1.703317269403762865e-02
1.316771595322356776e-02
2.921730433419045952e-02
7.470594871477355230e-03
8.809256435816228969e-02
8.228680431613566437e-02
1.538120591858704866e-03
3.803840642215357282e-02
1.829264159159830344e-02
5.613590727326597807e-02
1.927090282706335825e-02
5.258752369845871855e-02
9.923749448020158237e-03
4.127802302546987323e-02
6.225898667744421931e-03
4.415593825990851012e-03
1.022469503884148104e-02
3.000609820192009797e-03
7.358205844468480861e-02
1.973765775506370126e-02
9.591943467711142035e-02
2.796181749835088132e-02
1.276311983362179645e-02
2.293206738542166723e-02
2.223449768363604945e-02
8.193533842666866907e-02
3.791117600017357425e-02
2.733301049360223334e-02
4.310653773896229446e-02
4.147355758533350506e-02
3.218193396190169309e-02
1.892364434987084398e-02
4.905356619185543589e-03
3.231038902078722103e-02
1.772833849122402994e-02
2.566882533034411593e-02
1.000631068078750852e-01
8.309093096818427615e-02
1.105988097698879305e-02
5.666739995191393334e-03
2.923205413025488364e-02
7.595153589887548851e-03
5.519949902756365878e-03
3.679865335655978752e-03
4.945973348408563841e-02
5.099612881048376511e-02
4.121543299974285424e-02
2.060916654192745945e-02
1.486475484821216629e-02
3.434417392849213602e-03
5.440015756476618281e-02
3.638652139334716540e-02
2.916842033740950010e-02
7.851122085437747464e-03
2.821584379308793820e-03
5.437886297864308327e-02
1.368185388568730898e-01
3.023457165513293229e-02
3.274002082917581991e-02
1.559016384790957305e-02
7.065952379297135710e-02
3.389185292804396121e-02
4.921984407242552262e-02
1.821224868233536909e-02
2.322418159724667225e-02
6.192426830812942928e-02
1.147513507505836319e-02
3.167155109842198502e-02
4.487531731881373720e-02
4.483579561764344801e-02
2.734872599323346504e-02
5.075026806958362821e-03
3.519383312896922494e-02
3.513513521113537097e-04
2.601125321624664366e-02
2.500687733165046778e-02
4.939455783560464663e-02
1.214523689206635157e-02
3.903615797314610031e-02
1.500413335710287094e-02
1.996620049582624457e-02
2.196657888194988514e-02
1.493815846939764991e-01
1.082649892846775444e-02
7.230248325130340936e-03
7.574888669733267910e-02
3.935684004735671981e-02
1.361048832654093987e-01
1.379136330537346355e-02
9.259107575325363493e-02
2.375773692813818935e-02
1.864844858565210817e-02
5.685416718705232908e-02
1.880443443814139304e-02
3.502532614485694140e-04
3.132536083717318842e-02
5.127452047174237831e-04
4.848005204816975555e-02
9.851093206733141025e-03
1.020964935988686734e-01
3.278705757481132493e-02
3.549354692115015697e-02
8.581649787531897555e-03
1.753824094386670709e-02
2.312541383011281967e-02
3.784455842858473057e-03
4.973297541725606175e-02
5.137714320319510322e-03
1.960880187741773084e-02
1.405806596787212426e-03
2.433538867361919461e-02
8.822432356675543111e-03
4.271896038250788674e-02
4.369670213053514912e-03
6.665325450322985568e-02
3.134428052155663336e-02
2.709081681181207263e-02
7.583264037387290463e-03
3.836401634279228839e-02
1.045537258319555463e-01
1.630303444294266269e-02
3.720792835045996783e-02
3.740983980458895825e-02
3.995367296465068135e-02
6.765562117530971031e-02
6.440628803339792929e-02
5.505215861163176294e-03
4.898849699470539040e-03
6.066631951503198561e-04
5.688148056200011821e-02
1.017293864043058646e-02
1.019864325041018316e-01
2.184976704918590446e-02
3.607246473119403440e-02
3.218036017323136488e-03
3.455455130522408491e-02
8.062778400256054301e-02
2.724157347997863132e-02
2.442205216698134507e-02
1.518897179150446516e-02
3.528534498622466070e-03
1.164487850465727864e-03
1.875816932178094032e-03
1.038905423555448911e-02
5.885133586907760964e-03
3.397151835351921306e-02
9.771207357078007250e-02
5.897572338867478753e-02
3.560621478062810097e-02
5.965230002918749108e-02
2.694691232139007769e-02
2.357617725070352416e-02
1.535093953301084821e-02
6.380633552076710874e-03
1.777418910447779027e-02
3.707847311309880184e-02
8.088430121275518025e-03
5.194169209906790430e-02
6.074454476117478741e-03
2.773685702285681384e-02
1.952352394103566702e-03
6.354439759509297736e-02
1.349392519127868596e-02
1.254938602987224205e-01
2.269256839173013421e-02
2.774749439861858707e-02
2.787417491044857920e-04
5.803944661226854290e-02
4.208646297947141179e-02
3.043968542296821705e-02
3.166383587359533625e-02
5.122612246577869927e-02
1.145868105357325389e-01
4.055880964532896510e-02
1.820676280789193524e-02
1.983633512198998763e-02
1.753770015104246655e-02
2.523089653183116857e-02
4.676559877883848526e-02
7.824169066436673092e-02
1.302167872890681033e-01
4.188668961470089214e-02
6.599084251731168749e-03
6.916967296479135940e-03
1.045763844736040914e-02
1.822166646872167353e-02
5.499810012298537998e-03
1.530809278873645173e-02
1.225605215963597276e-02
1.068348223139009845e-01
1.317108535129494877e-02
4.541302355064854440e-02
1.279202466509279934e-02
4.708941146029880370e-02
1.659651764850378353e-02
4.720538507322925847e-02
1.941797524895598828e-02
1.607923065070339386e-02
3.465155918908335853e-03
9.700432731861097224e-02
3.423148251153707022e-02
4.546975760514600923e-03
1.075913303877762753e-03
1.024808683089226125e-03
1.134409947083440950e-01
8.326287005686368314e-02
2.685946413033143271e-02
7.871683181761637838e-04
2.707441484548828679e-03
3.346579559433778689e-02
1.368367719993176038e-02
1.880569135799109795e-02
1.429432987634756957e-01
6.442403303137261839e-02
2.867794757357125524e-02
3.758711179988050155e-04
9.404370048461763165e-02
7.148417219504772657e-03
1.715662131253935588e-02
4.382144609682250835e-02
1.917387599192169056e-02
1.896673929172170564e-02
1.771626138505907888e-02
5.030866727102787858e-03
2.021800309646088270e-02
3.167635898325680405e-02
5.955207996608979926e-02
3.814914668967674116e-02
1.335916446080274815e-02
6.212574117759017689e-02
1.059895186524078062e-02
4.431440891654337549e-02
6.879589664435960261e-02
8.301441616856242156e-02
9.179339587934858685e-03
3.211654381539137681e-02
5.703201628204562779e-02
5.299549669057446871e-02
7.143407440796577246e-02
2.332185615797416345e-02
4.071746461651107318e-05
2.981104297617568483e-02
4.516569758150498076e-02
9.622665931147515728e-04
1.223238392052899831e-01
5.036933389026766739e-02
3.723150984420867809e-02
2.536773389660495689e-02
9.814679049306788972e-02
2.291785673302685483e-03
6.692379632508713150e-02
6.693080753717114972e-02
3.477710421460614154e-02
1.833281019521314226e-02
2.041396301032481764e-02
1.318401052092335081e-02
5.397783973073062846e-03
6.366901036760983477e-03
6.420158830919900361e-02
6.653355644546994629e-02
3.341029595187527262e-02
4.772279540136053350e-02
3.606598261349506368e-02
9.174419173783171511e-04
2.725591436144240640e-02
6.062637127907136853e-02
3.248149622481402016e-02
8.984275191150570272e-02
4.586481271158044520e-02
2.857361820107657061e-02
1.382337477692403838e-01
1.346097784622642297e-02
1.186860778232384610e-02
8.016760971134875846e-02
6.899926458688208919e-02
8.335898774267071903e-03
1.187970444897384903e-01
3.156877353493837274e-02
5.371796956809675450e-02
6.888599484397703310e-02
9.292173807479661707e-02
1.100505055637564233e-02
2.997445679514364886e-02
4.735685766540743274e-02
2.788618844263429652e-03
6.332342031583643172e-02
2.883058343150737141e-02
5.905935250160589123e-02
5.105397008127203137e-03
1.598771960747275012e-02
8.482683016252912100e-02
1.904715217175284581e-02
6.197225722478288956e-02
6.140196429134800460e-02
4.609824931337613840e-02
5.414705641529543589e-02
4.273280530635657770e-02
4.182330048235947950e-02
5.446525772500127906e-03
2.869777800706249313e-02
8.758166835973919817e-02
2.673298452082348287e-02
7.242261097182767227e-02
1.152072285722500686e-02
1.840955548835845196e-02
1.022656778360443719e-01
4.431434624586319537e-02
9.073196675219469265e-03
9.122896104275984852e-02
4.267823582512644473e-03
6.028685390901094253e-03
1.587507120777383041e-01
1.062924377248394281e-01
1.132071442637009318e-01
1.604923198207638957e-03
1.427551303487954726e-02
3.885016237016904184e-03
4.113563931988498124e-02
6.810235724165067395e-02
2.918073751229936785e-02
6.559717368397251572e-03
2.856463668162497610e-04
9.699713588745081938e-02
2.290230674380639569e-02
7.321710891136040678e-02
4.860351884466107553e-02
1.199174924239352347e-01
8.283810830723088714e-02
2.993150843554995277e-02
9.065033800356306348e-02
3.059028356766470627e-03
3.789716751490459362e-02
8.805082871031696956e-03
1.696536931546020754e-02
7.229154011455145301e-02
1.301464564231588628e-02
3.098153840567038908e-02
6.356394304193999090e-02
1.108468491878748796e-02
2.484016209385169968e-02
5.520102804508149330e-02
4.988016747639270436e-03
7.253421199874286740e-03
5.685054253106881783e-02
1.174708729365844806e-02
1.180011799064146771e-01
1.678701035943711006e-03
1.994673955677397567e-02
9.197915898587191719e-03
5.295992621662613115e-02
3.872055583642385057e-02
1.060183574543014859e-02
7.407621827858688369e-03
4.823333489279193510e-03
2.035547241703082946e-02
4.561101941741337040e-02
2.531101868995535784e-02
2.547508921782529190e-02
7.703560253944868874e-02
1.080052932911982899e-01
5.411381602847251115e-02
3.369403734116841603e-02
3.598485632835744102e-03
5.226499062474200541e-02
7.824741523800717719e-03
2.512627593348804034e-03
5.021074160100619244e-02
2.852981853859806738e-02
7.340773444422654670e-02
5.640053060551153408e-02
5.847963194987662594e-04
2.483474964621310010e-02
2.410143364350082057e-02
1.261290454010033021e-02
6.781714287335452842e-04
6.353481257424319073e-03
1.349553404644618891e-02
2.923963412853858995e-02
3.860242923981146296e-02
1.885959491118567588e-02
1.637820155685503626e-02
1.508913962770967732e-02
6.014514543686187015e-02
2.597535159913426372e-02
1.214290951942361037e-02
9.247764317501894898e-03
1.597777597056976306e-02
9.137982162658188356e-02
6.979270857114590332e-03
1.962557710227414570e-02
2.711434460721706338e-02
6.302547077645742624e-02
4.780910680231391374e-02
4.122992096574473048e-02
2.133019217850560395e-02
2.051701480540828182e-02
9.357602735942237293e-03
2.151235442096639805e-02
4.993864975237114617e-02
8.113713354594251359e-03
5.291607234833635431e-02
5.030668860233405287e-02
5.823303609783531121e-02
3.007497813186212413e-02
6.321421906141377889e-02
2.333640457474528418e-03
2.374601887489933422e-02
4.451078105028202780e-02
3.835626862094703576e-02
3.215301937242831531e-02
4.428560329890189606e-02
1.758460251871838687e-01
1.546801191137938888e-02
2.641396676299243018e-03
7.335986567867867902e-02
2.717578857968026840e-02
6.440769441805188622e-04
2.906380085394848906e-02
3.812811972649950143e-02
3.699205123394312678e-02
2.460516072113886829e-02
5.880108130402661448e-02
2.517195540970556394e-03
5.108676275367508846e-02
3.809738682191420728e-02
4.083013160112662632e-02
4.989471704439960020e-03
2.073232982733957952e-02
8.286300638169824193e-03
8.538927403446916475e-03
2.607597571902958017e-02
8.661726530661665452e-03
1.053608210827153974e-01
3.308023793008318947e-05
6.409986688439762992e-02
1.043266886425024687e-03
2.104654400418033700e-02
1.950587701452088409e-03
2.155213850343311310e-02
4.120163179673189818e-02
4.761006067699122268e-02
4.189336068198069862e-02
8.278109130158939344e-02
3.496660421908084904e-02
1.349461320846620238e-01
1.030626508791207194e-02
4.796750371368129623e-02
6.301592105241507480e-02
1.476594084491814063e-03
2.141309253972959598e-02
3.850488445435969881e-02
3.484128825561744192e-02
6.184905817547776963e-02
2.198313087968964061e-02
1.393086430713641466e-02
1.564165168556979069e-01
8.088774501558050611e-02
1.388443913969637095e-02
4.840569377046782112e-02
4.804668650944442232e-02
3.438691115031063464e-03
1.749033912145837172e-02
5.343496625190126414e-02
9.318268202467354724e-03
5.395899103338216984e-02
1.315362919502197081e-02
8.569920619849365206e-02
8.559500395407048517e-03
2.181717078344542343e-02
2.144984526349391629e-02
1.741796864193987868e-02
2.787652474028329275e-02
1.656830568982900270e-03
4.382956138164580823e-02
1.263635340758482301e-02
3.076153813103641582e-02
7.455706126773126163e-02
1.339783059852306217e-02
5.880988445265522557e-02
1.599777058561908938e-03
9.864057963225326617e-03
1.843445792814927750e-02
2.250710651992746808e-02
6.596156273677873660e-02
9.585246546378388410e-02
3.617151665232588159e-02
8.372571178429724648e-02
1.282602746483196277e-01
8.724168777055366086e-02
3.993972853553284796e-02
7.535896973319142211e-02
1.745993745483940263e-01
1.198485563219661883e-02
3.888930828367109793e-04
6.620542626947406584e-02
1.182427803025608293e-02
8.777450177783543972e-02
8.056032742359553467e-05
6.734324520895762500e-02
3.253936423954956886e-03
3.008755413025088199e-04
2.403227521739527417e-03
4.078399850854352859e-02
2.224485060525180358e-03
9.713046752951871865e-02
1.937045166962920659e-02
7.091778870812465510e-03
5.031862319151204216e-02
1.694767168288760506e-02
1.640163269413916214e-02
6.854045267420601217e-02
8.481609689784494477e-03
3.387615790047365100e-02
1.078948885836894869e-02
7.717692035818481816e-03
8.055602358160492138e-02
5.700792700568093480e-02
1.206808444111280576e-02
1.507055917956812707e-01
3.857533232185170191e-02
5.434474160263937093e-02
4.592368870509358492e-03
4.791775408434684191e-02
8.311837087167328608e-02
1.131728444287329396e-02
1.132047188974745835e-02
1.862934452478534966e-02
2.605259430904648468e-02
1.537968639449042718e-01
2.248268696714806475e-02
1.271800557406111698e-01
3.172031914111803075e-02
1.005731030949107326e-02
1.036375432613902137e-02
3.121235457134832747e-02
1.323016998103112435e-02
6.533239544174640479e-02
5.399355133193436962e-04
7.706659473736013344e-03
4.450523504113613332e-02
3.247867086783713664e-03
4.025374807565879585e-03
3.322486787177114653e-02
3.973488631703088123e-03
6.630205328944094312e-02
6.980422705016695213e-03
1.226174440496421818e-02
5.419050647074717675e-02
1.329180883629060145e-02
1.270369791354657996e-01
1.506923787642811541e-01
5.678458487217610817e-03
1.388492309487310977e-02
2.437338018319688132e-02
3.811847041208495795e-02
8.876890558840293266e-02
6.855103840125464920e-02
1.261333109465727007e-02
1.152631952464208340e-02
1.661982278223150464e-02
3.807375796256562417e-02
5.444705621944082030e-02
5.472415645096322112e-02
1.678496532625443557e-02
1.092034288047744051e-02
8.926905407567997316e-03
7.504551307846607511e-03
5.961762233876646139e-02
1.599151766457034343e-02
1.439519395247382955e-02
2.956424110630608004e-02
5.674136365072848798e-02
6.307052443819927134e-02
4.849366071448548386e-04
1.755725467830530559e-02
5.859993143918028335e-02
4.031823524174575624e-03
2.890816254533204455e-02
2.944794636721521572e-03
6.194131164312804971e-04
4.116437180830666287e-02
8.724339956602705781e-02
5.987634933343892463e-02
4.291724835727744186e-03
7.222605610283973354e-02
1.083580954647983888e-02
1.728042128157393151e-02
8.866757800409996726e-02
1.839934442541246024e-02
1.066934243873565030e-02
9.186177662497119201e-02
1.223997207312729762e-02
8.147695940205701426e-03
4.223011584600194768e-02
2.392433884228969410e-01
6.541805225072794966e-03
1.685578030989257764e-02
1.990476770952080005e-02
2.480689121574570360e-02
1.059017286270837466e-01
3.745710488947795458e-02
2.164597554461506965e-02
2.608770768309483928e-02
1.455410013239444300e-02
5.215692341014224048e-02
3.874840387940113595e-02
5.335642870224670785e-03
1.751342744539793883e-02
5.975477764148858645e-04
4.668634733646194468e-02
3.030199485961595010e-02
5.271222189093330290e-03
4.294545832895612508e-02
1.115909083712275651e-01
6.289131656922023611e-03
2.825903201041956442e-02
1.196705543005341932e-01
5.396254077224584000e-03
1.992843158254038044e-02
1.454275447691551898e-02
8.237572824695435503e-02
6.721571267043370893e-03
7.970253673777538683e-02
3.437371849274700047e-02
3.258366700863092602e-02
6.679920852415453802e-02
6.368552990666595526e-02
5.431660676096562029e-02
4.773380399384743837e-03
7.047898882202233151e-02
2.535241628570058733e-02
3.625978588809949943e-02
4.326421630415379360e-02
4.256251619442343731e-02
1.179118206987567544e-02
1.279344334584187406e-02
4.461332612737643755e-03
9.969621351432535541e-03
5.965000940755296049e-02
8.000423978185461360e-02
2.811613111193863798e-02
4.284013689639760286e-02
4.785505755950127116e-02
3.237786794608239760e-03
7.051290817880877249e-02
4.112733352187149249e-02
1.248893854964190642e-04
3.342555337938288990e-04
3.144604733418505244e-02
5.668433431377423171e-02
6.755600435504448970e-04
3.478373525568370650e-02
1.303866234244799582e-01
2.584002246851564016e-02
8.548543142476842938e-02
5.578586715217832837e-03
8.743346069362123441e-02
3.053669536803872708e-02
1.709172908163879567e-01
7.288372445013313605e-02
4.279024844292667745e-02
4.764749675631639592e-02
2.014363629416421331e-02
8.722573825443238893e-03
3.829664564412044864e-02
3.902830152024500815e-02
3.261467922895784632e-02
6.745935449410003781e-03
8.551414138469926735e-03
1.326005393902431398e-03
4.751456637182244203e-02
5.985597068452266911e-02
3.089859417696888544e-02
2.839753626877804943e-02
2.133979306022245823e-02
1.223062611083351389e-02
6.159415036416852895e-02
9.601376947111125645e-03
2.183608015873228503e-02
1.252352473696848392e-02
2.072593636028397662e-03
5.772673249989569710e-02
2.112246125952246117e-02
3.247564807335082127e-03
6.551436007743306755e-02
1.171161623376308462e-02
3.218908319551899710e-02
1.136381335118266667e-02
1.176643946798459905e-01
5.784371614547248117e-03
8.659745213611980130e-02
5.122712267529631880e-02
4.921412011693516997e-02
2.782224571364067325e-02
1.701473964799484970e-02
3.978555673253869260e-03
2.355818531183551806e-02
1.442850418742619781e-02
6.316859856535619530e-03
4.463346672130216047e-02
7.232819017587960309e-03
2.231106339655454171e-02
6.843146783890344254e-02
7.721173942576878280e-02
7.263117026091356343e-02
5.376550138949838520e-03
5.244132295173151853e-03
2.648190508745395383e-02
8.592033579113915465e-03
2.938164935299442115e-03
4.027553472937822621e-02
2.511178892577354063e-02
6.172773033594957867e-04
7.359540650084590852e-02
2.570705845161645048e-02
1.586985991625751435e-02
2.664722137261302803e-01
4.115557717522158598e-03
1.205850023559007222e-01
1.252755095016717252e-02
1.035359419722535479e-01
6.915593420011170722e-02
4.394186843610405069e-02
8.000393042425304330e-03
3.502391097741336390e-02
8.638629339303489918e-03
2.352582143533527709e-02
1.634157372349082787e-02
2.821388439425457847e-02
2.490604018254703733e-03
3.962357496181263296e-03
2.078263090503376653e-02
1.750315704164680242e-03
3.596522665521012518e-02
4.936825443784476769e-02
1.268766518822628808e-01
6.392401069067818464e-02
7.330739268701537761e-03
1.254190010054619109e-03
1.683978534466739133e-02
4.147057489159112348e-02
1.252753866404742768e-02
2.391531646997651500e-02
5.806120707677962095e-02
4.564560486298089442e-02
2.744326957056692981e-02
4.001873245090814546e-02
6.540874535345539420e-02
4.316953892222088335e-02
3.399091363873778249e-03
5.573950228742063223e-02
2.363231724189946564e-02
5.631830844807671210e-02
7.021568267354567905e-03
4.580269400193244522e-03
2.649486480927612519e-02
1.291826940972308491e-02
2.351714212324950218e-02
4.488823055033271114e-02
1.436708278887838253e-04
3.990324145421272201e-02
1.673252031664876349e-02
2.430699108378127360e-02
3.287482688304040751e-02
8.981587302114908689e-03
1.933846877136634942e-03
2.418013830082588189e-02
1.114524532286800679e-01
9.300912338962473436e-02
2.338771947156211006e-03
3.698060966542224270e-03
1.466022115658551124e-02
2.144185576879979044e-02
2.461375102502171702e-02
2.168685683497133601e-02
8.893519122674289901e-03
3.070067814320598474e-03
2.740131322758680363e-02
6.483848886570263773e-03
1.014399753636974488e-01
5.162591234201172052e-02
5.571881643367099929e-03
1.593480234949791810e-03
4.708717744302484687e-02
2.661563016727276978e-02
3.072749848463278421e-02
1.278612453341342915e-03
1.665859984637378666e-02
1.679774567224245202e-03
4.679699887756535656e-03
1.105219051585751011e-01
2.031900303396683150e-02
3.586737483080974787e-02
1.123826124851091263e-02
1.087935783358796177e-03
1.558409225897026962e-02
1.537162763087279206e-02
2.058867134649053007e-03
2.976108823474618581e-02
1.561513750449161630e-01
9.363230095347127580e-02
1.864801293879605332e-02
1.267891646684028532e-02
1.597015125059522700e-02
8.019284560626785407e-02
1.784596963617491802e-02
4.947156267692382620e-02
3.891014248393164475e-03
9.507599990360125763e-04
5.038324656967657633e-03
1.037883923662883540e-02
7.997528772345788295e-02
5.884849123620957551e-02
1.240427888479382623e-02
2.417271760112270698e-02
6.742712495656080079e-03
1.740457292190140254e-02
1.276990225880096641e-01
6.273012055876824034e-02
4.426227202253380302e-03
1.233359854481236480e-02
1.014116943575860824e-02
2.948979236436774509e-02
1.714044347526327491e-02
6.937349732902745036e-02
1.513103081319856595e-02
4.931312629053924597e-03
7.726667284970550886e-02
5.459193005490831953e-03
1.015944823836686245e-02
1.480026177377509120e-02
8.328525622884849766e-02
7.347305418237079500e-02
3.645208163495239351e-02
1.510766538321845973e-02
1.201042422711848592e-02
1.203435789442741932e-01
6.133127824368003918e-03
2.727751217063194983e-02
7.934063564730199983e-03
4.427941469729057208e-03
4.161175907136992203e-02
7.136413833937604173e-03
7.141058469113276130e-02
6.541371037416512935e-02
6.664329040941152464e-03
3.705136421027752786e-02
1.254648799460927888e-02
5.546093573777534369e-04
1.230355480708767990e-01
1.283898779338257246e-01
3.299417837326887315e-03
1.322905742322995175e-02
2.996453732389509420e-02
2.980883521679661419e-02
1.429946790415911884e-02
5.373931632833779670e-02
3.398718417662877078e-02
1.856755460161248900e-02
3.264210033427426827e-02
7.953881802712260696e-03
5.202623300477181301e-03
7.931576688682315246e-03
3.745797929726328579e-02
4.926948959856991550e-02
8.394196690502445102e-02
7.399525987795382495e-03
1.773630586559088451e-02
7.318972161684818289e-03
2.175108660272143807e-02
1.067306029881781061e-02
2.355676478026275111e-02
7.263042876265978116e-03
2.001967879512409412e-03
2.524844323619268929e-02
3.153921566692138162e-02
8.401819856731149172e-02
1.437050576824066075e-02
3.478959135591506990e-02
5.691614020659301748e-03
7.283932669740696836e-03
3.685602417261274466e-02
1.199740526936264734e-01
4.390321298753187274e-02
7.414011459727434805e-04
1.099745949759089597e-01
4.982795141139059573e-03
7.479112958100851694e-03
5.262345999225434556e-02
4.361918271440917705e-02
1.123428294598192295e-03
7.167925448581479592e-03
2.942121915607311122e-03
6.928273848173606420e-03
2.314398866896082152e-02
2.976767781478602964e-02
7.677471413377823239e-02
3.970704287751686962e-02
7.781497505635094625e-03
6.259295804807818442e-02
4.291988497103867151e-02
7.080083460017740082e-03
8.171690532514781780e-02
6.397429370019036554e-02
1.106863768705753162e-02
3.280093747992985503e-02
2.775022670617276199e-02
6.322321933792457958e-03
3.652717408532182852e-02
5.540579355096074410e-03
3.701293639625114623e-02
4.168976855357486855e-02
1.418672081971932356e-02
2.317059718178342102e-03
6.308333035396165855e-02
3.173913085074478446e-02
1.181081443405047546e-02
3.623092993808686019e-02
1.159928534284204379e-02
2.354181377837234052e-02
7.544730624092285676e-02
1.355270628160415826e-03
2.100536533431966724e-02
3.969135567400529363e-02
2.553710826290940539e-02
2.950389119688150846e-02
2.350407819740776838e-02
6.246932848779870179e-02
5.668983700100035938e-02
2.532172427689871608e-02
3.678183901218013557e-02
7.927241576097771719e-03
1.640963608100185628e-02
1.700153683651540668e-02
1.312920141536403906e-01
1.046087368887037156e-01
4.390326501883701216e-03
7.080330184013797386e-03
4.527838461986073010e-02
2.804754253512788814e-02
3.912194034440736462e-02
3.141965424540787283e-02
3.880538488458030316e-02
6.729243968963066758e-02
2.608859844804030381e-03
7.728495563993358249e-04
3.974304606803513024e-02
9.456110882705630327e-02
2.378706623779192758e-02
8.871991843326017257e-02
8.432282632851126336e-02
3.031678721853367162e-02
6.739967855088241366e-02
2.118767209016647612e-02
3.431178768901116394e-03
5.945092196473057700e-02
3.543745498203453026e-02
1.858692115715747384e-02
4.053413974165652467e-02
5.901492862844436027e-02
8.165123142506558462e-03
6.381627132342623798e-03
2.820228018493699598e-02
8.011962276749504466e-03
9.289018323092462087e-03
6.823020418661814024e-02
1.468521523793223094e-01
8.599128184201285108e-02
1.608664035180661783e-02
3.799429459373064588e-02
1.360026907343388769e-01
2.246512884560016715e-02
1.954500203063633257e-03
4.793530839944345687e-03
2.697493372564509651e-03
3.304764815729833299e-02
4.692138243381389906e-04
1.770482442519598007e-02
4.484582662702396583e-02
1.434506465696958055e-01
2.980111944347555580e-04
3.629230713902377448e-02
2.166417328968873457e-01
5.704353200418019187e-02
2.683298414684597705e-02
2.543823928696173353e-02
2.517347927194205082e-02
2.728618622421550080e-02
4.675626382932968755e-02
7.491084760987586078e-02
3.968131785474519196e-02
3.441413823023972002e-02
4.846823856428525423e-03
1.840865468190601428e-03
2.967633968527011792e-02
3.058769444639624843e-02
2.644229155488208791e-02
4.436699080849307308e-02
9.811467480191979340e-02
7.584674883082079266e-03
4.516571511218492319e-02
1.442274147189112621e-02
1.556936170177805612e-02
4.083330643763775913e-02
4.981011058687534465e-03
8.411157953845813107e-02
3.722501482079133839e-02
2.587181614550083247e-02
1.254224219797988801e-02
3.558654777913402428e-02
5.831504060147651991e-03
4.170108335403904104e-02
4.946958842734697215e-02
2.180174623392060196e-04
8.445492164271255209e-02
1.004413562035774699e-01
1.177034365082514633e-02
1.418069593649902947e-02
3.208068302699532831e-02
1.183638631570305480e-02
2.461030741561220578e-02
4.457693946454115153e-02
6.058655062747901610e-02
1.116422869342609953e-02
1.726576836788956681e-02
1.969407723177649117e-04
1.011077506364865125e-02
5.340598006251156410e-02
6.646659999317326706e-02
2.360763887313089074e-02
1.805785059807175907e-02
2.594166106734320867e-02
4.878398957848760487e-02
4.068794610750001151e-02
1.319730068901645882e-02
7.209893779530238134e-02
3.484266261164047085e-02
1.117985167644704736e-01
2.859630517549565515e-02
2.924039819046644201e-02
1.647511027971014508e-02
1.222445727926387560e-01
9.364370679728548086e-04
1.651937305422902444e-02
2.526395253887074241e-02
2.132064603029508454e-02
3.678996738989508825e-02
1.445888473773602745e-01
2.543769422598551530e-02
1.695394874970647739e-02
5.164989312661030785e-03
4.062289662832535564e-03
1.557250038056622043e-02
3.104704494649421220e-02
2.221215258890563496e-02
9.459988278424591446e-03
2.492074005577396556e-03
1.724489161155121422e-02
3.930802005287691719e-02
7.026703044687060418e-02
7.767508683823014931e-03
1.652905839225261853e-02
1.180270950614983536e-02
3.957488774142913640e-02
1.700840881230450061e-02
5.455545423770703783e-02
4.506071428182555072e-02
2.394238289403377573e-02
5.099782179419490302e-02
5.292353715507923384e-02
4.934605525197956893e-02
6.100425561648414874e-04
1.690312894948515707e-02
9.083446746681461681e-04
8.202088607871381443e-03
3.535276882262241432e-02
1.267757162865482470e-02
1.346975319508001735e-02
6.319278352473853277e-02
4.865614507956490115e-02
1.896570220010883670e-02
2.435046732628766419e-03
6.835419515123189460e-03
2.744272886066810926e-02
1.240381474215161706e-02
3.631466907494780572e-03
7.437573680841306351e-03
1.861268088111950672e-02
3.765278469250296980e-03
1.082673898711073238e-02
4.789145038815113831e-02
4.853915852494261607e-02
1.545587952056491458e-02
2.012250125510485835e-03
3.830454195926134842e-02
1.044823757294500652e-02
7.061454276916068196e-02
3.547387389661796342e-02
4.076143918850184955e-02
1.322412628449240804e-02
4.574925669616404511e-02
3.557126421278076350e-02
1.776420324393563482e-02
7.836333599667406891e-03
3.634427319362791564e-02
7.928299229387715183e-04
3.598051107941170439e-03
3.330233165868966283e-02
3.627414745956854258e-03
5.591939642084875484e-03
1.298312855711124605e-02
4.864953777508403132e-02
6.362954329191998493e-02
2.321206604827486322e-02
3.190707246024745286e-02
6.265041690994934721e-03
1.162783933039302289e-02
1.547539567418490525e-02
2.149342465799751814e-02
3.131346440482731669e-02
4.045720787834120730e-02
1.038391576273319308e-02
3.765131167496353626e-02
1.580118815520705974e-02
2.024452429759888636e-03
1.556622311605258824e-02
1.508937298452712322e-02
6.458008995290463218e-03
5.004616807334996698e-02
1.484785273167787412e-01
2.470825954580417594e-02
1.012832879228785579e-02
8.467651433375933401e-02
3.143128122168291350e-02
6.137174571646242943e-03
8.062376818208967164e-03
7.818748953969670290e-02
1.439242542686295853e-02
2.328452418790255898e-03
3.256713840044586639e-02
1.034125456101084584e-01
1.826000044156531228e-03
5.180370552450689475e-03
1.730452943142093275e-02
6.924562799751676767e-03
1.089975602815220802e-02
2.757710461996195489e-02
2.957821773952676661e-02
3.975783367229876811e-03
3.469190462906881350e-02
2.067753573135692330e-02
7.033374065493695759e-03
1.064716861412390025e-01
6.134678906248095670e-02
5.886018075678327993e-02
2.030092114115698149e-02
3.836912444341493422e-02
4.042677926464666865e-03
4.963019684197594135e-04
6.820498667332806561e-03
1.879598147707397804e-01
4.918049159974360179e-02
1.934707389527432278e-02
4.267190098284300015e-02
6.072751193443612361e-02
1.268427315230351293e-05
5.300950674638049004e-04
4.119127568245766619e-03
5.470434708366801041e-02
3.152385654242251950e-02
2.411625471540362019e-03
5.333685415627115178e-02
4.614227029833798538e-02
1.093886297369853211e-03
3.227686494845329220e-03
9.057388244416096287e-03
2.331044492549988641e-03
3.900401070501250539e-02
9.271165630392510376e-03
3.759295808030884561e-03
2.132173993939671941e-02
2.974290122367712844e-03
4.160166932552216562e-02
3.903433502881656011e-03
6.166642426860637766e-02
6.046365226210062560e-02
2.258517485235406186e-02
1.042342967084372574e-04
4.758706365546748820e-03
3.951919109971419042e-04
1.301110304055322180e-02
2.300765521282865239e-02
3.116327486719348838e-02
9.564298936500265080e-02
2.256976033066514231e-02
3.374440010657685229e-02
1.067659243090877119e-01
2.889801738879962945e-02
2.594149684221860180e-02
1.416745534810145979e-02
9.471707894966449603e-02
3.129972468902662841e-02
4.605041877406884643e-02
1.397134874013731404e-02
1.846358136157737195e-03
1.185437108721372479e-02
2.827273834618506537e-02
3.660661085581533997e-02
8.788448881360311910e-03
1.793219298557881952e-02
1.863439988554127513e-02
2.045154989326365691e-02
8.615527026247571385e-02
1.665468930418772002e-03
2.579870504725509384e-04
1.750892391123253997e-03
3.728343141951197259e-02
2.631399451073140883e-02
9.150362649481734445e-03
5.267022851185595642e-03
8.337662668033568591e-04
1.641210947428944911e-02
4.925982582562846157e-02
2.268177692755147037e-02
5.262637929962851735e-02
1.165267280359534446e-01
2.072600654521609617e-02
1.255089242245585948e-02
1.019989692986888324e-01
2.988709495342133787e-02
1.372539404490276047e-02
2.734032157914251075e-03
1.014373408821921813e-02
5.294040168974396832e-02
5.540653062742165180e-03
9.958072149244476257e-02
2.122032878656083046e-02
8.628145148278226761e-05
9.197912866205542118e-03
2.654393926087699265e-02
4.867588534465908112e-02
6.198900786588774914e-02
1.763946873618707500e-03
2.384988323049429954e-02
8.603197677316246073e-02
1.679529006042054795e-02
2.549946385098032786e-02
6.024215535852837228e-03
1.409373749520139926e-02
4.452431216886432869e-02
2.720027866617268086e-02
4.359646382385316127e-02
5.298958294455178436e-03
8.144606350552530127e-03
3.390492275823378532e-02
6.157060237407143560e-02
1.653098717066646406e-02
6.573655037859263417e-02
3.904461514410761946e-02
1.221180556321820043e-02
2.964392756376638127e-03
5.840974223981328789e-02
7.824464250693718981e-03
8.014022899527004085e-03
1.929140613058323572e-02
4.001796500186879935e-02
1.281502297211400271e-02
5.423183422643839020e-03
7.587109877077252706e-03
8.263867497938630347e-02
2.596726742357877149e-02
9.394076642040030678e-02
5.462045379648476640e-02
3.432406042781582095e-02
3.915769919014452927e-02
2.528315964402186311e-03
7.275198461141668682e-02
2.982447790621877218e-02
3.433032708949847189e-02
1.750458145967599688e-02
4.124338365028480669e-02
1.923380524032224440e-02
3.153017260451074916e-02
5.529864427958658402e-02
2.811257802304915378e-03
2.400800769797343387e-02
1.437863001789441153e-05
1.270415997443452225e-02
2.029921399914152644e-02
2.335143118643502602e-02
7.536411388221693486e-02
6.959167178417838273e-03
8.197077558636661765e-05
1.184947812704814293e-02
2.037909013385296245e-02
7.314999623532020484e-04
7.958267523004790289e-02
2.554603854822487183e-02
7.207477067079101282e-03
1.611047827950380304e-02
4.709511061944324228e-03
4.487097848346709161e-02
2.776130231516293900e-04
2.863840515274805945e-02
3.088790252160751593e-02
1.122565084792655626e-01
2.476892805685787513e-02
1.048689885150838746e-01
1.286477149505555473e-01
4.640483969243529988e-02
6.389562255007821823e-02
8.790578235627760639e-04
7.450177726795192967e-02
4.618955290950688131e-03
3.990564654440990899e-02
9.997158499608586879e-02
2.229428557020524636e-03
3.640833630405571064e-05
2.349551300802668261e-02
3.311331328223449111e-03
2.577543171696922153e-03
1.559002692082565172e-02
2.057661829861129332e-02
5.506288076885294813e-03
4.239274756659265966e-03
4.628036634326618270e-02
4.440456227149369023e-02
2.910488381881307096e-03
7.120622539732154865e-02
6.978599454344966424e-02
2.230546553898411083e-02
1.323219534453506756e-02
5.848509491015628330e-03
1.031647491491291396e-01
1.120658834848512267e-02
5.443835457235392250e-02
2.304836446466754230e-02
7.932835704264752652e-02
8.606846356238002232e-03
5.859843968758386701e-02
5.406930580993943997e-02
1.735021731042249785e-02
4.856109944635048081e-03
1.680895643657122785e-03
4.292843548752672128e-02
1.007735950936151925e-03
4.405029628732561042e-02
9.348064862483665763e-03
2.577066446391189716e-02
3.954267205111097402e-03
1.321637304674072068e-02
7.437140145404298741e-02
1.620106258826816553e-02
3.752576083111956035e-02
3.363670985548763981e-02
7.670137094668315336e-03
5.290445339303290195e-02
1.888693570817655959e-02
2.250475228627767457e-02
1.643201555040162132e-02
1.194338915283756075e-01
6.731315464300925699e-02
6.006604554513370574e-03
1.019852720527421666e-02
3.288428825309626380e-02
8.153804450340444709e-02
1.522222100690612256e-03
1.259982866285615233e-02
3.654312368508986358e-02
6.723638207865481609e-02
1.141460155016638112e-01
3.308794778248509705e-02
1.116749732229115749e-02
3.093666423401510157e-03
3.697852824761070634e-02
1.128657399861310480e-02
1.501111805375036912e-02
3.461587808498549704e-03
6.186293126394987879e-02
3.519199247047424817e-03
4.986363730542101025e-02
2.543919706038388559e-02
7.225187139881558696e-03
6.563815970833833391e-02
8.714934454464808369e-03
3.109249918396993564e-03
6.577486066750679039e-02
7.760977388932519504e-03
4.974707544917711388e-02
4.786952976892092093e-02
7.141608763466681178e-03
3.293088550657269353e-04
2.405984071107220360e-02
6.516898096536641316e-02
1.916905729637068817e-02
3.271022130474220135e-02
5.959620079386758473e-02
1.142971513620181720e-02
1.763084288753179879e-02
2.600994612137271650e-02
1.881459094769617410e-02
4.810494808244478865e-02
2.099834808829848659e-02
8.574000962352156321e-03
6.670214567605076139e-02
2.383258507264933435e-02
2.000493351378482276e-02
4.352105755859912023e-02
7.705379827164014761e-02
3.249965493821642404e-02
6.596727804048332922e-02
6.655432790053120162e-02
2.472551944266032642e-02
2.974751624727873731e-02
4.234849509290733449e-04
1.122410640176831759e-01
4.012877567965089654e-02
4.621785403792072477e-03
6.381415511324640966e-02
3.752153318276840732e-02
1.228271444748433860e-01
5.136084514194142608e-02
5.820005989276507558e-02
1.080937598900356955e-02
1.587968990263669347e-02
4.601086287687114473e-03
7.881751031553122303e-03
3.296349876539730883e-02
5.476985197265096805e-03
1.865896776079867259e-02
1.003147960383418691e-01
3.357429459807263327e-03
8.646624827680530340e-03
3.937438787733969769e-02
1.882388543113241303e-02
1.425674182027005139e-02
1.425330001736065805e-02
2.560479705212630880e-02
1.209712537291668562e-02
3.684495776850348070e-02
2.557702768876385022e-02
2.792160931830501777e-02
3.271200126792439544e-03
1.713665406364017763e-02
1.170212024683890684e-02
5.787218960446299798e-02
5.503423143975450654e-02
1.482803976141472968e-01
9.569590828950709505e-02
5.667375208985631074e-02
7.396005068683324246e-02
1.504010942992664579e-02
1.210338609734150361e-01
1.194175961269108854e-01
3.898965295124866975e-02
6.849900127599213226e-03
1.725315775771473631e-02
1.155126135244994700e-03
5.785128603944382844e-03
2.377691741632119438e-02
2.458517687922559536e-02
3.296951769944854449e-02
1.077235026372005133e-01
8.710230043978330755e-03
8.100108135891263481e-03
1.843691322567916208e-02
1.107139088939648741e-02
2.887533665070191047e-03
4.945900098581512694e-02
2.188224066521166078e-02
8.616363072768341196e-04
6.570884440278878386e-03
3.943615577926042753e-02
1.921391586673895646e-02
5.740961919512783777e-03
1.310611373839285464e-02
2.800063526959520061e-03
6.061827606748863145e-02
6.394973558952102288e-02
9.026430115678371613e-02
2.208560268565997603e-02
3.549501113361809568e-03
8.442959570874448982e-02
1.334500919909477334e-02
1.960531184918563874e-01
3.778915275131523865e-02
4.327615451262162988e-02
4.916014066389989834e-02
4.064830169874537186e-02
1.374367300620350091e-02
4.630833180347348338e-02
1.485290782393829806e-02
7.762756660163591324e-03
4.368420267732585349e-02
4.690475410377253906e-02
7.934775074055898381e-03
3.873826385739230493e-02
9.013687626237946310e-03
3.784662630394762528e-02
5.275310397921246369e-02
4.479374745616541975e-02
1.006261980846773207e-02
1.416353030616287340e-02
7.090422188391148905e-03
6.251373719604860768e-02
1.263694538783911511e-02
5.754630337048614874e-03
1.682897090340225790e-02
1.212343254022230782e-02
5.844772420571135718e-02
2.045850532176241021e-02
6.395821587347566561e-02
5.355192671217637312e-02
3.107467395161494714e-03
9.694507721716189019e-02
4.961673616554706373e-02
1.074604895713505981e-01
5.382257275690991577e-02
9.049317974510350318e-03
2.705512084445402254e-04
2.242028470923568620e-02
2.170022431393645382e-02
6.201148910208511937e-03
2.888244944585632856e-02
1.602737327902904740e-02
1.724782057254428680e-02
4.218176362080839487e-02
1.607206775687790822e-03
1.332950132631401975e-02
6.207546379052217983e-03
5.329422020497631696e-03
3.208050205998425747e-02
8.359782510755327245e-02
8.200418777648146862e-02
3.968985638395779170e-02
1.844037190366444937e-02
1.219332696745221295e-02
3.540931577586364787e-02
6.446074851262500148e-03
1.190322458810294526e-02
8.666674985655861696e-03
4.972385070172537919e-02
2.586548932264839604e-02
4.363825197796404251e-03
1.204830683103491062e-01
6.603778096088383509e-02
5.449140019280151320e-02
5.337375234410567104e-02
1.461367308465563730e-01
6.723979033809911188e-03
3.893272870862816981e-02
1.280340534575585658e-02
4.667345101772478466e-02
7.585739441403743788e-02
2.315588964737974598e-02
3.872202403144808791e-02
2.791896443862946359e-02
1.721827666708076326e-03
4.383555487762824665e-02
2.381588832058658539e-03
1.231697185519147267e-02
1.590375776553327319e-02
3.527279249598020555e-02
5.959938678360784253e-02
6.204079110890335647e-02
5.525470797625108010e-02
3.036219443738116114e-02
3.945761009657344082e-02
6.361447609161063887e-02
2.570151570771463112e-02
5.089584373123556826e-02
1.238794136964258344e-02
2.637343812204706248e-02
6.860400994558896182e-03
4.570860553692628059e-02
5.928436751048543618e-02
1.039720616506783352e-01
9.243183519515922597e-02
4.905859665860705376e-02
1.810463805974077411e-02
5.372135322152957193e-02
2.678124467329094649e-02
2.266884882728886427e-02
1.573298842271642767e-02
8.274571933959047609e-02
2.816525199850737626e-02
1.539920231645127043e-02
1.393972357579516784e-02
3.229117451088894114e-02
9.326890084915830451e-03
5.369619081852566866e-02
1.830652161655444560e-02
8.532387942990129343e-03
1.486796520303431193e-02
4.505382553413820462e-03
4.037029803523114330e-02
5.734048048420240656e-02
7.577458615196148994e-02
2.277615675201592749e-02
4.185875956940882797e-03
3.555695764057380508e-04
4.027023520006008106e-03
8.420710872313532259e-04
3.458564356957999353e-02
2.399409938378151835e-02
1.358451783932099026e-03
8.585282649210056183e-02
5.730496567357333537e-02
6.566297746495164400e-02
1.064260266777508970e-03
2.240645381860813246e-02
1.619017491563970457e-03
4.574028362698179251e-02
2.142369604356673951e-02
2.223238552305971741e-02
1.907908664052401088e-02
5.386562365439347133e-02
1.291144664350694568e-02
2.436279846554968015e-03
1.227563790180057242e-02
6.640271263785589399e-03
1.413633974681179073e-02
1.143614592998535850e-01
2.312501126116088199e-02
2.879191970338485645e-02
1.865781123240251027e-02
6.106736531286384440e-03
4.838743902510943273e-02
4.657221497883013567e-02
7.675896058923199761e-02
9.016583706990208280e-02
3.907480308049469248e-04
2.009816793115590250e-02
5.624365265195101216e-03
2.803672341289044443e-03
1.944075058619099475e-02
2.524106021693770310e-02
1.831413852909355607e-03
1.403703522408070864e-02
8.657891956838817404e-03
2.244094663367392217e-02
1.453663422505704732e-02
1.887804598871267725e-02
1.811749250334228345e-02
5.137699709938715886e-02
7.665419195891033655e-02
2.522977866341133760e-02
6.346958519871666315e-02
1.831645210607872332e-01
2.566172446434749482e-02
1.078309503480569254e-03
2.504900550037006401e-02
9.910725783246405671e-03
5.620508477588093826e-02
6.760723807122294426e-02
3.297545238194504735e-03
6.740914268879645566e-02
1.961033960377604746e-02
5.367979795504090705e-03
5.552456883500160589e-02
4.872004185410579863e-02
1.317384412570876129e-01
5.547496515349981117e-02
5.334166437359769142e-02
5.082016419724810080e-02
4.258304428328321678e-02
1.456042218093048235e-03
1.144640200141204718e-02
3.768231236514940803e-03
1.820384286561899795e-02
9.390847145529984674e-03
3.090539136637195095e-02
1.290732520398204380e-02
4.791312718258306652e-02
1.460848909791644286e-02
2.027083264025038994e-02
3.652456429780193831e-02
6.517055379860493824e-02
1.411230076277826539e-02
4.267194801347311273e-02
9.093322466736822318e-02
1.100424997375796035e-02
8.418809335260829703e-04
5.411662803944939509e-02
2.642910263487916324e-04
3.784410850907862778e-02
7.702120435448189806e-02
1.243695066784039627e-02
2.831048311811110857e-02
1.767306698354968730e-02
1.637850412202461470e-02
2.600736226877232299e-02
2.533640249831701358e-02
5.372706567134053618e-02
5.347372223438227878e-02
1.208101925456049261e-02
1.432433355981911974e-02
1.896746852824224630e-02
2.592792495294761468e-02
1.447564224865856113e-02
3.487576116840460094e-03
1.390926571524147767e-02
9.448179171552582162e-03
1.241849084423111982e-02
1.532118079326564436e-02
3.304007370163247748e-02
1.689966607771263216e-02
1.412721722692724530e-02
5.833202247191114631e-02
3.408222029539651615e-02
7.008243301610837805e-03
5.357729223122244949e-03
2.742073613935930992e-02
5.499564611898842548e-02
1.557038563150653539e-02
1.758570028253389830e-02
1.032208587709046617e-02
1.178056553003694051e-01
2.444801979492131072e-02
7.137364090212479362e-02
1.259820134860638041e-01
9.624722726127923900e-04
4.423801336457441891e-02
1.896612834811798459e-02
1.242053878434553477e-02
3.849786826121867622e-02
5.264854458196246978e-02
5.003084277191646029e-03
1.190640819160405928e-02
4.077041096169306544e-02
5.838934138332264184e-02
5.253293827966502849e-02
5.732366756502620120e-03
2.840641177776698223e-02
2.083407298964241178e-02
4.741748175164473000e-02
1.222285945611193900e-02
4.324667500085502964e-02
8.485694528502125966e-03
2.380283946109450210e-02
2.767729423798493890e-02
1.933346605321879103e-02
1.357943991830170248e-02
1.735184515322934704e-02
8.685097204903357432e-04
1.548406713234965620e-02
3.363132159275680766e-02
2.216268231961293286e-02
3.711790790663277440e-03
1.028253436540855215e-01
3.233761606347361484e-02
7.731589670373680695e-03
4.307935907548707949e-02
4.023335253530563316e-02
1.611388251444563768e-01
3.542292097604352388e-03
5.457782160167545457e-03
1.035482133048458986e-01
1.270918189566608986e-02
9.999406346331913414e-03
2.822306860615767660e-02
1.599246352874902355e-01
2.849190404133464943e-02
4.387251342994133441e-02
1.961388025498020382e-02
1.960356094794284132e-02
1.985502531521891878e-02
5.392661557355929447e-02
2.593918111333969566e-03
7.829529058762887961e-02
7.909759226337381710e-03
3.217170012258267070e-02
1.636437848940768686e-02
7.081499975041390116e-02
4.298073145053896843e-02
9.166972401693762248e-03
6.846569011413893013e-02
3.444985539019738692e-04
2.380766020869768546e-02
2.441154328441641139e-03
1.305909690677487488e-02
7.804827759490769179e-02
1.020669041930594677e-02
1.094605985040126434e-02
3.984304320924635101e-02
4.821295613707052979e-02
1.212466704581937060e-01
6.604513579760421318e-03
1.003857560604956567e-02
3.751983731747315920e-03
2.734322481848630842e-03
1.292375184183365208e-02
6.734130255973641566e-02
8.849390306087775993e-02
1.006419305665660208e-02
1.861757125138664747e-03
5.782616496471704864e-03
8.726420526688241641e-02
3.351326178501927173e-03
6.181233418048097394e-02
3.810789098556940924e-02
6.582971178389325495e-02
1.444701683634092102e-03
1.602017466287122697e-03
1.485822060733873323e-02
8.315955623342134728e-03
4.626849147254728789e-02
3.639060782810366740e-02
3.642422029698860753e-02
1.620887758175243790e-02
8.204109909751837459e-02
2.361280011651621658e-02
1.372790772578923006e-02
1.155337769736414916e-02
1.246333994240778759e-02
2.077498435199572665e-03
1.029511352487556819e-02
7.648267331194955054e-02
1.102981362489752343e-01
5.538460156799068085e-02
2.617137960837428307e-02
2.044306020795609580e-02
3.066203688349113110e-02
1.795463140708215876e-03
2.162719545456871784e-02
8.389090810292121336e-02
2.646270061052361563e-03
4.243502168676877712e-02
6.039482322752692291e-03
1.004056595381714982e-03
2.766435508791084599e-03
4.087167135102656029e-02
3.474801882381557683e-02
9.062666058752277820e-02
1.520189999685258968e-03
7.431628217854087219e-03
3.307034312838780243e-02
1.452742633651620853e-02
4.725618528916820937e-03
9.451637415368170994e-03
1.716251810392580750e-03
8.853131795605496826e-04
6.296475185550474973e-02
3.367054882134161431e-02
2.304133674954961242e-02
4.734224743262169027e-04
3.724606790614305458e-03
3.738654861665351853e-02
6.205718152155689782e-04
1.374583761255491199e-01
5.691259487656627480e-02
8.075429306356361747e-02
1.825019355498214146e-02
3.644950723614395066e-02
7.667690109414854183e-02
1.899657020473030991e-02
2.270178418137465057e-02
6.789723022565873067e-02
2.435936279630111084e-02
6.876031198066487327e-02
8.008122905631681956e-03
1.328884112194413450e-02
7.141095569927619069e-04
1.109917838728988193e-02
1.116215715253916427e-02
6.097725654595820277e-02
8.669168138759997949e-03
2.980845426031178066e-02
5.576735629763270030e-02
2.907017396040580126e-03
1.729954725021993350e-02
3.641958883333942798e-02
2.447040695635193872e-02
2.496632157344002428e-02
3.494405127786625459e-02
2.934462981513091817e-02
3.723010260177361808e-02
8.259080088409661777e-03
1.027376667343707362e-02
4.984211798346112332e-02
2.169874029753961903e-03
9.521405432863792873e-02
8.636281562446149543e-03
1.706418308029004349e-01
5.586593668183387901e-02
1.453988985818598437e-02
9.107656088524518356e-02
2.839449873707509953e-03
7.654023841969864739e-03
4.401931490397441998e-02
4.731675341536895063e-02
3.053723015093733756e-02
1.419803844848403773e-02
2.223348087601871928e-02
4.895716736776876965e-03
5.251255800109110722e-02
4.287174362856922827e-03
2.017695890421427468e-03
1.279183158550748801e-02
2.534153004031022838e-03
9.366446357302447845e-02
1.233093086555475670e-02
5.048884083324341188e-02
3.962630173595071970e-02
7.027036871417562114e-02
5.751088319879052446e-02
7.099271073829749312e-02
6.022433244328951815e-03
2.164778899468500911e-02
3.147109832090396603e-02
7.512931644200052106e-02
7.132230369590089603e-02
2.210249806900452599e-02
2.845236501081217437e-02
1.831406003214477649e-02
7.514459364995169921e-02
6.009452232635555113e-02
2.435580628201110612e-02
6.077210696691369429e-02
5.974412600722382727e-02
4.256648063789319342e-03
4.999945384878794197e-02
8.732472143504903250e-02
9.854575402018768068e-03
6.029541484557799508e-04
6.249609321272366069e-02
2.780287168848374901e-02
8.578644994934589429e-02
1.474929978138980920e-02
1.156589350661344981e-02
2.415517653162779083e-02
1.685253890536205987e-02
9.938094915983528010e-02
3.116551093265575341e-03
1.923577795691139292e-02
9.264961344951916367e-02
5.229751539450794295e-02
8.136081196218405975e-05
1.883185804228259055e-02
2.628055932700358241e-02
2.342887432615671506e-02
1.350288538788239553e-02
8.981330419972695378e-02
1.015587570383067739e-01
2.313710572748065714e-02
6.729975685202276015e-03
2.112008298704872757e-03
4.921196594634568572e-02
3.964618849104121698e-04
7.942264060569402540e-02
2.042543554863815881e-03
4.651161743379095270e-02
4.020654635103525915e-02
1.984182576950443630e-02
5.155430376555601019e-02
2.089805838108863001e-02
1.701295508325595396e-02
4.596087794834508716e-02
5.245410193963305490e-02
3.063391459944389203e-02
9.330455850457781974e-03
7.826749032751014606e-03
6.875674847565873410e-03
2.273439260219683403e-03
4.635391831065913126e-03
3.140999205670549823e-03
6.751796666361933874e-02
3.877188241897221860e-02
6.963315157972319036e-02
1.268552149560652972e-02
3.446643771991306920e-02
6.642720656254617016e-03
1.077620913844566999e-02
1.417239383678813025e-02
9.596355258485378403e-02
6.677571143779895135e-02
1.056075668109097455e-02
5.650838475277508363e-03
9.458888329342147669e-03
7.929938229573788022e-03
2.353368108073135290e-03
1.770097290849127203e-01
4.682169835497877741e-02
3.886732277189630658e-02
6.257786772160110582e-03
2.986556299724762650e-02
6.878383957490766254e-02
2.733801350196608804e-02
3.210971458661822028e-03
2.442085374209052029e-02
6.008233092602986714e-02
6.497397790601757914e-03
2.763596386992210954e-02
1.346149813826752646e-02
2.684668985752296927e-02
5.401049612873255051e-02
1.538980171687981749e-02
2.109142052250425475e-02
8.545687067801033265e-02
5.687167644409438921e-02
6.516272873698448695e-03
2.903916751630336406e-04
3.310617186866078587e-02
3.334030931319984653e-03
2.120086887059316819e-03
1.895994269039009278e-02
4.128712816825597098e-02
8.819723572150291180e-02
3.969925213179187340e-02
1.030870584892850522e-02
1.738266807580386361e-02
2.214015241797034905e-02
9.643009345820477418e-03
9.630666857209377318e-02
4.540751086032066008e-02
6.326063177639244806e-02
3.494170514143913470e-02
4.191260485428627280e-02
3.674301388865164331e-02
1.722406217020629182e-02
2.570088083190174687e-03
8.813660680493180105e-03
1.723497987813775445e-02
1.032685519817740441e-02
3.388386863501782753e-02
4.542633721392772689e-03
7.790405463662026554e-03
3.888330150795760165e-02
1.917515722541628109e-02
4.951593599170739726e-03
1.239358777679104573e-02
1.101872665060362050e-01
7.770092744183709592e-03
2.378977065857400264e-03
4.740151927523759967e-02
3.450193243067840865e-03
3.611370299364192321e-03
5.404352234810640837e-02
5.862033046008248427e-02
5.470627254369225811e-02
6.863972991190349371e-02
1.524568798726965053e-02
9.144746147233352718e-03
2.611666434530654848e-02
1.812073828851459151e-02
3.166801707883930284e-02
7.947744452587045261e-02
6.574403567114162072e-02
1.926158381085756738e-02
4.039028819940157500e-03
1.198405910100375227e-02
1.075914658408709881e-02
1.583515239574776953e-02
1.802640219683897260e-03
4.367179225097442968e-03
1.726184239144286370e-02
2.950585333377777481e-02
1.041398142698138699e-03
7.173729341864230717e-03
1.792278421226493543e-02
1.043536128168718637e-02
1.170993833988063192e-02
2.226604001457865509e-02
9.786144556265553851e-02
5.708262674869108051e-03
2.264412826611394286e-03
4.210250767321531418e-02
1.038900626424396449e-02
3.675138009466491495e-02
2.517990063764233982e-02
4.073822824781771906e-02
5.501507551876248792e-02
4.474634024045645586e-03
3.291826344007779681e-02
1.603080909423010292e-02
2.361047866706532383e-02
7.055274240145278930e-03
5.320268650990584575e-02
4.159168565380673421e-02
8.019449653962001934e-02
2.899617870078401854e-02
3.842412209996545064e-02
1.121503064313445104e-02
2.328165423703879716e-02
4.082342021628404538e-02
2.381501840552519705e-02
1.382620309233153870e-02
7.994157594787623666e-02
1.478374869121434898e-01
9.209009359214172935e-03
3.066722774892680081e-02
1.633942946325663004e-02
1.297884652164111620e-02
6.502252599358163826e-03
6.792028047602895885e-03
7.934621106180674011e-02
6.429556180470431814e-02
4.581226669875974877e-03
1.965120969923075944e-02
6.235953934184763209e-03
1.457459749057658793e-02
1.181696412593269407e-02
1.647071811725512452e-02
9.844865730234172996e-03
3.167727408082181978e-02
1.012975479536368378e-01
2.596407461897124944e-03
1.727644730209999119e-02
5.487333162066065917e-02
5.878729123470985418e-02
3.262758103294881307e-02
2.445374827768418552e-02
4.903779874313255946e-03
6.048515273300560102e-02
3.906419919164211274e-02
8.309735001453516512e-03
2.558148179568987129e-02
5.630806853992606498e-02
1.376277087688067974e-02
4.419752636000302826e-02
6.437602955141413785e-02
6.001363828216074725e-03
5.085924509826317275e-02
4.891453708723101507e-02
1.988662551298953085e-04
3.520699879777612618e-02
1.161041806445899625e-02
1.330786720290063896e-01
9.749382373802214022e-03
1.788438537672916093e-02
5.510268366626111872e-03
7.139069230756878506e-03
3.767447364270815058e-03
5.423750429359676037e-03
1.889837238986136203e-02
1.680696501771727219e-03
6.691795677355251437e-02
1.146732906163178550e-01
5.797313338512383868e-02
1.626255027557996224e-02
1.395548552520576441e-02
1.738036648064749529e-02
6.368401505268703189e-02
6.767073948596431798e-02
4.949737820316783832e-02
8.646663610057107874e-02
6.538422184543522808e-02
3.019077621301391803e-02
4.152485050629566021e-02
8.225840577834923895e-02
6.225964826503751354e-03
2.645145549789818321e-02
6.031079404029202062e-02
5.502242401561342408e-03
5.558422092130137215e-03
3.471080626430175786e-02
1.391334034248164521e-02
2.148445566216576619e-02
8.507188643689445051e-02
8.978617662117643894e-02
7.662342600072091781e-02
1.381164302822860540e-02
1.988840059248562012e-02
1.403359773718939295e-02
4.532057645137796409e-03
1.077947071528363721e-02
1.941198647944721023e-02
1.623548537198270941e-02
7.609672660703559188e-02
3.283466985013258621e-02
7.572325262017301495e-02
1.645399372958107967e-02
2.086681577273498400e-02
5.948140035390684505e-03
1.072915543373413466e-01
8.669825926647525827e-02
8.643480247637838620e-02
1.269068213494542741e-01
2.602626468395117382e-02
2.103927318338284780e-02
3.905597254853855615e-02
6.214030576881685031e-02
1.063430683004091236e-02
2.851934271927253697e-02
1.637968649266035789e-02
9.997358410682530977e-03
4.875564870668998296e-02
7.081741507333343122e-02
9.360003180079080887e-02
1.302753576284121535e-02
3.480136930228055342e-02
5.455560405893535025e-02
2.382799275482339746e-02
3.373319987776255552e-02
3.673676564569205300e-02
2.711043644090074811e-02
4.703584150938230901e-02
2.620597710350917181e-02
1.175014158823211793e-02
3.110789047607838767e-03
4.536731579022974803e-02
3.059613858236242059e-02
4.926638483059691404e-02
3.850814913185092447e-02
2.264553161989962121e-03
3.325552481996671417e-02
3.986599888638660966e-02
4.204711583096869265e-02
6.289830163118442785e-02
1.295750753590931836e-01
3.601545148773660499e-02
1.418692566619998707e-02
5.374186881508846714e-02
5.336229526802366112e-03
1.495664285576100809e-02
7.557607889673309542e-02
8.838519798731264698e-03
2.235397452407028585e-02
7.367977286555404959e-02
1.078629827121075913e-01
6.192446838200664494e-02
1.792452487150190607e-02
1.448794532613512966e-03
8.299821418060629452e-02
2.871296187369623554e-02
3.001559465312570590e-02
8.277260464996841205e-03
1.498982106272886590e-02
9.930044121342813945e-02
3.802605985405534822e-02
1.113215615511656265e-02
6.264113309106149330e-02
6.181274118619142777e-03
7.874931656375067524e-04
1.111283562315775048e-01
9.154084247332633373e-03
4.637674076899464710e-03
2.142925689419849025e-02
2.701629811750202309e-02
4.964021231000946555e-02
5.068383114951450358e-02
9.162180929250343664e-02
7.480985946921764329e-02
2.288111888136173716e-04
1.004186515754979803e-01
2.664950872047817249e-02
3.060958387995067753e-02
3.243081782507386407e-02
9.322889340245308493e-03
1.655383916529969135e-02
4.271036938883018830e-02
9.940693275944562091e-02
5.589411162639099789e-02
2.789127818561066424e-02
2.485771708466531088e-02
2.496491660450638958e-02
1.717283225497243061e-03
3.600844495666975786e-02
1.960383522695796285e-02
1.548272416212947977e-02
5.073722435003264614e-02
1.248341652727460310e-02
8.384320601740390816e-03
2.956070942651989331e-02
2.174656949041317566e-02
1.250753041426207364e-03
6.611506513900816673e-02
1.016206588332725300e-02
5.467508629961067429e-02
9.259147619768676174e-03
6.170444984447010645e-02
1.163535681344580498e-02
3.494861606818682603e-02
5.021764298307868080e-02
3.261737124050966691e-02
2.218746394822910736e-02
4.669013562286480901e-02
1.853480765511981987e-02
1.251924113708044461e-02
2.712608234757432277e-02
3.744476264618502165e-02
1.121213281212308198e-02
4.176190598284281255e-03
6.248601557379226956e-02
5.419578659987905889e-02
9.822994533865980760e-05
1.098701647967258860e-02
1.808884062562822817e-02
6.433936589082064894e-02
3.818242375009051059e-02
3.417659850372269104e-02
4.508699933524394632e-02
2.168546907605985901e-04
1.995418395891119731e-02
9.233749540311251766e-04
6.918739549005230305e-03
7.053385245563875347e-03
4.226944274108414626e-04
4.759338815800628203e-02
2.276448386571176125e-02
7.177939998260968180e-02
4.248397336458336129e-03
4.710114946801632202e-02
2.075203417625047161e-02
3.121603919457011794e-02
5.423890760165039904e-02
3.439743649227716693e-02
1.585920961853741484e-02
7.786140723640905259e-02
3.807762946082507427e-02
3.991139985966880507e-03
3.394537907928560361e-02
2.666798870506520425e-02
1.006033249125399057e-02
4.882889660097970708e-03
2.319091919037432475e-02
5.508844225800578476e-03
1.296440029230469439e-03
7.349302763638257928e-03
9.385825285099600596e-03
3.625088349878247823e-02
8.468946453544251574e-02
4.237736009212202115e-02
8.743544902462320814e-03
4.430897754538358491e-03
3.808432356057399326e-03
9.387625252220227479e-03
1.773240276763988002e-02
7.365134823267109609e-05
4.700229804879038631e-03
1.909144066286035113e-02
2.194818491387581783e-02
1.133193789655342898e-01
8.145867543234736052e-03
4.112874056186632821e-02
6.217527854968760148e-02
7.166794939897092043e-02
4.098546308880970240e-02
2.830138328810482065e-02
4.130485891121344830e-03
7.079403315654965445e-02
3.971870466222302692e-02
3.701001679439383518e-02
4.571772660906350816e-02
7.380323476755459161e-03
6.739239507650653105e-02
1.194734539943298826e-02
7.830694712732469420e-04
1.885363770756389584e-02
6.049067222933454668e-04
3.485792003403563599e-02
3.109268156754183693e-02
2.002773123791570797e-02
6.860163022519125131e-02
7.106679595910965486e-02
5.068627684687149020e-03
5.525011440424526521e-03
9.807324384623252594e-03
1.400694201160320243e-02
1.138178565537546066e-02
2.028470522602563580e-02
3.426676053715410619e-03
7.108857164212674384e-04
5.751721764756122929e-02
9.168817405840615220e-02
1.032489669552244527e-02
3.383935957277628415e-02
5.977363994888867937e-02
9.904988088402939816e-02
1.154033618694619845e-01
2.320955806515726666e-02
1.097659203126363781e-03
9.978434060553965923e-02
1.428830614166955865e-03
8.878416397374832778e-03
3.663784214181470961e-02
4.850545983447376863e-03
4.480352796151292061e-02
2.897466186304457209e-02
4.513986082584525716e-02
2.773053288284468149e-02
9.764567034343028459e-03
1.869856099553764833e-02
3.058402885832373769e-02
6.960284727702127638e-02
6.484817252283998912e-02
3.776545991637242361e-02
1.005829503061720157e-02
5.780439082647647470e-03
9.905529514937491675e-03
5.104463282211332484e-03
7.739151482726275288e-02
1.439869705352601718e-02
4.329633932616851200e-04
1.364731658851293938e-03
1.183586178786004556e-01
5.058911782693152615e-03
2.138520846688234112e-02
3.346918443070372867e-02
2.447086444796573584e-02
8.244161982053904714e-02
1.270681593163530687e-01
2.947982716000424781e-03
4.687767450297269933e-02
5.683619362685331244e-02
4.435456712290123532e-02
4.006826181113125329e-02
2.947921380701858801e-02
1.652806879045093380e-03
6.421669305342042611e-02
2.738537390094004237e-02
5.789404035069847798e-03
4.034820169752523396e-03
1.279490399033632146e-02
1.599091879734280963e-02
1.483005361073658906e-02
1.058109138096580970e-01
8.044771839811130920e-02
1.969519618242087863e-02
8.586848014502167920e-03
1.088807590735320005e-02
6.034072423011557773e-03
2.505913898519861183e-03
5.275302532769858554e-03
1.092776455880231645e-02
1.940590067281124098e-02
1.516271981870262117e-02
2.673709776557427198e-02
1.695381206665141222e-02
4.789428935140022103e-02
2.110295790682702177e-02
6.011635199748271291e-03
7.420078626442171144e-02
8.510938176635521324e-03
8.565744888588038355e-03
1.171575325283195565e-03
4.291737877076487462e-02
9.080659124737155974e-03
4.485806862634394293e-02
2.491483981485429454e-03
2.908373044854602879e-02
1.013374258140166927e-02
5.462674998455913089e-02
1.592231341514357967e-03
1.884951226104325528e-04
2.106071804245934764e-04
4.185453494954448350e-02
6.621534433287005333e-03
1.178143657934415389e-01
4.947241952281845184e-02
3.621079588760273138e-02
1.815856329408569586e-02
5.787578677610350636e-02
6.530728491028861549e-02
1.264031295079843728e-02
1.126514336051128405e-02
6.233680370842233087e-02
7.189753532685985715e-03
1.459178125473033216e-03
1.797713291986017398e-02
9.223522804513682727e-03
1.744751323310663738e-01
1.465691899891793416e-02
1.950144859477249970e-02
1.337835719029649081e-02
7.885156503463252795e-03
5.523000861407796787e-03
4.508842900132569928e-03
4.459581665758885483e-02
1.726845668136943110e-02
3.337714375909883041e-02
5.126291470274266411e-03
3.115402101582461988e-02
1.302265731856211417e-04
6.397544241042947555e-03
3.502012222598030813e-04
1.925371723998077836e-02
3.763084657448031306e-02
2.035265678302183856e-02
3.102018263579522928e-02
7.562727130830179667e-02
5.817237067935560058e-02
2.844760196156519844e-02
1.420440990084887584e-02
6.690275270845721933e-02
5.915139248249932924e-02
9.058788771503163348e-03
1.342988544979792365e-02
2.715858841396468631e-02
1.387639652818773578e-02
1.577779526336550026e-02
7.308149491042290058e-03
8.265775726179480642e-05
8.567273481409398705e-02
1.397273164370171558e-02
1.832379184460538463e-02
4.396823175647183654e-03
8.935067914355271715e-03
2.755376579559612807e-02
4.863808273577803487e-02
5.769515382524533983e-03
7.126963348317631730e-03
1.676343986612718190e-02
6.023038280515801215e-03
2.953731341890341450e-02
8.672168414071323300e-03
5.885404284159821003e-03
3.993067495351429463e-03
2.097776563945174394e-02
2.267864331823401386e-02
3.395029286638853727e-02
6.258267591097274596e-02
2.616207383255761756e-02
9.156065202958525717e-02
2.648043065205405583e-02
1.580193137483146271e-02
4.810030227733956554e-02
2.656077514783075633e-02
2.213826513230550408e-03
6.855140660452065451e-04
1.358993667778215370e-02
1.277182648141922221e-02
3.548185416827132066e-02
4.218455179459262849e-04
1.158200240577989676e-02
4.670262367747515797e-02
5.651717267841297604e-02
4.896130251917069076e-03
2.037015679037142840e-02
4.033090669739634870e-03
4.811353365897894779e-02
3.489013637011909724e-02
2.081485167659796742e-02
7.936281743279637382e-03
1.961372840745705115e-02
8.282541396289538546e-03
1.851034760598818663e-02
3.769953481765829853e-03
1.592847934093076512e-02
5.377626868840357233e-02
5.435444123814021228e-02
3.384503326566281473e-03
5.177492053947694087e-03
3.122962399439615372e-02
1.123800336975533561e-02
8.722550997048841848e-02
5.638592401308738233e-02
6.030678152858953700e-02
2.142975113062683262e-02
1.115622054881550314e-02
1.762830770832175126e-02
1.117163048004523283e-02
8.474619225050227661e-03
5.264637441427483244e-02
1.784048427979058327e-02
9.835332957996160280e-03
2.289871785982467225e-02
1.901309697696722256e-02
3.980448246116641969e-02
1.131760575656622081e-02
2.319334864273273414e-02
3.332556196718127611e-02
1.193965509568243634e-02
5.420663042112518204e-02
2.257862472471585096e-03
1.591143460558606601e-03
3.228251198944591394e-02
3.491696399420927618e-03
5.201799038371055471e-03
6.452500334131618109e-02
1.372311974377585578e-02
5.581720755427050859e-03
5.192129573918456698e-02
1.319302631902819628e-03
1.435851427194211397e-02
1.618515646863253124e-02
1.447692371216539528e-02
2.770381515117614074e-02
9.631541473547517579e-03
2.490069153553986503e-04
1.596520713732305780e-02
3.997144657206756768e-02
1.588066681566208810e-02
7.696744574738928479e-03
3.211020314942639869e-03
7.155012263048457499e-02
1.262803039349106454e-02
2.970418323543606159e-02
1.247109695844682981e-02
8.021906623422026331e-03
1.889123352738928535e-02
1.709508730754398520e-02
3.086228886711182492e-02
1.509061061821267979e-02
7.752097249790427386e-04
1.427286312941687847e-02
2.442946504706260819e-04
1.254717352113999661e-03
2.906874308276289481e-02
6.478535612256761458e-03
7.518325225818937516e-03
6.679155825822299941e-02
2.200464925239040831e-02
8.250804584629574390e-03
1.167433907285733569e-01
1.087502292557532974e-02
4.763654054925614556e-02
6.210235665949673245e-02
1.098961027822358133e-01
4.652408216487691206e-02
1.866502222133065853e-02
7.298382126447386375e-04
5.354629167499164177e-02
3.292303555850292773e-02
5.568189417756365389e-03
1.773462384323520533e-02
1.949712385464516876e-02
2.813921298509829486e-02
1.755830869900228478e-02
2.967996580758614986e-02
6.368823869784941138e-03
1.864584047931715227e-02
2.752917018110754427e-02
4.717246482077878250e-02
1.210933018670886652e-01
6.773405264749360333e-02
9.173324642121089001e-03
2.781990002922429817e-02
2.664625463877035375e-02
1.378098754572222237e-02
2.794933796649953089e-02
5.727058342770140198e-02
2.585706197096197811e-02
3.288407047131574473e-02
4.565260944295444767e-02
9.210992446539174872e-03
1.094385454625935866e-01
2.230543838205155220e-03
2.446906637252944244e-02
3.381897548553235849e-02
1.944695017244230106e-02
2.972928881813481639e-02
7.185928338948360111e-03
7.466077701699504708e-03
2.124108900588374260e-02
8.233920978050524031e-02
3.364261865790712028e-03
2.509086053467233374e-02
1.048224003396663537e-03
2.418262797962512922e-03
1.926833599169603881e-02
4.371683817435356029e-02
1.579091200763736713e-02
2.009993744870253174e-02
3.243467038534121605e-02
3.710123286062727566e-02
1.142329726868255846e-01
3.288910774801412362e-02
3.351103283989674553e-02
4.755988050732315973e-03
9.184496573905756578e-03
4.492608739041883958e-02
2.849569143352535805e-02
2.993368798745155851e-02
1.718032086911190984e-02
8.292490659934127761e-04
2.956321677557841032e-03
3.225800779624275749e-03
4.563896426943518311e-03
4.587112293041033240e-03
7.051336771027166654e-03
5.092926156326784207e-03
1.479157254577378316e-02
1.669101381728153172e-02
3.139857073519162350e-02
5.968707385680927478e-03
1.162648182067929636e-02
1.228034337530281017e-01
9.609316672642351231e-03
2.433782388653154410e-02
1.309224318408146528e-02
1.420408504559196941e-02
6.469320071809690764e-03
5.553154131682425110e-02
5.143348499334592094e-02
8.252441289660870927e-03
2.731343823745422533e-02
7.718145971848827669e-02
1.041471484524671698e-01
2.699173476256939291e-03
4.963544629392990098e-02
6.872201607302752882e-03
2.181845122731813913e-02
3.002111838156776291e-02
9.987280567956846600e-02
1.640533460998269688e-02
3.673724103185021378e-02
6.452142004485021849e-03
3.554117830001171652e-02
1.277660521574798536e-02
4.007906835196305834e-02
1.283409912388412330e-04
1.768349695187194578e-02
8.821321863657308887e-04
2.758976880197987203e-03
2.732020588691959698e-02
1.643988097084857908e-02
1.844765216823725934e-02
6.955719976032652407e-02
1.417823017505207006e-01
3.227944769952750120e-02
3.477008682381839411e-02
3.688755967365196786e-03
1.491982520639535161e-02
3.292172914039254855e-02
7.668607699166940517e-05
2.041318709207039575e-02
1.808481783624077757e-02
1.478390027618566027e-02
1.597015217446045784e-03
2.748991058784376884e-01
7.769859296586304614e-03
1.145718025298062340e-02
3.453400267590933659e-02
3.336138792864049019e-02
9.565871471084617592e-03
4.777787802733730882e-02
1.559736707206448025e-02
1.678371753358054441e-03
2.274640148374122532e-03
9.501548050031685677e-02
7.311101675829786636e-03
4.386065552877580626e-02
1.874984788173562206e-02
1.284908810422077940e-03
2.308868130067604288e-02
8.796039870492697310e-03
4.409890824949847660e-02
1.844627181489117557e-02
6.850246300883208739e-02
4.207544236552335226e-02
1.391542025414754455e-02
1.078261634510440381e-01
3.528687946244351420e-02
6.451611016296792366e-03
1.072207186431589285e-02
1.672560310294553612e-02
4.888540277808339947e-03
3.481476089762167159e-02
2.969798968900363989e-02
1.912151697181049131e-02
4.213795956650467391e-03
7.263886258212559621e-02
3.625391959622274035e-02
1.997588474055954355e-02
2.579844574384967948e-02
2.431011992566826929e-02
4.140562076770697153e-02
5.514489209422330368e-02
5.086990801329621670e-02
3.624998624899913868e-02
5.979111375098026052e-03
4.704618234490894058e-02
3.071412056225089615e-03
1.078754262237072679e-02
1.826085289189726887e-02
2.382320005520910389e-02
4.008859837782869501e-02
2.017242536231747541e-02
3.540085015375343466e-03
8.212149279835382482e-03
2.805637556461491183e-04
1.000400775209546803e-02
4.879938159237535295e-02
3.255282716241781477e-02
4.988082865519689879e-02
2.986000535893183067e-03
1.141657080356360890e-02
8.873292128216921093e-03
4.060832821148612631e-02
3.717126957123602360e-02
5.608678345717646972e-03
6.570804694290952042e-02
1.566174620193621150e-02
1.328589545734078226e-02
1.883774232901320360e-03
3.501546793850652227e-03
2.137873285845642846e-02
1.783882156228022015e-02
2.723889684576897077e-02
4.522692726717320033e-02
3.162915212606264709e-02
1.195977541101827524e-01
1.068761199491424646e-01
3.066529439078088254e-05
2.263540607966665549e-02
1.590942703086674695e-02
4.473872820146322649e-02
4.580048807630091035e-02
3.142788241608021615e-02
3.173806712068864139e-02
4.474725661532800297e-02
1.808652309286157278e-02
1.446746501290148076e-02
1.124159867129982497e-02
3.586869200193530671e-02
3.920403265592110192e-03
1.069553191133212067e-01
3.784541509033075013e-03
8.827425452211015711e-02
5.246882994544427303e-04
2.626614196097831755e-02
3.111812724647273348e-02
3.277052646767650984e-02
1.028029222615403290e-02
1.962375803970366206e-02
1.739590097498337068e-02
1.252512522156693647e-02
4.654534903445807850e-03
7.401030079150145054e-03
4.060902223693188540e-02
2.063705907423398628e-02
3.849395192255369164e-02
3.635396006552028825e-02
5.878667394861765427e-02
8.682009595908062038e-02
6.561346343251566945e-03
1.159536179652228063e-02
3.647589084746914040e-03
1.919668630207183035e-02
3.243190256083325340e-02
1.400426187770285359e-02
6.695198262361723440e-02
3.794567558062028612e-02
2.234388017161057644e-03
9.704203882073957066e-03
4.871451847249241851e-03
1.093032610970269547e-01
3.190984118388693822e-03
9.830802405603092375e-02
3.642598952691084371e-03
4.260854860544176226e-02
3.941404944254735948e-03
6.041898559887959319e-02
6.239052387016665036e-02
1.167938742829143298e-02
1.171770343504782708e-03
4.249496254355961816e-03
1.664727865917518812e-02
1.374254293648211576e-02
1.527638174762010678e-02
1.561775429826319991e-02
5.277298202555972401e-02
6.654177679742169504e-03
3.374943305975330876e-02
2.197146802162912999e-02
6.761839608047786124e-03
5.516454353318092640e-02
3.593659018149480272e-02
2.558422081372282910e-03
3.728425620982475652e-02
4.136516795723238493e-02
3.889778046981941934e-02
1.674488997260878062e-02
1.122085083592025828e-01
3.006681880110899027e-02
1.497895295008644378e-02
1.252936679560415906e-02
2.994400755149673882e-02
3.602725340027027046e-02
1.038073140470838381e-02
4.575434947728703600e-02
1.569251035459860028e-02
3.753555726644565438e-02
3.288160582659456488e-02
5.034422846947995273e-02
3.614974803429367445e-02
2.284214562481308788e-02
1.440455099093599159e-02
4.490308292896538767e-02
2.970388379155497471e-02
4.661661905633608660e-02
3.285204942270740502e-03
3.036134737951544718e-02
7.736524062701621504e-03
3.916154112730022008e-02
4.221501359973858086e-02
3.297923074207617655e-02
9.622214789173667848e-03
3.403140995785894352e-02
1.124137722950337061e-03
4.237114420783666749e-03
5.117596278021057515e-02
6.167826344650923637e-02
3.147676561030895992e-02
6.418626851872145933e-03
2.759146052080421394e-02
1.984811698158230400e-02
9.453007072178393200e-02
4.390176535781342010e-03
7.285068432604496075e-03
3.018142565856319487e-02
2.270991989090755461e-02
1.046785988116649135e-01
7.152664682461458423e-03
3.246890886369702134e-03
1.290780533772736827e-01
5.911920919484838638e-02
4.197237759672211438e-02
7.355767590594505800e-02
7.607860037626592090e-03
4.589655544279374472e-02
7.417989387382609157e-02
4.930551497723929810e-02
8.295529131172076076e-04
6.665338377849859552e-02
4.449443478726064841e-03
8.657217464709143773e-02
1.734917454888334348e-04
4.334937261586388479e-03
7.530160224599119489e-02
2.737369684353993526e-03
1.673649889702161914e-02
4.340722988310727511e-03
7.403277794100040707e-03
1.314186787060276362e-01
2.083213504063152754e-03
1.440636061415330980e-02
1.535999128032662642e-02
1.149929852452288154e-02
6.388464422208693649e-02
4.728716364929035770e-02
9.715194434021908604e-03
3.497092265131443445e-02
4.683048165253039102e-03
1.221804563730896770e-01
2.431028773454882094e-02
1.063341940729465446e-02
1.800061324900969484e-01
7.697071388158124861e-02
3.380752072516641366e-02
5.755455286205733711e-02
4.201995397978545987e-03
4.327722849055853221e-02
2.618497368414098719e-02
6.951864427806087043e-02
1.970349789954232642e-02
3.847915113360639294e-02
3.363165283444202042e-02
6.905347503293346456e-02
1.057163735818794637e-04
8.869219394486298896e-03
3.215013434371444268e-03
3.525648530678406750e-02
4.906317489164708362e-02
4.950989557330162313e-03
3.108356110110443299e-02
3.934743335681191445e-02
1.130499198862289570e-02
1.784899832892001062e-02
2.958001533645573944e-03
9.807942053806964142e-03
4.385811320899876686e-02
3.668515970600319531e-02
1.821453295617195961e-02
1.384582656109349663e-03
2.794003507274054124e-02
5.933964480770147210e-02
2.737340009593359352e-02
1.957703652262409930e-02
9.128570849920132624e-02
5.261183435717741580e-02
2.702918097725684476e-02
1.607429661126096726e-02
2.268663005544122035e-02
7.046348589508845406e-02
2.668417983692936840e-02
1.806671957912680745e-02
3.907482430885012015e-02
3.034333812759051896e-02
1.483001257186281584e-02
2.176109605530644059e-02
1.417613403758761353e-02
3.484828006882464361e-03
3.012251183257654008e-02
7.780273170635414182e-02
1.494781427804964258e-02
2.465580752278491439e-04
2.060935320694551928e-03
1.691158843661006838e-03
5.559232770914685276e-03
5.532031550470638270e-02
3.386024029063925550e-02
4.965673355248756068e-03
3.563035769539726894e-02
2.501127933337676801e-03
9.003497655943992761e-03
5.759903188727916352e-04
1.845324812332932093e-02
5.309807824275281779e-02
3.477685453224022005e-03
1.795650144854445693e-03
6.022870906228479371e-02
1.841250779630961704e-02
1.089834919393678053e-04
1.950652665604084984e-02
5.332956835814375851e-04
9.187132820873697425e-02
3.029960133069993164e-02
2.152247613751963329e-02
5.458096440864838861e-02
2.940948414926715035e-02
6.729702180932604569e-03
3.475953900561055965e-02
5.504675975944997232e-04
4.325756600497561444e-02
2.645794676767283110e-02
4.908491835455393998e-02
6.882977838142068094e-03
4.228998854626357662e-02
2.010074016470320482e-04
8.002077982588774036e-03
9.097822039916218101e-03
4.530567563279415400e-02
2.171119841638250586e-02
9.476593830317988146e-03
2.392217328010371249e-02
7.905986330826453301e-05
1.420758398585896844e-02
2.784372011896976001e-02
1.736283116099945206e-02
4.841027869116967808e-02
1.610175535536981228e-02
4.505552233279594421e-02
1.804098160945368651e-02
1.484542112753594809e-02
1.859229026019528982e-03
7.830984037845916540e-03
1.101798760046160744e-02
7.937853103725084347e-02
3.250078758259414280e-02
1.421302382084604909e-02
1.118061952773969359e-01
1.736678403103230836e-02
1.487342301076352569e-02
3.833789268440586373e-02
2.175846491839921598e-03
1.614768577985440379e-01
3.375810083986126309e-02
1.068158980281646575e-01
3.164848106302418224e-02
1.637474570754843956e-02
2.079685751133058397e-02
3.599484070221486975e-02
9.138313194691161101e-03
9.100353258253433830e-02
1.060801800206361001e-02
9.075938296651281378e-02
4.762234963794255427e-02
3.506725626286158470e-02
3.057664805357301549e-02
6.590433936046689520e-03
8.576481623801368581e-03
3.390515214098521746e-02
7.811875020230459044e-02
8.413489842821247899e-02
2.094011953404510684e-02
7.517213018737854170e-03
1.958902065603686238e-02
8.472502530525489670e-03
7.328828872284779035e-03
1.038714209405692673e-01
7.570225670180345118e-05
1.341082733225242365e-02
1.345483146029585186e-01
9.818928217633223279e-03
6.408880889132537173e-03
7.891200113467895794e-03
1.084607674159489971e-02
7.609587076997623156e-02
3.089619584727143486e-05
9.769593249601445095e-02
8.508712293823782885e-03
1.068554783647535783e-02
1.128881311414946589e-02
4.373493409266084042e-02
1.649423223020296189e-02
4.724898881957689117e-02
1.814888794715986339e-02
1.246261129467299555e-01
3.278909652387613366e-02
8.235872027516244476e-02
1.025834567488289988e-02
1.560775204622709411e-02
8.421924636162744782e-03
2.850364780479992810e-02
5.556808538426873112e-02
1.641811656001890551e-01
1.188589336693216588e-03
5.830380891917283544e-03
3.918035105145119268e-02
3.511154210835818607e-02
4.586203369850602035e-02
7.718656354433027500e-02
1.112420639941444356e-02
1.114674291101988741e-02
7.879318432178462894e-02
1.930674782297354258e-02
7.972750336640389845e-03
6.290024487417134394e-03
1.058411249675006438e-02
8.524365791929115754e-02
1.268181173928370487e-02
5.039729882664774341e-02
2.955849902886499223e-02
1.896592124551767580e-02
1.661903021449044962e-03
1.127939490766820436e-02
2.126398646450147062e-02
8.520881307770442059e-02
1.678323440233426764e-03
2.510459434017158972e-02
1.620966300533827065e-01
4.140156493175697200e-02
2.609187914169330130e-02
3.097026321688117409e-02
8.295267937446530390e-04
1.822667700376101986e-03
5.271787296066897388e-02
8.355408927726759583e-02
5.436179274635580087e-03
1.022877200604069281e-02
6.938492458215535230e-02
1.720415858043493340e-02
1.685267714947062678e-02
1.372498190617420510e-01
3.102923275053649788e-02
1.660085084369596065e-02
6.832165622956994089e-02
1.629731516381188045e-02
2.463142383791796369e-02
1.771364951314068070e-02
2.726038880821650065e-03
6.039172075379286436e-02
5.300492024326673712e-02
1.300785180784602701e-02
1.101834415350389992e-02
2.917526863491294586e-02
1.432817396130471078e-02
3.800125048838287264e-03
4.563154944534214552e-04
9.781148661217721474e-02
3.508852698520513805e-03
1.781677875890951002e-02
1.816527687723791251e-01
5.399736662481211674e-02
2.353126257981629638e-03
2.005392749441949063e-02
6.537768424865619821e-02
4.515115528161127434e-02
2.288517325146837908e-02
9.517740180188499766e-02
1.304755060989217300e-02
6.416795081419877228e-03
5.071445984548954289e-02
1.174841335002338449e-02
1.931439205518012403e-04
4.826116722464424136e-02
1.757042993220990848e-02
2.240173385620355950e-02
5.731387214713313388e-02
1.728755210577878274e-03
3.845763998587287819e-03
6.325300960266046213e-02
5.247430702322777168e-03
1.085427982911782857e-01
1.383423589889984720e-02
2.823105924372818626e-02
2.934470276079444856e-02
2.396687621489968639e-03
3.994005743798814331e-03
4.167323711963877297e-02
7.954284418531546927e-03
5.325247233925554935e-02
1.321968763403423043e-02
3.169115045255881807e-02
3.628886723388125013e-03
3.070635589862499154e-02
7.416169549150666840e-02
3.109491770112915790e-02
6.303221456485451346e-03
1.853481752384686376e-02
4.016900138249089591e-02
3.359824088530584396e-02
2.483144960345726182e-02
1.171803608479927636e-02
3.368281104012648547e-02
1.453555444108094088e-03
6.717512011035862984e-02
8.947214660613204973e-02
1.750189426797518419e-03
2.285144022842862388e-02
3.489911196569378538e-02
2.133091357576109848e-02
9.367479641423894637e-03
9.285061364169085174e-02
1.846760939444271055e-02
3.774990434486501928e-02
2.402421136448529976e-02
3.162428853036650805e-02
3.875679836819816149e-02
4.878572368723059494e-02
3.225392307943450443e-02
2.258494294647304251e-02
6.224031846824465246e-03
4.285968347789734234e-02
1.904483844158415956e-02
4.823412459688894427e-02
1.059811140698280196e-04
1.749402816510501474e-02
5.611569988280266930e-02
2.887156093048077327e-02
8.511339664663424703e-03
3.925390076047760926e-04
5.368561074460629495e-02
2.451012762721269805e-02
5.312730882799646115e-02
9.930705735570971929e-04
2.280536467562618505e-03
3.897330920716726016e-02
7.504133021672589055e-02
2.143402741971722064e-02
3.220099756107255937e-03
2.299483263155951279e-02
8.025508309911172367e-02
8.566865566544970556e-03
1.553799024452632953e-02
2.415078097181461159e-02
1.106428913464007138e-02
3.934843155184663231e-03
4.628930030419860925e-03
1.254793295205408610e-02
4.647538672418309591e-02
6.079704038934798799e-02
4.106513332542902073e-02
2.272420551343119766e-02
2.142872841294530400e-02
6.132453314394722271e-02
1.988911240885540572e-03
1.329456974472560844e-02
2.736088771398337283e-02
1.165819945994435447e-02
2.461802691844742000e-02
2.713334145337698705e-02
2.724005499988922663e-02
8.579665435846040022e-03
2.126999726335498248e-02
1.677392935784901076e-02
8.218499833601426718e-02
2.274819442186837987e-02
2.176082593839820389e-03
2.029787592137170457e-02
4.112077472405557127e-02
1.125353722553348174e-02
1.240582557099391414e-03
7.164714973702299323e-03
1.054733847986193407e-01
9.486946619088366950e-03
7.375414578115663256e-03
1.665621362951603263e-02
8.166032020449114776e-03
2.054504862002620724e-03
3.680808188782248858e-02
6.920123535386984992e-03
3.678713478337681392e-02
7.284240898163332756e-02
5.891533922408447033e-02
1.892200860098376680e-02
1.151205450044498202e-01
4.846258106250900255e-02
2.376569254001592579e-03
1.370807177718716408e-02
1.354740443831847080e-02
2.949553014558065067e-02
1.132086116865591019e-02
4.587404312354508018e-02
8.205040320792814090e-02
1.775008657005781171e-02
5.834977967453483950e-04
5.089889902822686621e-04
3.830859928292564692e-02
4.973892458973063618e-02
1.915925880222743918e-02
8.050981031315341402e-03
3.595122619061009994e-02
1.230320196488268215e-02
1.318467607566334646e-02
3.903392432911385185e-02
1.811762313907800126e-01
3.099625525136634474e-02
3.962365686139218690e-02
2.749385654091360959e-03
8.609159074952965618e-03
1.162518193589146334e-02
3.343858429559804640e-02
2.751917401763641011e-03
3.095123293210742463e-02
6.186586569129999547e-02
5.315538148149827335e-03
2.772629184578257605e-02
6.083665642191617845e-03
2.189175859686288972e-03
4.480585873753566498e-03
2.219069895625200295e-02
2.097957806640292008e-02
9.931047860408942496e-02
1.620962357885300659e-02
7.162676717057872913e-03
6.231130233767580295e-02
3.275031345267082061e-02
9.192771220774123564e-03
7.967394409312926473e-04
1.278148742435242062e-02
7.570686148566997328e-03
1.514749281561961897e-02
5.233347543058661580e-03
1.862154620104860409e-02
4.579190569128371163e-02
3.894951226397266875e-02
3.688929067351701986e-03
1.619116039550005104e-01
1.162390021430273479e-03
4.849294949069724026e-02
1.104429365435917465e-02
2.147700751989470302e-02
2.083501754815306195e-02
8.730016936591976015e-03
4.507426237504455480e-03
4.417213397031054256e-02
1.032541982329731878e-01
2.375776637665110401e-03
6.580057865651317388e-04
1.090871354400247198e-02
1.043588588034204470e-04
4.857137352301733185e-02
1.214936858673566940e-02
1.352032484875707007e-02
2.521428001008125044e-02
7.320697887841592921e-03
3.501361175610180620e-03
1.022442749139654272e-02
1.126254995523781437e-02
6.147604071143529525e-03
5.336121952822404230e-02
3.117987177941545715e-02
3.623443266888298070e-02
2.542005868371354643e-02
9.060120442582536224e-04
3.160083296824675245e-03
3.760651315179802667e-03
3.378536748755631147e-02
7.603316224510998922e-03
1.081186027489290935e-01
1.352287474707156850e-02
5.286988321596961665e-02
2.201319326641450191e-03
4.731868802805684615e-02
4.996577858601478073e-02
2.534951132631623957e-02
1.022654548127163894e-03
3.647887928503600052e-02
5.166735616065420977e-02
2.439267728293746228e-03
8.072712343030896340e-03
1.729207722715694548e-02
3.501742586033691068e-02
1.430967054286896509e-02
1.553027001871184858e-02
1.591692242672915897e-02
2.802754432226294001e-02
1.643234578885052755e-02
1.716027811762287775e-02
1.011288992505399165e-02
7.704061966881645823e-03
7.404661901246365613e-03
6.913361324110239847e-02
1.803245596089035618e-02
2.413926783224850867e-02
6.113780272100348412e-03
6.113781640877872028e-03
1.232322018668853547e-02
2.593177905755290544e-02
3.799193373342562435e-02
1.503868225668087387e-02
3.732035292429803502e-02
2.940465559904828496e-02
8.909542690236081641e-02
7.187154031201958837e-03
4.179105783452488621e-02
2.938885054249688877e-02
1.639576096393039611e-03
1.333287307095848591e-02
1.629928576056803580e-02
9.251501844421035348e-02
1.468720147303055959e-02
6.004731470865967008e-03
4.854080438919081836e-02
4.538562084741755431e-02
6.946721419955836918e-02
1.372417382941595876e-03
1.924193991371142120e-03
8.927943700639141833e-02
8.888296801004492292e-03
2.505228260534037889e-03
1.398219288452826059e-02
5.015303635599048515e-02
1.182577938442051259e-02
7.720270151592802110e-02
1.808072588839577249e-02
1.207428778909507699e-02
5.751099780071464856e-02
1.720339230392156984e-02
1.978035471154119401e-02
5.012249418974101117e-02
1.245751407962236990e-01
5.021700410997195774e-02
3.038696220929480891e-03
6.394741949210050458e-02
7.536613294241155392e-02
9.895779709252193815e-03
6.423020995510564379e-02
1.978507567029062081e-02
1.627838052495284363e-02
1.039618412320949398e-02
5.658361939891106557e-02
1.530412135588217204e-01
2.833215947009623537e-02
3.681093395083810671e-02
2.516661229013953879e-02
1.375146530794886524e-02
4.921806413227641785e-02
1.304589339192288415e-02
1.989693163056631409e-03
3.895067100228562229e-02
8.805330887396493195e-03
8.247597794293626272e-04
1.158795767393608345e-02
3.048309756008333801e-02
1.604547960740006001e-03
4.445170872648671057e-02
1.977927339150396813e-02
3.283467465838926097e-02
1.424958666679289332e-02
1.518368644186821048e-03
6.449859685094639500e-03
5.663702014494402526e-02
6.005937379606052229e-02
5.974340147653000449e-02
4.272839236502925381e-03
4.160124720591570902e-02
7.034560590096078370e-02
8.701273708538376228e-03
6.229417235630299587e-02
1.475552049842665699e-02
6.775104981035460876e-03
5.595012539768572796e-02
4.056915246893925270e-02
1.548027204421709158e-01
1.757866023758540217e-02
6.929830223174117745e-03
1.436824500515940933e-02
4.762348928744024323e-02
4.140500016898587821e-02
1.887078056016363789e-02
1.653770591330000483e-02
6.816990383272510112e-02
2.349521693496264829e-02
2.661094330662713836e-02
9.291681695521639139e-02
6.246879141215846629e-03
2.073591266053079890e-02
7.038032459174742295e-02
5.262205030885942075e-03
1.078210464366152060e-02
1.597588120832936151e-03
1.258133707900749992e-03
1.283856432326340238e-02
7.169417986855822211e-02
7.592474083740569091e-02
9.303571856331807610e-03
3.163542541381078599e-02
1.105842524753497362e-02
3.015755628961913626e-02
2.478050201553663387e-03
1.535926831291640690e-02
3.388007157841096961e-02
4.863445969046129719e-02
6.151077636463549159e-02
9.429986114657777641e-03
8.785428355286253876e-02
2.288393150833151202e-04
5.404416010008756405e-02
2.339614189007901968e-02
1.602352591873719423e-02
1.631066360603850018e-02
3.326172892991624552e-02
5.487692889323067189e-03
4.144104712686035030e-02
1.737711039397964174e-02
7.138451278109561593e-02
2.238430822871200626e-02
9.235441751709316804e-05
7.641656482986244892e-03
6.247699093352433036e-02
5.325318281070781645e-02
1.277602911918512829e-02
1.987551461618015936e-02
2.139476989396957990e-02
1.891078797787333621e-03
3.035616432696140038e-02
9.136625473407092302e-02
2.299354301814871687e-03
1.416617837856271999e-03
2.494220876652261318e-02
6.478961661845268616e-02
1.873412762616434059e-03
1.904526151015665733e-02
4.718940385615855160e-02
5.913759045239591790e-03
6.839435678791186413e-02
7.366133896853090460e-03
9.043934819082409537e-02
1.847577703989400182e-03
7.484758508394973031e-03
4.138655123063534474e-02
1.260061785317292959e-02
5.734349905963859184e-03
3.041816752213213557e-02
1.610460856089699494e-02
2.720060188735612394e-02
2.977883426998262362e-02
2.584458520754506078e-02
7.355261806847253336e-02
1.296430042694272575e-02
1.283543700172448676e-02
4.581551592740366191e-02
1.257015911556049192e-01
1.343991266402340401e-03
3.832224852452995045e-02
3.192211770487306255e-02
5.850664062530514832e-03
3.356324241904273809e-02
6.033646579751578837e-02
2.332562598038481576e-04
3.849988087265120151e-02
1.331425811106723769e-02
4.407236027576572242e-03
4.459557614903126958e-03
3.070139463627040086e-02
4.854877471788812682e-02
1.682215288071950768e-03
5.162453674700127892e-02
9.000823606218479739e-03
5.264116075661319505e-02
1.362894255306860113e-02
2.573017707611030200e-02
2.732037590983624111e-03
1.119025037364934291e-02
2.823618519461473797e-04
2.541835039876316760e-02
3.610500653259796078e-02
8.167872296956806000e-03
1.201023036411586614e-02
2.040458045345216499e-03
3.138516275011332679e-02
8.106631015394424877e-03
1.723431354044778832e-02
6.094413015723811056e-02
1.576374827321005145e-01
2.316806795848781048e-02
3.133652509283904597e-02
6.538932559839286812e-03
1.418488263577697209e-02
8.976673294167399064e-02
8.307985527537239956e-02
1.290961505069616530e-02
2.056029294806455965e-01
1.546498223281874210e-02
6.420114715556549112e-03
4.476368532310259080e-02
2.807897445298430938e-02
3.768254963637342192e-02
7.337643538360850287e-03
5.497456446205144925e-02
8.822647026591402125e-03
2.272538555209385400e-02
1.375821144231053478e-02
7.034825391256147031e-02
6.705949847518592744e-03
6.167856458468005953e-02
1.413973685120598067e-03
5.317617948005136375e-03
1.411211491619539238e-03
5.946686066604598558e-02
1.008831336390043354e-01
1.817956795819156840e-02
8.661588120670153657e-02
2.401717282135100440e-02
6.076965964686439903e-02
2.369461721257446959e-02
1.391424127860211302e-01
1.045771616028319355e-02
4.869057677193431438e-02
3.590017143276363204e-02
2.831078587305226393e-02
8.024558767073669552e-02
1.135435635663766818e-01
6.159188715111563184e-03
1.363277248908449923e-01
1.289294800693203220e-03
3.674572208662536116e-03
1.975518140038174872e-02
2.861934345194105944e-04
2.470235335402375110e-02
3.007434405356813889e-02
1.895490308346765018e-01
1.148244499052502102e-02
3.396746065933781145e-02
5.055645478213938171e-03
8.029356751146574100e-02
1.930172095781436045e-02
6.528774748748708556e-02
2.908123017993078513e-02
7.616870654561531256e-04
2.886114403700825327e-03
7.083048448052355062e-02
5.853154228959019101e-02
2.090961759046616741e-02
3.668974253078084724e-02
1.412200487454851744e-02
8.161523312708363065e-02
3.296802053978020036e-02
8.481202378183520796e-02
3.770782996810131266e-03
1.290990260769778533e-02
6.566936733215546218e-04
2.571947300636204595e-02
4.157241847887274688e-02
3.913960229200701135e-02
1.744741133391998836e-02
2.938987921556132643e-02
6.037753823758066837e-03
7.933217355741878016e-03
8.597144421370835066e-03
1.205902810423597690e-02
2.625783927693576061e-02
1.060608817488486490e-02
9.323360966964602814e-02
2.966821500602833186e-02
4.135574578809515442e-03
1.254061528122500484e-02
2.290107637281736663e-02
1.026746679812932939e-02
2.044285417327834989e-02
4.780470809654822559e-03
1.535781525733951290e-02
2.888779272507011053e-03
2.790785661106236909e-02
1.910667195533932022e-02
2.937280860066682209e-02
3.716659290485550826e-02
3.622271934301662250e-02
6.825323289335211152e-02
4.499136635667699835e-02
8.353244567451072189e-02
1.604965819285375170e-02
9.940605882956627878e-03
9.887616993151743250e-03
1.093235361454078861e-02
5.363397201173938922e-02
6.297557976172049599e-02
1.831946832742334386e-03
6.270741287438043321e-02
1.181777970585605984e-03
9.558136665142220878e-04
4.257855966909257495e-02
9.608717164904925778e-03
3.017928282993943834e-02
1.761421163848769789e-02
1.715601596194443745e-02
2.287038709154233865e-02
2.199725974157739489e-02
3.578900349099287115e-04
6.573678235528593317e-02
9.859250656079864006e-03
2.710814974415222747e-02
3.522519050081666242e-03
2.899621009115289569e-02
1.188247570388478551e-02
7.663412201220798359e-02
2.920087669556296200e-02
2.041450663820761763e-02
3.749413986431332502e-02
2.324912154988580809e-02
1.259115239599398889e-02
4.773771455438061140e-02
2.044393016476824670e-02
3.237450081005931180e-02
8.211785950765111697e-03
8.600057660488550498e-03
5.803293083377044151e-04
1.623965352278776073e-02
1.311212453976576264e-02
6.578893802307068939e-02
2.881862477543724668e-02
1.630292822459736973e-02
6.109618872493370774e-03
5.127884619277521538e-02
2.733617670128768266e-03
3.572888448902964559e-02
1.677361083708119038e-02
4.532754502333528890e-02
1.128428018134499528e-02
3.232929400606428944e-03
8.952966666585770658e-03
1.642260240507816688e-02
5.430357116775725440e-02
1.998493322724984034e-02
9.377328185996958165e-03
1.093641849035148841e-02
9.223464220663410082e-03
8.629964059266542753e-02
2.158973763209227903e-02
1.650125709634129093e-02
2.644961264715755059e-02
5.518467371815515693e-02
4.873670612258384702e-03
2.700963577872153576e-02
2.809543885444277384e-02
3.395670712964284077e-02
7.135042385504990203e-04
1.222219368141425760e-02
3.403645746668316867e-03
1.083451903431120744e-03
2.994635863577219115e-03
3.052671753992840936e-02
1.513798395551245977e-02
7.241841101007745474e-02
1.798213914167678257e-02
6.135199279965736913e-02
2.467351342983482160e-02
5.185381122504928442e-02
7.084399565776108854e-02
5.876622656866899858e-02
1.892700909847364402e-02
8.390727871405020358e-04
2.826237849054780843e-02
8.611052038650621882e-03
1.857350820620190870e-02
4.059412534155678112e-03
3.071688282262528130e-02
1.016511412690027441e-03
4.432739527771537708e-02
9.187629894664299524e-02
2.485991189096884574e-02
9.003238438630024876e-03
5.615625774592793162e-02
6.374052367646291725e-03
6.127788021363114734e-03
8.875944290188519936e-02
2.803606216172367313e-02
8.585737529342612681e-03
2.905640195061121034e-03
1.537571731386324150e-02
7.132529437283626275e-03
1.948309514820524557e-02
1.139128823217577281e-02
4.111341775264092113e-02
2.041816523205936679e-02
7.948405347327749948e-02
1.472109475136882013e-02
8.224430845690458222e-03
1.160024226948120907e-01
8.356197541010715324e-02
5.590368591641917823e-02
6.163708990235121712e-03
1.035436581484340535e-02
2.465767903903562722e-02
5.748256430439752096e-02
4.042072489192920400e-03
1.582786441360559127e-02
6.174886073387508834e-03
6.831207932894628465e-03
6.216447052286810243e-03
1.660425758309880817e-01
6.534290890261797158e-02
7.077483200172707267e-04
2.644581798169938491e-02
3.036441878780823250e-02
1.466648096331410814e-02
9.573566897467165188e-03
3.380772758185854321e-02
9.996773129826447279e-02
1.139335551948297137e-02
6.612608230403051526e-03
9.018440512529904765e-03
2.162169031740339420e-02
2.417053498116616961e-02
2.019575017238954551e-02
5.517990616997960063e-02
2.642042861335146611e-02
3.609454161338711276e-02
7.202912944152003658e-03
6.975932204101099529e-03
1.423241460623839161e-01
5.997091349555697115e-02
1.929311092176064224e-02
6.890207657436146077e-04
2.170136476535099515e-02
4.178081820897237147e-02
3.618736587500313157e-02
3.674881610926745024e-03
1.865109572802747459e-02
4.272475605970874057e-02
1.706373588765998373e-04
7.415825630998229383e-03
7.181803994814411896e-02
7.925175709863016560e-02
1.234868829640563270e-02
5.987391253108247102e-02
2.326542522548277064e-02
5.762346064901543996e-03
1.470936268533984403e-02
3.170384888710289090e-02
3.292560951406524328e-02
1.215333050121536820e-02
1.182084658680880064e-02
2.399867682370121491e-02
2.508610532299306028e-02
4.868717642317618721e-02
6.823439115614948758e-06
5.553530155119504319e-02
1.475655221814497001e-02
5.968635584979452985e-02
2.222662844279136435e-03
2.143647734208725675e-02
5.995227942405088883e-02
9.772003670057494151e-02
1.744598900470623742e-02
1.725223327633926274e-02
3.608416813309282128e-02
1.054345677019893901e-02
1.024717708649630458e-02
5.369085131458865845e-02
1.273200861771268781e-02
3.710818015902950934e-02
2.426091752412942726e-03
2.123906022569525126e-02
2.398021071579722538e-02
5.733732484784164612e-02
3.243803939208318027e-02
4.844817913947181698e-02
1.412599042489420462e-02
1.014699409281383594e-02
2.287964716895476980e-03
6.260635334586343859e-02
4.826373496077970837e-02
1.122166810847806916e-02
6.186170692542430211e-02
4.129871745447506043e-02
2.051112455992128852e-02
7.118840900834676189e-02
1.934137255184980187e-03
9.785975496424467734e-02
7.839786336727005284e-03
7.948240064672471017e-02
3.762972221248974541e-02
1.116157654577892844e-02
1.912067945333847940e-02
6.734012427872987372e-02
1.655240811579772320e-02
4.004019492458107954e-02
1.756838944908322570e-02
4.218893901754266346e-03
3.967926969019712480e-02
2.487999047764738111e-02
2.002121413355142932e-02
4.158123078605729245e-02
9.490936831764032813e-03
8.538247129391032808e-02
3.934763108857769476e-02
5.403236127035444814e-02
5.016409723254541646e-03
3.244554648374357864e-02
2.588543200792865068e-02
2.062843539716793795e-04
1.285445327160231882e-02
6.223406147095410235e-02
3.343777546857518851e-02
3.077028936501649548e-03
6.356592408069727806e-02
4.459269469070827052e-02
2.835698151465395125e-02
1.284714011757198682e-03
1.358573648695193120e-03
5.464184303110473928e-02
1.595671663332538792e-02
9.616970773857688726e-02
2.774722614778031560e-02
1.814221232202675380e-02
6.341050089587522975e-02
7.054510292181237485e-03
3.041279019705575223e-02
5.498026553811628803e-02
5.120411649481167171e-02
8.679458583394368543e-03
4.024137386304229430e-02
9.096940171925287089e-02
7.350483859246990936e-03
4.280268366601824859e-02
1.102193302130001669e-02
2.256571384382091705e-02
1.863283861575197251e-02
8.865235466083026816e-02
7.671062008065269999e-03
5.915629459193524203e-02
1.290681451281654527e-02
1.274996120094486554e-02
3.873503578809531916e-03
4.850693642394476868e-02
7.773298706192535712e-02
1.269952734289468352e-02
1.471355683566342443e-01
7.774503225964644881e-03
4.697094637348009361e-02
1.980471483033462154e-02
2.366919476419724125e-02
7.299204823890775851e-02
8.106903969667270463e-04
3.277205140635343350e-02
5.556802741784937910e-02
1.882231335547259604e-02
6.024248974263067546e-02
2.071908568941299364e-02
1.491225507462502764e-02
9.173681601422435661e-02
3.148126067745377066e-02
3.809298644397232647e-03
1.149920979918628468e-02
8.788070882243780024e-02
7.021155726993938417e-03
6.975250753257425385e-02
5.852532758994950790e-03
1.187501913726515118e-03
4.475939441805485385e-03
7.032921177705690752e-02
9.257733942311751826e-03
2.549537937722601635e-02
1.260762397875848095e-01
1.049872419214766678e-02
3.760141082685256042e-03
6.872172966827577723e-02
1.831262933099724044e-02
3.292778425353888594e-02
1.327958446291973849e-01
6.151028528788337127e-03
1.492639495074137360e-02
5.478143901287130246e-02
1.157327050583002725e-03
1.054725610955073722e-01
1.919664722392981290e-02
1.057513946344285777e-02
1.847717891569028437e-02
5.184363517184151227e-02
4.065594014597552486e-02
1.311865282342800088e-02
2.488907816371357072e-03
5.138369161842896993e-02
1.287759313443211096e-02
4.464753102204892243e-03
1.171409835142315364e-02
3.980451845287442947e-02
9.936118627799014891e-03
4.991786179318526140e-02
2.434027422387769965e-02
1.130325257880800648e-02
6.457773251711575180e-03
1.079235764129476971e-01
2.040437619221530455e-02
2.157651797747893799e-02
2.850984014337690914e-02
1.946225953377906173e-02
1.225753301124548472e-03
7.042606098623908906e-02
1.478320309863682437e-02
7.864200518288723407e-02
5.654352389813024904e-02
3.800817600244672800e-02
3.983826988103260358e-02
2.423073821741397391e-02
1.173702642721269340e-02
8.078011116934087632e-02
7.093130810114043130e-03
2.359832738188081050e-02
1.005888179860040671e-02
4.477340671341977635e-02
4.159250351125026723e-02
1.948674690214075716e-02
2.473998929068699833e-03
4.180395476557911827e-02
7.088294222271666542e-03
4.475929307800530221e-02
4.111073017925971629e-02
2.149609260422685741e-02
1.994100627727279224e-02
3.434258227390249787e-03
3.009367269066184555e-02
4.893827296710168834e-02
4.257861935917637425e-02
1.964000412786202215e-02
1.059164110176758627e-02
2.809649291957694306e-02
4.313751951328265513e-03
2.607115734434765908e-02
2.761614764641122724e-02
1.003642070476818138e-01
2.245582645309857940e-04
9.961208015314033937e-02
7.564931813522229875e-02
1.052270886137717798e-01
8.706356432106642299e-03
1.925965278323015645e-02
9.296427654935168067e-03
1.346543996163044876e-01
2.380895703184473730e-02
4.776869906610961558e-02
1.609354941100880204e-02
9.702667269330247923e-02
3.830019884166407235e-02
2.666865226100757075e-02
1.901901795482105646e-03
3.910582041703289380e-03
2.255810708686852711e-02
1.544870676648053831e-03
3.380765516678970600e-02
5.401155026610818949e-02
7.351705756433375705e-02
5.126291168489188754e-02
2.903248728755432329e-02
2.760620961628731246e-02
1.538393847179393009e-02
5.131584700174027062e-03
3.591003076690340440e-03
5.058595874549291077e-02
1.413731975694563353e-02
3.240428048355403073e-04
7.916567497470902368e-03
4.361583014652992835e-02
1.807010566675512284e-02
4.648449224783461620e-02
4.271829391418139471e-02
9.363969305538041854e-02
2.090011396793042125e-03
1.098965942821355027e-02
1.198874937073119568e-02
8.532212406483707934e-02
6.082810977266588787e-02
5.450617408172825362e-02
8.903935537364021310e-03
2.607420765395270651e-03
3.015026512935104624e-02
2.707775684989206094e-02
8.942085415485283989e-03
2.732123567001753378e-02
1.371226145616633203e-02
9.218735348182276884e-03
1.170438163366317383e-02
7.373176942838038928e-02
1.930416765123064288e-02
6.294138783645987500e-02
9.142309805477463747e-03
1.234770130939198685e-02
1.098180476423428129e-02
3.200202959222390835e-03
5.888937627302583133e-02
5.726047853125800641e-02
1.976115985788202273e-02
7.183020512659912815e-03
1.239136163802234680e-02
3.586664448420021079e-02
1.092921892229932468e-02
2.156076523921521271e-02
2.788330992724049467e-02
6.296352851106176707e-02
3.230550701923656093e-02
1.761436214155247953e-02
1.036796727336417867e-01
3.993744851221692205e-02
5.712215679578810934e-02
1.001956130629524100e-01
1.100541347022387234e-02
2.400965080254138101e-03
3.108001154378274566e-02
4.714384306029586330e-02
2.833481344943644675e-02
1.642515924145287673e-02
1.979620928993003348e-02
2.884862668647547590e-02
2.880307708056022847e-02
2.682939305422173126e-02
8.724802195977751640e-03
9.597975220802512641e-02
9.893319822669360830e-03
1.332424155852017858e-02
1.844610086660442710e-03
9.481325904273602695e-03
1.270299792161766472e-02
2.095066508736713809e-03
9.098889972360571163e-03
4.787789797583756612e-03
2.989595856637154714e-02
4.393548329460508772e-02
1.895451703056115142e-02
3.104867703699434878e-02
7.232818448852039103e-03
5.055863279852621656e-02
3.975311547009321989e-02
1.039363632411218971e-02
6.412572805130589693e-02
3.980056060739449453e-02
2.285643782974262211e-02
8.863277034367861296e-02
5.124922028115266176e-02
1.434764321380110202e-02
2.397515501251979569e-02
8.061239376096424047e-02
1.393172081473676924e-02
8.013437329964498423e-03
2.247314458479612170e-03
2.956665793908531611e-03
2.357096911789453852e-02
1.525971754752775134e-02
3.796568886266631082e-02
4.649936959789489899e-02
7.010215759149776571e-02
8.308129613261751312e-03
3.799269778276902210e-03
3.444853196913452709e-02
6.028330711800822250e-02
2.345102986185310101e-02
4.103009105008221385e-02
1.012451900891902373e-02
3.446388401320524264e-02
8.539813644061505782e-03
1.526061396829921091e-02
4.519909470720345074e-02
1.124152798562134264e-02
1.002671379985750483e-01
1.213132808514615774e-02
1.935926341499552951e-03
7.111734600480285051e-03
2.354942366314581592e-02
2.408791068270365460e-03
3.208406498269199270e-02
2.408693372157099527e-02
9.678497825768498167e-03
4.680767881980263390e-02
6.718320157100626799e-02
7.459601992744384347e-02
3.425608797670376404e-02
8.875620979879766947e-02
4.819598971736571008e-04
1.153662447105375521e-01
1.525927113057033539e-02
7.927667355762707709e-04
9.334821607124835219e-02
1.727732627830217901e-02
6.132591490483421670e-02
1.229459624517926543e-02
1.904737885181592358e-02
3.959911730650798878e-02
3.603924010002673012e-02
1.406726635278195310e-02
1.179247530005172670e-02
2.250128006544586598e-04
5.455592966945014936e-03
1.316439491109671830e-02
3.312013013223313179e-02
5.476407907172367584e-04
4.968326719167925898e-02
6.890466645742321199e-03
3.004185660495418617e-02
2.133773223325589191e-02
2.995018065656402523e-02
2.228907585158978327e-02
4.792004271344661032e-03
4.193270857329482043e-02
1.333235768319971162e-02
1.741986979208434011e-03
3.033504548939551515e-02
1.112985895165974903e-01
8.267640122872066399e-02
4.434616606811661588e-02
2.797657140028628545e-02
6.485693386262864069e-02
2.368779881717202399e-02
4.123968820701172378e-04
3.420459900695987238e-02
3.183416199773567157e-02
2.042524429131284958e-01
1.696551228531218564e-02
5.280068029197240720e-02
9.318648876305164405e-03
1.239138293219578177e-02
1.093132124255356136e-03
4.326665444692297247e-02
1.790630205125919028e-02
9.030161484551955942e-03
9.988748035228298128e-03
5.425593273412367828e-02
1.218700665380727938e-02
3.673082886944568914e-02
5.995119231085820760e-03
3.596865974491791906e-02
7.966017339064813269e-03
9.869400920588834725e-02
2.698485321853342014e-02
2.387531204306286327e-03
4.608877047943645000e-02
8.508902188582002923e-03
1.399183673657998853e-02
4.609816053342451203e-02
8.882911974546738032e-02
4.337213583558339330e-02
1.262160394763468460e-02
6.457773631767416145e-03
2.777548787011214007e-02
5.057296212584978107e-02
2.575316523549890310e-03
5.828406059536175854e-02
1.392087781034311023e-02
2.757078815417472392e-02
1.817805577524901628e-02
1.401928860868830451e-01
4.835720877718495056e-04
2.875108495570088268e-02
4.514624499038574768e-02
2.873047896726629250e-03
1.395768380181280910e-03
2.478605285615949338e-03
1.901620531655370469e-02
6.936308820556762178e-02
2.251549975804877091e-02
2.702893400022951878e-02
1.076662930722594932e-02
2.812799158463007154e-02
6.939308695814452865e-03
1.764001041748910759e-01
4.682743965906246281e-02
1.425867790764600088e-02
8.275215617074264951e-02
3.446942616561184114e-02
2.276091097789952750e-02
2.446096708936093198e-02
2.540186562775769569e-02
2.676537721567982461e-02
2.792384613837067125e-02
2.798823979439413884e-03
2.352129503330696592e-02
3.543023263119091798e-02
1.270558496072530241e-01
6.819565719008111385e-03
1.279785621289133979e-02
1.995750430352605936e-02
6.872490128010944055e-03
2.590407967358256403e-01
1.612693752061673466e-02
1.351550040865467754e-02
7.842923060342502084e-02
1.553232950646028614e-02
6.415691274347593009e-02
2.977384928328771080e-02
3.494163342220936441e-02
7.121737967582286721e-02
5.095876497484098239e-03
1.104242992009201244e-02
1.283261182808761655e-02
9.780489394874587739e-02
3.335350009399418864e-02
1.051332139832514972e-02
9.796397910921260388e-02
3.085671873714856961e-02
2.981084147420127659e-02
2.626631692397025236e-02
4.332298821490426777e-02
2.574756137537978495e-02
2.743194579865450983e-02
3.865024941500770639e-02
9.414975258918184542e-02
9.061777755718083624e-03
4.628132367565258171e-02
2.661758293478181173e-02
6.120984284264616160e-02
1.488366725847454879e-02
1.806965507183611042e-02
3.042780541007813339e-02
1.372169713353102102e-02
8.208672835406359558e-02
6.865018765741762174e-03
2.026667348961169735e-02
4.365395804148262948e-02
4.704520310151451279e-02
9.287999717708114722e-02
1.608287127128470509e-02
3.571091309801140146e-02
6.500536269681746193e-02
1.534562360750765797e-03
1.761538926666417898e-02
1.527458258485349385e-02
5.029415177997644676e-02
6.012566089169922752e-03
3.106030488963660435e-03
9.543579045613567735e-02
1.104986171034212823e-02
2.532370184622532300e-02
6.529087451048362634e-02
1.591270162498001350e-02
1.921222200412485426e-03
1.738229495353999302e-02
2.591111496533924502e-02
2.123228021321457715e-02
1.624779560510130477e-02
1.365280222887919892e-02
1.653093198800198796e-02
1.120658333519536365e-02
2.651146923342038303e-02
4.684412774029356880e-04
3.351267380305431032e-02
1.716984593787505148e-02
6.100175703197034671e-02
1.860647198158070503e-02
3.145754704869448831e-02
3.102976726208309111e-02
9.654125522976359647e-03
4.010059687120640093e-02
7.575326112134864176e-03
6.896949752643069531e-02
7.195847027490913372e-02
1.154851657517827479e-02
4.545768543391907890e-02
3.183270082431243625e-02
4.150220423416454280e-03
1.762545596455605823e-02
7.079423971625924301e-03
6.355365983831780252e-02
3.116696685974746500e-02
4.172492063043190327e-03
8.800297765779958870e-02
5.594823223188456762e-02
1.786862980645866072e-02
6.813077002312435682e-03
8.284802409569852824e-03
1.427878908101534727e-02
6.180424761402891071e-02
1.691273910831655319e-02
4.750801777629255068e-03
2.139371909428802732e-02
8.961240728628135088e-02
1.474260558262895267e-02
5.729719772820844603e-02
4.131673437668011845e-03
2.159526868619651360e-02
6.023829400139256440e-03
1.906543494224894469e-02
1.892872556817614196e-02
3.763911787740498172e-02
9.171812517201224924e-02
2.367105669376988117e-02
1.579564037991928321e-02
6.774176201080622794e-02
1.084808646091331430e-02
3.095760696084035729e-02
7.690093576064481462e-02
2.665735182664221575e-02
1.857288681282107945e-01
3.672528312708464582e-03
9.844788530245718317e-02
3.429879099888349242e-02
7.533815206422784377e-03
2.323515595281077165e-02
5.468491968005015358e-03
7.175454646385026614e-03
4.419966909970096669e-05
1.128866465156082646e-02
3.467577112736531381e-03
6.975323919341053225e-02
1.539998193053130141e-02
1.660297991308420928e-02
3.532425331883388975e-02
1.631947207771948863e-03
2.614981964076688176e-02
6.582798681943734243e-02
1.515547106098050212e-02
4.247260116142414360e-03
4.484929607682326680e-02
3.323865377921125103e-02
1.592558443374609070e-02
8.022729994385233154e-02
5.199394168598205773e-02
9.776488999904602017e-02
8.996818559138246296e-03
2.276032137293261190e-02
2.456756069598110478e-02
1.322038742521464659e-02
4.305327625349911896e-02
1.203246295243257449e-02
1.535014542283906838e-02
2.480280216582594899e-02
7.128263729822353900e-02
1.190021902362135287e-01
5.872893406607686273e-02
2.236759819712861447e-03
2.230349192350130488e-02
1.771875702668658861e-02
1.695485786207771503e-02
2.924453095568421701e-03
2.142878190755664533e-02
1.333097777271404633e-02
8.128313546799770251e-03
2.995243995256314726e-03
3.656745184646083280e-02
1.804094942328252071e-02
4.070247644671980657e-03
1.659730695533838743e-02
1.482272469959669201e-02
1.441315074442190564e-03
2.763613483349667416e-02
3.688797615334613034e-02
2.680782691238656201e-03
8.389852044956147559e-02
4.422700844102482598e-02
1.476595967156442250e-02
1.775518702643810731e-02
2.667701156902347118e-02
5.498981757917130453e-02
3.655812645655065474e-03
4.830792301632919755e-02
8.654369282792381823e-02
3.224839645520634086e-03
6.369667739212443724e-02
1.066210305533466379e-01
6.196751579014802419e-02
3.415139395906540559e-02
1.958257189822183719e-02
1.697237746657219437e-02
4.502953969019056479e-02
2.036781747547116231e-02
2.562167710364604556e-04
8.595836105040771669e-02
2.027881530512789382e-02
5.842943254932550512e-03
1.577291939384176112e-03
3.419705324042873057e-02
4.406717780193570438e-03
3.704530517964554209e-02
5.446416046950854593e-03
1.593988779709456724e-02
2.224409878936482732e-02
6.190785984156963601e-02
9.759330859703409244e-03
2.005950573554185490e-02
1.118127872133801021e-01
1.621679238424298189e-02
8.091180130903588216e-03
7.508785869858036754e-03
1.387070123340150216e-02
7.703699240665939918e-05
9.381188525386677246e-03
7.200631091023368402e-03
1.296438154987639493e-02
1.818887254596584374e-02
1.108145583217996777e-01
1.034021648115137915e-01
7.982783846314127352e-02
1.909837846140167300e-02
1.191057143450530327e-02
6.225065822000591664e-02
2.351135223070630054e-02
1.800867246526535043e-02
3.509459272914598749e-02
5.633309596213016690e-02
4.569381947539494920e-02
2.913715984934867054e-03
1.045212835358539857e-02
1.851276993678126204e-02
1.134424971052595127e-02
3.567693697749881043e-02
7.949561864664715649e-03
4.828502618040434943e-03
3.303666775130593980e-02
3.122567687244280285e-03
1.595019368477647581e-01
8.435395975166570803e-03
5.172727401839219419e-02
1.096613696261547824e-02
3.957285557316034263e-02
1.631449687831576512e-03
2.561472265010660953e-03
6.124126349633199698e-03
1.672482139816905411e-02
7.629983648600332201e-04
2.335746787247725345e-02
7.256370977951676071e-02
4.908517889108684334e-02
1.135468524229472087e-01
9.278238520028339598e-02
3.104968540435440461e-02
1.560157569779387597e-02
4.158947503323129347e-03
5.957111237627547851e-02
5.170132920061708964e-02
8.274083563458232982e-02
1.142793183679232660e-01
6.911746699798652915e-02
7.859336695055129524e-03
7.117616892156628308e-03
8.421233936695138311e-05
9.098743577967131901e-03
1.583296011616949772e-02
3.654833052052525177e-03
1.624531557023262823e-02
9.230029061238539251e-03
1.993402095408161601e-02
6.752773986495951009e-02
4.247719728751458979e-04
6.816639102426708119e-02
2.831399465679603888e-03
2.274805425143197959e-02
2.108506665418179854e-02
1.030849210027420630e-02
1.026790210819732846e-03
6.633382145904389432e-03
7.824710407472118892e-03
4.834991664437275627e-02
6.274049306397835868e-02
6.224617526136079493e-02
4.979969722331378107e-02
4.127280633214316236e-02
1.321485884416763179e-01
7.277252403535777736e-02
1.643317546866619738e-02
1.856293838482952693e-02
3.612025718613309528e-03
3.472038327265995761e-02
6.084663535666846174e-02
1.043314736760176387e-01
2.483686993936938536e-03
1.334934818986869415e-02
1.312868469688181078e-02
1.606796687325991180e-02
1.705984497786734722e-02
9.896305143081159106e-02
2.115817656106517078e-02
2.280605158679731466e-03
2.080872688019992645e-03
4.279750001468583115e-02
1.279113073069916562e-03
1.498901806664233172e-01
3.101272890193268461e-03
8.393440341669002394e-03
1.419350311370939921e-02
4.274064455577566285e-03
2.847130131273257342e-02
1.212012928360305802e-02
3.613109074183340486e-02
5.003057210698710899e-02
1.031739133464694425e-02
9.566971700797594069e-03
1.982096769902744193e-02
1.188652739423989163e-03
3.354551344364966464e-02
5.074683683444305982e-02
5.503413065574205842e-02
5.791473438993843120e-03
3.135147420749095221e-02
2.385984443450359788e-02
3.038367785235993046e-02
1.386067102613595947e-01
1.444107440900403716e-02
7.936254167048637301e-03
8.899939136046478710e-03
2.283506035650746668e-02
2.584038587216232544e-02
7.612386076044000416e-02
4.302891703532154936e-03
2.949011308927006539e-02
2.989229596312373283e-02
4.504124080388677981e-02
3.068827583316268565e-02
6.185492269254411202e-02
3.989057600714042418e-02
3.414459554642375327e-03
2.455136902570722451e-02
6.780972642035573705e-03
3.514990632349328931e-02
1.517444303613490336e-02
2.513406649417319547e-04
8.192563807626734862e-02
4.590949810751083875e-03
6.280803223510583733e-02
5.198835366447387973e-02
1.678928930246322698e-02
6.159538090810864203e-02
8.839289672395882203e-02
6.548279002452440933e-02
4.736133832288297318e-03
4.265506697888737930e-02
7.319708439461170002e-03
2.573359610274078557e-04
1.165315236616661643e-01
2.087954306870926612e-03
3.009248954602627632e-02
1.099314166716254537e-02
4.496981891789842214e-03
2.903977164119402737e-02
7.226501075227598214e-04
1.230777195221610491e-02
6.529344754082987146e-02
7.440213124053628169e-02
8.479715227369066799e-03
5.925097933010439744e-02
3.134920868005443284e-02
1.824829916023192750e-02
3.993684390215975627e-02
5.143769284463917124e-03
5.645685376031559302e-03
5.434132534385283098e-02
6.771272849973440644e-03
9.263057259154940451e-03
7.234509040977589456e-02
2.553635326353989599e-02
3.695583754873951743e-02
2.595210090688596094e-02
7.269651005873400962e-03
3.804464652022929161e-02
6.633595869386725574e-02
5.790783449101174346e-02
9.499847728137483099e-03
2.007871867332443674e-02
4.498181793818480968e-03
2.034517965849366034e-02
8.549291590118571205e-02
3.459717526989706388e-02
2.731911989979046371e-02
8.519459073317182246e-03
1.016777135748001548e-01
4.264317269084817036e-02
2.417869096351341063e-02
1.546823350296433128e-02
4.165990502434650800e-03
1.567351219407230323e-01
1.988464987205881829e-03
1.931707858610149514e-02
3.069772574102559368e-02
3.994511067255158282e-02
1.527466934162132264e-02
2.509404315513858591e-02
1.575897961704781497e-02
4.633627359258417344e-02
1.815202587854639407e-02
2.193131985935804079e-02
4.282816235664606980e-02
2.153605886113147544e-02
4.782819716852589054e-02
4.554815403044211453e-02
1.408624261576794760e-03
8.553455448661300559e-03
1.193646074765965757e-02
4.755134787612093350e-02
3.185130430592512593e-03
4.549200805311994639e-02
3.999230557023892609e-03
8.514304890777860124e-02
1.878114770730091726e-02
3.543248864368225837e-02
7.436669927121168644e-02
9.393807244379014099e-03
1.432683451392842595e-02
6.310031765558725414e-02
1.944407049460273457e-02
4.247339595032909726e-02
4.142064552729961963e-02
6.074441677884893920e-02
2.415075860811534934e-03
8.514391064935494108e-03
7.954722773989572962e-04
3.519688496153851320e-02
1.547410314223288813e-03
3.233510987297065487e-02
4.190451799005068950e-02
4.860946846259184273e-02
5.252634134301883972e-02
1.539518948653009062e-02
4.761751381952145090e-02
4.657413382798693269e-02
6.810231380409965951e-02
3.647146205993959805e-02
1.464669731974875024e-02
3.867451382307522667e-02
1.014009894907362541e-02
2.572923064411781341e-02
2.458168355310536707e-02
4.821918342664605062e-02
4.552433428196694942e-04
7.082008589375407559e-02
1.715055114507172546e-02
3.128880843501155584e-02
6.035662776236670052e-02
1.035527593506616745e-03
2.485394184231775466e-02
2.402264517759867060e-02
2.943490076916861070e-02
8.097451911933015167e-02
1.885409548004204905e-02
4.832766416399957715e-02
1.138503341683109668e-02
2.835690626816601834e-02
1.056389796577130238e-02
1.246343076964728791e-01
3.377208809640259296e-02
2.387621239483647684e-02
5.069632116262956512e-02
1.169888167816702379e-03
1.272346937339425069e-02
2.771257141373983934e-02
6.394014083281512884e-02
5.781009150446489442e-02
7.819131118856846585e-02
1.121953667496771584e-02
2.396619488832650580e-03
7.802457387618844629e-03
2.631279441939245178e-02
6.118585973026664099e-02
1.649821057058327434e-02
2.951741894556553919e-02
2.918669221341601422e-02
7.696542093059409451e-02
3.136627643180274483e-02
3.113304599393814515e-02
5.409567157480710264e-02
2.547698430627951330e-02
2.151854752769058812e-03
5.397574733865772439e-03
4.880486390884461803e-03
3.020821816816613575e-02
2.323262596396960533e-02
2.038797934374570256e-02
8.509876909573116030e-03
2.396635536265407512e-02
3.743145486779488745e-02
4.835220273735707508e-02
7.641837415094504191e-03
2.228336825884066549e-02
1.818062445226956148e-01
3.703497594519851790e-03
4.285349637409253780e-03
1.370132801269769753e-03
4.767120773902107367e-02
2.555850034549965455e-02
2.948275330092477511e-02
1.037880404049326341e-02
8.408402745572741283e-03
6.461066093293239138e-03
1.203734500655760306e-02
1.831911654378096110e-02
8.617806354926718648e-04
8.340053868184711672e-02
4.199558034658898431e-02
5.051957022967042132e-02
2.995618998930527077e-04
3.097112400314471978e-02
1.102698160312958198e-01
3.747342038447053995e-03
1.239800592966467871e-02
2.828437786740047727e-03
8.916275012620777235e-03
2.661944262591856708e-02
3.237696877951019847e-02
7.412295874371408562e-04
6.540690123201325923e-03
4.027040430523222414e-02
5.627858036559888269e-03
8.869447873434575455e-03
2.573081535461137302e-03
1.843299877985448212e-02
6.200774206983807740e-02
1.539305056177884060e-02
9.100211859876777831e-03
2.090204981203531986e-02
7.291449073046459700e-03
7.768963768571525430e-02
5.859926942208725648e-03
4.309294475295419313e-02
1.143861208798278503e-03
4.469974310417063057e-02
1.524219780879987329e-02
1.680006463847875942e-02
1.307562869380242930e-02
2.439816391889980396e-02
1.494153937251105520e-02
2.938365557822861240e-02
6.097018025635747920e-03
4.695205619386166179e-02
4.722653986124032005e-02
1.412613410831040084e-02
1.529634417382542272e-02
2.355738371319245766e-02
4.538143439827420356e-02
3.252511269287287898e-02
4.843413291103854101e-02
2.719126158983934186e-03
1.976367000733475141e-02
2.376096741274229956e-02
1.749097073050369378e-03
3.204420084809582459e-03
6.690853784141423399e-02
7.708860934889117181e-03
2.750752523796301877e-02
2.793194981451642411e-02
9.576862431626427530e-02
2.342854798487769424e-02
2.094650955211706939e-02
2.976740794625697129e-03
1.947598898177697185e-03
3.071506656418624553e-02
8.148686570382382421e-03
5.507846875469157855e-02
2.992897749133956523e-02
1.036058590526000266e-02
2.143475928674051095e-02
3.763493530640565909e-02
3.034108445342155111e-02
4.118699541787119306e-02
1.806976260526443195e-02
4.401146360630471543e-03
2.491174387717197403e-02
9.266568533584342710e-03
6.399471102448765075e-03
2.902349435985983675e-02
3.613771170936105892e-02
5.015262297856383500e-02
3.080606446785501967e-02
1.165644075417726633e-02
1.365765963770571023e-01
3.122465576842265930e-02
1.150535513325959269e-02
1.502217369601051289e-03
7.880949651355699526e-02
1.923957577019424353e-02
6.266369697207278822e-02
2.620471846264823407e-02
2.655336972755457936e-02
6.550082467522436169e-03
3.062427806573699701e-03
2.552933164722043929e-02
1.048010318855245940e-02
2.969646122381500858e-02
1.299806396566203365e-02
3.621949117131435802e-02
8.796922919833605192e-02
1.253485379091041560e-02
3.493952717082204201e-02
2.280193822426569705e-02
2.252381941880847449e-02
2.361643038934059524e-02
3.561315100128349849e-03
8.873714512428416967e-03
6.629870981555555098e-03
5.878069936212615768e-03
2.911960180815735544e-03
7.053879687554703848e-02
1.193818047469921359e-02
8.553197939940768157e-02
3.268672158706340675e-02
1.242761058414941326e-02
1.607009582526979230e-01
7.463659248415420444e-02
3.437988351639241491e-03
5.028591716057415062e-02
1.865907702550196126e-02
1.382416544768156133e-02
5.916646347436158027e-02
9.857698758126341720e-02
1.576068979781061752e-02
2.954619024480099887e-02
1.257137626612048892e-03
3.392735650347541987e-02
2.160797097034095060e-02
1.511990986758315197e-03
1.175354602229135292e-02
3.164417198939725728e-02
3.217200456345153253e-02
4.917555930567200223e-03
3.716682494617561117e-03
6.318752648821275575e-02
4.871152974153354631e-02
1.213350509151874847e-02
4.441674889357827456e-03
4.142673518961587087e-02
2.145528383247601728e-02
4.779744221825180106e-02
1.088465038657831369e-02
2.329325263697780077e-02
7.160277475275983461e-02
1.282538677548547557e-01
4.349479747461665324e-03
2.709657665616514721e-02
1.848169829138776588e-01
5.452644544453993936e-02
3.712246228098427248e-02
1.001332964692921296e-01
3.522290422196899112e-02
1.631272007530657972e-02
7.937455919799146775e-02
4.113371233287180934e-02
9.487814158288589497e-03
9.396592275147160750e-03
2.089823507371863301e-02
1.538681798964821809e-02
2.281412490051700631e-04
1.674181045615628916e-02
2.147467352956004827e-02
4.402167553982689469e-02
4.383942999656524619e-02
3.336548061858699010e-02
2.052683443471316899e-02
3.605985225066898892e-02
3.346705584953083013e-02
6.307171788759407920e-03
1.356962344647010509e-02
3.083300304985122156e-02
1.010914509241393582e-02
5.301815223083852779e-02
1.548527602065754780e-02
1.220428776406085741e-02
1.141483745755552948e-01
2.183296013867377233e-02
1.780924892563080439e-02
1.213263051491109135e-03
4.325790400995786766e-02
3.693015485825706240e-02
6.114100462517291223e-02
1.290713447596646413e-01
4.438042203408897046e-02
8.687317550993920584e-03
2.111807809839686204e-02
1.076916939304284337e-03
6.254203130660433707e-04
7.944795645243698037e-04
1.690000342417415785e-02
2.185867704581533760e-02
2.243990348022822240e-02
2.244939501722484007e-02
3.438925461734892997e-02
1.239997769803909689e-01
8.363345479493300427e-02
2.050364588167678803e-02
7.438708045732019339e-03
4.471719685557834501e-02
1.801243081837122437e-02
1.273027181720225165e-03
2.695154846603120546e-02
1.574008177594419730e-02
5.878865078573200509e-02
3.014657460963930669e-02
5.071233664516287994e-03
3.263846950491169907e-02
2.039835576745794438e-02
4.735829961556823481e-02
4.954341416162392868e-03
4.067920102912991887e-02
6.322807956688401843e-03
5.302485091538982481e-02
5.598536962282744250e-02
7.086548942834557108e-02
5.376071337803885186e-03
7.221527500616694087e-03
2.835332888244702226e-02
2.488412030469427244e-02
2.235112093917075715e-02
2.047246310273863334e-02
1.125216703979265744e-02
2.772809748572267405e-02
1.559972142463520242e-02
1.919790881090592191e-02
5.218365238835037667e-02
6.853365319324983274e-02
3.262374561930862782e-02
1.042756730410980548e-02
1.541290145175144843e-02
2.339107781458290430e-02
1.058081196881610966e-02
6.160412173730867025e-02
3.618205239891023051e-02
3.572476219561773053e-03
5.939031102859548134e-03
2.144864352562105697e-02
1.160773745902322907e-02
1.862839610299535029e-02
2.426950690887980447e-02
4.527139307958348569e-02
1.887541145193516456e-02
1.293063603674309003e-03
2.915951259894323730e-02
1.764578330496244241e-02
7.740595610487800704e-02
3.895435822112447433e-02
9.468813211268697905e-02
1.085194361749651113e-03
1.508480724117287550e-02
1.631960156365444906e-02
1.272796663021972530e-01
2.940861670934508468e-02
7.623683720348019277e-02
1.987096810612377223e-02
1.862197073131822977e-03
5.278585526249228790e-03
1.361174643849690467e-02
2.705428924198743229e-02
1.298710545718480443e-02
5.858062467119593691e-04
1.027690099734295676e-02
5.296388221544249056e-03
4.816512486483531634e-03
9.239599447208718397e-02
9.310054953893268093e-03
2.035399628838198416e-02
1.174452100759823536e-02
1.371479776290949505e-02
2.671751704115339285e-02
2.548999763846586386e-02
2.685194795847395052e-02
3.797658177301078963e-03
1.087803236702183929e-01
1.495677174364708380e-02
1.850517891310013430e-02
2.928439802235560663e-05
5.911371418730929084e-02
3.720834622722982155e-02
1.006800273672240204e-01
1.473310008988358913e-02
1.136342982303008287e-03
1.937157065231319419e-02
2.193392700968355841e-02
5.734590124059288363e-03
6.679045494565073737e-02
5.879540611995386773e-02
6.732783207424503091e-02
3.608451596263710648e-03
1.156671044631934174e-02
4.285690670635964455e-02
5.487326606322072420e-02
2.198109637646355335e-02
5.143399747572856978e-02
1.901207068066560965e-02
1.786436920405857706e-02
6.101654434898234891e-02
6.038407703267757373e-03
1.187806292768771657e-02
8.601505896987058156e-03
1.007920002409288564e-02
7.124338230620921864e-02
3.940622937059774095e-02
1.068935759356693695e-02
3.174704103370607627e-02
7.344998800905123970e-02
2.246895219328586338e-02
2.335333088687024938e-03
7.990704657583053150e-02
8.301563470508183107e-02
2.794910011979061595e-02
1.530558170107446103e-01
7.809623972141854775e-03
1.259911837659906386e-02
1.341214176158897313e-02
8.652068228019046958e-03
5.447829043316589417e-03
2.609816231849850995e-02
2.351879331701972609e-02
9.212564063261136083e-02
7.883151603220447251e-03
1.588143548570646740e-02
1.695232156567477722e-02
6.263395651297415379e-02
6.433734309783867809e-03
5.342226637535445882e-02
9.102231418042568134e-03
1.094564318406633131e-02
4.858180454634325462e-02
5.570428307061364714e-04
1.174821355555068225e-02
1.866233428670358886e-03
1.082367590435443297e-02
8.239874889037689110e-02
5.632745953905763173e-03
5.351226779164251074e-02
6.205925086271119745e-02
1.940588075494138753e-03
2.296310065318962410e-02
1.449043519876120137e-02
6.973481751939526394e-03
3.156087258556188047e-02
6.389619429583651145e-02
1.136359097049327756e-02
7.804399944712861470e-02
3.469293743400007901e-02
4.217382171918607203e-02
1.268026896051193536e-02
2.175297746081248512e-02
2.458338114381473927e-02
9.328698203335598210e-03
3.063646822489111271e-02
6.217389567480588464e-02
6.366783547780692498e-02
2.842991712710720310e-03
1.144384468987270642e-01
2.015056031054063279e-02
1.551307082429379675e-02
7.115151272569299190e-02
1.322987467028951397e-04
2.619700007258673330e-02
1.952519083180780449e-02
1.747473471648958859e-03
2.520543769066841983e-03
3.209022863934441611e-02
9.491921859037562303e-02
1.024572151074146058e-02
2.390125880459711971e-02
8.358064472561055336e-02
2.667483477346100848e-02
5.155277793378043594e-04
5.216119608132892271e-02
3.089189354655631770e-02
3.231941966131663541e-02
2.013008057858006739e-02
7.856072842393754113e-03
7.557948069968012383e-02
4.929735511690418875e-02
4.639830795419461196e-02
2.477021306672124584e-03
2.718936472000357818e-02
2.459537723338448001e-02
3.979742559042113992e-02
1.560234304487433457e-02
5.452578373754711494e-02
2.335132544409836836e-03
1.216651646384672714e-02
2.486670027260353549e-02
8.771347543593403795e-02
3.799349567382112602e-02
1.459591638078516218e-01
3.619327634700176405e-03
2.355627003245140683e-02
7.705513549084858083e-04
3.837466633643933644e-02
6.950548594889000009e-03
4.748144583210262698e-02
1.168714712255838339e-01
1.405877776625003711e-03
2.341761714725412724e-02
4.988809808170811128e-02
3.523015975487413243e-02
3.691323756981082505e-02
4.105632234574256578e-02
1.245647821807629139e-02
2.305695572058173715e-02
1.164918477653001383e-02
2.191371810373695522e-02
1.228809605327794291e-01
1.559913546762627806e-03
3.009497132350424584e-02
9.879002190931929564e-03
4.729314650463875558e-02
5.585523065371310325e-02
2.932798620594458811e-02
7.313137913288386693e-03
2.148739793324689132e-02
1.378036978828336978e-03
2.049281135891907468e-02
4.209055042699341720e-02
4.758834248517863214e-02
3.536562892104500033e-02
4.750968346182464497e-02
1.272042302757394640e-02
9.030687567288510353e-03
8.398802654246539240e-03
1.126376437679657561e-02
1.357751993136956450e-02
2.931504676112819952e-02
3.791290244171786894e-02
1.556932088390411591e-02
3.692013410517460542e-02
7.079224642087514341e-02
1.278978274829396522e-01
1.101847480577236582e-02
2.386724458338107882e-02
4.471497696718400999e-02
5.269325124701462748e-03
3.025506786773188121e-03
1.735922273463684148e-02
7.808904504116992440e-02
2.751603655716027344e-02
3.945925029646971810e-03
8.055045154629122267e-03
1.474212528493522301e-02
9.371367161726579242e-02
9.219626791593327209e-03
2.483558146457074192e-02
7.400249744110791450e-03
1.906481548972386447e-02
1.783173098998534073e-02
2.769191250103884144e-02
4.936976960337500359e-02
3.559451701894171538e-02
7.582879262285005528e-02
2.688649668781475585e-02
4.008901413846488460e-02
9.533030287300792160e-03
1.427223108247592867e-02
8.689238862996731538e-03
1.106011962786260239e-02
1.599457085769724063e-01
1.098474642039082849e-01
3.417407903098837463e-02
3.877398211164062580e-02
7.266032655492124515e-02
9.533526763216438465e-03
2.071148652938203938e-02
1.485353890525513247e-02
7.857811000570414511e-03
6.587181995332952456e-05
2.540308870858674212e-02
3.147828313979911946e-02
1.067970289557221286e-02
4.539569156950768597e-03
1.030489461611957050e-02
2.467204618550084341e-02
2.417327348599231096e-02
1.603769912700836464e-03
6.388145766852981744e-06
5.893467285889903221e-03
5.793785564778342057e-02
3.026484959706712830e-03
2.419879228201166077e-03
5.388392831316352050e-02
6.257806066517020149e-02
1.365258846429287520e-01
8.953865639973323121e-04
4.627089200440779454e-02
1.221754091522059792e-02
4.648318582126434971e-03
2.301121739786686493e-02
3.781385113542506948e-02
3.928268326607383537e-02
1.528120766230494365e-01
8.549931806280594571e-03
4.767809532682611845e-02
2.499038083949710332e-01
8.253362184780452249e-02
4.633525099286762289e-03
9.592698512124825383e-03
7.165046660135924658e-03
4.909353580966720892e-02
3.823882157683178296e-02
5.138210570958208490e-02
4.829184561314693591e-02
3.958571803734078562e-03
8.734163449892340392e-02
3.464427795822307143e-02
5.749874821146851861e-02
1.012296991762766385e-02
2.171740055715763295e-03
1.933979297591692514e-02
9.101639925031895784e-02
3.911311080287473846e-02
1.239142721274017010e-03
1.190453322353087900e-01
4.863386836160318860e-03
5.144745025440815994e-02
3.515722917013204551e-02
6.670155772918703874e-02
5.284366320935248579e-02
1.925232529717120500e-02
4.986137397578646081e-03
1.221168477370508133e-02
1.876357132742755354e-02
5.069456559571074161e-02
2.743399047989543427e-03
1.232356590107007432e-02
1.397429960914183256e-01
5.557845028062297771e-02
5.124963191707059690e-02
1.214739174811969163e-02
4.359488822685814169e-02
2.270995175951017950e-02
2.828989329547865195e-03
3.774207042996081951e-02
3.922686873599083579e-02
8.329381135827804150e-03
3.222470917754554492e-02
3.714004009283582500e-04
5.490565768235991517e-02
7.274119024384667620e-02
4.666796988771644387e-03
1.952756474151442351e-02
4.995707370669090486e-02
2.804162187400566567e-02
2.585408462101385085e-02
1.212858362532303197e-01
6.276727548556588349e-03
1.259724166428096911e-02
3.250779901134188965e-02
4.161439652534154598e-02
3.415935108105128126e-02
1.393812482573991707e-02
1.159047583987290672e-02
5.836966449897279009e-03
1.132774871357998536e-02
1.016688724526290388e-01
1.246100862243826046e-01
9.638393549190389653e-03
6.973758642431690524e-02
7.356393305047551068e-02
7.598055307893510080e-02
1.193837711080341854e-02
5.603679803893848316e-02
5.020860661694166727e-03
1.115502468295842542e-02
9.128688424841668869e-02
3.502158863156010910e-02
9.150578125770251342e-03
1.721539900344324844e-02
1.700688749403245562e-02
4.270974867812112052e-02
1.026703294389404164e-02
3.423470194586901438e-02
3.745124321443803195e-02
1.289012021993343575e-02
3.605831963441206989e-02
1.857439780286864253e-02
1.106238407836571402e-01
2.966373235839377120e-03
1.163838147120754840e-02
9.773335646749420347e-02
4.686181690018065976e-02
3.639565043444827758e-02
3.351387163019897003e-02
4.893364153346884543e-03
3.059087133291948056e-03
2.507047668079556008e-02
1.712125092988127720e-02
1.362908196916834958e-01
2.478349047819132858e-02
1.057583346838155691e-01
9.935522419932011490e-03
1.614800096228214549e-02
4.119812887205331897e-02
1.793702728639788579e-02
2.165176323108920428e-02
3.890556674111795427e-02
5.018034135902756099e-02
1.050931037582704397e-02
8.694800351310311148e-02
5.068093973627603444e-02
1.143333419255185973e-03
3.413152369305952338e-02
6.166398911958069842e-03
2.142830051540324521e-02
6.016451489498794714e-03
1.269658911298108400e-02
2.388482396651410433e-03
2.189175171084925542e-02
4.149437083619758604e-02
8.588128964540595045e-02
6.686214351844438353e-02
1.467394257456576812e-01
1.377682092464931757e-02
9.472928055285243648e-03
1.101090894732255181e-02
5.305960012732501008e-04
1.687957883040820325e-02
1.475964330126737153e-02
3.037299283466068575e-02
1.366622832570088888e-02
1.168725874770585281e-02
2.079210529675137170e-02
1.929747714727025887e-02
5.310171184491781216e-02
2.722025202635805149e-02
9.465098435369663846e-03
9.262954826644893488e-03
9.594658460285947210e-03
3.630402089613865568e-02
3.916097249100962407e-03
5.402063955263654293e-02
5.340846045948278997e-02
2.270154617342306363e-02
6.803684634375714232e-03
8.768851395082692679e-02
1.581289150483687275e-02
1.114827370302057599e-02
1.727678555986217335e-02
1.409382652724770410e-02
9.385089324520104470e-03
9.932186657735705276e-03
6.277770147414400703e-02
1.886219650522217781e-02
7.526675993823019051e-02
1.776746554760489163e-02
1.970109911100580841e-02
2.092510061535739208e-02
2.375958878926986290e-02
3.273364344975873350e-03
3.094869855279770710e-03
5.039254356807489066e-02
8.572871753478183629e-03
1.407785155744370811e-02
1.103233215967436287e-02
3.506984019347835629e-02
2.809217079365489492e-02
1.078074242102790986e-02
5.788006892963812322e-03
7.258659879679024707e-02
6.432608118988296896e-03
1.021354710049521414e-01
8.804006499890080356e-03
9.932388295631161546e-02
1.255117225753841007e-02
5.772934022670931503e-02
2.496077667010031254e-02
2.120091903126013200e-02
1.847284428522321179e-03
1.105278473214726595e-02
7.566572174035134102e-03
1.815353952167236135e-02
1.137751434987639004e-02
4.541568476655202455e-03
5.145595104377216622e-02
3.477115772392466025e-02
9.292700399473960426e-02
2.739887829541870490e-02
2.249170637957859445e-02
1.179684263808791767e-02
3.354347191522033533e-02
1.545962377856886609e-02
2.453820964277212552e-02
1.381874894235810523e-02
7.482662970716620621e-02
3.901881623946032440e-02
2.673885583824734541e-02
3.568728390393707817e-02
8.471311045708505155e-03
1.232528668516609874e-02
7.443428852086481085e-02
2.521098805572461951e-02
3.017065804623956377e-02
1.025351994074089890e-01
2.846525723937039232e-02
3.211309268840745190e-02
1.728869858024895123e-03
6.970734817502212410e-02
3.542672733550283198e-02
4.196817894296864249e-02
1.042957090708011153e-03
1.258818798285934841e-02
5.725184599761740795e-02
1.523937463559215354e-02
1.230981389182527613e-02
6.601281563888489190e-02
2.090746440705966436e-02
8.067487950575778777e-02
2.847193783503007558e-02
8.186066230739738603e-03
4.105747645185757987e-03
2.385551511604167702e-02
4.339760549866193001e-02
1.329952002249382495e-02
3.789005981430204617e-02
5.954598192509918259e-02
8.061646623400525735e-02
1.066917183044202577e-02
4.036218875084586488e-02
4.941735518281988038e-02
9.570232012404596145e-03
1.358449189363976350e-02
4.237023814904103403e-02
2.890187816324728265e-02
4.359446233250834080e-02
4.177420652802269624e-02
1.480059498320716871e-02
8.207254039704126036e-02
9.830051176841179961e-03
5.090887968809430786e-02
1.153400371841700189e-01
1.563466120313755092e-01
1.995093302932576113e-02
6.668761965516661894e-03
4.891475893541483155e-02
8.926092819419879226e-03
2.595875936892413915e-02
1.715730136399876149e-02
5.748840530665396895e-03
1.695600111058944565e-02
1.357439470386386654e-02
5.697255181502305400e-03
5.401846140482782083e-02
7.510426121754232298e-03
3.949093347252051467e-02
3.902907456380756701e-02
1.886121647120518260e-02
1.185502236783236851e-01
3.804697259380796642e-02
2.042672276214796065e-02
4.983993050492688953e-04
2.521609523045142964e-04
5.303140009076663663e-02
3.404922662925246452e-02
2.456807285360257387e-02
2.949898682844636494e-02
1.637426128470113873e-02
2.875288155213974461e-02
2.627586759436838573e-02
9.776832632664149425e-02
8.233895278204108811e-03
6.024712732858684278e-02
1.421662226393219097e-01
1.105290992795379262e-01
1.822247223897473234e-02
2.431037647335619611e-03
8.112458534052294917e-03
3.369408110781655502e-03
4.503471281707693841e-04
3.138158737486372585e-03
2.277146068953472477e-02
2.274006304501053483e-02
4.558656224669231476e-03
4.605400578220722116e-03
3.721003841129827752e-03
1.202070941555118469e-02
2.506723262868801316e-02
9.127860958920097634e-03
2.528595513512407744e-02
9.780664764280326551e-02
5.252138841271677960e-02
6.020995426696675035e-02
7.639677259019554169e-03
8.456235184630222015e-03
3.332210600479842272e-02
7.117726185750282777e-04
5.518288383070368841e-02
1.594731342086127060e-02
9.044146400069737191e-03
6.530232362731302857e-03
3.843543544171951903e-02
7.742684484093539932e-02
4.797234405941611102e-03
8.001248794532644926e-02
4.154319510851103153e-02
3.395957306012521021e-02
6.162612648267421118e-03
2.015498965861239195e-03
4.367311971100536899e-02
1.091330238743476455e-02
4.273428094593492016e-04
8.176758021108992275e-03
1.620833438954514399e-02
1.531788444279673714e-02
4.552215975263777803e-04
7.851281555377033483e-02
2.234665046923295373e-02
1.750129840685420851e-02
2.419571306450919723e-02
2.289985280689452868e-02
5.776253547776709699e-03
3.198740116061207089e-02
2.488891192316389916e-02
4.652353543700360472e-02
6.973651216339128017e-03
6.540286424461846937e-03
3.933941944313391198e-03
2.203985960737633865e-03
5.990377055626128211e-02
2.614401002097095205e-03
1.770828025335379266e-02
1.596770389806829310e-02
1.199100815595677133e-01
4.141359665357725872e-02
9.136188769190273923e-03
3.497898804443812931e-02
3.905175903754144751e-02
1.284466179269628250e-01
1.524001622627159554e-03
1.241527305519331270e-02
3.697295653853655689e-02
2.270035179721719559e-02
9.871304529467177583e-03
1.110231015771585561e-01
2.924169976456750253e-02
1.160855241709004768e-02
5.820979715236793833e-03
9.731187283239878250e-02
9.223611567378775522e-03
1.882179540640596116e-01
2.204334136703779007e-02
5.413813237897250469e-03
1.442825818534072824e-02
3.979415877358657982e-02
8.182000730095255470e-02
3.922928898556287541e-02
6.693777850021410611e-03
2.216861762244826811e-02
3.400917380423497394e-02
5.207761683329924229e-02
3.692684124235576237e-02
2.967712800240742549e-03
1.371094851797043102e-02
2.204859852376592211e-02
1.656639480473437176e-01
2.225280671246792491e-02
1.095827566972537928e-02
2.574469299521299059e-03
5.342716780812777067e-02
5.627769609345600887e-02
5.208243027580619633e-03
1.482969447772040580e-03
6.515104657364920171e-02
3.398451474713715809e-02
4.356564854199011273e-03
9.817573854613380335e-02
2.085264071167275933e-03
4.650908041858858866e-03
1.647027448954842960e-02
5.131429076941104728e-02
1.397538468994377961e-02
1.383258684509598990e-01
5.771933908342114991e-03
2.336479828753693089e-02
3.330937389815895322e-02
2.177107595654736300e-02
1.013157926595652236e-02
5.057578663863827872e-02
1.932346187678964100e-02
3.959699563584364625e-03
1.687775801451116622e-02
2.094696118285785391e-02
2.607492270385237954e-03
3.604129080632693938e-02
1.758756289917845841e-02
8.681710143735595075e-02
1.358700131838312952e-01
6.096753021832500979e-02
2.525641575658228461e-03
2.218386130219239614e-03
3.912059624776034750e-02
5.523563922053287278e-02
2.353048258164118500e-03
1.963272021534723591e-02
8.447632251479497700e-02
3.070562380288667514e-02
2.444680590464822639e-02
5.132675530389269741e-02
4.489038108574754105e-03
2.387766315700817418e-03
1.536936720443757287e-02
3.009059548221736796e-02
5.639706503241116720e-03
2.406399782098746915e-02
4.092030958552499154e-02
2.124345905870029388e-02
1.813540034656644859e-02
4.357177568906139831e-02
4.650278882352218424e-02
7.222104387426679650e-02
4.791821759016271637e-03
4.813878651944662052e-03
1.077122846412840009e-04
7.262998283678292338e-03
9.105613956259979436e-04
1.650115243923546554e-02
2.179053136285513323e-02
8.754438828535943129e-02
7.883928865291507659e-02
3.040167647048922644e-02
4.254323935090909177e-03
3.232590738760393601e-03
2.441681162566424965e-03
2.159330942765139844e-02
1.198283346056369658e-02
1.080990708703765714e-02
7.684621780771362654e-02
3.825816076644800168e-02
8.169111914138226654e-03
2.886613621564459997e-02
1.271251228190735209e-02
1.255141520690994730e-02
3.372964066753747492e-02
3.467441589926192197e-02
6.189484500851138646e-03
2.410242749756992542e-02
2.998726022111964512e-02
3.060155621744832521e-02
2.475521181322860864e-03
8.466117018225319257e-03
4.565739139293104043e-02
1.118956292971254318e-01
4.901301019365344666e-03
4.860599448679855245e-02
4.603254207007054927e-03
1.027400939622516787e-02
2.351505889332972110e-03
7.784311568599737961e-03
9.924279391714627141e-03
2.693637515270999594e-02
6.571979858411138020e-02
6.670495813193115520e-02
1.296666783786543098e-02
2.819352343357825474e-03
3.992149384510047111e-02
2.129939258609797256e-02
1.511212474434943040e-02
1.569421204955529295e-02
2.819701488941006584e-02
5.723805088806410007e-02
1.119315405932130338e-02
4.349534679077304324e-03
8.933176403348314087e-03
3.657709312621554819e-03
1.197572815460603290e-01
5.660955602164795090e-03
4.320377172044784220e-02
8.873796513762183605e-03
2.186646011031079945e-02
1.882856908434149545e-02
3.533135405785225308e-02
2.826969978923001003e-02
4.163574861729089915e-02
5.626019124972755914e-02
8.922009172635608776e-03
1.001594777313023626e-01
3.209573694022157739e-03
2.338116730289861375e-02
1.500737791179442351e-02
4.896305313816936081e-03
1.355424906673017953e-02
6.144454105651266096e-03
5.042010480516342236e-02
3.060917479358099894e-02
6.168165512450078658e-03
3.165048267298276041e-02
9.177249330899993340e-03
4.657326276574955820e-02
2.203002114925615984e-02
4.383554171609553400e-03
2.995056792457708589e-02
1.713856321303358979e-02
4.698928653084908508e-02
1.656118529683923285e-02
9.711666747789879373e-03
5.861828842516209059e-05
5.617972878126382269e-02
5.973565819396725943e-03
7.162985581271467950e-02
1.504128227240243178e-02
7.113392135436923114e-02
9.697645903637244422e-03
4.625989107199607320e-02
3.324202502324467845e-02
2.388408309385041395e-02
9.310725801643994493e-02
3.774275575638851368e-03
4.351786919031713774e-02
2.074261973226474917e-02
3.419899773732065773e-02
1.740443116312509475e-02
4.612369460881384983e-03
1.329057803593782817e-02
2.519393151971644276e-02
7.369483252282654773e-02
1.839799872935971720e-02
2.193640433546014887e-02
4.502856681566767827e-03
3.160451903583794131e-02
1.729877713384818123e-03
3.396257669728905415e-02
3.974987113458117172e-03
3.560646862975844207e-02
2.148393330756965397e-03
3.346886558134611750e-02
3.538085505096137673e-02
1.949245179383429089e-02
1.427116147864307578e-03
3.207601419553882810e-02
3.767995864233351228e-03
3.183515913512004192e-02
6.613308895803765575e-02
5.790835168227465024e-02
1.207380481487675163e-02
2.994931788419798180e-02
1.433123046082545454e-02
4.016606984758639906e-03
6.020232871891804949e-02
5.335538108768209803e-02
1.112166437390704060e-02
3.674119437282923062e-02
2.975865434142719798e-02
3.341723654676961169e-02
2.501317201106564858e-03
1.094279407489641941e-02
4.045710978335359531e-02
6.263556191045054067e-02
1.742913900102860056e-02
5.048836842208632297e-02
3.347805856906811706e-03
4.436057949165106429e-02
3.744558113696480617e-02
2.285906747386007992e-02
1.414314524535060895e-02
1.894394798836396970e-02
3.651395864900636862e-02
2.264407912845704807e-04
8.670397371038641998e-02
6.481544227620145496e-03
3.914138877343098510e-04
1.289251365595953797e-02
5.025818963032571696e-03
1.504504280331464203e-02
1.030406488567653517e-01
3.268934396055275804e-02
7.200448131364141705e-03
2.931680200381038201e-02
2.573365096589274106e-03
3.855168115182623645e-02
3.023886153557960726e-02
8.288339307513319099e-02
2.648053003498323718e-02
3.405725188960772448e-02
1.620458846708973735e-02
3.170464688843034270e-03
4.038210361514572161e-04
3.301175679502399429e-02
3.041409143677448190e-02
9.131228236354638206e-02
9.113190048619438516e-03
5.197752109523129382e-02
8.495197298265519392e-03
3.322952707351072010e-02
2.945434298791573327e-02
6.086474883799368896e-04
1.329189540988366669e-02
2.766751772867547671e-02
3.172990382698537282e-02
5.518385263372210109e-04
1.219963447085289400e-02
1.011569112333672235e-03
5.378240208366816266e-03
1.967898037535259839e-02
2.247400647934615775e-04
2.448565264606920346e-03
7.040343258244635694e-02
9.567870947320332442e-03
1.666716372456061857e-02
1.879188787947076375e-02
1.510698268200944862e-02
7.572282172365635278e-03
3.639178910600722461e-02
1.548496771604109257e-01
5.288467609324498664e-02
2.754481314037581993e-03
3.263956476836402110e-02
5.648058327011591488e-03
2.250179523383129265e-02
4.040119329256775665e-02
1.792599901308327554e-02
1.242209627570529940e-02
4.366699917389461200e-03
1.526339286417718009e-02
1.067713284197198062e-02
2.610151263865235008e-02
1.259190879754576789e-02
8.634899405436541678e-03
1.402470726281997669e-02
1.337921330295244009e-02
3.436782123577007686e-02
5.386940783335570672e-03
2.630418778918691344e-02
8.206442235771753673e-04
4.004226143792231213e-03
4.002385462616199485e-02
2.069865748489828350e-02
2.677394236009996917e-02
3.550841566612158995e-02
2.175356765443912238e-02
1.111543367585453301e-02
2.191798231651630874e-02
1.819527032585502649e-02
8.498236418627912875e-03
2.478775331490960798e-02
3.760622097820650461e-02
1.645553562347032081e-02
4.964281879526481062e-02
1.006580244879544811e-01
3.750382595868598234e-02
7.519098028972959202e-02
1.751781237557360066e-02
1.246700921599790297e-03
4.134992092286322862e-02
5.076483918091349856e-02
3.681802969010241483e-03
1.013405551104381436e-02
8.099187363047835597e-02
3.439377219487883830e-02
2.073802267690760814e-02
2.395757538690503063e-02
1.609595792914529297e-02
1.576469294779741029e-02
3.642067275776358914e-02
3.476852691118879901e-03
2.572810109717185018e-03
3.037142746277859962e-02
2.565395066024982532e-02
2.397731609868291799e-02
9.476815896168527820e-03
4.056077626020685584e-02
2.373792619815208449e-02
1.172163027567932336e-02
3.865812741613773584e-02
1.746587984436548738e-02
9.487179691289579497e-03
1.217392491506134010e-02
7.852697062405590567e-02
5.098767712150267112e-02
2.157258969371207355e-02
5.731484355324140134e-02
3.876019254723785112e-02
1.500155917603364919e-01
3.159469902243955408e-02
1.979422969436824345e-02
9.568820232361038847e-03
6.243450525802031470e-03
2.002136087769606360e-02
3.524821695770369995e-02
4.728324489105559247e-02
1.842096886310707823e-02
5.058662891626337227e-02
1.297962031432596530e-02
5.020656580562395110e-03
2.640995298211400513e-02
6.786201788656254230e-02
4.380096270629451130e-03
3.326011083355018966e-02
9.589551895817841065e-02
2.182832481764715102e-02
1.559336400703314682e-02
5.154485872126829404e-05
3.794384605258088045e-02
1.913853772727798497e-03
3.582008269019158753e-03
1.200366515300693021e-02
3.279002369539076034e-02
2.985148136659038220e-03
4.446169437074821984e-02
6.361820166601887816e-02
1.874595533695557273e-02
2.829444889209130343e-02
2.039585170690124891e-02
4.866824812576799747e-02
3.646355788178518020e-02
4.089971375310185592e-02
2.045884288254870564e-02
3.215575486521357607e-02
3.657232232804884589e-03
4.468736859999293543e-02
3.245003806191931045e-02
2.578186482558971621e-02
3.383215161293559592e-02
2.066292086576618225e-02
1.870767656900821502e-02
1.550365394992457568e-02
4.069765267728689406e-03
4.939946236850875638e-02
1.201030627074765704e-02
5.250384366676132120e-02
7.474222080514311695e-02
3.698375770930280304e-02
7.305483628646596353e-03
3.113282224743718629e-03
3.961319492121549019e-02
3.790072270857799963e-03
4.036955281621974756e-02
1.237799432562769822e-02
9.127642328592278087e-02
9.739568614567195408e-04
3.992087463848499607e-02
5.377601066337475699e-02
1.267771441739435068e-01
1.262366319795429036e-02
2.058024585140075247e-02
5.075190285939103901e-02
3.952166216581808056e-02
5.297911924739116818e-02
8.412935176985300578e-02
1.787398422772465759e-02
5.213406581755227615e-03
3.121028575089320953e-02
1.417152615784783229e-02
5.225013431957824250e-04
7.124952240123452740e-02
2.139619159836197992e-02
1.775731903362049932e-02
1.080073138735181820e-02
3.630821022619398070e-02
5.416139464981598040e-02
8.817831528775809530e-03
8.765965693690257188e-02
8.247305907678934012e-02
3.262392105756004024e-03
3.412404163425843823e-02
3.383034220261241232e-02
3.800277717894971763e-02
1.963215193944392589e-03
5.363825859474152108e-02
2.000291305970392647e-02
1.791865520438027520e-02
1.471930954177955164e-04
5.752619439199490453e-02
3.082940625097876225e-02
8.160716218691460577e-02
3.328119299740769227e-02
2.898473329134245574e-02
7.528778649924766642e-02
7.528305807756498214e-02
9.329314272804316299e-02
7.321805306492562559e-02
1.087154849227062181e-02
2.840661168889541122e-02
6.167919450792987146e-03
5.243734762085060751e-03
4.487936298749210101e-02
4.860090015059551072e-02
2.217623473492409680e-02
5.345841625534562130e-02
1.738710297757814494e-02
2.827880648529238275e-02
7.299098702789899584e-03
3.623689753688326409e-03
3.894484529321221022e-02
2.682536206806129461e-02
1.977864586922528645e-02
1.375489463203623253e-02
5.640778533887269575e-02
2.712669395497358665e-02
1.090449410081681565e-02
5.165480301905843452e-02
5.219738178095051362e-02
2.861582106863431833e-03
1.816012925744665829e-02
3.263552101951251727e-02
1.247650030431034923e-02
2.959559379080721822e-02
2.072520736080954787e-02
2.035531143932016798e-02
1.073640870767591030e-02
6.782424366250783265e-02
1.587657947326136521e-01
4.650390082066364894e-03
3.607009557706851444e-02
8.279864854022135623e-02
1.372727405539494148e-02
1.785558528282274460e-02
2.172445830383109774e-03
4.922470674590551792e-02
1.395855445563474323e-02
5.840094439398887949e-02
2.127603999241010901e-02
3.327415970919528343e-02
3.998241533589665109e-02
3.013224767218283806e-04
1.529186198441963990e-02
5.387521259218370356e-02
2.285940968985882352e-02
8.156876453941738769e-03
1.554337181709929822e-02
4.562578283724737227e-02
7.535462546773147308e-04
4.814545466989218758e-02
2.941728212104059367e-02
2.308527571545784807e-02
1.095313579350919858e-02
6.952756066659883383e-03
1.436629097849782821e-02
1.022014649946660914e-01
4.947773131902707955e-02
2.953147143513460554e-02
2.122435607291393855e-02
6.315542093457168771e-02
4.702468757956679291e-02
1.283107610117766029e-02
4.894538107337186722e-02
1.063267549605317972e-03
6.270175265527267935e-03
1.574550819456438377e-02
1.342564695024855894e-03
6.224968378771988942e-02
1.877850880634129513e-02
1.326641618737499362e-02
2.635509232915884265e-02
8.843358577550131105e-02
4.078725966045836787e-02
2.971895158678117960e-02
9.170351565450592796e-03
2.089247647518471807e-03
8.751258201265130904e-03
1.430226052533926755e-02
3.496321191362238706e-03
5.943575229545832589e-02
2.444890817223846491e-02
6.494039919941149708e-02
1.585183175671782754e-02
5.976139833733177392e-02
7.091303433069006193e-03
1.657351347218826224e-03
5.162778110139058796e-02
1.637160727467427135e-01
3.224565470405382772e-02
6.578065864466216273e-02
9.900001917678783944e-03
3.321225866360880130e-02
3.319011140823879824e-02
7.184900784864228437e-03
2.856349386034505444e-02
1.623528674924153842e-03
8.266968748105424369e-03
2.160426062940875441e-02
4.150396167708935921e-03
5.520551070392279436e-02
1.429278149127763409e-02
1.686767308758490430e-02
1.997266005660533125e-02
1.321926113562234828e-01
7.784105376495208117e-02
4.128475992283230783e-03
3.034439651465144216e-02
1.371861734973888955e-02
8.773066754380508953e-03
1.433811427603554067e-02
8.585669490268676984e-03
1.430764297994310992e-02
3.391468823677384892e-02
7.139457987857021105e-03
7.994155610096718989e-03
8.572648680350866690e-02
2.859905743793331873e-02
4.034626445063228123e-02
6.007089619364780475e-02
4.068273721725097075e-02
2.795767728216150272e-02
2.114730397021980825e-03
5.107607554385579229e-04
9.057824508417055762e-03
5.553144107922944328e-03
1.331034172165202270e-02
3.375200435016149220e-02
6.761587105736902026e-02
3.089722825050992411e-02
7.423173024473235515e-02
1.391307875006627011e-02
3.494996669693861691e-02
2.160862523880265756e-02
2.499303304972072537e-02
1.964305690737136803e-02
5.687507730899939162e-02
6.412783294355510477e-02
2.099594112190623571e-02
9.000940523570579929e-03
5.864903252797695754e-02
1.735349334461846332e-02
1.715563209911164649e-03
2.324987522309100718e-02
1.642777375759673156e-02
9.203344780002914449e-02
9.918637410507502236e-04
3.077075507101617591e-02
2.638558885051805677e-02
1.167250538278779941e-03
4.574753157794558822e-02
3.033065932947650103e-02
1.820998015365778849e-02
3.740178967126937815e-03
2.182521485938316262e-03
1.540427345295067307e-03
9.452412355055029095e-03
4.589108408198645794e-02
3.931548506737419374e-02
1.440342573778806423e-02
4.752140613748037645e-02
3.766730973962937462e-02
6.794318960584311284e-02
1.604132646232797610e-02
8.798035651032592996e-02
2.577202644323196151e-02
3.104500003258012231e-02
6.024858975839163938e-03
5.557943017830118543e-02
3.371475443597204275e-02
1.922197425033695534e-02
6.501232429520342054e-03
1.824512351920660330e-02
6.249503952388338335e-03
1.735494418976933628e-03
7.940282940144502422e-02
6.253423211022032802e-02
6.816737262469091396e-02
3.988251849880333072e-02
9.676483371596562161e-03
2.683467173235255451e-02
6.128521904535402798e-02
4.246122692449262603e-02
1.265271715038255099e-02
1.379959091100181091e-02
2.650461781416353982e-02
6.530141815075231858e-03
7.665837467418870968e-03
3.400731510023248527e-02
6.782098656920380886e-02
3.690255502796448844e-02
7.659919572081466677e-05
7.549038744005376333e-02
6.863272742788381620e-02
1.725053730238261529e-02
4.862951748148714587e-02
1.094590130066702693e-01
5.415283879582993842e-02
5.777857994325282659e-03
7.452207679636009552e-03
4.823298619255669134e-02
1.871812051346288461e-02
1.098748242252021827e-02
4.476811762056469302e-02
1.718662744733232255e-03
5.654314781304263515e-02
1.695949846104398417e-02
6.407684870092331814e-04
5.461626928781139478e-03
6.620078573982356163e-03
1.754974722211392196e-02
1.036902674916307526e-02
3.484596285504223956e-03
2.024718501697762574e-01
5.221685302021819575e-02
2.077463938604755950e-02
5.217404289349707874e-02
1.605801434237730599e-02
6.938244983273803013e-02
4.669450250278546488e-03
4.583206497530844040e-03
3.895278788302339312e-02
9.517901888606274119e-03
9.223984065455189188e-03
7.673839399780155168e-02
3.488540663914602158e-03
1.601418410661839542e-02
5.724663541503593328e-03
1.153608565178500522e-01
4.690434220002354278e-03
3.039111346970356509e-02
4.217016378247034208e-02
7.498610609002905047e-02
3.188307862013373042e-03
3.637514423414277276e-02
1.367072255391660503e-03
9.244658219427111245e-02
6.107816011223602196e-03
2.160290937102397543e-02
1.540002745920071754e-03
5.605899294773522556e-02
5.610525542525244234e-03
3.806807835227334937e-03
5.367390499838808893e-02
1.680919057447497270e-02
1.694132700298698058e-01
4.986780304122247036e-03
4.319836801966459722e-02
1.228071861254055874e-01
1.094016217117547464e-02
5.523823317613523604e-02
1.006108923637803465e-01
3.491299332878698355e-03
5.010778502820001368e-04
1.545967226195114549e-02
2.361747354825668999e-02
4.215845474277364613e-02
4.040903624706954078e-02
2.990916332698186856e-03
3.549686611473935188e-02
3.739806534922313075e-02
1.193870228702733835e-02
2.177759499054810616e-02
1.160811030113254039e-02
1.428808972767307006e-01
7.810281681764322248e-02
8.368001643628206199e-05
1.730624371434477671e-02
1.820732207260183574e-02
1.334479264544070204e-02
7.699262527020937774e-02
5.073170119255035471e-02
4.170421500285376171e-02
4.833135554244137252e-03
1.203378244394113714e-02
6.370916758756718645e-02
8.645703400518983672e-04
4.928799806975289743e-02
1.135049663172001816e-02
8.534632731408278716e-02
3.175564398151934503e-02
2.149036325031467021e-02
8.645766384241118652e-02
4.756319243491170801e-02
3.738045560712796242e-03
2.162324520890790761e-03
5.027255558973361960e-03
2.362099571438215986e-02
2.471637874286268521e-02
2.823232007552597955e-02
1.299519299706508590e-02
4.805674189680224362e-02
2.106722426548684329e-02
2.124810881850169170e-02
3.224215000797869130e-02
3.641229313599742001e-02
1.376996404464327917e-01
7.569383173878084514e-02
3.654300926237148694e-03
2.219582341123245428e-03
2.227220749491467394e-03
1.005694502362227891e-02
5.564418118944959579e-03
2.747820758707995858e-02
4.355795312030005112e-03
9.955351988727902807e-03
3.458608190877524718e-02
1.395327205910248079e-02
1.825170728332337761e-02
2.852661250724108921e-02
7.693351009773244896e-03
1.009471699823154545e-01
1.978805888755699391e-02
3.433633353325198090e-02
1.375210262235910808e-01
4.136182651359500417e-02
2.566332085771915600e-02
2.521294440969296113e-04
1.488108441162997939e-02
3.852772612510993455e-02
2.904505972234087963e-02
5.224681329398785795e-02
1.905569941196395833e-02
2.417301808168897947e-02
8.835072133739894917e-02
2.672440288270898356e-02
9.006226694579423653e-02
2.508888026473988023e-02
4.654520739962805104e-02
1.408722470778763641e-02
1.009376384559244888e-02
5.716053213522930693e-04
9.508153093698908098e-03
6.774590471366002259e-04
5.658990041569743334e-03
6.625337877749170462e-03
2.723538625856928089e-03
2.146278790943270676e-02
1.093836557250938389e-02
1.277537654119959530e-02
2.643663162208544776e-02
2.722665050768903819e-02
1.746895379846646890e-02
2.074534488720639058e-02
3.363487915293903591e-02
3.370349781058978172e-02
4.590173785483901703e-02
8.468127338025216444e-02
3.999882681675628882e-03
1.125634620250867690e-02
1.292822729462801863e-02
4.232939701125788129e-02
2.258145264049805229e-02
2.762767872700153116e-02
1.824251941926815362e-02
3.073275465738730880e-02
1.618704417873245704e-02
1.395279644697389534e-02
5.882480710031647020e-02
4.226088608724436202e-02
4.840042377546402430e-02
8.313156549295486197e-03
2.294852386331031752e-02
8.198109319439216697e-03
4.255586955289179796e-02
1.261125941623783379e-02
2.367867222778798075e-02
3.372620274433590221e-03
9.523358369215660646e-03
7.085472579683380068e-04
1.970546812171398640e-02
1.042668517691602154e-02
2.719095956985453921e-03
2.029625521159896320e-02
1.428378483146128426e-02
1.183754039960805554e-02
6.327890905882192253e-03
2.543492773197247869e-02
8.870153209056423627e-02
3.743747215610799400e-02
2.425822443786409752e-02
7.202258314155270819e-03
9.119544467624998013e-03
6.636293861531757099e-03
2.575007422682839067e-02
7.715974668188287262e-03
2.632069895596659409e-02
5.646145531411855822e-02
3.451865446224106071e-02
3.860700652263335253e-04
3.647196043202063920e-02
1.951287355465885706e-02
5.984602613749179928e-02
2.240255187284422717e-02
6.207464925947196038e-02
2.496660904569211747e-02
8.423941859561527579e-02
4.127048986095768757e-03
2.638783113498388219e-02
9.607519134148999329e-03
3.182337425830599614e-02
5.275661625640479593e-03
2.608539565517498278e-03
1.528077550090389813e-02
2.542492987372573822e-03
2.177643248372172075e-02
5.783369666479465376e-03
1.017155987796577316e-02
1.945116649248789659e-02
5.560041847918995722e-02
1.932620036148065615e-02
3.564766519063900657e-02
1.384714563047146837e-02
2.291523368735237653e-02
2.481014457138971258e-02
7.064254144154032307e-03
2.509623455289355237e-02
2.044114527384196731e-03
2.062172312297621060e-02
4.125617686353524188e-02
9.941358460874089725e-03
1.161644637943471010e-02
2.101075269618358013e-03
5.381404327400284709e-02
7.348023477557458216e-02
3.371314011291202950e-02
4.377768567180116005e-03
6.098859702767248092e-02
7.738227513971773774e-02
2.746916287137085664e-03
1.915558282432647599e-02
1.732970076503947965e-02
8.686152339984334891e-03
2.264473622484414542e-02
8.754504166013157840e-03
1.475883630842157387e-02
5.555336474394388484e-03
6.077890121960284608e-03
8.449688398827211178e-03
1.176620334329573497e-02
2.734205971645682718e-03
3.519646726184456897e-02
1.062422857025140943e-01
4.536916160405052301e-02
1.284519875540884350e-02
8.792835750471642009e-04
3.111802072343544320e-02
1.744482416234116595e-02
6.959879769770471736e-03
2.814545678381288538e-02
9.700188577120277128e-03
2.328185396783869973e-02
3.020496218493178356e-02
9.507399953552363517e-03
3.012781298137108543e-02
1.806064911836511092e-02
1.360050129407414654e-01
2.250530811899397951e-02
1.591307633313448350e-02
8.398105729094521021e-02
2.665066322079578942e-02
2.487551305839613355e-02
2.191892837091460877e-02
7.931495369200680656e-03
1.175772100674904799e-02
2.955382327628558459e-02
2.144093049656098024e-02
2.996834659158219977e-02
2.927572160681285451e-02
5.050367080241515740e-03
1.331811441627593802e-02
1.743275399511009724e-02
8.874530239463770259e-03
6.014007829013962719e-02
1.274702268530909441e-02
4.529155009193399500e-03
2.507392719385425489e-02
3.077444070723076366e-02
2.284232120857081910e-02
2.179765205537892436e-03
1.153030787458940790e-02
3.574987987399430578e-02
3.849777104245587223e-02
1.666244150934529517e-02
6.297629838682310133e-03
3.706018255012620555e-02
1.263038964485757032e-01
4.041155681060373817e-02
2.485053646015538686e-01
3.216054697189309891e-02
5.852435275642289825e-02
9.798703843882501652e-02
3.304682703924377574e-02
3.808790981702177281e-03
3.857620337105464869e-02
1.020217154658053377e-02
1.332100124701450332e-02
2.553031740542699435e-02
7.264263286671460845e-03
6.976207040512635849e-02
4.081697690661571093e-02
9.140229092940155287e-03
4.371096948109023245e-02
2.336147187139668568e-04
9.202177190561509901e-03
1.265091008390717697e-01
5.287227817190521227e-03
4.560992929633923137e-02
1.127073132456819261e-02
7.276993038338525066e-02
3.272530090559221116e-02
6.450230152337697864e-02
6.151997936456229596e-03
1.128847388213455316e-02
2.481646613494115430e-03
2.324029311441234806e-03
7.403641269137792649e-04
1.860904236978502824e-03
5.432492142552558523e-02
4.065303253570184960e-03
6.172924786783175188e-02
4.380730949877104097e-02
8.285286046989730202e-02
1.350239750166643549e-01
2.145492039581234009e-02
3.355458489592749553e-03
1.758269326711092012e-02
1.622181280712906709e-02
2.833702845997162698e-02
8.054343925870144361e-02
1.376608872126398875e-02
1.643381465150562382e-01
4.439736116187141188e-03
1.766198365661827627e-02
5.717072132138618923e-02
1.050434129138098915e-03
5.855504433073024581e-03
7.663370258364643473e-02
9.255785679669974175e-02
1.980894533786052569e-02
1.881181683715892755e-02
6.765953185263469394e-02
1.140867190943962647e-02
3.045795887834275989e-02
1.560126687655737782e-02
3.474450959896249747e-03
2.365021748871940638e-02
1.428984996706917157e-02
8.956149405241222577e-03
5.342663389369372781e-03
1.778552614301408610e-02
1.077112500989731159e-02
6.099258632999945973e-02
4.951149948283489061e-02
7.939016198889874143e-02
8.719174554377978614e-02
8.989351608113591019e-02
6.389620660901096372e-02
4.505983465396612431e-02
2.023363683276316327e-02
3.423618377878028668e-02
1.923848719306706090e-02
2.200655261834660176e-02
1.028002344638723475e-01
3.384883243156489030e-02
6.445554558001682921e-02
7.950538392174975877e-02
7.531266025426773536e-03
2.373930204226354368e-03
7.571607025176424477e-02
3.440174898585000168e-02
1.541014263225570953e-02
2.267503733414805156e-04
1.768116630652373164e-02
3.319260048071442232e-02
2.000463888989614109e-02
5.615540457753417924e-02
2.593933868470853915e-03
6.113948109052487478e-02
2.863057699184622107e-03
1.365888745421466391e-02
5.117710415903437005e-02
1.613194325787376329e-02
4.540948388278303466e-02
4.767691191587235255e-02
1.846106824864461871e-01
1.844442853138066052e-02
6.426854644505550218e-02
7.633651713983746756e-02
4.147680100760436916e-02
1.351048101426771120e-01
1.088898020481529616e-02
1.125202020150523410e-02
6.158767907225040639e-03
3.141770763504594943e-04
8.297855928079786447e-02
4.858802130747035333e-03
1.142929507343913437e-01
4.653902709719034275e-02
2.675624415992175834e-02
9.201892227289565351e-03
2.343720221256469227e-02
5.156149136191437443e-02
3.701653296525771186e-02
1.331010207938432797e-02
3.021406368607090082e-02
7.166485449184611944e-02
3.129792888784055371e-02
1.466508435317263881e-01
2.201620813184781283e-02
2.651324482274423563e-02
4.008142501088392262e-02
1.517583448286252690e-02
3.522757882678995145e-02
3.104348093120297414e-02
1.452685914763291765e-02
2.675722432253234764e-02
9.854949398080603551e-02
2.109974893920944089e-02
8.059568535370631448e-02
4.384330506252799575e-02
4.262912620260321528e-02
2.869798829033458343e-02
1.559235290382619474e-02
4.015761858188264012e-03
3.601262879730712796e-03
1.341813207680293309e-02
8.917333037697844356e-02
1.035883546301696878e-02
4.102185640284335827e-02
1.921441272631477584e-02
8.668524022870310874e-02
2.421525625274025331e-02
3.513164587593257948e-03
2.391777254718873216e-02
4.375806776896321026e-02
1.752426057335191786e-02
1.633446391044720766e-02
1.880410487262070343e-02
5.900908431216451977e-02
8.494741022066588931e-02
4.627350940453071881e-03
8.544789306378822169e-03
5.086481073670590103e-02
4.961498248601309974e-02
4.608279706834436662e-02
2.725839516729865186e-02
6.601964005389340112e-03
5.341061236738476464e-02
1.574499787144667540e-02
2.154218454752231809e-02
3.995610324629941812e-02
9.115589791266859310e-02
2.093399346390780597e-02
1.711039199310801853e-02
2.481268346900546151e-02
1.874237967633484922e-02
1.921678224924310702e-02
2.028831807287763411e-02
6.799852500843173164e-02
1.739686321769583904e-03
9.709843071366575096e-04
2.990547322485971951e-02
8.981769761381733219e-02
6.172912928208445886e-03
3.022184827764286263e-02
2.124958889177748934e-03
6.089221511154060268e-02
7.212851129413944129e-03
2.539913779617337941e-02
1.066409091901703021e-02
6.223158858422696976e-03
5.494602834112145145e-02
6.084481437523686642e-03
1.143047498413805353e-02
6.937734302861034430e-02
1.911332626138972923e-02
4.786725142217576612e-03
2.422915995067834172e-02
2.689462236867382755e-02
3.263527747499082171e-02
5.144116408664188220e-03
2.119520086448481791e-02
2.705025739486837874e-02
9.402742453990721450e-02
1.459619374084161411e-02
2.739641149651159124e-02
2.837684343485792973e-02
3.407648803829151779e-02
1.564087231707595935e-02
2.189189430691199090e-03
1.156004628476768187e-01
5.713250875844401791e-03
1.887592586722761784e-02
4.677927587250541724e-02
1.007689536408957892e-01
2.122207302552959335e-03
5.209118222536147924e-03
1.244955990304514627e-02
8.491087035725450316e-02
9.654796067009717431e-03
1.871712584909773075e-02
8.862037629555948731e-03
6.772589044916985795e-03
1.446521218831510469e-01
1.667676247489899635e-02
5.167424757474163577e-03
1.212602376642776467e-02
1.434416069336162392e-01
2.204959174290126514e-02
2.883740145458177362e-02
3.717007689772452300e-02
2.588788055870753710e-02
1.551786702833489115e-02
4.564138287469274649e-03
1.378077727707507222e-02
9.725494633527381055e-03
1.866049559688623405e-03
2.001211912423197029e-02
8.386010926309792057e-03
4.981826663314531389e-02
6.237639953039376267e-04
1.388976135837422486e-02
8.254395024471816722e-02
1.001238867803299270e-03
4.926165059019800042e-03
1.664178112574064838e-02
8.990635765863433382e-02
9.360585886587682869e-03
1.385629227503306152e-02
8.112602348175554368e-05
8.052164467666411696e-02
4.527366968004664649e-02
5.546583935229165707e-02
2.974119206221239459e-02
9.238410303455787953e-02
1.291034283125970794e-01
1.526102480087422608e-03
5.387705219579368154e-02
5.152504525382533423e-02
1.524794581028865274e-02
6.067989071345925023e-03
3.533293904071021455e-04
4.152130832861540555e-02
2.558153926810791123e-02
2.515367731118266226e-02
2.732030447810436524e-02
1.187479861732905484e-03
5.216209645775520681e-02
5.972886079637688972e-03
3.622339983440797662e-02
4.093359324049095083e-02
9.924966397047912253e-03
4.421367538514691872e-03
1.240491004441224288e-02
3.019971733917564335e-02
5.376611998189744293e-03
4.426615618299267751e-04
3.960998140872542400e-02
1.020240192683399688e-01
6.133332208823306757e-03
3.267822159590420827e-02
8.958514411538399599e-03
4.760857245923685865e-02
5.670067412619786418e-02
8.644874454988285550e-02
1.758559298716978747e-02
6.062535253071928837e-02
2.243305212314812835e-01
3.210535761332107552e-02
6.631229470188317043e-02
1.038350741540065569e-01
1.380302593886358238e-02
1.508996950800887971e-03
1.069988285508796481e-02
6.345132517824017548e-02
4.946637749698125017e-03
1.973144287177458489e-03
4.772400130655681666e-02
2.195253902167272619e-02
1.046311356351662114e-01
4.434535233589471936e-02
3.178970779695471788e-02
1.395548714062525009e-01
1.853516036600401026e-02
1.153267492833260077e-01
3.381692447867831741e-02
2.021197932034771161e-02
3.669078630893564397e-02
1.362996857229533537e-02
6.870063459649493331e-02
5.064075063805455884e-02
1.172456833517605303e-02
1.881350014296785667e-02
1.851473124588471492e-02
2.362550188192253514e-02
3.141539503541582179e-03
8.380502939802564333e-02
4.332914582600808084e-02
1.142076863598801006e-01
1.379299739982482453e-01
4.057967742384066545e-03
4.185505385374709009e-02
2.870432494966418738e-02
3.809577742932181849e-02
9.476318042132418282e-03
1.375800158029114257e-03
4.837842123645669234e-02
4.003346577346615642e-02
1.689275589797970545e-01
5.446685748000425209e-02
1.829124853026438749e-02
1.055661164337098751e-01
4.790872730575213706e-02
2.198397612493074166e-02
1.559371421626443432e-01
2.352355475934583828e-03
4.734243161194338911e-02
6.054910701695295772e-03
1.993049278174156488e-02
1.015609835877263889e-01
1.083697647907932299e-02
3.308386083561057345e-02
5.411241013483000795e-02
2.825195763586879280e-02
2.322491278715819313e-02
5.553582798640008256e-02
3.936809795122803157e-02
3.415190769395631126e-02
3.176807364489314667e-02
2.872058524551290154e-02
5.724808088410872353e-02
6.495066040770597349e-02
1.344539419137296202e-02
3.884884546287481477e-02
3.138861193280702983e-02
3.524931101216523255e-03
1.176633969562930308e-02
5.750404348211986781e-03
1.309429655339613280e-02
2.437235152996540533e-02
4.193341316930759843e-02
1.559563772637244730e-02
3.781743621747721273e-02
9.377827756383072533e-03
1.595815644797037719e-02
3.122445062442233410e-04
4.803078445632131405e-02
5.168886195846784243e-03
4.044577958611675350e-02
8.969158968273535648e-03
1.307270358256154216e-02
1.026868787779892794e-01
1.312597654216156318e-02
1.754078546536438216e-02
3.434658279401310577e-02
7.455164641216321941e-02
3.996448707286770485e-02
4.796272164267134652e-02
5.496527882291400019e-02
4.338222027406520714e-02
4.978610246004722129e-02
2.843572260653064177e-03
5.268514286158450938e-02
8.857804579849179460e-03
4.789722046654916465e-02
4.924722454397248428e-05
4.086344815930401803e-02
2.356550081612777264e-02
1.237127353708112470e-02
4.909755753627564022e-03
2.078824297261996912e-02
5.955192697830562210e-03
9.902859157561930137e-02
3.133492225157672589e-02
9.041556691186461436e-04
4.911002930784619247e-02
4.452770613664862320e-02
2.180145573482120819e-02
5.611702188287149423e-02
5.578721486737117652e-03
1.649167267494690836e-01
1.522634195479894564e-02
7.432524038154247371e-03
6.983697707345258576e-02
3.844018397140518128e-02
1.203983786673596887e-02
8.877828449695315816e-02
5.350137188625413848e-02
1.845219154409933476e-02
9.807443215683747662e-03
8.763060334099577464e-03
6.932148249680426810e-02
9.077355073903614624e-03
2.554789474045859876e-03
1.428320529772330455e-02
8.547415644491787243e-03
2.401676878970772713e-02
5.690945744322958508e-03
1.006578017610588044e-01
1.333594212914552060e-02
5.843929448275034591e-03
2.738536938820645972e-03
4.055380200372711574e-02
3.819784640656103368e-03
2.504614949548447655e-02
3.567098132904509417e-02
5.149148511994504178e-03
2.841724339167261276e-02
4.768118895914671279e-02
2.437256793147190084e-02
9.192973846955411477e-02
1.271135154072499177e-02
8.525729968851497587e-02
2.849642564540564096e-02
2.263019883109462782e-02
5.988663684317821478e-02
7.559202726724705002e-02
1.604640998807008081e-03
1.586530402065362833e-02
3.072103832616931290e-02
4.416443671118931713e-02
2.299628267720493086e-02
1.287611038885656638e-02
1.043672029839867732e-01
1.100130051975853514e-02
1.252383208514322444e-02
2.247022031293961775e-02
3.776029171913984628e-02
1.886451773858862160e-02
2.028359179100448079e-02
7.354492317766690712e-02
1.224371237226749148e-02
2.190650610436788506e-03
3.736732335132142077e-03
6.928889063170951684e-03
4.577814729627443374e-02
8.814089363246645215e-02
1.308292161034298705e-03
7.076112633770626978e-04
9.674621035419748299e-03
2.261976257833944390e-02
2.733824131365729382e-02
1.089443028455731322e-01
8.485548915847837548e-03
2.862744292481168851e-02
1.399262585552814991e-02
1.126547080588485850e-03
2.906997682999444554e-02
4.928666209907852508e-02
1.550507203089980524e-02
5.795561456288833395e-03
2.349435820509790038e-02
2.703561757657359926e-02
3.121998463416493508e-03
1.909331495722991004e-02
6.701785973961953136e-02
2.009138626087404039e-02
1.618304020675224650e-02
6.044387140857097884e-02
6.931515319503073203e-02
3.674647909718867927e-02
3.305675987696839180e-02
2.647220441469149907e-02
1.401138850785492440e-02
1.132648740036639942e-02
2.107765766273634114e-03
2.584653354412192600e-02
7.320389280974393120e-02
1.329725104315863382e-01
2.178888659793574295e-02
1.140183440758774785e-01
1.114152986659033492e-02
5.378449424653666822e-03
3.469353739210537246e-02
6.739453795346672660e-02
3.432904166344660779e-03
2.013080494961499989e-02
5.606550535570486472e-03
1.064203034435402123e-03
4.482634632303069550e-02
4.885787157928865587e-02
7.195402055002930730e-02
3.224435428078785415e-02
2.223903187529953362e-02
1.055573235209492783e-02
1.357679914465782095e-02
1.879708597772281053e-02
1.463093977909926853e-02
5.590528322681170836e-03
4.015664156339726620e-02
2.514683545573390480e-02
3.908391573370161021e-02
5.700610776197049395e-03
3.023984372604008458e-02
3.116257115233783334e-02
2.831160754974985927e-02
9.899526288190123313e-03
5.306649300497137678e-03
4.577225428173499130e-03
5.777642749941586109e-02
7.918285660826568373e-02
2.601563242441128770e-02
5.099160139600097952e-02
7.250968963946641255e-03
1.622197640328142641e-03
1.492860429761419007e-02
1.487705485885661150e-01
3.468974537136212954e-02
3.495023392553630454e-02
1.647775292079101811e-02
7.966018394592759566e-03
5.628623492618841512e-02
1.058851481769276445e-02
8.999421309589432372e-02
5.939992290129818275e-02
2.398543411833725658e-02
1.690579583806326239e-02
2.450105120404779888e-02
1.537929708457766789e-03
7.076422383456916140e-03
1.708302039883540131e-03
2.275115731460032598e-02
2.649320350233385496e-02
5.074357933061685727e-02
4.111145203623646494e-02
1.332820180028656404e-02
8.916284953656321288e-02
3.235104180558946198e-03
1.093369934119516051e-02
6.624001455763674218e-03
2.589409914420402400e-02
3.264470489817584281e-02
3.814396415097413839e-02
5.316796326146203816e-02
7.120505021709522264e-02
5.561488912541476259e-03
1.577857108304960704e-02
2.301751722122775956e-03
5.401159586315603528e-02
2.549524602571017970e-02
8.164543292935577679e-02
7.164486692569566051e-02
5.860183777854875709e-02
4.223864419063477760e-02
2.943823989770222999e-02
7.086689579329147337e-02
5.332701010164460353e-02
8.830078413749177166e-03
8.129164802239147863e-03
8.987472505827176494e-02
4.974017103039005128e-04
9.935618547727228383e-03
1.065781524359442692e-02
8.646338142643707550e-03
5.877947435379393681e-03
4.288096264062915552e-02
8.735305987602455524e-02
4.376751916496750272e-02
5.525683823259355809e-02
1.737026798125528015e-02
1.205053929863459869e-02
2.026119032866326684e-03
5.596130799356521454e-03
1.004809275263875319e-02
5.286851440937396368e-03
9.703254910604471040e-02
4.539108550316164198e-02
6.552418136430669671e-04
5.151617443698248977e-03
1.719286553117720800e-02
2.208436371708862381e-02
5.756377419298447373e-02
9.781380188870342218e-05
1.047953168306334504e-01
3.027502956614201712e-02
1.520458041498797680e-02
1.949237052539055937e-02
5.866830250577637074e-02
1.876939887704790963e-02
7.792912334888019155e-03
2.271144125088426363e-02
7.320806549921862749e-02
6.606161173128635711e-05
4.297601198860308280e-03
3.497289677678273520e-03
3.842095698189374603e-03
1.177397301766350268e-02
7.643708693277906363e-02
5.971487725705033889e-02
8.278928021472131693e-02
1.839314503510649373e-02
2.719664260406755990e-02
2.748929052933973133e-02
9.035655304932513343e-02
1.804640836258313702e-02
3.681617590386963845e-02
7.878613849293072957e-03
1.624888090917391004e-01
1.020470853748781520e-01
1.210399112356552731e-02
2.248212253514210446e-02
1.528093906287027182e-02
3.321830761591085951e-02
2.903706572526018256e-02
1.526321307448806099e-02
5.085566405337667989e-02
7.278499205408142658e-03
2.623848296144319636e-02
1.799305994156818675e-03
8.172942236261934723e-02
4.247530880124320007e-03
2.034758605264319793e-03
1.991610394802452791e-02
1.023923208242902283e-01
4.535030093770587439e-02
1.904248464821220455e-03
6.443359976434440313e-03
2.478012449361782776e-02
4.402849873399668212e-02
1.832876067130613518e-02
1.129331359351873898e-01
1.998890558734649214e-02
7.650287587372949514e-05
2.916857709434064749e-02
9.219957190371989852e-03
2.834782498679502827e-02
6.383944438057436582e-03
3.847849090430847246e-02
1.412566925269892470e-02
1.388760789508673987e-01
1.631679555795568504e-01
3.609277397395018600e-02
5.193295322659781388e-03
1.659147056787205199e-02
1.019363582971482690e-01
2.174201149452735515e-02
5.840844700438052595e-03
2.566596670087815252e-02
1.516391254359271759e-02
1.612311080918197095e-02
4.117151414558841566e-03
1.196000868029557102e-01
3.016865524897312766e-03
1.299328603166567675e-02
1.563416749162300015e-02
8.420129216651442428e-02
9.782750886614628716e-02
1.098619126746260000e-02
8.766348826365315261e-02
1.746185856673695275e-02
1.304343292914180996e-01
5.781335716389973678e-03
1.076301416010186918e-01
2.519931183021438537e-02
2.965858682701229265e-02
2.289201290723901633e-02
3.439740690671053841e-02
3.183802774301468935e-02
4.217960355715189014e-02
8.736340098871811510e-02
3.441915644085078579e-02
7.904415251539015363e-02
1.052021453932097117e-01
1.467148960199751717e-02
8.331658596512952347e-03
6.544486148937551928e-03
8.772004553110434102e-03
4.251203273022453877e-03
3.823675028858705000e-02
2.315830996300057704e-02
8.526683031796288004e-03
2.596232092706173000e-02
5.059366565936530835e-02
4.284252754092972987e-02
4.539247499605283259e-02
1.917191756407408965e-02
2.310817258211980002e-02
3.015664771315851658e-02
4.617181579120169244e-02
1.431071332440543228e-02
4.771788974541170403e-02
1.420481379405069688e-02
3.320419937374050057e-02
4.351859182910741697e-02
4.688054641881245904e-02
5.195646378867088688e-03
2.574795051380632249e-02
1.773610865347651638e-02
8.603952863268926610e-05
1.287913269317403353e-02
2.955173659288974283e-02
2.372269951827071094e-02
3.407898837361565680e-02
8.520845029881481125e-02
4.993661327479041040e-02
2.214286859826742476e-02
1.719810581884304718e-02
5.023741683527010310e-02
2.480773586602942615e-02
1.509131165176938114e-02
1.451131342017275387e-02
3.187915947242739301e-02
7.444498638971210058e-03
1.960653468480694217e-02
8.544792777529372496e-02
2.064520463498750041e-02
1.111665851041729880e-01
2.549021188551107639e-02
5.446875511359822869e-03
4.898008738582899924e-02
6.555313824625320918e-02
1.892968687468731329e-03
2.038438608960474810e-02
6.070054756130238011e-02
2.294021167230383962e-02
3.128423469338768165e-02
1.631709923061519171e-02
8.861492079473546127e-03
6.441862494231636108e-03
2.145784577428964945e-02
1.142840078393963371e-02
7.164328648214576822e-03
7.698700309485397020e-02
3.653715637318399531e-03
1.794641370331456071e-02
1.617975860225979168e-01
1.011809400335171999e-01
5.617232339395059060e-02
3.813485818347398665e-03
1.590646435237271644e-02
2.245006464350890983e-03
7.175953718953714811e-03
2.212624754396379581e-02
3.865280982474827987e-02
5.523904979084168221e-02
4.368456306483074758e-02
5.358298359129257116e-02
2.779067593176999182e-02
2.693349566594312530e-02
6.045655756587607621e-02
3.860304642256180696e-03
2.032923193142653628e-02
9.410599126021365612e-03
1.742139653668389136e-03
1.993422523993603271e-02
6.017264670593087256e-02
2.514853102629178647e-02
1.237633762766582046e-01
1.398605793897568506e-02
2.599612494042539620e-02
3.027503678593131825e-02
2.499215688299965404e-02
1.564598905175608456e-02
2.319650554278084031e-02
4.546258808513213567e-02
7.409626514898218219e-02
2.871274787028532671e-04
3.589101450449418834e-02
5.045236010869656729e-02
5.695384994672317291e-02
2.335320891686956668e-02
2.088021964799285229e-02
5.833155084915189054e-03
3.302703418172453498e-02
4.127538187809120379e-02
3.650060845199425835e-02
3.936362045847287966e-02
7.154265657779976251e-02
3.755399436973632515e-02
2.295587974535682335e-02
2.412927335083745947e-02
1.101961269083026954e-02
2.222982061729154163e-02
3.460760273125477321e-03
5.811644060454132510e-03
6.675059678894401660e-02
2.680916682563225760e-03
5.356498270661326500e-02
8.140152190129390508e-02
4.245973532678130880e-02
2.513348780063073135e-02
2.583338237968750561e-02
5.031105299624999416e-02
5.874248075914904194e-02
4.899542873051450365e-02
1.168171939420988709e-02
4.773473770400654681e-02
7.252477934466364240e-02
1.826015432467181093e-02
4.874233361851379454e-02
3.939944469968058305e-02
3.931120033909372286e-02
8.290111771489055981e-03
9.600597386518635451e-03
3.162208645390268691e-02
1.652881228637707867e-03
2.761280613479542845e-03
2.143254396662929925e-02
1.456384347800654400e-02
1.992977881087315550e-02
1.145164199498089619e-01
5.999148363157150166e-02
4.352057446498750620e-02
7.759445346067797913e-03
8.672336976840229472e-03
1.796619994914847029e-02
1.708891750302542895e-02
9.724142610408764709e-02
4.579002221749931337e-03
6.560360869458034538e-02
4.688479256991266025e-02
6.189957176263838345e-02
1.426542647471545563e-02
1.497740436757359975e-02
7.304218653210936552e-02
2.446393231976726895e-02
4.761519945009379945e-02
9.739843684453840592e-03
1.392194941650933340e-02
3.741590139331109344e-02
1.231277574118211024e-02
1.733114263704435554e-02
6.633514692565477266e-03
8.200400387898272581e-02
4.230155635947059622e-02
5.255108842876952957e-02
2.322474641864748918e-02
9.955305858940343561e-04
6.264580578842283975e-02
1.680924684808574043e-02
1.527319930960611624e-02
3.634638482431720719e-02
5.858908436211851534e-02
2.059817615788118311e-02
3.380698931381564964e-02
2.897598206893685704e-03
2.637066145088037133e-02
4.006297458399494388e-03
1.112034016289679961e-02
1.367910246266978991e-01
4.489847032144601152e-02
2.830071786475983966e-02
4.217816524631504138e-02
2.325306627782312563e-01
1.865093937697135176e-03
7.430433032401730781e-03
3.551490762464357825e-02
1.525398514617418502e-02
1.795328341004207018e-02
1.622176650002656647e-03
2.823209282837572942e-03
4.744128586820976767e-02
2.931696925764094852e-02
8.853809816027830015e-02
1.153861603577489153e-02
3.827011900901058916e-02
4.369952815344943509e-02
2.565399971705647000e-02
2.541225270652865478e-02
5.157687534513580307e-02
7.189113068521685301e-03
2.848876672646543512e-02
4.092142130366836772e-02
2.055893533781849580e-02
1.359621025254623139e-03
4.843988956743663921e-03
6.872057272736079025e-02
5.502363121867641545e-03
7.793611008391737593e-03
2.443816360762209733e-03
7.503378334217457313e-03
2.705794905291876440e-02
1.349939652077324082e-02
4.547223746145874490e-02
3.975031975334705758e-02
1.164705482128318981e-01
1.532561889314284359e-02
2.006500789692981096e-02
1.592654421602699988e-01
4.011709143238825770e-03
2.058387449999057178e-03
1.760313734606139269e-02
1.036553391300392840e-01
5.722208119119510245e-02
6.568911057663447128e-02
7.612916724146523428e-02
2.588944511522500713e-04
7.962355073647844894e-02
5.798977967759433999e-02
3.289736991745539907e-02
3.510572441179872494e-02
8.068950496371019021e-02
6.331215650945869536e-03
3.549613623036886045e-03
1.734587287799271293e-01
5.535543676830417814e-02
3.745041151555589254e-02
4.500490969193139679e-02
1.687667818017117224e-02
1.035722292578191220e-02
1.255280192503708397e-03
3.922254311827053086e-02
1.693581632347923582e-03
2.295459617077789602e-03
4.463409283264645894e-03
4.310982304252963804e-02
6.514148789987458943e-02
1.623560921946898550e-01
5.361412173013193477e-03
1.915419164378866917e-02
3.943496180730891171e-02
8.443497396497700452e-03
1.693118101720174351e-03
4.938222238166366761e-03
1.441357914746915769e-01
5.499514200414111487e-02
6.426576251174985488e-02
7.985359654847755395e-02
2.475296303340961124e-02
7.747191716535674344e-02
6.854925433325338713e-03
1.984824363980924183e-02
6.209284202466484881e-02
4.505087902003111766e-02
1.134867480687697799e-02
7.986350195538287344e-02
1.006364261820532624e-01
3.536499511375475191e-02
4.749034202850102582e-02
7.567714012082629726e-03
3.342923895631080833e-03
2.473326657264285702e-02
9.120931320752367899e-03
2.342870146929663250e-02
1.314975220015392882e-02
1.446601285986977639e-02
4.507325453686551048e-02
2.174321933305098029e-03
4.897796269639712041e-02
8.912177374832314092e-02
4.781268516099231036e-03
3.044072722485001437e-02
1.495347859414659572e-02
4.078684105906887382e-03
2.691143133440460078e-02
2.785146942324676078e-02
7.462469638167094910e-02
8.074266942741829128e-03
1.139297463316819442e-01
6.893347292028857709e-02
3.564741154159030423e-02
7.803673977036515441e-02
1.597639099834483392e-02
5.979447915619987008e-02
6.240269311176480094e-02
1.630414576319388215e-02
2.896526996610397642e-02
7.499183403976576560e-03
1.042499888491179583e-01
3.106026231138159840e-03
5.985311239206342337e-03
1.296124551436274482e-02
1.119249423593550452e-02
5.222087081250556019e-03
1.373790014120610317e-02
8.219775637654833794e-03
1.387780675489409810e-02
1.232163355479247435e-02
3.070305697083345470e-02
1.850820339656934072e-02
9.753602022071110322e-02
1.366727812643519502e-01
1.068545099147575755e-01
7.087738039802068957e-02
9.120137619836835019e-03
3.256818873154205402e-02
3.186046950905658398e-02
8.659242809194306334e-02
1.709043481063481085e-02
1.785003213930031613e-02
4.835946803517337383e-02
1.068481981766198075e-01
1.541175838201143677e-01
9.195975799437464127e-02
2.754374109206866872e-02
8.347346617560680304e-02
8.777364472197815570e-02
3.019153800784882269e-02
2.033709399200479134e-02
1.401169675234115002e-02
2.515316411130912727e-02
4.873553092017092470e-02
4.264654626300971689e-03
1.177107643554641120e-01
4.553604071570965806e-02
4.504927065885595307e-03
5.031206126796140127e-02
3.115698037210774471e-03
2.927793997964077410e-03
7.075690097189786532e-03
1.552435541696790301e-02
2.051522721403601507e-02
1.196326426619300463e-02
7.077072727075109371e-02
3.918870480942367174e-02
3.744158684795920872e-02
8.239814112583877803e-03
2.973065134265787460e-02
1.066923106507817326e-03
1.502448726524517782e-02
1.223795686735309890e-01
1.208902976590774461e-02
6.649610477393633201e-02
3.208939886613157433e-02
2.189058016505783522e-02
4.683243533337056591e-02
5.217997946627387501e-02
5.891486111221704708e-02
3.207847331930605006e-02
7.235524964798858982e-03
4.906419974240160131e-02
1.553618078370973613e-02
2.443093494074875804e-02
1.342351038147247821e-03
1.459454151930484819e-02
1.114813213542651393e-01
1.880150652114409224e-02
2.983390867778107011e-03
5.274326937881254618e-02
9.111594359610203364e-03
8.001441397721738985e-03
1.078430537104075465e-02
3.702359617852999524e-02
7.599510424706678105e-03
1.641766946546474593e-02
3.202106660522962417e-02
5.528031726788083106e-02
6.155377105088272183e-02
1.581276067725446294e-03
5.409350643869877129e-02
3.682968384580842004e-03
4.444917752682181825e-03
8.887372138473163818e-02
2.338276133272252418e-03
6.108257557365474877e-02
6.550783861294328519e-03
6.083394888331225200e-03
3.015042382278548122e-02
4.575917614490923602e-02
7.582597506783284036e-02
2.984216118133074802e-02
3.697096545779834931e-03
3.884303501968815880e-02
1.863093521904876648e-03
7.584761900713146709e-02
3.146455890638019670e-02
1.781444486618798118e-02
8.883536972755627648e-02
3.065588084383258360e-03
3.606786375724987861e-03
8.405997437684059256e-03
2.928605785532243863e-02
3.460819907756938762e-02
1.573458976620558183e-02
5.944373241292899915e-03
4.148759260733429766e-02
1.377657327571346624e-02
1.305767128812021852e-02
8.912075738697035820e-04
3.144587777865498479e-02
2.463278607180065249e-02
3.043577038100875320e-02
5.652885157848841491e-04
1.977060938348467606e-04
1.006253642102089563e-02
1.170740214567510783e-02
4.417007441186983352e-02
3.965885781542159705e-03
1.827970404774761914e-02
1.466043168896362554e-02
5.543126469990443395e-02
6.901501108815989195e-03
3.228614830643677241e-02
1.357334390440942916e-02
1.402620346723019648e-02
8.449333626250643547e-02
7.221286284725071669e-02
1.656885633880515740e-02
1.955291898491934993e-04
1.720066231834618473e-02
2.365587087375123354e-02
1.381807869335719904e-02
1.773628394893112534e-03
8.264245787678781499e-03
3.648469374221778583e-02
2.175164878312763062e-03
1.670856005608248318e-02
2.285422906573763430e-02
6.162338997224002524e-02
3.961591312063885567e-02
8.974540580881887331e-03
8.096722082300565615e-02
2.497932027851258383e-02
7.789366980216609615e-02
2.126190692405597292e-03
1.754997788640254124e-03
5.151029844251248102e-02
1.346641528615327710e-02
2.140093924014579638e-02
4.194810019740519320e-03
3.225926371416999033e-02
5.032757154249471385e-03
5.258533780792534057e-02
1.009807858950685644e-02
8.059002982002407348e-03
2.575040349444626675e-02
2.087602695247703019e-02
3.022364768711426064e-02
1.532046034099999315e-03
3.505667075303921937e-02
1.105744809596104217e-03
3.840019199284213335e-03
1.664305595773084290e-02
1.098144361986228001e-02
5.981218139209347993e-03
3.080871545343396092e-03
4.397423525492447083e-02
5.219485603439152216e-03
1.073892132198922544e-02
6.155092920101551401e-03
3.627146058658177463e-02
7.502409492228040433e-02
9.034035908364433307e-03
1.549180657498879510e-01
1.460488666125730334e-02
1.565600500953460150e-01
6.713662440683787480e-02
2.862177639576106436e-02
1.806435337764485116e-02
1.624221341775444749e-02
6.774765697863522479e-03
3.793374684411149333e-02
3.808105315941081453e-02
8.848911021029359780e-03
6.464348466578520580e-02
1.206613360361694434e-02
4.576231327161256468e-03
5.407928490040714298e-02
3.118689473652333510e-02
3.177568897048727026e-02
3.590843167406577996e-03
7.468261934333288166e-03
8.258202197819830906e-03
5.338687317920117609e-02
7.757607822564049904e-02
2.005016236381305245e-03
5.351873992045936765e-03
4.787578799461406076e-02
8.524159076825865017e-03
3.087111555633417770e-02
3.122860601354909491e-02
4.340828233471068220e-02
1.513668345766974385e-02
1.580950812840649367e-01
1.061821674837900957e-03
4.822373916713911662e-02
5.249175178649256868e-03
2.173488011342118026e-02
2.725957009077690230e-01
2.298182906656432833e-03
1.798848864191473010e-02
2.945663608875922612e-03
1.525349891952076931e-03
5.787180283382335755e-02
2.888390566605109760e-02
2.790493586471431975e-05
8.734063790092687699e-03
7.482628444949371294e-02
2.691967874201373762e-02
4.883048816541699089e-02
3.221422159820729741e-02
4.550561398521349443e-02
1.968002503002879919e-02
1.728123992841773017e-03
1.163960163329542941e-02
8.943210248067728907e-02
1.289345327914375675e-03
3.042255817158845410e-02
1.465260055896061391e-02
8.349597305716652262e-02
2.497704888689852073e-03
1.185407674366394451e-02
1.437080345502061074e-03
4.710444566073695993e-03
2.381426107706154094e-02
8.278082239156347999e-02
3.990293080481698007e-02
7.194219620540912019e-03
1.152438746099046334e-02
5.193468932578313574e-02
3.602942467900329543e-02
1.844458842690178263e-02
4.651888411259158529e-03
3.505584093461101142e-02
1.442406754251260650e-03
8.801517634012556712e-02
1.162274045231227043e-02
2.975992554588564095e-03
1.028831275558876081e-02
4.337172019878023782e-02
3.407657172437905668e-02
6.500987827008630759e-02
1.008517085435921279e-02
8.195403827451841483e-02
2.283649001544292220e-02
1.339250819938888476e-02
3.294157364181218156e-02
9.955701915351203302e-02
1.569954304526638422e-03
3.299318304987187284e-03
1.401365593053817069e-02
5.015322019220420230e-02
7.883821555034253858e-03
1.444923346744739993e-03
9.445504514664984641e-03
3.417613000262428175e-02
1.641034443976367371e-02
6.908859573097150819e-02
1.396669436855122945e-02
9.557776723055574214e-03
9.563850912997745590e-02
5.207094536043267718e-03
1.645751302529249380e-02
4.497487818039314772e-02
9.656562576495306832e-03
7.870522843319792058e-03
2.598084152173181678e-03
1.781083415052418101e-02
7.369719977846966863e-03
1.549474140570334703e-02
1.150239758936860007e-02
5.463544156677134674e-03
1.104829640835371975e-02
7.727256063556288412e-02
5.253813640610004252e-05
8.743026058168781520e-03
3.383493962866010452e-03
9.634449007035306156e-03
4.021474749975732094e-02
5.223721525635133256e-02
2.147070344388804855e-02
6.020237997368732552e-02
2.869581683529641783e-02
2.087451212149968316e-02
5.630209749142543740e-04
7.652974384456508183e-02
6.412397529831597234e-03
2.670834486251474904e-02
2.083230403484800930e-02
9.083921002153584612e-02
1.289838101282842278e-02
7.817086699102150302e-03
4.422086233104385866e-02
3.515132844298099468e-02
2.043966856125244147e-02
2.116267545342123690e-03
7.586522467777094027e-03
9.691284572109976677e-04
2.275150178516308075e-02
1.869197661428722429e-02
1.562786998404963601e-02
1.432973808266068023e-02
7.046025398583049409e-03
6.604827283468260764e-03
3.163555936370772426e-02
4.238342480266088508e-02
3.540824076702156487e-04
5.877897273200753669e-03
1.732210871182116030e-02
1.148364373263939704e-02
4.314324338317356011e-02
6.526758273381189079e-02
8.265672513205747640e-02
1.209627136148469090e-01
2.529077108849239752e-02
3.574147825724004884e-02
1.695716422524191913e-02
5.807413364425669661e-02
3.790985674380552284e-02
4.215009689563842255e-02
1.464635986817069274e-02
1.037856353366033296e-01
1.166377635810974395e-02
2.293624578120925100e-02
1.503078847039412101e-02
4.359595525275836159e-02
6.306208942303844975e-03
5.992203485559947918e-02
8.666832363972970868e-03
2.556284276227555399e-03
1.587160715991253052e-02
5.534110766982212881e-02
6.048162666813058919e-02
1.040691336740325046e-02
4.865288311790548839e-03
1.935550412105874890e-02
7.187186367270231857e-02
1.036810498826948659e-02
8.504286503990061280e-03
1.097136609909130089e-02
2.357702780067472137e-03
1.146006409972744750e-02
2.939943604849324377e-01
1.412283626387051405e-01
4.164944787900760892e-02
5.631679644383107836e-02
2.627596363718620598e-03
3.169616907524859528e-02
3.282717796436783464e-02
6.335443907558222648e-03
2.876243829008706676e-02
4.777730601320797493e-02
4.401905270919155566e-02
1.411902307533874877e-02
4.150791303129565402e-02
3.347242708229213395e-03
1.365720939187652430e-02
3.708092549219835221e-02
8.409783846015358999e-03
3.711457813818345303e-02
8.536058991699235765e-03
9.546882236394145169e-03
5.356001608681806858e-02
3.147085909556267963e-02
1.385526960962896181e-01
1.204116415091792576e-02
2.425246079216877154e-02
1.254038892819369505e-02
4.520775592711631652e-02
7.640911284301152295e-03
2.362889062102486309e-04
1.500120840832772431e-02
2.242096411965267821e-02
4.442951345415481479e-02
8.980202912871639020e-02
7.884449941387891569e-02
4.203756575858251521e-02
1.339810347795321877e-01
1.873033042635811884e-02
2.090454791503938009e-02
5.545536068982781508e-03
1.694623193409705228e-02
7.674784557167882437e-02
1.027866229456777386e-02
3.541086628439986395e-02
7.126125724765050573e-03
9.809170909539694297e-03
8.643468871499131179e-03
4.430290728701075098e-02
4.171043674692717640e-03
1.043818602762837562e-02
3.172956399133386451e-02
1.060928256191423502e-02
1.408372034874907919e-02
9.524771178210999362e-03
3.173393967499450741e-02
2.295152185489844621e-02
4.927856127516686002e-03
1.313477470329509067e-01
1.119122842306826543e-02
7.324359103806415972e-02
1.069276642421065210e-02
3.636031883115704161e-02
3.649136350069395740e-02
6.188060837998936303e-04
2.726614080750806163e-02
1.019965931881742227e-01
2.582338575547414306e-01
3.920376626407237608e-02
4.422074637493973726e-02
2.204436044665152028e-02
8.991123251730574056e-04
2.341446051577147566e-02
2.174750597001214557e-03
8.573288825673147651e-02
4.043154566372906406e-02
1.885446948883667123e-02
5.410787796961254170e-03
8.871160349200064160e-03
1.629877216153657188e-02
1.110614323079704702e-03
1.570996145216992448e-02
1.880955277203017612e-02
5.553448550223338137e-02
1.702368901351947877e-02
2.512670535184738374e-03
2.340433423379039216e-02
1.480594763776606898e-02
2.343353721951020943e-02
1.413363195498568148e-02
1.112727691723087997e-01
1.727052449188725206e-02
4.662079229104354461e-02
4.347769192132572291e-02
1.542020397453981728e-02
7.709318007084554891e-03
1.902336345500395265e-02
6.987213815385162619e-02
4.925127197364383147e-02
1.012128780124718491e-01
7.377764761053942633e-02
3.178505985675485201e-02
1.629033898804270464e-02
4.390160356922478968e-02
3.104376990601439429e-02
1.910205505846801141e-02
3.691828861886521651e-02
5.792966533730441181e-02
2.490792793461199875e-02
4.618964867686421727e-02
1.909260060221960875e-02
2.617186043541428961e-02
4.201815507243473330e-02
8.218868342440008301e-02
2.383797776422863501e-03
1.376611876478560370e-02
1.929244090047127491e-02
4.675585918140197361e-02
2.343813236478402284e-02
7.447301991833014077e-03
6.826990447662401040e-02
5.574201680956831356e-02
1.057072834109491349e-01
5.256695387964284427e-03
1.085638829966955113e-02
2.921752639349538272e-03
2.246895979677525357e-02
1.446569458080707721e-02
1.017107072248120692e-01
9.222458018675125380e-02
5.034266717089255772e-02
5.038680939281024729e-02
1.028751492651268362e-02
6.831093877704444428e-02
5.788170022766709472e-02
8.045872793145551760e-02
1.036703641833352021e-02
1.055380766188545108e-02
2.806832212435196594e-03
6.145941135558334600e-02
4.412267768285272479e-02
1.963558250971600763e-02
7.924672473385836746e-02
1.184965097532727010e-02
2.772547705189783857e-02
1.307355356165009266e-02
2.185528509633151081e-02
1.767348431660096045e-02
1.957163008342384033e-02
1.032994463967004534e-01
4.678558661217260828e-04
6.944753698328159745e-03
3.076547341475849295e-02
1.418995698378291426e-01
3.665388636783668830e-02
1.390633311090972921e-03
7.768912681707994261e-02
1.086653726280574321e-02
3.247745951218975607e-02
1.575293547603859312e-02
5.424387302465111249e-02
5.365413384837910971e-02
3.384905142220392960e-02
4.518237727664180248e-02
5.280240519442492772e-03
5.879966215332054630e-02
9.872125056495800743e-02
2.939670435781751440e-02
3.826718885532581077e-02
7.917851797586260981e-03
3.956795907021814357e-02
1.268823806389944020e-01
7.910348016923263170e-02
6.465893510732722074e-03
7.093605463799453059e-02
6.355594212118945152e-02
6.469530754408116952e-03
2.433195500897262706e-02
3.015680299920549950e-02
5.137279861044814766e-02
4.225553037610716572e-03
8.896085190927596753e-02
7.802695713274354627e-03
2.754108499877243321e-02
3.010576835196156209e-03
1.059437431223390069e-01
4.292610978577568459e-02
3.840676901403293486e-03
4.850070734153932167e-02
1.308804592769652331e-02
3.325867596446149821e-02
3.004439308287625010e-02
1.622421227116540784e-02
6.574375799590480296e-02
2.324314391717013234e-02
3.829745195736368370e-03
2.301725144038606341e-02
1.512814046781732653e-02
7.261813290723598269e-02
1.863218252837841801e-02
6.748170673752097726e-02
7.485779295915250334e-03
9.971426360709354994e-03
5.497511001902409544e-02
6.511395838534270175e-02
2.182142088147102227e-03
2.580136524759702593e-02
2.435461356631810417e-02
1.188662125707495507e-02
3.541790299563793432e-03
4.582454443987354908e-02
2.209238919916027902e-02
3.644214264105805762e-02
6.101701220893733513e-02
3.249489791919394494e-02
8.294189693496500232e-03
2.223592560568950563e-02
4.650959812677216143e-02
2.730480190273995578e-02
1.086622961037504546e-02
1.229388134366102420e-01
2.410954269459093108e-02
2.847421659338795347e-02
6.135442276402940098e-03
1.124419309114226169e-04
1.750915617839617078e-01
1.087979404978520366e-02
1.907933952524257931e-02
3.989644794322809440e-03
2.736043453523573366e-03
3.364209207168666893e-02
9.423104557650626920e-03
3.395009776115887751e-03
4.458019381579248624e-02
2.137806003096602916e-02
2.265144959159863872e-02
2.535930094099661525e-02
1.130191422593773871e-02
2.363574835680677666e-02
2.285002287608185398e-02
2.142200689518571066e-02
1.336532258176733635e-02
2.067076082000943518e-02
1.848557507720055906e-02
2.179675500641889765e-02
2.142945896231827907e-02
7.457383976998797903e-02
1.299281761599831858e-02
3.718132472930559679e-02
5.197683558419313732e-02
4.334183452411054932e-02
2.051555086907118700e-02
8.424408443873412922e-02
1.464190957210960778e-02
6.231705102939954014e-03
5.451894720038370605e-03
1.751991134430173208e-03
7.526874888305051803e-02
1.457418421331408559e-02
5.084235312533163728e-03
3.677498737506467320e-03
2.197447845977465453e-02
5.349623128565109131e-02
9.933390704700881257e-03
2.973327902548283073e-03
5.771027017651385316e-02
4.049679954591734257e-03
1.481283350278944644e-02
1.117561358714798669e-01
3.487912380129497454e-03
1.057390025409128687e-02
9.709844575978020947e-03
7.593792921728834133e-03
1.013072269208871307e-01
9.010958698378377166e-03
9.774594865278790623e-03
4.517474231581941613e-02
2.750772001615509055e-02
3.347232909022995750e-02
3.430998092428913515e-02
1.063219808480850709e-01
9.202694770085410869e-02
4.645385375796926009e-02
1.875268029227002836e-02
4.424706975573466927e-02
2.399014042946445019e-02
4.879735758127835832e-02
7.773763343420017624e-03
4.696227438882050187e-02
1.144433856955206080e-01
9.730330402259686207e-03
1.203445104519603945e-03
2.838680811588866620e-02
2.915654251878010972e-02
4.215260146163472138e-02
1.827763216275093971e-02
9.039242327477553171e-03
2.980890975818603628e-02
3.957463401328602942e-02
6.942721454350125887e-03
5.127286820718245097e-02
6.025185047421784124e-02
1.388265641226925015e-02
5.479041530487931827e-03
1.170765806604445389e-03
6.291236379085456132e-02
9.492833929476453270e-03
1.894687742210176759e-02
4.750211440148909003e-02
1.001182285758125913e-03
8.477202026014023228e-02
2.667202886729254027e-02
4.762577305104465086e-02
7.352393843133020468e-02
4.046165571767382230e-02
7.235279488183234131e-03
3.896192255899822571e-02
2.914155761115134330e-02
2.103445188252744402e-01
1.049363374159929113e-02
8.305726152379022675e-02
7.070840303756950607e-02
1.725055683963844927e-02
5.117309593843286618e-04
6.245608320295018001e-02
4.207347015861816891e-02
8.931531376411672163e-03
1.718818375122737468e-02
2.270905162623797213e-02
8.361034048781132433e-02
2.395089929028071385e-02
1.083232740286831086e-02
7.026047834682025428e-02
6.250821169368911412e-02
1.503952860969523866e-02
3.573664024314463644e-02
8.804857915443893568e-03
1.578033760685123785e-02
4.354344738821382121e-03
1.237704739592267351e-02
3.957860179216701052e-02
1.015916697420063582e-02
1.143689747178063335e-02
3.059652391850036304e-03
1.048426149463876043e-02
5.662797607474769936e-03
2.006800440424813189e-02
7.354207945397675528e-02
4.816746029785280714e-02
4.422875607110003660e-02
2.230719087537700873e-01
7.508552273016952730e-03
1.877704964153181222e-01
6.800808973996427809e-02
2.913086138616990256e-02
2.786650067773302486e-03
8.784654028397197167e-03
3.300553204522409245e-02
2.219378689039023383e-02
2.656818550251533601e-02
2.284730535794738532e-02
3.903215430130054647e-02
4.531441432141358056e-02
6.349228568677600833e-03
3.489693815562455725e-02
1.085386650679476608e-02
3.817413648545388977e-02
6.327568660599640349e-02
4.228798235686333923e-03
7.526658532359777228e-03
1.273328401351137007e-02
5.439712613739641767e-03
2.981789927432983156e-02
9.286573351988686165e-02
1.104172068542367408e-02
8.537509820950922243e-04
6.026195686354004696e-03
1.669561634471510014e-02
5.851740977928648890e-03
1.963643098428344280e-02
9.312353081150831491e-03
1.999107988960777127e-02
9.720966527118560241e-02
2.980199005447145121e-03
8.303838730098532517e-02
6.138423856655939037e-02
2.789467850742883767e-02
2.047972559543175669e-02
6.563741442779567024e-03
5.376032643547140263e-03
1.076219424166489393e-02
1.965190839697443861e-02
2.821779590739211668e-02
3.104793326241725437e-02
