4.703531129820851496e-03
1.760169429821628606e-03
4.925694221512839747e-03
1.222363002331852168e-02
1.237773091250568905e-03
8.955558961925095748e-03
1.526722225082685278e-02
2.373294145896643823e-02
1.657329493726409850e-02
2.267557897909762074e-03
1.688226358889905604e-02
1.520875242389306374e-02
1.890463209948608017e-02
6.679843816593342837e-04
1.139905313604166331e-02
5.855347488916291462e-03
2.587540751702899905e-02
1.786588782357542010e-02
1.452714094489374747e-02
1.596667520235886886e-02
5.134336327491561408e-03
6.808361370202600099e-03
1.906884316115590658e-02
2.080662812161687344e-02
6.469980505799608969e-03
1.829686937514792434e-03
1.942578716803206040e-02
1.591458471234773880e-03
3.029851415087413125e-02
1.248311990765197006e-02
1.247380654004783505e-02
1.270741588463060109e-02
6.163922686040498346e-03
6.188722036979704688e-03
8.634984887388959252e-03
2.262223880260027034e-04
9.332479699276880619e-03
3.771475240012714392e-03
3.673445595614192524e-04
2.427437991601608461e-02
2.279621135150948497e-05
1.490363695510576840e-03
8.808100667869652942e-03
2.063331032170311399e-03
1.093269120336280015e-02
4.812606407969340257e-03
2.838844707148428098e-02
1.385212650108894050e-02
3.827588289879169103e-04
3.284106744284429752e-02
3.451649448323547420e-02
6.197965316645941830e-03
1.016704270880603236e-02
8.597903491230543928e-05
5.494028137962462394e-03
1.357105166817368196e-02
4.166181589599488727e-03
7.465046007227730922e-03
7.179047121300959761e-03
5.691954200922698555e-03
2.565989549998508312e-02
8.328868113199272560e-03
1.387368509412344013e-02
5.139328229188597219e-03
2.730016953398329074e-03
1.990618189070839789e-02
2.094352593219321948e-02
4.484824389984260265e-03
4.959564518620042384e-03
8.932441854590283253e-03
1.011921422265335199e-02
2.336484219051311248e-02
1.619021412126214060e-02
6.928616954665784214e-03
1.191504327433812183e-02
1.910122647469035193e-03
1.247513982229985809e-02
1.352058484131244808e-04
3.102737805007554223e-02
1.373458915027656740e-02
6.030054473423878195e-03
1.598267064975000123e-02
1.569337568711274070e-02
9.382579401103555150e-04
3.146080882010078572e-02
1.247570596664395771e-03
6.546032555122967798e-03
3.366905698878785470e-03
9.056087923432860551e-04
1.609107479711115868e-02
9.013149523464082657e-03
1.084369403958401409e-04
1.777666135402775766e-02
5.013958223839386913e-04
1.629016071549365535e-02
1.016380519548382502e-02
1.962925727706805318e-04
2.466038425991620014e-02
1.204778312309838680e-03
2.899635476906873427e-02
3.834578319336760105e-03
3.165002186512496079e-04
3.353228862557765255e-02
3.565568257824910936e-02
1.431055156006009414e-03
1.897862275975142204e-03
4.276718062599929246e-03
3.455411211150394291e-03
1.603271435798899608e-02
4.860759172900798800e-03
2.251329580048563872e-02
9.706663427171059733e-03
1.999053439631506834e-02
7.018532331830622945e-03
1.848201488925282215e-02
7.883146300242810378e-04
5.596657112202176043e-03
1.186656476134070187e-02
8.289032559481955553e-04
1.024014804518776599e-02
5.925399065714789977e-03
5.155615211094582463e-03
1.267675631161009099e-03
4.083000041422750470e-03
2.843561123353369191e-02
1.643165542874358565e-03
1.930147630048994686e-02
1.896034891059941111e-03
5.572183080383355872e-03
9.012063410548703385e-03
1.198873388473684770e-02
7.605952001329749704e-03
1.243929950547097152e-04
5.087734716055397274e-03
2.017830735163430450e-02
1.805307006139894241e-02
4.744694095211738488e-03
3.941731729463830020e-03
2.016927465573812531e-03
1.142093961657092947e-02
2.990546416590217360e-02
1.367308918120369032e-03
1.909350573086741540e-02
7.921211213085727065e-03
7.802313972052217321e-03
4.282935881817265776e-03
7.539590290211052766e-03
1.183697231675998962e-03
1.381238722543371572e-02
6.088556278987715051e-03
9.859551808099191114e-03
2.719014767104078675e-03
5.998335830611076919e-03
9.620321342326100880e-04
3.719390190484864363e-03
9.818427267262239480e-03
1.857736672458444593e-02
4.109504841735555324e-03
9.810487698156534001e-03
8.361993114560758089e-04
5.744360094550291645e-03
7.252235504089346758e-04
3.864403672383626837e-02
1.595245707627416382e-02
7.195742189254830320e-03
5.921931318050966710e-03
1.516393448020722512e-02
2.427340323162578695e-02
1.321550820263790553e-02
1.391234829484283217e-02
3.120803555082646633e-03
8.816211099344030411e-03
5.200092517631509786e-02
3.184388933756351556e-03
8.255950583897806588e-03
5.664869247854600887e-03
4.382045348887655956e-03
1.033505364608245693e-02
1.492645217119603239e-03
1.419699811309340504e-02
2.992461838218806597e-02
1.367929542991000794e-02
3.837080812046497758e-02
1.864773373251071148e-02
3.432900483942155460e-03
2.804694940245051459e-03
6.504397041187424434e-03
7.959210051754721585e-03
2.004154191356690914e-02
8.384821573908247949e-03
8.120358405366777735e-03
1.028905884761520222e-03
5.595243177091400316e-03
3.934975185031927558e-03
6.789823452773013912e-04
5.905390925642819977e-02
3.486788943012436581e-02
2.868579187886406354e-02
8.641759203341377316e-03
3.234879855119936892e-02
1.644079709025544206e-02
5.299036525389688029e-02
1.823596167732717543e-02
1.263273117715831527e-02
2.303135583177506190e-02
7.016544461539457253e-03
2.667781364103495589e-02
6.896975728296752400e-03
2.651062233356810474e-03
6.301458722439719391e-03
1.219019710575572346e-03
2.041439420790759282e-02
2.996860054094363859e-02
1.086027035581257558e-02
3.590173908834277255e-02
1.053644926297788581e-02
2.269430424034911062e-02
1.943806003166133681e-02
1.442059011482106114e-02
1.516391491114928158e-02
4.009888806372265135e-02
1.492314631108503098e-02
1.615536930838032403e-02
5.534967721863754547e-03
9.043699881793695883e-03
3.778172530185915350e-03
5.843433566977938864e-04
4.601463528084720478e-02
2.332356306870794066e-02
3.338061660727828506e-02
2.181216856344108182e-02
1.453007107044053219e-02
1.690245183754405080e-03
6.816434446662550384e-02
4.071814740944444677e-03
2.556137612129520675e-03
5.124371605210428782e-02
5.329738750804130509e-02
6.752589929000640118e-03
2.096512281008194520e-02
3.812314255939482088e-03
1.117142411803152130e-02
2.083485983327375973e-02
3.242048813071029406e-02
1.183885559604951759e-03
1.106676285239833676e-02
1.498987264878073530e-02
1.175051735430704229e-02
6.220992637423858329e-03
1.259393924419433333e-02
3.157215378401748845e-03
2.659582442426292395e-02
2.025406352249455727e-02
3.476378256957636179e-03
3.131413344706402563e-02
4.711402354773987916e-03
1.274203829576012539e-02
1.795632006863546667e-02
1.420787396193933828e-02
1.207204287654586872e-02
2.408937226666768572e-03
3.421712216482565572e-02
2.719068644923814532e-02
2.589722064050316297e-03
3.329853521050696319e-02
2.613441121346322948e-02
6.792300900645163730e-03
5.893153690592289884e-03
2.997538043730524002e-02
2.368334922727242942e-02
1.302842675199364711e-02
8.867989008038666687e-03
2.463559030660475088e-02
2.903255362777953930e-03
3.495277852845188327e-02
5.728741135495060352e-03
9.174873255411841039e-04
1.494632175183505801e-03
6.713628034937074197e-03
5.762849936773157752e-03
1.719022240902869656e-03
5.616978660451247413e-03
8.478533296121183033e-03
1.877490772920817081e-03
9.296931922608421550e-03
1.682998181497988299e-02
7.835239006052324359e-03
5.365280487414249289e-02
9.681056525284312958e-03
2.341947132107439350e-02
6.188943642525346865e-03
8.386558567892235527e-04
4.379248943490349731e-03
2.546591651748530971e-02
1.426492893191408894e-02
5.048691472015974166e-03
9.760269807574118925e-03
1.570016435270839283e-02
9.156825723565924571e-03
2.407881414705349658e-03
2.825759297632068207e-02
4.521054135417180986e-03
2.401771993454175635e-02
4.483440210600835377e-03
1.951902654947605328e-02
9.609682752899858377e-03
2.947204642796857205e-02
7.496843129339003479e-03
9.564873198403678681e-03
8.544995518148185490e-03
2.585087329531676054e-03
1.075348616801038298e-02
1.455385051887114192e-03
7.026238986437205979e-03
2.960656968950836111e-03
1.003553197342900785e-02
1.479710739563814452e-03
2.420695989319859159e-02
3.966635580297874462e-03
3.651719143350445201e-02
3.763337225138040087e-02
3.203199111288618228e-02
5.386383060162449471e-03
4.319912358026653867e-03
1.291632899048737390e-02
1.122139145570537344e-02
2.305212119489148670e-02
1.928539280742448550e-03
2.386224901640112989e-03
3.312438908636157475e-02
7.820298218060553821e-03
9.188687311085345921e-03
9.844602255821456940e-03
2.988415557872410502e-03
3.333341796357845721e-02
8.896622961994575876e-04
7.144699429625901710e-03
2.498379973773730278e-02
1.505925383171143397e-02
9.717255952479509490e-03
7.178939195772286903e-03
1.649782111460838807e-02
2.571545046634454712e-03
1.579613338939472172e-02
1.534209782016914252e-03
8.996923464448126212e-03
5.331009843071003469e-04
3.617520644986702005e-05
5.046480642204229788e-03
2.605880801246466746e-02
2.838263896709570036e-03
7.262885435998811014e-03
1.833611321477144479e-02
7.225825269909921800e-02
1.772297827562661909e-02
8.914901624176966438e-03
2.626096302745009603e-02
2.925275025989230483e-03
1.200258861185863300e-02
1.329935470270038333e-02
1.585938431826460285e-03
4.360109097283887403e-02
4.067631180303666466e-03
1.405414119245030832e-02
7.721194228961690553e-03
3.970553504243698809e-03
2.073363571014244511e-02
1.968122357394026106e-02
1.981513026794193971e-02
6.953433819352001360e-03
4.052665632657011241e-02
1.520426017795830330e-02
3.244588042134444877e-02
2.839136507524107206e-02
5.588981331518833029e-03
6.530728889752798749e-03
9.216567855350913524e-03
3.521062009671218837e-03
1.579354557928470959e-02
1.037907608559721084e-03
2.738983843161769960e-03
1.752412789640857282e-02
7.889322455003743711e-06
3.420046576377401906e-03
1.204115398890145440e-02
3.652632572738116756e-02
5.340591216484655290e-03
8.292589812270470886e-03
2.109539542169893561e-02
3.559926530762611094e-03
1.375576190472837558e-02
1.688020927448535824e-02
4.069481157248207304e-03
1.182079653955636113e-02
6.776363071517851194e-03
9.104731572518266758e-03
4.630597997013310638e-03
1.358926065682414600e-02
1.037007820398059416e-02
1.389430577484799742e-02
7.726616432524667510e-03
1.545282671494964052e-03
2.215010227149924113e-02
1.937435487288905606e-02
2.246148218526218196e-02
3.559172729647169103e-02
1.919561060253663354e-03
2.632689006130155968e-03
1.059913952914251327e-02
1.120146822957132290e-02
1.178576797881298460e-02
3.024877546647408797e-03
2.327838816223154212e-03
6.096005644471915765e-03
7.407749163992083732e-03
1.333855528801262784e-02
1.047274965507482419e-02
3.181881824980237888e-02
2.459733280410998646e-03
1.028358518697632465e-02
2.068609503687472272e-03
1.906015374073234681e-03
7.582384346552263621e-03
1.203869622903828984e-02
4.964191119523452510e-03
4.685182009382844737e-04
1.613223675303542340e-02
1.053236339883741740e-03
2.053648104065458960e-02
9.537687809242502424e-03
3.920437492217262315e-03
4.355039385097752083e-03
2.293012531542517121e-03
4.692531255392281761e-03
1.041381303415706873e-02
3.222337867123498904e-03
2.410942021593164009e-02
3.427848328923312898e-02
2.710830596018530981e-03
1.804140928335768584e-02
8.828353455677482448e-03
1.344694313552401502e-02
9.010581902521494751e-04
5.201232909963666995e-04
1.207477081706853465e-02
2.264730572912733268e-03
2.414108886851496633e-02
1.481783120671008314e-02
3.635207257442022236e-03
1.529599941000732953e-02
2.808108545781659582e-02
4.962304140986290198e-03
4.810181613019675999e-03
4.252150105312428596e-03
4.257305315448033436e-03
2.797861491430617131e-02
1.117750019689118038e-02
6.601454296357812945e-03
4.607040160334199136e-02
7.252017319978661981e-03
4.356088777317473903e-02
3.817325256392009071e-03
9.558687908189488630e-05
1.423770738937223460e-03
3.859458544161822879e-05
4.785323815044879858e-04
2.282587357483398943e-02
6.785793581473893374e-03
6.981396777647417770e-03
1.555764009943007634e-02
1.088886773300397869e-02
1.313145280746583904e-02
5.608819008043309379e-02
2.466739401566934997e-02
1.464680060733542302e-02
8.874255478361561464e-03
1.134935339833183753e-02
3.360878642947127265e-04
1.873227580204770825e-03
7.649176409656467321e-03
2.240461746019928313e-02
8.815361805969174069e-03
3.919882795824637667e-02
8.337093132895490033e-04
3.734319406292626112e-03
2.708407363585449423e-03
5.234824466314786165e-03
2.000907158265150670e-02
3.006950377322282347e-03
4.560091258643666871e-03
1.193541202571741199e-02
9.500412161106072673e-04
9.013025344758746754e-05
9.213159143055454914e-03
8.737782943538351110e-03
7.491812386606795660e-04
6.028300815941300093e-03
9.663098055703554790e-03
2.572839266303583727e-02
2.015522152410194334e-02
1.940380622272965374e-03
1.419726995886507609e-02
4.145164115141307740e-03
7.246279238575598297e-04
5.421497190418937684e-02
2.582375411725106040e-02
1.856752660191517135e-02
1.415776506346350799e-02
8.049506255789705064e-03
5.664506504319135639e-03
7.319571047019413079e-03
1.003471386981345109e-03
4.438084323194946279e-02
9.109681371655058840e-03
3.041641382426899659e-02
4.011036757847885950e-03
1.871006793990047899e-03
3.097690539544096372e-02
8.706813008563060730e-03
1.482413769575710930e-02
6.401321717267540248e-03
9.272300563158946806e-04
1.047518896837769560e-02
1.334503755128286541e-02
2.131282339046515224e-03
2.007824174458990724e-03
1.013675109521697433e-02
5.220234713721327510e-03
3.926422506525316207e-03
2.659580347817470068e-03
1.238491928661222992e-02
2.656743369806001398e-04
1.163938682299328273e-02
3.993965813208803090e-02
1.622698661171604120e-03
6.659427309127601002e-04
2.099616422693135337e-02
1.929715483809836887e-02
2.054280973357335005e-02
8.234782865655975240e-03
1.765315343651764277e-02
4.108848966149168495e-03
1.189693097134127305e-02
1.173710200514983815e-02
9.162517867804160360e-03
8.831637662871753836e-05
2.882001783869344788e-03
5.375502975703393832e-03
3.586542904937958191e-03
6.750420873752233097e-02
1.167021869811125240e-02
1.266572548701505770e-02
9.961087473427264818e-03
3.591831980946705565e-03
1.131592246199349117e-02
9.648032911220807972e-03
2.272269389079129009e-02
1.097966217750089360e-02
2.461225118983796385e-03
3.539969033571578258e-03
4.269506865712901708e-03
1.606501836501317629e-02
9.073197485768326465e-03
2.387702841607187813e-03
5.391413013584438543e-03
2.444237461228197794e-02
1.600849657650091351e-02
2.526880583474604147e-03
1.567096450631968660e-02
1.434538118801329670e-02
1.195486400739765448e-02
4.627813154629546732e-03
2.121747879022770761e-02
1.686276633912145440e-04
3.870405427641726223e-03
8.308225542334370800e-04
4.284278218011371847e-03
1.091938545621378744e-02
8.530019937390338758e-03
1.314785611363850559e-04
8.123323359744850231e-03
3.238960957160814946e-02
6.892673636542948762e-03
2.710851709206513194e-02
5.310681353158382134e-03
1.965756101191866445e-02
2.927953685889665009e-02
4.487761235113844893e-02
1.582785754589317168e-02
2.548021729986371317e-02
1.131566189579483184e-02
8.662892207887315163e-03
3.241464599401829710e-02
1.781666754576850809e-02
6.226969920343147780e-04
4.489857336695689434e-03
1.058429091465119820e-02
2.977062373380705632e-02
4.566755303505887209e-02
2.177954418670663070e-02
1.278286607968412078e-02
3.345180616895650563e-03
1.682324814720845968e-02
2.392142808818350369e-02
4.738599274756492147e-02
1.479663549949687337e-03
4.036102352908551086e-03
1.420958403829461134e-02
5.732763215307543590e-03
1.963249837258276842e-03
8.301659443504073171e-03
2.623605060500175390e-04
1.447995601806008337e-03
1.326644549425868604e-02
1.681463173164040800e-02
3.448453645397681240e-03
2.672094660312129485e-03
3.174776612063056475e-02
3.439042497439994545e-02
1.644986269467360596e-02
1.996753050276966687e-02
1.787467513397657942e-02
7.936371290295883910e-03
1.718891120424081986e-02
3.678478394319883299e-02
6.516828519961116381e-03
3.528324476530855791e-03
8.198481154293724149e-05
6.835411123797062449e-03
1.940992045580196973e-02
2.044503305028044435e-02
2.823741439311973356e-02
8.831730175066063518e-03
5.930660983132607367e-03
6.897297232736583411e-04
5.056047032895178567e-02
1.124283428321664127e-02
6.318653272836920187e-04
2.718701925346676818e-02
9.164100627741851232e-03
2.175252479607629394e-02
4.462474414394543981e-03
4.744756565707366515e-03
1.375170343145823773e-02
1.970096257315012006e-02
1.025517625069288091e-02
1.738181698693688770e-02
3.501666235141208221e-03
5.984237341557307500e-03
1.557914075283600361e-02
2.850193325211291401e-02
2.273066781241224465e-02
7.339402797811540868e-03
7.704170825483420103e-03
9.678818964770317945e-03
6.965315316068280624e-03
2.510967682479080254e-02
1.557641066210108810e-03
1.586013482187727947e-04
1.765108568418520193e-03
2.794925246402012869e-02
2.111606861604251387e-02
2.033873725147685579e-02
1.831310778919965215e-02
8.016012829938742174e-03
3.958457904454128207e-03
2.300836961598865318e-04
1.416045167248556128e-02
7.883444069753456351e-04
5.183392326404870354e-03
1.909884618541034251e-02
1.267753641283573401e-02
2.008328227977388206e-02
1.244107137814211457e-02
3.999395651470819338e-03
1.179140686738051717e-02
9.156759951068809203e-04
1.420101093314209487e-02
2.458293329144026901e-02
1.023626167552582969e-02
8.362396871873064436e-03
1.403567960523010184e-03
1.028633336685821735e-02
1.125001268459804860e-02
1.108258390811072726e-02
9.095207699098481480e-05
6.568134608118439063e-03
2.562332355928692920e-02
4.375839223440645617e-03
1.963633269099496377e-03
1.720676253341820588e-03
2.041268642226647806e-02
3.089776475388880325e-02
3.420608108239996288e-03
5.913856652956713325e-03
2.134432012878062154e-02
1.606067640207526834e-02
9.322088689074616019e-03
3.552350904008363085e-03
1.644730637441083054e-02
2.087550481651954948e-03
3.902334373660261077e-03
8.091754574696199964e-04
1.909234231796490527e-03
2.010089895662680454e-02
2.421150861981630122e-03
2.849062961677445438e-05
3.219116795242387558e-02
3.175771075790465026e-03
7.400649286732534013e-03
1.310155079008387333e-02
2.999890633692497630e-02
5.618440168410702637e-03
5.281099024410230817e-03
8.491235774590003005e-03
7.804927824150167948e-03
2.043028509547390598e-02
3.220707173569686138e-03
1.938560834092331424e-04
5.708783007595367998e-02
4.000666048197351436e-03
9.584126001543090412e-03
1.673336236354389496e-04
9.771595586806496730e-03
1.063871185873947051e-02
6.898651001067259564e-03
1.345558787348435925e-02
4.543888281188925016e-02
7.743218130536458008e-04
5.245196741927453388e-02
1.797118344187299127e-02
2.337196889634662877e-02
4.343445590812521767e-03
9.895065211881704653e-03
4.415654721178809139e-05
2.157829953720040005e-03
6.951202651473263605e-02
1.446622991950214862e-02
1.038064099202472279e-02
2.467475608543584498e-02
2.745712996683668042e-02
1.251885539126292024e-02
1.281431298004002267e-02
1.011362964449302043e-02
9.487918801627795093e-03
2.638611063194404478e-04
2.136888092600952582e-02
5.726583176633480779e-03
1.777119982079229665e-02
1.407877151733786213e-03
4.402865437609955815e-03
2.098290352829425276e-02
4.037021725838614052e-03
9.232706712751156952e-04
2.334619245472382455e-03
3.917274182575694250e-03
2.792940157112559774e-02
1.023287852824457562e-02
8.012942540863795052e-03
3.105387747062910569e-02
1.966629443124717162e-03
1.617184124764759270e-02
2.200961581242571324e-02
3.330821717926864961e-03
2.065185980359418236e-02
2.623052095040336561e-03
1.515695197218451876e-02
6.289734598574052253e-03
4.045348329417516875e-02
2.859456084119224584e-02
1.943598659183144424e-03
1.056373719835120017e-02
1.954324591622501328e-03
1.577253730508530044e-02
5.370530942629241251e-03
1.573414565814624036e-02
2.938325028816022363e-03
2.196325560140372727e-03
1.540842786687736561e-02
9.721784133986801496e-03
5.348302605816160349e-03
1.287649011886592143e-02
1.740362942612767166e-02
1.395034134328695941e-02
4.471149261673054535e-03
1.517182561255272025e-02
1.352027091419565064e-03
5.238470675853791614e-05
1.826150880865702944e-02
5.078604403426763801e-03
1.785823640157741454e-03
8.735178950183997149e-03
1.063751439008635627e-02
2.933697458792615398e-02
2.737336700556239691e-03
1.717238034156748708e-02
8.264985640925245902e-04
7.722123228451859001e-04
2.833541722399723992e-03
1.607820006958923104e-02
3.579604033458972517e-02
4.171406838663961614e-02
2.445324379653433799e-02
2.388434486934303685e-03
5.407278637474879912e-05
9.320897588053501590e-03
4.028078245156503645e-03
2.250586828685824034e-02
1.158815863967600605e-02
1.447136979775495540e-02
3.982663131846638643e-02
2.108022035535352806e-02
1.401646952990075017e-02
1.630497672294689906e-02
1.221349788093089098e-03
5.179275282480829204e-03
9.195506544116914928e-04
3.275247028141884884e-03
2.793559577622040189e-03
1.595354949040659470e-02
1.345881330620667116e-02
4.561030164521581026e-03
5.900492665737749887e-03
1.371294049848435607e-03
1.507992774883686396e-02
3.708706622963192645e-02
9.958211193162251618e-03
1.839885954553555428e-02
6.496108839897363901e-03
2.118439957958148309e-03
7.298054745077151885e-03
5.783235535985552234e-03
1.550912392421985525e-03
1.292045383858520316e-02
1.579492572416093393e-02
1.097098853825663727e-03
2.489383140342723080e-04
1.095012632032172153e-02
2.221655120996639146e-04
4.117514091273581645e-03
7.310342827862265774e-03
4.705222876839150123e-04
2.691235255144260735e-02
1.454953130078515816e-02
6.641677993294532040e-03
5.060094757734653892e-02
1.244636152126928769e-02
9.256599596746967066e-04
4.812154911787207279e-03
3.216180293423418282e-03
1.150633203310344119e-03
3.255224017738584524e-02
3.432181507294831870e-03
9.202391087239469858e-03
7.819346097438074558e-03
6.993714283568789811e-03
2.614854116873590456e-02
2.102124427011991398e-02
6.519278575639946179e-03
2.138250760992055355e-03
8.753066911814641471e-03
1.272710151278076685e-02
2.753527067454908817e-03
7.826871113607868774e-03
2.114113085099509834e-02
2.617530848249883385e-02
2.064995795127805636e-03
2.064798648311469420e-02
1.369091204726827042e-02
8.478590983782849713e-03
1.694545900895422870e-04
7.288050485008524572e-03
2.517953745143076440e-03
1.404325732998055586e-03
6.752457905543643446e-02
4.014710015355707484e-03
9.906132866629329715e-06
2.793367274075458234e-02
3.303882250480457729e-03
2.184255896456859664e-03
6.651436913389596750e-03
6.542849164056618871e-03
2.263120851220434479e-02
1.139840911283763678e-02
5.434249988805981042e-03
2.202793589956949377e-02
7.938276332369052822e-04
9.141558810472523444e-03
1.084988682541539531e-02
3.192140782112314057e-02
1.205384326248472825e-02
4.754507010643015813e-03
1.476567641020450419e-02
6.471986824213380590e-03
8.280045595051798400e-04
3.715051548970958132e-03
1.715070190009774370e-02
1.161200231511956213e-02
5.750661896803087314e-03
6.268105882230055881e-03
9.444021514729216207e-03
6.502722058799574427e-03
1.304391671424239008e-02
4.488246573400994643e-06
2.666431119948529764e-03
2.908071203280451419e-03
4.319255534797185325e-02
1.814495709738642160e-03
2.505243143587879313e-03
2.293060316528375275e-02
5.352017341241808827e-03
1.096691353903870778e-02
1.976203013119548144e-03
1.206918530875360565e-03
1.579381133945796656e-02
4.226933227520358882e-03
3.651795488649733218e-02
2.094049256375821871e-02
1.207208038558726937e-03
1.757209636340935702e-02
1.268374417024475606e-02
2.013561363535640650e-02
4.693705610954174157e-02
3.050380410651528512e-02
1.514776274716078328e-02
3.864367385852983741e-03
1.918666239516380462e-02
8.715133567913927598e-03
1.118980901701460869e-02
1.456465673337775830e-03
3.997935646646019053e-03
2.009051678629526251e-04
4.672403803589974397e-03
1.020756433941911318e-02
7.870399644242867532e-03
1.112008850552874406e-02
7.046019356447593383e-03
1.794048093471868957e-02
3.955544414958910016e-02
1.641502406810172940e-02
3.512712574718608941e-04
1.854110676932842899e-02
3.229727211438947459e-03
2.257718775464519559e-03
3.182559065658265018e-03
2.541086316175489128e-03
1.410088126914641957e-02
4.406607450547998100e-04
3.583274598397379745e-02
7.432645977877007544e-03
5.739287155823903294e-03
4.065279221434467405e-02
4.391478718788111024e-02
4.005880337204067304e-02
2.763337318387897035e-03
1.330692055111713096e-02
1.219682030869449242e-02
1.606771092148434610e-03
1.595075264793908987e-02
1.077589011300694212e-02
1.746072646858953803e-02
1.060297653555070281e-03
2.826605880304111119e-03
5.335161590085494947e-03
1.377168099232939152e-03
6.714501326464441741e-03
3.105864826801282667e-03
1.286993757211477712e-03
5.595001831059099630e-03
2.692642844553995440e-02
4.306973294605283969e-02
1.744754067519045659e-02
7.968225165655627024e-03
1.843875490025623926e-02
1.763752598721667238e-03
9.003325230291455566e-03
9.115167407994791138e-03
2.877566429265801095e-03
9.766991251428333923e-03
2.369675272593318484e-03
1.944090825403577485e-02
1.307277246285363723e-02
2.093711177489927105e-04
2.473409548545503489e-02
5.525159244944470929e-03
3.762942528819643306e-02
8.404658248666388443e-03
6.542005177634204263e-03
7.146398862471420657e-04
1.167673587749097283e-02
9.003419137730122798e-03
5.030272988815476243e-03
1.494651615901151226e-02
3.730462678216871913e-03
8.080660498508120126e-03
5.518464344782695284e-03
4.095788878084651377e-03
9.180943225895538823e-03
7.304124092420411982e-03
2.264554330445055219e-03
1.245205610574567565e-02
1.415747564303622766e-02
3.617663317420050789e-02
1.448259422625346876e-02
1.384705254824752235e-02
2.428089862750274636e-02
8.748610239256630547e-03
1.033323704130171064e-02
1.502230035798171950e-03
2.068836569289131573e-03
3.363522953070745020e-03
1.558145164797218336e-04
1.654125764406609404e-03
4.123232353835415420e-02
3.903729909348636201e-03
5.017987408889269807e-02
3.146201813166848039e-03
1.429608085674733981e-03
3.262973013383706211e-04
1.079077788774363174e-02
3.930695132000257969e-02
7.027833169467089490e-03
1.765624022362323724e-03
6.389252276397373951e-04
2.407923961365435791e-03
4.712965835740511034e-03
4.530439178989874825e-03
1.008086842966380778e-03
9.896498790848222080e-03
2.702686319043428979e-03
1.425258105717220822e-02
1.766913486670403793e-02
2.797206677798774743e-02
2.738992958074221856e-02
3.566283329913842726e-03
1.222254200111587939e-02
3.923589602720374547e-02
1.344039769944478484e-02
2.377825099487346390e-03
5.407935430487487150e-02
2.752267217453842341e-03
1.111259569218843966e-02
1.654907210366131712e-02
1.350485363137343122e-03
5.230211698783989241e-03
2.219752303016081507e-02
2.813251102779665974e-03
2.175731006240521487e-02
1.976984050633430814e-03
8.807651465417811604e-03
1.074407280277600053e-02
1.742180980030514845e-02
2.684949729208256988e-02
1.975508022881587722e-02
1.299815404511951017e-02
1.526264991037654638e-02
1.697886865636663708e-03
7.080994332322084958e-03
3.762652206855413017e-03
1.007059829556321978e-02
4.406753647854758787e-03
3.399458804872106804e-02
1.517957767579742982e-02
4.348819771482807621e-03
8.141694406767624459e-03
1.617381978492920744e-02
1.205720166863526177e-02
1.694648196406156951e-03
4.183102838754806929e-02
8.950302278899535668e-03
2.024978491694695570e-03
2.340432585991572556e-02
7.526385553420441438e-03
2.822927870834630350e-03
1.431999263943142114e-02
1.247308045285299045e-02
1.665771271102050796e-02
2.079646215890323252e-02
6.476512895391819090e-03
1.659514389141314439e-02
1.345938508638645260e-02
1.317443761949883135e-03
9.013241552414228905e-03
1.995332483623966924e-02
2.411481548812931947e-02
3.147692926705095585e-03
2.205008177591489746e-03
2.079126951801434087e-02
4.284424148136669816e-03
1.913001265934109046e-02
5.419929425328155054e-03
3.319574443947426179e-02
1.045906391316825043e-02
3.842247839559689848e-02
4.671064669418988069e-03
1.407664565452187641e-02
5.705516838370052954e-03
2.924289080936433825e-03
4.945122018612931047e-02
1.540587659522232346e-03
4.676323651980249241e-02
9.464996273825524581e-03
5.329963249842126216e-03
5.123630325392367242e-03
3.764840772931890567e-04
3.971156475442709499e-03
1.458265394776752689e-02
2.383932548409083835e-03
1.454939866987178809e-02
8.665251460178949316e-03
7.774855022647427991e-03
3.892837768433364543e-02
2.254258833053864389e-02
7.985804680707673381e-03
1.654273758453497431e-02
6.994074306094381910e-03
3.630429667704690444e-02
6.485342954665643256e-03
1.580886491324753201e-02
1.173022031316050054e-02
2.700352913589085940e-03
2.192063194409926349e-02
1.303498390887887666e-02
3.688133167683738806e-02
1.431727353028676430e-04
8.237694589279986185e-03
2.237589900597661968e-02
1.723345529108898100e-02
1.002875123574757665e-02
1.632178477515647264e-02
6.542966885475617889e-02
3.216575691100961171e-02
6.006769919215056847e-03
1.267420911509723087e-02
1.843843513553430208e-03
8.989415355762676862e-03
5.781641693193766834e-03
3.344065875489872670e-03
1.090793190938949345e-02
7.885423783380557383e-03
1.952598079927142863e-03
1.017694076977353548e-02
1.185875923351197188e-02
3.460719838980894081e-02
1.892757978796519303e-02
8.809613014543768092e-03
2.266950299028073351e-02
8.932283814940942049e-03
1.353099438403679300e-02
8.966812079741610236e-03
1.271735309088115919e-02
4.957398697718290274e-03
2.541732038653096021e-03
8.783836088048037338e-03
1.404913265420240642e-02
4.810355187702171353e-02
6.912941107947340874e-03
1.720333116275507557e-02
2.075819718600934588e-02
3.405788574680822245e-02
2.288496008464480092e-02
5.173805173585212247e-03
4.536364695149253806e-02
4.031134440566078864e-02
2.176486883743782019e-02
6.912373967526698471e-02
1.713580342168055659e-02
1.203046638656329360e-03
5.931976672474609247e-03
1.209257305975593513e-02
3.982769181158087035e-02
1.687028704145727281e-02
1.401050399293150665e-02
1.053927498619571315e-02
6.839403307251122957e-03
5.322294188099084035e-03
3.703625915034326754e-02
1.125980600794290049e-02
1.209076335341371239e-02
1.043281197314132810e-02
2.947888947870919499e-02
9.840135313045113991e-04
2.892223797239684008e-02
6.044740160110176688e-03
2.033190119816613919e-03
3.039180899800944871e-02
2.134122548515807530e-02
1.354882064166711142e-02
1.476263169582775307e-02
1.901106499881264483e-03
5.839968515478513242e-03
2.997101581454275632e-02
1.446494820704284298e-02
1.508967738645867075e-03
2.332748077560554620e-02
1.551516888596183620e-02
1.448067697089193764e-02
3.040714555239675682e-02
3.104847710725867210e-02
9.069243781612177594e-04
2.324194994009133597e-03
2.988194259403495652e-03
2.635649983088620904e-02
5.262086384698667907e-03
5.626359333308766052e-03
8.995996311815393845e-04
1.192580470821086661e-02
8.069776323307735477e-03
1.799790830795499133e-02
8.785632560016394185e-03
1.466864855208164717e-02
1.941023480349089725e-02
2.371041279938910368e-02
8.239623682708137158e-05
1.934616585801600050e-02
1.599734804452638756e-02
1.086744333977127108e-02
2.238114205350383301e-02
7.938668248653380291e-03
7.037760250677630239e-03
2.841520514021951029e-03
6.794027311663710690e-03
4.794314743562750475e-03
3.248159950996871992e-02
9.803778493969354108e-03
1.444530435887611888e-03
5.947355890349868140e-03
3.143521663626848602e-03
2.362476387120322416e-02
9.486325825416261695e-03
5.033077808459036906e-02
2.192867409644199198e-02
4.643795160024295071e-03
9.334520958294619669e-03
1.258852796785194308e-02
6.428204283591117466e-03
4.168820733318556737e-02
1.744977821042775420e-03
3.594921843318832355e-03
5.207026720706249036e-03
4.646179717039936388e-03
3.401120155855346522e-03
1.952053997976015837e-02
1.222024824574546864e-02
9.796485262696299351e-03
2.640347487510368366e-03
2.819910195037689943e-02
2.445461301270666910e-02
1.274237985720673080e-02
1.400299278947364501e-02
4.551478779216411308e-03
1.877308013271669629e-03
2.109437915013283316e-02
1.143997444965787376e-02
4.310745385644955581e-03
4.920138916189491923e-02
1.465998574574147763e-02
2.432780363535853516e-02
1.501261023824490733e-02
1.940826511624629130e-02
3.987278317134845818e-02
3.640392847226645717e-02
1.459547122643971642e-02
1.377945463880636545e-02
3.826777448573031974e-03
1.233005118203382190e-02
2.053033072436369344e-02
8.692566444632100764e-03
1.581861494377405364e-02
7.334577972095637603e-03
3.323326321354427154e-03
2.244688549063604804e-03
5.753923671624914735e-03
1.809552024789593677e-02
1.362456807328021879e-02
1.142122585125079914e-02
9.637770368628836154e-03
2.476667794249114152e-02
9.512906867848400574e-03
1.777403625947897650e-02
5.103374356168048978e-03
2.055920781975421191e-02
3.310656226700417482e-02
9.779686806078668332e-03
1.404644964556694617e-02
1.622527914465560217e-02
1.767079550983319952e-02
2.306595188783698569e-02
2.458317658486431495e-02
3.816180041882547697e-02
1.211148802860101750e-04
4.836150494048011700e-03
2.424977498245965007e-02
1.037252818999157347e-02
3.358797009089533117e-03
2.834649716173151882e-03
3.530574877538790630e-03
4.991373994411376497e-03
2.616289031817535526e-02
3.178232960779219657e-02
2.599091427591499956e-04
7.075789327943615703e-03
1.072716356175715258e-02
7.299338204937040261e-03
7.270124273942767112e-03
7.202777041970514355e-03
1.143092814381382709e-03
2.215029057056878969e-02
5.804235452399494205e-03
3.267708983275359469e-02
1.228115314173231463e-02
3.873560212997012239e-03
9.847050829128668054e-03
5.632229352033708142e-02
1.442409385067904178e-02
1.340321543763137169e-02
1.825232297767567791e-02
1.364127637153170723e-02
4.042419042426788345e-02
7.005308886711188870e-04
5.351755384289679646e-03
1.314379276437102270e-02
2.786659589460427876e-03
2.558279672766305968e-02
7.060121765250505256e-03
1.191397939343692182e-02
3.406547005302604930e-03
2.058962369005398751e-02
5.673684882657160922e-03
2.226093391759883383e-03
3.207441880520571498e-03
6.182801868824501848e-03
5.386265497949048638e-03
5.626611537523699275e-03
1.324933081623401974e-02
1.901944255485307766e-02
5.608704610413011750e-03
3.194157597222282031e-03
2.302615224479251637e-03
3.159266090834181306e-02
9.012120393452473927e-03
9.891169169753511597e-03
8.102714729904151453e-03
1.425510082430127279e-02
7.499072829697799036e-03
2.681885505576638018e-02
9.093209824011225240e-03
9.181984481294348799e-04
3.883843359396412041e-04
1.633323233251155263e-02
1.561921136346866232e-02
1.269677122757561713e-02
2.272989241273461712e-03
1.536548591497215004e-02
5.249016733805454346e-03
1.146975058439006143e-02
7.255642062093529618e-03
2.161044940973712997e-02
7.438755555830993231e-03
2.432275532676531592e-03
2.260168384541775058e-03
1.090521370789288708e-02
3.718222976562977813e-03
8.571147568304973707e-03
3.209442074982701756e-03
1.285118158402552167e-03
1.870439716059519100e-02
9.118419429792776892e-03
5.734277208912522128e-03
3.546301859567214249e-03
3.944577896250588828e-03
5.397312036968718307e-02
1.585054957837556469e-03
2.874233063867383253e-02
6.780701383937649991e-04
2.444699834661368670e-02
1.791282467119458682e-02
1.791831261839592696e-02
2.894082171685177091e-02
7.862056931761882139e-05
4.218936893589556036e-03
5.937356954544514148e-03
2.456306196273289749e-02
4.214493690580299254e-03
3.756093599463391532e-03
7.828837489682889672e-03
1.850104144069766865e-02
2.427387623197976851e-02
6.125292352030315551e-03
1.533571916684717609e-02
4.696301835981292819e-03
1.609525057928057681e-02
6.861770737510288626e-03
2.098786197735574149e-02
4.569526287171890404e-03
2.447201850280317920e-02
1.553753695314131003e-02
1.591621334675193469e-03
2.367455743499623580e-02
1.111593669645763102e-02
2.115016955224195694e-03
1.707242785667126284e-02
5.118028441891879152e-03
3.587097516027873412e-02
2.584915167443570857e-03
2.264581462798839762e-02
1.273354155308175500e-02
1.932950353260565191e-02
2.704477460576847070e-02
2.339890430509693198e-02
9.372636597063492558e-03
1.008111495776397269e-03
5.637764463367974819e-04
6.325818571089797393e-03
3.419009863183924969e-02
1.816173335575229503e-02
1.079627934657674190e-02
2.625692413708101761e-02
4.313197545845775388e-02
1.045850457345773310e-02
2.823816447413807218e-03
6.872353427718197114e-03
9.841573488269621944e-03
2.631050326263235928e-02
1.432829785811964157e-03
9.279839062560297017e-03
1.725920033205841780e-02
1.357136779969879067e-02
1.424685275138241371e-02
3.372015082258063116e-03
4.215506694153133352e-03
7.241569006022699484e-03
9.408692199008100113e-04
1.624229158942495227e-02
1.317682795909806519e-03
3.515610732889890705e-02
3.486815832317516437e-03
1.087962063096450417e-03
1.942658008675164985e-02
3.835581093007273124e-04
4.376606449967761214e-02
3.003192774167411788e-02
4.651220175813222668e-03
1.206086606460351866e-04
6.741893930529742340e-04
2.305916606140187217e-02
5.118700767827667059e-02
5.653454277204176745e-03
1.391490749822603748e-03
2.741378073040640073e-02
1.819606939901016393e-02
2.642823060782509108e-03
2.636974245218241808e-04
2.982672261451720097e-03
1.792566098617149467e-02
1.710899222677046000e-02
2.869155914471808143e-03
4.807570565227766227e-03
1.332516715611820751e-02
3.231811168479182400e-02
5.040591426857349289e-02
3.758199550195703842e-02
4.674118769085333289e-03
7.295576978520922941e-03
1.096941904730960350e-02
7.935838194174465315e-03
1.497219002723630178e-04
1.466652711493269048e-02
1.058510819200596600e-03
1.187437953127504914e-02
2.514720297180110184e-02
1.992266549268981168e-02
1.792534120174759521e-02
3.577887863641076270e-03
8.763903096256041303e-03
5.872682256770657416e-04
1.038001207443185053e-02
1.228383370344608531e-02
6.103769381111776027e-02
1.026856930153760257e-03
1.423815435815201785e-03
2.751202496695367983e-02
9.896345672749428182e-03
2.947400489395082812e-03
4.970962930594454571e-04
1.506437565377765492e-02
6.609874516822249191e-02
4.004193525848352697e-02
1.297514758377075680e-02
3.412706521199187354e-02
4.347699588130853922e-03
3.549535469351311479e-02
3.291705559092967907e-03
1.953533685196946409e-02
2.089296295708883283e-02
9.705561282049589983e-03
1.987591613902705764e-02
4.137946309089046010e-03
8.246832699006310247e-03
3.157366543835662953e-02
2.217860456782904353e-05
8.427256251292904177e-03
2.529129951918088919e-04
2.078401302047470922e-03
1.668639243431689623e-02
6.080401731396432169e-03
1.356777830209334595e-02
2.380691650920453272e-03
1.899864315843101739e-02
1.209512219089052022e-02
1.123190364759679358e-02
8.330260516932897884e-04
5.864758344748172147e-03
6.761204324139063505e-03
1.554036222639888776e-02
1.022768188021297431e-02
3.719062126746826985e-03
4.461377077679783490e-03
2.257154562285578620e-02
6.077865715436745614e-02
2.820770263723844026e-02
1.445934195184166854e-02
1.230904885603522313e-02
5.266772552275573657e-03
9.247411191245519940e-03
2.097841736209766356e-02
3.469744829855837560e-03
1.041627770573735207e-02
1.011378443500933954e-03
4.909184601578801994e-03
1.911934271220229464e-02
2.224038980551878639e-02
6.635918639104660018e-04
5.071284693227680676e-03
2.195993215647533501e-04
5.246003492712204321e-03
5.321589903791058319e-03
2.078773895390945842e-02
1.229135343695980870e-03
4.889372836442706233e-03
1.439325849006426253e-02
1.897426794095501135e-02
1.254963564386509314e-02
1.089044482126028113e-02
9.381761906064991011e-03
3.354506113103102732e-02
1.632207827232632497e-02
3.284606154862558785e-03
1.325430762948261697e-03
4.865075870479162665e-03
2.887930020242211043e-03
4.133485121431295511e-02
1.776731386372949056e-02
3.812320874359357604e-03
1.443322661950486446e-02
2.428475488810592428e-02
9.654041665125293742e-03
1.887154827415572778e-02
8.581472370040917758e-04
1.952884138833516081e-02
1.367263686534017425e-03
5.980956561917797829e-03
3.905685188218716020e-02
2.211650540124129177e-02
5.068304953397655133e-04
8.882735011734009273e-04
1.611569784970080452e-02
7.257563876405198275e-03
2.768591163937497018e-02
2.562665967377641962e-03
8.168404075217293100e-03
7.732495211671137902e-03
1.746275197928452011e-02
1.276977093035182483e-02
1.374462727458371052e-02
4.760482732679470821e-03
1.195323279575500469e-02
2.456497099994375474e-02
1.578846633899463545e-02
1.094848033910141884e-02
1.033067184942752098e-02
9.423365477388458145e-03
8.180166811959904694e-03
5.421348055241091701e-02
5.218089471636726609e-03
2.776069943023266179e-03
3.841870014010283219e-03
6.658191462061263319e-03
9.583029396583644249e-04
2.571397110611910869e-02
3.167186710073552260e-03
1.172179729649695801e-02
8.590299838753118200e-03
6.585091591068558195e-03
1.750479716102119887e-02
1.548574493322692029e-02
1.064086832752092308e-02
1.632563619794304491e-03
8.603041828219519516e-03
2.519435973033547389e-03
5.104123982561073469e-02
5.173790692304023296e-04
5.324322365250893155e-03
1.288528727012201204e-02
2.519616984702704315e-02
9.527912671560858499e-03
1.383744507055323716e-02
2.173888205828593961e-02
3.827567183926508174e-03
7.879520956990602315e-03
1.289188115840794735e-02
8.282006890737741989e-03
3.811288867401414066e-02
1.976409522666372487e-02
1.282402388222556554e-02
2.014293890985882629e-02
1.025036833785410075e-03
6.454508033118830888e-03
1.950268350846938101e-03
2.440805859629528035e-03
6.367931290450649061e-03
5.702752286264376087e-03
9.528029438476183239e-04
1.163662273719756959e-02
2.812663918142988689e-03
8.269870135770195779e-03
2.146659029212391948e-02
8.137791006316932342e-04
3.749708825243025859e-03
2.425415750379392513e-03
1.249717312496907706e-04
1.009239788596326751e-02
4.433590762439507116e-02
3.935208670895290646e-03
4.777806871312485597e-03
3.015620569852183776e-03
1.524477307583799179e-02
6.840655315719911325e-03
1.064190003664706487e-02
1.977757711187502071e-02
6.763000380322364662e-03
1.069063526385555241e-03
1.936121076926184195e-02
1.034007769924232857e-02
7.904518672333715745e-02
1.547609376511688631e-02
1.752560309917872150e-02
7.989082520908477592e-03
1.616891477015201502e-03
5.181530104367385557e-03
1.919579399077612786e-03
1.988237040469569006e-04
4.337373399371057328e-03
1.833181672958964295e-03
5.554542267590315344e-03
3.003371817421258277e-02
5.612444396553463097e-03
1.138269651184643447e-04
1.550433885938276926e-02
3.272355149714302816e-03
1.218018246737094697e-02
1.836895303072732773e-03
5.159566413182868974e-03
9.073080245348254594e-03
2.594140574341954192e-02
8.320793121863125433e-03
3.779262770073482224e-03
3.059044289330737146e-02
5.909604406101122941e-03
4.630247578374137307e-03
1.241650035409008583e-02
2.274049452406577253e-04
3.105885706042790708e-03
9.539997848114581749e-03
4.244753930220267896e-02
9.404801134346361252e-03
4.735826981389073403e-02
1.395865769975913363e-02
2.320283550623431640e-02
2.552281749438959496e-02
9.448327160419760879e-04
1.795218205229760604e-03
9.452014819510266841e-03
6.237699742131822336e-03
1.268894190855877901e-02
7.387903940638789434e-03
6.128898790189156107e-03
4.325647541517980282e-02
8.666296839238189775e-03
3.847076199570866398e-03
6.514778768372533717e-03
8.053276739420009434e-04
3.808673560668121572e-03
3.383236408554548234e-03
8.220665161892740797e-03
2.952456684693060066e-03
3.248085443387205284e-02
1.822358654563311503e-02
3.407498076644890211e-03
2.003763098242939203e-02
7.809304764755045300e-03
5.069604053013886807e-04
1.110166124406309317e-02
4.004333625660964555e-03
6.622807609644095275e-03
1.579974946943042474e-03
2.027679265195795819e-02
8.781891616889156080e-03
5.873778155424683178e-02
1.178050171719810350e-02
1.527108390857659370e-02
6.001189179121244402e-03
1.507287973355574476e-03
1.060032963009303886e-02
2.627985337863021284e-02
2.860094066387514934e-03
6.125687491628204612e-03
2.100924986212433093e-02
2.042932520912729352e-02
2.244678098457778773e-03
1.323186644760959013e-02
7.180520562279595412e-03
2.944396834138169293e-04
1.881670521540541006e-03
1.854790260582734034e-03
2.603537745536110663e-03
1.262783955636011257e-03
1.373253958705418065e-03
1.574021723164179334e-02
2.753089472183924483e-02
7.662757344114084525e-03
1.166920663646429587e-02
4.183928325457283472e-03
1.271752347597968763e-03
3.045877164657177782e-02
1.903329161795757132e-02
1.445179553314187432e-02
3.296755543835683255e-05
2.320568296873650599e-02
5.430672037719547207e-03
2.009743315273535003e-02
1.670296440659080339e-02
3.234308740637164420e-02
4.038688242296148770e-03
2.046009332051585555e-03
1.057271841988462711e-03
2.225581804205860326e-02
1.754378380090660175e-02
2.181248377376653405e-02
6.245445244600498352e-03
3.458197949391812048e-02
8.050399290471941388e-03
1.811649059000583484e-02
9.270449880658200928e-03
1.412096402842018261e-03
1.211794960475798093e-02
1.283763174367314255e-02
5.143983281692991391e-04
2.696009851958051928e-03
4.063027578551609703e-03
8.880424936541595621e-03
6.006422450813871106e-02
5.002364662714066379e-03
1.291018418709521595e-02
2.246447404666677625e-02
1.102498261263233983e-02
1.291918301739063135e-02
4.373638864296762463e-02
3.378696178719959448e-02
4.524222074674114601e-03
5.518731130231268461e-02
2.464696921561930661e-03
9.249011624703370321e-03
1.838680569912960663e-03
1.240619965639353124e-02
1.051436878713253587e-02
6.678005602839590625e-05
1.901092752416585043e-03
1.341936879810260927e-02
6.553901363157370319e-02
2.190054727609599960e-02
3.822480070537863373e-03
5.014371592347665815e-03
9.183977015775127151e-04
2.453390640915291063e-03
4.428691599880352214e-03
9.040332214835259056e-04
9.991335735426905632e-03
1.899440791053006589e-02
8.039491816328828491e-03
2.384599194506180353e-02
1.338884272056770595e-02
8.505088944438618515e-03
4.282272100388050118e-02
8.770015797975058789e-04
1.006573892174994315e-02
2.734516414053235478e-02
1.774542905459712896e-02
2.194840032532550944e-02
3.500349342113452666e-02
9.807418429852807901e-04
1.179200158134833046e-02
3.010220025090649953e-02
1.929384812039702107e-03
6.021333218405561238e-03
3.499939291109352424e-03
1.058401409408213888e-02
1.498528013262322330e-02
7.645701429077115391e-03
1.092303450649471583e-02
5.526910177845620331e-02
3.367066188960250728e-02
5.329314069001752155e-03
3.459555167323097660e-03
1.390585784380847338e-02
5.209931342668089327e-03
3.470306258987232526e-03
2.837137613739374419e-03
1.065109112800409832e-02
1.099292746601254235e-02
2.123981588016405839e-02
2.821787438671779363e-02
1.432259361121660662e-02
7.706752130789912628e-03
3.094590650749193608e-02
2.508204158074096857e-02
1.465820855327055333e-03
5.679168444110454204e-03
1.769693790648156628e-02
1.458883283704468306e-02
1.228906580013098236e-02
1.689478995170693582e-02
5.527707966648649773e-03
9.779157969912095211e-03
6.492850205580791290e-02
1.251707472088694519e-02
4.037107785421854139e-04
5.336729483728201717e-03
1.776404621515406332e-02
1.475337440669790071e-02
1.906642710842376773e-03
3.518792806601478071e-03
2.761697461777062879e-02
8.375355832123249772e-03
4.102043357435353546e-04
6.175541438165067266e-03
3.540795258973120085e-02
6.085043727564233736e-03
3.029225359653785893e-03
2.095574533371493027e-03
8.971017040556366826e-03
8.411796543429675421e-03
1.403421091927472587e-02
1.166401585482947263e-02
1.356717964232797072e-02
6.703820325695466348e-03
3.460176289766672686e-02
2.369456107299759695e-02
4.761270216469139227e-03
6.500905394549277329e-03
1.746993445388529687e-02
6.227050991456966472e-03
1.358401610289371869e-02
1.715161827272243100e-03
1.212261517211552083e-03
1.225436420678334415e-02
2.468949642308031212e-02
7.526991902413212102e-03
1.438731365456739041e-02
1.108670256812563371e-04
3.671421784024515682e-03
1.172984833600572777e-02
5.002935405220457904e-03
2.570955245351554466e-02
3.911651840754433451e-03
1.334846160972793377e-02
2.599707452596404858e-02
2.315244687195114337e-04
2.883815879927218578e-02
4.476655123420338056e-02
6.240999990119181634e-03
1.552928947662145232e-03
3.196799634321483008e-02
2.725533435878692984e-02
1.703112067483193021e-02
4.542878211378685582e-03
5.929767031375219113e-03
2.060816766983320641e-03
1.566583767907457972e-02
2.247381401139651041e-02
8.818415529375990547e-03
7.411121439052751302e-03
1.589542464141222022e-02
9.074103330573984882e-03
1.218159972708073545e-02
2.672580413436733988e-03
4.797516034116374589e-03
1.420544877629048575e-02
1.263233732849803476e-02
2.541888102534526836e-02
6.090060550458561116e-03
8.765135847899755903e-03
5.003363267423069187e-03
1.033657490914765761e-04
4.694123500315847478e-03
3.327640991971483886e-03
6.934743381067412157e-03
2.826050907258695344e-04
4.764305500906795138e-04
3.828786087223032004e-03
5.561225388183890783e-03
3.210201298822309285e-02
5.157006856719547304e-03
7.975136501330566327e-03
2.209941606429563152e-02
7.324291286431068235e-03
1.185887109848290759e-02
1.041876199054695556e-02
2.259136818946495817e-04
5.429636222717349608e-03
1.742258159864865791e-02
3.133639024892558717e-02
1.193294330573799883e-02
3.376248790479670532e-03
4.198129941634395554e-03
1.691149439833817061e-02
3.501774697709666984e-03
1.854862978979076454e-02
1.018349946554799809e-02
3.674888490545193814e-02
1.110409350648459406e-03
2.072805505729510139e-02
8.541049838949375458e-03
3.991010499281992183e-03
1.969637284039298802e-03
1.231763657188184383e-03
3.065360492578016616e-03
1.230917663272274205e-02
1.125065391599123100e-03
2.074596385130498405e-03
9.044728890173020508e-03
4.878592864721423977e-03
2.361192809522711170e-02
3.147104351418057028e-02
3.779184427610322861e-02
5.080645625443657581e-02
8.449204729304165759e-03
9.394992242243539043e-03
4.097405865141034477e-03
3.143186815170263826e-02
8.622330574869985914e-03
8.979417434036414403e-03
8.634147530525888847e-03
1.272781421931541181e-02
9.665428475708103331e-04
2.260009384154372698e-03
3.036872598425050321e-02
3.867712809171898469e-03
4.681303227896527544e-03
3.858759239987070294e-02
4.709678549832216343e-03
3.067454061745953156e-02
1.162295743898124345e-04
2.166521219831833017e-02
1.287531005813989660e-03
8.163804322794988855e-03
7.940272725169171195e-03
1.268533683420958874e-02
1.920178173424345446e-03
1.993243471331693564e-02
1.084578754136386949e-02
1.334591892708293301e-02
4.853648291586527830e-03
1.908311265299256904e-02
1.143285105907893874e-02
3.010158613111445225e-02
7.471981467838872959e-02
8.419799433450406156e-03
6.019711790705466019e-03
3.128794031075038395e-02
7.260295641246825547e-03
1.190343109266668933e-02
1.138326138672462497e-02
1.125791889001365696e-03
2.128131721818543598e-02
1.219494917428561205e-02
1.723758341452145265e-02
7.004748705395555212e-03
2.542978402798495852e-02
5.675285070260183487e-03
1.769803028270368166e-03
1.553185415296622421e-02
4.430959270412891671e-03
1.318431663249291369e-02
3.228219224893048682e-03
2.010032278299463473e-03
1.567177547862970075e-02
7.422490835804897852e-03
2.864738516338877217e-02
9.349314408705679605e-03
9.061700339475431062e-04
5.417988009795043913e-02
2.607803986324998789e-03
1.519490534815040421e-03
1.482613340715192851e-03
4.299690663552674375e-02
9.465168602280766424e-03
1.139099639249570306e-02
4.367989745877357693e-02
3.426456322204641039e-03
4.599335950383859686e-03
5.144212978843466788e-03
8.190836565571624206e-03
9.084381842500323725e-03
1.454172458137872187e-02
2.009219668218604343e-02
3.052842453863974237e-02
6.093060104073981173e-03
1.499306044735888854e-02
1.660713124188829826e-02
6.191610061539231345e-03
2.777813015705726286e-03
8.356366745429598744e-03
9.785972515558094900e-03
5.258299333980359126e-03
4.461920011541894472e-03
1.034506770412587165e-02
1.315306386155169066e-03
1.756975919095426011e-02
4.332055435007733414e-03
5.848187158891078596e-03
4.254911274244882989e-03
9.503097636297249545e-03
1.958794932956046606e-02
5.268543729523181111e-03
2.384647268475911797e-03
1.026318749421924713e-02
6.519006958834311360e-02
2.223021299027331046e-02
8.829344564732232586e-03
3.154249020975309625e-02
1.514112005521563512e-02
1.891413913360816962e-02
1.245184289516140450e-02
2.428162327611924770e-03
7.548479192358504425e-03
3.173103231390986267e-03
9.770358284555497042e-03
2.325462359434602583e-02
4.657971129031327623e-03
3.966795751836590944e-02
5.794749893123414715e-03
8.387939293353951012e-04
6.493670091375703009e-03
9.876039448338432003e-04
6.910389011477646379e-03
4.958476926792725753e-03
2.336025472667512155e-03
5.687953515509191690e-03
1.847901030047346873e-03
1.038135880786116363e-02
1.221790552152611162e-02
1.074167053821650786e-02
8.377950729009021880e-03
4.345124774418383275e-03
2.101169560821664062e-02
1.327797527104823683e-03
3.902275927111696630e-03
2.165914159128449687e-02
1.076097391635017081e-01
2.773654957177701212e-03
1.328503845430334873e-03
2.073552027897854547e-02
2.681608773668468088e-02
2.089147366903240655e-02
2.500570955270683265e-02
8.751319868903251892e-03
1.860924920128919149e-03
7.536276912148347044e-04
2.085587457983595350e-02
5.722340541847262610e-03
6.309298929335328820e-03
1.444186716614370702e-02
3.285308532109163394e-03
8.143067577851359137e-03
4.305252507484991220e-02
8.856947468782832428e-03
1.726172476945633154e-03
9.989070207288376635e-03
6.496327211884019969e-04
1.953549001918113842e-02
7.351151017585298882e-03
1.131978761528515051e-02
4.276443527867828873e-03
1.590289091099694394e-02
1.167631765774470795e-02
7.293693509320175843e-03
6.596351999995618554e-02
5.949162537938547032e-03
3.371194285780019541e-03
1.048016905063310460e-02
4.357618392241346256e-02
9.300039932623949601e-04
1.721244683781476131e-03
1.918048421030527778e-02
6.158810052173177042e-03
4.336857616510302743e-02
8.125931765119239966e-03
5.877070788469040789e-03
3.788641744123354659e-03
5.223228212434929789e-03
2.490959425487754893e-03
3.145510071363190330e-03
7.157417288151782936e-03
1.135458640997706256e-02
4.086390990898011721e-04
1.501123514400334435e-03
1.615438347562279942e-02
1.374942131392800811e-02
4.165096090357941691e-03
1.503228538724271125e-02
1.205466334131111676e-04
1.163385868460816569e-02
7.831708889934854700e-03
2.379894506756659658e-03
3.334108306684421472e-03
2.485893668718711785e-02
3.578938485661362079e-03
2.053129430467426006e-02
2.856632673741086106e-02
1.428142698586356597e-03
8.002329021757450742e-03
1.094900671451567303e-03
2.853997925934317198e-02
1.606538878722901104e-03
6.215364104648459301e-03
1.644591923044144742e-03
6.729093960349232656e-03
6.728195040803557764e-03
3.687088414089770977e-03
1.147188288615007962e-02
3.460608189496325315e-04
6.896403812939192260e-05
4.061886662702128212e-03
2.482160524385509243e-02
1.269836541702083418e-02
2.546946065348866528e-03
5.776897809588775815e-04
3.650546184831400358e-03
9.095001258866525565e-03
3.176966384463464355e-02
7.824545682110183031e-03
3.352739803058315139e-03
2.272215659325889630e-03
1.593134480892004559e-02
1.565625917740647716e-02
5.086211885612997204e-03
1.590567411694501429e-02
7.309983160151564685e-02
2.493604664485281862e-03
1.027254231902539200e-02
4.347880177600828289e-02
7.332965006876870917e-03
1.312979395288279595e-02
9.706366532530224037e-03
1.900230699792198122e-02
2.621285723879498986e-04
2.845714055023564754e-03
6.784218137615369466e-03
2.725501257397012003e-02
1.297119549027720732e-02
8.231937089769707228e-04
5.190369184301260597e-02
6.826428102848221963e-03
4.074575176778001510e-03
1.062135730080876472e-02
7.185268227711005297e-03
1.333519918547711007e-02
1.350411501264614511e-02
4.428437714079994916e-04
7.060130196334011080e-03
2.635826160586473774e-03
6.523029180905939167e-03
7.717485732642125409e-03
7.594352795020528971e-03
4.236536510937117216e-03
3.730675478435398901e-02
3.243214753908684519e-03
1.634928490402292461e-02
1.477094826829499982e-02
2.466164995802856696e-03
2.821740994799792554e-03
1.049480361689199628e-02
2.670940158341769330e-02
1.737220454691292253e-03
3.804564818380212765e-02
9.118252385157711581e-05
3.406928204023668139e-02
7.009938057648880958e-04
6.165697386834570817e-03
6.245579373151766665e-03
5.554791298959455004e-02
1.498186371911863421e-02
5.463370624251263907e-03
2.170412585048656431e-02
2.636218251455014344e-02
1.537001916296986022e-02
1.155751648340350157e-02
3.140856988918304046e-03
3.960204693829672690e-02
1.473156243268493489e-02
9.420987266141635230e-04
4.943380236524024147e-03
6.130545463577580234e-03
9.358911915294258060e-03
1.361324051952552197e-02
3.120518454789320429e-03
3.893063292729682500e-03
2.804214256637580643e-02
1.391892702616683020e-02
7.008056844079978143e-03
2.602115284426982731e-03
9.615427844171230707e-04
4.623529514306956752e-03
1.612936965349969290e-02
5.802852133193607889e-03
5.801834946347757607e-03
1.151299251675072521e-02
6.101045180054580006e-03
2.019092559132884546e-02
1.858178035349498936e-02
5.632007920375092618e-03
3.888030094161277518e-03
1.469398925026636077e-02
2.633103275045262093e-03
5.175543885004376538e-03
1.966318552691510846e-02
6.299468390650930782e-03
2.457939714619145413e-02
5.338223637595599161e-03
1.926529904047180608e-04
3.506675762656252804e-02
1.710692823077439306e-03
1.436512614207950157e-03
3.417153408611336637e-03
4.423892850144352934e-04
5.488320071625514204e-03
1.561138093132662975e-02
2.857410758780369597e-03
3.021500141826577706e-03
3.535570625868783567e-02
8.117407518769905600e-03
5.971579941390834506e-03
1.224136927639081322e-02
6.759353205198809396e-03
5.067845364289622415e-03
8.315568735319555857e-03
9.863173851549594112e-03
8.089322590705171762e-03
2.320483659492657974e-02
4.886927528341809650e-03
2.810247356882636036e-02
2.619844324888336712e-02
6.151006305019190989e-03
3.117925905035538389e-02
3.774345827335445942e-03
2.657998167766281727e-03
1.084535483689683111e-02
8.949123496441177897e-03
2.684171841861752138e-03
3.236879853712900518e-02
1.172952771773885447e-02
1.282291057867323766e-02
2.541742665667231366e-02
7.593725639842492962e-04
7.311693969202451987e-04
3.088549486787624428e-03
5.347090152794191018e-03
3.682445242808916538e-03
9.252870244759733159e-03
1.692306652774502179e-03
1.877629075018201954e-03
1.008562892624236332e-02
1.598264411092822392e-03
5.090626829911927553e-02
2.312842890722712624e-02
7.047171628390641249e-03
2.513927329146922393e-03
8.721325144717196817e-03
2.353450850585947149e-03
5.726635014673540913e-03
6.544520433837885606e-04
1.516647164878474896e-02
8.900796556851216929e-03
1.089180079920295911e-02
6.732918239010336758e-03
2.950445509439717298e-02
3.082510165552136694e-02
6.346734386398363535e-04
8.043627131212699802e-03
1.380648276979259026e-04
5.596634318813484580e-04
1.847549798940441995e-02
6.281814634898115132e-03
2.696297364621912367e-03
8.250228669714953708e-03
2.689982300938961301e-03
1.004829657858758406e-02
1.047098766340957658e-02
1.798410623580647474e-03
1.592663514885376760e-02
9.675173595427140338e-03
2.294868363211416754e-02
2.351589606512739621e-03
1.334104323266104009e-03
3.231825126265127496e-03
1.957804493946535551e-02
1.766291177412013594e-02
6.588851478734994958e-03
6.493267555576609507e-03
1.473713824643184921e-02
1.347171530364439304e-03
9.992673097176774100e-03
8.270675415664010058e-03
6.272153423773527484e-03
1.145130295414881899e-02
5.276250693765528049e-02
2.083310387427451948e-02
1.332197758534887921e-02
2.226732701273149290e-02
3.223450610771236638e-03
2.177518347428707146e-04
6.822949567342931343e-03
7.367756528729046267e-03
2.215088231701349553e-03
1.768145819676255129e-02
6.517520191407172835e-03
4.606828433584408272e-04
3.955276418636487212e-04
1.366433199790353416e-02
1.196106599992245202e-02
6.390144543077045519e-03
2.717173075134938012e-03
2.437407658274088392e-03
1.120753927794502364e-02
1.043348017262282247e-02
9.550967914646714754e-03
1.341544712844011146e-02
5.521240833360957501e-02
2.171502260547721053e-03
4.844994991427604980e-03
1.443425843339890893e-03
3.263715472046398863e-03
4.661199232969218988e-03
7.523449675696097794e-04
6.436140984299482982e-03
5.293341002177797544e-02
1.072286392523377763e-02
1.777929752543802935e-02
4.159707167512691553e-03
3.143713938150589915e-02
3.842028971882752164e-03
9.699070093507788926e-03
2.982336817780851211e-04
9.178124925437935663e-04
6.467468300203001869e-03
3.694409860044438505e-03
1.356082916426059465e-02
1.407172873477092676e-03
3.906902933355018565e-03
6.090864897668103566e-03
6.212891453199182942e-03
1.073912209678517041e-02
1.389368973266690184e-02
2.557920146416715543e-03
7.747508617934067802e-03
2.628216236944553447e-04
2.032089791410158011e-02
1.054367539660941780e-02
1.308695611324268461e-02
3.119863625772943683e-02
1.577090546333921595e-02
5.660189097465179522e-03
2.940986893826948168e-02
1.127455150015749252e-03
5.828673644501602621e-03
1.768154056147342931e-02
1.180603924702769555e-03
7.218986208202204935e-02
2.196990695338560395e-02
1.515280236155910898e-02
1.023680481784355369e-03
3.048867621417591933e-02
7.369842373462920891e-03
5.272972299780353221e-03
7.620984965354023200e-04
1.389503837764784026e-02
4.224943830848947035e-03
9.642002108818105779e-03
5.529424042054191524e-02
2.836183922477347481e-03
7.285902800676109098e-03
1.168270601992874285e-03
1.458574866575811264e-02
4.091961970754544320e-03
1.245660143197742202e-02
3.478241873209780496e-03
5.777619270694724779e-03
8.292579793976691260e-03
4.768228872652510372e-03
5.209744762221506058e-03
2.788927951584632345e-03
4.383131787183034561e-02
1.552201869186397090e-02
4.341891695763821189e-03
2.418529541731260016e-02
8.338592523268855902e-03
1.956192423172810856e-03
1.521654229987658494e-02
4.212211917746738407e-03
3.081132936130675376e-02
1.551939259652563262e-02
2.147350527774051498e-02
4.538147308922831948e-03
2.425583546259702655e-02
8.694962126432033769e-04
8.998505101570717507e-04
1.470282070767971183e-02
2.819577408337217012e-02
6.318907320242513406e-03
3.201040412985661776e-03
3.140549389664984425e-02
2.505022956025228578e-03
2.363198559826580614e-02
1.994138622687600601e-03
1.716959683736464515e-02
3.597068318362514616e-02
9.577263477044670181e-03
3.966933569780991230e-03
8.788641782136180289e-03
2.106001602661277360e-03
1.205308299742628188e-02
1.562773620345637646e-02
4.451051646189814470e-03
5.160002712842461786e-02
2.056835589854004442e-02
7.719882135721063687e-03
2.521654529076135243e-02
1.885070327420315661e-03
1.019510198798196168e-02
9.298068811584229987e-03
2.549404280953598140e-02
4.481367330934305643e-02
2.032979418848244318e-02
7.876622743673260263e-02
2.844875300820480513e-02
2.062198255819943510e-02
1.504683187807464434e-02
8.698560799598083204e-03
1.199104760072080417e-02
4.561086279044276187e-02
4.020220455712446642e-03
5.214947873291229420e-03
4.782953570889652423e-02
9.642423261413091487e-03
1.874019623605081494e-02
7.986286641384576085e-03
9.887567084403388676e-04
4.323972415011782811e-02
8.600003568054770051e-03
1.208140489036382478e-02
5.058299466145671150e-03
5.146869128357800180e-03
4.233345431745566718e-03
1.169006259687044302e-02
3.432761422125730523e-03
5.908252926685156337e-02
8.515823390512211599e-04
1.795874259717849045e-02
3.448864561841446380e-02
2.206409579576165160e-03
1.692752919992384503e-02
3.985702018937446051e-03
1.218494159684121309e-02
3.351369127916557777e-02
2.680317594164761952e-02
4.717881775894969265e-02
2.009095701456859590e-02
1.844796252755879704e-02
1.080915356185393507e-02
4.101937994613717720e-04
1.330127993424308833e-02
2.705638437512790546e-03
8.290562148706409618e-03
5.555974430327088182e-03
4.260480689532419180e-02
1.145430432980531522e-02
2.437850323529935134e-03
9.645527927450006644e-03
2.720186232445559633e-03
4.429390504202761897e-02
5.833679194100979681e-03
1.225003950353826740e-02
5.327139658697874723e-03
9.052096440480168760e-04
5.126687064368229060e-03
2.463375412084135158e-02
4.696103786690340731e-02
3.121057368737751442e-02
5.013135948656139915e-03
2.614420039614546998e-03
2.011703407666083285e-02
6.050021160788614238e-03
1.530765835488389834e-02
3.032030994674145795e-03
4.081537270266467725e-03
7.161264448322629539e-03
2.614207192350472692e-02
2.456578530660292331e-02
3.241996929474437461e-02
8.384521545808326301e-03
1.986353702488603823e-02
9.469135091222692646e-03
1.030461392746018223e-02
2.442796151014038630e-02
1.599928960950005447e-02
1.656107518811223561e-02
2.711981470930257404e-02
4.664861114397374220e-02
3.743873513777640216e-03
9.518789134858511233e-03
9.024984288991278608e-04
4.291685824786267700e-02
8.287954882541949397e-03
1.489746985897237239e-02
4.203071117596062292e-03
9.814789422373775690e-03
4.896051274213622517e-03
3.994352608654636733e-02
1.385379294860935792e-02
7.720642398620691793e-02
2.088613351778228003e-02
1.541934255874632259e-02
1.359917276668951361e-02
1.329767394626692537e-02
2.391582521848280990e-02
3.879774311665411257e-04
2.106038958708655179e-02
8.334086336758157049e-03
4.036530365056058278e-02
1.565805809835278672e-03
2.336533969525894996e-02
3.146200826607460643e-02
4.804743844534514752e-02
8.828510534662327783e-04
2.591069019813410125e-03
4.090166350145402370e-03
1.669472986621560462e-02
1.381747253419306209e-02
1.630115506708842976e-03
5.008696870118763828e-02
1.658328214509194320e-02
3.079915536268753272e-04
5.999341410754056685e-03
2.409005442842442057e-03
1.162158496334356195e-02
2.659386350683479172e-02
7.088145139913947304e-03
1.935729220964370681e-02
2.522975023457768064e-03
4.570618748090069655e-02
2.928972053842528265e-03
3.474044921899673011e-02
5.942625076680972326e-03
1.377045132197342314e-02
6.900887014221696383e-03
3.255075328668556416e-03
4.023904187468332547e-03
8.373759971174305622e-03
4.979317039705197061e-03
3.542900009804917164e-03
1.601781958775903153e-02
9.779527383830973614e-03
1.899501413042505721e-02
2.656768843519860535e-02
2.512730790296494043e-02
8.314796268694846226e-02
7.243496914322373331e-03
5.687754340929072894e-03
9.282622245571955921e-03
3.730493772526108712e-03
9.192564319266162409e-03
4.908382794379449049e-02
1.117449938222856223e-02
1.018088174962600290e-04
1.282526177091767791e-02
8.363006093565598931e-04
1.467407813164847696e-02
3.095263867109624215e-02
1.156765834326519901e-02
1.494655544168648625e-02
3.424403645765558557e-03
2.116927567920601563e-02
2.664177398671308417e-03
3.533020062395742650e-02
1.444023101966826483e-04
4.615393433380621940e-03
1.228487968320258854e-02
1.367974836841452787e-03
1.202735182057985616e-02
3.139625177775329234e-02
4.700472292708316596e-03
1.517809035782348177e-03
3.406298245475133241e-02
1.125611506282379187e-02
1.881673453137917536e-03
1.628761214116345932e-02
3.820812657512768010e-03
1.936245602045116171e-02
1.829725812573746585e-02
2.453228316297525330e-02
1.183235012871262579e-02
3.129674302338018160e-03
1.194237376025565622e-02
2.640574700075002182e-02
2.139435548359200356e-03
4.326479044029823452e-03
2.256408352493604122e-02
8.981649567711309790e-03
1.230538957730400399e-03
4.037292900814854618e-03
6.632977287053770481e-03
7.626264941734042097e-03
2.075751802178968375e-02
2.419997677008674936e-02
4.294382738458107397e-03
2.604753719719729924e-02
1.895295614751923291e-02
5.290243271228969868e-03
6.803641215404380993e-02
2.776881427459295532e-03
1.857610429904040308e-03
1.590416935020513151e-02
7.015553107897098267e-03
6.167494325917902837e-04
4.225762671803261900e-02
2.262748779291801418e-04
8.121528106556174728e-03
2.380578533714571726e-04
1.301979273565838802e-03
4.959587440967952801e-03
1.492435446065256202e-02
1.351027561185413027e-02
1.163911848508288743e-02
1.654483286926501434e-03
1.258119571119992175e-02
4.838423525470379044e-02
2.097937564211579606e-03
5.141893458152413388e-02
1.687886077223008097e-02
5.956995761964324620e-04
2.426475746179591192e-03
1.733147051382113394e-03
1.214379917385544072e-02
3.236900397203260754e-03
2.778317420055062548e-02
1.009920928762002290e-03
1.390808034091771221e-02
6.440827002626155900e-03
1.386318618330249081e-02
9.132842620082671364e-03
2.061832577757132315e-02
2.104098127691574321e-03
1.519098386538692957e-03
2.834880628534927963e-02
1.403078055193108555e-02
8.330486157733948960e-03
1.313273258590100245e-02
1.205759356078872635e-02
1.012718876861788686e-02
1.559168145746369152e-02
2.063283648778635807e-04
3.792371284712578276e-03
1.342089375637705705e-03
1.997457753004541758e-02
6.026789496863593949e-03
7.718421223977735279e-03
5.173401057561970162e-03
5.806275180712892892e-02
3.980856208734296839e-03
2.417815136458321620e-02
1.311370973541546581e-02
2.592458843550329156e-03
7.408896708370164494e-03
2.123655656850457173e-03
2.134967570815350050e-03
3.608918012380470108e-02
5.247648623648921984e-02
5.202343131105198644e-03
1.084868982276259580e-03
7.591094638593633322e-03
2.250740020980225575e-02
2.434091594401618236e-02
1.411673808941072555e-03
6.674111277652158142e-03
8.521013031330227500e-03
3.795876112155455867e-02
1.529785321988480495e-02
7.910481379494217757e-04
5.300833581400345162e-02
1.691907224255093448e-02
4.265053871918407687e-03
1.070292149355685923e-02
5.349376524814639100e-04
1.260868749698578015e-03
1.230568754426648870e-02
4.504790392848966735e-04
1.234717405491503198e-03
6.867334280251057715e-03
4.211338148464485731e-03
2.455355757268920525e-02
2.380147286125990080e-03
2.230682561411942086e-02
1.666090020784223927e-02
1.824826908272325285e-04
1.230042916059857078e-03
6.725728086813083026e-04
1.368928842766494597e-02
1.629826511669850084e-02
9.520461306900571824e-03
1.746834892888097374e-02
7.201091853960325806e-03
1.644522836733130090e-03
4.475502500351075802e-03
2.150577165531284904e-02
3.274926247811012648e-03
1.127009860812362794e-03
1.138851796650294790e-02
2.047308557212341312e-02
8.082619982894683267e-03
2.397821892566941865e-03
4.173517801330617338e-02
2.079522548903143392e-02
7.571407402797818154e-03
1.664294092268741448e-03
3.216179717043148381e-03
4.934768124791107970e-03
7.535893134985261789e-03
5.614076445198773642e-03
3.672025853927036489e-03
1.556734255052422827e-02
3.159884243521553226e-02
3.561189719923031627e-02
1.863235712432115450e-03
2.435103757994321744e-02
1.324819812225798768e-02
7.380050117512438126e-03
3.515974738137491069e-03
1.685935509008102545e-02
2.010582425080943703e-02
1.847348039095910929e-02
6.361879976279292623e-03
1.028168189447728129e-02
9.492642608779126856e-03
5.204349736132897301e-03
6.562854142962541021e-03
1.415193588769770444e-02
6.191697108685126349e-04
2.667942487122425266e-04
8.834499647367917083e-03
4.398436223332342909e-02
1.500306547902306720e-02
1.656425572872068791e-02
1.867271633784779034e-02
1.247510217059734838e-04
4.236313343605329317e-03
6.882684433044680000e-03
2.607425897144812453e-03
1.595170723169351363e-03
1.937188753613432570e-03
4.271776003780334251e-03
2.406644953744949654e-03
2.442658116266916909e-02
8.360787797876740104e-03
1.031298352231233006e-02
8.236275307177954447e-03
1.170753048815345587e-02
9.957141865619308085e-03
2.910528508427223313e-02
2.289567839760078827e-02
5.282314220295594720e-02
2.297858505527125214e-02
3.229472724604197115e-03
8.023386271184141522e-04
1.823881793379647509e-02
3.983281878745146935e-03
1.625885637001902098e-02
3.297339954450983351e-04
1.358166529347791876e-02
1.164840906744860939e-03
3.710944881202583000e-03
9.798442382224895053e-03
7.654120525134794351e-02
6.801328900082040732e-03
1.285159918959303919e-02
3.145713618996460927e-03
3.522036543075526913e-03
5.365092409276590174e-04
7.321887873782359848e-03
1.550486074765888497e-02
8.374201515785696659e-03
2.410676489198360258e-04
1.941042712132944222e-03
5.425507809888192520e-03
4.970781724290556855e-03
3.949650499061688191e-02
4.435827390539381909e-03
6.618448418813652895e-03
9.896139995718143331e-03
3.543594413004638038e-03
1.871336739461035639e-02
1.196894100823499285e-02
3.124798785387901748e-02
5.418042415154517011e-02
2.159490288613205231e-02
2.116848033061179395e-03
3.499843540375697191e-03
1.011396603536189251e-03
1.090906809260115511e-02
2.068324338515602559e-02
2.513799292496902288e-03
6.898564786151908587e-03
1.189968241356627668e-02
6.233922171942695573e-03
5.162687371061795705e-02
5.212122951522226919e-03
1.996477223905885473e-02
1.968439933525024249e-02
2.109820846085162099e-02
2.345518257352496513e-03
4.447990743962230986e-03
4.289344544166327940e-03
2.032950722662931961e-02
1.446822190997667026e-02
1.151710868174177574e-02
4.565928022022144872e-03
2.255471132276856694e-02
1.238067196996094251e-02
2.481785595878661758e-03
7.740447095275437839e-03
8.117304374593159108e-03
1.227509865359436778e-03
8.966377159451175555e-03
1.650226606193595097e-02
1.666432132833378654e-02
2.623555006006764168e-02
4.403877516975505946e-02
1.389406417528351451e-03
1.389941754081981153e-02
4.763031638788286191e-03
1.767502011979499993e-02
7.207334621907767608e-03
1.366376876168808908e-02
1.133752463647835426e-02
2.547593684978586431e-02
1.003305543330314069e-02
2.397150619709424724e-02
1.311499386330158140e-02
8.159886138623829305e-03
3.599426409956432271e-03
3.007774492773659936e-03
5.934995302070118772e-02
1.033909026092272830e-03
2.051946298812542396e-02
2.268373034854995370e-03
7.549155286403234563e-03
1.117584451922551403e-02
2.767706960332406464e-03
2.993199781207728921e-02
2.171892377900272453e-02
2.684011914243084052e-04
1.303217389888905973e-02
6.735905175280224727e-03
3.347014853520353939e-03
1.068359307856842294e-03
8.135080415281098834e-03
1.295936050655466763e-02
2.018574469502746119e-03
4.809204751892854051e-04
1.534186572299405665e-03
1.746322050480795043e-02
3.213083251294766504e-03
4.959703900837975771e-02
3.000296270338788200e-03
1.243859631289161854e-02
1.817888766690211461e-03
3.651315013133876741e-02
1.186472905194854450e-03
1.737717337951606711e-02
2.268956595514198815e-02
2.411440787286783793e-02
1.162892731136817501e-02
2.578679970317323752e-02
3.902246437371699461e-02
1.730981050316734299e-02
2.643092450240289507e-02
1.064763892372160015e-02
1.701646546075557057e-02
1.735852296230699573e-02
5.318675840647374767e-03
1.758575667295364520e-02
3.956050796325334684e-03
1.108375919897586041e-03
1.875533963083651084e-02
1.833917407498444202e-02
1.943884781448489141e-03
2.056412208723818955e-02
9.773874031587803657e-03
9.366881921663215010e-03
1.171401270298931757e-03
8.730586347349716947e-03
4.507149508870229859e-02
1.410453730876941661e-02
8.160140398815740603e-04
4.979909330660933775e-04
7.129319089185645261e-03
4.008957880763520942e-02
1.576845348253248791e-02
4.971378617382803122e-03
1.054042757130721139e-02
2.618677604134084236e-02
1.678071981128182594e-02
2.052661147659616894e-02
2.476921129969869920e-02
1.451172923233853482e-02
1.751395986866705404e-02
4.391876247274299414e-03
5.713882783323968179e-03
1.401001367543842739e-02
9.801836699735831313e-03
1.536471092451928075e-02
1.164362619045088837e-02
1.103831561492650548e-02
6.889396128723936780e-03
8.359901730812330234e-03
2.757711128585953013e-03
2.181734585793900644e-03
5.407306455129940424e-03
4.000036023864530360e-02
1.363860895691471758e-02
2.486072953794275092e-03
1.888085356517004570e-04
4.233187426710437185e-03
5.278170950464603634e-02
4.526899758330628354e-03
1.843030945099723844e-02
7.800973702113069182e-03
4.005483007456338285e-04
3.495640568254232416e-02
4.135664480676426447e-03
9.205368575931509312e-03
1.226702154725653644e-02
2.860041657260736433e-02
2.538288155035274551e-02
2.515257879251028145e-02
5.212439473864417805e-02
1.339058055742801956e-02
1.490170806544912317e-03
2.341449660707914382e-03
8.140413027504362492e-03
1.099060548671002696e-02
6.911648138718607184e-03
3.578382880551673334e-02
1.191239770083261929e-02
1.486563948786660122e-02
1.554110247463290351e-03
3.449838850758113473e-03
1.265494205868225759e-02
1.293773493979381850e-02
8.470112615572632925e-03
2.556085391935114179e-02
1.492953386940353011e-02
2.092682927601783455e-02
7.905012113005687596e-03
1.283855960114409396e-02
2.942414896147991371e-02
3.657827251503739663e-02
1.872318906850608394e-02
1.117231047279054583e-03
5.252220289703214695e-04
1.395364703780490115e-03
4.389172067739583252e-03
2.656829278418578605e-02
6.143850439635441946e-03
8.041946114612452678e-03
1.305677246540508547e-02
3.584406198792863818e-02
1.820474743846613175e-02
1.061427045223744571e-02
9.022512316770828645e-04
1.505998235230991689e-02
3.112758539073018187e-03
1.884334083128395149e-02
9.219334918630603046e-03
2.227917452690332534e-02
5.797581652646638384e-02
3.765114645966927479e-03
4.394175183912446200e-03
5.499752918188001004e-04
4.250258640330750910e-03
8.275994350544184017e-03
1.171110105082763531e-02
4.485042541395026748e-03
5.202752050009408664e-03
6.525643215294208918e-03
2.156802514565910045e-02
5.991915851258255293e-03
3.608441085620639477e-03
1.896279752003759630e-02
3.005259346484325748e-03
1.645078451085330018e-05
1.379518905589336396e-02
7.212242436921577696e-03
4.330165403594959939e-03
2.143259262505452928e-02
2.440774546947027321e-02
8.276280554450808624e-03
3.015203428985962358e-03
2.628662491032011939e-02
1.069305464990851981e-02
2.467098054204511226e-02
1.232759262501732095e-03
1.518551024723999339e-02
1.562768181583563606e-02
3.200911387586432427e-03
1.563014020022990627e-02
2.777328079416183787e-02
3.066126609436637535e-02
4.510183233714538248e-03
5.065833102787404944e-03
3.134379067941827583e-03
3.606782817479873941e-03
1.920437116073333769e-03
4.026504926942008587e-03
9.505278126937369287e-03
1.037883312271769935e-02
1.046938690892089407e-02
9.211253777095486026e-03
5.220574545481991569e-03
1.161288220926084448e-02
2.652483863971605293e-02
1.062835864878713173e-03
1.032250599397883245e-02
2.472605435498464663e-02
6.757361466846936032e-03
4.631818999874503726e-03
1.057811091540348386e-02
2.419309179039925983e-02
3.256394509484323435e-02
1.567691088317652200e-03
3.485353918738488127e-02
6.268480048756934139e-03
4.699841175241182417e-02
2.591614750422147062e-03
3.893500612731077420e-02
3.970156556681802423e-02
1.547419144136349956e-02
4.358276752391314519e-03
1.424175148283722894e-02
1.046667873500820717e-02
7.088362765074493303e-04
1.138299578281150998e-03
5.523151963458387131e-02
2.012810290291098744e-03
1.827371142910920888e-04
9.741713674800249467e-03
8.583424143817661861e-03
1.098540565365862913e-02
1.491864805626533577e-02
2.549217453832453711e-02
1.113470730170369738e-02
4.426662287832418968e-04
3.223903538519768894e-03
3.834235139796672576e-03
3.211978288275526595e-03
1.747979983457577727e-03
1.033475226064343305e-03
1.818967033414310014e-02
7.343464857547676167e-03
3.001059449502697582e-02
2.988557725947416782e-02
8.270407047441688184e-03
2.895565061018121056e-02
2.276008732399891279e-02
8.558583147825860743e-03
9.838983017955498997e-03
2.628905843951946306e-02
3.091998318347553495e-03
2.112593763854495391e-02
2.365611836402197604e-03
1.486209627246063217e-02
1.734976349743409807e-02
2.334175954117241603e-02
4.961369829738772677e-03
3.744328309146374711e-02
5.272091509032983750e-03
2.132347413250832574e-03
3.225147573766053155e-02
1.963288323310057037e-02
1.413382626475349901e-02
1.370955124365309807e-03
2.400082902446944860e-03
5.334645129777913081e-04
3.449078964519819435e-03
6.182221972240596955e-03
1.363984346271463269e-02
9.095148877554960071e-03
4.194566259162922292e-03
8.060429676936892857e-03
2.999303715768881357e-02
8.470621519564989349e-03
4.398146447495945854e-02
2.346652084860614482e-02
6.733442344045021712e-03
1.286056646037371520e-02
1.787026949641964957e-02
3.152613929631481460e-03
2.819108292235925073e-02
3.604905253984746344e-02
1.438561791723937978e-02
3.173490782429430612e-02
5.494638178421409197e-03
3.565546550647082091e-02
1.192317146369042957e-02
2.372224760327823478e-02
3.692445399921897610e-03
2.023980649762447542e-02
3.300362753051719333e-03
1.221483761097438489e-02
1.014872955515583319e-03
2.116375747783968628e-02
2.882464272452400778e-02
2.376655947175611901e-03
5.170902881203285478e-03
1.248720104281053622e-02
4.813727557058228822e-03
7.938003301050664332e-04
2.359547115559804120e-02
1.472330929696490792e-02
4.403979255976302361e-03
8.928100516775873408e-03
4.872636404386955500e-02
2.410690942033397090e-03
1.218209155792660328e-02
6.190476463823191278e-02
1.653656757360456517e-02
1.141052326762294518e-02
8.438568827937833333e-03
5.661273865297546809e-03
1.542308573787368013e-02
2.159762188225026677e-02
5.571573023693417691e-03
1.758431382527141443e-02
8.361553820610233279e-04
4.228087637130626200e-03
6.885652662122060397e-02
1.470749762438748262e-02
3.642821913297264284e-03
4.608714953736584019e-02
2.946469361536688258e-02
1.979138910741701750e-03
6.099515267982049543e-05
3.221387343824194671e-02
8.605157347496963927e-03
7.516148350892566145e-03
6.267896715192757678e-03
3.363469137052949726e-02
1.165310154601815855e-03
2.799735314888059882e-03
1.270328375175548002e-03
6.731013579184148658e-03
3.180161005755237358e-02
2.062312315704012758e-02
3.067756617300035696e-02
1.315558582976736682e-02
2.641408453826804906e-02
3.641354262855445861e-02
1.522318846261775868e-02
6.338381836652156980e-03
7.445588457005897914e-03
2.653020686845139649e-03
2.119612641290738453e-02
1.704178899720062285e-02
3.916233602862393554e-03
3.185378662016925128e-02
3.751174369678240191e-03
1.759418051392802260e-02
1.177817173338501985e-02
1.541381442968519158e-02
9.475822812874283574e-03
1.221516688582992630e-02
7.952977766116312713e-03
5.924443336302973040e-03
4.517361960966442824e-03
3.457918766980196124e-02
3.468488441170434339e-02
6.460478201751454486e-03
7.482913233392283689e-03
4.509872252510344071e-02
4.284990095453064529e-03
1.488660897644403062e-02
3.169371186946824594e-03
1.805855472824920149e-03
2.752007468862582851e-02
3.525633946497670757e-02
4.415151818360861513e-02
1.499242140261883814e-02
1.053063271192707442e-02
5.006024070735698439e-02
2.026785040346721495e-02
1.121205207729832586e-03
7.580659471659123225e-03
7.111834054243440506e-03
2.221919462457990022e-03
1.896904869782904679e-02
1.866755885687271591e-02
4.737533479726262209e-02
2.454207986124658236e-02
1.070221309012529820e-02
7.520918706680214914e-03
2.084653705378948854e-02
1.818815199990059771e-03
2.193646539554754832e-02
5.429092385395930392e-03
1.272595076650318534e-02
6.445691589012500153e-03
2.276277940833655589e-02
9.302154409995936485e-03
5.715415888620140744e-03
4.004512038447455291e-03
1.683129760010846146e-02
6.655190456960355036e-03
4.208461501048147563e-03
2.721126522889430466e-03
1.528699894483132645e-03
5.451985712127081600e-03
1.971038018818051935e-02
2.024473241758083936e-02
9.599892588917108283e-03
7.016046219353410177e-03
2.124225921379975165e-02
2.018448375300513353e-02
2.784694034622392511e-04
2.548657750952110571e-02
1.801956916091248043e-02
6.780687512212902820e-03
1.280732017405786932e-02
7.183812214733074908e-02
1.845304011585787926e-02
1.383772650566720067e-02
9.616007024530073919e-04
2.225448346613362674e-02
1.069662454188000447e-02
1.383696399801279987e-02
3.012493392611886867e-02
6.957509297593586668e-04
1.622374420345084473e-02
1.299795383335604695e-02
2.781449709997522654e-03
2.854597812371113472e-03
1.076218787081417282e-03
1.685271031879088943e-02
2.716902290552546204e-03
1.023970211555559097e-02
2.715847344283112488e-02
3.970334969300214588e-03
2.364108216081328359e-03
1.556575897860106028e-02
7.031817204266849197e-03
1.346773156210336227e-03
2.012786258314414739e-02
1.432609763490355105e-02
2.062942923836391662e-02
3.349422714847122805e-03
2.552763526591926742e-03
2.335820551637249679e-02
2.207552683322364095e-02
8.432360147745451145e-03
2.565299762092230953e-03
8.468853035585742831e-03
1.645946885056813122e-03
3.597757466016090339e-02
8.064559663937612144e-03
4.743523815164082252e-02
3.684196632581151348e-03
6.313185611871094394e-03
3.111207573585599712e-02
2.791455527657799376e-04
1.037393723689247933e-02
5.559638099630000163e-02
4.453083347803235038e-03
2.570797081905640789e-03
1.222112779818685345e-03
4.345483422039674026e-02
3.558721997498026385e-03
1.900788271272028235e-02
3.690996149775362459e-03
1.757059242992658164e-03
1.339787261102096637e-02
2.162200293232148171e-03
1.092606519120062347e-03
4.222126078575116556e-03
7.084804924317820302e-04
9.713349042858549637e-03
8.124597396110041364e-04
6.400500356990660930e-03
7.015596603749510267e-03
1.040451851400599724e-02
8.683263874235638835e-03
1.058984185626745886e-02
5.912626925524991535e-03
7.966563881240404724e-04
1.095327947394492650e-02
8.861355631714015746e-03
3.684088872164641149e-03
1.088220216163514331e-02
3.382247189997125789e-03
5.613686535556601347e-03
9.662014990325035538e-03
1.379506186205502541e-02
1.021816957392925572e-02
1.241541802277781360e-02
7.399412370580269772e-03
1.261799494665927224e-04
1.937626423686846650e-02
5.117754115314784163e-02
4.380280046996344601e-03
1.597906734376178944e-02
9.810583623654199354e-04
2.075811317128559153e-02
7.790235055833164869e-03
1.744971011436287356e-02
5.557485991122533033e-03
1.579379951971441112e-02
2.203360075695627411e-03
1.719070885837038331e-03
4.090727232194754474e-03
2.926597286034180248e-03
2.720666262602606383e-03
2.013608512437999737e-02
2.839347895101716583e-03
8.035710928006631337e-03
2.972625553382991781e-03
2.021527581389339842e-03
1.753589491161673458e-03
1.417722594763069430e-02
9.727150555351189026e-03
6.723658906702669087e-03
3.548287130698204311e-02
1.468686220383994337e-03
1.798336076223319528e-03
1.448025696489288472e-03
4.677609899480766019e-03
3.304397379573326132e-02
3.305442848286692641e-03
1.881902990513761257e-03
1.398640846174764585e-02
1.130759525055189535e-02
3.799555345955218065e-03
5.006589725797415402e-02
9.792080796758241730e-04
2.376760414260849913e-02
7.631325169259168748e-03
8.381952343656181442e-03
1.005435679494543974e-02
5.476683783269509567e-03
3.409365318835493736e-04
1.396588354161275997e-02
3.963780727534610762e-03
2.137301086292273458e-02
2.281714217431718688e-03
4.780465323248386106e-02
4.283884628484018256e-03
2.225527088377255748e-03
3.658260736988619422e-03
1.562949218151757184e-03
9.218582941894292934e-03
6.664401453420766563e-03
1.632944623198056633e-03
9.822017265341879272e-03
7.155610770912586988e-03
4.839582165822317941e-03
1.205683598923729290e-02
4.380817894631017120e-04
2.134205642141144641e-03
3.494121883704283393e-02
3.427836620764438194e-03
9.945647118935536934e-03
6.333259403665469911e-03
1.143623654923255593e-02
6.639251891171933651e-03
5.199523286449641429e-02
1.139542139200848750e-02
1.665399828567164231e-02
3.522403658963849105e-02
2.316247903351076678e-03
1.526870384680457417e-02
4.347841005198215848e-03
4.897378769175049149e-03
2.294508438655739821e-02
3.717080563242422964e-03
1.745411956487288863e-02
6.809936569934097253e-03
2.482917738439351443e-02
4.719682692171143536e-03
1.384828392005208950e-02
7.287216727116600443e-03
6.041460193712673739e-03
1.302950996383736744e-02
5.209253215503547793e-03
3.648003408616095743e-03
2.363992253186196144e-02
3.918613502205919689e-03
8.560416954418084007e-04
1.241392158677435444e-02
6.257413833691348459e-03
1.088218099853642540e-02
2.190713697793080644e-02
1.280884465917397040e-03
6.910910592512595554e-03
6.044450862191975840e-04
4.190368556478183543e-02
3.737641715178323561e-03
4.336316999845219594e-02
7.140209885802913450e-03
1.588641698034421595e-02
2.601633436816648895e-02
7.595595222548033078e-03
2.051107785822724530e-02
6.522823777345388221e-03
7.641287107944973352e-03
1.447909032646469037e-02
1.627670736881122425e-03
2.688712189173657428e-03
4.852108385921117054e-03
4.254681689160641489e-03
1.676421928908976636e-03
5.651200528112891412e-03
1.237172340413770014e-03
2.251368759747197912e-02
1.724348200130906145e-02
1.317008607014853901e-03
6.868182625218956922e-03
9.304698659740515826e-03
2.049982531271005159e-03
3.973561896494657436e-02
6.491395880331674376e-03
2.827484876349391826e-03
4.152481012633717217e-02
4.081219006770357358e-03
4.125014265540377645e-04
3.770017018314451591e-03
2.388384558096673382e-03
2.023194220894641848e-02
2.704211038934794826e-03
1.357390760521516235e-02
2.567621726886834543e-05
1.025686122718012967e-02
1.528869301634180368e-02
9.827515877430635302e-03
9.551689023806106751e-03
5.290296597778056109e-03
2.137997666016730122e-02
2.574239810562509861e-02
2.065196243801915334e-03
6.107757782428266391e-03
1.193166996294343311e-03
1.032392353605807167e-02
8.923808686091199566e-03
1.346369219596630154e-02
9.543860581497042722e-03
1.019111532684799371e-02
8.870389113990639202e-03
1.496540833520288230e-02
9.228458451183280120e-03
3.263919148249393339e-03
5.543430661057565691e-03
1.713426889417214022e-02
3.935632411367859240e-02
5.830963889723780533e-03
1.844339014515823313e-02
2.312404761284866245e-02
5.559413617849149475e-03
1.071344940676248296e-02
1.085674432904506180e-02
1.961650502197159751e-02
1.502752396895244008e-02
9.399011837837176891e-03
2.191015155867605951e-02
9.569544282117987966e-03
3.769812123340503598e-03
9.476389043518504765e-03
6.463138397200201765e-03
8.329056479849753294e-03
2.120232224272808330e-03
4.199823394049014003e-02
1.234079236254096053e-02
9.877891361007839696e-03
1.234559303561465551e-02
1.936151831622918290e-02
2.041319829903446431e-02
6.941832895369774194e-03
1.779252646887072298e-02
2.443636046756868241e-03
7.515942263930375233e-04
1.707467446646913911e-02
2.172393816431258257e-02
5.692515004363487424e-03
8.148222301890283709e-03
7.618656053168961113e-03
3.293930489404660322e-02
3.197427703906208923e-02
2.563750831756604273e-02
6.323698858399469380e-02
4.865280258667056129e-03
6.456291539059108402e-03
7.259184602132114257e-03
1.568730332421541460e-02
2.136796953531255525e-03
6.653311706245427018e-03
3.539233267842872149e-03
5.124170034689314729e-03
5.980891983679423839e-03
1.815876263206243901e-02
1.600178610706332050e-02
8.992242715036045247e-03
6.215877342091342961e-04
2.187226730752968307e-02
2.671216491791569836e-04
1.660072071668782304e-02
1.628019686295357430e-03
6.301059711494279639e-03
2.280157352054217046e-02
1.206828818431884831e-02
2.188213372450469735e-02
4.569092949256728202e-03
3.199504127585236363e-03
1.608593685589673056e-02
4.572433647608760421e-02
1.111732550993674296e-02
7.660811782186249808e-03
1.166058686464625793e-02
1.436435243932356401e-02
6.545856942550518608e-03
1.359602469231124128e-03
3.274105655146192229e-02
6.895715235071958604e-04
1.429045791542590989e-02
1.464477071031707392e-02
1.049190513296930152e-02
2.719530726508056356e-03
4.717343762078441728e-03
6.859430085123792258e-03
5.646487775463686701e-03
1.583675391926011450e-02
3.418430738616239084e-02
9.671751073671618418e-03
2.271338188719246309e-03
1.602115638229577310e-02
9.591674413283977907e-03
6.366964239138456563e-03
1.672287798796847150e-02
1.513874448986519961e-04
8.308923443635733361e-03
3.724985612118900807e-04
1.218003557751960036e-02
4.354131659660048781e-02
1.986057561547880518e-03
2.301480988686301077e-03
7.533207008329110936e-03
3.339828612378553663e-02
7.709260505768962199e-03
2.253353881459347827e-02
1.200036224154622105e-02
2.336215255272763511e-02
1.037812930358204822e-02
5.827453099998546569e-03
2.207781659252047377e-02
1.116173703201501187e-02
1.854132538386646552e-03
1.265200168741871002e-02
1.934921897871254813e-03
5.504913747730981466e-04
1.238286962694445546e-03
7.525887435469356089e-03
1.699482847775514449e-02
1.678554991600439417e-02
1.951214090658370467e-02
1.473893703412305044e-02
9.444398753602516877e-03
2.396861145416886649e-02
2.157065842482716947e-03
5.941595000410689748e-03
2.173054878122095135e-02
4.526662514341247417e-03
6.126054277984760779e-03
5.548064546760690663e-03
1.965847954432530659e-02
1.766356693924454532e-02
8.340340749187815858e-03
1.035301775628823077e-03
3.586664657374850906e-02
3.006613479996134847e-02
8.785463931267983168e-03
2.498409740359588266e-02
1.124763342638830307e-02
1.704154017426276826e-02
1.153615618907617366e-02
2.341627827376323995e-02
2.456079134114572127e-02
1.299067658993166563e-03
4.806048280320742577e-03
4.198751823724146751e-03
7.890645201530203934e-06
6.631695836435977723e-04
1.690690590470371457e-02
2.942955975596594533e-03
5.721480227302446321e-04
1.256278816264961781e-02
1.866865796826832485e-02
1.249422945216762532e-03
1.284236064616074875e-02
4.004086503541153669e-02
4.342891241956742601e-03
1.171870192760484687e-02
2.359739933540112508e-02
7.851612631554314922e-03
1.227787816084119875e-02
9.159077820515490465e-03
9.586621051110494340e-03
1.750563828867823454e-02
2.469030335191730913e-04
5.943297903940812990e-03
3.040999612578910299e-02
1.032162416965524965e-02
1.600164030442479193e-02
7.639581727479067760e-03
1.270997196957589920e-02
3.215938679882918150e-02
1.544259219437345981e-02
7.448219021063772101e-03
4.481585768426880889e-03
1.376436926217180362e-02
1.527152945748184651e-02
7.590725210895130776e-03
5.090859143870415243e-03
1.148810948647765832e-02
1.256915041351197582e-03
2.319430862512162315e-03
4.646380445358661709e-04
3.476635232316843335e-03
2.259297719456378889e-02
8.143566689291998131e-04
4.561580116973192392e-03
3.838887756571662813e-02
1.306827892662158416e-02
1.886815219349379999e-02
8.265533211238624070e-03
6.669586962074700856e-04
1.287570730786495588e-02
1.700698715703078193e-02
5.383604837241803831e-03
7.153745727184593339e-03
1.078118290830258966e-02
5.153961605749791779e-03
2.170783636427407737e-02
2.249560825134076791e-04
9.214442613328840612e-03
8.196269887368450371e-03
6.572866719150643675e-03
1.399389709308814130e-02
1.285551282742252756e-02
5.439725045732232526e-03
2.067113309792989635e-03
9.892463906864403661e-03
6.313182921365243297e-03
9.791923778004216292e-04
6.024959170006947626e-04
1.957698489817370595e-03
4.066186563033225357e-03
2.738477473193808801e-03
4.457604514906635118e-03
1.402288542306159846e-04
7.094282128865023185e-03
2.224839361165983562e-03
4.094041055684794969e-03
1.741432375192231499e-02
1.564043713125717536e-02
3.673906164440546903e-03
6.723379886915126225e-04
8.686615125829662623e-03
2.504242839603104676e-02
2.315968658899912949e-02
1.946801500749987396e-02
2.332800897349177494e-03
2.310890558811764129e-03
1.998979052412122939e-03
2.547238323583734046e-02
4.824047236360422264e-03
1.466939933102002179e-02
3.115990145501309691e-03
1.617696548916641372e-02
2.542122909151140614e-03
9.029192215921548123e-03
9.171031302239623581e-03
1.722590925235131538e-03
3.599166677520061752e-02
1.714358181830501898e-02
2.481315438694928904e-03
1.307640102323518252e-03
7.459513338651784647e-03
2.661591404098778008e-02
1.028823983356817219e-02
5.381720713995246166e-03
5.471761590976845918e-04
2.312620032894339289e-02
5.379749633647084098e-03
1.361086692536896386e-03
5.037440427708406686e-04
9.154770200630300142e-03
6.553474151020105380e-03
6.167069625489750989e-03
3.644440527447733585e-02
8.957101152555917850e-03
1.623408105303823790e-02
7.930742761476978001e-03
6.120344755161833891e-03
3.502930287515775530e-03
1.014884656743384427e-02
8.080258311011577488e-03
2.002911088605864934e-02
4.991180163704020400e-03
8.470874143659164190e-04
1.915922347284612290e-02
2.477928331095781769e-02
1.294185380385793824e-02
2.635412568220193291e-03
7.098986172959213629e-03
2.241646841363933995e-02
3.041070851420127341e-02
2.069139964544854365e-03
3.249717897460386445e-03
1.944269327909697864e-02
6.597776210292824461e-03
7.331284293417814762e-03
1.286942051112609231e-02
1.650459801726343037e-03
4.851280994803316982e-02
2.012845095557304342e-03
7.730325553573759445e-03
4.587614010638310928e-04
4.040588160770578613e-02
4.121118205120311365e-03
1.610114256821596271e-04
2.649953452614913982e-02
2.912981599901823260e-02
3.140482069705358842e-02
2.360678713753461277e-02
4.108248587928126083e-02
5.567121798903121137e-03
8.910661272921007250e-03
8.160828839701263562e-03
1.021731152223668421e-02
9.646081824474132121e-03
1.799459575859431969e-03
3.123285888825993659e-02
4.305784842345011104e-02
1.062156361629928991e-02
1.369199016978904851e-02
4.389140515217462152e-03
1.299837851375023126e-02
1.895835341117480671e-02
9.171739628798216554e-03
6.703002215031676064e-03
1.603284917061825743e-02
9.374932704923373897e-03
5.920642898369443338e-03
1.202835544812593666e-02
8.714139288042365220e-03
1.332015635062249598e-02
7.726608877004922937e-03
1.538314632304166492e-02
2.789813765766618880e-03
7.142935108068784733e-02
8.031315414316730905e-03
1.045119420321878774e-02
1.285636836962383844e-02
2.608612794954847172e-02
3.687404512234231102e-02
1.388028890610162533e-02
2.342964587319521994e-02
5.175972199413106725e-03
1.862350104621829892e-03
1.617393841450339917e-02
8.225707680201707964e-04
8.758783225420729845e-03
4.151235632213973528e-03
8.768956159818097618e-04
2.402763707629331294e-02
1.828991357592615538e-03
1.131975615057005669e-02
1.070738570054460131e-03
2.396850174555906904e-02
2.062387826126356460e-02
1.253536260370767715e-02
3.737678186535833141e-02
9.649021016957904512e-03
9.967723212303250882e-03
4.122298016670214622e-04
8.434021903892544025e-03
4.537345396075696466e-03
1.002655199544516713e-02
5.789622834793842036e-03
4.044745153333046545e-02
4.920824975363623927e-04
1.065207285846681007e-02
1.335259448040891639e-02
5.206168726797782281e-03
2.627319145767176983e-02
2.426644741135626504e-02
1.636413853833822499e-02
2.664003504814920278e-02
4.952272509329305739e-02
9.896809747812845837e-03
2.727989205346226242e-03
2.585657654419002208e-02
1.332452456967334227e-03
8.132415196460438672e-03
3.312961489611528088e-03
5.474684292516115991e-03
5.429139314409930916e-02
2.919776762034993062e-03
2.877070172661253672e-02
3.264276148950435302e-03
1.596470876899031693e-02
1.453735879587540053e-02
5.723789540428727771e-03
2.589576766177553030e-02
2.310690476272244526e-03
2.210386967818143283e-03
7.072156841416391872e-03
8.715586078518475568e-03
6.493579546517276070e-04
2.632413784249451952e-02
2.813075654148300582e-03
8.343872286828915227e-03
2.373760433306878592e-03
1.371679129963142632e-02
9.492537958426697925e-03
3.566752430491164708e-03
8.664600440441549284e-03
1.597077101516459693e-02
1.483525921280650153e-02
4.194450741923150261e-02
4.262110623568531043e-02
1.293635885544160147e-02
3.938069158125645508e-02
4.304127602729679314e-02
2.145801694274679719e-02
2.966828614414095469e-02
2.043827602942310459e-03
3.312018005876771198e-03
6.369903381121957975e-02
3.069597951988363438e-04
4.473237752935732559e-02
7.602897386304101508e-03
5.399955287220155331e-04
3.480636103615626989e-03
4.100448218679851597e-02
9.494038394160214667e-03
9.769819735953446521e-03
9.566497419084054113e-03
6.281547943936698075e-03
3.331218084229865817e-02
1.369674144434236684e-02
6.964909326859808347e-03
1.050325559488813482e-02
5.221451196927888276e-03
3.666340349800351582e-03
8.886054608774524716e-03
5.024777654527183557e-03
1.013053026096263562e-02
2.500296906775922520e-03
1.646004352766833323e-02
6.228409482040685868e-03
4.937308752185696342e-02
1.775558315588986885e-02
2.167899070442381657e-02
1.334831809881112732e-02
2.240446951948686302e-02
8.082148093106131248e-04
1.880566121831239029e-02
7.387847781379451931e-03
7.029356947591373916e-04
2.690063166307574832e-02
1.023895208254925818e-02
3.870789875656698020e-02
2.877711534428951425e-03
1.568013283778271066e-02
2.247179513388311220e-03
6.314892391732035599e-03
8.484207430016686008e-03
7.810158299463689294e-03
1.513515945866628770e-02
6.364543805979525157e-04
3.249187662088149665e-03
6.597142825913220043e-03
2.484135152425661144e-02
9.925756871138790433e-03
3.284969352988823064e-03
3.476182876478479608e-03
2.144854142846587888e-02
1.242760631071346440e-02
1.228291393033995819e-03
1.503984982088513904e-03
1.368756126357289007e-02
1.739086527602344556e-03
7.077716832272692993e-03
2.016686060760377458e-02
1.273435053451183255e-02
4.500840671480043492e-02
7.911457565408974626e-04
3.396067997933274046e-02
1.506553932765399700e-02
4.694616764771846959e-03
1.080659765621964398e-02
3.179387832634101435e-02
1.777054657134340132e-02
7.850620937084193396e-02
3.061352547201030838e-03
8.314554957290521200e-03
3.838777142728258714e-03
1.019733871753712544e-02
2.528520701841497492e-03
1.462043021725635203e-02
1.795233335021366103e-02
8.402331141267881803e-03
3.100259538719415606e-03
2.783613717495244527e-03
1.638229603721706382e-02
5.453837544885489601e-03
2.968173839854152101e-03
9.726313996680734791e-03
2.676271336138337509e-02
2.366608944451715699e-03
1.198029840417439394e-03
2.344323544928283206e-03
9.681895372371089950e-03
8.095345549402537672e-03
8.937299282966455066e-03
6.483620727354352797e-04
6.849066176275874981e-03
3.612193269106783039e-02
6.391205132413421003e-03
6.607809030329429151e-03
1.356053387542049612e-02
3.467014524131855138e-03
6.772747851980308320e-03
5.116991686640972800e-03
1.444970423442802632e-02
3.474472396775316052e-02
1.324363069574417684e-04
2.730689074989218340e-02
2.321470574911315907e-02
5.668339885047716208e-03
1.562723708138681611e-04
5.938457161936734272e-03
2.562397943682821755e-02
2.622553968688049603e-02
7.587905634149336165e-03
1.934332008004997078e-02
1.144658680981201770e-02
9.176320166918931764e-03
7.440692157249518580e-03
1.288904069343296127e-02
2.067020510755405993e-02
4.814988173674275562e-03
1.843887694536290936e-02
2.347665776075653910e-03
1.203600575095209978e-02
1.189486601479882583e-02
8.526239377783899343e-04
1.219844957885629806e-02
6.485424762390556985e-03
2.506136161399694778e-02
1.027247236673250151e-02
3.977948483994051682e-03
2.896847147536810163e-02
5.993423059592033891e-04
1.312609008762617366e-02
1.514048730030524703e-02
8.968312195702186213e-04
2.803654928927851869e-02
1.478073627199654252e-02
1.118146695592662707e-02
8.098400919091881117e-03
6.306045601792409014e-03
8.590567036158749947e-03
2.316080620460873526e-04
3.448342484012898584e-02
5.970733516713944838e-03
1.748423619476568297e-02
2.529749984708657556e-02
3.893480992513190502e-03
8.553526331659275228e-03
2.088462960977926358e-02
1.317922099454806560e-02
2.906227969884744508e-02
3.975743328060341031e-02
1.528601383558615516e-02
9.136372569993785053e-04
2.226504046686780813e-02
1.107639846279637186e-02
7.765771161818058391e-03
8.596970959774501847e-03
1.578488230815577875e-02
1.777420905306998505e-02
5.668057834327358720e-03
5.188680417768884792e-03
3.470017114848226135e-03
2.253071647775223285e-02
1.173424894373081145e-02
1.125238913388038053e-02
3.769490313221285187e-03
3.195770792158232620e-02
4.019413403238164539e-03
3.063991151488540399e-02
2.987168806015878721e-03
1.368050426593761873e-02
6.378552579070417491e-03
4.985404110415839890e-02
5.526512519276563506e-03
1.198308615764850753e-02
5.894562528592453554e-03
8.817616164030981848e-03
4.266686286620822131e-03
7.531921591764230081e-03
7.489072885023467102e-03
2.111350482855393895e-02
3.654283092442613123e-02
3.816660208285212359e-03
9.898461806556306010e-04
6.482128337692446250e-04
2.904968309840116544e-02
4.536300083761188144e-03
1.962938658003115719e-02
9.239478502902190998e-03
6.772988799076053341e-03
1.389327625723936824e-02
2.112769461676531658e-03
1.222991048877193274e-02
1.028550899575646216e-03
2.255661689047351592e-02
6.204296281711019732e-03
3.640780403876969773e-03
1.393862204314432612e-02
2.546565012117266158e-03
8.228556310205130397e-03
2.011938516493564158e-02
4.353400957286888973e-03
3.444937027855831703e-04
2.016378905257922537e-03
4.782239811323468065e-02
3.934618858814699360e-02
2.285842234506953868e-02
1.012101400201567171e-02
2.478482891310079296e-04
4.963087468736876711e-04
4.104810161858103712e-03
1.739075112951840238e-03
1.896250349281910011e-02
1.615238339103247309e-02
1.547714760655400680e-02
4.742774649848683494e-03
5.490145517247619830e-03
4.432084212392565364e-02
2.168522801320463961e-03
6.360517297245121826e-02
1.006635984271460685e-02
3.705772694086925060e-03
4.096123053443846695e-03
2.767655856888259942e-04
1.251991956372276379e-02
3.426927194401319446e-03
2.492106619303719600e-02
4.592630309411366643e-03
1.176588570127088187e-02
2.153654035483578214e-02
2.341111602924255547e-03
6.402588451597595980e-03
2.424987575723274585e-03
2.910832023183452036e-03
1.267810284478879113e-02
8.106668088153337962e-03
1.709584045495011681e-02
3.153760587402961585e-02
3.611035828593006647e-02
3.539402078666116676e-03
1.907625501848496385e-04
1.687764646563661569e-04
1.985249968600329498e-02
3.672780612464423416e-04
3.979089493017188423e-02
2.285542209534735178e-02
2.514814204854194657e-02
1.038859960943137525e-02
3.466707505274901641e-03
4.615582796845717206e-02
7.951497732582555461e-03
8.724559854612581877e-03
8.113402298963214021e-04
4.444431148334194526e-04
3.284254325549922082e-02
8.729344773079520531e-03
1.293670977732589572e-03
4.704857340099781460e-03
2.350284437297378223e-02
1.012848510126374696e-02
1.626492050909295051e-02
8.295219894617683262e-03
1.643573267109236027e-02
8.915664519441387700e-03
1.030035316330657480e-02
6.068052982464038070e-03
6.880131703646374074e-03
5.520764045867862513e-04
2.351284806596232874e-02
2.881038753397674457e-02
2.892592028125692480e-02
1.320188984281381837e-02
2.963629119007321275e-02
2.579691340428174207e-03
1.440185809145741805e-02
8.428755829714980330e-03
6.017154391400391517e-02
1.716623665169782903e-02
2.049039583294639394e-02
1.528553128134485690e-02
1.740956456565764116e-02
4.194869684780579838e-02
2.742394054976630274e-02
6.701997269587471606e-03
3.325178564283559797e-03
1.289844287571513537e-03
2.112761835638292396e-02
2.413885746524454395e-03
2.499260582226773414e-03
1.065617945718472237e-02
5.825325534047366693e-02
1.009221928126995300e-02
2.160707775721570564e-02
1.201551857057844147e-02
1.697247009264772968e-02
4.357724307958306745e-03
7.751477501392669243e-03
1.134480280352636802e-02
4.431187774561499981e-02
9.151819829485683538e-03
1.703252896937366978e-03
1.722087759006990168e-02
2.566479524808824852e-02
1.755364123439990404e-02
3.191740644798958526e-02
1.139416589374505663e-03
3.545358610364111873e-03
8.020748166746751243e-03
6.710952941565991037e-03
1.324420341457047123e-02
6.847887803569665220e-03
4.840684010090322287e-03
7.784832798198441581e-03
3.949814079445140846e-02
2.081399913748385733e-02
3.098469225596368372e-03
4.169583767011434544e-03
2.652274309379784589e-02
1.918086103595791764e-02
1.279130531678408182e-03
7.735405461874277425e-03
2.830125553961255515e-03
3.115325588926986383e-02
1.363113051508010182e-02
7.506811210000713386e-03
9.602244484288195714e-03
1.239591333847859383e-02
1.828290323617591875e-02
3.190037692590259877e-02
3.773023571448305257e-03
5.430508828440065716e-02
9.456894332064612330e-03
2.722923388557678577e-03
4.639199828147960031e-03
2.025930375287293000e-02
3.832251465428234555e-02
4.014353455489819145e-02
9.955668603469542549e-03
4.821370688950284145e-03
1.117094019436937029e-02
3.771595376609696536e-03
6.253143123523860480e-03
1.596499280517585427e-03
3.554291411485133514e-03
1.278302844607845899e-02
1.182410518794263510e-02
1.313573109341997953e-02
7.268434389540320839e-03
1.404893184362805171e-02
1.140147047152298594e-02
3.462395834731440969e-02
1.524920675027792265e-02
1.611714212117917183e-03
1.299457529901103421e-02
2.627172880397034976e-02
1.234218044721676483e-03
1.942341774553314922e-03
1.787854033166024793e-03
6.188829158342543796e-03
4.280321841547421458e-02
3.405555938826215767e-03
2.899883806470834879e-02
3.828145833467809511e-02
5.372131636874282953e-03
1.811314838809606476e-04
1.428006746222994575e-02
1.729705568272996586e-03
2.237877656434230159e-02
4.056633943274193244e-02
1.256167740502909386e-02
4.006834799599491570e-04
1.961372212437217585e-02
1.157698759784142259e-02
4.382773342399778199e-03
2.050811480999553162e-03
1.084698852980077281e-02
1.086510364997766986e-04
3.609645798005401644e-03
2.439890236604937146e-03
1.839277307570990824e-02
4.836293038365716696e-02
3.404364482861246821e-02
4.080874513556873029e-02
2.286151211431218175e-02
3.733005726056227470e-03
1.721791637777898842e-02
2.963060296510010554e-03
1.912032980888661452e-03
3.329425822641609353e-03
1.454552821144396851e-03
7.728014344775510289e-03
4.724518602211930096e-03
1.069623457254827159e-02
3.204843371865250673e-02
1.045661089530241020e-02
1.046843780918229293e-02
1.839368065639842079e-02
2.143053690630377858e-02
3.418402919055187061e-03
5.020508406082880432e-02
5.924158820320717805e-02
2.537820779215615996e-02
3.220093191837275493e-02
1.517148832592702008e-02
3.949868474103047228e-03
3.376660637775107110e-03
4.582911375155013234e-03
1.651897350110853938e-02
6.496288782997242583e-04
1.101854487649869645e-02
1.191464666911407760e-03
1.288231103413629147e-02
1.219392146899729405e-02
1.675892487332143049e-02
6.184093249581755491e-02
1.144011658166633853e-02
2.247982764839593500e-03
1.334174119191143537e-02
3.070885958889603765e-03
8.211738988413395945e-03
1.355220687508732445e-02
6.039403342681035070e-03
2.198434705313855042e-04
2.674552747139854331e-02
1.157498723049755346e-02
6.798733577038620912e-02
8.104189942117406148e-03
2.378027412086050271e-02
3.078418651242657150e-02
3.163359911098050439e-03
4.893017699433205303e-03
9.659141031747492433e-04
4.534730493780696203e-02
1.225889206706443947e-02
3.805228247461165531e-02
2.510967648843962299e-02
1.599867835321557019e-02
3.132563414659471357e-04
7.275669569196775884e-03
4.049030387607339271e-02
7.876052764653702909e-03
2.441588343022118592e-04
3.960127433422804509e-03
1.357528782421654236e-02
9.542965402226159105e-03
8.461463397551648516e-03
5.735560376859811377e-03
2.861638800524987647e-02
9.094404517296662480e-03
5.634500919609566200e-03
2.219255117091787841e-02
1.982647814924882318e-02
9.764765763731950415e-04
1.560713815842880089e-02
2.066600036599134174e-02
1.039891295031276919e-02
1.114763660279538895e-02
1.551702603802138959e-02
1.026507183557651137e-02
4.661899461587899751e-02
8.641238329606139995e-03
2.310848849163829252e-02
1.145572931146559073e-02
2.207878514535327463e-03
3.191024226260657376e-02
3.813636555549961005e-02
2.157067482987003529e-02
8.645683266112117946e-03
9.337221364497078069e-03
1.111746458148467169e-02
6.682504383334337064e-03
2.911986786001053915e-02
7.780670119673087359e-03
1.153262776478688328e-02
2.036419960098916418e-02
1.746497112853646200e-03
1.284053149734137693e-02
8.319076858142392117e-03
2.406686416333671946e-02
3.551816995027966967e-02
1.792422797448805019e-02
4.623623814226257914e-03
9.466367073603196292e-03
2.486431161367378545e-02
1.342592232279342553e-04
1.547274044201577686e-02
3.437004386163884651e-02
1.356194680141818362e-02
2.199916352780682816e-03
3.040704835921493460e-03
4.301906796916533937e-03
2.650571425106709039e-02
1.641121813399267979e-02
2.548273500032344902e-02
2.754235079553602264e-02
1.293761081416361890e-02
1.004306318032242851e-02
8.903855275756036511e-03
2.744125195933403219e-03
4.226773424064145419e-03
3.265776897167749129e-03
9.358730910577144069e-03
6.709177978595260577e-03
4.983146909205423553e-02
1.667307537443574877e-02
6.086008796109244889e-03
1.419869247283841833e-02
1.312176302834217739e-03
2.225823462163207915e-03
1.884006166088387103e-03
4.921798680568674131e-03
8.834801821621357520e-03
6.314958651488112445e-04
9.587842031145810823e-03
1.357203978093484385e-02
4.734035622417984146e-02
1.823982874724933492e-02
6.752843015430090925e-03
3.866171851447598729e-02
1.085161757166358196e-02
2.216287765232783768e-03
2.630720668595477180e-03
1.254766031885898650e-02
1.588799869191181990e-02
1.179891750092731603e-02
6.188239237629934719e-03
2.337744667403678089e-02
1.491188513998010449e-03
5.422054324629868929e-04
1.986436283707754269e-02
9.510326422987061545e-03
1.374643651385275972e-02
1.640138645602889911e-04
4.795638894600605037e-03
2.802024611103845139e-02
8.582108744693003194e-03
3.621202983805038578e-02
1.274894833401885551e-02
2.080312241646220875e-02
2.458560751083787438e-04
1.437038504921671345e-02
4.075797151585830620e-03
2.719428517967149503e-03
2.624359970145040410e-05
5.915516324728344912e-03
1.617962460873080890e-02
2.441919824914993639e-02
2.610712764526861365e-02
1.881949072192280747e-02
6.850592201381105334e-03
1.173461873046537790e-02
1.508519308432136434e-03
1.270177344793968054e-03
3.877844732172272980e-03
3.257794819734661368e-02
2.614662231274121618e-02
1.506804662748897038e-03
2.324734513667458050e-02
4.386405888584186258e-02
5.787880816491945690e-04
1.685624404386776992e-02
1.925134773183148629e-02
4.217525247539380233e-03
5.182514197146129327e-03
9.869366330665450826e-03
4.172455901099551140e-03
3.661673310166461970e-02
1.633853433423798976e-02
2.933300059709994384e-02
4.981532614633630771e-03
4.375450593013292810e-02
9.491551236061698815e-03
3.233675595572797334e-03
4.409599719615145408e-03
3.005185210660991924e-02
5.109346688135412221e-04
5.954191627486741557e-03
6.990614432073602620e-03
4.709871514702450822e-03
1.031487618123073935e-02
1.551661761908996323e-02
4.732462846605282186e-03
7.929261286631437283e-03
1.411030125746036423e-02
8.309761765715503734e-03
3.223401777286646376e-03
4.716439877246926538e-02
2.769766033372603187e-02
1.111506246921070001e-02
3.070098536231466446e-02
2.820226968529152695e-02
6.840617093666749929e-03
4.608051485608411629e-02
6.076623839088782231e-02
7.138523344139868429e-03
2.859668621733043627e-03
4.591790696940531435e-05
5.531640721278883836e-03
2.568164949672540123e-02
1.905076469442713513e-02
5.722457657411382514e-03
2.138569803438502420e-02
3.859750093304137319e-03
2.739335832094196357e-03
4.377229118865049590e-03
1.795613555032885694e-03
3.129893327345960319e-02
1.325275661644652325e-02
8.369575411372679602e-03
3.336746158591138295e-03
3.520425260441280291e-02
9.702415187191327367e-03
7.309526614206448940e-03
1.180254049221600779e-02
2.602539437508098394e-03
2.338229562527324897e-03
1.817164723560069084e-02
1.863924250912992950e-02
3.988438130555276712e-02
2.182265626074845685e-02
9.449285478789818532e-03
2.141212000546536751e-03
1.293063127609717609e-02
8.651748134158646769e-03
5.369405986070115155e-02
5.077725965608120839e-02
2.121861737676405263e-02
1.330308725353088889e-02
1.634196579456796000e-03
8.546892143932980496e-03
5.267696880561121078e-03
1.231978743980762306e-02
6.398688870136266457e-04
3.974876957761434848e-04
1.439936732193541208e-03
1.637642398695988467e-04
1.798427212538084366e-02
2.086779909120935889e-02
2.484593459920168487e-02
2.676219813137574455e-02
1.489956369226167962e-02
8.878360239497265841e-03
3.470603801707703578e-02
2.767110863713113933e-02
1.342375505616827738e-03
8.618552412951912059e-03
5.937517968085276668e-03
4.134682938979550998e-03
5.056125472360471773e-04
2.558634420692504872e-03
1.054279726968715414e-02
2.230940179831865031e-02
2.176705166490403194e-03
1.926164064345055067e-03
1.354988211227347444e-02
7.359372254788727752e-03
1.897405600101684936e-02
3.068325877211429756e-02
5.887586470852445783e-03
2.503907395791370692e-03
1.541435121816092657e-03
4.803205834103808219e-03
1.584448131946323418e-02
1.759121918403745016e-02
6.300619442924446610e-03
1.609000063541573058e-02
1.599868750099200237e-02
2.319920096587449465e-03
4.229423934149299791e-02
8.616292449627793769e-04
3.997553929035838061e-02
7.440194113692934208e-03
1.421604186878728041e-02
1.663904918754384454e-02
5.270855224947527257e-02
3.380907403519905347e-02
5.077878862076360897e-03
2.891021381986561001e-03
1.966398059383454161e-03
2.502619097452896645e-03
4.532673747126047745e-03
2.992997950488724898e-03
1.850398286117772764e-03
7.153580445843641181e-03
1.288857892783196136e-03
1.467486250084108637e-03
2.697662805070423064e-03
3.759762776565442853e-03
6.861025746723903307e-02
5.064738051430536792e-02
3.582581665467334496e-03
4.478480477575465246e-03
1.806194553811678923e-03
5.424825631770474783e-03
7.377197848573183343e-03
2.552090424930343257e-02
9.649880501992887799e-03
1.612827351006869414e-02
1.587639606197323305e-03
2.230025500887990002e-03
4.253868316851701359e-02
1.695213834676009487e-02
1.822783257927670236e-02
5.570194509921258530e-03
2.397602543073289877e-04
1.519100651504317126e-02
1.092803986650735595e-02
2.577644117730937615e-02
1.400301721959168119e-02
6.421531025287045315e-03
2.386176336096583993e-03
3.861860555136441102e-03
3.781874953317210936e-03
7.654576010050023055e-03
9.130877159328322154e-03
8.456455364433948171e-04
6.165305518388273544e-03
1.079003369923227373e-02
9.601893076344224578e-03
1.842400348583141632e-03
1.735117543227674558e-02
2.125889431078005834e-02
3.429431445802891276e-03
9.125855604450009567e-03
4.774110753859711447e-03
5.114271255624386336e-03
2.202079974796160300e-02
1.307589888723105498e-02
5.412830176134343640e-03
1.375241147477632153e-02
1.032917429883606093e-03
1.473822054890727012e-03
2.602300184221347304e-02
1.260682549207273011e-02
1.600569319969937301e-03
8.210168240709201596e-04
1.251903631335804772e-03
1.855712958568762373e-03
1.083918015450942123e-02
1.393996874909546324e-02
3.108541990589697157e-02
9.788935832745995769e-03
1.702621383489446444e-03
2.116952479567316484e-03
1.015434762757450038e-02
1.624414104683050142e-02
7.617002242460665581e-03
5.762065082930319104e-04
7.645915848608810482e-03
1.333678209396414738e-02
3.036114005227040502e-04
1.410591854360448462e-02
4.375833227107119028e-02
2.762555418315560882e-03
4.720694765781904140e-04
2.513296216074142886e-03
1.608279851179339470e-03
1.462483076237521343e-02
4.396572498475866987e-03
9.786478828680625353e-04
1.023628192497546717e-04
4.071411103107916126e-04
2.511350653839738295e-04
1.080463968708544192e-04
4.244557494536495973e-02
2.921952695763965768e-02
4.243357222695545716e-03
9.940144108477508809e-04
4.728925843935568273e-03
1.941540746956309932e-02
2.750272299571470194e-02
9.652931915592662462e-03
4.954659191082682462e-02
2.264032102357890416e-02
1.783154556023278103e-03
1.641395634825329811e-02
3.629066457585905167e-03
3.139036994908021155e-02
3.134073304943162108e-03
7.331047906054787011e-04
1.265918082892264832e-02
2.176448524857153930e-03
4.795238459842324219e-03
2.171777418611489652e-02
1.171389095645566231e-02
2.002918410734539929e-03
1.185573004643456461e-02
2.281235618414113268e-03
6.087851014897860749e-03
5.058196159793484220e-02
2.162164899663446965e-02
3.118839189788270155e-03
3.769913591795425768e-04
1.983298518481205197e-02
4.618674952957693355e-03
1.739602123022702257e-02
1.478059158194013067e-02
1.573838333503509157e-02
6.835651222630793888e-03
9.911048524831822526e-03
4.527985273129891963e-04
1.425959368442963719e-03
1.330178902531092486e-02
2.659718372065103704e-03
5.903979465118097680e-02
1.935281580041202723e-02
2.630306052634729264e-03
1.960205717991884977e-02
1.871192964599184636e-03
1.214869324840208396e-02
1.167721323465492058e-03
2.151761621458872162e-02
2.875965550627416351e-03
7.927162878190056883e-03
2.471162696119751957e-03
4.204518723329454116e-02
1.105485006062735531e-02
1.466324438755736009e-02
8.523740092650533215e-03
2.947817606682215721e-02
2.806300941883092814e-02
3.945110541284260752e-02
3.247171937726756052e-02
3.588535258014745322e-03
4.389089793772789350e-04
6.024738642620346661e-03
1.689971017328876363e-03
2.373629343324305113e-04
1.324380182821963993e-02
2.410619405121428027e-02
9.741317962801422994e-03
9.556170008147900005e-03
6.712943029641023004e-03
1.121425656063601561e-03
3.273381713848470820e-02
7.448079091980260025e-04
1.350833404440943131e-02
1.490699534152445903e-02
6.810896874307594516e-03
3.346318897749199495e-02
7.938983841128344210e-03
1.386021596774876866e-02
7.699483402214309623e-03
8.797513553579165008e-03
3.831332891631183957e-02
5.064987815859776400e-03
1.288184201381033320e-03
2.937252864425544258e-02
3.540727479937586658e-03
1.328627633777670382e-02
5.588739131701467994e-04
4.023595427467953974e-04
1.481250204205867768e-02
2.309641691629981189e-02
9.699970740017534176e-02
9.811890218017264159e-03
2.602847657111918844e-04
6.323825302315588294e-03
3.143285221389200811e-03
6.460805973937378682e-03
1.470248298034617686e-02
5.812937967450233431e-04
2.922288650881268469e-03
5.895028597688264406e-03
1.005649374598120878e-02
9.540251217670389985e-04
1.359217252282278639e-02
1.376213291155352000e-02
3.143506709640211255e-02
7.254813495102257516e-03
9.062520279747986185e-03
4.128335110942317476e-02
3.144700241835916149e-03
2.292565556043060435e-03
4.131737138395982084e-03
7.956514835132830546e-03
5.394788955275769265e-02
2.665998392580956611e-03
9.175080447350760990e-03
1.630791344103824786e-02
5.005651395661502544e-03
1.203231865054672084e-02
2.770949199486981603e-03
1.232078665857050219e-03
4.606838714292372031e-03
2.673250947853576115e-02
2.364311354889910011e-02
6.718972715856710853e-03
5.965614903946333310e-04
4.017884076131792923e-03
1.596342045205710602e-02
6.161754319755862602e-03
3.337124077373588779e-03
6.456147564806722847e-03
9.327201705182650363e-03
4.368386966094801871e-02
9.470400778335875264e-03
2.901602158281131128e-05
8.227689443879047937e-03
4.103908093199074014e-02
9.320941848065228408e-03
1.093034659760085819e-02
6.683865275248102727e-03
3.354300788088185326e-02
6.521627110811269341e-03
2.798944758916825475e-04
4.318593296130809889e-03
8.786376250018858303e-03
3.568429846449977516e-02
4.303477907149232465e-03
3.325945917778431321e-02
2.712296304598076774e-02
2.206663537726153736e-03
2.041591708664473176e-03
2.834816296531682440e-03
2.717866862940405970e-03
1.667299990898880868e-03
1.934416810410376913e-02
4.298692527449874366e-03
1.027949145711870528e-03
1.864404087316021141e-02
3.354414749910779314e-03
1.690151712672986750e-02
1.534704616220627406e-02
9.409373139370124338e-04
9.935179687799102974e-03
3.149323555025682411e-03
2.915549119400219838e-02
1.009283049704296116e-02
7.005802406122411952e-03
1.232771131128900660e-02
1.120512306523308542e-02
1.188661158440036669e-02
2.848646633918162571e-02
7.174258404901840552e-03
4.650212350467217148e-02
1.371848848060487451e-02
1.692483073837644167e-03
4.506768214611027272e-03
3.880898084161681777e-02
3.990337595873681004e-02
9.806382137819959210e-03
2.434207161230934197e-02
2.144317621304267334e-03
2.836582746350395368e-04
5.991662316099308216e-03
3.504633013540900659e-03
5.092037187499755951e-03
1.528766572129189663e-02
1.500160619821476124e-02
1.167520646145428845e-02
6.187778413063066071e-03
7.130843788607430650e-03
4.753178810717430085e-03
1.913942912150126338e-03
1.898152904778793032e-02
7.321194267042866605e-03
7.350098677741632135e-03
8.411084441423057056e-03
1.915155061010923032e-02
1.754672054114463651e-03
1.199472269084933540e-02
3.155914190635156213e-03
3.206939024146928177e-04
5.955364690843635567e-02
4.058979906863886128e-02
2.672589534099611280e-03
8.633340420434827342e-03
9.362149077423614560e-03
5.103573794828099308e-03
3.854281834473911720e-04
4.966641401594551475e-02
2.201508290664716191e-02
7.232125389034204863e-03
1.264045013850445542e-02
2.889553046983978080e-02
3.906521442797634101e-03
4.888098118651963697e-03
2.686725143245748126e-02
7.003160964709670248e-03
1.974649161055068089e-02
2.633609768292856715e-02
9.520801670916723830e-03
1.063104953173306388e-03
1.091921673335406046e-02
1.467646635627990748e-05
5.721133804635281789e-03
6.849516163914094041e-03
1.942227015569220972e-03
1.837464035300818282e-02
1.273382546626626415e-02
5.420859223444202471e-03
9.402685713609804097e-03
1.525234466853885723e-03
8.440037015632422500e-04
1.941902995134508689e-02
4.626131648134035323e-02
7.890324416996760681e-03
1.364773693164428314e-02
5.077814268761061955e-04
2.240706426992044448e-05
6.752737292370948607e-03
2.068254832088931364e-02
2.386647642718611045e-02
1.887533605803276213e-02
1.291796730618132404e-02
2.057782529889582573e-02
9.309339986628776750e-03
1.449218425396643639e-02
1.856878596091326647e-02
2.493102871249716634e-02
4.534802925992686279e-03
7.736120673388605269e-03
5.026364922895426579e-02
4.532657533156907344e-03
3.799187456624279063e-03
6.347500187728921661e-03
3.339118766140774380e-03
7.804356545581740516e-03
3.840984498767550243e-04
8.650278928806898540e-03
2.136361055620757468e-02
2.550114910729470163e-03
2.919342000697756206e-04
1.095408743473336860e-02
1.728396689294766329e-04
4.636335181378046372e-03
1.397660453439433098e-02
6.404814627579251407e-02
4.730648249451278702e-03
4.844749120896905958e-03
1.070684608229783077e-03
2.841319191759222526e-02
1.230791190843072425e-02
1.375537652593101720e-02
2.529094050390426687e-02
4.304199835819850703e-03
1.229556557013887323e-02
2.530167980969183494e-02
1.613314847463026558e-02
3.060699098053542427e-02
2.032711451059340119e-02
2.027099242517839059e-02
5.841646430520562594e-03
6.570280924170341340e-03
4.813815417192691959e-02
1.169842301323553713e-03
3.944343357147814255e-04
4.317237329864356127e-04
9.330130922326885720e-03
6.412010936151003610e-04
8.861210224267590183e-03
5.996068579414774204e-03
3.429644342250820488e-02
7.220712580357800670e-03
5.534163573655577831e-03
1.645181823264758869e-02
1.020660898468976792e-02
7.050516357995216532e-03
1.208461198095620893e-02
2.246862154515402374e-02
1.781070034456229152e-03
5.223073667404270690e-03
8.229562148804880906e-04
7.873954568464120243e-03
1.353082228327716352e-02
5.845356499097464215e-03
4.318496837580395459e-04
9.570450166731536007e-03
1.165752163820749868e-03
4.384191582369443424e-03
9.225034183301464297e-03
8.621116447619182888e-03
9.200033890403396669e-03
4.784881924596892655e-02
2.086763619670379405e-03
1.315702499789614920e-02
6.272810792032416927e-02
1.726622001508437178e-03
1.808958923234456687e-02
7.968405568828296117e-04
7.526030228003560696e-02
6.042969198423678995e-04
1.085050970709366437e-02
1.577748025622735528e-02
3.730396977886166893e-02
8.806992980796689990e-03
2.036415695213329366e-03
1.697374675978612427e-02
7.994656100764831533e-03
5.843981844323765679e-04
8.333268918949683288e-03
6.246465197271171277e-02
9.739721246195912410e-03
1.927834018960673801e-02
2.197148437265798032e-02
1.570456539130254611e-02
2.411901876923085164e-02
8.543348267231860860e-03
3.274794804836541305e-03
1.494863912715128397e-02
7.464855152817702344e-04
6.815147530688125087e-03
3.742556201221871812e-03
3.481267441876661692e-03
1.596518541408277481e-02
4.076813019556636136e-03
2.392692606948559203e-02
1.240489845744009202e-02
2.393045494490039088e-02
9.620525220427590674e-03
3.510789504964789698e-02
8.983918428023155572e-03
2.907378101013492408e-02
7.653745817569468715e-03
1.433581906949454518e-02
1.847111641654855876e-02
3.456028791695664459e-02
1.256886694214677351e-02
3.373372917489946346e-03
1.363059808365672636e-02
3.899496257504844396e-03
3.361518806351843774e-03
1.721906794096762089e-02
2.091669163958048000e-02
3.368346931253041188e-03
1.003892333459887112e-02
1.004059638126652415e-02
2.617698838472664810e-02
2.779736004014080053e-02
3.331199548577483405e-02
6.263242062511231029e-04
1.163089846876170716e-03
1.091830473870774448e-03
2.942109520686242430e-03
2.053348575114661602e-03
9.413617752382086312e-03
2.002174980150911443e-02
7.345269151774910105e-03
1.771190565492342106e-02
1.049681695913104451e-02
1.911654377830377879e-02
1.829535549330115959e-02
2.039299729956159726e-02
2.198048070608554783e-02
2.785607665827107005e-02
4.484846099403663050e-03
8.944136474253232272e-03
2.000230240311508256e-02
1.524975260087408670e-03
2.214649458410469091e-02
9.483192312915275819e-04
1.704999242319992642e-02
1.353452297493658481e-02
2.722624803901708967e-03
2.606663798437130163e-03
1.711130828202394802e-02
4.135041988866140772e-04
4.622140968514425186e-03
7.250231120740791707e-03
3.303125555042319555e-02
6.864925528310286684e-02
6.201367752980913028e-02
4.116879202515841274e-04
8.976499957408679009e-03
6.513225770339349692e-03
2.126941948305851628e-03
2.991107059263488355e-02
2.849408346057078281e-03
1.808537883037207583e-02
1.278912434116494072e-02
1.047488686650242286e-02
1.298290013043646579e-03
1.624309949822285923e-02
9.685664736343573000e-03
1.415516817545404461e-02
1.868864018361406087e-02
7.565088495740128829e-03
1.523298608057880275e-02
7.026054759031187189e-03
1.264595958955105903e-02
1.104386471219558942e-02
2.953828417314555838e-02
1.321688254342154225e-03
8.790712860152229829e-03
1.110131746271838041e-02
3.656143917230002607e-03
7.895857639922766735e-03
1.591510174071957343e-02
2.161777184908814532e-03
1.497791875623120939e-03
2.353884697199003923e-03
4.516028503010240808e-02
4.656257894724935564e-02
2.854851790218222024e-02
8.819262939264878570e-04
1.027149381387204227e-02
1.686388715723065659e-02
1.464938346297104885e-02
1.700712590478556038e-02
8.048065628010695610e-03
1.286532223132335478e-02
1.559754429925140455e-02
6.062213521567175190e-05
7.441187201997544274e-04
8.201152194531054207e-03
3.171311690184086540e-02
2.122087384560994786e-02
2.782296631687330990e-04
2.271750890941355225e-02
1.417823788215009928e-02
1.290708507210709677e-02
1.976632416621340593e-02
1.311697075491494689e-02
3.263568019914859369e-02
8.374161131091111682e-03
2.142630247232910068e-02
2.689968682999095001e-02
7.781076018808705946e-03
1.323235056746856209e-02
3.211784845777507225e-02
2.148328223726958530e-04
9.964817126985376153e-03
4.555909884886732812e-03
5.210155443536851338e-02
3.298159273842940498e-02
2.682600818684092309e-02
8.849127569413566680e-03
1.343296766572545792e-03
2.462901613259882785e-02
1.170819777691647218e-02
6.088178165200506392e-02
4.951089752336417654e-03
2.893079017456110999e-02
1.534952347297171595e-02
1.176181001971968176e-02
1.034452391834089421e-02
1.275944228261784250e-03
1.476304126773342329e-02
8.353544616415929658e-04
4.059289079335558215e-02
9.294722988490475291e-03
8.532944206066997439e-03
4.438705245250580515e-03
2.221960125085851653e-03
2.546906001682396406e-02
1.346973448165286052e-02
4.617219858190635406e-04
1.317043928230562586e-02
2.051481163751408231e-03
1.173493994448131759e-02
2.540860407512777336e-02
5.231226491536700510e-03
1.152240893226912956e-02
2.501067150250933790e-02
2.610637365791496078e-02
2.988775793739337910e-02
1.942654913981363418e-02
9.685474289429420874e-03
1.411499731216477212e-03
4.026648945104258602e-03
9.627256463454525459e-03
5.980710967144948521e-03
2.344125414953350528e-02
4.392539398221738563e-03
4.930023538516183426e-04
1.398517153874090022e-02
4.678385785974410738e-02
5.923451968357080002e-03
2.787678837599162629e-02
8.521130972872477047e-03
5.685202208453565484e-03
4.776449546125139528e-02
5.808446076599351089e-03
4.344821882529896831e-03
2.933293363761496197e-03
3.577816539170281061e-03
1.664202756465688743e-02
1.749936135773400014e-04
7.466357095720986548e-03
1.617538347730247336e-02
1.090931695534958293e-02
8.098518550675188471e-04
1.409631280793181840e-02
4.272078760302484499e-03
2.527304521810608360e-03
8.530581736646343505e-03
5.872517505925203135e-02
1.622686891974076812e-02
1.418536458234165472e-02
2.273916517318779612e-02
3.290226164811508452e-04
7.643523960664597508e-03
3.485720822345814585e-03
3.764461480652720946e-03
3.795049284298451092e-02
5.281209716165022501e-03
6.882572867199791139e-03
1.149332109287201295e-02
1.319307644859931371e-02
9.992920255186487147e-03
2.676057033043392069e-02
2.225690387611852124e-03
1.273837853483002040e-03
1.896653620857721018e-02
3.036111522284955927e-03
4.773264445742745818e-03
1.066282506761019946e-02
1.080784384030805635e-03
1.965512302377054460e-02
4.294671741568617182e-03
1.257185572631584411e-02
4.060476556711571303e-03
4.339781970488672085e-03
7.362091106405846234e-04
2.478484554884986465e-02
7.412734393832225979e-04
1.171240482686192533e-02
7.829282271094867166e-04
1.023527023940700165e-01
1.881558911212790524e-03
1.511914239292136246e-02
3.079540879888355287e-03
5.333083253075853424e-03
1.424206711801949063e-02
1.512262691905014514e-03
4.407631423327484574e-03
4.747342051422050527e-03
8.255966344000978310e-04
1.280921162769566024e-04
1.193957773723286833e-02
5.825959619908819068e-03
1.527089096409366305e-02
7.862740876103242044e-03
5.364636738521635223e-03
5.164263843434551901e-03
2.634439722528106320e-02
7.404564906676042169e-05
1.422971860051609055e-02
4.463529166987377853e-03
4.143243410377926012e-02
2.510923357030894754e-02
1.505827242351781559e-02
1.885813221142555729e-04
1.778144086563158283e-03
2.629295015452015778e-03
6.837803332237972313e-03
2.242577743336361673e-02
1.492585096256424451e-02
2.864392446533640252e-02
7.432383195589749997e-03
3.052000697268912252e-02
8.799318835498842403e-03
4.607875087666003094e-02
3.525289932454571916e-03
7.205708566704232057e-04
5.549123263947618526e-03
2.034396674169731706e-03
2.118085113435603378e-04
6.083613892936318504e-03
9.755125580934486187e-03
4.699490256320489751e-03
4.068588538407739291e-02
7.047952656220458738e-03
4.168424125962518628e-02
1.801100379018986692e-03
2.788962638664033850e-04
9.118312563224796607e-03
1.967446878828851137e-02
5.470967444789915160e-03
2.515231290076996862e-03
2.853956654974939416e-02
2.680164970751062331e-02
7.528609823079926607e-03
3.233277659298025575e-03
8.280678047557365681e-03
1.633809240584981060e-02
1.339931232438089197e-02
3.092052081295044996e-02
2.754780216516795888e-03
2.214464130428782027e-02
1.172149299907328419e-02
3.564161008114610264e-03
2.353838520999203959e-02
1.802262507513002071e-02
2.025466760079271816e-02
2.183702856464966695e-03
1.140714204481910014e-02
8.382278547860869469e-03
2.087317828606128581e-03
4.575882497449044496e-03
3.490157745758643232e-04
8.743107834627481673e-03
5.182561081425905540e-03
2.979471941441915253e-02
1.597658450920293877e-02
1.278719422617904597e-02
9.631751604082361418e-03
2.139552356306230821e-02
3.911236193446744960e-03
3.410928657357788912e-02
3.023917957943461632e-03
4.633789566029543686e-04
2.442232470195229710e-02
2.499055131129241866e-02
1.765224026244345198e-02
4.824156876579398928e-03
1.108441651873467645e-02
4.499327257465424862e-03
4.847050137154733200e-03
1.227864464255994451e-02
1.313985955575834239e-02
2.373395672771031611e-02
9.637844490352386745e-03
4.523617712033501238e-04
2.229170938579451422e-02
9.251728513652166669e-03
2.151492904756184543e-03
2.747600259988396913e-03
2.491820276472980072e-02
1.876777797254189709e-02
6.690006008138905426e-03
1.064607683684228902e-02
8.148935167152839693e-03
2.959737989167338795e-02
1.960290712582669903e-03
1.072700130650265649e-02
1.538017156217377822e-03
9.284606463943016752e-04
1.422934556046952237e-03
2.563960705694293130e-02
9.969453711450474570e-03
1.492041987823910891e-02
9.363988402998700122e-04
1.502129700757501773e-03
1.296273109574195247e-02
1.471942967303332440e-02
7.465691714377538021e-03
2.025251480169548007e-02
6.882676601323843048e-04
4.983660351302460212e-03
5.484810188124918974e-03
5.356996604079124896e-02
4.160410375557973411e-03
4.462190413149808021e-02
6.125889030713141913e-04
2.278968043359030915e-03
1.952465287918813894e-02
4.292805620548575257e-02
5.421979007710702250e-03
4.594608509098386737e-03
3.799100480184910283e-02
9.844326008878450524e-03
9.141724500656634583e-03
1.515323666193626323e-02
5.271790901052048235e-03
2.516414365736275270e-03
4.930532214939592657e-03
1.179625104141650456e-02
1.404528628986249309e-03
9.389242339128568010e-03
1.607635853418748484e-03
3.335605576161845831e-03
1.137298512988744320e-02
1.145213216464556830e-02
2.597793754502080582e-02
1.478437208560046817e-03
2.379465760095093516e-02
7.718989557647149696e-03
1.024084278281473838e-02
4.943374229478059850e-02
2.930830572583260907e-04
3.460146571600133426e-03
4.235149967038394359e-03
3.428601096274774829e-02
8.666255823835218239e-03
1.753031129576824651e-02
3.438340196378827929e-04
1.093620891393599567e-03
3.230554863804511057e-03
6.850839254504224179e-03
1.071460214910537750e-02
2.525622378027616959e-03
1.036598431975518583e-02
2.141885472657802103e-02
9.970027515890593495e-03
6.186119945755316415e-03
2.087518963824191304e-02
2.096872945456317028e-03
2.898505231577791236e-03
1.014248386655989707e-03
2.508275773372839468e-02
2.878729644789833949e-03
5.749432784628724473e-03
8.896266694705988812e-03
3.561995951554689736e-03
3.636954087524670205e-03
1.499202617141033068e-02
2.430905654671522854e-03
3.611980704972914558e-03
1.293870207498643010e-02
2.913104361588354785e-02
5.693077002448419799e-02
4.269568693686270379e-03
1.800306496089615349e-04
1.515089576411597812e-02
4.420147409765753585e-04
1.857942270840684746e-03
1.857802865908225395e-02
1.121316347107804805e-02
9.823570090060351756e-04
3.549252969599731369e-03
6.695787199677208715e-03
5.648596696498789718e-03
1.981215049833340291e-03
3.080276593628659097e-03
1.094711645795343018e-02
7.759619681266064113e-03
1.881428594277457199e-03
5.685620900385089660e-02
1.345264897407494331e-03
1.024926473600793787e-03
1.759990939579938671e-02
2.512535040191515162e-02
8.545297711330427162e-03
1.767602226767280710e-02
3.303309120638517338e-04
1.624312400727446169e-03
5.521097818216785108e-03
1.952108604132679615e-02
1.994435733973252273e-02
1.122164117090816357e-03
1.466818663445828598e-02
3.878077476096340737e-02
3.551683900341661565e-02
5.403871241369650157e-03
3.560038680389105044e-03
4.368562498213074408e-03
6.456417014393204395e-04
8.380806654502710035e-03
1.227539093888602162e-02
3.154595875609280016e-03
9.581096384385513753e-03
7.553761468578279459e-03
8.803871295737474012e-03
6.097630252225930830e-03
2.422127332935874663e-02
1.769833234483780826e-02
2.470252644684861956e-03
2.115910534727435434e-03
4.986749012153708117e-03
3.719660235977180485e-02
6.494651971543198912e-03
7.919797455186479776e-03
4.744466399240974616e-03
4.987926200253245401e-02
2.383182959421420530e-03
2.975644820892768203e-03
1.212818545426992906e-03
2.352896619958032981e-04
1.261724446983257877e-02
4.705110281512867032e-04
1.146317125457909855e-02
2.232502921687284578e-03
3.201308352664847950e-02
1.324456345697077458e-02
1.194193604230561583e-02
5.974844400064095555e-03
6.064582104086721666e-03
1.156481468792727729e-02
4.138605431012902514e-03
1.356809361020408153e-02
7.962307877802873857e-03
2.194107245371925211e-02
6.979326623669868460e-03
1.705018690540906559e-03
1.132953622068766895e-02
2.132228131632845150e-03
1.763509347314837564e-02
1.959386060181884937e-02
2.824641832748794532e-03
1.058838840281091202e-02
4.234820154351693136e-03
1.794888414127066359e-02
6.009825906610887815e-03
6.824872647780247034e-03
4.661443719644006202e-03
1.800837796135857857e-02
1.673705062977775410e-02
3.114027152952258178e-03
4.504484111424985129e-04
5.511223632435488518e-03
6.030347943190659393e-03
3.280493716852263958e-03
1.577025693889941987e-02
5.514005296283922518e-03
8.771811631112345561e-03
1.170671489830798530e-02
6.093214045159667247e-03
1.559708202551618114e-02
4.442253051700971803e-03
5.785095421144781890e-03
7.741712625388329216e-03
9.724059526604909159e-03
7.917868228971669531e-03
3.270496724666249744e-02
2.596095720366427967e-02
2.916521425437995640e-04
7.371629810189607446e-03
5.415280197145612082e-03
2.311451172236162616e-02
7.981685616046855320e-04
5.865840809152941468e-03
2.953903701364766956e-03
3.172761428391142075e-03
2.114882634094666231e-02
2.223573596133121555e-03
9.957399644448304207e-03
1.693194908892302689e-02
3.167879922638948409e-02
5.138398000985613945e-02
2.086490725006881659e-03
2.103726246792734025e-03
1.839373546863630818e-03
5.102045256381769478e-03
7.064909806387703215e-04
2.529768799820485137e-02
7.397402897605122145e-03
9.132059795481751313e-03
5.115666299707974200e-03
9.441759289682601780e-04
1.708211007752226049e-02
3.740284097565409714e-03
1.866896645858798220e-02
1.746811760917257525e-02
9.010098714681223295e-03
3.223183972295408373e-02
1.643919487850260125e-02
2.130200815212279775e-02
2.798975623277497743e-03
1.129476966665720998e-02
6.268679992245090871e-03
2.776505206362925304e-03
3.109997749327393299e-03
7.347076094376906591e-03
1.345343136317176530e-02
4.044841798482789845e-03
2.264785747774786598e-02
1.612911091165828564e-02
1.767869076611217408e-02
2.184209889226115808e-02
2.936223730112339642e-02
2.681459539418016430e-02
6.471844186006582567e-03
1.791910866887923975e-02
7.513453229317623716e-03
2.771780645251278570e-04
5.235758363405782542e-04
1.879973335494385112e-02
9.020082683792465805e-03
6.901030976242256143e-03
7.747394111297423863e-03
5.079940672000807234e-03
5.259398332351077759e-02
7.170779772612127442e-03
2.312307629640664164e-02
1.768485679965453063e-03
1.386827167042137612e-02
1.322264874519243905e-02
1.032092174429018357e-02
5.831752857329529360e-04
2.980428228300864568e-03
8.440015153285570365e-03
3.179183403075524703e-05
7.984338094361937213e-03
9.472727825361725376e-03
8.595083527655023731e-03
8.785103857459668208e-03
4.339901376759665308e-03
4.679752234707117153e-02
4.726810134455941732e-03
1.039098590223461183e-02
1.059548959591118285e-02
1.696543075577670867e-02
1.053363512159820499e-02
1.977122445692485256e-02
1.800736028448504666e-02
2.644772350399691996e-04
6.994432611662514121e-03
3.562424647328882137e-03
2.188969384837819235e-02
1.823474821909419619e-02
8.951408621268638205e-03
5.253601907013433214e-03
6.856089653691922747e-03
3.096775205089809246e-02
3.994178788062640456e-03
5.195203894349105858e-03
2.511027422065343490e-03
1.325418965102487766e-02
1.359037880855977487e-02
8.784431302684846468e-03
7.794870773527365175e-03
2.530154515206021679e-03
3.167024709094715118e-02
1.240197971101123734e-03
8.532800843238328228e-03
2.537600475918376508e-02
2.913596404902969728e-03
2.304495294098909269e-02
3.330617333669528765e-03
9.088190450353167416e-03
2.804370585132827647e-03
1.581818478176238649e-02
2.304080048433063133e-02
3.224594870392779450e-02
1.287972548706917825e-02
1.026389612918281007e-02
4.496010818812444521e-02
3.667399784784365104e-03
6.224828574495255146e-03
4.700898429063214007e-03
1.620006195393380172e-02
6.247325290547878912e-03
2.259674351006680376e-02
3.029154265892046709e-03
6.614868820801778418e-03
2.980452575858423547e-02
1.846723971810019377e-03
3.622808179069938930e-03
8.282572585562281153e-03
1.511973183039031117e-02
3.540652166449624952e-03
6.656728617994208536e-04
5.145773619523674736e-03
7.099803295867086056e-03
3.884108470657074430e-02
4.353706121747891872e-03
1.322741413824191081e-02
1.847794415345789185e-02
1.195238333056706549e-02
2.473232855964069971e-02
8.129264891198324100e-03
1.108247905552496235e-02
1.622852282976182999e-04
1.076996999161028857e-03
3.401163900653622618e-02
1.727959691163653139e-02
4.608180646387535426e-03
3.377165212093254099e-03
2.776504633410853060e-02
1.961152368674863589e-02
5.160725732936933922e-03
7.066333576092369284e-03
1.719932557564299996e-02
1.118792469951015653e-02
1.778328696996079802e-03
1.019726638480576708e-02
1.386316943710028463e-02
4.833565804879780617e-03
4.400175242442030087e-03
1.061105210513405006e-04
9.597322905226166739e-03
4.095490693828638534e-02
6.684882055715254956e-03
2.986689947841901158e-03
1.744065488409121244e-03
2.270229513120241432e-02
1.294404054069043034e-02
3.184219616326683117e-03
2.298323367479267187e-02
1.175026282276041105e-02
6.138911992082324645e-03
1.011601617681674378e-02
6.841149182221447494e-03
9.003278896066476203e-03
4.440749249016301414e-03
7.919829976954213466e-03
1.079492237801783945e-02
1.855015538825013910e-02
7.447892477929225069e-04
5.875212669165312887e-03
1.220478646256520881e-02
9.759257368902080239e-04
4.955751621228115383e-03
1.750927827639534376e-03
1.274830663799904687e-02
4.931163279375342864e-03
7.869885640587059167e-03
5.891700857523482493e-03
1.022391123503125186e-02
4.604422120529884192e-03
6.622837411754425169e-03
2.756680111077708731e-03
5.679418091220321541e-03
6.211599314571799972e-03
4.840425480734813699e-03
4.694773021763698657e-03
4.113045728679634930e-03
2.979110549667851257e-02
1.001516592967823666e-02
5.232507695801713946e-03
2.351784919471711782e-02
2.765521678410761547e-03
1.983062285837135924e-03
3.992229195725207659e-03
1.155939130519445350e-02
1.954147789512225390e-03
2.719302733719354201e-03
2.498728121762622961e-03
1.450853113634415457e-02
3.921447437745705089e-02
8.874052629030277847e-03
4.651818264571932343e-03
1.322605007996001912e-02
2.072876719507535121e-03
1.111077829587048434e-02
4.633406424342376845e-03
6.568319324400573658e-03
1.213785593256329863e-02
1.281251211500542345e-02
2.787596199825491047e-03
2.299734012971433456e-02
2.370599404118429836e-03
1.180279202894895726e-02
7.311836622860526554e-03
1.107112097887942917e-02
3.459330219644741675e-04
2.510263024100766079e-03
4.399044873181959421e-03
1.275117055987480541e-02
1.193419223502997784e-02
1.129220157774819691e-03
6.260095302862543447e-03
5.354348520234673142e-03
2.065854618451129499e-04
3.156186825441341381e-02
5.680081082619595212e-03
2.083267154285693354e-02
4.014538106601070640e-03
1.429587668030022967e-03
4.839235562344116476e-04
1.229346382987070094e-03
3.742038091719643300e-02
1.157543319731242637e-02
2.809707378650242587e-02
9.003146822327102311e-03
1.837655543400474245e-03
7.784784794876573738e-03
9.104192546611124953e-04
1.344394604601029802e-02
3.492038416681626962e-03
3.701405217128796339e-03
1.643540872887454783e-03
3.873679178950219931e-02
1.155287306515221692e-03
1.181808565142309503e-02
6.197237370846042648e-04
2.467135911438627510e-02
2.425489162830138552e-04
2.343559953988110303e-02
2.739568867707656979e-03
2.174559149831122029e-02
2.785545913978910992e-02
5.849609057784391393e-03
9.645982466304391795e-03
2.997553778625326563e-03
1.642037248483009179e-03
3.202696269346379243e-02
9.584561875382705681e-03
1.994954874977053830e-02
4.881152280794264289e-03
2.917782721434484909e-03
8.780633251306742271e-03
6.087278207637381033e-03
2.667457061055264478e-02
1.201357205290570426e-02
1.881295880917840252e-02
1.063770596551314590e-02
8.906227331129983743e-03
4.629589765533099512e-03
3.068510103538420880e-03
1.008934858887224756e-02
1.459251298620052248e-02
7.315077126736426599e-03
7.402303870415669063e-04
3.688985562009400310e-02
4.323102949648490595e-03
2.310912046064589331e-02
1.036416307894796104e-03
8.202724684378295134e-03
3.165582647629915092e-03
1.082437539890999771e-02
6.890024641983887727e-03
1.633481429952931413e-02
1.973178601005187369e-02
3.492536652255169224e-03
3.647775939365840991e-04
6.483003163166491806e-03
6.442037285318506085e-04
1.760570888010485474e-02
2.301450355984700075e-03
1.783275559506847588e-02
8.759276143432574713e-03
4.776800939877808494e-04
7.519407977287662775e-03
2.152084157128446654e-02
7.519118963154776403e-04
3.068722922562178851e-03
3.018715651093295538e-03
6.722552302541447318e-03
9.392168623864010149e-03
1.549936465879401268e-03
7.783744042459993413e-03
2.583405993145364982e-05
4.773206230886046716e-03
1.338371150472611459e-03
1.683948077494576770e-02
8.565882434804777609e-03
1.953801562007059615e-03
8.599595691723554980e-03
1.952239023558496184e-02
1.451009928451974657e-03
1.238196411353156140e-02
5.410066097683359498e-03
2.018862743856336683e-02
4.401105002733365912e-02
8.398191616067304105e-03
2.092659946956430816e-02
1.419570726196092182e-02
1.229408552801413779e-03
1.169357560525767503e-04
2.730159545912138968e-04
2.928044581509099426e-03
1.768655626613648696e-02
1.245478187214833646e-03
5.198868580702278516e-03
8.563897034354084684e-03
1.195774517358583200e-03
6.749652603620882527e-03
1.002246037269988871e-02
2.898029442006064445e-03
5.078537756167870662e-03
1.787970803683163259e-03
7.610742023262759975e-04
3.575528401905221643e-02
8.129611958352239709e-04
9.658543677296464042e-03
3.225860412120285479e-03
9.978287095655197919e-03
2.849785959887845416e-02
5.875976143816495374e-04
7.966829024036524431e-03
5.467102891077006178e-03
1.540299750219084954e-02
1.784959498242313231e-02
1.477827781248275407e-03
1.379874022164625548e-02
2.381652803712203462e-02
1.644527544640299668e-02
1.578483722074775723e-03
1.119380831902522071e-02
3.833523533110654719e-02
1.093883739864355206e-02
2.069068012140680250e-03
1.169311803486121955e-03
1.801117019598589761e-02
1.675334837760020755e-03
4.820387605351241986e-04
1.946798273413798130e-02
3.415709717418740580e-03
2.229975784921752607e-02
5.055799600798984925e-03
1.630406891529115332e-03
8.990411113264505649e-03
4.386355412880866417e-03
2.645792046786048235e-05
3.514907028270253253e-02
1.633495649572813332e-02
1.623183318692340490e-02
7.509955890203650827e-03
2.337222100328953389e-02
1.028724841336173257e-02
9.106396001296292175e-03
4.912701673239809608e-03
2.138909785369050645e-02
2.638064051989597036e-02
2.780386476623304681e-02
3.487335545000242896e-04
4.683684468299470841e-03
1.771103081441488536e-02
1.573027313698829345e-03
4.635401144150876063e-03
1.181444100928725257e-03
3.694765241865574645e-02
1.569927893702832353e-02
9.965161151646410864e-03
1.207025495864756914e-04
6.251213648396394124e-03
1.016987896802581861e-03
2.600455932727854802e-05
2.001441241887205388e-02
2.327756529737943364e-02
3.089055138997941902e-02
4.494778410636801960e-03
4.531788703057709625e-04
1.119620480050705427e-02
1.476492500656869516e-02
7.321919096541342278e-03
5.473026862420193872e-02
2.641958620494851053e-03
1.450514455299062311e-02
6.079991732535764554e-03
2.448129294205236839e-02
4.051228280610339252e-03
1.673274268405549117e-02
1.259848564173670672e-02
1.082941651825959986e-02
1.309194633922256684e-02
7.495159091952932617e-03
7.716480835186743936e-03
2.710181531047790686e-03
1.283448442983722154e-03
1.327021664243387133e-02
3.329973576740034164e-03
9.772530024391790429e-03
5.016017824091600213e-02
2.245612986552262408e-02
1.314364361836014260e-02
3.485463394504242918e-03
7.054160774194510874e-03
4.116608545168856138e-03
2.252922894233891880e-03
3.562106521950444277e-02
3.734206393313008882e-02
5.064258302803774370e-02
1.278787420796105405e-03
4.875420142061830282e-03
2.617413998776012274e-03
6.275855245017277623e-03
5.388162620046931667e-02
1.961820943782256049e-02
2.121099831132758958e-03
2.559415832744804317e-03
1.899040953475708213e-02
6.203830545075367242e-02
7.224435654787915266e-03
8.141513910318608216e-03
1.652867049528539828e-02
9.348023354319676473e-03
2.656962530068366496e-03
1.995326459660937482e-02
1.047227893134126953e-03
7.564400167477653911e-03
1.440941735214187891e-02
3.925937294774856437e-03
1.428550583906940813e-03
2.069710518468137993e-03
2.560459328442463156e-02
3.684942612643585941e-02
1.515399771393060625e-02
8.040719808816824271e-03
2.234381522650257836e-03
1.466976802516235800e-04
1.253925453907506204e-02
3.422345954206928997e-02
4.512174519748391593e-02
2.804138666979916206e-02
1.849375320544857648e-02
7.577034607718817830e-03
3.667510767303886789e-03
1.203913030088348511e-02
3.147394602053541629e-02
1.015342650227997294e-02
2.877251556448723845e-03
4.864192612082438374e-03
2.735070562461685423e-02
2.805742506322553981e-02
7.345870473516938337e-04
5.378178048004521317e-03
6.380801182097065906e-03
2.489655218342316442e-02
1.131869065542108130e-02
1.244839346963392407e-02
9.509886517104848905e-04
5.224748921606021078e-04
2.614541843487026146e-02
6.165051651779288912e-03
5.852236324602205384e-04
3.801545328744018477e-03
1.677888853817008016e-02
2.105730661376051249e-03
9.588274090211748590e-03
5.461866017889329544e-02
1.355429272886128980e-02
9.056724894487333533e-03
9.352873301309174922e-03
2.251153171999494343e-02
2.723746170837071379e-02
3.305345106373294706e-02
2.713701806695632476e-02
3.821680247302251116e-02
4.906340473586424770e-03
1.640919000400356412e-03
2.279755599893088305e-02
1.179725867994326459e-02
1.986064481951244076e-02
1.240557027486982947e-02
1.686759073037126869e-02
3.069270754653174310e-02
2.602807934264687525e-02
6.356435669325924236e-03
3.594322628356004870e-03
5.313198045053006691e-02
5.693918202110051854e-03
2.065916764135434722e-02
7.695184204444486392e-04
3.116807834156846979e-03
1.835174052843337178e-02
7.772649538807033243e-04
1.690188435047427357e-03
1.023300769523745497e-02
1.578081495713467512e-03
5.187722487297805919e-03
6.191720993547726246e-03
3.028891459963908503e-02
8.892015441536329709e-03
2.181973235080784078e-03
3.028304671220929424e-03
1.627170390036772329e-02
2.486358776753360214e-02
1.728754022199924072e-03
3.255584405574769163e-02
6.197862340324059027e-03
1.350142840459444063e-02
1.008444680815061712e-03
2.941292086473496631e-02
5.496466501560812179e-03
1.148849547806215501e-03
3.371408185260247464e-03
4.227524847644145711e-03
1.872451301193295975e-02
1.308611422601245466e-02
4.161587034523135664e-03
1.585815388382871491e-02
5.378307014809066700e-02
1.079776865150559872e-03
5.114371979247915589e-02
3.091457793329574055e-03
4.090527137865711954e-03
2.806481106325628069e-02
8.063009649488463333e-04
7.204102468602571231e-03
1.723275532270952121e-02
1.419873216177403204e-02
5.151795430534827219e-03
1.911843454259504454e-03
3.072177117915558461e-02
3.762057510846067432e-02
1.712669383451954908e-02
9.250670891311979852e-03
5.223906891436801495e-03
2.093423373430691042e-02
7.070937133080844317e-03
2.823391968530171436e-02
7.576870681021674256e-03
1.225333300425736349e-02
1.292161181879199205e-03
1.305204269789787472e-02
4.674497399448501733e-04
2.643113140027574318e-02
2.915950215579471427e-03
2.097018268475886807e-02
9.806264992525135296e-03
5.712209706745555518e-03
6.151594774006081262e-03
3.544110704834142755e-02
4.407673460261171683e-02
3.682064507051554907e-03
4.111974045464507344e-02
4.864837960612785825e-03
7.348815562322109744e-03
6.643981363123081796e-02
1.293487392542569739e-02
1.413079635043546639e-04
2.739402819146166852e-03
5.823115877593941329e-03
5.688436207419031443e-03
3.506031882871379901e-03
1.221843757697812193e-02
8.457687608247498046e-02
2.464900787011566410e-02
2.005599758750460648e-02
2.028476040555807561e-02
7.770807879806729442e-03
8.789314912777798552e-04
2.426756247569331754e-03
1.689673893466570390e-02
7.570304332426475158e-03
1.034817020232972574e-03
1.004222742553204789e-02
7.264145817679139305e-03
2.358452178125031856e-02
2.691740188544396867e-03
3.641515481357719686e-02
1.224322840252866675e-02
2.156627989499759410e-03
4.704889303708604566e-04
9.916291554457711335e-03
1.994651299651586246e-02
1.928822211040152890e-02
1.107072798332098609e-02
1.284621342881003651e-02
6.354042333707196274e-03
3.480353010714544448e-02
8.432137782832546322e-03
1.442742709275965721e-02
2.491902877436807939e-03
1.461086946531603252e-02
1.044856903966006993e-02
7.923880254114177082e-03
1.592839350298853526e-02
2.043151932476171273e-02
1.024077570708871801e-02
1.346396505966068226e-03
2.679615560979360656e-02
3.413399864197628510e-03
1.926688335045519812e-02
1.862230389133082403e-03
1.897719399165739493e-02
3.199776442965460849e-03
4.544876706097342699e-03
1.210623100798784157e-02
8.692575500561110918e-03
9.878012133788936777e-03
7.068992456961103142e-03
2.246040961018571161e-02
3.985380912916249713e-03
4.608169649331752410e-02
1.545831330769242840e-04
1.084377032919784864e-02
1.348049247708168683e-02
1.441944450598420420e-02
1.301209208337401370e-03
2.434823840832719272e-02
3.993210007215519490e-04
3.949977247517745538e-02
3.009479760816954810e-03
2.818965614180238277e-02
7.523557000355843988e-03
5.572448129557122654e-03
9.107677346759103856e-03
8.627861414795618550e-03
1.093401120152012393e-02
2.233809189636122919e-02
3.264198575133799582e-04
9.705645412790425697e-04
1.240030352414680376e-02
2.549277318247943590e-03
4.542506183450422536e-02
2.223616084562592479e-03
1.987466675792770587e-02
5.924505275843800975e-03
6.738000606625311681e-03
1.333214802750102256e-02
8.146208693363098108e-03
8.260512040377077786e-03
2.141983989613262945e-04
1.532229419752568350e-02
1.230673771998748445e-02
4.313698852480502000e-02
3.315313919501882908e-03
1.035878249905834540e-02
6.026260920619399587e-03
2.910404975899590421e-04
9.415979599941113817e-03
1.232667622494754492e-02
6.565770877507414241e-03
2.769064498094321591e-02
4.009456243089523989e-03
2.776540794563221726e-02
1.756664886649631288e-02
2.110573269165819110e-03
2.707613785540560064e-02
8.747481459955578492e-03
1.447152044910518520e-02
7.803008174055028369e-03
3.771770100480861289e-03
2.359882455757585096e-03
9.172121973170268422e-03
2.251085294430021054e-03
2.631203215810102095e-02
9.186490614816399461e-03
3.082790741098300966e-04
1.099403947263252225e-02
6.873658782656750545e-03
1.641605007629321281e-02
3.611819467202318987e-03
1.804793874162527456e-02
1.590927494490682048e-02
2.483530801242271602e-02
4.256296360466127124e-03
1.681843086604270510e-02
1.685435442332165051e-02
8.002298547097664617e-04
1.995339830622529578e-03
3.598787034951861710e-03
1.043234770223411961e-02
3.077275000110975267e-02
1.640043097643165138e-02
8.011821932109804839e-03
2.704201695881662884e-03
2.801283012089798505e-02
1.490488553920459730e-03
5.878876756995499164e-03
4.700047806669024886e-02
1.802939705917516733e-02
2.446094984493837193e-02
8.182007297112605174e-03
4.175697766314486609e-03
3.877580832905117968e-03
8.824072469109680433e-03
5.447125294463154958e-04
1.443693789517238278e-02
1.196974279254474360e-02
3.483526814805313308e-03
2.285060532726386484e-02
1.672699770837599367e-02
1.911706976472431901e-02
6.255974162701375893e-03
1.287663785555651086e-02
4.057123906513766982e-03
1.366284249400544389e-02
8.094043984541263170e-03
1.167477316795245516e-02
1.932341967013238154e-02
2.379696733936492899e-03
6.721284651421237377e-04
1.070127992395261164e-02
1.033963917313195958e-02
1.365458338621261536e-02
1.699386284458959812e-02
1.483041983767116774e-02
1.012624706746092368e-02
3.621931213495837437e-02
4.289267531300822167e-04
2.727974618962728925e-03
3.114040392720420630e-02
1.298145899757204187e-02
1.638752800985215571e-02
9.513402142369717374e-03
1.599918039367806410e-03
4.692510521662786316e-04
1.474137971686560918e-02
6.090051661540471679e-03
2.194392700897903822e-02
1.403642357589593610e-02
1.734178595499680231e-04
5.865478242315442375e-03
5.889803140974005785e-02
4.540942325623166520e-02
9.570105982421188429e-03
7.857606847656220875e-03
1.320931428218529748e-02
2.832738667583731620e-02
2.801432082508824827e-03
2.199018731241916824e-02
1.469706444888865988e-02
1.799563596158293421e-03
3.069853657861719952e-03
2.426009808518823745e-03
6.764960610526731151e-03
1.837621519429757239e-02
1.855903815739436830e-03
6.532376079403191815e-02
3.297674790585364540e-03
5.620472124616255477e-02
8.140467306251945867e-03
8.751014686121799668e-03
1.722763492892214615e-02
4.654568042404907263e-03
8.286818373306010718e-03
1.243365844372592427e-03
1.840444560124887118e-03
1.557161812336071462e-02
1.347140174772441627e-02
2.264369977803134051e-03
2.181100399401068174e-02
3.364284695233817069e-03
1.146364713526403130e-02
1.620504189694660629e-03
2.253868266410532714e-02
5.096662335300801427e-02
7.383741311061753701e-04
1.498072810294712003e-03
6.036318559223281983e-03
6.244580332360774762e-03
6.481906977240468187e-04
1.404507416516906013e-02
1.340358260180022146e-02
2.899619990740992699e-03
2.614934856844478364e-03
1.795827609626927772e-04
2.205029697482958559e-02
9.183482929530192157e-03
1.505146768559225204e-02
4.498392880354638163e-02
6.489448335847906001e-03
2.821496733722607050e-02
1.925979817861810800e-04
1.072924590366737714e-02
2.083092596108385500e-02
5.249032453843449630e-03
2.486618801188672165e-03
1.866879694182256490e-03
4.435914243586117772e-02
1.628820545219257987e-03
3.635855979018927896e-03
2.775415337480286598e-03
4.826940018511412245e-02
9.489323803027001694e-03
4.296187699507240249e-03
1.421653264486540807e-02
3.608877628419928513e-02
3.779778428791126521e-02
5.181311119895379291e-03
2.662913594387981975e-02
1.152094971599143362e-02
7.233142240541561192e-03
2.871786577663553580e-03
2.315160821037767075e-02
2.394291231944948098e-02
1.259794021104013173e-02
2.137560331200231284e-02
7.905831819633522828e-03
1.388173449197607767e-02
2.539678285974526035e-04
3.440933147312634499e-02
3.041600956887043766e-02
9.207779121650059087e-03
9.157213438540281331e-04
8.644688112873718383e-03
1.395984546240256960e-02
8.271480065572312662e-03
2.324040908502810615e-03
2.027562461493770743e-02
2.727467799926586688e-03
3.432702990845493130e-02
3.929407588837756544e-03
2.110193028262537934e-02
1.115796737346557918e-02
1.611677959697830828e-02
1.036355650002212733e-03
2.586809228521396060e-03
1.761370933564685576e-02
6.573712577496741705e-02
4.688407340316762262e-02
3.700911780272294564e-03
3.389869731105352862e-02
1.397174631449084325e-02
1.853386586500518213e-02
1.101987356437586670e-02
2.488167026342615745e-02
5.818249646931081785e-03
9.227750928831877572e-03
1.592742550516798583e-02
8.922204036738514560e-03
1.939219762251717313e-03
1.381072387441379702e-02
9.334852750124160436e-02
2.368040323608210790e-02
1.915088804869425829e-02
8.777371108496674276e-03
2.078974503614099134e-03
2.100271070668299073e-02
1.302550767583804045e-02
5.523169918301742455e-03
1.121972247970970220e-02
8.132169475108502743e-03
1.134603940233150018e-02
9.371722649400315505e-03
3.743559106594863961e-02
2.154176478337880077e-02
5.444589580138995983e-04
3.125503107492667507e-03
4.508456935354759887e-03
8.413522272001507790e-03
3.088549028691527087e-02
4.486424386035754719e-03
9.077378009931844072e-03
7.510105540305452715e-03
1.848135202655454279e-02
1.274786354373591210e-03
3.936298000547021336e-02
2.929781199299692079e-02
6.050172412538773470e-03
3.736224977825067239e-04
3.736942695051929247e-02
6.962687971723014943e-03
1.893841868178477734e-03
5.769936365621779195e-03
9.087589418188524171e-02
1.997012631291700951e-02
9.507587900761999347e-03
9.438307291228100609e-03
2.155198750199554918e-03
3.817674534125511943e-02
7.643481511715745878e-03
9.980846326727025458e-03
5.185815205737036651e-03
1.300775132592423521e-02
8.962589826118933650e-03
2.728437568272647912e-03
1.089297322196109905e-02
2.771430528191985709e-02
2.006859920427282729e-05
1.654086774352386824e-03
6.727409135644977188e-03
1.136786771577097226e-02
2.457896909993081969e-02
1.020403339191012192e-02
3.519819982207131326e-02
1.108880250433544323e-02
3.637588583494553302e-02
2.463752111039182319e-02
3.230795611507627368e-02
1.732178361121555071e-02
5.364278699606531663e-03
3.915528616353336142e-03
3.749867778054769007e-02
3.254029406891483477e-03
1.197693878638530704e-02
9.378856782919796353e-03
6.849828416003536646e-02
1.841208543606920323e-02
6.368569260539667237e-03
1.274933120297982655e-02
3.712742262770205547e-03
2.200222614379011149e-02
7.166961246602494839e-02
9.143804658322915446e-03
4.669111853357832409e-03
1.539147445329252031e-02
2.050066752616940338e-02
7.412720386361672936e-03
2.073617932364947569e-02
2.280934337404467993e-02
9.634698506295219858e-03
1.010612620072095375e-02
6.530408033404502821e-04
7.519283845542958436e-03
3.948889813398999415e-02
5.885714518166201142e-02
2.223593991121138036e-02
1.612815538373259250e-05
4.097601812936860211e-02
2.081965331028989147e-02
1.516547305944979107e-02
2.664559017414320011e-02
4.084976035772963296e-03
8.181267014902331852e-03
1.965510995445730880e-02
6.629861418319729464e-03
1.944401520085120572e-02
2.848033627885524638e-03
4.984091871670699031e-02
2.381749047987677045e-02
1.504733706702140669e-04
6.549408370867027679e-03
3.186454990394368969e-03
1.165207119786963556e-02
1.694108157824966016e-02
3.148820799034838386e-03
1.345515135273515905e-02
1.142415327676848252e-02
1.515163938565245762e-02
3.003268773236060160e-03
3.716431182823701218e-02
8.197527258486308338e-03
2.416504621592356628e-02
5.534157182394370059e-03
1.509667096762955588e-02
1.169342847970523264e-02
1.110042187422958203e-02
1.841224705720947291e-02
3.350801209005568881e-02
1.674006813474279709e-04
5.810332770925417251e-02
3.594767733222196948e-02
2.024288400903809931e-02
1.293212959758659186e-02
2.593520142078344082e-02
1.120721667866820918e-02
2.339689446256655245e-02
3.507925450899170711e-03
7.132496834625153166e-03
8.004175418095674926e-03
7.447038593999698308e-02
2.272317358279707378e-03
2.470669520985177905e-02
1.736919172283789975e-02
2.886406683364416484e-03
1.374653667681331216e-02
1.676941471515448366e-03
1.488098848758984821e-02
2.361369738461826379e-02
1.676431331329921587e-02
1.437164899267943420e-04
7.931145937699900922e-03
1.535273088841176622e-02
1.420967493025261652e-03
3.563194569046417709e-02
8.655109142384705828e-03
5.426428993109010460e-03
2.412038792736517952e-03
7.359394620045119420e-03
3.085597249287481622e-02
1.086997378151067020e-03
2.496964697717369425e-02
3.549740291192324260e-02
1.003286846339263190e-02
3.411704911827921627e-02
8.109086278633839684e-03
3.660913628062943681e-02
1.505989461414464908e-04
4.382928306221545167e-02
1.019790458279041384e-02
7.796517386113607437e-03
1.999779014307735345e-02
1.978138611277687961e-02
1.040344805526268075e-02
4.274853995954919217e-02
7.287598572560940666e-03
1.868329430544242095e-02
5.928816535720098438e-04
4.220596315027119044e-04
4.141995143010831354e-03
1.907940302013978046e-02
3.716820112532048803e-04
1.206431005554825693e-03
1.406556854051851588e-02
5.660475381546827001e-03
9.222727241297034879e-04
5.542339456627966635e-03
6.842156256243561371e-03
2.717500938802036407e-03
5.189563315359165332e-03
1.405621485616925488e-03
4.648101584071193809e-02
1.711660808695801561e-02
2.054647434503787187e-02
6.466597824720136944e-03
1.021585163705065113e-03
2.422369241025105341e-02
3.287256211194777150e-02
6.430522631919141641e-02
1.930945491607123643e-02
2.063947475226579273e-02
1.022892351573526440e-02
6.500323179597266438e-03
8.937948620518981063e-03
5.486294519405481365e-03
7.603260496958254636e-03
2.071249288497131052e-02
2.061929616393166648e-03
9.111926335857441911e-03
1.856905805565174650e-02
5.224454020788853181e-03
2.396360500629872783e-02
1.375032841096724551e-02
2.195098876464079279e-02
2.023016873498019452e-03
2.454562687009001140e-02
9.410921270960416474e-03
6.812525675463435015e-03
1.875038033365309526e-03
5.242532722639344465e-03
2.676945076429568422e-03
3.972948935103963464e-03
1.418434467101203043e-02
4.271533553609407896e-02
2.782316228020107265e-02
3.728079516901722235e-02
2.866081726942078505e-03
2.195162252379048023e-02
4.117450613424973073e-04
4.025691648072503293e-02
4.397722400151519995e-02
3.791053795577788849e-02
2.732192769411165983e-02
4.829911498709234252e-02
5.942492312211875016e-03
4.856564862458157689e-03
6.503400465818062401e-03
6.003866848588976061e-03
2.723434840516626015e-02
2.455160424699199054e-03
6.628281089555310840e-03
1.428265178688676272e-02
8.336319157642659364e-03
1.678376692433836137e-02
1.651721114663801115e-02
2.025960228208464192e-02
6.355555138313276342e-04
1.991603235334266780e-02
5.540538651966636294e-03
5.530917864493867762e-03
7.234194084929918347e-03
1.433740794784341827e-03
5.386981372519361599e-04
1.958599611884399849e-02
4.324169132685819900e-04
1.317044494074900637e-02
1.376907217035702215e-02
7.405253066704538256e-03
4.108400409182894064e-03
3.064890868221236547e-02
1.723319883479997733e-02
2.179798510179184468e-02
2.797388966329298482e-02
1.169931571777937940e-02
1.736337361282621131e-02
1.532191121592562863e-02
5.254965908127910874e-03
1.240555794886134475e-02
9.935010611785774146e-03
5.272450786814175802e-04
1.809272684599680728e-02
4.050583494394236449e-03
5.673748080362369696e-03
4.488259469019182518e-02
1.524856890715277358e-03
2.452298216291227961e-02
1.021886411311258465e-02
8.587956992571326234e-03
2.732302290378550019e-03
1.832459463522561130e-02
1.507959978886805504e-03
3.566220128003748380e-03
2.177204055897111884e-02
6.444153945587327396e-03
7.562995468464733459e-03
9.106571844690099921e-03
4.625457768814523682e-04
2.508241408910296538e-02
1.478745284310120818e-02
8.808261539696129322e-03
1.527408589176095302e-02
1.118375864569787041e-02
1.156563229217666237e-02
9.187597271978188707e-03
2.184184495927729217e-02
1.367692422263365286e-02
1.483155235792909393e-03
1.694594862775906062e-03
5.964892975593818689e-03
4.227926392914094396e-03
1.159468146905632754e-02
6.236109411768259343e-03
2.463268385132961688e-02
1.365920580666885736e-03
4.043219453031379577e-03
2.755172615819279427e-02
4.052480668127571295e-03
8.828424845378124441e-02
7.203125419861029083e-03
6.318765062422418421e-03
1.344656521636900144e-02
5.079165027862134543e-04
3.234311439092401458e-02
1.236357503690140589e-03
2.997728210316179687e-03
1.364504173981609392e-03
1.824491525741709849e-02
2.237576538126410594e-02
2.629681653178828418e-02
1.394672002772960259e-03
1.873193878397232809e-02
5.616332980340747738e-03
2.403595718254161739e-02
2.313542082187532156e-02
1.546960142968074707e-02
7.050635662504082385e-04
1.754306788965692004e-02
1.100831433755286928e-02
7.377582120304607138e-04
8.921794436315964513e-03
2.710567068043776440e-03
1.407228375647618865e-03
1.401562514664612610e-02
2.273419031528080975e-03
9.244402900457420955e-03
1.963193189647552753e-02
8.652922356358443146e-05
2.531666486492390594e-02
2.334735086656814645e-02
5.641994737081197642e-02
2.604528649258329442e-03
5.553356972885455101e-03
2.177968689093237077e-03
1.467385704644768619e-03
9.196521999914754331e-03
7.442679446695064406e-03
2.583350398262316237e-03
6.475604029612070864e-03
9.245699318430257441e-03
1.829742151205286313e-02
5.866481389762145254e-02
8.754475688105523359e-03
1.693212534605592623e-02
7.157971771758414939e-04
2.120284775015945922e-02
2.816763745438816136e-02
9.445787379065843578e-03
2.986416421175232695e-03
4.984320696715646530e-03
1.747731431457443321e-02
1.994984377042774426e-02
9.433128064690847123e-03
8.166635587218695758e-06
5.034949153287982503e-03
3.213043670013764064e-02
4.506929968825217764e-03
2.068324920191837168e-02
1.101780494592308202e-04
7.339935305365081000e-03
1.254594770570880910e-02
5.895028245326566427e-03
2.850015840319378851e-02
7.697119810937271857e-03
1.476380271594660010e-02
1.328200436645342666e-02
9.504957433284871166e-03
8.049434706516136670e-03
5.588952196330288294e-03
2.305047203054334803e-03
3.119468527360084661e-03
1.732004570542601540e-02
1.704307379256544963e-02
1.370781813724391771e-02
1.250683891302004774e-02
4.531941138547462139e-02
1.829154293159455415e-03
2.289151085058004076e-02
1.061672454983975111e-02
6.921472100126566454e-03
9.599790567778440989e-03
2.192691651628323433e-03
9.192404083963622019e-03
1.003648443925995309e-02
1.036564587285275160e-02
1.973116594253433373e-02
1.014627220546970160e-02
1.649690983053662616e-02
1.005873449850912607e-02
1.861658516341489072e-02
5.644059579839916414e-04
1.826754997067427458e-02
1.622587954113774433e-02
9.408876864180890087e-03
2.071751309214257472e-02
4.994594833956826976e-03
1.446762090153167618e-02
1.802204316743636139e-02
5.015598166005831061e-03
7.191821525098822214e-03
3.862313474882283701e-03
3.459196292876351095e-03
3.511258529530042818e-03
5.731551542783146214e-04
1.174134096547923937e-02
8.766223639302028053e-03
1.691482143284300105e-02
3.091019415387611172e-02
8.407489802598498707e-03
1.890627105301265903e-02
2.395510518637884029e-02
1.073460067573563971e-02
9.310077199390880479e-03
8.417876316635243550e-03
5.287063194097458424e-03
3.758402202573110293e-03
5.291910348561715445e-03
2.946738660620737416e-02
5.150151644340433821e-05
2.367986642014575926e-02
4.218198726585759006e-02
7.714828222466264991e-03
3.571279650581764796e-03
2.070353616252524134e-02
2.445813140179735681e-03
4.392731318431812365e-04
4.548012686649078457e-03
2.072436541965201866e-03
4.590686839426145419e-04
1.708162260100485122e-02
1.869000214072306931e-02
1.047545728913186480e-02
6.404827379626467504e-03
6.906541654683743398e-03
9.080281183993930277e-03
4.679687388630456024e-03
4.552418382808922932e-04
1.778325453359164490e-02
2.232906455454453098e-02
1.020728697499551953e-02
1.551159540239499708e-02
6.206531767101486005e-03
2.625858491312402579e-02
1.791886110216607889e-02
5.714052873282866873e-04
3.918913532474898806e-03
1.211028066607543890e-02
2.544137295331952604e-03
1.480801287191951983e-03
2.072652257190008701e-02
2.603795103073692271e-03
3.611897535338397247e-02
1.484537859416713845e-02
1.867435128459859909e-03
8.396995280526713817e-03
2.066943980238644674e-02
2.424667479814141685e-03
9.340282461103218206e-03
3.499609581461037185e-03
5.049252799868140422e-04
1.300668171396095717e-02
4.058479554486704721e-02
1.176743400184651796e-02
7.583376101525790558e-03
6.778498856971342402e-04
4.250561635467588195e-03
3.046678459385309453e-03
1.762081570740845187e-03
1.784761794742256713e-02
1.923603157148812831e-02
1.147815561230413131e-02
5.204132485272816924e-03
1.533711705742578195e-03
1.092954345725091498e-03
2.727599067758405826e-02
9.584001767658167914e-03
1.289574236630662910e-04
3.683325722492782062e-02
2.624514049022245998e-02
3.714676666846846494e-03
2.866317001771767799e-03
1.974452919571432347e-02
1.084262514356630971e-04
4.018504080035781995e-02
1.435066952138325941e-02
1.909857395094961136e-03
1.128009331684483481e-02
4.489258614244339557e-02
2.143232808981672746e-02
4.922051509392115498e-04
2.548579491794698490e-02
8.539485426335775148e-03
3.084178889400309397e-03
2.119938962729769200e-02
5.877106733723259230e-03
1.166038159911382023e-02
4.998986300974946756e-03
9.393703163419959631e-03
2.566145334998891706e-02
3.715436501897299241e-03
2.287809339936071069e-03
2.023262081170928116e-03
9.948268298054925921e-03
3.596778088852309102e-04
1.294119324012485504e-03
6.016033145367839785e-03
3.228018476915395230e-06
2.014559779446152901e-02
7.936358304817536791e-03
3.979676232694112636e-02
3.221427407417194744e-02
1.414689207031430591e-02
7.140944293668005476e-04
7.886600473085177490e-03
2.035211750439742614e-04
3.259485277843601758e-02
1.512540769164190044e-02
2.502612924782264200e-03
1.357213738299899858e-03
4.413190609132087994e-02
4.354508985707994384e-02
2.073039526960276241e-03
2.300165863578655656e-02
9.346674177840503736e-03
2.614060718406777182e-04
2.929078879475758776e-02
6.218010934984958757e-03
2.597860828250826443e-03
3.015398971665170062e-03
4.287006280614253512e-03
4.095745912006847241e-03
1.386405804347179849e-03
3.163689232509169381e-04
7.023305945829325103e-04
7.187590738730853177e-03
7.494989224718501264e-03
5.720421613580862173e-03
7.944599364221954785e-03
1.494077648058530355e-03
8.440311630396823972e-03
1.302943814317208265e-04
2.984743545920045399e-02
6.744422976143683163e-03
3.040765015354521435e-03
1.482064103891363345e-03
7.178858969753895009e-03
1.438832933985862740e-02
2.351659737815967044e-03
7.485000650708545540e-03
1.291382772311303398e-02
2.136466840894723357e-02
1.566101473901744534e-02
3.512171340009745402e-02
2.453601113324536953e-04
2.705759581189469409e-02
1.331552913193954218e-03
5.657166067050349578e-03
1.890410339368922554e-02
1.376051358002211567e-02
2.293461450915794397e-03
2.428696773476493945e-03
3.854763516530070543e-04
2.579466465457051685e-03
7.390943403588836474e-03
1.134725419260811802e-02
1.749770151219826476e-05
2.912197498969541082e-04
5.430041381997158766e-03
5.252600554362743708e-03
9.498549807159138367e-03
3.395660256360127222e-02
8.603226631340370884e-03
3.035987721537928338e-03
6.568197695646538214e-03
7.468880455351723999e-03
2.909944262633540162e-03
3.369534290402842382e-03
3.272911035919456868e-02
4.820550058644772033e-04
5.117838191912717043e-04
2.496928362861029066e-02
1.274689835660971875e-02
7.138759356602746194e-03
1.864516504204812757e-03
6.346027041135236454e-03
2.221796070862056514e-03
2.043296831692705678e-02
2.332774737421491190e-03
4.558451038337589870e-03
1.215889764410669257e-03
1.813650788621348070e-02
3.776084400122473733e-02
9.385999096799402600e-03
1.385951257214904260e-02
1.000537139559399408e-02
5.137953913932231768e-03
4.547713512104382960e-02
5.273587495035692713e-03
3.477469742427923352e-03
2.645235618930566208e-03
5.203729315622847296e-02
8.396691804425192654e-03
2.489485231209911595e-02
3.515935031975156878e-03
5.459631199315473360e-04
1.381912198419422803e-02
2.907984864575009071e-02
5.130089690815963464e-03
1.027343021575650994e-03
1.378696514061924887e-02
1.553169044444960983e-02
3.607524076456812209e-03
2.053200691678198908e-02
6.968808842436973426e-03
4.114930952476946423e-03
2.878029288939520577e-03
1.373657487508993247e-02
4.702381600641328610e-03
3.223734890472879089e-02
3.881859486177230076e-03
7.092366439852763708e-03
8.780603851249596525e-03
4.605490939698855812e-02
2.733424350214652687e-02
1.129494305923213829e-02
4.359127626201251410e-03
6.840605090970751367e-03
6.194285720173547428e-03
5.821676176021842175e-02
1.615679380337566376e-02
9.159830775721986527e-04
1.583492371517938868e-02
2.776183365996283056e-02
1.060214130767326082e-02
2.186148839345094033e-02
3.818641303215088677e-03
2.446198483799136292e-03
4.211347147638251631e-02
2.256958359653878782e-02
2.710581801242149119e-02
2.500633421122086530e-02
2.226323430913472456e-02
1.905431246003789353e-02
9.170308640633062502e-04
1.696023611154291733e-02
8.168450314503656468e-03
8.782814170647674709e-03
6.016097186210371539e-04
1.611175243193384982e-02
4.399131683362892883e-03
2.197886435047975706e-02
2.573232835701463883e-02
7.078631172655176773e-03
4.760713063052405061e-03
4.167328232234882024e-03
1.840889753208271862e-03
1.538261255085961177e-02
8.467471439987691098e-03
2.505742319948736641e-02
3.019872337145411423e-02
3.105523959213484647e-02
1.219611430306984795e-02
2.192843545488282024e-03
2.103524635938141402e-03
2.581183118751425448e-02
1.319035048659842127e-02
7.137334403843689778e-03
5.326442080760683540e-03
2.053179813406007942e-03
5.342823730808951566e-02
4.496219008659115175e-03
1.304343107936149423e-02
2.061608535210468843e-02
4.235123429961853980e-02
3.638361239265552188e-02
9.241854444916606029e-04
5.799421769900970150e-03
2.915261939078106664e-03
4.564020093639150483e-03
7.537267751884065697e-03
5.381772794167304780e-03
6.959387629448238579e-04
6.008715248016410770e-02
1.593857534020698408e-02
3.444837418469826572e-03
1.547680235123985448e-02
1.998529113028066351e-02
5.466245954871895747e-03
4.796385275745858670e-03
7.142557514884692073e-03
3.876837450152097880e-02
2.276447446834851951e-02
3.497736459643348977e-03
2.467205705938448415e-03
7.865740620973036418e-03
5.507836688970564089e-03
4.905784743664110686e-02
1.086011088073474129e-02
2.645573122572820405e-03
3.869218526917469342e-02
1.688171996799730373e-02
3.195451985964444658e-02
3.904859763961847016e-04
1.793496869620203951e-02
4.610703719403860812e-02
3.506710079985014827e-04
2.669437922402175672e-02
1.999587350850181092e-03
1.446637271918133766e-02
4.650779476385773215e-02
1.115551853611561339e-02
3.553622620455141462e-02
2.281666868182530283e-02
2.435993280780696449e-03
5.107527013605936417e-02
7.956327461333881704e-03
3.894490417403812486e-03
1.036656125015858639e-02
7.156640670657466764e-03
3.477291219207624250e-03
1.913941210801250320e-02
2.688060401543690067e-02
1.994822020334743179e-02
7.391533903598868083e-03
9.457073672741452691e-03
1.199613961961162184e-02
5.324563789232223884e-03
1.344243895591140485e-03
2.049343546398979532e-02
1.197091814313787361e-03
1.035727692620773410e-03
2.528613633107083813e-02
1.064354370795300708e-02
4.457575231302403525e-03
2.004541557951054070e-02
4.348510583555621235e-03
2.050024105406599365e-02
3.295626854771672998e-03
2.502587539298816582e-02
8.443209524340416485e-04
1.074135572433851382e-02
3.592463298741748606e-02
2.378288686475034386e-02
1.345650083353852611e-02
1.318947531514430838e-01
1.464193645092571987e-02
1.052548843202540454e-02
2.222159296903789341e-03
5.487398041436416032e-03
5.208681791789631851e-04
1.731058455123796191e-02
1.376311291621630170e-02
1.971930647183553834e-02
2.271444587282307054e-02
3.298915618187771986e-02
9.873069679452643830e-04
1.561266456870415154e-04
2.728487025384565903e-03
6.123678375894424548e-03
1.242410605422190027e-02
2.773867396514871630e-02
6.129404601746425880e-03
1.231684974493939266e-02
7.606164505956535676e-03
7.762301745823842886e-03
2.116522054007552445e-02
3.050539078166542364e-03
7.206804844053921189e-04
1.989924567706257211e-02
3.533018035404142040e-04
1.389541371696187411e-02
4.530431443976363354e-02
8.451688985981930385e-03
1.519386373638704178e-02
1.295358393236032031e-02
1.090786701387093209e-02
5.696583190915118639e-02
2.672035868355742555e-02
1.641176855956152925e-02
1.697478051568804963e-02
2.155365286496675574e-03
1.271510382201852113e-02
2.290099695654415624e-02
1.375843136117194977e-02
2.136181930841729582e-02
1.091885397387673366e-02
2.048504391120122003e-02
5.156947828084028698e-03
5.021111755223239825e-03
1.431269427500781594e-02
1.392355273038483644e-02
2.017834321302425238e-03
3.740651643669374096e-04
9.351524593278705624e-03
2.525584122056599191e-03
5.915471605812126429e-03
1.115764584444707899e-02
9.568794945349061443e-03
1.461345846870169482e-02
2.698080457458036999e-03
3.165781484785033101e-02
2.486182532699518152e-03
2.137606520485391820e-02
1.744088360345714961e-02
2.822140885365514301e-03
7.044708676270657749e-03
1.561123450618642425e-02
7.749509457699450300e-03
4.011613526085966441e-02
4.954444030181479053e-02
1.516051069519670086e-02
1.534524629037431649e-02
2.116079882888751568e-02
1.706160089222531415e-02
2.369211429593331628e-02
4.483449338285837305e-03
1.270602208516567744e-03
1.126416242316751956e-02
1.284264885440011307e-02
1.079400991988874528e-02
2.916892591488145711e-03
2.109676754420441482e-03
7.140027283855612805e-03
2.618153843565979022e-03
5.800012683856254833e-03
4.833066622652773536e-03
2.519742060209592682e-05
2.357116316773478701e-02
2.526543005704838182e-02
1.219779808594002868e-02
5.622393718867860039e-03
6.295946236798924400e-03
3.254036852795936380e-02
1.682483849901358908e-02
4.750791213330104318e-03
5.833593531848297806e-03
4.072498804016428872e-03
5.564764537878576570e-03
1.694335836537458166e-03
4.362410421026192801e-03
2.467914204374674347e-02
1.773261734612973511e-02
2.790531484942702575e-02
3.033013859353970564e-03
5.711275202482836086e-03
1.465051699150556226e-02
5.251819920636893735e-02
2.163053155113059400e-02
3.604712023742998039e-02
5.972765799864241353e-03
2.967322115507044222e-02
9.508667242521941926e-03
6.980729304754225081e-03
1.165089921727462119e-02
8.272914862487582358e-03
7.428086962187765638e-03
2.024651484431112987e-03
6.663147918570623551e-03
8.600406471932851848e-03
1.545211030821251608e-02
1.724469547909487574e-02
2.619968890575914353e-02
6.497713513644370539e-03
4.050910484672782391e-02
4.460344274345554028e-02
1.951856279055040957e-02
6.372506012490227606e-03
3.891448080034704601e-03
2.195271798416199849e-03
1.812971284188663081e-03
6.927857809860202276e-04
2.640253669297336694e-03
1.124197132771642335e-02
2.710029452267049416e-03
6.638521054475911287e-03
5.574278195224851261e-04
3.585002453187912004e-03
1.179858717350507763e-02
3.857743350885516065e-02
1.408612603523191550e-02
2.554174727877795911e-02
1.042184367328069039e-03
1.244176259282900321e-04
1.957161243684437876e-04
1.375648500718788456e-02
6.930567789690946640e-03
6.583213555900404787e-03
2.986669003823326160e-03
2.132236580391543446e-03
1.846223224532802859e-03
7.226298558350734060e-04
9.876122312039707640e-03
2.902394928508024788e-02
2.067300149180531510e-02
1.887497561246656054e-03
3.634711260226447527e-02
2.246169816305286504e-02
1.541920653556537804e-02
3.793737642025892670e-03
2.736621522327026962e-03
2.806075470928599824e-03
1.813501287792503372e-02
7.998554857076541416e-03
1.980536866271128890e-02
1.969936636476059960e-02
3.139457384819047299e-03
3.100960008484069611e-03
4.727487811705621823e-03
4.764398799113284642e-03
1.970246769749762691e-02
2.977538669384140538e-02
4.612075983936685802e-03
1.252057057292638338e-02
1.529790899562173331e-02
3.769200298791537847e-03
4.150179303963694860e-03
1.139783077969671633e-02
3.327486073645385956e-02
1.789424528028635969e-03
6.801922026891929832e-03
7.045471564783111103e-03
2.699496171416577994e-02
5.280607279585444735e-03
7.837779017996449396e-03
1.893337354930524699e-02
1.819196870932391144e-02
1.566343145800470210e-03
2.262690802421998826e-02
1.652613047062549689e-02
9.348476470882601669e-03
2.644247086432977272e-03
2.403190669809096569e-02
1.334813770208791682e-02
9.616913192543586480e-03
2.237381364362321656e-03
3.077035989534497237e-02
3.635657399547243679e-02
8.919682231666323236e-03
3.984929605302119961e-03
1.968201421220783232e-05
5.483081537282476214e-03
2.983329080104874832e-03
3.255173866495689877e-02
1.479928036612109150e-02
1.128102403638886302e-02
1.633731341696935749e-02
1.453663978797259827e-03
5.188106487903644190e-03
1.159381767836986654e-02
1.297663768744173642e-02
1.718396407834436000e-03
2.047543731141413664e-03
1.618221736206956057e-02
1.964732159530201833e-02
1.988328678538216210e-03
1.574692868514554478e-02
6.750769155118498122e-03
1.043958495230866423e-02
4.814698556914452122e-04
1.148143625312738128e-02
3.677865032808539519e-03
3.568087236479387889e-04
7.178677463993173372e-03
1.719116577249711619e-02
7.916014756159158589e-03
3.400286675714203968e-03
1.089489044812249306e-02
1.963258544175602860e-02
1.470977139703370448e-02
1.716034009622578738e-02
2.776152801889040459e-03
3.161316754364991433e-03
1.520475247727821194e-03
8.472274175818153563e-04
1.037679761444744615e-02
2.125157639794435921e-02
9.495627677329024005e-03
2.067022786939697043e-02
2.905572766451935615e-02
1.152074711015776617e-02
1.141268388408633698e-02
1.393392954508448911e-02
4.748188844813389792e-04
4.822122695866720016e-03
1.742452876472938214e-02
1.202090298396864265e-02
1.019703148401891746e-02
3.712228218699507865e-02
1.075175161638990823e-02
3.775488158031582633e-03
3.978557201971379825e-02
1.977894649992183174e-02
2.048877865790216593e-02
2.153650222962535596e-02
4.648808949387388950e-03
1.807929830979602276e-02
2.580138487120277324e-03
5.448988852333022832e-03
6.005764979493158698e-03
2.440350820076229652e-02
1.551909125552868376e-02
3.019228907331531625e-02
5.561258822494814791e-03
2.433574055833824523e-03
6.598808634692901812e-03
1.062172469568870188e-02
1.012379052996940920e-03
2.404124754459717461e-03
2.593002840832134281e-02
7.804184588109761012e-03
1.828258520571108756e-02
1.714844120512839035e-02
2.327105876376926730e-02
1.435748308915821628e-02
7.602089414604728396e-03
1.544165707705287202e-02
1.832006759051966333e-02
3.055888956801823628e-03
2.900288176312570271e-02
4.507300221249010974e-03
1.048748330440584485e-02
6.285520603616111257e-03
4.992182121388968885e-02
4.445984490880175444e-02
3.888927077582224334e-02
1.089131767940838824e-02
1.280064184341126766e-02
4.048033416326802386e-03
1.142848970097510262e-02
1.183729463923340833e-03
3.966833496758456756e-04
2.438614941742234254e-02
2.193253762765625531e-02
1.992165360076116748e-02
1.720414539035578731e-03
1.542805155114828665e-02
6.977451834604888638e-03
6.251846132608960410e-04
6.034457482544625800e-03
3.435501472235694218e-03
2.232341787091111224e-02
2.228671112402537055e-02
1.135558611347585629e-02
1.321859841038877659e-02
3.832189688883793494e-03
4.142872184413377498e-03
3.114284443962375346e-02
1.821108105981739805e-02
1.142849477938212739e-02
4.828775232571197971e-03
2.744470998782725171e-02
6.516067565168735115e-03
1.674634454424452773e-02
1.329860284297035289e-02
1.646492746577810085e-02
3.785269566191934443e-02
3.880931163622140107e-02
3.901259418227567832e-03
1.508035029417832337e-03
1.172808285064477762e-02
1.115836818359619564e-02
8.138696583962795605e-03
1.858145249219871759e-02
2.828430271144881727e-02
1.205755374048813472e-02
3.585565909991848127e-04
1.146411315971318338e-02
6.236102328006624777e-03
1.203116471929918316e-02
1.643233354729736057e-02
1.023139206525603209e-03
9.993744935141816998e-04
2.705272758086187893e-03
3.026296689604085141e-02
1.179111093311452883e-02
1.162753584311334437e-02
8.142198130840912554e-03
9.183935040916465370e-03
1.172045057401218532e-02
1.237548721685994071e-02
3.077397159621143505e-03
1.118593801236627411e-02
1.535605711002514980e-02
5.869126055378712584e-03
1.344814799086940273e-02
4.837241737301304495e-02
1.320180973432518758e-02
3.300766757377082000e-02
2.401921859843843959e-02
8.471391365256267930e-03
6.762927974324502330e-03
1.316078908115270694e-02
2.565219457425264860e-03
7.836366238951988396e-05
3.576683674729059376e-02
2.157541644971635447e-02
8.162123833512305304e-02
1.562706858954213823e-03
5.338512714256831750e-03
1.128735109428460892e-02
8.679161954388130498e-03
2.646227640609321100e-02
5.936774348696536620e-03
1.067693558060335557e-03
1.056890474094722941e-02
3.421370050103111210e-02
8.717343038702061314e-03
1.317134751608370000e-02
4.529380255324163412e-02
1.921301284819263572e-02
1.326128127203799259e-02
7.338045793139715868e-03
9.585392822454713579e-04
6.817937430659179801e-03
4.924939749065410100e-04
1.338412019035222465e-02
8.786291089407732846e-03
5.639092503206057094e-02
1.260343903136390380e-02
4.655896169842779764e-02
1.264842730232835187e-02
4.864013426655630461e-03
2.115101420276134861e-02
1.744292111765408451e-02
2.836569757684245796e-05
2.253259131410371291e-02
1.419738997454054151e-02
2.099204298106204652e-02
2.052862561202390551e-02
7.939361763852278986e-04
2.162682058912844194e-03
1.536861657304807241e-02
1.657316392758692580e-03
3.932973446973951626e-02
1.358457305224592543e-03
5.705481744506232800e-03
2.665364282672478408e-02
5.641930147603474444e-03
5.271910205835650051e-04
3.032087873781692811e-02
8.813029497557588882e-03
1.782574580806265373e-03
1.604903499492175457e-03
2.392623213026189716e-02
8.239422511705195296e-04
1.769547060332129921e-03
3.586528990360261793e-02
7.983871662952992873e-03
6.146429774428616849e-03
1.804131983825062874e-02
2.151578361735057010e-02
1.290490359757376013e-02
4.689749616213505570e-03
2.004218270376751515e-02
5.799826918201925197e-03
1.527105806479676225e-02
5.532654757835285542e-03
1.062019412842253943e-02
1.898074018113638656e-02
1.514500898262171116e-02
1.258680572058670268e-02
2.451255579505725798e-03
1.936086367172185725e-03
1.280548649131402206e-02
1.669368999148402449e-02
1.611796839881372151e-02
6.087997377804754001e-03
1.673280130086386014e-02
1.995035274512965001e-02
3.683057893336938275e-03
1.181829781591625314e-03
6.534132833650282274e-03
5.376086979284047489e-03
3.335109879436390194e-03
8.062409452747098040e-03
1.004445597207919393e-02
5.134046175906504389e-03
1.155547185550215641e-03
1.452725976811789638e-03
4.473895087725429653e-03
3.309925740751206921e-03
3.502229349938221215e-02
8.498409449228666590e-03
4.496789004003835626e-03
3.376920909832908935e-03
1.293941575563561236e-02
8.194485187874796933e-03
1.141459709954673572e-02
1.299969577388633384e-02
2.227733728145675496e-02
2.642621663271654125e-02
1.052810890304001212e-02
4.206063831679056689e-03
2.768101406190573172e-03
7.814994165804362014e-03
1.789476600887193736e-02
1.267361674708385004e-02
1.467528988984970889e-02
4.503818365493487616e-03
2.052193362598503379e-02
3.412574964010888293e-03
1.051611493515580004e-02
1.146030008495977064e-03
4.449448051344723556e-03
3.053488239491470961e-03
1.778093283065237951e-02
2.748110421367494505e-03
1.899557412400370215e-03
1.189069601062665502e-02
3.802795543955445230e-03
1.541116391082944168e-03
1.438098219066454714e-03
2.684166815296840439e-03
2.787935252193376318e-02
1.030772431355182761e-02
1.091934292697590778e-02
4.537751426128694421e-04
3.039230175327527900e-02
2.253967241713984715e-02
3.519657431561139249e-02
8.691973655153869063e-03
5.892560102187611483e-03
2.861436912294298973e-02
1.646558379751787704e-02
1.969832004006212903e-02
2.574096702011736612e-03
1.847558223752363699e-02
9.047137202303129344e-03
2.236024457466859183e-05
1.128124195920019238e-02
1.249049646465338718e-02
2.943739151146555766e-02
2.029744437576572191e-04
1.576395975926757342e-02
1.853937297075021647e-03
1.374174457622751033e-04
2.472978471040680401e-02
2.750035978488329924e-03
3.938655943103124349e-03
1.103642167518095740e-02
2.900530013583084432e-03
1.222093527010374367e-02
7.804236610474853814e-03
6.611378701520449590e-03
2.759212293865654936e-03
2.399716549287137304e-02
8.052998907631610942e-03
2.161508587143417745e-02
5.695105853022057289e-03
1.394404148202962185e-02
4.948976074632168830e-04
2.018242479424714117e-02
1.941207071421544375e-03
1.004981133977047442e-02
3.503788165284008743e-02
8.465532491694736580e-03
1.955764645642945818e-02
1.800096509407614342e-03
1.293096254866486945e-02
1.561462329642946366e-02
1.593199024020860652e-02
3.062492377442336058e-03
2.733018967587891659e-02
1.205905184101123233e-02
1.887726276482693671e-03
2.766611887303606354e-02
1.387751625145591632e-02
6.866401179965453405e-07
8.546723194962548703e-03
5.356754550862315861e-03
2.589748175157686322e-03
1.877608565358228343e-02
1.039852391674452384e-02
7.395265101493744657e-03
8.009867524213939993e-03
1.562112171618980014e-02
2.049109342677536867e-03
1.966902307080506396e-03
1.398956066328268036e-02
2.251615735876483920e-02
1.609009559206502071e-02
2.296780365106448202e-02
7.686059192546555383e-03
4.821097279963558295e-03
7.657168213990074579e-04
1.761562556936787510e-02
2.298292555504446999e-02
8.784627445052204872e-03
1.904007967937056123e-02
7.402082134484290823e-03
4.106640703398093187e-03
5.583109405718045259e-03
6.352970314218662692e-03
1.871236442229894277e-03
1.402597297127255310e-02
6.912044245960684112e-03
6.859207777273692436e-03
3.254370989711658640e-02
3.092659126423895344e-02
6.131312694920062339e-04
1.069723076364188265e-02
9.017254790288885269e-04
1.606480985530252606e-02
3.117767824556034670e-02
4.665225997389083057e-03
7.246731702933908309e-03
9.515382882951423094e-03
9.719183751322984025e-03
2.208973715186931391e-02
1.837087469843028120e-02
5.189662313838649781e-03
3.009752749401730168e-02
2.112449526414078745e-03
5.725296026087400847e-02
6.882497705041373814e-03
5.974083713778896923e-03
1.138714112049806285e-02
1.546358368448023934e-02
1.084888403207564730e-02
1.943687038813986592e-02
9.140785629186016018e-03
2.502578325564952695e-03
1.083407973584474097e-03
1.077588709223269506e-03
2.422390082681166734e-02
1.621622588917339888e-02
1.907173881607871629e-03
1.594871395870369607e-02
2.230723369633630035e-02
5.758190606338160072e-03
2.646739590174496809e-02
4.104449935450788477e-03
9.116435080850785258e-03
1.660542269160764778e-02
1.513438750167899090e-02
3.411946982016447749e-02
4.059029887993355519e-03
9.712635958542584561e-03
6.231495876018456649e-03
1.380201877660226784e-03
2.015937822732346424e-03
4.982246623377664663e-04
8.332410366062047158e-03
1.485883311223062941e-02
7.462931919020968606e-03
1.916176922622115156e-02
7.332624396125928326e-03
5.210809656035290602e-03
1.094315111204959001e-02
2.153384326304839252e-02
1.046056905862366090e-02
1.954184265933925010e-02
3.515438902165398012e-03
4.889206799315153236e-03
2.765870146459858264e-02
2.936547702143253377e-02
3.992832065411394682e-02
7.450436142920159599e-03
5.525358498300568522e-04
1.383097829373946749e-02
1.395960266381398966e-02
5.126032688090611383e-03
1.927339636879518703e-02
2.811797819624658936e-03
1.449837839822168753e-02
1.091625531002201818e-02
8.245266912398352410e-04
4.817005698715453449e-02
3.460776015797556449e-03
2.852090584436976772e-02
6.738189934743351629e-03
7.364876170531921284e-03
5.846782677618962481e-04
1.872679767582066668e-02
2.987295026863605665e-02
3.654048525491596089e-02
5.711508139801473038e-03
8.133064119717305085e-02
1.535117873661804265e-02
1.095973688135668846e-02
1.539597124147196010e-02
2.202915564526856246e-02
1.146204489315599817e-03
1.325045895192021941e-02
2.303104613919718449e-02
3.502192173912949472e-03
2.032746147334887898e-02
4.915536016580104861e-02
1.709385423660616729e-02
1.307330284926656004e-02
2.125661451541660529e-02
1.395015841317487782e-03
9.139081311830308391e-03
5.929233669588283157e-04
1.072858533645577352e-02
2.769540288355038654e-03
1.426600201207340983e-02
6.914749104089427598e-03
2.070523015612172040e-03
1.748078525684122753e-02
2.960037166546142760e-03
1.115135303855471771e-02
7.217582598271437763e-03
2.187427880667107416e-03
1.221399090412047389e-03
1.685239455285310328e-02
6.392187112343821441e-03
4.067452226599842235e-02
2.698576179885345608e-03
6.136718947257432943e-02
2.301492269980455127e-02
2.530584553347368579e-02
3.242109615041293032e-03
1.428559279792115597e-02
1.178411146925033640e-02
7.181957010584478704e-05
3.073205456876543836e-03
1.465382090490457458e-02
5.972880185404240427e-03
2.635478981943873214e-02
4.432522289701860962e-03
1.229712497597174742e-02
4.126340268363008074e-02
6.044521270427670456e-03
3.284427759289557797e-03
6.077174575023285355e-03
1.750610352029531580e-02
2.638280233653255390e-03
1.265664240805865377e-02
1.575012494714722946e-03
2.929678877763485390e-03
2.779278208990778459e-02
2.877959977898832816e-02
4.017716301619031136e-03
1.324634431568717102e-02
6.199126990467063517e-03
1.404280306296360956e-02
1.207471761914897211e-02
6.386950029696517560e-03
4.674380949447994038e-02
2.332371978649422709e-02
6.432169212941108924e-03
2.184929090710622038e-02
2.349276157800748565e-03
1.918775124245756386e-02
8.043061214179870674e-04
9.507408235255528778e-03
6.111750375321408496e-03
6.983762415666319202e-03
1.216987924748421691e-02
3.967344846186766742e-03
1.675435671066728693e-02
5.011896059843614498e-03
2.225500508077768447e-02
3.890584070334046629e-04
5.272162174112826095e-03
1.059486678650918036e-02
1.948014687275391454e-02
1.795878842658896885e-02
1.524300234559650049e-03
1.099342136876487255e-03
2.591094727358652424e-03
2.649818479124093230e-03
1.539571777232805888e-02
4.210216259425958452e-02
8.814397706427853571e-03
1.596284916958845210e-02
3.932095973238469017e-03
8.027608695956683915e-02
1.759521321415677408e-02
1.793182743822903727e-02
9.775424893310923069e-03
1.777191220419707673e-02
5.409691681052843353e-04
4.235143645727311446e-02
9.795587738142179455e-04
1.131824345482912962e-02
4.716085519893709749e-03
1.230397748270880068e-02
6.572817816271911504e-04
2.790890468317165640e-02
2.401419264994759592e-02
1.288302562187346872e-02
3.019894039151608395e-02
2.476565750052608580e-03
2.950582844000406227e-02
9.474709998020192092e-03
1.981046958029867872e-03
2.258440510111749816e-02
9.647612676748271859e-03
1.572745976215646213e-02
1.827453648794957752e-02
1.890842570307738058e-02
3.771868371757837457e-03
7.750363363359115930e-04
2.434097350214627434e-02
7.249559116983018969e-02
4.471835714954077237e-03
5.842196872635135180e-03
1.766960540604831098e-02
3.844400609252278389e-02
2.628874791944953854e-03
2.312702223380463940e-02
1.541276886591291979e-02
9.992720229336907178e-03
1.051823647679773002e-02
4.670435092070994443e-02
2.537078724509509581e-03
3.473767448358636156e-02
3.552646715799623323e-02
3.164423367916287255e-02
1.625978964157210813e-03
1.973200986307782623e-02
2.321120618878218245e-02
2.675146810860461882e-03
5.348147237282720526e-03
5.265159150370936347e-03
4.102442628265488833e-02
1.771242719955581565e-02
3.519106489171652981e-03
1.492892194683126394e-03
1.467310110543601498e-03
5.996734812719239222e-03
1.072480356383534623e-02
1.021399842961948079e-02
2.482924979347498999e-03
7.024747694766798368e-03
4.087492907172342316e-03
2.536927155636038017e-02
1.165926839210504329e-04
1.144661549302772308e-02
4.342222118124634128e-02
4.835448573513504572e-02
8.109149823290716375e-03
1.167488085309874128e-02
1.099409851269857880e-02
8.796074736299102498e-03
2.428481711534605236e-02
1.604039507068003023e-02
7.005530894180996004e-03
5.068057132160674882e-02
1.315992668896850265e-02
1.198082918000624962e-02
1.277992898882066714e-02
1.313115296973118087e-02
2.359950512715185134e-02
2.928011602122674098e-03
6.951171831179360494e-03
1.487586285203718224e-02
6.336765339984820611e-02
2.906535103555745597e-02
1.160684795199788504e-02
4.519610795398772314e-03
5.080070446152863683e-03
6.150512447467533853e-04
5.789722323388432103e-03
7.772340790966213511e-03
1.131368529124859336e-02
1.170108546496196125e-02
1.079822767716063494e-03
4.684935691772289246e-02
1.292475962891828298e-04
1.238089431192450005e-02
2.910021513528454618e-02
3.628629395509758160e-02
4.626878163786589393e-03
1.545607173213726926e-02
2.041587306129850204e-02
2.396959205465952134e-02
3.498805614490445998e-02
2.998062606491777929e-02
1.668945234873630418e-02
6.254914422651575157e-02
6.043464407709253639e-03
1.204688742543660873e-02
5.722971249348470998e-03
4.711162627748847337e-03
1.843026477416415468e-02
9.986737086242619688e-03
1.683203426357141042e-02
7.212725195543358975e-03
3.834861451866052734e-02
8.204728640530132081e-03
9.960194202013760226e-03
1.913802012960518287e-02
5.316371090038233237e-03
4.779438286513943215e-03
9.029277828192534133e-04
1.085798696507172048e-02
1.761870401823148816e-02
1.993399201596998335e-02
2.715233914144295907e-04
4.544831161676421427e-02
1.307138319853863584e-02
8.742745303593774803e-03
2.703133435825172751e-02
1.329046872672529425e-02
1.524102411915170992e-02
1.945322932180293223e-03
1.826542861744946677e-04
2.704594036798401227e-02
3.483083317348607127e-03
4.241791719776107604e-03
1.611731761976566840e-03
1.854408025043347008e-02
6.800743941062927823e-03
1.222965681089343420e-02
3.999492135226512604e-03
3.863851906749984737e-03
4.069508864302665702e-02
1.455602374803331017e-02
1.052961728518834149e-02
4.866135268754191029e-02
8.251703116273075359e-03
1.004043300561250317e-02
1.900264267364117771e-02
6.015940524094437469e-02
1.330277283520159975e-03
3.072984146076787604e-02
4.099509578546573808e-03
1.216683771295824432e-02
1.979143104310346346e-02
1.024002367736897082e-02
2.030121615388119985e-03
1.996922352047899446e-02
8.863761848448819397e-03
8.300320875928782552e-03
6.983948971263735650e-02
1.108520085335496994e-02
5.202171894438607606e-03
8.837882505290093650e-04
5.186283195936858617e-03
4.575545507367225796e-03
4.200549730268922193e-03
8.789686550179608149e-04
4.075449661770097140e-03
8.779514632720281098e-03
9.978039950797504276e-03
1.836574917373630725e-02
2.282610433496510063e-02
3.600363148317045799e-03
1.806795208576748857e-02
2.748123219595531574e-02
3.167402892714362220e-03
6.479727046725662631e-03
1.091618800346785129e-02
5.144818206649572762e-02
2.522984541797315336e-02
4.303190500286176168e-02
4.185838727403771650e-03
3.936768098696571960e-02
9.360284809098598849e-03
2.149958907448756146e-02
4.408030066501048005e-02
1.105842769143376703e-02
7.401189652544678740e-03
2.617670852887947139e-02
9.438016874412348545e-03
1.121567858503880362e-03
5.087338743544775332e-02
2.564443094779791238e-03
6.216640882813361316e-03
7.005608197748532801e-03
5.712850667643064317e-03
4.862695845075528864e-03
4.843969113110132424e-03
3.651342678754646368e-03
2.700381323231539153e-03
4.786938514480029022e-03
2.852080950576877522e-04
9.485550376308743425e-03
3.420320344247289313e-02
6.808907872047076371e-04
9.048096363067763617e-03
1.877156410558837238e-02
2.399763016919342733e-03
1.897821924007122435e-02
2.698923322858748711e-02
2.143601574583324509e-02
8.975174480795477042e-03
3.227398014998121047e-04
1.922409605842712943e-03
1.618044447494975530e-02
1.646484635574640976e-02
1.537521649022807052e-02
2.176928654561947896e-04
3.725652361821884390e-03
4.645336685532665266e-03
5.478233890841782000e-02
1.323177749434807128e-02
2.481912871067393743e-03
2.759508809451095834e-02
3.094481140376739367e-03
7.233703456015842456e-03
8.599477067889585782e-03
2.207040668757397940e-03
9.635691350434787139e-03
2.382042985834002986e-03
5.467048807611213541e-03
4.449801324590097612e-03
1.142219565881094460e-02
8.349383536277562440e-03
7.688481978705849484e-03
2.536432655741828121e-02
6.322185542694196136e-03
9.715021875240544003e-03
1.442760587248616624e-02
1.577841590913106606e-05
4.904519209077797155e-03
2.762600934834134186e-02
2.722335838581067813e-02
1.109279903367126757e-02
1.127971786171310525e-02
1.222400118615931709e-02
6.529799323933086277e-03
1.681583888707618296e-02
1.100939948435814865e-02
2.342566621671912652e-04
5.253447587779160044e-03
1.318262420242596704e-02
6.715743921611505574e-03
1.172358607827769794e-02
5.632437650727722261e-04
2.670714915312564358e-02
1.308450442015794343e-02
9.502247688344348658e-03
6.013315564700053625e-04
1.841823794976221382e-03
1.646979376364644115e-03
9.154260312847396427e-03
7.164450793738194254e-03
1.334350466671787791e-03
2.232678667587709512e-02
3.607154551755358679e-02
8.785317115503132185e-03
8.977509637526566097e-03
1.609895634966721639e-02
1.407957520817461512e-02
4.798259082780115259e-02
2.803624434907616217e-03
2.129125884314220316e-03
4.064688165801977338e-02
1.795359685857208717e-02
9.331747303644994176e-03
4.353685717216314484e-03
3.684144943867279781e-03
1.128213660732645118e-02
1.232135855202328226e-02
7.509853634464786626e-04
1.836445384070597292e-02
5.319089068715919175e-03
2.482843200577278947e-03
7.625125420804522262e-03
4.553981951834697173e-02
3.802963995406841071e-03
2.358786971631576107e-02
9.016794224889306680e-03
7.178410803727726386e-03
7.679989251224478633e-03
1.063074242506185279e-03
4.665549308437329235e-04
1.011972550226214462e-02
7.492465033022092241e-03
7.722400132206888590e-04
8.248450326507120872e-03
3.278648011164090464e-02
6.802594382475686888e-03
4.590175919137071819e-02
1.429778815230806598e-02
7.713322577954945941e-03
3.571376953829970974e-02
1.308097231680313555e-02
1.386747588296679840e-03
3.224654738245216756e-02
7.146927290943052603e-03
5.630780149838277363e-03
5.330501916994417541e-03
6.540019913991741013e-05
1.926863643399143525e-02
6.243689948938707743e-04
1.022496201572754490e-03
3.703401084112378783e-03
2.346510348011630193e-02
1.976557152732000538e-03
1.099589231731364948e-02
1.482134224349080862e-02
6.030290554810783035e-03
5.417972478790628738e-02
7.681941778647137509e-03
1.931912505204450015e-02
4.124708428778527808e-02
5.791246794189709550e-03
2.671453439535245722e-03
2.171068019738850441e-02
1.850046837516319820e-02
6.614550731826530222e-03
6.704100291116664792e-03
2.717632558972493673e-02
2.210642510649708792e-02
4.844486130393460543e-02
5.931717253258775302e-02
5.611735523108710502e-03
2.458958020685210466e-02
6.092877553890845531e-03
8.016624954403712283e-03
5.406527721122103558e-02
1.245748261934999379e-03
3.103640873398005352e-03
1.722451841423493224e-02
2.029681568901529898e-02
4.513766956473161396e-02
8.953320788688285542e-04
6.190696096016066498e-03
2.284857533044771724e-02
3.379073868835557118e-03
1.418785723834615174e-03
6.952824968899210673e-03
8.478952248328156319e-03
3.965879432243438890e-02
3.325939786322825581e-02
1.446095999444940543e-02
1.233684438216563033e-02
2.908694682080782690e-02
2.687924637146915305e-02
1.373581713297865672e-02
8.603200205805794365e-03
1.355751619715225842e-03
1.387272914510188221e-02
2.885072352383342975e-02
2.946492086519014036e-02
5.861871917764377785e-03
7.789321060802230530e-03
5.721506362966034820e-02
1.985153950803106304e-02
1.709172316621554444e-02
2.164198129402119392e-02
1.097893446737154347e-02
2.058704286729351809e-02
9.522651532214723713e-03
1.622274741086270761e-02
2.051981959307880993e-03
2.671676469164016923e-02
2.211178102518075034e-02
1.471184670549379597e-02
2.139211739211988039e-02
1.172848040144171787e-02
1.140219076332360006e-02
6.053393385252755707e-03
1.374953892931204437e-02
1.574752394041992187e-02
3.795656951089908249e-02
6.430271419341408376e-03
8.760819569048200472e-03
3.332385001312024309e-02
3.520084939905299137e-02
1.822577211612753240e-02
2.157623817400892291e-02
1.963061691609858939e-02
1.641864358349962374e-03
1.961048791109840442e-02
3.121741138602267956e-02
1.698891417327769507e-02
1.159155185679050168e-02
9.369700514887080792e-03
2.240331913463161628e-02
2.788188100638234329e-03
4.388993073959257876e-03
3.061393044776292496e-02
3.358309615678825490e-03
2.764903212928437881e-04
8.033149371541068590e-03
4.815363991278522049e-02
1.415543441792102911e-03
2.858468110329302758e-02
8.631697935292236695e-03
2.522441617327828359e-02
4.463841425570608257e-02
2.389897331883614195e-02
3.261404458247999308e-03
4.025033703447989872e-03
6.080580667575732901e-02
7.701359387496847612e-03
1.286626110056146230e-02
8.387092028281032535e-04
9.755506962752048816e-03
1.532177601756128105e-02
2.095805124897578281e-02
2.989213384808511037e-02
1.416510175939158372e-02
1.729658100146474684e-02
2.689251526581080964e-04
1.372646988957426997e-02
1.084180371812691959e-02
5.026379119229835990e-02
3.143161223859734094e-02
3.124688738220184666e-03
2.895282976979444284e-02
1.285202926646753993e-02
1.395439110449409048e-02
4.003288672565827322e-02
1.001792240398250398e-03
4.007779262987206173e-04
1.022435842191175837e-02
1.607375179690269384e-02
1.361444088685250312e-02
4.014111173997650384e-03
1.873575250376064219e-03
1.720871206252843483e-03
3.631740237843791852e-02
2.968748883280369899e-02
6.472637656392646668e-03
9.903676414913015549e-03
1.712985616458807120e-02
3.976934463367335498e-03
2.084790785685641454e-02
3.371361084469961210e-03
8.515023445603519398e-03
1.886638938768766052e-02
1.795785093935957019e-02
1.319338418906747593e-02
4.019635628745877112e-03
1.273858672388419704e-02
3.101588541317095923e-03
9.666108155894788043e-03
5.719639767877392200e-03
5.224433142091010340e-02
1.696545302534988378e-02
1.071920020290871405e-02
4.117426583475554402e-02
8.625103874246897381e-03
1.714193057415391158e-02
6.472233472379723684e-02
3.814547698363471816e-03
6.603379654153845608e-04
1.246117544864101118e-02
8.111684911115199861e-03
2.914069112621928831e-02
4.268346828318043962e-02
3.269435707749838126e-04
1.465559957232837572e-02
3.100444756346944913e-02
1.080822556314603618e-02
7.515122156335707349e-03
9.104155548033532677e-03
1.455324957145303147e-02
3.260655943682587432e-02
1.085965723398987781e-03
4.000066138507077373e-04
1.131755765676348974e-02
5.010241487545107064e-03
1.083514869158984720e-02
3.596860589709405948e-02
6.306777577971362132e-03
3.406611617643870438e-03
6.229620268218258317e-03
4.665923804243805872e-03
3.246242275819127832e-03
2.765481556019520198e-02
2.652021771432386266e-02
1.422220719907882520e-02
9.948565502642770647e-03
8.702760262360078464e-03
1.960514041925181389e-02
4.677149636606466043e-02
1.246369009908385693e-02
8.695859992423674717e-03
3.896378939975761110e-03
5.984626759532761173e-04
6.317504742502236606e-03
3.096890218702495756e-02
5.122898106783887150e-03
7.610032554455782583e-03
1.472467084611659219e-02
7.767344859429020816e-03
3.950411053505671621e-02
7.229721062338009471e-04
3.396276541531830818e-03
7.603608985698630772e-03
4.030822982399560883e-04
2.992799050158900104e-02
2.053534770331180703e-02
2.190722485722537693e-04
2.388475704157241170e-02
5.724589778583617089e-02
2.313133358634788042e-02
3.292596066282738043e-04
1.045352796683656632e-02
8.186562627396070518e-03
1.448321196219216553e-02
1.596507171017949242e-02
1.255609727706837563e-02
2.044051151328559260e-02
6.099476833814137036e-03
3.380576583582067373e-03
1.900384542980067260e-02
2.639323292442027555e-02
7.089798238089329956e-03
5.339421769848955862e-03
2.197690920965278405e-02
3.708495844659001617e-03
3.170283194849107117e-02
2.604228153886302410e-02
3.232372224261361067e-03
1.952649630256667046e-04
6.186905223364885104e-03
5.837645129519307419e-03
3.606649213867151732e-02
2.401616193594443508e-03
5.474271648723686920e-03
9.688639749029460610e-03
8.062252898115834093e-03
1.997922678794144744e-02
1.721269198787525254e-02
4.481387321729321006e-03
4.706882237916467510e-02
2.954385870754538609e-02
2.773754054321584880e-02
6.335913705675898233e-03
3.202796193564227956e-03
7.637638515186704474e-03
4.198593834145091137e-03
2.070775939966370410e-02
1.079938585137045493e-03
2.232671684734251552e-02
6.678611204708213150e-03
7.955518515707296276e-03
6.106120998779274167e-03
6.226734223514590605e-02
7.266326877825981211e-03
1.435073428718680252e-02
1.806819330757098579e-02
2.869605855855253754e-03
2.119220357462416049e-02
1.063431139080498779e-02
1.031950617676606619e-02
2.093254417213690627e-02
6.596632030954709125e-03
1.354721660771726101e-02
5.788787911031824385e-02
1.171780827369604122e-03
1.152755850724444114e-02
1.034701918719872077e-02
4.287784352293612031e-03
1.408463382906573538e-02
4.369328570144868917e-02
1.338307704693567340e-03
5.093057178695563347e-03
5.923818107495381485e-03
1.416895254993376548e-02
1.804841556212201034e-03
1.457735383491354925e-03
5.906092768854408898e-03
5.463844874120124193e-03
1.316029630553007534e-02
1.946369043937106434e-03
2.147354482999916728e-03
5.561291085462902704e-03
2.834533975462152217e-03
1.176419051464333738e-02
2.443916820790272004e-02
4.008940007128114838e-03
1.196633829832435131e-02
5.161193171665750395e-02
1.223626216471668075e-03
5.524441793309829707e-02
1.425788404156752565e-02
4.111052804170768626e-03
2.874923347469716343e-03
1.657992888815656291e-02
4.449628390885075613e-02
3.388843568615630686e-02
9.288085798692276990e-03
1.475560999453077657e-02
7.568133928247209458e-05
5.704678908025468537e-03
4.161860835026958902e-04
2.710407435924684985e-02
9.520442174390422729e-03
8.414398368149209051e-03
9.888907055391983267e-04
2.762085273344117020e-02
5.268413030157272081e-04
2.349636387088336123e-02
1.823630609855279860e-02
2.344116879332194120e-02
1.779507910553028427e-02
4.271789766265207330e-03
4.180013821864193672e-03
1.170361054572477931e-02
4.017475930709035400e-03
1.649972279655638821e-02
2.421626659378362662e-02
1.721810776507000720e-02
1.281167508656156327e-02
3.195688314628413601e-02
8.235324935601633090e-04
5.509692779071851537e-02
9.758725806891407201e-03
9.029012186093920977e-04
1.811400392254159525e-02
4.067601740708061409e-02
6.080016654439695731e-03
5.792053445554368185e-02
1.393117552518474689e-03
1.035444771824086535e-02
4.797859839560247169e-02
6.564791119337888906e-03
2.951065825619658689e-03
2.323663904236189515e-03
1.508591048224967954e-03
1.705834378254928937e-02
9.814254222390728782e-03
8.483202149797350322e-04
9.927306749160128355e-03
3.249036925259048136e-02
6.829185707923829569e-03
2.056299505149694964e-02
2.630252699154209811e-02
1.391820419816957449e-04
2.502736993113743869e-02
1.224179564266830722e-02
3.578426259513209536e-03
1.423617848787748184e-02
1.744223783268087496e-02
1.186802920014672427e-02
6.943905072548462246e-04
1.375490287139267270e-02
2.884633547935644068e-04
7.346331957107379851e-02
4.551745501114346469e-03
6.384145314679207095e-03
1.142190007805613666e-02
2.712559197994889384e-02
8.646313216315692010e-03
1.098974992478217103e-02
1.237301355543428058e-02
7.751077588797513664e-03
3.806489607933406794e-02
3.348919200295728035e-03
5.474092954291617796e-03
1.584065914734648223e-03
1.143077050584936916e-02
2.450059123619626605e-02
3.819305760109440936e-03
1.626410902491627619e-02
1.026452475655442384e-02
3.265257478111100592e-02
1.101347583914863773e-02
1.560914825567105702e-02
8.963438389958069963e-03
3.608814471343940559e-03
8.788300386359934602e-02
1.260361998604954794e-03
3.474586388304186108e-03
6.057580646140473500e-03
1.498323534510577482e-02
2.482594904728714982e-02
4.115248522273524077e-04
8.928367180142421367e-03
1.302666496492218759e-02
2.612810622282325801e-02
1.649520987171865325e-03
3.802589667306478186e-03
9.378135434898772493e-03
2.863436691353792030e-02
4.883267140271801282e-03
7.345219225168356236e-04
2.204848506836636080e-02
1.039010008137838253e-02
2.668422900969155687e-02
5.385969061006946890e-03
4.896106358622034742e-03
5.080832606954920755e-03
1.759587532136564283e-02
3.428227080446678149e-02
3.235419906184348188e-02
1.278533558381429562e-02
1.508400374568518408e-02
2.803539157134492601e-02
9.910388379085442734e-03
1.831384889468828589e-02
4.439901512963332839e-03
2.392612940505270056e-02
2.757197829998074556e-02
1.219263155185137948e-02
2.448853009301532602e-02
7.793047227359987603e-03
8.283512996749203827e-03
9.706684518101568737e-03
9.252793641304709465e-03
6.226826003876296395e-05
6.483885741604723807e-04
3.185000124467060600e-02
5.831908886213058030e-05
2.876035695027734027e-03
5.195737613318995168e-03
5.536724261304431897e-03
6.983132505757794553e-03
1.561483779281707535e-03
4.003279353949855401e-02
1.560987482482811828e-02
1.605322599332143982e-02
1.663630800634856299e-03
1.008397170794005440e-02
8.925540836423394991e-03
2.359616977902400520e-02
3.783179711916043186e-02
2.717675287763585829e-02
1.068727213491826866e-03
2.877342408650978775e-02
5.340788160692779354e-03
5.538424710709245052e-03
1.955828518112303488e-02
1.870993265987981255e-03
2.988592636163091634e-02
2.102635919103634093e-02
2.034707032023107265e-02
3.866576528395242185e-02
1.432243453387241697e-02
6.636428072265268194e-03
1.052566324343075579e-02
6.871812315087641454e-02
7.334636177777421537e-03
5.734319330196612982e-03
6.131828368265857671e-03
1.960513913684519202e-03
1.593494962579593624e-02
3.741613055477861424e-03
2.616122590891439836e-02
1.870235688939522745e-02
6.510904254726459194e-03
1.334317101132794468e-02
2.224744253657203602e-02
2.322238481975341315e-02
7.350083500276287721e-03
3.400745772962912583e-03
8.697498438655087635e-03
2.008159217285494097e-03
6.790608962195644749e-02
9.513392867632818745e-03
7.189947178982014240e-04
8.432234245621762769e-03
2.944365097846007341e-03
1.124865410883216059e-02
6.741932165061590224e-03
9.057523023005348978e-03
1.383596675089734593e-02
9.653058689511408857e-03
1.106666348529581484e-02
1.329153004656164275e-02
1.343964121177801743e-02
9.107482555665458168e-03
1.920054596171875787e-03
6.818432956912734433e-02
3.030062638837996425e-02
1.415201224211889335e-03
6.898373336102431655e-03
9.118190213737621327e-03
5.862724386300963153e-03
3.422282461842620586e-03
1.938698116846011843e-02
1.672392279827229766e-02
7.854814771686492378e-03
3.186295645934271448e-02
2.035174997518367918e-02
1.847075213219062997e-02
8.690080131014464668e-05
3.454796198694677894e-03
7.594843659439194650e-03
1.449074770041213281e-02
2.193941720562430503e-02
3.014730223442335134e-03
7.628214881676052828e-03
7.287799277682933258e-04
8.625113859645962711e-04
2.977162034178235453e-02
5.286265747737766731e-03
3.024445068614218732e-02
1.187484194093577604e-02
4.306424044372368642e-02
2.118406691168903122e-03
1.128176683596185045e-02
6.304954011508391229e-03
1.074123474961380734e-02
7.695160600735268322e-03
2.377928996870607575e-02
6.815414056379294136e-03
5.972418013616660271e-04
8.772753571060118785e-03
2.233641642798193244e-02
1.092042924935575886e-02
3.487569975566565290e-03
1.875909805451526566e-02
8.631466901144160125e-03
4.381504563510233742e-03
1.460056298442287057e-02
1.960166937691974753e-02
1.545782881497831211e-02
7.540552779351632554e-03
9.028831368920206199e-03
6.225469283673460558e-03
4.641265350429357728e-03
2.514084593483245991e-02
3.449766667911337986e-02
2.475572291868564229e-02
3.964026763923832013e-04
1.956343468884139125e-03
1.824661570961166532e-02
3.234014456548375827e-03
3.928724641577480137e-02
2.084995547833158602e-02
3.860186297241077757e-02
5.820208001425871899e-03
8.524966462474494605e-03
2.700265528446483491e-03
2.953375525562636217e-03
9.535554335662992098e-04
1.105569084455658782e-02
4.823882128911400474e-03
8.119298335671742625e-03
1.505631000718613347e-02
4.116722518972947692e-02
3.791926995737478732e-03
9.049897480103413078e-03
1.232122544109983710e-02
2.117857184985886404e-02
9.938670095969106069e-03
1.047981607750275712e-02
7.736068169303635805e-03
1.526876583383231581e-02
3.756379136426035714e-02
1.962576119206277392e-03
5.999445089599351327e-03
6.692362931200296003e-03
1.842209553392552823e-02
4.001448371661192605e-02
6.649436840975018678e-03
2.614861913662210567e-04
1.268526093566233609e-03
1.894084895124020784e-02
9.880917949488697213e-03
2.748062707919633058e-02
4.705923118237372721e-02
2.216852857786331260e-02
1.795632964238796925e-02
6.180326093035712690e-03
1.078267428819838086e-03
1.695626298290831002e-02
3.780889064485349477e-02
9.847399054084861325e-04
9.757103707692168365e-03
7.674098156138823082e-03
7.036425126346572759e-03
5.993484033500775382e-03
1.953722601251534421e-03
3.405253021111223459e-03
2.925509390696271091e-03
6.877834047565842962e-03
9.525796224665455947e-03
5.852951754092010524e-03
1.110730952753406211e-04
1.546568760663842579e-02
7.058385410956638517e-02
2.922701369573212082e-03
7.147166396929660083e-03
4.236019542594051876e-03
1.429133350501421429e-02
1.076808002939147121e-02
6.077577461874090863e-03
6.574756438655253790e-04
2.349893854941102213e-04
3.240877335887720756e-02
1.449813869705300629e-02
1.615794904584220287e-02
5.701865142916197338e-02
1.894344859644634879e-02
1.646336519418727454e-02
1.867236274072751456e-03
3.907176612258773246e-03
1.895816483966641756e-03
1.386102316992471328e-02
1.073947789176907426e-03
1.915043596779759244e-02
1.766362779640836753e-03
2.028435301858900162e-03
5.594690261774386275e-04
1.594547815505457933e-02
6.571963068414454767e-03
3.072910502158708590e-02
8.990091252735362554e-03
1.709273625642561065e-03
1.656648082516212761e-02
3.131863290788652193e-03
1.729435024068563115e-02
2.872217357203649818e-02
1.044701718210141496e-02
2.552668603317764101e-02
8.408899644651281202e-03
5.305082005640424352e-04
3.841154366772028816e-03
7.733511545028151288e-03
1.036138528564716291e-02
5.328480722612584375e-03
1.971583046000519729e-02
8.701365810462921568e-03
5.919030936610726948e-03
1.533533795340493236e-02
3.230248122309085923e-02
9.365841884419294494e-03
2.398301382401923920e-02
2.351646257798006845e-02
1.222083624708398576e-02
4.625986788728470890e-03
1.771792471178850609e-03
2.476376461004835272e-02
1.665225421121721561e-02
5.747431917880400920e-03
9.694238760841330030e-03
1.291906255368369810e-02
3.993829690773343863e-03
2.204702745443308173e-02
1.502435686248929092e-03
1.454781552587014991e-02
2.292197097260534680e-02
2.258129597162889662e-02
2.768585909607089793e-03
2.064794855705974486e-02
1.307349440937121028e-02
2.953116180610677877e-02
1.982255898904744518e-03
9.544267208881629383e-05
3.427383890619131734e-02
7.882291777423429055e-03
1.300717246456389864e-03
3.894134380814832409e-03
4.127555750012885938e-02
3.117312393997729962e-03
1.440922627438937821e-02
7.283375464240626762e-03
3.181219419046323743e-02
2.311816956228966019e-02
1.141834333891693018e-02
3.519038367040350918e-02
1.642359958884925114e-02
1.496029289451211199e-02
7.399597784280339402e-04
7.871096530886547565e-03
4.210139656968522881e-02
8.449461850638870231e-04
8.753060898860942933e-04
7.773650742905896527e-03
3.170661358785161702e-03
1.728937737164524743e-02
8.657007424666522417e-04
2.371656383160052062e-02
1.073508936324093013e-02
1.376537196153329416e-02
1.530715367908579497e-02
3.395988671812307999e-03
4.605911553156144880e-03
3.030839473106085313e-02
2.339802301935322432e-02
5.412985310903363316e-03
3.760106718251265967e-02
9.093532314192440819e-03
7.786773757024026237e-03
1.959554433312480151e-02
2.278639205528718015e-03
5.973799111091300344e-03
6.138752367143644403e-03
1.086367315117462914e-02
3.333468694211279282e-02
1.450011410405299857e-02
9.679955795189461656e-03
8.293352589079492146e-03
2.265214065126783943e-02
8.021302070650066646e-03
1.675726142323132051e-02
1.134872586741277750e-02
2.538610462605273357e-02
1.022723710107284294e-03
1.059826202725413537e-04
5.079331043971363306e-03
9.456861721757270703e-04
1.163709778666435941e-02
6.284346662251793017e-03
2.508716330886882201e-02
1.273756967536798096e-03
1.060613055611580313e-01
2.162809293204346131e-02
7.058732482082680920e-03
5.160453237033867969e-03
4.678472671743576228e-02
2.141108122184770188e-02
3.874771370711866531e-04
2.600446132811180117e-02
5.824221341126034623e-03
3.813712419336028059e-02
1.841003110024898304e-02
2.900654158968833229e-03
2.356430433731779989e-02
1.181933947507784067e-03
1.469644659448356323e-02
3.587880697206829311e-02
1.633690783563420236e-03
1.447560138222464890e-02
4.316099196807780466e-03
1.296805774203508253e-02
9.197636148906979114e-03
6.436051236770906625e-03
2.610686581605419290e-02
2.473430393756210696e-02
6.829737237574365349e-03
3.475768851902115431e-03
1.960648422688730796e-02
6.978453021451598223e-03
4.333139119876688178e-03
2.360390629908889343e-04
5.138793105683811535e-02
5.856265640983208606e-03
4.896530461110230881e-02
6.249095130723116009e-03
1.324307060468801929e-02
9.588247005749315349e-03
6.981847556881046191e-02
2.835095105031220850e-02
5.112862139679728857e-03
3.167115446552369595e-03
2.781529544895587017e-03
6.972222049348181933e-03
2.210806642426177415e-05
8.531393888876383919e-04
2.108113820574926411e-02
9.199095158180379400e-03
5.838791061566537752e-03
1.693281043206333603e-02
1.726530140283169881e-02
1.329256825810650085e-02
1.954660372803959136e-03
1.264239409738494163e-02
1.072202177495559274e-02
5.168334095905800785e-03
2.194934750574516202e-02
8.831658340906708288e-03
1.262669891000229791e-02
1.216199075083509301e-02
5.836352450871185385e-03
7.927497876858077830e-05
4.007832867609522481e-02
6.582908066627201314e-03
1.577458557308305045e-02
1.334022576933076298e-02
6.851819992957161251e-03
2.001313430498153842e-03
2.537728586707966444e-02
1.167377338766499920e-03
1.065361534642168297e-02
4.024658840929695724e-02
1.725254216721864090e-02
9.441982311266151548e-03
2.146719527825911508e-03
1.162321555669503827e-02
4.544767583595163418e-03
6.028200981529386465e-03
1.948121520050754424e-02
1.721702585918248249e-03
1.276989263537959933e-02
3.266124772133779941e-02
5.178430785950938892e-02
9.691793592332676593e-03
4.807638484077217042e-03
3.799004418123101169e-04
3.594751815122747274e-03
6.941388326013793811e-03
1.562828344967619881e-02
5.051811391926570860e-03
4.563825506594627879e-03
7.590940839201750640e-03
1.919893747700165618e-02
7.134864091930065433e-03
1.445104018180793162e-02
3.758326175049560292e-02
1.136663117728506020e-02
3.542701752321208986e-02
9.151125988545373569e-03
9.224252050443360051e-03
6.973383267979192668e-02
5.194403594503705160e-03
1.093447203418772100e-02
2.246029458594724342e-03
1.447199464221363488e-02
6.244959451970197827e-03
2.413677696808008352e-03
1.885969223765712049e-03
1.286336347470438263e-02
3.619090780105612207e-03
6.820425162486317555e-03
6.072350524101766990e-03
1.093902343682942070e-02
8.357203529674887832e-03
4.077122076241843085e-02
1.393883756474046526e-02
3.297216824249857986e-03
1.106597053617944422e-02
8.878726239993722791e-03
2.641796021359352729e-03
1.904707039003236332e-02
1.193186318961049572e-03
3.750127451804474710e-03
6.598634143240229497e-03
5.528357911744431058e-03
1.167802666576641703e-02
2.203073240931099908e-02
2.340663159564863871e-02
7.504573333265584026e-03
2.307217801676367946e-02
1.269668042333532785e-03
1.975711742371512140e-03
6.027526566829628785e-02
4.216820090740312776e-02
2.411021888774201108e-02
4.743837949093981238e-03
6.129563788622153890e-03
4.280590067822755140e-03
5.389983227717929683e-03
2.847714990268804779e-03
1.837308689149655047e-02
1.315495864606525123e-03
1.152569497617609434e-02
6.127400571495728206e-03
2.438840683279341892e-02
4.923829638721195952e-03
2.502100035360236077e-02
1.158899903564743986e-03
1.267482741971278845e-02
1.885540184400270880e-03
5.652189658777170139e-03
3.742298436257628785e-03
4.968151783764130497e-03
2.229380922764334985e-03
8.444930997776737766e-03
9.704324232206434919e-03
2.752392745527915824e-02
1.245386134245734036e-02
3.074263423950003224e-02
3.758655678850054971e-02
2.408464089592363827e-03
1.571104539302582009e-02
5.672192855609967804e-03
1.846259235482037350e-04
2.600417010080760191e-02
1.657922701068168664e-02
3.844690741133621054e-02
3.009397178721492927e-03
1.474223474067833800e-03
3.923522630588132526e-03
1.670415466797091353e-02
7.751774266979460579e-03
3.049107557019667750e-02
7.148597633761406660e-03
6.486949692019564583e-03
1.697421225987259114e-02
3.535403072411694159e-02
1.053344988520355137e-02
1.623139007853721671e-02
4.243597346864492852e-04
6.903007975951089975e-03
3.521043095224687947e-02
1.902446677346777970e-02
3.960759813003055831e-03
4.276914155316646413e-03
3.735075075621541174e-04
2.895889157011794640e-02
4.159198597376796702e-03
1.765624443321667930e-02
5.075665311818737535e-03
2.618918839496217274e-02
6.893332611266764914e-03
6.497196966450440730e-03
1.690234818694988025e-02
2.665079002699233951e-02
7.676262309136639567e-03
1.483533758732743027e-02
2.474655825547236732e-02
3.626359538380986933e-03
4.212557567336404872e-03
8.528912051652369486e-04
9.906977294298003472e-03
2.309088168119498991e-02
1.190792814098338460e-02
1.161350849224123544e-02
6.388533092193855040e-03
8.624311203772085099e-04
1.747381901088652933e-02
7.125689236007429900e-04
6.339870325098099536e-03
2.467267738444193712e-02
6.315990932780594577e-03
3.074592316825448812e-03
3.854220023671439156e-03
1.178097710326628071e-02
6.489130435176266622e-04
1.221033965322075934e-02
5.334141014017648730e-03
2.072279127950700517e-02
2.255521211289509241e-03
1.254828104679311766e-02
3.916199353919199051e-04
2.586990345347485801e-03
2.794751593729459527e-03
4.497762984281570078e-03
5.389695616558195894e-03
1.599934603097926539e-02
1.293718515515663615e-02
1.476824956915595913e-02
1.020311137493985255e-02
1.525420984558394262e-02
4.458063815499362439e-03
1.027822563054650497e-03
4.325939107495621778e-03
3.461681155105331836e-02
2.409741220438517406e-02
1.168695076066465256e-02
1.089126948395168978e-03
2.725727601173147125e-03
4.970313797966500677e-04
6.078794956531715157e-03
5.965757168654002790e-04
4.530630137410684988e-02
1.319804076461679118e-02
1.201425387226934260e-02
4.419962179441677165e-03
1.075643401007569944e-02
1.469004280282872402e-02
2.350850633386056959e-02
7.075104823768558170e-03
4.754503435347078033e-03
1.189952386730382290e-02
4.542417702144585512e-03
5.518546181832819676e-03
1.526999694342128823e-02
8.816783351315879078e-03
4.955464074597908282e-03
5.468912824247186381e-03
1.207320499652338001e-02
2.402276705947890140e-02
7.579129046128018493e-03
1.677190714568109475e-02
1.686529865360046967e-02
1.061495063459541935e-02
1.587990745209391652e-04
4.408199446885334091e-04
1.125525304969882123e-02
1.242942350623088554e-02
2.353817765141124480e-02
1.181478129747622063e-03
1.148488000715565914e-02
8.633252126919647648e-03
5.998273509040285764e-03
4.657852403156317878e-05
2.059313653967200647e-02
8.986981405132260861e-03
6.820824647112973954e-03
1.445231982912076980e-03
6.720703721044254432e-03
1.856888432608827869e-02
6.733533639028740914e-02
8.567603997851159364e-03
6.020033324582050628e-03
2.000715894392185445e-03
1.280747775082805712e-03
2.897399505892801763e-03
9.742575744132314641e-03
1.368111457181614768e-02
8.033605599357769231e-04
1.235257107870904071e-02
6.832122870911627038e-03
5.914429925933488430e-03
4.128439144719671383e-03
4.101973041537151227e-02
1.811873696795291214e-02
1.130767093287809999e-02
4.825137058546240948e-03
1.124427548859076829e-02
8.314301656259390216e-03
2.513831628942045371e-03
3.381015115794522297e-02
2.982756863700928088e-03
9.019034528918295004e-03
3.888941604786346363e-03
7.505201242119026624e-03
2.956259433953330878e-04
7.505764890212946600e-03
9.542574282098266469e-03
1.059170168626803223e-02
8.107017164318044630e-03
4.476566693428802625e-03
6.003879251579416314e-03
7.017863190757987757e-02
1.654221572566627607e-02
3.757535064625597623e-04
4.995962949763552152e-03
1.037143230768403871e-03
9.935724140741182542e-03
1.385504748022756485e-02
1.115182103301551320e-02
8.147517362030492344e-03
1.274212765313602683e-02
7.337938348247735783e-03
2.086486419494517838e-02
7.232998402051236952e-03
2.324264640562900830e-02
8.005968657965609539e-03
1.571504004378078759e-02
9.480762581475605730e-03
6.736067929624771355e-04
4.441230893831352687e-03
2.571548651970384861e-02
2.143168328710449988e-02
2.991857509973170574e-04
1.754877210698374546e-02
8.887325022073894534e-03
3.064508381072778009e-04
1.045746187645424895e-02
9.560193687556981651e-03
9.815368060234573935e-03
7.764120818720223784e-03
1.595018606550379497e-03
7.229900315895779195e-04
1.014977271816922943e-03
3.535681408115631114e-02
2.066123655722795424e-02
9.546448897142994355e-03
8.338576325937568923e-03
6.612365973140993392e-03
1.538379462738275957e-03
1.157523237268267245e-03
1.641471664488637627e-02
1.631475177545688854e-02
1.224326695212893390e-02
3.238376465487951411e-03
1.277661879562064055e-02
3.767878355634916854e-02
1.908660109624161355e-02
9.743219602357038392e-03
3.344836802652444846e-03
2.218681835928823856e-02
4.930239672601414991e-03
6.682785016408317527e-03
2.401700718230374149e-02
7.467572332512995015e-03
1.664945042953486568e-02
7.776003826354175273e-03
1.245785815643987021e-02
1.947953222956298053e-03
1.588189263220191397e-02
8.613555418544353859e-03
1.222625460988633131e-02
2.859381664771983023e-02
1.657306892238368358e-03
4.301578171701119641e-02
1.165923190212654788e-03
3.549361306530882804e-02
4.194145443522027950e-02
1.021972012082925790e-02
1.441260875820829686e-02
6.332605940512619006e-03
1.387818154520180196e-02
1.118178908285554114e-02
1.316423127533750126e-02
1.229318897690390502e-02
1.235198326067847054e-02
1.762912204768813523e-02
1.028206709759641076e-02
2.082333498285359949e-02
2.802453525911116627e-03
7.706223449112393001e-03
1.458610400467102129e-02
8.294110552705302036e-03
1.004566434440938051e-02
7.202266704007745032e-03
9.197146864131040822e-03
2.684438976367634067e-02
9.900777776350590947e-03
1.047033981706542438e-02
9.622143792207793825e-03
1.389084117274558272e-02
8.400088728277204167e-03
4.996072192695768036e-03
1.259293958295841162e-02
1.873223077876108589e-02
4.064599702408709658e-03
6.932928636179658266e-02
1.913690101363578781e-03
1.363152165429307866e-02
5.962616303245398680e-02
4.212904608356030089e-02
3.811032672679835753e-02
1.454501042446199738e-04
2.249523924048482670e-02
1.054602963248131228e-02
1.433981996921521868e-02
4.389156810621982693e-03
2.569568378335040926e-02
2.072400264848907325e-02
9.092317555334846618e-03
1.858653930525941411e-02
6.755960593223705492e-03
3.457332030140538096e-03
1.417325636256240411e-02
1.393428575309849614e-03
1.126226964280820260e-04
7.797936881646286462e-03
6.266563540509568694e-03
6.217207050935109197e-03
6.204303972488528496e-03
5.562893019955968479e-03
8.654505551811551151e-03
1.393419679828004215e-02
1.885403566359325489e-02
1.283371799824525004e-02
1.392436099698995088e-03
3.270542025074264086e-02
1.506610544330480583e-02
4.474710241471281658e-02
2.537724079624199477e-03
6.264422398583990859e-03
4.223686738101345428e-02
1.806912468113506393e-02
2.104275570797878303e-02
2.465026293454184933e-03
4.918882956426925968e-02
1.990401875553739208e-02
1.407303955047354421e-02
2.042302440223945845e-02
3.229617605835437104e-03
3.485624261895362702e-02
1.087807583185385757e-02
7.567696689643956150e-04
2.993533525974174242e-02
4.296743874840920629e-03
3.129778873439133680e-03
6.059870132421034394e-03
6.212079405804890250e-03
1.105892404416397969e-03
2.991785494260923699e-03
1.302183308929046393e-02
8.581412615811502553e-03
1.129952786475700056e-02
7.423607790964369124e-03
3.491000355707875660e-03
2.467726871795386176e-02
1.022281939969381728e-02
7.545130843572987224e-03
2.348725241989309959e-02
1.860701959795210692e-02
3.485906510115620305e-02
2.059433631294830050e-03
8.871322059336045687e-03
2.923198939126945423e-02
1.058683172837353303e-02
1.866588982891818904e-02
3.031275056430399358e-03
1.159409180642863128e-02
4.928562289229717480e-03
8.378153335371913563e-03
2.376987991840349979e-03
1.055111599116608130e-02
1.513438163544793442e-02
1.875742375535648793e-02
1.113473957202042695e-02
3.767799878342097120e-02
6.602559649853380341e-03
1.023137789435727210e-02
6.047479625679174839e-03
1.294865748336649323e-02
9.356397492748419129e-03
1.486524047269523023e-02
1.524568523123913909e-02
2.021506518748652365e-02
1.659135907432726653e-02
1.891645251874022465e-02
6.776667245857317251e-03
2.182968442269311860e-02
3.055335575628426170e-03
2.550380710382937899e-03
2.382296654418767159e-02
2.259120504310402344e-02
2.819146477519023780e-02
1.273626541329771732e-02
2.531329047321114606e-02
3.122053561603767985e-02
1.141024000361805062e-02
5.840330798226650057e-03
4.359941883847077114e-03
5.014437888685285144e-03
2.718763713908065385e-03
1.115174701262005956e-02
6.277424879795131044e-03
2.328642440869639618e-02
7.608828426885995075e-03
2.904208191450492749e-02
8.564192808123920198e-03
4.239982223467819722e-02
9.749613717196251028e-03
2.214652289122996318e-02
6.581904315635774862e-03
1.476325156693737706e-02
1.884610209128150318e-02
2.915451178881614709e-03
2.110816101994060501e-02
1.884481812236071113e-02
4.645351287686718886e-03
1.448398270566205771e-02
1.303625877429679530e-02
3.923583939799506030e-03
2.496078862476387022e-02
1.076063768185368981e-03
2.388971256893141284e-02
1.019221620662060651e-02
4.175023641072811431e-02
1.233519986029827167e-02
1.503157597959637638e-02
1.526294279696541190e-02
8.343364385582892687e-03
4.184402055718447477e-03
1.386921578487466944e-02
9.233999997734941220e-03
1.914153890573535091e-03
1.565397199848166110e-02
2.154806593203997638e-03
4.247361397422463707e-03
1.518116878365727285e-03
1.793426452661687001e-02
6.927812473749649959e-03
2.389466389840671362e-02
8.762101536787197595e-03
3.995364595600548428e-03
5.982176140093708842e-03
1.622615155996352115e-02
2.438784281416993271e-03
1.792136502821607691e-02
1.153191791524600315e-02
2.617072938871581843e-03
9.464292021519077336e-03
7.747477136115380261e-04
2.570273998458042289e-02
3.047953239563791494e-03
4.574653157403798381e-02
5.613487276586657561e-03
4.502850024961240621e-02
2.866344931675111896e-03
6.968879425391110230e-03
8.623163894514528083e-03
2.166665128393663667e-02
1.442458666909493537e-03
7.617467161599348648e-03
6.746748973237857820e-03
2.667718114708747881e-02
9.858137031591163169e-04
1.607315227568693883e-02
2.289480893074968479e-02
1.705340765511945134e-03
8.429094251092924704e-04
2.994417363650902011e-03
2.366615253076877201e-02
6.970481201334807059e-03
3.689580637536747643e-02
1.379670072670924341e-05
1.095053671773494296e-02
7.881297582499099952e-03
1.931407702702445800e-02
3.353356617067568528e-03
5.302029111935318423e-02
1.248105381529822887e-02
4.616217970815429499e-03
7.001044676375378986e-03
5.756173540943004645e-03
1.882240425093868741e-02
7.245285181905317812e-03
2.576456202123561523e-02
2.302268879426953505e-02
3.099787245318472509e-02
1.383944882863967062e-03
4.577790975794360229e-04
4.161655227324347062e-03
1.949989373832019396e-02
3.978343067706953395e-04
1.743563308654802468e-02
1.510473266797850329e-03
3.008494913341982352e-02
8.338541476358984905e-03
4.631099891356845605e-03
2.255778569000108785e-02
2.789496045012449313e-02
4.710692959795257859e-04
7.318764208787676556e-03
1.285922407365859901e-02
1.341510011563932028e-02
1.432323707350200911e-02
1.987561162847701897e-04
1.521030482358656441e-02
1.960351173616236425e-02
6.644172691788449714e-03
2.541462804309017800e-03
3.261203080765395085e-02
1.963998278080101786e-02
2.228380821608240067e-02
1.571981894378959160e-02
1.026531050367352101e-02
1.018677542298761750e-02
4.182447314385317853e-03
1.643677778171623999e-03
1.578672009537320994e-02
2.091681888727969785e-02
2.596699747206089592e-03
1.249530839261939891e-03
1.112541897565996057e-02
1.903583120928250064e-02
1.207682116255108171e-02
2.484079750420185514e-02
2.466651048096297691e-02
3.553982556541610688e-02
1.837924311455213944e-03
3.732200986903699141e-03
8.845695018100938924e-04
1.348793832377241826e-02
8.555183151153640878e-03
3.730471923557796606e-03
1.760310630473096993e-02
1.494257462008528794e-03
6.358196543943069393e-03
1.417401987937898580e-03
5.030439871798466148e-03
1.828245021704916207e-02
2.170750512242055133e-03
4.221936533297609116e-03
6.552887524224751403e-02
6.247482018285868861e-03
3.820255914446927387e-02
1.292399419897653431e-02
3.366093970805011590e-04
6.047238128136009534e-03
2.880795527109198534e-03
2.160041878082789336e-03
1.853139022342184528e-02
7.628641316569564207e-03
3.577642346226755400e-03
4.075816224988497785e-03
2.444137165853497995e-02
1.701309243885559125e-02
7.534578250427730745e-03
1.294840414248199165e-02
4.608286153526671911e-03
1.389255048973413870e-02
9.077927008114447874e-03
5.813320068252783059e-03
3.208149393163709472e-03
4.567472745508564108e-03
8.080093784393452966e-03
9.564000081610311843e-03
3.446939450817681355e-04
1.561833013189709018e-02
3.904778090003886530e-03
1.087639624464849242e-03
5.453474554089048770e-03
7.879069162587137160e-03
8.509110790387498791e-03
1.020450045907767174e-03
3.931652599915011481e-02
7.092193794265637743e-03
2.897339432215687710e-02
7.518947439597502280e-03
4.062496811308278014e-03
3.197727066967429900e-03
1.629894836496683774e-03
2.695270186690864201e-03
6.729116638409700368e-03
5.565064597622074866e-03
3.447867607407308771e-03
1.604372820153403701e-03
2.881259517339307841e-03
1.811525927120009524e-02
1.943003907082600790e-02
2.922952427824118682e-02
6.100905449888369830e-03
2.100221704096544642e-02
7.558794228632768723e-03
1.744936950554497324e-02
3.926796946588577246e-03
5.648270103081545410e-03
6.176197178971281829e-03
4.592681319578906241e-03
9.054273922143090889e-04
1.025451735568544756e-02
1.882660226886351696e-03
3.165855473818472710e-03
7.281149302950173409e-03
7.648564988813957854e-03
9.092713901917650471e-03
2.513559408852143393e-03
5.362755551265653564e-02
1.497721692002858089e-02
1.462835952202810180e-02
2.439189538764261964e-03
2.555223877993804266e-02
7.534775591293728023e-03
3.226770081507020216e-03
1.379425329258934449e-03
3.803553608432870548e-02
3.847605503797844190e-02
2.477980939323764023e-03
6.433376595901175825e-03
5.445264441291111299e-04
5.497080930217446149e-03
1.896267140849329860e-02
2.403881554784975672e-02
4.781956002209532437e-03
8.423065348044610906e-03
5.542973905964617212e-03
3.703777332296014080e-02
1.606373072234139159e-03
7.741841501013774912e-03
1.545754830813326000e-03
9.634275225895782419e-03
5.492951018469888202e-03
7.470535420786771248e-03
3.627695923410254736e-03
1.907130777942212321e-03
6.581823823848914970e-03
7.551239808587396213e-03
1.347360757167813741e-02
1.860629273421952543e-03
6.157589285557353576e-02
4.816801444254027037e-02
1.438019561705757704e-02
9.670863902293942715e-03
3.576516801950359488e-03
1.221601507012686112e-02
3.560835663907770381e-03
3.968986498371161048e-04
1.870019465373693596e-02
7.798892157474044198e-03
3.904385187842021685e-03
7.529072433728461501e-03
5.912663798316218113e-03
1.376742775390881086e-02
1.173560067023146809e-02
3.554286918899210446e-03
3.605673166830057359e-03
3.613656548247778585e-03
2.079501199739422490e-02
6.466288489486923807e-04
8.370699124180855377e-03
9.113644945434462227e-03
7.287462262418713255e-04
5.395114319679624251e-03
1.108935433564911316e-03
1.862958973461360627e-03
1.486126605454938555e-02
1.052105683512415623e-04
5.353722110756240979e-03
2.905460187072339204e-02
1.268589083391340362e-02
3.437906912869043499e-03
2.436253400509202569e-02
1.511076312433272742e-02
1.551890253432802041e-02
5.176599120261809669e-03
2.234654321484055503e-03
1.619736153274999382e-02
9.893677628252075390e-03
5.169748066165996345e-03
2.131300506809788789e-02
2.056268458192154341e-04
5.988176320001485815e-03
5.982427660095282484e-03
3.173150100245527606e-03
1.640585724158497710e-02
2.164533224315261239e-02
2.116777267027119755e-02
1.208380863499019034e-02
1.065094099678765206e-04
1.401643413118146449e-02
3.163751314896969414e-03
3.951585780849731742e-04
1.102493260550253644e-02
3.356947847087961290e-03
3.332447306502652352e-03
4.607525409074070960e-03
6.450604033278044790e-03
6.320308501790716793e-05
7.605989261392177500e-03
9.826864109048729506e-03
1.321837064047186316e-02
4.579246620417579648e-03
1.453790336222655780e-03
2.824461234788685354e-02
2.488273502011820876e-02
1.199718255970923242e-02
1.020291806764174990e-02
7.213629375998420815e-03
6.543622576837822974e-03
1.673086471045820032e-03
4.091434047981193367e-04
1.380154767575152673e-02
4.897030450164052869e-03
1.741643502653684051e-03
1.238894154062583630e-02
4.445054170152586831e-03
9.592712218497400495e-03
2.371605737560119470e-02
1.305882440215717574e-02
2.162393570295636711e-02
2.446656557160370969e-03
3.364369918572357454e-02
3.488926262065923049e-03
7.180853291151241199e-03
8.319248869293385112e-04
1.450027750177222208e-03
1.158927366071092584e-02
1.513511139471170920e-02
5.601845918368028587e-03
6.691322961049419281e-03
8.375303860356486316e-03
1.266654633271262730e-02
1.246833603632838128e-02
1.499104003622778528e-03
2.008647247797295827e-03
1.774937294040170727e-02
1.596743574077117561e-02
1.567802246041985481e-02
1.367761839120823324e-02
2.656476145892500834e-04
8.622780862225128129e-04
9.851098569592821666e-03
2.127442556524656442e-03
3.468417364380328022e-02
2.397898285113524673e-03
1.624222190744404465e-03
1.180896429927699720e-02
2.224103671120590802e-03
2.178113494173204712e-02
1.247246151131895311e-02
8.139496413379829903e-03
7.604153600926488905e-03
8.291660680375094114e-03
1.597684686138663851e-02
8.060409970262404425e-03
3.259998212605651896e-04
8.006771373659514121e-03
7.313551985042982678e-03
1.019616160424927781e-02
2.539623112994462278e-03
2.227871009504578739e-02
1.050162344531573380e-02
1.004643652259221316e-02
5.284236278161146341e-03
1.316659977721818670e-02
6.193198360225748988e-03
7.046575353546715575e-03
8.211734041740029882e-03
1.154297427229258877e-02
1.668299843004995148e-02
1.845233089881884864e-02
4.138286477788528060e-03
2.056829218198392550e-03
1.069442318761376978e-03
1.563280086563865459e-03
3.277321805233053553e-02
1.121552108466889949e-02
1.248753832503512670e-02
1.020936207646600848e-02
2.103347055750885881e-03
1.178269399469073983e-02
9.745572667094325181e-03
1.868685019091001487e-03
3.346755441947954664e-03
3.883166525041804699e-03
1.786665684695249931e-02
1.827231614935813028e-02
3.707918440135900967e-03
1.192067491283275993e-02
1.268735402749852047e-02
2.638010196352554709e-02
2.497603023581486739e-03
1.357045216623286449e-03
1.097386996218757162e-02
7.354785053133592980e-03
1.018764470585913594e-02
1.051985544841973867e-02
9.263120043848490498e-03
7.441551504011713683e-03
2.313640293331519285e-03
1.549044666487791114e-02
2.068747577103935420e-02
4.263507549153628534e-03
1.374089558727737553e-02
3.507170495501386442e-03
2.991138572825497496e-03
2.538659475208028277e-03
2.041836445535969227e-02
2.368748113636062053e-02
1.684063955124389181e-02
1.182086881210253279e-02
1.632770929683769173e-03
4.475121115936252225e-03
1.205807529192007635e-02
2.237169104809328540e-03
1.072469344342796838e-03
2.077722548425545504e-02
1.073316832644388708e-02
9.593857647662903249e-04
7.540637540116856830e-04
8.864992199088660846e-03
2.259159647896843981e-03
1.228703944438166475e-02
5.091836785614600909e-03
3.120861698419844475e-03
2.664614477905297499e-02
2.494171063849463105e-02
1.619629950695142956e-02
2.149642483289598144e-02
2.918101959357637804e-03
1.531085420400774347e-02
3.660826977213603927e-04
1.373160193303970752e-02
6.860583257363660203e-02
3.285646122606437208e-02
4.347552284351868801e-02
5.217967812589586118e-04
6.137368848139998154e-03
1.697444402880082456e-02
4.100075536762686629e-02
6.354294527991359749e-03
3.335602503522393236e-02
6.883738088893266585e-04
1.265340904279253081e-02
1.341559385788691772e-02
9.032666953066006282e-03
7.092585111148783095e-03
3.421796744565528542e-04
3.461264992556860407e-03
2.268057501444717405e-02
1.984648587049469767e-02
5.513237471392055424e-03
2.188705819946967085e-02
2.767141348180103544e-03
1.918875833008693715e-04
3.656556964684379296e-03
7.455062847700005824e-03
4.401623745504890800e-03
2.924028958191039404e-02
2.091873903958199957e-02
7.724317903014182168e-03
4.412276780265026767e-03
3.271862364774931475e-02
1.634691093437409815e-02
1.139748211657883384e-02
3.314480838717384636e-02
2.008120137922446424e-02
2.497350773363487750e-02
5.760821882472989819e-03
3.224229363087683948e-03
6.439541795989205120e-03
3.342400655722181646e-02
2.561957760662524064e-02
2.979873572847055105e-02
5.839928581160735294e-03
1.450900640693314481e-02
1.665164024893253658e-02
1.080014265280189109e-02
3.632126391433493362e-02
1.740701518208497261e-03
3.068336861834334087e-02
8.655740099484353356e-04
3.270808090785025379e-02
4.282362086375529620e-03
1.276586184836545242e-02
6.695750148369405616e-03
2.002375623651572365e-04
2.795816038122860697e-02
7.997393278381469128e-03
3.247784818593225410e-03
9.420944765661225934e-03
6.447964350405691047e-03
5.257241163804091122e-03
4.480779882697996132e-03
3.122521140707110870e-02
7.920978952992475258e-03
8.662331806245487584e-03
1.658189159361136283e-02
3.593229750339102524e-02
5.327273599574963020e-02
1.389185391988092232e-02
5.814021583024979803e-03
1.042504585325838146e-02
3.301010623734344784e-02
5.895523776009861661e-02
2.586562023050597778e-02
1.610508410363088424e-03
6.629512598051436230e-03
4.952641496805697957e-03
2.122174545450795230e-02
3.376144323113419721e-02
7.899930190669183019e-03
1.400860271842165571e-02
8.886261869244918565e-03
1.731056374404753295e-02
9.652523008461869752e-03
1.324752304455491768e-02
1.272174344076695308e-02
2.112950027864671232e-03
1.740870272752534018e-02
1.595468285180141887e-02
1.084220095635137285e-02
1.584564855058231275e-02
3.697155303622961554e-03
4.955880338553875220e-03
1.456503161621616749e-03
2.185925724688838473e-02
9.652585444101592291e-03
5.640046532378009854e-03
4.833342917215193574e-03
6.351039025320419362e-02
2.641130668160576039e-02
6.721580627449363736e-03
8.606045184976110485e-03
4.449386502043911271e-03
2.900539202135087903e-03
3.251322224341859218e-02
7.755012204265809058e-04
1.005248747496751381e-03
5.867318273529541738e-03
1.266502100855407265e-02
6.432128437218292451e-03
5.417147225860665521e-02
3.098752592712814349e-02
1.158897340709023720e-02
3.230069290863386237e-03
2.017113910543774993e-02
8.305150996166080907e-03
2.706786195924033162e-03
3.588435372950192926e-03
1.257674514018580249e-02
8.167901288836709739e-03
3.397174045924183927e-03
6.510071822484626500e-03
4.900961340106831272e-03
4.690356280817610177e-03
1.106435054340047450e-03
1.491171320392447458e-02
1.612322668185625554e-03
9.729233524250441995e-03
6.732447876553210135e-03
1.287758449286223288e-02
1.594580152799925099e-02
4.397219331266709330e-02
7.282812116055201526e-03
1.442997039186908609e-02
8.100195660996711497e-03
1.021277344890862693e-02
2.991562343464691798e-02
5.965856898508440677e-03
8.196426835288869034e-03
3.357793229965926052e-05
1.009379869940296715e-02
8.332055332911392567e-03
1.469816419650979249e-02
2.954863911791364567e-02
6.031759897502078985e-03
2.242591512800571479e-02
1.470266572473450870e-02
7.158511057237455441e-03
2.732584094075011377e-05
1.227220750789387652e-02
8.832847621048741521e-03
2.088346676098243315e-02
4.379457850462155355e-03
7.193628542146463661e-04
9.509243278175490144e-03
3.121089733280653714e-03
5.586202378982977126e-03
5.280852745451307395e-02
8.501114263803842205e-03
1.249827574218702331e-02
2.022889995777370914e-02
7.470094977471538646e-03
2.038187028042066570e-02
2.091059040513603903e-03
6.630393380013749685e-04
1.778002222047894015e-02
1.546625354182908779e-02
2.747659081028155925e-02
1.986472289066780472e-02
8.374064620945339057e-03
7.204246425223980246e-03
4.974482595255617923e-04
7.034046442752351670e-03
7.556717591496748404e-03
6.964110822601139034e-03
3.235255521333722101e-03
2.193805633049413645e-02
3.149503418308939595e-02
9.202557473530832699e-03
2.776564346682356896e-03
2.431180168445907022e-02
1.092157299605803211e-02
1.055533989802985052e-02
3.271042212386322812e-02
4.345717131597415066e-03
3.533532191525995403e-04
4.057451674450048007e-04
1.229967939480505756e-03
2.826406353057252761e-03
1.402176473596509002e-02
1.299278479940136743e-03
5.004265187216325704e-03
3.927249473584477034e-03
3.084847182986890334e-03
2.829198000810696778e-03
1.205018996612463537e-03
1.208642537657121131e-02
1.825561538111794904e-02
4.569728650100887517e-03
2.406098254085556332e-02
1.249420117514348470e-02
7.755786823823565546e-03
7.333965570965072546e-03
1.486866771469676565e-02
1.471554551994375473e-02
9.942957526605955554e-03
2.843125588931263298e-03
1.392042105879449237e-02
1.106596069908276879e-02
2.250521705769759073e-02
8.967627776272336926e-03
4.150997103399534614e-03
5.344896179582719897e-02
2.938609168956501580e-03
1.191410232348629784e-02
3.005239163366538874e-03
4.363447621286368604e-04
1.698434342997582128e-03
1.097781592517620142e-02
2.322305713239455546e-03
6.122753046951291689e-03
3.640582161545209000e-02
1.904442113119257998e-03
1.312142656022615046e-02
1.345648502910095669e-02
7.726208536921711986e-03
5.086465236886970193e-03
1.196571024145725616e-02
2.740521410772568667e-02
1.889613922685379546e-03
3.019251380178075012e-02
1.461920715664077192e-02
4.288278919872033981e-03
4.224707009262777466e-03
5.761115054154532233e-03
1.395700758078029582e-02
4.506699186440846217e-02
4.825619444009707215e-03
8.350892288625441640e-04
1.842683910381388498e-02
7.169202686595474439e-03
1.303095411048973626e-02
6.439682283568714909e-03
2.474038239362041924e-03
2.313309924948246665e-02
6.085353909466805628e-03
1.751505923267628398e-02
1.045484057395542482e-02
2.595270242146712619e-03
6.325645589508590780e-03
8.707740579111644327e-03
5.122566440868286594e-03
3.027398310224551498e-03
1.354865106234645969e-02
4.416221750153798142e-05
5.288592115043970823e-03
4.536610268985514366e-03
1.466246504954877607e-02
8.247805668032143905e-03
1.928251074570760948e-02
1.817613892873977746e-02
8.745089299569554220e-03
4.664330793778527495e-02
6.477267989730807821e-04
2.158937530174155281e-02
4.504976226242931453e-03
2.909099342566640045e-03
5.401713197322310228e-03
1.443171177586825837e-02
4.088206352273323838e-03
1.337551065558321116e-02
1.331402819015812915e-02
2.618638033628195583e-02
2.011499224061516489e-02
1.682027432090252989e-02
8.087324819853823621e-03
4.357062416137916921e-02
1.500288293002093910e-02
4.868161283361728542e-02
1.046823316276150086e-02
1.324724641879296630e-02
8.606310548654075125e-04
2.478372381100646393e-02
1.762493262630874039e-02
3.454428350029945839e-03
1.422195751826237781e-02
6.627306348687088226e-03
1.757777937023228404e-04
1.280490584211366537e-02
4.132358832971869469e-03
6.765904467921180637e-03
3.336441205065961146e-02
6.909245050183862764e-03
6.517333889181674625e-03
1.482952560792216365e-02
3.152879620900205307e-03
2.096054129381789977e-02
1.890593617063622296e-03
2.733821046520420323e-03
3.240105501548140761e-03
1.778817250769725369e-02
5.205328394278759332e-03
1.344823925643187125e-02
1.060446936055967765e-02
8.072212339659129432e-03
6.437684833650089873e-03
1.476361438129358827e-02
3.964804248968528677e-03
2.441400686746201393e-04
1.305655374757779853e-02
3.091541909361376211e-02
1.237470674140695240e-02
1.152560269499869165e-02
3.398310558148891561e-03
2.684487291328612954e-02
1.403897451102861620e-02
8.891969765979612639e-03
1.844115956815168232e-03
7.549650453488076715e-03
7.671960425557847012e-03
1.024086544816517862e-02
8.877968623402985454e-03
1.510616915221682857e-02
4.673346867611570359e-03
8.294170168152672357e-03
3.782773083994472527e-04
7.137786659611643214e-03
5.285781277193981990e-03
1.209139614231180722e-02
1.913584077298090963e-04
9.740909880294978257e-03
1.018336711253940187e-03
1.751358604594809021e-02
1.735940461106737914e-02
2.569402041333643250e-03
1.562255239342981439e-03
1.716751503281592484e-04
1.458789018051935560e-02
3.154737888033408433e-02
3.093807491747724639e-03
2.431106907526086117e-03
1.189686252305525993e-03
4.552602196756250913e-02
6.518188024093258919e-03
8.007436482611488687e-03
3.447654731053463942e-03
1.319137859863106846e-02
1.207550205797289916e-02
6.536410531990050413e-03
3.481785624253164180e-03
3.272474062988729726e-03
2.098135085017706347e-02
8.951382653258014438e-04
1.222012168841920057e-02
7.857764024275560449e-03
4.979789019228683840e-03
2.842997240570655621e-04
9.804865445443219918e-04
1.203347234798033891e-02
9.858337626024296640e-03
2.690953615495579251e-02
1.082607582125942949e-02
3.484019219164651709e-02
9.338780471345956707e-04
2.131233847261103723e-02
6.456979311927190518e-03
2.213271898110268608e-03
3.624082068808596666e-03
5.335819018358729793e-03
9.612708825945150137e-04
2.921642469737842362e-02
3.933104015686088480e-03
5.262015151082523323e-03
1.386928932242214793e-02
2.913558424700355906e-02
4.505295126505874659e-03
1.722907977018879079e-03
4.548438702463091302e-03
2.377290100756668419e-03
3.449910246514542589e-02
3.556155107850774398e-03
1.144178980923900996e-02
1.451766870381152909e-02
1.083084421405846199e-03
2.437388738125699852e-02
1.798679313014012876e-02
1.633651832277903740e-02
9.067324997119492747e-04
7.027422454717325608e-03
7.592205872131429882e-03
2.181841333967083837e-02
2.309172134309543916e-03
3.495748779130926354e-03
2.944123645599361350e-02
3.946972760581760747e-03
3.467120360839938409e-03
3.904292319140735719e-03
9.911452896541146293e-03
6.496874326360510370e-03
4.351765075495844445e-03
2.256209495472786056e-02
5.287875331079170196e-03
5.233327217994367814e-02
7.563856029186844659e-03
1.174819613536924080e-03
3.090940003195167575e-03
2.858880424410076282e-02
2.174227718983401392e-03
1.147065079658298598e-02
1.617430770267147804e-03
5.378914061756716325e-03
4.201089558002732427e-02
3.509583284536070200e-03
1.330324994817385503e-02
4.825771943875469504e-03
9.548166946663466659e-03
9.269497744286203655e-03
2.419337477119730580e-03
1.515692671931440430e-02
1.800152745449692948e-02
3.984451582522537116e-03
5.405250093897683364e-03
6.365175502182615630e-03
7.389657665171526363e-03
1.476949981998835690e-02
1.818912073357475956e-02
8.664734835163161175e-03
9.546599361787973942e-03
5.956493110526768497e-03
2.205540595039738594e-03
1.298298649527049146e-02
1.124131177958866482e-02
2.661161777677572074e-02
4.014915772723395664e-03
3.466577943116005978e-02
1.525235851060531903e-02
2.728591318654758659e-03
1.555900428370200414e-02
3.660374048057241092e-02
3.826058481185825796e-03
4.429346887611102478e-03
7.782566539633800629e-03
1.950713561692168224e-03
5.793667762372341906e-02
7.010238199660472416e-03
2.408704145407359123e-02
2.633188881260919989e-03
2.253412995246725781e-02
2.801610805597994081e-04
7.905942845083408638e-03
1.272646843251609705e-02
5.715524943999655133e-02
1.074812589764640239e-02
3.602275177594580369e-03
2.301971118181397880e-02
4.241244250089433454e-03
3.536255393195803041e-03
1.159383113289291084e-03
3.889865620365279275e-03
2.205463630806350252e-03
2.070903961872810201e-02
1.448512506707430765e-02
1.229765511653813266e-02
4.248695262033953812e-02
4.942122970191840242e-03
2.088518887830372733e-02
7.921919451970542425e-02
1.206684893442865232e-02
3.419371888462471171e-03
1.809626539813187496e-02
1.830728553812814574e-02
8.470176044782612781e-03
3.195345286683851180e-03
7.080754452694089547e-03
3.868423112268323284e-03
1.213178960489848940e-02
1.581562259148547658e-02
2.089823284404191545e-02
3.382366360810574058e-03
4.611989499165457251e-02
1.679996768300384691e-03
2.632369870490213620e-02
2.629612598408217865e-03
2.394759969408202446e-02
2.458734878401855339e-05
8.619141470309547685e-04
9.577141143824361227e-03
7.667848301424075969e-05
2.259979638731879521e-03
1.090846868012128670e-02
1.588238442136358231e-02
6.185497456265488803e-03
1.613306827051393111e-02
1.239219972856734492e-02
2.425137540528663968e-02
4.526833251617119747e-02
4.375756574065912930e-04
1.308685515058170996e-02
3.917195021393211213e-02
1.732386468224138623e-02
9.394520273921692574e-03
1.599664490870423422e-02
3.319820830692380570e-02
7.814065168106806500e-03
1.159548050896376005e-02
1.076238426042598617e-02
2.151768534144828451e-02
1.865810168940374575e-03
5.831230313957033728e-03
1.866977174963000558e-02
1.464214017959050707e-02
2.800047917140251891e-02
1.552943329709549104e-02
3.603872036877101698e-02
1.193903745189405646e-02
3.835069463127927653e-02
7.772628724719062715e-06
6.547143774893943342e-03
1.057135944731671558e-02
3.433310451486762220e-03
4.621324500793169525e-03
1.922369269930755686e-02
3.812509894544699116e-03
7.262210026291848752e-03
1.138231327586772257e-02
2.970599755307348766e-04
1.239472223048989491e-02
2.001899809796032353e-02
2.828909491086531360e-03
2.943995560492562551e-03
4.036873874762005737e-02
1.661827094700184942e-02
8.219251117610130303e-03
9.061228515809618272e-03
1.223167757279955414e-02
4.216858076488805285e-03
1.924640525358334645e-02
2.780230665181349960e-03
1.616617677299263863e-03
6.994742416513096556e-03
2.954919517494237861e-03
3.750953137821380623e-03
2.272923253546808159e-03
2.363825662363517113e-02
3.361682031660736397e-02
2.468409816956853089e-02
2.670631281333574192e-03
2.914673483618652680e-02
4.137380792273275161e-03
1.614523237707017958e-02
7.579158668305151572e-03
3.669048082860445342e-03
1.523199671765954749e-03
1.460050952370524867e-02
2.918852823487317390e-03
1.179542507603689033e-02
5.338780966508666938e-03
1.287972331603094017e-02
1.142817123956129353e-02
4.037423620071754760e-02
2.584475426292224057e-02
3.512675065340696220e-03
1.408657374202366280e-02
1.515537217240866055e-02
5.069916375571541581e-03
6.130760215142461861e-03
3.260672173394220039e-03
6.425716376570406521e-04
3.281430577102560642e-02
2.084475422759153596e-02
1.512274493913033126e-02
1.630060794696647913e-02
7.577656448799128391e-03
1.091771735317006347e-04
1.441806396425544812e-02
1.760752389958673142e-02
5.045340198594324733e-03
2.190866389341648499e-02
7.036713751495338176e-03
4.047155071525308095e-02
1.669918612338683502e-03
1.162353654823337218e-02
2.093284536313402833e-02
1.266433426035874082e-02
4.428331449852822288e-03
6.126714379790021425e-02
8.049750162110534679e-03
3.831610497619069265e-03
1.228184132023792466e-02
1.925054099583206960e-02
2.872695534063227779e-02
2.348877689296820920e-02
6.282460287959817924e-02
4.711355379982224041e-03
3.092972512604968277e-03
3.776714008913881204e-02
5.775561202381342824e-03
2.915185476004144433e-02
1.319216649351452608e-03
1.011263919402302647e-04
2.775089569828063929e-02
2.803758539631373212e-02
2.210747033494330632e-02
7.415399773427172603e-03
1.425097740925571413e-02
1.146207999914390825e-02
2.734613814146751726e-02
1.505256310701100914e-02
8.866494698175159117e-03
1.139462694511190859e-02
1.078166363878549708e-02
1.293880824308679678e-02
5.848774916246048811e-04
1.839502559731153244e-02
3.378079606922980427e-02
8.392025714078262671e-04
1.224883208151809205e-02
2.430606467181925523e-02
3.021183062763797833e-03
2.116136940669477440e-03
5.035115025370906494e-03
3.478218997890816788e-02
1.621910625525224692e-02
3.366521036942512340e-03
5.061850314541143508e-02
7.474210686532542849e-03
4.566757834038003006e-04
1.644106618113255064e-02
2.148199004165604956e-02
2.811854263226931661e-02
3.531868892387626108e-03
5.262991284881729168e-03
9.130416997286332215e-03
1.344971641438310987e-02
2.862030116833779933e-02
1.237806237311335662e-03
1.839317325788689464e-02
9.119783826954563216e-03
2.453088936962267638e-02
1.586043689076765961e-02
2.655741661585571053e-02
1.533646649812362567e-02
1.678725631276791960e-03
7.592787342231235685e-03
2.165980652326207970e-02
4.556931737927379794e-02
3.135928715518419320e-03
7.415766841648938762e-04
3.134363823393767484e-03
3.013217200646544497e-02
3.203748213217609553e-02
9.572689851270931027e-03
6.573695635140253818e-03
5.326974452673410854e-02
6.008992785424003072e-04
5.977015512442609632e-03
3.155443230042540709e-02
7.183342478947175869e-03
8.049102636616931733e-03
1.102480604190610169e-03
6.213693017008407871e-03
1.418457504880247556e-02
2.513855289278389173e-03
5.917313430772551744e-03
1.815840183683893952e-02
4.219781818404021341e-03
1.225355978353573697e-02
1.992323963049763905e-03
1.393581475650580888e-02
4.328456516833487089e-03
2.747947897837020245e-02
1.137505530193992816e-02
