3.646179851537319216e-02
1.877597509159094624e-01
4.236278719586963892e-02
6.750774450452667885e-02
4.751080904029223589e-02
7.733032094554204150e-02
1.642646334307275580e-01
1.271715169659911118e-02
1.184456039688204371e-01
8.624919929782716432e-02
4.116698449973335006e-01
1.665291566034223236e-01
2.602097237550157205e-01
2.680880514181542829e-01
6.075636913587602328e-02
1.552758859098142818e-01
1.046843613698151265e-01
5.484985407703674154e-01
4.661855154250900413e-02
3.503215067540026428e-01
4.829014315324609008e-02
3.735534810396347605e-01
7.882078358443736499e-02
7.470121017762615390e-02
2.517463398943184036e-02
8.114690115660714437e-03
1.090142598230876836e-01
2.316252290031703756e-02
6.251670562856981306e-02
2.412037538410344018e-01
6.097032224436858133e-02
2.992520853481928089e-01
6.628091002082253658e-03
1.419068038038086010e-01
1.223706192319314046e-01
3.069158149225065246e-03
1.764936359360728957e-02
1.023201114332644712e-01
2.659566474171429773e-01
1.271715169659911118e-02
1.982677529694727714e-03
5.377204085011717816e-02
1.600692226377702365e-01
8.975074316643802397e-02
1.569022007635787197e-01
1.007142294424336892e-01
5.743127211443554980e-02
1.515259788425566412e-01
1.019315902497510973e-01
6.170630089883231140e-01
2.324878926891121023e-01
4.011128270312850352e-01
1.026317143349439118e-02
4.765103141530749320e-01
1.233383459383928377e-01
5.168922641682899277e-02
1.570120930483273614e-02
1.459675979260691321e-02
3.853384596645141880e-01
1.179503199309093475e-01
1.053225375528531460e-01
4.440501058523055322e-01
2.636643687604135755e-02
6.231461197160322874e-01
8.352641539794493364e-02
3.655060466897884774e-01
1.306141903285767403e-01
2.545548718767226201e-03
1.120387995174511597e-01
9.305473419811344238e-02
5.280771895577501818e-02
1.271715169659911118e-02
1.258424661561072938e-02
9.698588775207950263e-02
1.159111752116112060e-01
1.752944667286554514e-02
2.220732640922174206e-01
1.543839680469122344e-01
1.692439023536417009e-02
2.387767897028909569e-01
1.333230680880170826e-02
4.850471867544971505e-01
6.928588681453989873e-02
3.820652139633829991e-01
4.082410634142136230e-03
9.155845879884610961e-02
2.472886166560290255e-01
6.780058243447185939e-02
5.837727034486613759e-02
3.250278527147286156e-01
5.534168136192818555e-01
9.803840848050283940e-03
1.208085688890803561e-01
3.166842614503968534e-01
6.325364053071744208e-02
5.968609578642719571e-01
8.995783911806468081e-02
3.076787273102311038e-01
9.136518662694190218e-02
2.766387727966896498e-02
1.556302322371459768e-01
9.769933452918794226e-02
4.743163160359602226e-02
8.840892957257678875e-05
1.778632321926847948e-01
1.517201216757870785e-01
1.133277975874046051e-01
1.752944667286554514e-02
1.173425000791838146e-01
4.862299868084551946e-02
3.493149558437340374e-02
1.504501320549399279e-01
1.023922087339274589e-01
3.712402873470185827e-01
6.501509419144924085e-02
3.561223777191716566e-01
1.282052550843193195e-01
1.689650617460091708e-01
3.196499659402129434e-01
1.476167731644018322e-01
4.618390355368470757e-02
2.276971430719154088e-01
6.754227563185219996e-01
1.320480534334852324e-02
3.910547202053673566e-01
2.021608086790708247e-01
8.583855667953882440e-02
4.147171711871370237e-01
2.660028320948780792e-02
3.188499696567172470e-01
1.299122729598326809e-01
2.990004827061259335e-02
3.158482283795470691e-01
3.624901148387221772e-02
1.774187844019927546e-02
8.097029718526778386e-02
1.432373010975681316e-01
4.824405027580414007e-02
1.536201804776132218e-01
1.989808513616167507e-02
5.690529424060095098e-02
7.573129103916359517e-02
1.519390153423048617e-01
6.972841038418969850e-02
4.421057325365079782e-02
2.750721112101470744e-01
1.520350567807388087e-02
5.652936137491515467e-01
1.487927366099134896e-01
1.912012551151359152e-01
4.637546369682793435e-01
2.580150057510122164e-02
4.267969716690417359e-02
1.115831342714940777e-01
3.959764291394985425e-01
2.167343476685492168e-02
4.928546484953698625e-01
1.171403440605747574e-02
1.927460679637577889e-01
2.820811722255593401e-01
9.378800074367135697e-02
1.778669080897563592e-01
1.824503756025736556e-01
1.225256036900016776e-01
5.575670552439805361e-01
1.222252015343253985e-02
4.310458477499805596e-01
6.167706799650363170e-02
1.325745937235217331e-01
1.438607542366378556e-01
1.290375196241928535e-01
7.553150246836898285e-02
1.869543742142049103e-02
2.066975532408266147e-02
2.401886105696593721e-01
7.244337167209118078e-03
6.491809897076658564e-02
3.556655117340616346e-01
1.388541904717776124e-02
5.338150891804953613e-01
3.688312048814268440e-02
3.058580300921381334e-01
6.401655749460295475e-01
6.940892314336748192e-02
1.123310198189672315e-01
1.115831342714940777e-01
5.734630086363693424e-01
5.069988551587291392e-02
3.528275527244100363e-03
4.775673349830739101e-02
1.309225381917645259e-01
2.278061323046439990e-01
3.620465642246277482e-02
2.079731939471642921e-01
1.262268077233250629e-01
1.538959000833746149e-01
1.576937573999722536e-02
4.973603381673261103e-02
2.710692499889055251e-01
7.308271717067110762e-02
8.016164024131787469e-02
1.493393094469189220e-01
1.811190203970900470e-01
1.396792132724880564e-01
2.133467707526996993e-01
5.907242934204874618e-02
1.649788498662815295e-01
2.935562344698495196e-01
6.176884596124851412e-02
2.742729274194518618e-01
2.171073339058880447e-01
5.338150891804953613e-01
5.008724006283639396e-02
4.547352486620204748e-01
4.100675115486942524e-01
2.489644048432602119e-01
1.811899087433867794e-01
1.151643342200510678e-01
7.006352175579193542e-01
9.375003743510501586e-02
3.521814915118011702e-01
2.640184742738327373e-02
1.309225381917645259e-01
1.135948320364925379e-02
9.982954001880871286e-02
5.282473358079600723e-02
1.192455251865284921e-01
1.276169290381240773e-01
7.849188880493501719e-02
4.330017587160217563e-02
2.025310406471476643e-01
6.628677004293642705e-02
1.166666061629469953e-01
1.809085428083793690e-01
3.727656557336427312e-01
1.145027522906252315e-01
2.814456738807317726e-01
3.844526428093641979e-02
1.734147365016358855e-01
1.812026337131781850e-01
6.640677631156291505e-03
1.552790207009007162e-01
3.617508721725536391e-01
5.284078404694783071e-01
8.365816117573789124e-03
3.960476136018640236e-01
6.873268698487862149e-01
3.217412853545306706e-01
1.491022492319466208e-01
5.647158205408064902e-03
9.503787002310422061e-01
1.593741723884369299e-01
1.088776682070411173e-01
1.145470162656640201e-01
1.092442293390674946e-01
1.239073422314182840e-02
6.810858251256557416e-02
2.016651041091844510e-01
1.448147415739558796e-01
4.487864255564033567e-02
1.502111788563067485e-01
4.590661335771711871e-02
1.198472994187388257e-01
7.149769959878105041e-02
1.927513719742312559e-01
7.052588754476947497e-02
4.404009355474500231e-01
2.583053250373490428e-01
2.101225880511227440e-01
1.858677018908005962e-02
1.700646225402110967e-01
1.419142727917667157e-01
7.614587116216181562e-03
6.340782824926048666e-02
2.799382465321661462e-01
3.724883300845756029e-01
5.379029650622871306e-02
3.983359432531026201e-01
4.331493952304987238e-01
3.775176393621360038e-01
2.926295867752337077e-01
5.647158205408064902e-03
6.420829252180395574e-01
1.570176320404787773e-01
9.442056035825857618e-02
1.492032883680287358e-01
3.012474944560861179e-03
6.761699548553906647e-02
1.067116464672770992e-01
2.778159251317090517e-01
2.364606367191719460e-01
7.831977210290774760e-02
6.237537116748552435e-02
5.738716970724359878e-02
1.551346614294990545e-02
2.570749920716041137e-01
2.771906427127409089e-01
1.063262583451247689e-01
3.533870213122711212e-01
8.073382942594554967e-02
1.078237848794143805e-01
4.991711894952925721e-02
1.478629528562789286e-01
1.763898417819078079e-01
7.614587116216181562e-03
2.526650266254588939e-02
2.610432591524703416e-01
3.804233636795774087e-01
2.388163913048094722e-01
3.607164910490462950e-01
2.597471777139923610e-01
2.638363065728768220e-01
3.122105479521891658e-01
5.647158205408064902e-03
4.038890915400968895e-01
3.775837311177338007e-01
1.173741188556396281e-01
2.206322456022158096e-01
8.726798916133768347e-02
5.190937193964975660e-02
4.762539651925178086e-02
4.135321209097653772e-01
1.995884800377921153e-01
9.336050469295534282e-02
1.749833901294323146e-03
6.824022225633721850e-02
2.700760556663931583e-02
2.632877220130830365e-01
2.102577442171876809e-01
4.806471059871890439e-02
4.166419088624866429e-01
1.709377129015010877e-01
1.815087546607015989e-01
7.073982116319273150e-02
4.689311108004883683e-02
1.461039367341361306e-01
2.135102330876148535e-02
1.740947283014624425e-01
5.112903507001654441e-03
3.162458813780475997e-01
1.758883544451049497e-01
3.358718447158397513e-01
2.496977543140847244e-01
1.412355931840049705e-01
2.363224466254398304e-01
2.764375778571872416e-02
3.039060261748876002e-01
2.883595833446408463e-01
7.058211853857049300e-03
2.304103216498154250e-01
1.376717455358708320e-01
6.010672977832659525e-02
9.219271052690472534e-02
2.281846737586432083e-01
1.995884800377921153e-01
2.090843708422149977e-02
4.556832076488231964e-02
6.564000491620258781e-03
3.337211129435797147e-02
3.159983955544007350e-01
1.301027420598586670e-01
9.180782895648792463e-02
4.865226993227701469e-01
1.723206010845306502e-01
1.421877818724859854e-01
1.534295311472974599e-01
6.065623145305021335e-02
1.243234399586342492e-01
2.135102330876148535e-02
4.913082269439499883e-01
7.118946806955461781e-03
3.161553159858110362e-01
1.343304800555978062e-01
1.870103046011870607e-01
2.473629473384272581e-01
1.350428731246187120e-01
4.908854323915743390e-01
1.143324465649487448e-01
5.372443655473065904e-01
1.240982781633449550e-01
4.800257974330572608e-02
1.464530414123824120e-01
6.675860074995765281e-03
4.258545914021735768e-02
1.214011605736108335e-01
8.085890426809742015e-01
3.841312146807794314e-01
7.463158512977070835e-02
9.192831984514829302e-02
3.227830999740843865e-02
3.525032553392468126e-02
1.361385216668231091e-01
8.071538658696220114e-02
8.985401193513935236e-02
1.307531306239330116e-01
1.644678295523284151e-01
2.571820816452647929e-01
7.578885381775454788e-02
1.999275702104330588e-02
3.522190657708332284e-02
1.974923504219481402e-02
5.136784524375830330e-01
1.279050841882147793e-01
7.586650284149562551e-02
1.005614221970606847e-01
1.888808803497220024e-01
1.399146507719191135e-01
8.896253838049325569e-02
2.761922402220131079e-01
7.881531822388039565e-02
2.718093745019764529e-01
2.155367800974329617e-01
8.691128022897604000e-02
4.955615270123339688e-02
5.036118632376684889e-03
2.410120317055394756e-02
5.858924733672085661e-02
4.863480764921823130e-01
3.945493048974635930e-01
6.282869332624703429e-02
8.524376372477621144e-02
1.030691163252606124e-03
1.312724434589915279e-01
7.749128816572567469e-03
8.623131047941955118e-02
1.088891727727366310e-01
1.832729641652245389e-01
8.244487423349577959e-02
1.314413932573660904e-01
7.532754400510416337e-02
1.999275702104330588e-02
7.150245750762312946e-04
1.163503514364205710e-01
2.870508424320323271e-01
1.034894106803347508e-01
1.991389450504724712e-01
5.333971492980632556e-02
6.187289047455350743e-02
3.023495179729918103e-01
6.129550305421619522e-02
3.648225922228161000e-01
6.538690482522989400e-02
3.342127760871300701e-01
7.949038504279404282e-02
1.953384682635508629e-01
3.685795178207174061e-02
8.945000214945099393e-02
2.118876358324411902e-02
7.270403434075456417e-02
2.728806332014832581e-01
4.124663298544728463e-01
4.989773196152806622e-02
9.302598504817757852e-02
9.481838759891488000e-02
1.376240328412489111e-01
1.329781093329367170e-03
3.716097318054903398e-03
2.364167694130702158e-01
1.874868332162962781e-01
5.454067234124523877e-02
1.049357986452791464e-01
2.610768519338656918e-02
2.309423475540900439e-02
4.677357097079802573e-04
2.022029112700773068e-01
5.818654877493215638e-01
7.025303985844079391e-02
1.064418200175903662e-01
5.866862757581583349e-02
1.798867000965513885e-01
9.710097074858220489e-02
6.207807821129881359e-02
4.551636509287667609e-01
2.219029012602189432e-01
4.749906270342477838e-02
1.597815176850690133e-01
7.643510040274159589e-02
2.507052598404312105e-02
4.662597403163837306e-01
2.770245252625786608e-02
4.960304451142346499e-02
9.857229736940342768e-02
5.169684104549525649e-01
2.758171800418253439e-02
2.172905047698260317e-01
6.406699405644418477e-02
4.157810614138904293e-01
3.499450072745727280e-02
2.682412807144136935e-02
1.907555126428530368e-01
2.048147929135605005e-01
4.021512726887684769e-02
1.061980845432284881e-01
1.793771221542931893e-01
2.860761940343379411e-02
3.482239489740079907e-02
3.184780925391534900e-01
3.122018516150271705e-01
3.756443189145641792e-02
7.008752182643286643e-02
4.027534922811898399e-02
3.759834116332763099e-01
2.472665874927462010e-02
5.622146835554037159e-02
4.154104142148014045e-01
1.452167682043300212e-01
6.190062578782039304e-03
6.525318252682282827e-02
3.195709146597869310e-02
6.819650940326718591e-02
4.617713826161671253e-01
3.727334349088889942e-02
4.109816869004680184e-02
1.000147356330969850e-01
4.825991411025407629e-01
2.219530418225875573e-02
5.372948617417677708e-01
2.241459830257711006e-02
2.509167527672632181e-01
3.704787302033719920e-02
1.340784962460210006e-01
1.836125106342447744e-01
1.799383006075547520e-01
2.812207797620170507e-02
6.669386780370338552e-02
1.877471549558618891e-01
8.001464379863780507e-02
2.457267997323275832e-02
3.585117305409888933e-01
1.853056091720104992e-01
1.312579227897993084e-01
8.321667051133535553e-02
1.504297104640733296e-01
2.405026031590783986e-01
9.514104517266738781e-03
1.401752471500622432e-02
3.887027349254735809e-01
1.090908386357973270e-01
2.134349385487675776e-02
6.525318252682282827e-02
2.330340261119111939e-02
2.087414384049177674e-01
2.861835320394561233e-01
9.265668923528222467e-02
4.092722517217823458e-02
1.068097438878689992e-01
4.534203992678512152e-01
2.118121777263073380e-01
5.172214313444862821e-01
1.019946951197412549e-01
1.749575719480850333e-01
8.789250613636326315e-02
1.530990223851294296e-01
1.037233912546401959e-01
7.237219971705688426e-02
3.471126332573132300e-02
5.468167054854039533e-02
2.240936016132403369e-02
5.594779920211163937e-02
6.015865776068267390e-02
6.199330879769248126e-01
5.205378355541934177e-01
9.470030091754108592e-02
1.032390142698519642e-01
2.030967473835249559e-01
1.950648436738706137e-01
1.845245456882302348e-02
1.385569654684801894e-02
3.580388937744296562e-01
7.324641542332380184e-02
1.702879543818473784e-01
6.750283678194778092e-02
5.223656844560937984e-02
1.068180339672769319e-01
2.729407863852845173e-02
4.342214025646545794e-02
4.015737648286982209e-02
2.765858589029834280e-01
3.641728572608801118e-01
6.200166172548577520e-02
4.287153516818003052e-01
2.412644865277770445e-01
9.784890350790922953e-02
5.305661877709914875e-02
1.291016837630027392e-01
9.063221548931854610e-02
4.458227013046270337e-02
3.471126332573132300e-02
1.782498622054624060e-01
8.831963266826485526e-02
5.384790430508996917e-02
3.209508469622136817e-02
2.515649370095928150e-01
1.114823850135109873e-01
9.933693291877038201e-02
1.134664702589740504e-01
2.071717813865951996e-01
3.074737982664411673e-01
5.119985569124280156e-02
2.490913922314277884e-02
4.639319745655977600e-01
7.788826486206633370e-02
1.519856624425108271e-01
9.256895149690624880e-02
1.207619669984049716e-02
2.161821285775081813e-01
1.132613108474498920e-01
1.858899239169833073e-01
1.916037192876200723e-02
2.500027520505591072e-01
4.102298114855858491e-01
1.028641977531240259e-01
3.214249201117426180e-01
2.365086597630285392e-01
1.994219443454128826e-02
3.068914678567144505e-02
6.403086248716358120e-02
1.268192890764978098e-01
1.020865889207003274e-01
2.104661338286090838e-02
4.547177458546854956e-01
1.327448598174989502e-01
3.012805294871777617e-01
5.591979959208093903e-02
3.830872314414724977e-01
8.888108418700320368e-02
1.998599435359109666e-01
8.801988097325877392e-02
2.757899745627788723e-01
4.566904435496965675e-01
5.885454554833347007e-02
1.523032101433852981e-01
5.538115013016438049e-01
1.754569374032146356e-01
2.103373273269395494e-01
1.065350581997301371e-02
2.614325240097069292e-02
2.461211568729253507e-01
1.987206001427643809e-02
9.676982112770084188e-02
9.464368474320275504e-02
2.539239597590394748e-01
8.335699551180533740e-02
6.897774116506233399e-02
2.286913448645591929e-01
4.386011067301744393e-01
8.396042342288012605e-02
2.651793371288652112e-02
4.424645336793217587e-02
2.360964824605621681e-01
7.483366778204995906e-02
8.866064848459290562e-03
4.899080170191216776e-01
1.553511721110945043e-01
2.191186974138326360e-01
5.576493374591250801e-02
2.181084721540518523e-01
8.888108418700320368e-02
2.152374422553554045e-01
9.772521653149077170e-02
3.394298727985892716e-01
3.498164891079574845e-01
5.885454554833347007e-02
2.990592274822393426e-01
5.743584999896307330e-01
8.369548771698706591e-02
1.349341013454441462e-01
1.058007372354147629e-01
9.212922835202295990e-02
1.949447492443676377e-01
7.151219932935937162e-03
9.736805733564506127e-02
9.464368474320275504e-02
1.771153547285270191e-01
4.993558332169592551e-03
1.629457704189929412e-03
1.379486104466459695e-02
2.092836668777239006e-01
1.323288220415196892e-01
2.651793371288652112e-02
6.955536064525555395e-02
3.096622700678985929e-01
2.432788943543337523e-02
6.920254697714288417e-02
6.524712568977104610e-01
1.362531650597021415e-01
2.191186974138326360e-01
1.379015206019046369e-03
5.431680759007073700e-03
7.209308981082931944e-02
2.229739134368953213e-01
1.673807233213105983e-01
1.100011915647212818e-01
4.018974686713527866e-02
1.628139155726936460e-01
3.778162513115681520e-01
7.347031726516530803e-01
3.973953241922593693e-01
2.876094919907534742e-03
5.229617266620849303e-02
1.073936105630711041e-01
4.775602499285178659e-01
9.538368648563527730e-04
7.328916948054654823e-02
1.135678566677850304e-01
1.954876627001944922e-01
1.626632401932386757e-02
1.795345831464872227e-02
1.134515653247644348e-02
8.178634087419821980e-03
5.894960526085227248e-02
1.273396590480229129e-01
9.161284525901861042e-02
2.813288785762047550e-01
3.727778020903912970e-02
2.283668409210439648e-02
2.280756251730968465e-01
1.114777811598271079e-01
5.862756349246333043e-01
1.926958800230918131e-02
5.220498696372671832e-03
4.916332914502814788e-02
1.790545001575061246e-02
2.161002602116550708e-01
2.331366836909994633e-01
4.686938523603457751e-01
3.042068791332175337e-03
6.780988178131452937e-01
2.934894277092441328e-01
4.115665504795673613e-02
1.826990744029886871e-03
9.853449589635553119e-02
6.660649282849090413e-02
4.065074547509566205e-01
5.358098906911536868e-02
8.557145879625915885e-03
1.315216730622018604e-01
1.452627812066537016e-01
1.684637855774795759e-02
4.332867748505760119e-02
3.861912072039593025e-02
3.367504869858746128e-03
4.827610885484087677e-02
1.294598079885873609e-01
4.182237742235306310e-02
1.177160973768050650e-01
5.969600247778478891e-02
1.058289164720548209e-01
3.213803462380854792e-01
1.654964616507668615e-02
7.595552435481198739e-01
1.926958800230918131e-02
6.031818825442957464e-03
5.120528321688819218e-02
1.790545001575061246e-02
2.161002602116550708e-01
2.329401293354898816e-01
1.958378763802717248e-01
7.959029312774434928e-02
1.036477109461689389e-01
1.602487611638842291e-01
5.535039734786609267e-02
1.561892888515473143e-02
4.791242507109629706e-02
1.633709800342450502e-01
1.557558940885634957e-01
2.059123036131286014e-02
4.791071466523814937e-02
5.791836825158755420e-03
6.151151149100552579e-02
2.687534537359204112e-04
7.620733761499286218e-02
1.586063207789110696e-01
1.283192174235938537e-02
3.886510158098301082e-02
1.176043828219669185e-01
2.271415769778493965e-02
1.435092756276506176e-01
2.859532756103792817e-02
9.890186491204444597e-02
6.213486492135235073e-01
4.679621187312202335e-03
4.336509136801681707e-01
6.019649815672747234e-02
4.261220713866348264e-02
6.931606032043197141e-02
3.683473635672634278e-02
3.023216703001707084e-01
1.460965432606761705e-01
2.624778142156134475e-01
6.463973509107749649e-02
1.361672006953019154e-01
2.398630468011392000e-02
4.965618032458934961e-02
1.507262197771531455e-02
4.897558489213121174e-03
1.026953401037407343e-02
2.331020656479984854e-01
7.297645099586372308e-03
5.349502956516315882e-02
1.902317219087112932e-02
2.727593901897173989e-01
6.328612273721653803e-03
5.405286656180581517e-02
1.976402575863309141e-01
1.283192174235938537e-02
5.429321186737751104e-02
7.871084742246250987e-02
2.271415769778493965e-02
1.024803198426057771e-01
2.859532756103792817e-02
1.117863782344068191e-01
5.385215903112298141e-01
1.496228031602110653e-02
3.658917013018611053e-01
1.039393866648948977e-01
2.152896356215770746e-02
6.478302113087479330e-02
3.443936084470283071e-02
7.820849438523602704e-02
5.838955717823671870e-02
3.122000884751362504e-01
3.402547009504505726e-02
4.493742353730148520e-02
5.776709299530571884e-03
2.345783062470165048e-02
2.284771361940333978e-02
2.218833448933983654e-01
6.403007039153227331e-02
1.194576696700320184e-01
3.455381170934031243e-02
4.557179823808737984e-02
1.305943098872492519e-02
1.367046103025984782e-01
6.157913249979268117e-02
7.853975128549472995e-02
1.068229014451495401e-01
1.724279814059301308e-02
1.188685495873646331e-01
6.796697726176044452e-02
2.267164748639050043e-02
1.076954780691684460e-01
2.757727424021576279e-02
6.573940881883583165e-02
5.591125725126184776e-01
1.265371945035044521e-03
2.430858117019260578e-01
7.245551812749842502e-02
6.912572331835467598e-03
1.676679344382207559e-01
3.355306867704068580e-02
9.387520987680922357e-02
1.131511087713866215e-01
4.231522925811538327e-01
1.090695592320203716e-01
1.424432770252888059e-01
6.674788060384299199e-03
2.390122836357576330e-02
7.142317257142796749e-02
2.427709343721183577e-01
2.933611459731533949e-02
1.772259938527087630e-01
5.368757355634526385e-02
4.628430796586193580e-02
1.014223698334804219e-01
2.150905385198500497e-01
9.468710539080543720e-02
1.595428756969807099e-02
1.149205600622883183e-01
6.353505169768795813e-02
2.449571727552642131e-01
4.524565751773503008e-02
4.022114625058879900e-02
1.182469540348918963e-01
3.041502812540448908e-02
5.971410834010123375e-02
3.577844052548684872e-01
1.393708023289696660e-02
1.276144513100892774e-01
1.293551976469655973e-01
6.912572331835467598e-03
1.592709965446077736e-02
3.361633154175886623e-02
1.022141323559999648e-01
6.546936463755058389e-02
4.724980824198239671e-02
4.192018511252153246e-02
9.477379284283428407e-02
8.861442556691002947e-03
6.646089679051646326e-02
9.808083465201500317e-02
1.687962937934953944e-01
2.083249733206761836e-02
1.772259938527087630e-01
3.674027812103974888e-02
1.129634539952384803e-01
1.438742976250164188e-02
1.303963305542852336e-01
9.468710539080543720e-02
1.650362600500421967e-02
6.592873172933583215e-02
6.796463514795510197e-02
2.066206153462532280e-01
2.804154420039001866e-02
6.022664502924707230e-02
8.557691606331728484e-02
4.193779348348368463e-02
2.038131436897534093e-02
8.599062151326505865e-02
1.194684696888879266e-02
4.610953180129742091e-01
6.315806772637697075e-02
6.912572331835467598e-03
8.435704621294188438e-03
8.727612834248511461e-03
1.022141323559999648e-01
3.719890102629812983e-02
9.615887538680595314e-02
8.088046066367154951e-02
6.954456499896174981e-02
1.498503035147610504e-03
4.438607599821578487e-03
1.784162048847878768e-01
1.734081259717586143e-01
1.075052229320605512e-02
1.946817826214724545e-01
2.588080563730531247e-02
1.442132280092265351e-01
5.025351200113074845e-02
1.556433799633820947e-01
9.722639139508626460e-02
1.650362600500421967e-02
1.515218159059947278e-01
1.035452141469822840e-01
3.328664541211822092e-01
1.034256965846142018e-02
3.892059149233052101e-02
8.645453714998374561e-02
1.763383835305280811e-01
7.335553392352198165e-02
1.017487867248801914e-01
3.205095460963992837e-02
3.680461999195479006e-01
1.208952153016430719e-02
3.255490643409039014e-02
3.573608481292673417e-02
7.517080949059574621e-03
7.611240230211877011e-02
3.537539038539163488e-02
7.892751315345827856e-02
6.800287418260263228e-02
1.385811655158134537e-01
1.498503035147610504e-03
2.825941154379790765e-02
2.125319526988461438e-01
2.760931485335773594e-01
1.075052229320605512e-02
2.717752538511062910e-01
1.286726352517422040e-02
1.736369704269712100e-01
8.918840844865164041e-02
4.174184595460366243e-01
1.391445009731099858e-01
1.840725542704357842e-02
2.395326834210449729e-02
1.287666073165100455e-01
1.149505619909920312e-01
1.837434303301172314e-02
3.031804743424641735e-02
7.552615322681914545e-02
2.175101637702344104e-01
9.911725286860734174e-02
8.005810949357985984e-02
4.610655750124147134e-02
2.418600216291779681e-01
5.017144801621265665e-02
4.891871824437254990e-02
1.152237172531314635e-02
4.823854434696682458e-02
4.695498153144023190e-02
6.824087557565737538e-02
7.558158214397753261e-02
6.683190085654765189e-02
1.650250592615856160e-01
2.887774232993910173e-02
4.674737622442614454e-02
2.193860736476721807e-01
1.314607337852169433e-01
1.271064637130941977e-02
6.204703364853055847e-01
1.567398375947463146e-02
7.044738494786653704e-02
1.856687664888144185e-01
4.083572029180184693e-01
1.775244519713195801e-01
1.527857607479071733e-02
3.455782594508129135e-02
1.112222085853775411e-01
1.142752104505333488e-01
1.333477106076634555e-01
4.727350449240215469e-02
6.297211842111678781e-02
1.804522883791552790e-01
4.149138095775925517e-02
1.002693239909715900e-01
6.620429316162407263e-02
1.542694846730864044e-01
7.925182857622886656e-02
2.708543081759935689e-02
8.632006736178476913e-03
9.127328083476493603e-03
8.856082321204597485e-02
1.224594222544782285e-01
1.521899382440079218e-01
5.794174526065137831e-02
1.756135905399328900e-01
1.339392300277803816e-01
6.278290350412359111e-02
1.706015657911524874e-01
7.216834844788129477e-02
2.009627362197986822e-02
9.179283349265304759e-01
2.681646421759897869e-02
8.470691984979961120e-03
1.249304841825848167e-01
2.489496744772438652e-01
6.739943137407454488e-02
2.127359077026030887e-02
1.790138397454911490e-02
8.554485184656296370e-02
1.225231797989586452e-01
1.503037613091591229e-01
7.912492747488050759e-02
6.297211842111678781e-02
3.481429282679923687e-01
1.135967462410167328e-02
6.242277674674931442e-02
6.620429316162407263e-02
9.585226480369311852e-02
3.219971680859554791e-02
1.111229393697107937e-02
1.282316181605338244e-02
9.127328083476493603e-03
2.086273223306157193e-02
2.149329377260232876e-01
2.526774544433069147e-02
6.443231530185504485e-02
2.705319343256298859e-01
1.607726903495453330e-01
1.011207160832039986e-01
1.472045469444490662e-01
1.250420367865360816e-01
2.593328205494410676e-02
3.683554995479023653e-01
5.458506313035915714e-02
4.227566408814303900e-02
1.068690319101772701e-01
4.497375888355397699e-01
7.137874068420163587e-02
2.127359077026030887e-02
2.607957265405864977e-02
8.580698918661112951e-02
3.878960395541278250e-02
1.310094012272322306e-01
2.180644926321647081e-01
1.277557666197487451e-01
2.452828709057353063e-01
2.150790640156136080e-03
1.991467654046980007e-02
1.413946640700795149e-02
1.269201536162326560e-01
4.936510111568516435e-02
6.544932926336684276e-02
1.654324339658483911e-01
5.867300485898642448e-02
1.135710219543362154e-02
1.879770207585774733e-01
2.413676329402254517e-01
1.432164934243477239e-01
1.621720361852074799e-01
1.130708733121703891e-01
4.688929051583626273e-02
8.690414093117410088e-02
8.359413488700377648e-02
4.093137635036131483e-02
4.292667408491293579e-01
5.313945402313706434e-02
4.096928342192565631e-03
1.669141120372494291e-01
6.006019821500931943e-01
1.118659192039952732e-01
6.915539241872818710e-02
4.422358343455545793e-02
8.123757691763464073e-02
6.427968551695464883e-02
2.497894116493148409e-01
3.940592461191764762e-01
1.178040963827506060e-01
2.635792820531377423e-01
9.147297152508698792e-02
9.335014032505531412e-02
6.663703299306728001e-02
2.988309313984151006e-01
1.521240238169572490e-01
3.796886316807863981e-02
1.309412430089377244e-01
4.047905186603834027e-03
1.858414231102133995e-01
2.178510918615614300e-01
1.492023072540199502e-01
1.178279056091171770e-02
2.351002380991336904e-01
8.017927325121827764e-02
4.533470069851060907e-02
9.566850508400959185e-02
3.860355493814875832e-02
5.851815170416412720e-02
3.480032534945010081e-01
7.133598063122671695e-02
4.476500260069209668e-03
1.699767760714624432e-01
2.657640136749173654e-01
2.584711452007596930e-02
4.027714475788737869e-02
4.057442914333901640e-02
8.813412387897336109e-02
7.124395611268898032e-02
3.849747590011513010e-01
3.606443961564977374e-01
1.300107960439677024e-01
4.427877600488390186e-01
1.738659356158801517e-01
5.961302415672277422e-02
1.214820382109010610e-01
2.095349775978856688e-01
9.332807072891947942e-03
1.623753565763642603e-01
1.309412430089377244e-01
8.126965174557979066e-03
2.932587810880505907e-01
8.160292184883735644e-02
5.413811328603906903e-02
3.923964035013038226e-02
3.109577991581731204e-01
1.151932527381491905e-01
6.789544449204089338e-02
1.168382979706017177e-01
8.124097784368479458e-02
1.606209683801932131e-01
3.191030251656424843e-01
3.225002165076069904e-02
6.697891106443824849e-02
3.244118548840887462e-01
2.138553270908075954e-01
4.153323985250264444e-02
4.566557254468236321e-02
5.786211236398101920e-02
3.983496012775522566e-02
2.611967806141513027e-02
2.335460214535435286e-01
1.944077002206905103e-01
1.680306712635037392e-01
4.471091746774286668e-01
1.507353186361551911e-01
6.432447813549310722e-02
1.216634974829468585e-01
1.342667867230394052e-01
4.029735723002501879e-02
1.002964451337336194e-01
6.798401928003416916e-02
1.145860200136857576e-01
3.131311841712083321e-01
7.737458252745081644e-02
3.319032177949025886e-02
1.321468554673272955e-01
2.901349679814813065e-01
5.370697568437915459e-02
8.123311187169096614e-02
1.093080573058871630e-01
1.079128911357971621e-01
2.068425608244328640e-02
7.888357835696067077e-01
7.611410945123389671e-02
1.112262149249748644e-01
4.286508023358055475e-01
1.679380051404385510e-01
7.409380479314359169e-03
3.636808742598887645e-02
8.693881012580281092e-03
8.393027921080462028e-02
7.680977408379463522e-02
1.320466083678332736e-01
1.609796649646142441e-01
2.026712001598717228e-01
4.298334141797661712e-01
1.110752934602944331e-01
1.672623634755779076e-01
1.313138148744784628e-01
2.942473271315971563e-03
5.587374963847371867e-02
6.705186398264720293e-02
2.774687249935653410e-03
5.365751899915405937e-02
2.495073239003894328e-01
1.184557181909113022e-01
5.749123896297707315e-02
4.946547301764435411e-02
2.143401411666812084e-01
6.095765049332363406e-02
3.762341384712999254e-02
1.093080573058871630e-01
1.054338884754121575e-01
2.097753258271106702e-03
6.623661638272458907e-01
1.250302430840021239e-01
2.046029303584467329e-01
1.716489703832939639e-01
1.851496965418903407e-01
9.684282742045285941e-02
3.111488078484995340e-02
1.386586197556954891e-01
2.064409483677932533e-01
8.197586282638107125e-02
1.410429844971683166e-01
3.408524422243489060e-02
3.298376564176727088e-01
3.030451143137165571e-01
7.638440994278397622e-02
5.930155260088267738e-02
4.429127120385351057e-02
5.983753455458894199e-02
1.409572281232332816e-02
6.705186398264720293e-02
3.351108130356098697e-02
1.331288813182255892e-01
8.149999339512625784e-02
4.476612605764976327e-02
3.394797452754257094e-02
1.905575688504798915e-01
2.279646064788829751e-01
2.330870762134200358e-02
8.903929190467674282e-03
1.567828629211715508e-01
5.252412774194058220e-02
2.097753258271106702e-03
3.248498496522470580e-01
1.334056757468925491e-01
9.249094895415654882e-02
1.746288108692762298e-01
7.979819046437636176e-02
1.174415242676610238e-01
2.671361657524122524e-02
1.402909745900104699e-01
1.784375708240255320e-01
4.066242539713921245e-02
2.234131704493592940e-01
3.408524422243489060e-02
2.079465506248511508e-01
1.341767154579197041e-01
1.760867331312503462e-02
4.120978770862118723e-02
1.375743958220253804e-01
6.928755650615694983e-02
1.083585672069855427e-01
3.334530235391336417e-02
1.036636741150573499e-01
1.383550857538208279e-01
5.097952385307025214e-02
6.783366086263808992e-02
3.086745708094976171e-02
1.481799602261834603e-01
1.212752510059219163e-01
7.294539890762849477e-02
6.810506366960275559e-03
1.881859102810829465e-01
3.849223658891499922e-02
3.162798002389166641e-02
1.498603906212083170e-01
1.624401702981743967e-01
1.108551516032853235e-01
1.795279506941405978e-01
7.770428197846693252e-02
2.350836755385517507e-01
2.684615034149642754e-02
1.382906554094625595e-01
1.433767082267636273e-01
5.080143355711719266e-03
1.720873377133536886e-01
3.629640512881975728e-02
1.803389923973913456e-01
1.487881827610448016e-01
9.750032035195949076e-03
3.957332976205302222e-02
1.628214406890408639e-01
1.657560208715813665e-02
2.862717774786316949e-01
1.104207241493108949e-02
1.012377158622529000e-01
7.668955477746814964e-01
6.077592427056820179e-02
3.826302586977482767e-02
1.404782194548293839e-01
3.008535147242862029e-02
3.044562485183133216e-02
1.057209480817789954e-01
1.622980502981796191e-01
3.626420132270870011e-01
8.042707741615917616e-03
1.366248356662067009e-01
1.100208564138861200e-01
8.497420722389520398e-02
2.016317710909559247e-01
2.502475076198671378e-01
2.687002960396446538e-02
1.608477417518797137e-01
6.046911250140805244e-02
1.717373163564883121e-01
3.546630085142948863e-02
1.706252844438880395e-02
2.232707467841976157e-01
8.603244841311008528e-02
6.712706096001626321e-02
1.308780823334692589e-01
5.426562378729081482e-02
2.409772200022685870e-02
7.606599927402543648e-02
1.883246275072060494e-02
4.961785115011061453e-01
3.834318948785629677e-03
8.450774330358432063e-02
3.343361566337610391e-01
1.058872443756224135e-01
2.843137963183674580e-02
1.336459218567421503e-01
5.489654336738592627e-02
1.051143257588571522e-01
9.697540773050749435e-03
1.538678360722412208e-01
1.155878527598953043e-01
5.554187675236275934e-02
1.769682660829717535e-01
4.866840303303882065e-02
7.622911885072483629e-03
2.003248861537383907e-01
2.297291266480153693e-01
1.289476269379646600e-01
3.964968373575229049e-02
5.316044179458182667e-02
2.873919924209213383e-01
3.546630085142948863e-02
1.479003898566149007e-02
2.638562732187927917e-01
6.895148011388671505e-02
2.830060791512420959e-01
1.424657992058807332e-01
9.142431347518631402e-02
4.235014112659936381e-02
1.086339852107640058e-01
1.639244441348957082e-01
3.282521952727106562e-01
6.478561857436726523e-03
5.400604239817499708e-02
3.628213016872128827e-01
3.607987081407165730e-03
6.774760116621322825e-02
8.177910355718687185e-02
2.886768891394685121e-03
1.444286295321070279e-01
3.363386413036902056e-02
1.655089601820186329e-01
8.214571944585311036e-02
2.432278547981302219e-02
1.583579214788331524e-01
8.197465341560623842e-02
1.356217008301343306e-02
2.175787839702852944e-01
1.903644254575566630e-01
1.036778386663545354e-01
4.237037031976539914e-02
8.919283208737305291e-03
1.789263731906526878e-01
7.601235853134113984e-02
2.027566819736959652e-02
3.174656646321748488e-01
2.924240065095136745e-02
3.298447707653404115e-01
1.317150456376625645e-01
6.671096434094730965e-02
4.242063403654447451e-02
7.597832199683296484e-02
2.338578288201825783e-01
4.051945339342603036e-01
3.206462380720660754e-02
2.306045902634365485e-02
4.511078346237000769e-01
3.450215704773661879e-02
3.852087138231940350e-02
9.969436358772414131e-02
6.370819389482951234e-02
8.762432232815123290e-02
1.645143630249508437e-02
4.740280083408984074e-02
2.701153965307172555e-01
1.759715927273637279e-02
1.731478447088801165e-01
9.226907247219717778e-02
1.510875574464064924e-02
7.990506513425175983e-02
2.839922880630078028e-01
1.064051907030272304e-01
2.157676278082131527e-01
8.919283208737305291e-03
4.285142971351759700e-01
1.083610672825709026e-01
2.842288924019575891e-02
3.307091933216829704e-01
1.785166219880661154e-01
2.744606768938755437e-01
3.000493679044289458e-02
6.332359023347469695e-02
8.157728317964067777e-02
8.583529248747050200e-02
3.264070219283932150e-03
3.481143466829951238e-01
4.964568597576375641e-02
6.456903199549873795e-02
5.936009940326261169e-01
3.450215704773661879e-02
1.180471886822876404e-01
1.317355882025804670e-01
1.394659141070070385e-02
4.022092695216095137e-02
7.943933360084948214e-02
3.700628904914465833e-02
1.713983945473176451e-01
5.602498792988183651e-02
1.414960910512729486e-01
2.637617735405839992e-01
9.476546442740149678e-02
7.312486020593658709e-02
6.254478409418626761e-01
2.088843094196451977e-02
8.459894609618370809e-02
4.861006313407807700e-02
4.451544558621287617e-01
2.784336065334847010e-04
8.833548948962377523e-03
2.287355979053152244e-01
1.142203767563907679e-01
2.075949357503048820e-01
3.886240968342091068e-02
1.024513110955207473e-01
8.638597340916688572e-02
1.439711683683882193e-01
2.990081049755313192e-01
1.473245728786918007e-01
2.779894596931173356e-02
1.747359486819451135e-02
5.070103328030053369e-01
4.341171283121499774e-02
1.708103771174974139e-01
1.679651806373904654e-01
1.394659141070070385e-02
7.388083055479222061e-03
1.788300864887537589e-01
3.700628904914465833e-02
4.111201033598500809e-02
6.874411246266334818e-02
1.419103733960598301e-01
1.928740902364093346e-01
2.756862683668837022e-02
2.180933663043974069e-01
6.300959841982818332e-01
1.118806274298926422e-02
1.674509918676328202e-01
1.430592528513107142e-01
2.443167231374786530e-01
4.274235391704996057e-04
7.513198544214644281e-03
7.539441829499703152e-02
1.094180026727379074e-01
2.583587163757005145e-01
5.415736954767543659e-02
7.667303763391103422e-02
1.244948786129872198e-01
1.065512711397645085e-01
5.291980638456927899e-01
1.246995057200308565e-01
9.172979097015074301e-03
1.747359486819451135e-02
4.652447616323661661e-01
9.462075571300797294e-02
3.156414954598474321e-01
1.887471844019188993e-01
8.747383566654998166e-02
1.360140858054725843e-02
9.727876453046553629e-02
1.280455721262172830e-01
4.827461901825530477e-02
1.399180429108237700e-02
2.443238985841398314e-01
9.708634549857012019e-02
1.441221115917438317e-02
1.123825652251641688e-01
3.472689933553386732e-01
5.581248801876877164e-02
2.742022965281144531e-01
2.138268828850601322e-01
3.920289161068581940e-01
1.478688799657083136e-02
3.981934078202979677e-02
7.539441829499703152e-02
1.168811969081264557e-01
3.021951037780450933e-01
1.063030756426077972e-01
6.429333859493878423e-02
3.201954434203161948e-01
4.292672858698526328e-02
3.975488778024431347e-01
1.290556304895340012e-01
1.159648694151506516e-02
1.357619240577361830e-01
3.612200783198801779e-01
1.755621159864172443e-01
6.505456824497016788e-01
1.354045631723643783e-01
4.947551743356015663e-02
1.604060476449965800e-02
9.892599478983331307e-02
4.318374736690606952e-02
2.435148214344029505e-02
5.173756326165532271e-02
2.549449517124788844e-01
1.623779476233733754e-01
1.486670356549321843e-02
8.723786111887522898e-02
1.879595069678999253e-01
1.554683611070086513e-01
1.955065524988779946e-01
2.587991910368929172e-01
6.789864824848779179e-04
1.478688799657083136e-02
1.750152864446163081e-01
1.599230070269065107e-01
7.957840441581529034e-02
2.637137069856624327e-01
1.841382417708153640e-01
9.800661707162355851e-02
3.106600341165272061e-01
1.748371664304686907e-02
4.715638330576250592e-01
2.879991262577080713e-02
5.959791309287110206e-02
2.353015546955811166e-01
3.612200783198801779e-01
3.640564451844272575e-01
6.001245008908009382e-01
1.387010819144199048e-01
7.951791587915224557e-02
1.128419741907678020e-01
3.482418704339562687e-02
1.945205165247742563e-01
9.707514058694237391e-04
5.557720050015686752e-02
5.373359755229803469e-02
1.778744151732075673e-01
3.008199138793519190e-01
3.009353907438172548e-03
1.976533937812973152e-01
2.434751169980611529e-01
6.176640840253179443e-02
2.578809865088142472e-01
6.789864824848779179e-04
7.807897537595390181e-02
4.718616631110132686e-02
1.498931967714995372e-01
1.367015174316103809e-01
3.098572395536524082e-01
1.247205084014712112e-01
4.770920737808211076e-02
3.106600341165272061e-01
1.776922076557836683e-02
3.207442532532940316e-01
1.987222131894523375e-02
1.107458226656027056e-01
1.885877237673188600e-01
2.419106832284162456e-01
4.065986981153996704e-01
3.985337124638164696e-01
7.794870454557040196e-02
1.360311856694918220e-01
1.342880764885469314e-01
1.091865006279710282e-01
2.328704262170200323e-01
5.573114566190858626e-02
5.023072383292750270e-02
1.761209598605640303e-01
2.909579531049670265e-01
1.473084091923319294e-01
9.452516309594227728e-02
2.831644929783239117e-01
9.278994881926475036e-02
1.933008643127311077e-02
2.786618219127054430e-01
9.036473982868128974e-02
1.554485354459434754e-01
5.531839666180414505e-02
1.406809549378901514e-01
9.885862737248071741e-02
5.844952283850362029e-01
1.849848884249466474e-03
3.841364390610885193e-02
2.553025353481458426e-01
3.839145638989477360e-02
5.576096549884427267e-01
1.711005595176039867e-02
5.228702000915372988e-02
1.763949239974647032e-01
5.595805986449408076e-01
3.171714099441025336e-01
4.995739081191157283e-01
5.741120750807447715e-02
1.970732859670392412e-01
1.002209195734765634e-01
8.205833382244148710e-02
1.068255769221378576e-01
1.081154633332300219e-01
6.093067081488943992e-02
1.821524224171607309e-01
5.159305632291506516e-01
6.765566329939642909e-02
2.186612104738072659e-02
2.520657335196286875e-01
1.281375672108520936e-01
1.933008643127311077e-02
1.278387854567256954e-01
1.285499890042224314e-01
7.912223070701474015e-02
4.596218799403532784e-02
1.782203373944948044e-01
9.720612081231509716e-02
2.375528232077332436e-01
7.671773743749721319e-03
9.696643499143198230e-02
1.640508058421411564e-01
5.316278645876539033e-02
1.407827654768213921e-01
2.452608033257990677e-02
6.101977579409222779e-02
4.314082883147737357e-01
4.273256152911855121e-01
2.854412743736517433e-01
2.682617504576027545e-01
2.162052737121510360e-01
3.667911424792590358e-01
1.122681748129942814e-01
7.677942221590081107e-02
8.605655271280127083e-02
3.112142718661213558e-02
4.420015080971065324e-02
1.538275530727021834e-01
4.348525561400629069e-01
1.682453955386825906e-01
7.345560372769016633e-02
2.996455785478879807e-01
1.723235141114856650e-01
2.621896207485867325e-03
1.096124056846333322e-01
1.045706018088561617e-01
1.377325641240045584e-01
5.384829107716311569e-02
1.877306104342517656e-01
9.364081951196148723e-02
1.734024841275702555e-01
4.814019806874919594e-02
8.156096451735167507e-02
2.415749270966593976e-01
2.275394928770248792e-01
9.070348602760676393e-02
1.617515960563895017e-02
9.508900685701573985e-02
4.314082883147737357e-01
4.197340396622982750e-01
5.322612310411061198e-01
2.034131083388165950e-01
1.581992954839528120e-01
4.240597997883354675e-01
1.311404959641500056e-01
1.199156386356383941e-01
1.181811104557559944e-01
8.916839394970109411e-02
1.872653455201062078e-01
1.879105455113601331e-01
3.113708834143854576e-01
2.643414105831964900e-01
1.073973882651646505e-01
4.185259394675937550e-01
1.487040093289783427e-01
7.917099118816366132e-02
6.878553224715915071e-03
1.396018161069520203e-01
2.086425975738656277e-02
1.946738298679532436e-02
3.332881054523340048e-02
1.177997978072377189e-01
1.762338666210208349e-01
2.061365600494857730e-03
1.756628318126171318e-01
4.754327047669777706e-02
2.897239789242717078e-01
9.070348602760676393e-02
1.060789519788921664e-01
5.627189377974965018e-02
2.670082917527119570e-01
2.246867061072610749e-01
2.891739518542171261e-01
3.031621135917983434e-01
2.139928112357074030e-01
6.236248913193805921e-01
1.868823646245419412e-01
1.058595634762838078e-01
5.687856596678846771e-02
7.936969236261859351e-04
1.266275012859548466e-01
2.210879346222173747e-01
2.241858150095807356e-01
3.497647182499710183e-01
8.229603298012325152e-02
4.280797829172975355e-01
1.184731104038171112e-02
1.054690217381876877e-01
1.632552693198672245e-01
1.321630621210486689e-01
2.410808854873998375e-02
3.872460145171268547e-03
9.260696973516648056e-03
1.161781146597715697e-01
1.986607773418472278e-01
2.799206648563096200e-02
1.425023054866043359e-01
5.292127609139228583e-02
2.895411940457821576e-01
5.570667763521480742e-02
1.019291004268184919e-01
6.190770757274072916e-02
2.403144290293805496e-01
1.738780259764398095e-01
2.675316009901612668e-02
4.078032597391696989e-01
6.112732192580935808e-02
5.946516333398362830e-01
2.041707139929729853e-01
1.721031945062301283e-02
2.910450508137047976e-01
4.850844943973842138e-02
4.955701250084856152e-02
2.077445877122198747e-01
2.247488143494894286e-01
1.963585246270991291e-01
7.292869510866474558e-02
2.798898101010277584e-01
1.320332865456200905e-02
1.121327607601809440e-01
1.338248907970761292e-01
1.592328276382353192e-01
7.420935114131377297e-02
9.229168509050963976e-03
1.106908599096459445e-02
1.102756516549697474e-01
4.519187004249072825e-02
5.009707789468189482e-02
1.211694935744538626e-01
2.375145002805005567e-01
1.873822292180128690e-01
6.850695916798506258e-02
2.118510850496518882e-02
7.127345635728733753e-02
2.393826973703916117e-01
1.738780259764398095e-01
7.791954334029627116e-03
2.274274288468242367e-01
4.938071501168435351e-02
5.187977267954203553e-01
1.833799826525165655e-01
5.147942226236705554e-02
1.445949507623411345e-01
1.285051174958567743e-01
2.805107395881487747e-02
1.423473717746880085e-01
3.337502720714402571e-01
2.404357415159780742e-01
1.537926364638171617e-01
1.737876841407750561e-01
1.175047154773200958e-01
1.694768125068680797e-01
2.591046638924975887e-01
2.355349023404558761e-01
1.440578252258384873e-01
9.229168509050963976e-03
2.191497081249066392e-02
1.674427664830231977e-01
4.067708590160686033e-02
4.403201607292870495e-02
3.784777609651193697e-02
3.131121170446669044e-01
2.368409430781565073e-03
2.750088117465986776e-02
1.634557677545913912e-01
1.027243968476032610e-02
5.331342105683928301e-02
8.670658488399543562e-02
4.283257005502509596e-02
3.093815325275780515e-01
5.463594179964634950e-02
5.808752970459475362e-01
2.013817482984251450e-01
3.706739842638190341e-01
6.966643257021769287e-02
1.916774607884833004e-01
1.276278502594692943e-01
1.307994190109955102e-01
2.145485670347690998e-01
4.075704709508338186e-01
1.846599033942610268e-01
2.055770114416283212e-02
3.110113321920582319e-02
1.915095442935988990e-01
4.858812409968253920e-01
1.108704892689474364e-01
3.280706225031804202e-01
3.468891600401736997e-03
1.388382106065050303e-02
3.772881701658376552e-01
1.712700879778166208e-01
2.495557641612130770e-02
2.071990410317493120e-02
5.476782696531507649e-02
7.701274067692331915e-03
4.789172269822840611e-01
1.664185037531261124e-01
1.027754995854620601e-01
3.740093468833760593e-02
5.919678177679414677e-02
4.111880760216529707e-02
3.841501700648305984e-01
5.211054898599209485e-03
3.547138117138520785e-01
3.951169421979964236e-01
7.351085995904363957e-01
1.736254024371505778e-02
1.243070984641107823e-01
5.806180145155953598e-02
3.388315849062837892e-01
4.150514707232877409e-03
6.009834655435106754e-01
1.970760704737875013e-01
2.452717811771059631e-01
6.070780901002674479e-02
1.174462333878725784e-02
4.132376564756227166e-01
9.633845612981796480e-02
5.629475279202839078e-02
6.871248297171944630e-02
9.433364237975971900e-03
2.932292349705155066e-01
1.741634253228709905e-01
1.389726504516070049e-02
2.424901562961378348e-02
1.005611040572711723e-01
1.349323969551267585e-02
2.229789153926345358e-01
4.848397078980107300e-02
8.095502492739320433e-02
1.227211805258390798e-02
9.999103510138299122e-02
5.421137323053783208e-02
6.328482746281837157e-01
5.211054898599209485e-03
4.625510817652934703e-01
4.645649980898644560e-01
8.356554962615830862e-01
2.694114659324668704e-02
1.271174986461366396e-01
4.543583768850895099e-02
2.653002561396884396e-01
4.547243392153968444e-03
3.470981014603345960e-01
1.811920669256171235e-01
2.736448869796741512e-01
7.361701767423552145e-02
4.353189176878091704e-02
3.470648220133988882e-01
1.061050332078889158e-01
5.272271367156995681e-02
1.572430682131642499e-03
2.325192740147066506e-01
2.381291335225553807e-01
1.441320573910994385e-01
1.300194649819729799e-02
4.079063347281969287e-02
1.393497161319356969e-02
3.148881108320397693e-02
6.145205731322950227e-01
6.863894697442832205e-02
2.788760480654745022e-02
4.669297461006356731e-02
1.514436397230657649e-02
4.749186504105279427e-02
3.214135070410597539e-01
5.211054898599209485e-03
3.715628298006147245e-01
3.486262202050429693e-01
3.237803286430250838e-01
1.003949039964955880e-01
1.424523117268554073e-01
2.182839143328579035e-01
2.176300236427099466e-01
4.547243392153968444e-03
1.494514554223958791e-01
1.031801138258013062e-01
2.536972036993605517e-01
2.698344873538466304e-02
3.752179070304616226e-02
3.965416086900749870e-01
1.442242478360528102e-01
2.887179636390184434e-02
1.572430682131642499e-03
1.860535451951521313e-01
1.968887877423924349e-01
6.107727034616758921e-01
3.994000399542338431e-02
1.183796732326602985e-03
2.276577928345812352e-01
3.268781163558519276e-02
7.624320600394112191e-01
1.402282359286531888e-01
1.161870333178141312e-01
1.687463544469879895e-01
5.234389198884081829e-03
1.439820117663518917e-01
2.633782555963577465e-01
5.724347952400049566e-02
2.173801627855317942e-01
2.791607726366518993e-01
2.842287334262667553e-01
5.745373665095288018e-02
1.009354703386305674e-01
2.059043171997461119e-01
1.701766118089598212e-01
6.553076047505150548e-03
7.338492686058942227e-02
9.802773818399809769e-02
6.584803374892824746e-01
5.837167213932611953e-02
1.871877227933355092e-01
2.884816157395431735e-01
1.780297405648898212e-01
2.125197991856528912e-01
1.079120988657221447e-02
3.336293421854971131e-01
1.485323738299946239e-01
4.283546105514215996e-01
8.703850051489769868e-03
1.183796732326602985e-03
1.529001917402939281e-01
7.445560987595090108e-02
6.931001401999299372e-01
8.417859161231508458e-02
1.500924971449976719e-02
1.702549504698407379e-01
9.096766921970648317e-03
1.131695618971352013e-01
1.210026764581446646e-01
1.432961934955363503e-01
3.288251710817881035e-01
3.410888316947733312e-01
2.662831770453446545e-01
1.479291247812562493e-01
1.086576430114446212e-01
9.330488006187775962e-02
1.986513678016313400e-01
1.554945263693184865e-01
2.354585131408669027e-02
2.292212522235451133e-02
4.645259232505339897e-01
5.837167213932611953e-02
1.610433645488468790e-01
2.458574533230111769e-01
9.016429950860688214e-02
3.487658295077320503e-01
2.746649127971434456e-02
3.671748703667071512e-01
1.212629797735314541e-01
2.756399815130139430e-01
1.159970585335147741e-01
1.183796732326602985e-03
8.921648348956361108e-03
7.649227339298952932e-02
4.344062818811266213e-01
1.255591032897277748e-01
1.424438341816042508e-01
4.771696023410021414e-01
3.578490882047003635e-02
3.192673839171278338e-01
1.028981336197772600e-01
3.065869554185928214e-01
3.269868195443584868e-01
1.914866620494808380e-01
1.289228946112776497e-01
2.487926114348658069e-01
9.880605537138553718e-02
3.272703437443667818e-02
3.426204830372621690e-01
5.751609944776320954e-02
4.244187171052621332e-02
9.980539885078992812e-02
2.124275639868433430e-01
1.005570689951196250e-02
1.151610014630492368e-01
1.402307622861868053e-01
5.298248135043768375e-02
3.340857483271363337e-01
1.309234647182467015e-01
4.250444849212841603e-01
1.159059699942477928e-01
5.447777350960237852e-01
2.613212020736223606e-01
1.183796732326602985e-03
4.986077166310545761e-02
8.470728294489868193e-02
4.212389623139703443e-01
9.468898266090221283e-02
5.330038151117845457e-02
4.472928660019676594e-01
3.146959156900409199e-02
1.681729827364420171e-01
1.249646970495559561e-01
5.881065878889486509e-01
2.409438029636646883e-01
1.178812295815472588e-01
1.503745179566990386e-01
2.588365533059576173e-01
2.691450831782341013e-01
2.396506521184393890e-02
1.821278051615867200e-01
4.839065068092739119e-02
1.117231854825627979e-01
9.912336775319163795e-03
2.608912475688596189e-01
1.356126400163452927e-02
1.593468734658017305e-01
9.460219395350338845e-02
7.753241800742281808e-02
2.100248361658801910e-01
7.155969223563229953e-02
3.814240414885416985e-01
1.346827772204330642e-01
3.947895863241191461e-01
2.613212020736223606e-01
6.282234985749021727e-03
6.367751441534202916e-03
8.819321182752917765e-02
3.143480859211047473e-01
8.759846146231764497e-02
8.198616135516867409e-02
5.178971937481633425e-01
2.326043955473156566e-01
2.583809177275933067e-01
1.298593076126144663e-01
4.521895935938587963e-01
1.926394851209312642e-01
1.189453297376589641e-01
2.191739317496727013e-02
2.164048040910733772e-01
2.058076676125936422e-01
3.232202074310713824e-02
2.215228371159976284e-01
4.313642033507340129e-02
2.101519698163475947e-01
1.100138391540776694e-02
2.894391295936750708e-01
3.250214768044212832e-03
3.151322589391443441e-02
8.514912297566058774e-02
8.544463117034109545e-02
1.126539395859606635e-01
1.458041027836915471e-01
4.033187619887323994e-01
1.346827772204330642e-01
3.900084365824249555e-01
1.517843361773868194e-01
6.282234985749021727e-03
5.302989247895170677e-03
5.493747012181236788e-02
2.842828073880857565e-01
3.356521566014755154e-01
1.278256084036888396e-02
1.786452544601361547e-01
3.863666021528942562e-01
1.075872031992003014e-01
1.193624579207296782e-01
3.050838691676485692e-01
9.670514698864796088e-02
5.430504075858855195e-02
2.191739317496727013e-02
2.616733509689418424e-01
1.514640103318398712e-01
1.951875499768457312e-02
9.542717402015921113e-02
4.076612815880009677e-03
1.944211934262117802e-01
2.823368324517021299e-02
2.894391295936750708e-01
3.250214768044212832e-03
3.714581302127591828e-02
5.508919200715364783e-02
3.371265459816467081e-01
3.284499269418877931e-02
9.867997591502775112e-02
6.686276632584565727e-01
3.060677443024998473e-02
2.805178572769216339e-01
1.005155745890567859e-01
3.748118179346225654e-02
5.302989247895170677e-03
4.854607283181424510e-02
2.222970762981450743e-01
1.869692078982335137e-01
1.833298617849288270e-02
4.530518953165586504e-01
2.955588015818048087e-01
1.010881854733904905e-01
8.683269405115798256e-02
2.795667967156952316e-01
1.640704092296668692e-02
3.193472536235897330e-02
2.191739317496727013e-02
2.616733509689418424e-01
4.556118617678475702e-01
1.527984220844853282e-02
1.501486824984787916e-02
1.578849390699537183e-02
2.608166848714266739e-01
2.455681823603017566e-02
5.509872373089275133e-01
5.059140248926702332e-02
4.617391301180269469e-02
5.508919200715364783e-02
3.660854458984195703e-01
3.284499269418877931e-02
1.120656424772470960e-01
9.341156155863554744e-01
3.312991104478221066e-02
1.680337455917962353e-01
7.022648946448770135e-02
1.187792846920811413e-01
5.302989247895170677e-03
1.291002114272005175e-01
1.016830038643893735e-01
7.955364931432994113e-02
3.397824746275104890e-03
3.999043744856818350e-01
2.558746485669994852e-01
1.153060734712141600e-01
1.110228764732615198e-01
2.560736302881721493e-01
3.306944522774835082e-02
1.852830936736570011e-02
1.345923746282028932e-01
1.232426028075505747e-01
2.058467259989657794e-01
4.787677499880974019e-02
2.688151260258823949e-02
1.731332834517201880e-02
6.742660783578935391e-02
7.615111605838928432e-02
4.441544859745676366e-01
6.731435792899689852e-02
1.035443643603046852e-02
2.978344726407736176e-02
3.397704578054177582e-01
1.260291856339692401e-02
2.938544506140539081e-01
2.529657190767171659e-01
8.441397903736909403e-02
8.819868760483511039e-02
6.636593221819683808e-02
2.655294776944485680e-01
2.775022520654646385e-03
1.090401124781742448e-01
1.009820755246159940e-01
8.523704346278515587e-02
6.695778909532107415e-02
2.215183774604612410e-01
3.125719576621924789e-01
7.925638996893458188e-02
8.744841985099391368e-02
1.708709603121267573e-01
2.249153740454384529e-02
1.103799093207502302e-01
7.649565009497286128e-02
8.918443837235054406e-02
3.383749037906678969e-02
2.165092133300531088e-02
6.654375841922698098e-02
1.688007054112462824e-02
2.924256242841455030e-04
1.231110042650259140e-01
3.740513206141663494e-01
8.167637687552675718e-02
3.753015581294279895e-02
1.088907466625242682e-02
2.088397479519190081e-01
4.257200729847643306e-02
3.496789152566982528e-01
1.913071671453816514e-01
8.510421738425597016e-02
4.916956188673611561e-02
1.175315662347726497e-01
2.680281550101002996e-01
7.868461276329191678e-02
2.501540054247921030e-01
1.009820755246159940e-01
9.739840485825181082e-02
1.306546029678217202e-01
2.464737069801824221e-01
4.984824301693362991e-01
7.967233552726217527e-02
8.748117821824395735e-02
6.700133233920810283e-02
5.697561951541830344e-02
1.104537786713436082e-01
8.747998119106700776e-02
3.011623317022680407e-02
4.325906720109505554e-02
1.767128539134397713e-01
6.873439100391380563e-02
2.050584492974171780e-01
3.922032465878257795e-02
1.023088476516400003e-01
2.188919000774389167e-01
1.128706558363630208e-01
4.234445699308419381e-02
1.106177914376694528e-02
1.845829217420211776e-01
3.037794944981727502e-02
4.029512385984814760e-01
4.878318853453583737e-01
6.457097515099247120e-02
2.465609301935021980e-02
1.636277039981826609e-01
3.364452624918140566e-01
1.616421556765209808e-02
3.262646341015442708e-01
1.722697738936650180e-02
1.056776072367777153e-01
2.886769992163107923e-01
3.453016766479445332e-01
2.022698545871997877e-01
7.132771798909817718e-02
4.527007596954185642e-02
1.072056354692627611e-01
3.495067885534938745e-02
8.383858199741502093e-02
6.312805596410493714e-02
2.004885418776347628e-02
5.320434877600001972e-02
3.623481081871059162e-02
1.065363286651250935e-01
1.401469635973429662e-01
7.019778959885786263e-03
7.646002277124119839e-02
1.657095427922585240e-01
1.287014503282364053e-01
3.009450024800707987e-02
1.966745327255502163e-02
1.503369993946051530e-01
1.169083933161189082e-01
4.985334282146789420e-01
3.375087488390041690e-01
1.376040754146434786e-01
2.416852097449976797e-02
1.506497417488616430e-01
2.086010891245431986e-01
2.389401282435872284e-02
5.268928427983744500e-01
1.149425576416303330e-02
2.426102346310927693e-01
7.552552406274319896e-01
2.046400771314848266e-01
9.427032036582191910e-02
1.245807395494713254e-01
2.568178676808637040e-02
4.695196407159343832e-02
3.403118722491284276e-02
1.637368176667099162e-01
3.435544868128484475e-02
2.139963158150492983e-02
7.118302922304400870e-02
8.378424266239570262e-02
8.589138813474135603e-02
7.794434957066813385e-02
1.475060888297546891e-04
5.377526674321622679e-02
7.073859565709711417e-02
7.057642719887774474e-02
3.230458911028067509e-02
4.531973691553371070e-02
8.176143960284620871e-02
9.773765655849009359e-02
3.584411577015157446e-01
3.728826536829235594e-01
4.159303261926666079e-02
2.209086261989734457e-04
9.210035832038922232e-02
1.704458547242665434e-01
2.703348109344361205e-02
2.963930268199694851e-01
5.285976356109982344e-02
2.303691156948350915e-01
3.007422861598100239e-01
1.469683382559012763e-01
5.989531832608242096e-02
5.111116141055986606e-02
5.177026757899258480e-03
7.116525618767689798e-02
4.224633955744118430e-02
1.368793361908335615e-01
3.413738927659284300e-02
6.805893681398604567e-02
2.418826191589058539e-01
1.027393462346983116e-01
6.815790411964801898e-02
1.353760721730260137e-02
2.460241811726161104e-02
4.164089445683773899e-02
5.588614161358509969e-02
6.754603222925703587e-02
3.537019541038490672e-02
9.016529671024600678e-02
1.655013493413730052e-01
9.773765655849009359e-02
3.131145213513409908e-01
5.662613824385633876e-01
2.421765321685849792e-01
5.601689225869694450e-02
5.192472641509776610e-02
1.628245248654625055e-04
1.463579078692414659e-02
3.430603058985394749e-01
4.955903228449313330e-02
1.787869373367447223e-01
2.332400949052158556e-01
2.838862320791509797e-01
5.207224868331052081e-02
6.879411696664197023e-03
3.699412348680071461e-02
5.773050389351155193e-02
7.271966995688769475e-02
9.725158221145394077e-02
3.239490620716752728e-02
1.605122694829224095e-01
1.538623661747524074e-01
2.484276234440007392e-01
3.496377392646722593e-02
1.876436752635018967e-03
6.466336375278901316e-02
6.577777891826180889e-02
2.567186541978779823e-01
4.552945279728526362e-02
4.137745731392465653e-03
4.475581171367130906e-02
6.154706007050793348e-03
1.185014739646249315e-01
2.315180592648627134e-01
6.919874851824809880e-01
1.090412627515105343e-01
1.250424779394172792e-01
2.114100721768481794e-02
4.296334978754622058e-02
1.345796773801476859e-02
1.944008204998030620e-01
2.129121709918007643e-01
1.170449174822046773e-01
2.049077414825958843e-01
2.107843422970875624e-01
1.304863855076430490e-01
1.946691598172686777e-02
4.190212460255898080e-02
8.725326060166235798e-02
1.132605825614789452e-01
1.167864210023856764e-01
5.979407605853898078e-02
1.228429262610693379e-01
2.461273732014416793e-01
2.790995965492248931e-01
9.301050988439496861e-03
1.876436752635018967e-03
3.685724829184205964e-02
1.731429209997261687e-01
1.856705707755493262e-01
4.695987113290833737e-02
4.218571814491788724e-02
4.475581171367130906e-02
5.604707164606584011e-03
8.666099471865537640e-02
1.618741059314802722e-01
4.463212652616631582e-01
1.294433849475205567e-01
1.087841081827717049e-01
1.969190124206602124e-02
6.882775943860858225e-02
8.000224101804365509e-03
1.034193589332728924e-01
2.949641224550479390e-01
1.173239498190565278e-01
4.455020515974911777e-01
2.321751771174520029e-01
8.716362972593882930e-02
6.191796585114650586e-03
6.030357718017566315e-02
1.479531312869106913e-02
1.318658490680992001e-01
9.783700189633151578e-02
1.623949368167672547e-01
7.598024222272625749e-02
1.556895975880565608e-01
3.245581198017629676e-01
9.301050988439496861e-03
1.276349088871066018e-01
1.573181503531337899e-01
1.029975437215167738e-01
1.618649957308154197e-01
7.209784490556962744e-02
1.369415251306700942e-01
4.699894469696597882e-02
1.229492070947589728e-02
1.641932830011444411e-02
2.252892551533290655e-01
3.164163941270917713e-01
1.233302630580172810e-01
1.606306420391815371e-01
3.331611697560884489e-01
1.079394743432595255e-01
4.283485330295096899e-02
6.354358638436488627e-02
1.424877021397180921e-01
6.328655390909947165e-02
4.454886235343847312e-01
2.487490764281146960e-01
2.456405950706713748e-01
1.065259638237686657e-01
6.030357718017566315e-02
1.619674743250437698e-02
9.271827497892271008e-02
9.085086061437468163e-02
2.690256450037427083e-01
2.084464387570840460e-02
3.012707246748393131e-02
1.048350335281669210e-01
2.248685889280330197e-03
2.812502378076722209e-01
1.252698625507376040e-01
4.736106806543523978e-02
2.923676452542856019e-02
3.174152506457772471e-01
1.714472330406217049e-01
4.699894469696597882e-02
8.457623894749510818e-02
5.988101213638374887e-02
3.848239167895366464e-01
2.253059810812813035e-01
9.140736204224461647e-02
1.755587625964824539e-01
1.791741061221758524e-01
6.011595279637541034e-02
8.065501310461554996e-02
2.118391674081992471e-01
1.533969775072295538e-02
2.778897769754164193e-02
6.550965739784039288e-01
1.345409614290017375e-01
1.299443322106300092e-01
3.747594712147801765e-02
2.449682434183510227e-01
7.278878336477577482e-03
1.439165343729524316e-01
5.243479490633288359e-02
3.308729692832309555e-01
1.591580442920857708e-02
3.012707246748393131e-02
3.364032716176901250e-02
7.710749119005373686e-02
6.235025335807052871e-01
4.815651183117805600e-02
4.969452559967260652e-02
2.099649399043649056e-01
2.637700288473116550e-01
1.551538337429922421e-01
6.697103094614355323e-02
5.382277695132175327e-02
3.140508215312715068e-02
1.963100212532931099e-01
1.403811434366235011e-01
9.526889393080469060e-02
2.577739550538206692e-01
2.147745612823097339e-02
1.075066686946485606e-01
6.063588958344296592e-02
1.936037926339664317e-01
9.139612076700810717e-03
5.317607102715407597e-02
2.660461120718283778e-01
6.080871014958785792e-02
9.406099884473950734e-02
2.003838726033380091e-02
2.157023910383423781e-01
1.685515906545968778e-01
1.274082269725851646e-01
3.300932916924130545e-02
1.977182619206942493e-01
7.142859076106991556e-02
2.158839293654045768e-02
3.365543546014457960e-02
3.838824693515113795e-01
2.538847526999181703e-01
8.175568074667670382e-02
1.791198171861518862e-02
3.242509228249754738e-01
3.001615204737462239e-01
9.050982761985459923e-03
8.037062602318935378e-02
1.350774245213667013e-01
1.313679599658610642e-01
1.749040572796987936e-01
9.934261109958449076e-02
1.301154012664045290e-01
2.635112582003013570e-01
9.043992856146987336e-03
7.943361882936203489e-02
8.175136238558085300e-02
1.463894354585573709e-01
1.855107029620331471e-02
1.252102928859683550e-01
9.141420700273218680e-02
1.139887927512363841e-01
4.021957884896966429e-02
1.741156588483276646e-02
1.690779247161411092e-01
1.164787596650991852e-01
1.127408166440391629e-01
7.198026491825118556e-02
3.215695720806191482e-02
7.142859076106991556e-02
2.643785374635262975e-02
2.433049554898836231e-02
4.100020973373647015e-02
5.870263632789873842e-01
2.253959102088910066e-02
6.871816573422104280e-02
3.200489299813290001e-01
1.997781793785869953e-01
9.050982761985459923e-03
5.608412107598925722e-02
1.950198823507054424e-01
2.056861455672981953e-01
2.686192591966601317e-01
5.815464850642571015e-02
1.932616470612293913e-01
1.479741135678158681e-01
7.994689460830675665e-02
4.067283050504258424e-02
1.121571271376698986e-01
1.569544137137299789e-01
9.341476436000133166e-03
1.855437443401050657e-01
5.616468701862727814e-02
6.646544936413104065e-02
6.968242606923640003e-02
3.285432858160728525e-02
2.194302470827368401e-01
2.251184477551332330e-01
9.264259663762396124e-02
3.082301252837148925e-02
4.584177630899319289e-02
1.028770038072840676e-01
2.857741914880646689e-02
4.357586122573932352e-02
9.895296654138617531e-02
7.681072521149392429e-01
6.622182394517073245e-02
4.507971094122736888e-03
6.865954811143920589e-01
2.067578328081395855e-01
1.475589180082754505e-02
7.370915673627881359e-03
2.806421474971332319e-01
1.033473172468345053e-01
1.460679549343850969e-01
4.282219684790426056e-02
2.424096041470643337e-01
5.493328851465813928e-02
6.424299709785007140e-02
1.414038678635243240e-01
5.650079485186890876e-02
1.105089829708331417e-01
3.048125498976223327e-02
1.111292906536081454e-01
5.697181551170869135e-02
2.359733507192264823e-01
6.572897683017914217e-03
1.577525382374506124e-02
1.060201568202620848e-01
4.411739394000657177e-01
1.173421754521352667e-01
4.113945942905662678e-02
1.584771489623491847e-02
1.650320277759079746e-01
2.857741914880646689e-02
5.691482539818747306e-03
1.656374530507468412e-01
7.758060300424914901e-01
1.035293911568424541e-01
2.327857359330068321e-03
1.072156739072609999e-01
2.072540147934954780e-01
1.475589180082754505e-02
3.242965078345486085e-02
3.333913682769138465e-01
1.035684164741137170e-01
1.688292169432882850e-01
1.111031977417432093e-01
1.428608870625946436e-01
5.357094391564645730e-02
6.954858554870389786e-02
2.733854211361363418e-01
4.173296916725593997e-02
3.065791715901562686e-02
1.071716412676740476e-01
7.118735117049750094e-02
3.940490268603477619e-03
1.613116594697188710e-01
6.538258509076208536e-02
1.675181482365693461e-02
9.475606629520014201e-02
5.336518198978122962e-01
5.500658250542653227e-02
8.229171235787535732e-02
1.459342270518580384e-02
2.977438208667952391e-01
3.725395926646304923e-02
1.146522043639905397e-02
1.288427812070924439e-01
3.709162011764318700e-01
1.082529639827951168e-01
5.081007581407906426e-05
3.927303881997173951e-02
3.016665415056352106e-01
2.208656980199488751e-02
3.736968677298786734e-02
4.018592549847342932e-01
2.126025413031811806e-01
5.704564458118480119e-02
1.159753236694299888e-01
2.512903691032448636e-02
5.165299057164444291e-02
1.852381795880030449e-03
2.985029258205388891e-01
1.049273151844000579e-01
2.495356038991897729e-01
1.050100476866794724e-01
8.182368978560089490e-02
5.303751227354394637e-02
1.811832580924310210e-01
8.356368829519348479e-03
3.934214816080552901e-02
1.803029626128342666e-01
5.262907709011749313e-01
7.915828058307920745e-02
1.415465214058215238e-01
9.792441366987608697e-02
3.665560032086671027e-01
1.423572791904755691e-02
1.909586893125182414e-02
1.882504075965621970e-01
5.356381070300916258e-01
1.524021756129539384e-01
8.096698109353953066e-02
1.472786547568043225e-02
1.193519482720211133e-01
1.985930132943720117e-01
2.261765054055715762e-02
1.765953387081141968e-01
3.647736871924167623e-02
4.961373213381620184e-02
1.159753236694299888e-01
2.279560979131888265e-01
9.437970171701282052e-03
1.399774862161623848e-02
2.985029258205388891e-01
1.049273151844000579e-01
5.838960627113534696e-02
7.071509655850570508e-02
3.790255295893166232e-02
3.772203835437215602e-02
1.626287864662645521e-01
1.754977451327295601e-02
3.934214816080552901e-02
5.523243182564027132e-01
8.723063364941452402e-01
1.889729263082454147e-02
1.878343833964107312e-01
3.182022562182656444e-01
3.484019838302089278e-01
1.459555679189036143e-02
9.157476731739631892e-03
9.463836072027782820e-02
3.131919524758411399e-01
1.649373057832791839e-02
3.806216994362297823e-02
1.472786547568043225e-02
8.834144142800599842e-02
5.044305860940054287e-02
2.377654594668870969e-02
4.717528714916333077e-02
3.736545722851382367e-02
4.726140024464062922e-02
3.853237475568250386e-02
2.414343722851390039e-01
1.026452187568593910e-02
7.371795685620763372e-02
1.355165744436281350e-01
1.623190777006302266e-01
1.226971821323915440e-02
1.343806350329491417e-01
1.484586878632238038e-02
3.255069276014116442e-02
9.112690482747765053e-02
2.457966286627180086e-01
3.934214816080552901e-02
3.111267798053255484e-01
4.743871703710748067e-01
8.124050088052586771e-03
1.047177409025683847e-01
1.566447370634304059e-01
3.329108242781713134e-01
5.141300228670011435e-03
3.303478847176889721e-03
1.279330263743464202e-01
1.222864630894038573e-01
2.630174241637751043e-01
1.200814942970644394e-01
5.101735837303844612e-02
8.096239961678693142e-03
6.329822534182760752e-02
8.201413536120522388e-03
7.142885538477158902e-02
3.376036753278817415e-02
5.541305044609637354e-02
1.582085792786098455e-01
2.537685243196993179e-01
1.561033133736303147e-02
1.910067851306052056e-02
5.775503470033903353e-02
5.107027115315038168e-02
3.753811586160828856e-02
5.679819952665302041e-02
1.055713726560291998e-01
1.125210121307240740e-01
2.897533240564503232e-01
2.457966286627180086e-01
5.814857531297816517e-02
1.889849580570136522e-01
6.266023687428488032e-01
2.410905919061981026e-02
1.055614575715068948e-01
1.728759997936278603e-01
7.240698597040548523e-02
5.141300228670011435e-03
3.303478847176889721e-03
1.000453996479615526e-01
9.478812125876243111e-02
3.431990695538097991e-01
8.929169466456676751e-02
7.277323889919026789e-02
5.527741543299720395e-03
3.408124258125448669e-02
2.593692558222058728e-02
2.030576592100152289e-01
4.610283142534570000e-02
1.776989309973098230e-02
1.070772608743611881e-01
3.432093552593979968e-01
6.460495077720396218e-03
9.298149627850577081e-02
1.103142140624813194e-02
1.459059440648898323e-02
3.828190217283791719e-02
6.691494463836573925e-02
1.212699847542575982e-01
1.670508376932084149e-01
9.420455409617961573e-02
9.321874081925024536e-02
2.493505518735852911e-02
1.577818940919742396e-01
2.392720025442495180e-01
2.410905919061981026e-02
1.933493421294967263e-01
1.859084813656098067e-01
7.493664199888588895e-03
2.164122484987586123e-02
1.355260891152665174e-03
1.959610338190410639e-01
1.473603407912430496e-01
5.311308828564593743e-01
7.276815232913774745e-02
2.137556057567963075e-02
5.527741543299720395e-03
6.619628184853243447e-02
3.517236507679717683e-02
2.329083621669633397e-01
7.863752885316520336e-02
8.521204017744588022e-05
4.977119028473359075e-02
3.535199176857253267e-01
6.460495077720396218e-03
1.056117112930902713e-01
1.185551462186468230e-02
4.268598157477163091e-02
1.020553477235592588e-01
8.445822979984643486e-02
1.388503651237499303e-01
1.861962357325917805e-01
1.231314269214393714e-01
6.948668448154565747e-02
4.642447058308669938e-02
3.201058354039709730e-01
1.447964556972011763e-01
2.116857385256870061e-01
2.301191246336498630e-01
1.765264116592657750e-01
6.872793072540114845e-02
1.769059009416177469e-02
8.565130467444781459e-03
1.034136263531897082e-01
3.357736692835730508e-02
2.391529333353521192e-01
2.115184925605800570e-01
2.909928604369454996e-02
5.527741543299720395e-03
1.953732623725645129e-02
4.934434034807841374e-02
6.748290062396471445e-01
1.672212144628771116e-02
1.298892346809116249e-02
2.697164247160077286e-02
1.932910117226751268e-01
2.434080818733925372e-02
2.915398752523710724e-01
7.745400110893984474e-03
8.721152802038199120e-03
1.027430925450158045e-01
3.395775612337634947e-02
1.892619994225936964e-01
1.725884544369130080e-01
1.706481259716323418e-01
1.227006422188144097e-02
1.307869264860962166e-01
3.520598392879203953e-01
1.088894524197507319e-01
7.115010271356661531e-02
2.904710961212376708e-01
3.117021222333190011e-01
1.158179045905714522e-01
1.769059009416177469e-02
8.705925093654589067e-03
1.306645943860527126e-01
1.872195512040944476e-03
2.316629211229444263e-03
1.920621045874505717e-01
4.986154887321933571e-02
5.527741543299720395e-03
2.097632187839326007e-02
4.934434034807841374e-02
4.918030875328653906e-01
1.672212144628771116e-02
3.959260313057766378e-02
1.415522185351404671e-02
1.534892859580761770e-01
2.181968555935834969e-02
2.147754445607676921e-01
5.496765275636354697e-02
4.126636991642700092e-02
1.339443601860105804e-01
8.298287048361596696e-02
6.074564346535312603e-02
8.693861306643489717e-02
2.431611873619559105e-01
1.095932333788337924e-02
1.610552759663980427e-01
1.373013443244805176e-01
2.480211861157127773e-01
8.669323577563078920e-02
3.770032412025330903e-01
2.551231571298862022e-01
1.000115173786109701e-01
4.923003454668677115e-02
1.344896856665299574e-02
1.663485006522122112e-01
1.872195512040944476e-03
8.823080665449631321e-02
1.589950812851823048e-01
8.536401845711666381e-02
4.443011895851008142e-03
2.097632187839326007e-02
2.307410249624719523e-02
2.561238481362085873e-01
9.925102678217637142e-02
2.651917914470035623e-02
5.166220185397885079e-02
1.667458513650335039e-01
2.238054380837656288e-03
8.436795354542682424e-02
3.203429712347610758e-02
4.321338040254157908e-02
1.026833575958767675e-01
4.221080894098286351e-02
4.636062127262132598e-02
1.396275708593746612e-01
2.657412328346833164e-01
1.101912193257394285e-01
2.092453519216923297e-01
9.891987991815807957e-02
2.590131163926359115e-01
6.441321747473419124e-02
1.218310710862297030e-01
3.876323939665543561e-02
4.438473455181420751e-02
4.115510853591133889e-02
1.093141264344579394e-01
9.743345594984934022e-02
1.872195512040944476e-03
1.480290721613083393e-01
1.014828908019352049e-01
6.926534932147551671e-02
6.671305827002371736e-06
2.863589831487695775e-02
7.741906328059315612e-03
4.930919539793076067e-01
1.828015631622035286e-01
1.944148638586599975e-02
9.375758645534180979e-02
1.732929310173819126e-01
2.857763343595406957e-02
1.583795309300588608e-02
1.673666642547208538e-02
9.179054719046926547e-02
8.228176186908424394e-02
6.873465376466465770e-02
3.514251175699539820e-02
1.041440621485106022e-01
3.961328628733311596e-01
1.263263417875369332e-01
1.750411921874447663e-01
6.831858086109546258e-02
1.225785178187042135e-01
6.388333181514331549e-02
1.027832884067211155e-01
1.192834515827724540e-04
4.011158878540445338e-02
9.161340594921044134e-02
1.071056661263772719e-01
1.322818642400150346e-01
1.433344745319808933e-03
2.178965527792721055e-02
4.174513756114119345e-01
7.229963311624655609e-02
1.188617245507922471e-01
3.373739142258267570e-02
2.956533743726540153e-02
6.025984015060630306e-01
1.091204539734046686e-01
1.099152080495523556e-02
5.201335219326194692e-02
3.435430730560144474e-01
1.094918318133487056e-01
1.134572867379986250e-02
3.734032413405019568e-02
9.850627176978583865e-02
8.003524030192224470e-02
3.825926338223824275e-02
2.636697037966209689e-02
7.051184356992057367e-02
5.431398188469349630e-01
5.755688683100856906e-02
1.073413008799324331e-01
4.100835146466999537e-02
2.404906630421064784e-01
3.420121690654506080e-02
1.040768851718907317e-01
1.026777740470613022e-02
3.804220005775560409e-02
9.477085597809246920e-02
9.335353117322736649e-02
2.011548275448013789e-01
3.297604671436724089e-02
1.145511923909334207e-02
5.448655689264062518e-01
8.085787831663490688e-02
6.896275565271266228e-02
1.746244856162886272e-01
7.955016144616791629e-02
3.776506463047399897e-01
1.464526194586039110e-01
6.430902131649438025e-02
2.305741168642345962e-02
3.207538394136307813e-01
1.094918318133487056e-01
1.597482607852856312e-02
9.670409530690694117e-03
9.682257883236680684e-02
1.387385796669694527e-01
5.683573604536625024e-02
2.636697037966209689e-02
1.598860399707281998e-01
2.880898093888515366e-01
2.786621574078769481e-02
5.509699178770766093e-02
5.123528611252692322e-02
2.685330722510060331e-01
8.509854945510153534e-02
8.378837106562583847e-02
2.205977399367703429e-03
4.315381415498704271e-02
1.903316336711352030e-01
1.061266575310823718e-01
1.791276422034231985e-01
7.044895956823959970e-02
5.937314063699136724e-02
5.222760124003038573e-01
1.863206975407121976e-02
6.240677492441234347e-02
6.537269841559782690e-02
1.493356947992470485e-02
4.517247475087508568e-01
1.490953243677742290e-01
1.512873628624762656e-02
6.450990960469316082e-02
4.919145709526281385e-01
1.200034507044010629e-01
1.138434516894072657e-01
1.317302949715309923e-02
1.425502404019482472e-01
1.245060435520624897e-01
4.277815191963979524e-02
2.633985864092701010e-02
2.151710139379269249e-01
1.126629705222577937e-01
1.030069988619703447e-01
2.039344883477816478e-02
6.498217668309985706e-02
3.147483622587515795e-01
2.718107467753137496e-01
1.309765243933733170e-01
6.385411893514145176e-03
4.711434244312152630e-01
2.241659815426356728e-01
1.547066062098302885e-01
1.362889498634313190e-01
7.693573184875274196e-02
9.402433733380097247e-02
3.501864761483043376e-01
8.640547099061907099e-02
3.656564891176751486e-02
8.314344225424361023e-03
1.492987030328474934e-02
3.572454435268612727e-01
1.877938246832081270e-01
9.747467807641962967e-03
2.716514527538044232e-02
4.780915577522939497e-01
9.144140054352296876e-02
1.083011503058106395e-01
8.725388545544360275e-02
2.187933262895169761e-01
1.125196519935272588e-01
8.014234261522262814e-02
4.245956259953614226e-02
1.714778145174374324e-01
5.351470941710158302e-02
5.045917995535015299e-02
2.213045898701401087e-02
9.370214522609623953e-02
1.777583073010242376e-01
1.589375299155467158e-01
1.883069456367180428e-01
8.949447929569653154e-03
2.372860146585031305e-01
1.578290244325468439e-01
1.774907650577182139e-01
1.338741908662848257e-01
7.861256841870264966e-02
9.402433733380097247e-02
2.177397142227882609e-01
1.288907886946646375e-01
3.086406052995994617e-02
1.973526940293108406e-02
7.440923778476216111e-03
5.733807343524152111e-01
3.365475678810925242e-01
1.081937403588685218e-02
3.346049610901927901e-02
5.429597071744265424e-01
6.587075559527430513e-02
1.129578991050071146e-01
7.530442368493574234e-02
9.398796414086890705e-02
8.879270129182902094e-02
1.315797583396657866e-02
1.143381813978736061e-01
5.001244017544109050e-02
9.646319670497710552e-02
2.854461847540479269e-02
2.406791132996615595e-02
7.746277608772274281e-02
1.663677960080818252e-01
2.211064850900672230e-01
2.397700577672844391e-01
1.442844816059339619e-02
1.243392273216953892e-01
1.622457734319108780e-01
8.330236149661440770e-02
2.178753482609117331e-01
8.440565263572691324e-02
2.680981822633626832e-03
2.570449148284953411e-01
2.756217977846405209e-01
5.159224956569211790e-02
6.344387841736243150e-02
7.102022524909448742e-02
4.087248451972244623e-01
3.483962900249232275e-01
1.070806552189232028e-02
3.346049610901927901e-02
5.474907676158432546e-01
1.157447742093252463e-02
9.295335776403826356e-02
3.249432906034794427e-02
1.494291851839842922e-01
2.230712655565736391e-03
5.385795676198450177e-02
8.657412129356606423e-02
5.253775200796260980e-02
1.186522498462349862e-01
3.058736739687582806e-02
2.861368465093875463e-02
2.261789197840989862e-01
6.041280425429015888e-02
1.617376740389461776e-01
1.736116001594006364e-01
1.445598078236219053e-01
2.404270753822945195e-01
1.053296559454339892e-01
1.101463449653805604e-01
9.257628336358680876e-02
8.781350280693211996e-02
2.782169331333860657e-04
1.019684922435085961e-01
1.511838329632491651e-01
2.533963544061072770e-02
5.709585391563046231e-02
8.334065130863885229e-02
2.390397569443059589e-01
5.667642291216901107e-01
1.360124736674076656e-03
1.074855282979687854e-02
5.490117777635076246e-01
4.677379470596278177e-02
5.511957665457578592e-02
3.561949205233794213e-02
1.080375596270416599e-01
2.196142246782156748e-02
1.145656478988241189e-02
6.439879059984937593e-02
1.449108980363606469e-01
6.854034144460074973e-02
1.080742354520203286e-02
2.861368465093875463e-02
2.044431739361883826e-01
5.788236732697969733e-02
1.810006353841343008e-01
2.377096126424410594e-02
1.052324865132297088e-01
3.649907000125804379e-01
1.828640410050855203e-01
2.202277019535334168e-02
5.710337112630121947e-02
5.434320381318220872e-02
1.043854523243545676e-02
1.326264584166104987e-01
1.237720740739669534e-01
2.494766286096972152e-02
5.468887493628112745e-02
1.949877001907956986e-02
7.341843135584731617e-02
4.016393868362714836e-01
6.246634848856479072e-02
1.242707629671263754e-02
1.969041020320811131e-01
5.334891848379162693e-02
3.389021152681064714e-02
1.761306344742333829e-01
1.100108470508184139e-01
2.226483243389579258e-02
2.302505453959393864e-02
8.250420096122781932e-02
1.560712919820238243e-01
9.754995785200326619e-02
2.031183934900296015e-02
6.235666623793142960e-03
2.114179848551858143e-01
8.715026494068627005e-02
2.274281400705167600e-01
2.858019234774932665e-02
1.545775628354786324e-01
2.627873534125198529e-01
2.034618291470581541e-01
2.079544563755583372e-02
6.526808220870669586e-02
4.497753338744711615e-02
5.001439159503497101e-03
2.938143564515824369e-02
6.343320620646358821e-02
9.064484690050267357e-02
7.465345113869263638e-02
2.174829442197745433e-02
3.032811878387938753e-01
1.821113148304500662e-01
4.772161758552433825e-02
9.271060441913610978e-04
3.831001227993170444e-01
1.052593369167913323e-01
6.843641588298038370e-02
8.845446046357643977e-02
1.396766301833543833e-01
5.475131575459462469e-03
3.804759429735911358e-02
7.791637248208321820e-02
1.570115213703705478e-02
1.574439404424326505e-01
1.285885642397934792e-01
1.346568977215705475e-02
1.132510719841369334e-01
4.487015390118437308e-02
2.266692095520071171e-01
2.732182933121441934e-02
1.545775628354786324e-01
2.186852318263823591e-01
3.599528475273837680e-01
1.826757994795986939e-02
3.655650806669671904e-02
2.261732465547387078e-02
1.345992448857607181e-02
1.245453795581098061e-01
5.372961816315380973e-02
4.178875843108674493e-02
8.656136324796009918e-02
1.664250545821853444e-02
3.135836834694508690e-01
2.661124763075392030e-01
9.310522684649262526e-03
1.813300704659959184e-02
2.856303223581345141e-01
1.867803299253159299e-01
1.982303158241355279e-01
4.396354701620269756e-02
1.538862499385964255e-01
7.907123926762099630e-04
3.088161300751423588e-01
6.160620505037311956e-02
1.546286623784463334e-02
3.199683091321940398e-01
1.510815143593695065e-01
6.247104433732462297e-02
1.249912036304137719e-01
1.727453918905137026e-02
9.580153076839548199e-02
5.857617790036820371e-02
1.683860759668617813e-01
1.610435494263768585e-01
3.994498745414714058e-01
4.797544108201901025e-02
4.526095163148213807e-02
1.157554123898703324e-02
1.630106304847503684e-01
2.163179955419145539e-01
1.041897902804269915e-01
1.887912713282587085e-02
6.896797358581077675e-02
2.499499531553272744e-02
4.736220851113236430e-01
1.640964361081997391e-01
9.908876419939751864e-03
3.627267450111706926e-02
1.177962309626117005e-01
1.393787324070700773e-01
1.355611950271343180e-01
9.542285056998392467e-02
2.082036603263689722e-01
4.266121982750949171e-02
4.137248781427561029e-01
6.846725286342864036e-02
8.736536648722485754e-02
6.714616344818480353e-01
2.607819562470936603e-01
2.001217381734055750e-02
1.545534439169881091e-01
1.639333679448191916e-02
1.193174468768090773e-01
5.981453963521672634e-02
1.105503483442450419e-01
1.610435494263768585e-01
1.741852543271635578e-01
4.211818592000841910e-02
6.522623312894731962e-02
3.341006383975660132e-02
1.751102076292781473e-01
4.177191865435241069e-02
2.694144107650441322e-01
2.148277816205007573e-01
8.277267102029368939e-02
2.499801202712655449e-02
1.530121964393058864e-01
1.330304219385460007e-01
1.685394214574306715e-02
6.400903183089048931e-02
1.389924104018978590e-01
1.381707683765866779e-01
5.800331348334123588e-02
3.641344216876263307e-02
4.329959551839666632e-01
8.416204785832855084e-02
3.359725467770171004e-01
9.812300196621975834e-02
2.037907322178950098e-01
3.912013426851749243e-01
1.550277557787977933e-01
2.314795313361701218e-02
1.621908270445256706e-01
1.667607433328851807e-01
1.493260131323221607e-01
8.448061764165115672e-02
1.150652015326983496e-01
1.140109510847442387e-02
2.546382782773913833e-01
8.213521130243708890e-02
1.781027208547210361e-01
3.318571280791911271e-02
1.791643575813851030e-01
1.730953160691362236e-01
3.745277798840097594e-01
2.785028083576527314e-01
1.603302246877184312e-01
5.354903076552075536e-02
2.645792124534970258e-01
1.345169284309223057e-01
1.158060455817244011e-02
2.783722573138077555e-02
1.195315355817450076e-01
2.715451984864588608e-01
8.774563849322571107e-02
7.587172863995221561e-02
1.630317927908883635e-01
1.731693405186686685e-01
4.942344237106235383e-01
4.819133196326419455e-02
2.110326936075131721e-01
3.555565543942432738e-01
1.440752694585245020e-01
3.064954026163885237e-02
1.724578372204337851e-01
1.346273258001371154e-01
2.305057668439478014e-02
3.814585773864765522e-02
1.225583278105518842e-01
1.489509440383178507e-02
1.923309642367796168e-01
1.207449495493909536e-01
9.323872482668582595e-03
2.502864207746023292e-02
1.645297171088628829e-01
3.697682207190139403e-02
1.711734976967013155e-01
3.683977107258230022e-01
1.163417107986675497e-01
7.751769752028633831e-02
1.859544976617291956e-01
9.900729244947570340e-02
7.105915797587683547e-02
4.627699657554285029e-02
3.320530494670881350e-02
1.612435701755434159e-01
3.134042798712793898e-02
6.698197477818824963e-02
2.615931300439472418e-01
1.684114997189623264e-01
4.766039987097589470e-01
4.623269744535806608e-02
1.143692805346613051e-01
3.977316414589530669e-01
2.108836123280412589e-01
3.651014667049584661e-02
2.019184562181866038e-01
1.273694819989177607e-01
3.170071817025903876e-02
2.253629570188341036e-02
1.863606644802605627e-01
2.961359780064652669e-02
4.486158944673253601e-01
1.248251970113213871e-01
7.168858396412815942e-03
1.857966566442406653e-02
2.079693026633513686e-01
3.434307391980795376e-02
1.883683351249532956e-01
1.967951012065004557e-01
3.309890820806615785e-02
4.366106280807330320e-02
6.776442789801258304e-02
1.730798264356903371e-01
1.115042741609728466e-01
4.859549839027507701e-02
5.771954702795649428e-02
2.393381165390040255e-01
5.432739284716973753e-03
1.033617697290709070e-02
4.662209002284439796e-01
3.362405160637773061e-01
2.913962232872669422e-01
2.063438109318518898e-02
1.144128728971332831e-01
3.137165739092739880e-01
2.239964462104760412e-01
2.013035669861783922e-02
4.508414990445841486e-01
1.160606013381832169e-01
1.773365485431457542e-02
2.227361768329700481e-02
1.859594808138318733e-01
2.961359780064652669e-02
4.919179966804432258e-01
1.088385346420597116e-01
1.921280456471454179e-01
3.350671609689201413e-02
1.726173684901440297e-01
3.424500661325943773e-02
1.589197424091425559e-01
2.297223288954239329e-02
3.602242917370163111e-02
5.092250727715773306e-02
9.419452000297387495e-02
2.239713449735181161e-01
4.474016182444341683e-03
1.301533200394069945e-02
6.159106225322643485e-02
2.295571212481465340e-01
2.064601741659628092e-02
4.594555561008747957e-02
2.770574418701474695e-01
2.041228480339741247e-01
1.992452797748670013e-01
1.397211240235246010e-01
2.012718984104173992e-02
2.950908585281411534e-01
2.639475400250588244e-01
2.150691260520934400e-02
4.498755961464533382e-01
4.277092844329141719e-02
1.350096479658394882e-02
3.812055497603191595e-02
2.062214325246440050e-01
3.313950769947486552e-02
9.191103857293667634e-01
3.235806801349164208e-02
2.302720880432577444e-01
1.040061113644780676e-02
2.344067895028237314e-01
3.694102538992052875e-02
4.677875811956180158e-02
7.933974371147402282e-02
9.548823680982004847e-03
6.450552665235420591e-03
9.386581915766847861e-02
2.200411478488454586e-01
7.559333830759754069e-03
2.414326781617684436e-01
1.302862368285334360e-01
1.488741635413401987e-01
2.568126965127697989e-02
1.557243815341336768e-01
2.931485136431862260e-01
1.870143796271650505e-01
3.010833832107298602e-01
6.090799298866377692e-02
3.164573953438028220e-02
3.931789219324993701e-01
2.488661171170511721e-01
1.912095026241397711e-02
3.684457573244476758e-01
3.099872103046794752e-02
6.784018729905469391e-02
3.051067203317539556e-02
2.106969359413769505e-01
6.418647550127111467e-02
5.102906815671756080e-01
2.527184019375931442e-02
2.063754777187909728e-01
8.833106266172896515e-03
2.991776509201670708e-01
1.472198319173272929e-01
2.493153471758019490e-02
1.043678614296580376e-01
1.323206371265728543e-01
6.340158060717354660e-02
3.908011097648295129e-03
3.573399506074673160e-02
1.817508543588989833e-01
2.507044030142600022e-01
2.824409582219402637e-01
1.002031994478945059e-01
1.303974515330607042e-01
2.350780369509164469e-01
3.947621320588305949e-01
2.297503528284929875e-01
1.854485103305431593e-01
5.991561831443788927e-02
1.003424786374440547e-03
3.356707068617494072e-02
2.362663565835661506e-01
9.344621892372499683e-02
4.010398009755728466e-01
1.151586993965257877e-01
4.869646661228485551e-02
1.092268116703045133e-01
8.517732279122097738e-02
9.388858773277360126e-02
5.102906815671756080e-01
4.247835999674970386e-02
3.097923201873342691e-01
2.451159111545476998e-01
2.417124271941822333e-01
7.614252188543353672e-02
5.656472695917215410e-02
9.311994982576199398e-02
4.110646845942073080e-02
1.537119846706460902e-01
3.908011097648295129e-03
2.072964018211184700e-02
2.407573530794617500e-01
2.087398224046421169e-01
4.193124626377062181e-01
8.083885199964774282e-02
4.548321187407589061e-02
1.647443540241551874e-01
4.197378529408959391e-01
2.616414641491068283e-01
1.767619945697201655e-01
7.907595044624397829e-02
1.003424786374440547e-03
1.673411062761359924e-01
1.724033778169718409e-02
1.633211899787202215e-01
1.960828134532373868e-01
6.216229474468727700e-02
1.440015496013530294e-01
3.682728884589281382e-02
6.381323535357021071e-02
6.619960255635645718e-02
3.012233516796395949e-01
8.948886112481986566e-02
3.849053670592637033e-01
1.678019540682025856e-01
1.543121261283763868e-01
3.050452477885941260e-03
7.737031492183123367e-03
8.821392999153292169e-02
4.953267041538609444e-02
5.296474379050680054e-02
3.349960703697640874e-02
5.406856252738755086e-03
3.754271133528464671e-02
1.178245653505904794e-01
2.839290352888682589e-01
3.386113547844575855e-01
1.787691532071590816e-01
1.885282941484042740e-02
3.848005782464577473e-01
2.187498269871936130e-01
3.477741081240989796e-01
1.490734261159037122e-01
1.672351478428458832e-03
1.796022296259873752e-01
1.997067500129625361e-01
3.371253468788269758e-02
2.978209577806210095e-01
1.557507073300181677e-01
6.072665724657749786e-02
3.286894676473223198e-02
5.249804839564547326e-02
1.037332909047454510e-02
2.470093901205248910e-01
1.397842278738701399e-02
3.486438132949055135e-01
4.212329657293156782e-01
7.824525044783148253e-03
3.050452477885941260e-03
7.737031492183123367e-03
1.130812038105638434e-01
1.527568668260259610e-01
1.250944371595785753e-01
9.398757747412794794e-02
5.438239453988595942e-04
8.914652210731077719e-02
4.261473722730162172e-02
1.028034762290566118e-01
1.697315897661378914e-01
1.252127550981915194e-01
2.188139942027866880e-02
3.312410900360703847e-01
2.808992172361719497e-01
1.258425254061464327e-01
1.841425201400114231e-01
8.141832667115798255e-03
2.071424652848515846e-01
1.997067500129625361e-01
3.371253468788269758e-02
4.867062315033032771e-01
1.584623890165739457e-01
2.803948914998074526e-01
1.080184060869200935e-01
9.974677681277935304e-02
1.592677307705536727e-02
1.845201993791216188e-01
1.397842278738701399e-02
1.969529453021436893e-01
3.544339069691995192e-01
3.189991539993940195e-02
2.493656080251116514e-02
6.042112954602846947e-02
1.621310108560236607e-02
3.080930307710776084e-02
6.223340280140685077e-02
9.398757747412794794e-02
1.310565086007312585e-01
5.866261709439565819e-02
3.668637987844303866e-02
1.123877135633492563e-01
1.325888484478017215e-01
1.501867637429857016e-01
3.080329398264408658e-02
4.668002252503236638e-01
1.651870296995990861e-01
3.336710915724836607e-02
1.396323051533907567e-01
4.738815252308720832e-02
2.384796456669451004e-01
2.028431824931464511e-01
1.292748453010456045e-01
3.973640183671902637e-01
2.392193387336055410e-01
1.972280754102296030e-01
1.189393502348262133e-01
1.050443812384209696e-01
9.351619199189058207e-02
2.674423051737588319e-01
6.457215935642821036e-02
2.140233675104583899e-01
4.121360486332403261e-01
5.690941182639056017e-02
3.807285005098337560e-02
3.865110379872312152e-02
4.170111986233344947e-02
1.543131579873223240e-02
6.574391052957172243e-02
1.033388743623341183e-01
1.080026451308236796e-01
5.582851210116208940e-02
4.756980245321931755e-02
7.973620476970837145e-02
1.125328222729159167e-01
1.213842244735972575e-01
8.492726836635122734e-02
6.155947010433443500e-01
1.288914160472905968e-01
1.857049341159349998e-01
8.442352210621960340e-02
2.694469488306291960e-02
1.781748939205154147e-01
1.897721534921845143e-01
1.519641860381341636e-01
1.923318664082648843e-01
1.643058221088330717e-01
1.631431390189038988e-01
1.014687255468159771e-01
1.283545090074783013e-01
1.564229464823821691e-01
1.512513947873361242e-01
2.126683122250237756e-02
1.458532010942269752e-01
9.192570517449919487e-01
7.077157835966237098e-02
6.022725172041867858e-02
1.662773614232783068e-02
4.386730336960309451e-02
7.543156496727644600e-02
6.574391052957172243e-02
8.770767179050778517e-02
9.761178330588272944e-02
1.626625998286832520e-01
6.485339918027013817e-02
2.442924919689691901e-02
6.564212092545920751e-02
8.142690575022534794e-02
7.120093613777814245e-04
4.780780508319327771e-01
2.451202044794966173e-01
1.987437924681321189e-01
5.455293143749481710e-02
3.403101427660705502e-02
4.157460921535134357e-01
2.780347798489379851e-01
5.415065490572787410e-02
1.424898473974221536e-01
1.620423542143137885e-01
1.462652185715537512e-01
1.705285168485201064e-01
6.128950929882608090e-02
2.035045488497821409e-01
2.273623050976582294e-01
9.406474397465960924e-03
1.432760844401686495e-01
5.918160104182186299e-01
9.826491218691221080e-03
5.297311752701601428e-02
7.275200928290906366e-02
3.347645252145592387e-03
2.623237541491224567e-02
1.280909038682997991e-03
9.244450104961569881e-02
5.560860995168683679e-02
2.129614060653786667e-01
1.566502111815920861e-01
1.822342739931984423e-01
2.270039195445872071e-02
8.527580950013426142e-02
4.939762791698654176e-02
2.747054523338151033e-01
2.843000993718709513e-01
1.496728463704767309e-01
4.251527079550729282e-02
4.926760158129941947e-02
2.259586829177509248e-01
3.162586551111885580e-01
6.847543857811765056e-02
8.780924710354838514e-02
1.575565610155083562e-01
2.877922039665303799e-03
1.174778827214154747e-01
5.026419555556005392e-02
1.649028933551634768e-01
2.252761135046794372e-01
1.166874615306921353e-01
1.301879832050044095e-01
9.652207846640696864e-01
8.679706314372639953e-02
5.441419422609235224e-02
5.855595904892707537e-03
1.737800473188289285e-01
1.431595320824410877e-01
3.966806485216003292e-02
5.294611446871026056e-02
9.213385952243513533e-02
1.974647031136669006e-01
2.024028813593740095e-01
3.207223101401784349e-01
2.270039195445872071e-02
7.553092155233998017e-02
3.498722245304641820e-02
2.837855517675117456e-01
3.092281027078657152e-01
1.188373442654500761e-01
1.133734021373382361e-02
3.741146704015332891e-02
2.904847344500922079e-01
2.110154507450887063e-01
4.455314236229026420e-02
7.486316733319585415e-03
4.798658559133626295e-02
6.307368426514597948e-02
1.358511498249915517e-01
3.334476169473026691e-02
1.542389325968054059e-01
9.777723375854929788e-02
1.089918285631625849e-01
3.248031553136807581e-01
3.237902138323005552e-01
7.158410626910541308e-02
8.586710148767105755e-02
2.111459751429836662e-02
1.535273509215890342e-01
1.043533948330048755e-01
8.396132489865065773e-02
1.346427788719469221e-01
2.304404457766667802e-03
5.603945927381733805e-01
4.133421800564840431e-02
2.246549367938589503e-01
2.270039195445872071e-02
1.324273482180906569e-01
1.224039758569202552e-01
2.126918536001391469e-01
3.995955501871045756e-01
9.152857497625695171e-02
8.375753274047674501e-02
5.788822946740623115e-02
2.632727578437197291e-01
1.163993714445876182e-01
9.035463355767242577e-04
1.316351498326203961e-01
5.490328666637677574e-02
6.606487112083739288e-02
1.309260523532984333e-01
6.050232997092769467e-03
8.284540213692052901e-02
1.086065822045529095e-01
1.910709315188294233e-01
1.698884645231178436e-01
2.761788961270683629e-01
8.494553309890698345e-03
1.632320951393552155e-01
6.921437204058189518e-03
1.284298308536102051e-01
1.771801866221077715e-01
5.371666415166292952e-02
1.791646126636422809e-01
4.735810968137793564e-02
3.352876583754695328e-01
9.745185404983983113e-02
4.312414056231225201e-01
6.650030780246002360e-02
1.452498572956915923e-01
6.435807778556397463e-02
5.323821123121480481e-01
2.339164482614665697e-01
3.371946977123939371e-02
4.888696738003073250e-03
4.416892540107152793e-02
2.236039154397747031e-01
9.608746196062652178e-02
1.695035750106139646e-03
1.874114460960156492e-01
3.140647565380599859e-02
1.782989776168567714e-02
1.113877252451597050e-01
1.441159099085348450e-03
8.690198643709264037e-02
1.167860141820294545e-01
3.452890225394915635e-01
3.349083508619548066e-01
1.651160872128541457e-01
8.494553309890698345e-03
1.638521074093245156e-01
9.691779274098227814e-02
1.451917342959514468e-01
7.922061720443976385e-02
6.995860130062162008e-04
4.443558869911753278e-02
3.210785417363155869e-02
4.320558960281164484e-01
6.537923839025357176e-02
4.226128235377004660e-01
6.565839522312708065e-02
2.139754406881692328e-01
1.031132292262343375e-03
5.341904613193819706e-01
3.124730646278086610e-01
6.897028170356325760e-02
1.897159677160915187e-02
6.383241207354367619e-02
2.010628013918877577e-01
5.809750588798361093e-02
9.690498740827624413e-02
3.498589235692863286e-01
3.140647565380599859e-02
6.333393218034372163e-02
7.212637868702739818e-02
1.441159099085348450e-03
9.326276773426372957e-02
1.349959275152213256e-01
2.648500758989333903e-01
2.704257151472982956e-01
1.096944325320035607e-01
8.494553309890698345e-03
1.790210378753285259e-01
1.249993951138157755e-01
4.277888362809628697e-02
7.047016940697879706e-02
2.344197885184930857e-02
1.142731139949926950e-02
1.474684819446777373e-01
3.906385281855730973e-01
3.757446452146938343e-02
3.798166469327021733e-01
7.098006152758140619e-02
1.485805047691341751e-01
4.486377598944969042e-02
1.144982374951550586e-01
2.869005557413086271e-01
3.751745044985978217e-02
1.147326699125340160e-02
5.592133295168726786e-02
1.475447436761001263e-01
6.558949123633509015e-02
9.690498740827624413e-02
2.315820628985543195e-01
2.415107361151947601e-02
2.225108165251933612e-02
9.692688679949756914e-02
2.098565567267892534e-02
2.357161805095875640e-01
1.774237291036806774e-01
6.363866803485103418e-02
1.107372304504943006e-01
1.281991154852502868e-01
4.215944700789679700e-02
5.015270223616295070e-02
1.409200145946111205e-01
3.848382321200358169e-02
1.154378682536991579e-01
1.282257528128336044e-02
4.620151149599169282e-02
1.001452719145768805e-01
2.378706894356534818e-01
3.757446452146938343e-02
4.167951008995762763e-01
5.429972889265416436e-02
2.332189504149620451e-02
9.970021658714303681e-02
5.967456561811504412e-02
2.291854738909218647e-01
6.126693949764699942e-03
1.847227867485770614e-03
3.668787912143417485e-02
1.973244065713017359e-03
6.251963130665075252e-03
1.260413902990026314e-01
2.011698290681528944e-01
9.115293512122041308e-02
5.123753176564977904e-03
7.546137540502975694e-02
4.295725332758691672e-02
1.660374875974755249e-01
9.416276782659115108e-02
1.476770296765990143e-01
7.861388164019045277e-02
2.468705217709163957e-01
7.393899914137530560e-02
2.366357605406424480e-02
3.407061234541254591e-02
2.014660566231866734e-01
1.169864818786374439e-01
1.282257528128336044e-02
8.796762628409551810e-02
1.053165399725264906e-01
8.983235379763619688e-02
8.093485285155324616e-02
4.979878902609012337e-01
7.820846712078502461e-02
3.809639370985686696e-02
1.360099379907081518e-02
1.276411903084779392e-02
2.528723542651458156e-01
6.126693949764699942e-03
5.132677107401412142e-02
1.049743927039635538e-01
7.298064026056844122e-03
6.251963130665075252e-03
3.317155351118890039e-01
6.469344222444176062e-02
2.770185976669431449e-02
5.123753176564977904e-03
1.078351203849415574e-01
2.108207980990689512e-02
1.044535022249079848e-01
2.073429866258186260e-02
4.800912894554407867e-02
1.800838924859633761e-02
3.364950935037074320e-01
1.702486473816539891e-01
5.773722528524403985e-02
1.300502264909896011e-01
1.476381337707098063e-01
1.301325785979639549e-01
1.282257528128336044e-02
6.709593961480586621e-02
2.043244646032436329e-01
5.626797123156266484e-02
1.053524749462161625e-01
4.762224756509212953e-01
5.016516334115448533e-02
2.205549343453213906e-01
1.294821078916982005e-01
4.965218175798445654e-02
2.249306397773819521e-01
1.080365576090537016e-01
1.145946550232749411e-01
1.049743927039635538e-01
1.175036607638291208e-02
1.936626845938817926e-02
3.990903489623441325e-01
2.137646243898445875e-02
9.067569235633312491e-03
4.521588698615519597e-04
1.035013659856241219e-01
1.959159613627420582e-01
1.290506163264315553e-03
4.547242174806431780e-02
7.307799037352097349e-02
2.033741961259493206e-02
3.501820811427841518e-01
6.738198215445121431e-01
6.315952356636544973e-02
1.446391130890732901e-01
1.231489126357939168e-01
1.091176581224514441e-01
3.773913775313014057e-02
5.790774730371942014e-03
3.573094009369075508e-01
1.239460534633525929e-01
1.053524749462161625e-01
4.813261329890418105e-01
5.925780384023933423e-02
4.641539881405598589e-01
1.621160450741340187e-01
5.528504481498461298e-02
9.302406128165202626e-02
5.848473021371725089e-02
1.956402340557411579e-01
1.485892036463831167e-01
5.039786478769686662e-02
4.061752295516884992e-02
1.582678173269310429e-01
3.359408382395629583e-02
2.192188848153876421e-03
4.521588698615519597e-04
9.423651486207265671e-02
2.993027188834307406e-01
1.078983100575965776e-01
3.342470060985509861e-02
9.772598983403482653e-02
3.249109947717954833e-02
3.696278524695895129e-03
4.774981160261655422e-01
1.243842482105746161e-01
4.302693619380405510e-01
1.742353122251630582e-01
1.121868488981854761e-01
6.770220322791567491e-02
2.303172793302298293e-01
3.243738704198246836e-01
7.014642990313407767e-02
1.247250488304929433e-01
3.890913738520739851e-01
1.901131705264952898e-01
6.615547561989965075e-01
4.484740929023449674e-01
2.322886698452430315e-02
4.704664740588001409e-02
6.230712259735787795e-02
3.174355843970889102e-01
3.599473618727956903e-01
5.695814514913570548e-02
2.823655492452267768e-03
6.977649704547048137e-02
4.720938857561986918e-02
2.192188848153876421e-03
4.348372917598331000e-02
9.423651486207265671e-02
2.657962056186244926e-01
6.532412940268816914e-02
1.638411299876736671e-02
2.875511000719868648e-02
9.263371746660326034e-02
2.309145764177622517e-02
5.494441783769036247e-01
6.671630610827644636e-02
3.299962544795148611e-01
2.163653833940727134e-01
2.982565671757207021e-02
1.200217325478485642e-01
3.410575323367333045e-01
1.584913298143097449e-01
3.365699598901909784e-02
6.970006418269233950e-02
3.734019492297417919e-01
6.613612393380130516e-02
2.848236558680978803e-01
6.763161416022673844e-01
6.404915251692205880e-03
6.445845883889161909e-02
9.090424963136434222e-02
1.603853984922644915e-01
3.279026648591186199e-01
2.178763878978556834e-02
3.669668525502134404e-02
6.563531176027537217e-03
1.907262079303691515e-01
7.667504992524599300e-03
1.127808163517525358e-01
9.472534076212850429e-02
3.467514979581190482e-01
2.494942969608212047e-01
1.838765035535891434e-02
8.211342190736883873e-02
7.840428263388762864e-02
2.074794155941177276e-01
2.795950944995834742e-01
7.809338113906283407e-02
1.860081037007100258e-01
3.650019773318717853e-01
7.095548061053630340e-02
3.049008661533375575e-02
4.242207663816123242e-01
1.637567454726428784e-01
4.006607561991307881e-02
7.223667864435148744e-02
3.852649553746189670e-01
2.220494917271654267e-01
1.579754944819718177e-01
2.432904797635679350e-01
1.587374682006596760e-01
9.463184691835981044e-02
3.678582858742688450e-02
2.073959138378256295e-02
5.875575732959580355e-01
3.376486686394612746e-03
3.669668525502134404e-02
3.857079744180365311e-02
1.914609512958978521e-01
2.936262213755247430e-02
1.203680413020330811e-02
2.329505013296429006e-02
3.337758837902386477e-01
1.521655159696451987e-01
7.344713237720953969e-02
7.913230258257250571e-02
7.453201179698608347e-02
3.809457045841024847e-02
6.687651215695933349e-02
1.404454998544423794e-01
1.457690010723510510e-01
1.708787728954508367e-01
9.260099674766954225e-02
3.049008661533375575e-02
3.775408476613033026e-01
1.846634697969545824e-02
8.248658062417900394e-02
9.930657571717266263e-03
5.261238893554180951e-01
1.587439203588138226e-01
1.406160802262942100e-01
1.205331832825209393e-01
2.125076656606447179e-01
2.923453956014450406e-02
4.168217750987254777e-02
3.666429412550994277e-02
2.633605124818936272e-01
3.224849923904962723e-02
6.701511581966754227e-02
4.117515469875931977e-03
3.212005444636439333e-01
1.310830636300172325e-01
9.837482963467043817e-02
8.925465202064303272e-02
1.498023229798893241e-01
1.521655159696451987e-01
3.651101733810761807e-02
4.086789504506620208e-02
3.812273722561462103e-02
7.629594497032177181e-02
9.179530822914772070e-02
1.137434432407355700e-01
1.931017788880864394e-01
1.410684312640253235e-01
1.446867346849053937e-01
6.326289057290551687e-02
2.903391596684082310e-01
1.657398603407948534e-01
1.583588899033818165e-01
4.061753069793776205e-02
3.942231597140917754e-01
1.605290126867502665e-01
1.858379099086381880e-01
5.373909218285941036e-02
2.785963535973696725e-01
7.421130220547084155e-02
8.075161522842248807e-02
1.660170632550606318e-01
2.898001591739680083e-01
2.915381539448098913e-02
1.506760652810662515e-02
1.188931358048395462e-02
4.396535618833483094e-01
1.533770428389386042e-02
6.941019096688332002e-02
1.884924054996597320e-01
1.175552102974758428e-01
1.772565237949466077e-01
6.905533693952523033e-02
3.755063676289539798e-02
3.139916737481843190e-02
1.365130966109956157e-01
9.141041492096498022e-02
1.066120497300690473e-02
2.051791440597952598e-01
9.316770398116129559e-02
1.671066073598194701e-01
9.795645632997303232e-02
2.326438730468900762e-01
1.657398603407948534e-01
3.236202679576148933e-01
4.484233654772463301e-02
2.616008370325658694e-01
3.304211823756525446e-01
1.690262582059521013e-01
7.518142411915781920e-02
3.000784832825971193e-01
1.509841310429757000e-01
8.075161522842248807e-02
1.077865271922268803e-01
3.842672991047624276e-01
6.115099976687467936e-02
9.123503834498378207e-03
1.601396572127070095e-02
5.042178673825465918e-01
8.158797481346757863e-02
6.472468865824604345e-02
1.941537233837268839e-01
5.592402010159525094e-02
1.879771979931495751e-01
2.370499248447244245e-01
6.417639480732083290e-02
2.405319575726624221e-02
3.746602690768632837e-02
6.776802918931831843e-02
1.754891544580932383e-01
3.416635887581657705e-01
2.698488821182534747e-02
3.566177973100523313e-02
9.693087825379877176e-02
2.111290920214535238e-01
2.131199015992069068e-02
3.834979766288556524e-01
6.846755864113082679e-03
1.962856687666045818e-01
2.556751275611576224e-01
1.424234997491534149e-01
2.054450444324198155e-01
1.432706142075463318e-01
1.347743371677079249e-01
1.117859809582692349e-01
1.128308118532403426e-01
3.150272366716024841e-01
4.683550947274596477e-02
9.649905358025401281e-04
4.760799946208867789e-03
2.288532989913647508e-01
3.481217439365336119e-02
9.170794739194196299e-02
9.304188016614030332e-02
5.390250410438512246e-02
4.282631496802885573e-03
2.370902116183823405e-01
3.956909031004970934e-02
8.783816744017847178e-02
6.994293771267079407e-02
7.718085818984060653e-02
2.345916947605375669e-01
5.163229561296764913e-01
1.434719532277662635e-01
8.329903746106342988e-03
8.834772069499591263e-02
1.936786116914396838e-01
1.209606115164844897e-03
4.201152193536220047e-01
1.061474728857151884e-01
3.291870554917761815e-01
8.331398578222609652e-02
1.577954250564558847e-01
2.168556157192099709e-01
1.336679374964490907e-01
2.458775367841029291e-01
1.099555900802579589e-01
7.235767693433572956e-02
2.658720772568582968e-01
2.115045529261429594e-02
5.123124390657093213e-02
6.680223906728036121e-02
1.783742418371652427e-01
1.545924107974765149e-01
3.445110121560285288e-02
6.911406281710619215e-02
1.043092925222450229e-01
7.745135065227712334e-03
2.283138584059297982e-01
1.232366386195713620e-01
8.720380302157447472e-02
2.001602181723060314e-01
1.271519131092805621e-01
1.687868632155647419e-01
7.225673826874144945e-01
2.041785416338771642e-01
2.273199566356355339e-01
1.046101892779654624e-01
7.600468561060524930e-01
8.140306445876749342e-02
1.739541087755031301e-01
7.768836850711077768e-02
2.837244557936772216e-01
6.708179788827772771e-02
7.413053457476702357e-02
1.057702181582378248e-01
6.364436296865773335e-02
1.555644812141443456e-01
8.807277859488218952e-02
7.447154756446902613e-02
4.526413254743924530e-01
1.507539427703289379e-02
4.430314934445178654e-04
6.680223906728036121e-02
4.274397215715017850e-01
1.017737651633688900e-01
7.444073609604905106e-02
9.479996422255396182e-02
8.084882627572108349e-02
1.537015964482818242e-01
1.982216760151651602e-01
1.988461852439996624e-01
4.098523780606063704e-01
1.995837920191785575e-01
2.130863113426875177e-01
1.183502226822383263e-01
6.165930212632730889e-01
1.864210575990560281e-02
1.262423108967732355e-01
8.705940019854591094e-02
5.766231492004101344e-01
5.162482850657723610e-02
1.077513725165687303e-01
1.134541889977018908e-01
2.029334351401165248e-01
1.764649284642502147e-01
6.965853029433867472e-02
7.953354901034390134e-02
5.573964389453955892e-04
2.130665761467997465e-01
5.715913830409928842e-01
1.120471375039073236e-01
3.264781059506891570e-01
9.342831195186682147e-03
2.374266925643567228e-02
1.466171175793154480e-02
8.839054574694824029e-02
1.006402363749739626e-01
1.248990748905065284e-01
1.019761223261190508e-01
7.838008858663303435e-02
1.627020864981040815e-02
2.881994264709086817e-03
2.075243682260959899e-01
2.275565558678633304e-01
1.456745050369881445e-01
2.130863113426875177e-01
9.046814340179572256e-02
1.949610695996765453e-01
4.222934911379391462e-03
1.225502512645883779e-01
2.806281386587715643e-01
5.862246927365177829e-01
9.423155581512310253e-02
1.177997938586365784e-01
1.233332776301184486e-01
6.067033732283660941e-02
1.000176946118955246e-01
2.762887065882235760e-03
6.933350157385703705e-02
3.765975264683599222e-02
1.473609508594609097e-01
4.600843525600029627e-01
7.494090606393886966e-02
2.171473745016749557e-01
9.342831195186682147e-03
2.643660362130403896e-02
2.825866600830538589e-02
5.118746385076478056e-03
3.712482034166436629e-03
1.796539086581724343e-01
1.405112412419915746e-01
1.314651763124963513e-01
1.865266646172387688e-01
3.397519498328255283e-02
2.393250973855383101e-01
3.246176641235799520e-01
1.806741839584269926e-01
1.770481589650272636e-01
9.199863766948222776e-02
4.266684363473997044e-01
6.931653568138398600e-03
1.574588267773109895e-01
5.237459365438168479e-01
1.863687078518284634e-01
6.183698267082232691e-02
1.053640408962990133e-01
1.169172037038265777e-01
4.264433801783268363e-02
5.649520933910454068e-03
7.263513693040846153e-03
6.295466102359381644e-02
1.298107054855168752e-03
2.631204770857086261e-01
5.376999553003380949e-01
8.777798218361386462e-02
2.277741124841937137e-01
6.060298428346724831e-02
2.401670423593865039e-02
4.391549895764784717e-02
2.456745927624444381e-02
7.625644106404311229e-02
2.614704900326744186e-01
5.715386294608498091e-02
1.436105075370759931e-01
1.024336632066723540e-01
3.397519498328255283e-02
1.967292757618004095e-02
9.950280333055003257e-02
2.501424721067290746e-01
1.187952696306075195e-01
7.727396895770402563e-02
2.345774492028900315e-01
1.116301182226739352e-02
1.125880832513082991e-01
4.355365471988931758e-01
4.029853475287655806e-01
8.074369481912149760e-02
1.740383807976089159e-01
8.598361000180125557e-02
1.034340715534385197e-01
5.649520933910454068e-03
2.481168979635768324e-01
5.062203463742506043e-02
9.979345435776131035e-03
1.562034648559302297e-01
5.686317362004398301e-01
3.396969735300316845e-02
1.754733752576636274e-01
1.786903774604144957e-01
1.474447944198480354e-01
2.534056232354708893e-02
1.232886941112641410e-01
5.657854320752433996e-02
5.919672363660754000e-01
5.499712807338198728e-02
1.124960524429166747e-01
2.630369968816104187e-03
5.751421980854265481e-02
2.961614829251985048e-02
3.980216880283121705e-02
2.501424721067290746e-01
5.126938696090010961e-02
3.695574575365719039e-02
1.211991359415393182e-01
1.047387967620785482e-01
7.906151027052238378e-02
2.112598537863563108e-01
1.481645467904955382e-01
1.930801725578697448e-01
4.785264786759840794e-02
7.139377967637533517e-02
1.043287249371537134e-01
6.751771059980429812e-02
3.281940265898090625e-01
9.707437155654502492e-02
2.757719687088463351e-02
2.000256752698417739e-01
3.987740235202509309e-01
3.459764239342957154e-02
9.859147906777653014e-02
1.721856577227610652e-01
5.115594035843595844e-01
2.690998453586113115e-03
1.075083201517245263e-01
1.832227907878470341e-01
2.593590118980791392e-01
9.013206108408471084e-02
1.075500913859739616e-01
6.039099647384083003e-03
5.391210934901446983e-02
1.475446529555720365e-01
5.690186596371460404e-02
4.634941233378948588e-01
1.015985234447980834e-01
1.399201799244439992e-02
1.190299919662607397e-01
8.793140487633890889e-02
2.312158323778798485e-02
2.552791429480815166e-01
1.101725257308309308e-02
1.454139147622817985e-01
5.866337109115754567e-02
1.075039085462037025e-01
2.245501740866390206e-02
5.744067777813882669e-02
3.651840780108933648e-01
9.955444791399829796e-02
1.839798709934285792e-02
1.187603843592838632e-01
4.717964920302641918e-01
4.896315396577886891e-02
1.251320666867349052e-01
3.069621319919768609e-02
2.154167850246613003e-01
3.190429723203293266e-02
8.514937275401733563e-02
2.045842867711012980e-01
1.110114880102988644e-01
8.388232231767686620e-02
1.496962432717106883e-01
3.470946800715494704e-03
7.830613377323636382e-02
1.118976581178571239e-01
5.226078614268767075e-02
3.578526213531932898e-01
8.527581031678690970e-02
1.120591995880793057e-02
8.108750253123260532e-02
2.240837195171285767e-01
3.962345523974407369e-02
2.858934825513514966e-01
1.101725257308309308e-02
4.135668284490542912e-02
6.188425418171744630e-02
2.838366746207496849e-01
2.854779660411637526e-02
2.186638689266386104e-02
3.687645149619169782e-01
8.466196030921871452e-02
1.771475268029216177e-01
1.234895656603388070e-01
8.817167976665848950e-02
4.642977768177569686e-03
1.940942187846113887e-01
1.011265826583897798e-01
2.493581922195710066e-01
2.323682660852640497e-02
9.410283599249565090e-02
2.345820874098218378e-01
2.170211366591591751e-01
1.084126616469081178e-01
2.464665876628485686e-01
1.931520322448657123e-02
5.606058665966916904e-02
3.647357627163477778e-02
7.088021364300403637e-02
5.313518395994203392e-01
1.402337677388877102e-01
1.784398604094702967e-02
1.543709664140047733e-01
2.654515678136774581e-01
1.058052263981426599e-02
6.249832889122067803e-01
1.101725257308309308e-02
8.578139265785339473e-02
2.892144520528556681e-02
2.361042893211891258e-01
9.713407033579785077e-02
6.616574675785194537e-02
3.531886030971673196e-01
2.829350031894396489e-01
5.462691486148445186e-02
2.130824425967250135e-01
8.817167976665848950e-02
7.869616574332689851e-02
1.958469151873186154e-01
1.271343774060992686e-03
2.708252931162494770e-01
1.505525338169002580e-01
7.482519118629074595e-02
1.263194120695882439e-01
1.048543838749500939e-01
7.584545046518584299e-02
7.372912537256376408e-02
3.357921423888805823e-02
1.289301877032678761e-02
4.045270991080418543e-02
1.008371407866042457e-01
2.208077596533762343e-01
5.777198056448804714e-02
4.952392769456756549e-02
1.208087083801872297e-01
3.461431294962348248e-01
1.826891011971192857e-01
5.430999408580933219e-01
1.194998981975624146e-02
2.295248473844681558e-01
2.892144520528556681e-02
1.288011596849125417e-01
1.809191345051188449e-01
1.756155972275888488e-01
3.140592255765694008e-01
3.391348900230367613e-01
3.856915273335695393e-02
1.757859665238837299e-01
8.927261056311019960e-02
1.661382749313749518e-01
2.271841672428085157e-01
7.125515528641118701e-02
2.578424778619275992e-01
1.751600940391870309e-02
1.298693201492922833e-01
1.113119221253055235e-01
2.383035259193979072e-01
7.677361444962355064e-02
2.935126435753002139e-02
1.597050695775260876e-02
4.046222310177800818e-02
9.796076264354358631e-03
5.586709341174146692e-02
1.725409260062154559e-01
2.916643696324910939e-03
1.338419983204353070e-02
4.715606875449612767e-02
2.103712332584854461e-01
3.430608061395666319e-01
2.261116780904079138e-01
8.783634525064473036e-03
2.679488004382286626e-01
6.998740526903958481e-02
1.668457680896351103e-01
1.353844897505767086e-01
3.375347835134305807e-01
4.137637390340491717e-01
1.377089382107066218e-01
9.758876611099717713e-02
2.182411855816843715e-01
6.533572296803816237e-02
1.437226487141007869e-01
5.727681135123605660e-01
4.517498509203539403e-02
1.615535144589499983e-01
9.722881123915606827e-02
9.362327436032767680e-02
7.268733370764285384e-02
2.772517178112434699e-01
6.826538632292171449e-02
2.643064878996622888e-02
3.479394246747451874e-02
5.364214287100652762e-02
1.121290231108339197e-01
9.209607035934709585e-02
2.097822711397388240e-01
3.724080992178580019e-03
3.169192775572368670e-02
2.685692081404797427e-02
3.391557360245547881e-01
3.134172696137396685e-01
5.953223396332145423e-02
1.047738730780800945e-02
3.417953656519267525e-01
2.387980377789843123e-02
1.755809751077051228e-01
9.053922751811110947e-02
2.651372703402948838e-01
3.046062995019285236e-01
2.173680559217633368e-02
2.219257404767939479e-02
4.645069651925567977e-02
3.404163219908944160e-02
7.905395677871729365e-02
3.004926480500204056e-01
1.234563626917209861e-01
1.327826161782427739e-01
3.998120953867128624e-01
4.823369991187800854e-02
1.632516341487162403e-01
3.788535452625014233e-01
1.134152987000857926e-01
7.797950247931363654e-02
4.487518352498327812e-02
4.525174112727389092e-02
2.384290047838167059e-01
4.367721243256114660e-02
2.674881964120152111e-01
1.005108921549396905e-01
3.169192775572368670e-02
3.280052074170167198e-02
4.745780062559594170e-01
2.920721566801761648e-01
6.133944443017316783e-02
3.523154737280898702e-02
3.923540405189254177e-01
2.942772128666552856e-02
5.118589373888677851e-01
2.253016729060275114e-01
7.340133310376141251e-01
4.539077258293566230e-01
9.048804968801293924e-02
1.034722652323566972e-01
1.228204785498244744e-01
2.357567635716045773e-02
9.361349538414387439e-02
2.119105683583509536e-01
1.609993358488863158e-01
1.264863187484335239e-01
3.527528285589180967e-01
1.257950782242647780e-01
3.434747320205644994e-01
4.595724566654961762e-01
1.134152987000857926e-01
7.283969819321715888e-02
9.272495037245420679e-02
5.520061995260293342e-02
4.396508637775242700e-03
2.754735913696835028e-02
2.905715798151972673e-01
2.570619171356383625e-02
3.399829195907652646e-02
3.280052074170167198e-02
5.090223416132847456e-01
2.491498285052908823e-01
6.205194085222753841e-02
3.458763564770851451e-01
2.986171771835522959e-01
2.411246477994139978e-02
2.050202787726197462e-01
2.118443977446320958e-01
4.164617099444271053e-01
8.123671024128147067e-02
1.531256084129947737e-02
2.162073550673629385e-01
1.755052561811034639e-01
1.722338199406819870e-01
3.836294521302254790e-01
2.825883409632701238e-01
2.671594655150454356e-01
1.601756945333042137e-01
5.691838779677537152e-01
2.217192159803851037e-01
3.874910953444361539e-01
4.433077519609442407e-01
7.797443148378022104e-02
8.058464676866522458e-03
8.607417393574648412e-02
5.520061995260293342e-02
1.732849731394491694e-02
7.367622956269304080e-03
3.563006482767235861e-01
3.303614366504428745e-02
2.862456541930127885e-02
7.208091688328972790e-02
5.253151577330650301e-01
3.581303748249421437e-01
2.212072755278262082e-01
2.980853106331697866e-01
2.381590216773038504e-01
2.411246477994139978e-02
5.693787451710835557e-02
2.807816034151007223e-01
4.134558894576783050e-01
1.868027527785615094e-02
1.771727381440660609e-01
3.035706190493308032e-01
7.149606678933556614e-02
3.871655668026975639e-02
6.945768657166093707e-01
1.165672760942921549e-01
3.351892065359722839e-01
1.301996252637800389e-01
6.724980442535599678e-01
1.679494045157118309e-01
1.224871807080686464e-01
4.995190665919682083e-01
1.448132926189378278e-01
4.679863398036302954e-03
2.091983678451092565e-05
8.378494982929127199e-02
9.182637835781859437e-02
1.074082361765188176e-01
1.332591749408709447e-01
3.349390908078564433e-03
7.199799363393044604e-03
2.800433280035302674e-01
5.062513316266757935e-01
1.807691946513797498e-01
1.968306935139083058e-01
1.378123120897295495e-01
2.026427319807111438e-02
1.148066800298702950e-01
1.335432897668050248e-02
1.452509249296980998e-01
4.015811812757254518e-01
1.782901136208353554e-02
7.749237064142544540e-02
2.744069974859938421e-01
2.305307037970551753e-01
4.098000726750580802e-02
4.776266680305725210e-01
4.883118177733292153e-02
3.564730878397766034e-01
3.092511261250351362e-01
6.699074888498429692e-01
1.764390837387458111e-01
2.751933960515022259e-01
5.049781116031846206e-01
1.459350410785775244e-02
8.610895618064616508e-02
2.091983678451092565e-05
6.121022106061140000e-02
1.436998580648765067e-01
1.711007957475228214e-01
1.182759445898715900e-01
3.693824935062493819e-02
1.283180984140732186e-02
3.113135342857351606e-01
2.418847511603184897e-01
2.661806455046286657e-01
2.228858164164434219e-01
5.321178045994391370e-01
1.467860489600819607e-03
7.998419198783551787e-03
2.442958700316773951e-02
1.673741173792956116e-01
6.024500039125441075e-01
1.041261301511156867e-01
3.058621609510040473e-01
3.007500675433126269e-01
2.082574682930743437e-01
1.340084921400037377e-01
1.229686530126618965e-01
1.017228138880068578e-01
2.847802148046444382e-01
2.957747553521860029e-01
5.892760004013877229e-01
1.697454039252097036e-02
3.245190236663415551e-01
4.601628329263613981e-01
9.446992727815869961e-02
7.743418468040077357e-03
1.147325215726136272e-01
7.243031233932342716e-02
8.825549734776305666e-02
2.022607339271116356e-01
5.878721740973111287e-02
3.169402118032139254e-02
3.020390134617199906e-02
3.617202709865108279e-01
1.751689687219565028e-01
3.656356238856281471e-01
7.047783090708915898e-02
1.154732549571989286e-01
9.966035859617274756e-04
1.216864416141405503e-01
2.751355465703365921e-02
1.059573619101356612e-01
3.597556018064882455e-01
5.791480077572989937e-02
3.708787475420644020e-01
2.872861438300472470e-01
2.142962022459682925e-01
7.298950796666134333e-02
1.297438521672474587e-01
1.804996631915173344e-02
1.343017370484794193e-01
2.275209685839529872e-01
4.815704329048725585e-01
3.016412892996250122e-02
7.864819567102598885e-01
6.378153673522364286e-01
1.460827184049605931e-01
6.551336070059352035e-02
1.080766928055019171e-01
1.429055444029732891e-01
8.637819258220649776e-02
6.525990261274848825e-01
3.948885253297518272e-02
5.622489663187159314e-03
2.639115848167672418e-02
3.297274606537400343e-01
2.770234777191333264e-01
3.656356238856281471e-01
6.701500907682136909e-02
1.518549597671464413e-01
7.809123868978831706e-02
1.703776878812210405e-01
7.494461384989140051e-02
8.594366850322510132e-02
2.472259027053070324e-01
1.441743233358224741e-01
2.383703428101209831e-01
2.247527890690399488e-01
1.542259309688009949e-01
2.267100769132328608e-01
1.391231170522600202e-01
2.010830384333574597e-02
2.705312074129297417e-01
2.957801103611619187e-01
6.882239759644268595e-01
6.539948786002572345e-03
6.039269286787749547e-01
1.637810590834750668e-01
1.081736783526735801e-01
8.712546573529933447e-04
6.808825783603367210e-03
5.104375232870272949e-02
9.777879563776842309e-02
6.698872296892516287e-01
3.698315726940029635e-03
1.188372309933274917e-02
2.639115848167672418e-02
3.462096742026473106e-01
4.437948515447882603e-01
3.656356238856281471e-01
3.890454864988734940e-02
1.811088733136931861e-01
1.103729936449238253e-01
1.726832142065882758e-01
6.450409592553996152e-01
2.464895239197781307e-02
2.508133138201820711e-02
1.200218072582165119e-01
1.686317895643217324e-01
1.131854326643292746e-01
1.561682757769957408e-01
2.702320629877444924e-01
1.603837580133141982e-01
1.909711345768835833e-01
2.485782181835372306e-01
3.706125529086206072e-01
7.920591792073390369e-01
3.204721709919203937e-02
4.852645876152269500e-01
2.133005555837836353e-01
1.895893050274111147e-01
3.025647356071009542e-02
2.111519503023788491e-02
2.270234893216082628e-01
3.660583751678106457e-01
2.765118725350790285e-01
3.698315726940029635e-03
3.371716424371536819e-02
3.134060620308803946e-02
3.453844876882453119e-01
4.390392470031918570e-01
6.319189846895617579e-02
3.890454864988734940e-02
6.335624187361588167e-02
3.030582344686987006e-02
2.719859094385044807e-01
6.403851669983013917e-01
1.643132765978300158e-03
3.557345231438756306e-02
1.703406307579715118e-01
2.545088062707132615e-01
1.613873414932293360e-01
6.932191552475108764e-02
6.052469474433613827e-02
2.760998087383603750e-01
2.606644762202299237e-01
3.533902216095508031e-01
4.387564261731402016e-01
2.342940451851699135e-01
7.700203750355572030e-02
5.576998369908648945e-01
3.590793149964089936e-01
4.290174154899721592e-02
3.107272806254549394e-02
6.700390186942545290e-03
6.783555074317541844e-02
4.885814465988737032e-01
1.768818510124516019e-01
3.698315726940029635e-03
3.371716424371536819e-02
2.315767201172442280e-01
2.078035993493889677e-01
2.895841832109789515e-01
1.086204349119499202e-01
1.294200059388630475e-01
6.136370373224479813e-02
1.294562204634186198e-01
4.492718526989909061e-02
9.601951088822655023e-02
1.993291006346449915e-02
9.887027022679992228e-02
3.282926822482836737e-01
3.065275948563791486e-01
2.568854525747349404e-01
3.299068445957189372e-02
1.040658515520241495e-01
1.112361621231672815e-01
2.147103843990106342e-01
4.820462298262215284e-01
4.098046953538352910e-01
1.262700717813133866e-01
1.618958867798453091e-02
6.337433444787929915e-01
2.406269172107823595e-01
3.732154398080711477e-02
1.557115039971253279e-01
1.631024639687866373e-01
2.856915358630260915e-01
4.383622631670766601e-01
1.463337275405917071e-01
1.898002341031177279e-02
1.578121138355894487e-02
2.020695933569114644e-01
2.364347586636342813e-01
5.261374387639290440e-01
1.011737787038080455e-01
1.115976910368993158e-01
4.726933338659634193e-02
1.653503567364118243e-01
7.148619790194606083e-02
6.985084818904191417e-02
1.723561088037551398e-02
4.907099850626443771e-02
3.044582056306157636e-01
3.030865624772636213e-01
1.977952695421296980e-01
2.086175902008902475e-02
1.764231029552336683e-01
1.275194007026163312e-02
2.487794803856513970e-01
1.164283202500050185e-01
4.024627456297200645e-01
4.351809749026957358e-02
5.956329964957313150e-02
6.153792938045949956e-01
7.903525617167583839e-02
2.796049940270757192e-02
2.268497352761818520e-01
7.988492863968052471e-02
2.416396452989188481e-01
1.301716179454548983e-01
1.935734860829227966e-01
1.032964827539000763e-01
4.830108284371176230e-02
2.995409305662735111e-01
3.142759626790577188e-01
5.590411889709530069e-01
8.634123566050218301e-02
9.720874399239105845e-02
1.286476382464571966e-01
1.627943270251709929e-01
8.095970730508661450e-04
5.316593492883020522e-03
7.076626961905958801e-02
2.442522535514283707e-02
3.334568321868745522e-01
4.251444498000650496e-01
1.133777039240509293e-01
9.361505947665427901e-03
2.381146556989784946e-01
3.055170996862266453e-02
8.762647136264822834e-02
2.697006833077794652e-02
2.345350376337886900e-01
7.065459837608417670e-02
4.618634615662185749e-02
4.702246318039643991e-01
9.032737286522082854e-02
2.983908080868179560e-02
2.510057764002247560e-01
1.205652198344417253e-01
1.899705276333622794e-01
2.237197844749849174e-01
1.703838138238071287e-01
5.173864734604477489e-02
5.278706098594727891e-02
3.559545693403315392e-02
3.034578483473392430e-01
2.652292198352682595e-01
3.237975096959241905e-02
6.909379323087991298e-02
8.295012333441931229e-03
8.507198179772208768e-02
2.159946113116338953e-02
8.677544033654885358e-02
1.282926170591310311e-01
5.723206448506827637e-02
2.783054181198303390e-01
2.068595307325674371e-01
1.901915110528407393e-01
2.991328088580613720e-02
1.549168971838555398e-01
3.263169091638794955e-02
1.440521143721314457e-01
7.355906268413528459e-02
1.867111371386422081e-01
6.269995478465788252e-02
2.861108694455728393e-02
2.321373119721753808e-01
3.753124141986280415e-02
7.714408959910960817e-02
2.896249557729218549e-01
1.316434401055998626e-01
2.728659948531646923e-02
1.942428605379438455e-02
6.560028563250117073e-02
4.952252977907425913e-02
6.587558175240913749e-02
7.344355992159126711e-02
2.319219188072778048e-01
4.188228441383600176e-01
4.941016920030448512e-02
1.026330730663981006e-01
1.590636963355434794e-02
2.053177880446563353e-02
2.159946113116338953e-02
2.053336889555903294e-02
3.786800195667329172e-01
1.763948333507686650e-02
3.778511201659192631e-01
1.684498406411322480e-01
2.039356664533415742e-01
8.051504726434519088e-02
1.860224415092082140e-02
3.255541062188090085e-02
2.972014998272512476e-01
1.244767600253470774e-01
1.682822907478113972e-01
1.161846488316250203e-01
3.074961601734320371e-02
3.000183735078116309e-01
2.527291115686032263e-01
5.543692335675770577e-02
4.355328025793518409e-01
1.073249803877263792e-01
9.544293445675030435e-03
1.632945030790710836e-02
8.252997383179935809e-02
2.659074307387819178e-02
7.150864072981581721e-02
1.798164802775309434e-03
3.725518033151909991e-01
2.989404399595341211e-01
1.444812344838763696e-01
1.026330730663981006e-01
8.710600081229630254e-02
2.502734275075462200e-01
4.055069842704144001e-03
9.274531888035861260e-02
3.346150282943634036e-01
3.400846602226398341e-02
7.834759955219262606e-01
1.106099568634179853e-01
1.338742768661033422e-01
2.337631585435765158e-01
1.860224415092082140e-02
2.756230700945577761e-03
4.531011639591803197e-01
2.184136471241809041e-01
1.762249154051205580e-01
1.857851255434027626e-01
6.460883199339080563e-02
1.197911559555929484e-01
1.815930915989376060e-01
6.831196475887604813e-02
4.504188097555095749e-01
2.590510817062523230e-02
1.090777777356501665e-01
3.973580726526725060e-03
1.406649743061151314e-01
6.749240454484778384e-02
8.548631671018414036e-02
4.901501752417186664e-04
2.132912800082930604e-01
1.485186652570841814e-01
4.219887830025748077e-02
7.569216224977268204e-02
7.049955618561282167e-03
1.830214437481633427e-01
1.769257176570740442e-02
4.837308318486292780e-02
1.316876129435735621e-01
1.625483397175080807e-02
9.629069632115175859e-01
3.200607836830952901e-02
1.110662107413641908e-01
6.926953245546352278e-02
6.067088729719788409e-02
2.756230700945577761e-03
4.966565607137388705e-01
2.087419332325842758e-01
2.646193127611945473e-01
2.444810920494865925e-01
1.035919165805345155e-01
1.085704799928242925e-01
1.627080574938178925e-01
4.768227626410384556e-02
1.386537121177667253e-01
2.590510817062523230e-02
3.701267478345353357e-02
3.605408062672780384e-02
2.652281509828382511e-01
3.074747049367737572e-02
1.134370827836890111e-01
4.901501752417186664e-04
7.405719369821672782e-02
1.029296296886725859e-01
3.172929044159706474e-02
2.962118449223735683e-02
1.205305086263259301e-01
2.577797931194715786e-01
6.026310565569574507e-02
4.872353526560184445e-02
1.148789684224384433e-01
8.898881317453866124e-03
5.260540187472232398e-01
4.048371927263105102e-03
1.316610007660667103e-01
7.689906046365665993e-02
5.392200176339444206e-02
1.596910219840308176e-01
4.404380668122748199e-01
2.591056374549581820e-01
1.484687707556522351e-01
1.209908306054792715e-01
1.765688345281005156e-01
7.315091026803138829e-03
1.796016497946719692e-01
1.404868084132109840e-01
7.609906991103655705e-02
6.907452974482167218e-02
7.056661588831295018e-03
6.733686896205597072e-02
4.170583634392015515e-01
6.349537720903297711e-02
1.997008396537225394e-02
3.030268870475411047e-02
1.779925258018360545e-01
8.732475992983856905e-02
7.852972709614641778e-02
2.558070865272893402e-02
1.381492517747682225e-01
2.210460402544720260e-01
7.866954149348809322e-02
3.659631827858576825e-02
3.447477952249280303e-02
5.233424874710710523e-02
7.599732424945747633e-01
9.300832953787847857e-02
1.164180152798131029e-01
1.888798388223329183e-01
1.316474064588427639e-01
1.249337437524976335e-01
2.377453640517044609e-01
1.286000447113472833e-01
2.603404215023642498e-01
1.053369113313227245e-01
2.151023516361827703e-01
7.803059684199699364e-02
1.550161015335210779e-02
3.835389576584274929e-02
9.198095196481523295e-02
5.269350735559712173e-02
6.535176866240571814e-02
6.502678548197785013e-02
4.273786802789273365e-01
7.511482502270686035e-02
3.177395824000513180e-02
1.176001281612839428e-02
1.590981818512528512e-01
1.169412268582896708e-01
1.516943008623100608e-01
3.146918467271331288e-02
1.420431799503831249e-01
3.213817083195755764e-01
2.608639226821172358e-02
1.437995167322453360e-02
5.571956057755952929e-02
6.088331007684583129e-02
6.884870473260952251e-01
1.432222167083492814e-01
8.263870311375355604e-02
9.938964589889173751e-02
1.053306775295861641e-01
2.003417208286759066e-01
4.338635462360049821e-01
1.993433253608047073e-02
9.639359982188389075e-02
1.175581849453268130e-01
1.098949125553326245e-01
3.122993682800283277e-02
8.334383256342808854e-03
1.949580107901077719e-02
6.457879406798255895e-02
7.903823165102499826e-02
6.002413876508866375e-02
6.285285492009767827e-02
2.976498247848807788e-01
1.445993006906096112e-01
2.985556746818329721e-02
1.176001281612839428e-02
2.099728261793205597e-01
6.334107297920790747e-02
9.085323843438819491e-02
1.859084583806999702e-03
1.344024031225029003e-01
1.707862715653521712e-01
2.608639226821172358e-02
7.763183305586553173e-02
9.409647115981814580e-03
8.252923533774977893e-02
1.943912498239009634e-01
8.828150082708238755e-02
5.055785707938032641e-02
1.092988701923569145e-01
1.322355993870722168e-01
1.982470890314586565e-01
2.840272073415176513e-01
3.646791417871275698e-02
1.348119365572192918e-01
1.421918028499955799e-01
1.137025514242540891e-01
2.430733064318996162e-02
4.734671549183338407e-02
8.967012547374811349e-02
1.279262580371891833e-01
2.911186296696341436e-02
1.066922675935721571e-01
9.573800609275365248e-02
8.931931282842152375e-02
1.493330477640179843e-01
3.237419921399596612e-02
1.455861877879672910e-02
2.381247908876812369e-01
2.631655199585989924e-01
1.985130525540713398e-01
1.193287793666752833e-01
9.795336026808673657e-02
3.860671321577004156e-02
9.057655499733002769e-03
3.602824628610663132e-02
8.876969130688422416e-02
6.965435856805220205e-02
2.029681775535678856e-01
2.166230311701029115e-02
1.542454891264425088e-01
1.241504191492346920e-01
8.681741166983614200e-02
2.364384175553842782e-01
3.662985076058287714e-01
1.458955009442631512e-01
3.224605081050301303e-01
5.224616313288160674e-03
2.941890450291828052e-01
1.013218526565613786e-02
1.659168690776596788e-02
1.276589240267379521e-01
3.109348658409288868e-02
4.458741735968420328e-03
8.059392807876251952e-02
2.189266587844453937e-01
1.265661932016932945e-01
2.075979250628483541e-01
3.568677781185475989e-02
2.724299498315931045e-02
8.595409343015388004e-02
1.296440077874586039e-01
9.855136229684283156e-02
1.436389819459818473e-01
8.447712684651793869e-02
5.131939913501325223e-02
1.044309038030773601e-01
4.970120727058177645e-02
8.876969130688422416e-02
1.032588080914514927e-01
7.985861179018990952e-02
6.006218456690023966e-02
3.296875122058359753e-02
4.391808080944097081e-02
1.215508993655850523e-01
1.682398470753489195e-01
3.467602787933288799e-01
3.279202032710671899e-01
3.518189280440377487e-01
3.963796626963043968e-02
3.222520542482628647e-01
7.937531352453287836e-02
4.082245663174977751e-02
8.975998189720024723e-02
2.245470343349482284e-02
2.884359453947900331e-02
3.590614160155155415e-02
2.589756303855276776e-01
5.240426439640805817e-02
1.791620382262289479e-01
1.126387272955581276e-01
4.979793644583209444e-02
7.335815072753271160e-02
9.687972314782029859e-02
4.260088461167048368e-02
7.717863650142287035e-02
8.619876776688262243e-02
1.439342669095586835e-01
1.356163486666943085e-01
2.378737905342856104e-02
1.651219668327694179e-02
2.688591413827360888e-01
5.227045047867125149e-02
2.196696867093652361e-01
8.819049321127664376e-02
9.336329501210792470e-02
7.399532020507858243e-02
1.594898108197928543e-01
4.417409880720427617e-01
1.964551996926081068e-01
3.511291874869268415e-01
4.242522650182109500e-02
2.296995151969801474e-01
1.378894322176093812e-01
3.985821886082245580e-02
1.390954299719519838e-01
5.477649567557363319e-04
7.322857393687372263e-02
1.172068611492570051e-01
3.230557583119579301e-01
5.240426439640805817e-02
6.129463329770653418e-02
1.445187297685571748e-01
4.217422563920764089e-02
5.056094303915505128e-02
2.266211271090196391e-02
6.784061154830711704e-03
3.376665690543104864e-02
2.692437956661489773e-01
1.782242169712930091e-01
9.025612760427899339e-02
2.378737905342856104e-02
1.015486028628108245e-01
1.803660926253278229e-01
2.224451636975708080e-01
3.456035068569204838e-01
6.306772142237089540e-02
1.570125785833176302e-02
4.864867810634938838e-02
1.956355047170159345e-01
3.268457332893233702e-01
2.808410543094260192e-01
3.227910755888835914e-01
6.415178949675626185e-02
2.302830619196835626e-01
1.047500186325463351e-01
2.173524604608283867e-02
1.393476454205336279e-01
3.201100326185271627e-03
1.107954723737760161e-01
1.742403884728481178e-01
2.712635276406580864e-01
6.015035247227462634e-02
5.678987612492811254e-02
5.012979291801252305e-03
1.664133500379485001e-02
1.566204136750795617e-02
2.933891525787480151e-02
1.540568962148693502e-02
2.076499443590236194e-01
3.273999389593217346e-01
2.599258560842608867e-01
4.415098030116250405e-02
1.744065517399934553e-02
1.493649174103537924e-01
2.994194279616870791e-01
1.416510837526949451e-01
4.737711079685333337e-01
1.015017179058524954e-03
5.054126585396336024e-02
1.572826108453866945e-01
2.127892504611139657e-01
2.289243310628750194e-01
4.980773476393866028e-01
9.608300729687262176e-02
5.227369104336814648e-02
2.292621822801001186e-01
1.374970269449896643e-01
2.424719536065550463e-02
2.248568324098084714e-01
1.425677302090233578e-02
3.412508537308106549e-02
2.123081045792005878e-02
1.280485627627406808e-01
5.491175821479944014e-02
6.384026272266196678e-02
2.473060602636811822e-02
3.483420652896774411e-02
9.824939383711622787e-03
1.186350585967468757e-01
3.843861972103479463e-02
3.781592356371130115e-02
2.352751570671216541e-01
2.914773677467261681e-01
1.015223250627616536e-01
2.159443552216254794e-02
1.591621119033297810e-02
5.706244114931110500e-01
1.706602847832200953e-01
3.798035456694270340e-01
1.643514086505638155e-02
1.440478898356163662e-01
1.796695643094234629e-01
2.171645006718731230e-01
1.637590734118015701e-01
1.382154153684658215e-01
1.035297228910014994e-01
3.982167475292575087e-02
2.471910371659208905e-01
5.158166771190730859e-02
2.424719536065550463e-02
2.654896933333379949e-01
6.525914692187767541e-02
7.970777567031864241e-02
3.669119361837008125e-02
3.241465500402356259e-01
5.332776887122241405e-01
1.718567693914094807e-01
3.392291923581546714e-03
2.509108620708105919e-03
1.306487394732660373e-02
2.136737025490837438e-01
3.810563692011757070e-02
2.392835137275783203e-02
5.106159996213539554e-01
2.363804643657294313e-01
7.918840821449144030e-02
3.719376865833737278e-02
5.371772824635293736e-02
3.565201591185094276e-01
7.342166439724567839e-02
2.271660724118844399e-01
1.443642143191715792e-02
2.292489680841204927e-02
2.929595053638263669e-01
2.593851941799591443e-01
2.620950726616205761e-02
2.012355862452303024e-02
7.079263621528401884e-02
1.586882966355800395e-01
7.558715243183891652e-02
8.370241920480508968e-02
5.884787703845199835e-02
1.621113610374449454e-01
2.490910100307985875e-02
6.097657543298015681e-02
1.872424367833922312e-02
4.082497574683552899e-01
1.882015296540040794e-01
2.019553671695435149e-01
9.531817295524493139e-02
9.208343068837099993e-03
1.036300454741543586e-01
1.664452351941122510e-01
1.597323053724066244e-01
5.040963920084266803e-02
2.930754742306304617e-01
2.227009582818617328e-01
9.500565032642138696e-02
5.720549703416445697e-02
1.868788918634483459e-02
1.604864695440194056e-01
1.722741301815854803e-02
1.475244464982889969e-01
3.425681416828724180e-03
3.239679729802150132e-02
2.698813903247642698e-01
3.400364625586485001e-01
1.501563018330678567e-01
5.127136715088451840e-02
4.381420559593821040e-02
8.420932534750602549e-02
7.128336249319200402e-02
1.535425344158909966e-01
5.677718882831427061e-02
3.251142335416506435e-01
3.078427296620038153e-02
5.075889310468247040e-02
1.562871477578659657e-02
3.927784825804881974e-01
9.683822711431797070e-02
1.907961888782231108e-01
1.004514060866225356e-01
5.024789503009046560e-02
3.324973604890044121e-02
1.172182230548430293e-01
5.305948279911244098e-02
7.904199090029651042e-02
2.726029379826211407e-01
2.290121674405516672e-01
1.297933018885565892e-01
1.010059595965553669e-01
8.840561691520329446e-02
2.156883440413884245e-02
6.047098346687485027e-03
2.385061525673812244e-02
4.229786228595103226e-02
1.780127133883232238e-01
2.924661510214203175e-01
2.748534896494286839e-01
1.489678575129204652e-01
2.745126036369249789e-02
4.375474651222011763e-02
1.687706712755187854e-01
1.098822538142842781e-01
1.277749780722196304e-01
6.198448841436091789e-02
2.138097261046499609e-01
1.492820189164208444e-01
3.021559897295333363e-01
1.052616201429258658e-01
4.591836853811118724e-01
3.324982862570938780e-01
3.275906300237358404e-01
3.373519797908473006e-01
4.216925073906668126e-02
1.856794431708048976e-01
1.565618439737778700e-02
2.622087667366796576e-02
8.106015456291226773e-02
2.900542155420420265e-01
4.290335259294619785e-01
1.539269955966753867e-01
1.243216362469291569e-01
1.603668027769202253e-01
2.899497634822165854e-02
4.268229422089808711e-02
1.101683422597276585e-01
4.610243314993206498e-02
1.712078752265968062e-01
2.235558786167439471e-01
1.477676849742290410e-01
1.338747220480561162e-01
7.773334276570033341e-02
5.796239155646373126e-02
2.205620419142987343e-01
1.627696803581588636e-01
2.912452211519270251e-02
6.390398366363847504e-03
2.715192944884231574e-01
1.807383961272443496e-01
1.344471855635528679e-01
2.426744948670672697e-02
3.487094934720702533e-01
2.889316731313799624e-01
2.298286687418517049e-01
3.284755269196560357e-01
6.698350006473863250e-02
4.516555296676183495e-01
4.053268835229536515e-01
6.298408556072762621e-02
5.702233407415149835e-02
1.096943398167547351e-01
3.687255695928878252e-01
9.413936807691952735e-02
1.774216716333387039e-02
1.612245373730397668e-01
2.958804686631871794e-02
8.779177143592853394e-02
1.549728088490128775e-01
8.105251169915547726e-02
2.605556631434385317e-01
4.402439197375147550e-01
3.133446107970193628e-01
4.450574904695656780e-02
5.522965723809190181e-02
7.321740860396808159e-02
2.380199684953633321e-01
1.595887901879922965e-01
3.891170497190055838e-02
1.170537400978514109e-01
1.790955365215712025e-01
4.388420130442272082e-04
2.900716574184988850e-03
3.635277668440349552e-02
4.347162447034939592e-01
3.208631218426662435e-01
2.405527838794116469e-01
1.385214656091668384e-02
5.397585583641431595e-02
2.079008817696442191e-01
4.020703101783919542e-01
8.975312953671883698e-02
7.853764794812215233e-03
1.063302718121216933e-01
3.771909442217862007e-02
7.121343855505821163e-03
2.418705002414761954e-02
4.741422971273800968e-02
6.140255257501240488e-02
1.739102871442028408e-01
1.988372023747946582e-01
9.275715549056051668e-02
2.843306598650988115e-01
2.773131828532765519e-01
4.219969747308714436e-01
4.311248643322643931e-02
2.423220694657113317e-03
6.590876897299946524e-02
2.168890423937658574e-01
1.282986562556371057e-01
8.887744121704728439e-02
8.086537366230656110e-02
1.926347907099645873e-02
2.446875208995304141e-02
8.170522641216007576e-02
1.774802588759046007e-02
4.213052780261620778e-01
3.487520724086799473e-01
3.416684783551212634e-01
2.935390269239067026e-02
6.484488414815453572e-02
1.682858623653394337e-01
6.393024227248559344e-01
4.762499136365182240e-02
1.723615149354625897e-01
7.617205356877831957e-02
8.841627117484185394e-02
3.158342819724269807e-02
1.714486255084796684e-01
7.029047277912220393e-02
6.140255257501240488e-02
8.908214469369282740e-02
1.785775705172642502e-01
3.484913559605225253e-02
2.843306598650988115e-01
1.663520300560774046e-01
9.311434295960042684e-01
3.679280493445115374e-02
3.943501008098338270e-03
8.836429629047519441e-02
3.535193638763988178e-01
6.115271897027698550e-02
1.610299705947121351e-02
7.371861265640790306e-02
5.028638663946292942e-02
1.394582111726867524e-01
1.994446160369230114e-02
1.149534089741487131e-02
2.194791607438195957e-01
3.687045534504980737e-01
1.029107378087228269e-01
7.002392696700714125e-03
5.195280843882235655e-02
1.202504297799140975e-01
3.411345957643487914e-01
6.722403932783510561e-02
9.172921302181627490e-02
1.662930773346829594e-02
1.004943074399395203e-01
1.662727504592227679e-02
1.542706135621925712e-01
1.847180100588690921e-01
4.211682022467425068e-02
1.589398593790727551e-02
1.186516868822639348e-01
9.415770935852899037e-02
1.107067159763199249e-01
3.220756712455024040e-01
9.178696029958692826e-01
1.040439169753891724e-01
1.671252509972293715e-02
1.795026791061707094e-01
3.237439087902280188e-01
6.094613317168275785e-02
7.198472038129545558e-02
4.890815145053287183e-02
3.225032087030213490e-02
1.984006755828651436e-01
9.296436186167055665e-03
2.167905541718100071e-02
3.357966382484085105e-02
3.574433571844555235e-01
2.680562537654310740e-01
3.877244880415145478e-02
6.710427427561252434e-02
2.355251499492327927e-02
3.732434677537760370e-02
3.535203490973179430e-02
1.739902925254480370e-01
1.797499311541263939e-02
9.629435579843700910e-02
1.286593260728976715e-02
2.526030141399832063e-01
1.095595365148977485e-01
6.338233785113388252e-02
1.679910049192608057e-02
2.932180217702522532e-02
9.723523121579169537e-02
1.006865985824564602e-01
1.646083980311402739e-01
7.113973332378425996e-01
2.916316616454833754e-02
1.902554107829214358e-02
8.535553996865194448e-02
2.417508092765293382e-01
9.484119432492807422e-02
1.868280717298850535e-01
4.828169648171264094e-02
1.606574954066118943e-01
2.291305700317563809e-01
1.871975925551341499e-02
5.272170756127407543e-02
2.936750670774592592e-02
2.293559882009816864e-01
2.680562537654310740e-01
6.604757470561488375e-02
6.710427427561252434e-02
1.170642135052046146e-01
1.045912311332605760e-01
1.596805653568809935e-02
1.024518947511769973e-01
2.613926377422650868e-02
6.413442720498790939e-02
1.286593260728976715e-02
2.829620417615114070e-01
1.119731460227763598e-01
3.369088982889305306e-02
1.987200652801076120e-02
2.272242464538849760e-02
8.403108677590440112e-02
1.036176681528452465e-01
1.646083980311402739e-01
4.277149965239123164e-01
2.871862159022290154e-02
8.510254063405320313e-02
1.006003141361589553e-01
2.346357339515085516e-01
5.031818967661456921e-02
1.119016146913779930e-01
3.003181764159523759e-02
1.607804607716694506e-02
1.933311889176887732e-01
4.403464336152641823e-02
3.136206107367404267e-02
2.250029052723187539e-02
1.887724996140522637e-01
2.342928718118209297e-01
3.828158220892911856e-02
6.579959822902363420e-02
1.420346369414204057e-01
1.019864787478065721e-01
3.766015916728623902e-02
1.801628530114246229e-01
5.062454264791765857e-03
2.239353090624847387e-02
3.070129260472440058e-02
5.413621358343276846e-01
1.479742609632249961e-01
2.949330380628391313e-02
2.358929045642607636e-02
2.638248118714664470e-02
8.937241952854428628e-02
1.233608890163075678e-01
1.642765430536626270e-01
3.925730286209853093e-01
2.244002996720297072e-02
1.338571292090245390e-01
1.882385017356935641e-01
1.867587527318274598e-01
1.614781762355158579e-01
6.769740015802341859e-02
6.912970462609746569e-03
5.559837972057550537e-03
3.828006989501162582e-01
4.445276706689194751e-02
1.471251503170259781e-02
1.079705291456934946e-01
7.766104994501381309e-02
5.113805375394049335e-01
3.731338366148737040e-02
1.833967383729755984e-01
2.192714943874422284e-01
9.428365650425568623e-02
5.674964027505280395e-04
1.659923120237056238e-01
7.200764915413139511e-03
1.173496314352781428e-01
3.096336939275572825e-02
2.538729219064540521e-01
8.019376369109931790e-03
2.338236115452360653e-02
7.101429721591140387e-04
1.177496296823024868e-01
1.622540243230066043e-02
2.700097103574793933e-01
2.383639761851417960e-02
4.596423538922786434e-01
1.292875742080726587e-01
8.596705483613770182e-02
2.841420894597448399e-01
2.289555398192182345e-01
1.624244368722696508e-01
3.966329422536166160e-02
1.358107194829392961e-02
4.149465495129275872e-03
2.965471055004595402e-01
7.921265886144474022e-03
4.436985606119236980e-02
1.900312218673199383e-01
9.693965452310110420e-02
2.585312794175232964e-01
7.529313868437177704e-02
1.697065937000457603e-01
2.196365481943258202e-01
7.824492972994329110e-02
7.921138934107212204e-02
1.846916199468316977e-01
2.389263915424044704e-02
1.919126860908237919e-01
1.781997888171887867e-02
2.247406713311428939e-01
6.229932726095629980e-02
5.161315524110972330e-02
7.101429721591140387e-04
2.438380838610549120e-02
1.543466072874507926e-02
1.665470616351922839e-01
8.392112547063915184e-02
1.643449535489622804e-01
8.479138871431088909e-01
1.009218806417749859e-01
2.109667438254249072e-01
1.267261530542457271e-01
1.604911509306476136e-01
3.921951197908187664e-02
7.583990109084666476e-02
2.891837903280073535e-02
2.467714851868350323e-01
6.311869513251369690e-03
4.450119977491393680e-02
2.507300160252099452e-01
5.977089306344329084e-02
2.363458838304760556e-01
1.121539025879856044e-01
1.539822170431996706e-01
1.213609806968412863e-01
1.401462598430542883e-01
1.120358663346735784e-01
3.914203835554552757e-02
6.966839188266157890e-02
1.017489099051526458e-01
5.080115838785639881e-02
1.970937972814821582e-01
1.557139619063690472e-01
5.928530539834396540e-02
6.223739129548949700e-02
7.550312331760671014e-02
4.536449197320127635e-02
1.905928559867357541e-01
1.507264455448142360e-01
9.705711158838860320e-02
2.425264045700811222e-01
2.524883313194187240e-01
2.460743210802489034e-01
4.854061628386442673e-02
1.071781056793985887e-01
7.911865858592201373e-02
9.446104711456489167e-02
2.891837903280073535e-02
3.545255893506116252e-01
4.115511642663871594e-02
3.614515894399264462e-02
1.799048306719010504e-01
1.536719390433773091e-02
3.057618518030423838e-01
4.260319046995017511e-02
1.623136731144949330e-01
7.216560356569667878e-02
2.146922482669125221e-01
1.369722152946513116e-01
7.644910922596834246e-02
4.992923668299657086e-02
9.703990918498664464e-02
1.578568788144302237e-03
1.736184023295774537e-01
1.684019858233715972e-01
5.966847088717723568e-02
8.919547475531391934e-03
8.184968692386335176e-02
8.003469736880676477e-02
1.513726719628702977e-01
1.492476903995579585e-01
1.254704696859932495e-02
2.425264045700811222e-01
1.686403182814728008e-01
1.315426101021954786e-01
6.202165248208024728e-02
1.474969389222691163e-01
1.454088338447095952e-03
1.172717212842758205e-02
1.587412477009414458e-03
1.741501170188411995e-01
4.691652079574064327e-02
4.054694239600561967e-02
1.323685543764198946e-01
1.941549354084434742e-02
2.038496859528863003e-01
8.652702738497393409e-04
1.651446402135567926e-01
3.039487274107976686e-02
2.074254957696437529e-01
7.164228589782212220e-02
1.492052299268302740e-01
3.017552685522593287e-02
9.067451518674474187e-02
1.578568788144302237e-03
1.122388904383190972e-01
1.499335515921284556e-01
7.455112431014099261e-02
7.871528662551779965e-03
6.160192007324084840e-02
1.448504797279181189e-01
1.513005405188626584e-01
1.122444534080457024e-01
2.231642123786484189e-02
2.270685283227895090e-01
2.252607107526043984e-01
1.323920590556099397e-01
1.155648777327074606e-01
1.643807302295990092e-01
7.145407615642389298e-02
1.172717212842758205e-02
1.176239253741234725e-02
1.342288439354109297e-01
3.652647683559523406e-03
4.186304546795734105e-02
2.217359984076036350e-01
9.956180463227476407e-02
2.038496859528863003e-01
8.652702738497393409e-04
2.138030782706826782e-01
3.039487274107976686e-02
3.660667473653167470e-01
5.013751724255388620e-02
1.655577387886585927e-01
8.662628862806970309e-03
2.510387496986990485e-02
1.830990560102310760e-02
8.730270709600067292e-02
1.306616572099559836e-01
1.984228195270035799e-01
1.537020548902159889e-03
1.568952944266814586e-01
1.201169184008949314e-01
1.863344420844972593e-01
1.320423687813104818e-01
6.706382780834480029e-02
1.659081386494967447e-01
1.044351969465637242e-01
8.627934784118329592e-02
8.074529057314275282e-03
7.536484256819564465e-02
9.485373433142268995e-02
1.787406678057355813e-02
8.851556691436765489e-03
3.735455699046291711e-03
1.299586493830180434e-01
7.213958575987677868e-02
3.028719665001551320e-01
8.061899668308533662e-02
2.678609709556731833e-01
1.551648093565600184e-01
9.428759682999691971e-02
1.863590042605838271e-01
2.027395965802785138e-01
5.060730456997138138e-02
2.514256528265980117e-01
3.455435568332496099e-02
7.193665883283739682e-03
3.064414347194686222e-02
6.000176845871468129e-02
4.128753330669895916e-01
2.349404960056971636e-01
4.315876029351195520e-02
4.214151468135040601e-01
1.525102217604052401e-01
1.285756115040268543e-01
5.222576910714291643e-01
1.572116761800634865e-01
2.880758060773835894e-02
1.010191729255244114e-01
3.701957074462414871e-02
1.051123939654023814e-01
5.286464871096291374e-02
9.961810863985492981e-02
4.830020102998285048e-02
2.888453281244062268e-02
2.190480988387327743e-02
2.023939016567511406e-01
7.947733772653253759e-02
3.362478205594711111e-01
9.362437576921334159e-02
2.996231394474530019e-02
2.382622517272164342e-01
3.323358377639364092e-02
1.827348907119480392e-01
1.646843555198133635e-01
6.642777846767963790e-02
7.424087107915214312e-02
2.315901075277454826e-02
2.711447791080012770e-04
5.691203342422451739e-02
7.568816482117840527e-02
1.969108951036026567e-01
3.786422225129548735e-01
3.804259794623499058e-02
2.401805787941181936e-01
1.378194540757023967e-01
2.674829893396934999e-01
8.322194553119291460e-02
1.127132461238787298e-01
4.429991137400451917e-02
2.905611378628945515e-02
2.444432581887251432e-02
1.402218969480763244e-01
1.078283748215180804e-01
5.713716508779975722e-02
7.214278491003117688e-02
4.540760432394674861e-02
2.717018799730451517e-02
2.854567651163347763e-01
3.548550465631138129e-02
1.397395304614278133e-01
7.103088282854275182e-02
2.891850615290777332e-02
2.465683128121462508e-01
3.456885485477915326e-02
1.108108398591187982e-01
1.205821064809589338e-01
2.054717249733288564e-02
2.269984143688320855e-02
3.207893079827084382e-02
2.699193237291633296e-03
8.056748582508201084e-02
2.339128578614591697e-02
5.090599496816078373e-02
4.134059020828915743e-01
3.804259794623499058e-02
2.578412793156853455e-01
1.540264391010462974e-01
3.746185156679454620e-01
1.125289622590075617e-01
2.322646282962461395e-01
8.889222851887343402e-02
1.327574150924014373e-03
5.722864860398262088e-02
7.907727101080883059e-02
9.646492506660953037e-02
4.837227099647851969e-02
5.792682923325950806e-02
1.263454867749300159e-02
6.709733868092554454e-02
3.454637633425127197e-01
9.608350030416101806e-02
1.490184761444115213e-01
2.385196857511563684e-02
4.160750279487934744e-02
1.867988410661493015e-01
7.767946277484893969e-03
5.892908503822769789e-02
2.166441952839738005e-01
1.704965733428830121e-02
1.332197677851719442e-01
2.603590051848675424e-02
3.361200132689583231e-03
2.936793714856020254e-02
4.091428045012640569e-02
6.173550668802731123e-02
1.971866557500012718e-01
2.003510613601134499e-02
1.918249507984951252e-01
1.677071929215803170e-01
1.535887944990947662e-01
1.131117319497351170e-01
2.256317927196347869e-02
6.033826148622050134e-01
2.222864973121598670e-03
3.013736952099227429e-02
4.270714534511049765e-02
5.302523888137700842e-02
1.853746706750976012e-02
4.734202863353391411e-02
1.434433123483540989e-02
4.680564547127791242e-02
1.474854896061224274e-01
1.009693058317542302e-01
7.826721215410972765e-02
2.385196857511563684e-02
4.079663746113805500e-02
3.179278116086805550e-01
2.777587328375476922e-02
7.576066823405606943e-02
2.554924774348996674e-01
2.087804875760383705e-02
2.565115335406931152e-03
8.753469115550610580e-03
4.357452421989592081e-03
1.674934621034545879e-01
9.769095316022573250e-02
1.414535323303216241e-01
2.089182669997562136e-02
4.247183772499639465e-02
2.504392269475117505e-01
1.679009818259650788e-01
4.372627131856410276e-02
6.906340278966918711e-02
3.461169104060795622e-03
3.968544261581181121e-01
1.397517692315200684e-02
1.450048801171346935e-02
3.420155181291289342e-02
4.282631510292729538e-02
4.948291594502138985e-03
1.046196030300645119e-01
1.100870639618632268e-01
1.703638065496865250e-03
1.224152284759587039e-01
2.453646562474335463e-02
2.340314725695321618e-01
1.216816535251079717e-01
2.606766515906768639e-02
4.152172477559182839e-01
1.260699663968111728e-01
9.696323481042755377e-02
5.299274611357644993e-01
2.314063979658000092e-02
4.706912992243143801e-02
1.922383940206519315e-02
2.165940564825864778e-03
1.187524736603034481e-01
8.609270845870778399e-03
1.460533096174537193e-01
3.955079515315873540e-02
7.558982665579055960e-04
2.183849454453976602e-01
1.189912477945109237e-01
5.898179767693556563e-02
4.219811521749184530e-02
3.198715926841852811e-03
2.471188481476738752e-01
2.175847294287765535e-02
3.371036730642329449e-02
2.955809272913811903e-02
9.524188966491536901e-02
1.291981772522463046e-02
1.098647286209580992e-01
1.014717898658075157e-01
1.703638065496865250e-03
1.134348980797573667e-02
5.263323610145115294e-03
3.671400255154005920e-01
2.566268144460082112e-01
3.516664383196347471e-02
4.078740816979032346e-01
6.805208946727615837e-02
8.298536030275055486e-02
2.386358404021780844e-01
3.521556223694311677e-02
1.079450970654977360e-01
2.530789603033489071e-02
6.064117981706559218e-02
1.456584577844997896e-01
3.611191639936571496e-02
5.136679078405902155e-02
8.689237933294237382e-02
2.962069527401720026e-02
1.022324935439886812e-01
8.737959370430606332e-02
1.278435195909890520e-01
6.386710401161062312e-02
2.597869643718345167e-03
2.471188481476738752e-01
3.615140041612700805e-02
9.325605587497155791e-03
2.204394043048756718e-02
1.292170868397483630e-01
1.598607787422944015e-02
8.521021748214785418e-02
1.734202998069403479e-01
6.968543049308087434e-02
2.980869492638799079e-02
6.127288113602219477e-03
2.116508534305071576e-01
3.630718113868558472e-01
4.345005451893902380e-03
4.078740816979032346e-01
1.636429057916382324e-01
4.900625400222822364e-03
1.530773162008636779e-01
8.656265035724369783e-02
1.750609515203885025e-01
2.324767091831207166e-01
7.161722405013828952e-02
2.567642075239168209e-01
1.114459556039995997e-01
1.436452716597002022e-01
2.071247182193616809e-01
2.962069527401720026e-02
2.004922037111946387e-01
3.152523742988034838e-01
1.195919534261798978e-01
7.572372096396332020e-02
6.174801364145174332e-02
2.571080623500886508e-01
9.531398784341102437e-03
8.412681125707925645e-02
2.950581821033900973e-02
9.285768147656867089e-02
3.973987788342805971e-02
1.595595016105317010e-01
1.243070832101514644e-01
1.066021769062900498e-01
1.553082327863646583e-01
5.449403663792395935e-02
2.035541422061242223e-01
2.845130560433664635e-01
1.326615835684551159e-01
4.216039760757367416e-01
2.522784251964734215e-01
8.637069433628455362e-02
5.353237396762891565e-02
1.438221301953698239e-01
1.183435101801914441e-01
1.606583018783925842e-01
8.424655365200549306e-02
1.789916732835003521e-01
2.300587606905038496e-02
1.523498268704671643e-01
1.999047077706802567e-01
2.962069527401720026e-02
1.611009259318232356e-01
2.599084009552887209e-01
1.190197846036251672e-01
9.746214840243988542e-02
2.816455377029839641e-02
2.232297607063393752e-01
1.142006851714453541e-01
1.341770581095300119e-01
7.360854829277299616e-02
1.719220645677741466e-01
1.496500885664750480e-02
1.858435549691662692e-01
1.221049644041920512e-01
1.236740340660416049e-01
1.897488335637524670e-01
1.363809102270408524e-01
3.101788551539719219e-01
1.931512525294903915e-01
8.272234208015569190e-02
4.781578212656601989e-01
5.014611382961648989e-01
1.323595410458346944e-01
6.676426537876761769e-02
1.315152474685063466e-01
3.236846052724163814e-01
2.878306990137168286e-01
1.284332672562029654e-01
5.217905279727146350e-01
4.428588463282354115e-03
2.412684533816938093e-01
4.301940834941359593e-01
4.416551242231615826e-02
8.722640574202993047e-02
2.554950849984183869e-01
1.613044396816609716e-01
1.050266763680734738e-01
4.158140904563849272e-02
1.256458167555559724e-01
1.260819774132093674e-01
2.618522162510223961e-01
1.055781133814578943e-01
7.912132673728755616e-02
6.036820614948983088e-02
1.776937345129385448e-01
7.329473502628307269e-02
3.443828058949381654e-02
9.533759779461425943e-02
1.420489217180481711e-02
2.577964797653415907e-01
1.914032360497336729e-02
1.123834224594498499e-01
5.130897923711938979e-01
7.911347807701702983e-01
3.308376367368348059e-01
2.540004692035939537e-02
2.543507594638579894e-01
4.428232433254178924e-01
2.586884618922472567e-01
1.140845983261501162e-01
3.620893690558626976e-01
4.428588463282354115e-03
2.514897175017836717e-01
3.536964984275179913e-01
2.103769973691094197e-02
1.417917902860357793e-02
1.564416597386290297e-01
6.643662158325275291e-02
1.130610706267662635e-01
3.810674622864382299e-02
1.525933403644697678e-02
1.138082630748476209e-01
2.216173296604940779e-01
4.255196280816535281e-02
1.393609692800408181e-02
8.935180261907696431e-02
2.202620462561353243e-01
2.258489057830531110e-01
2.616849021056244506e-04
3.896648122684243098e-02
3.133581660729437002e-02
2.494798352787916118e-01
1.235908606438328172e-01
7.749459661078111905e-02
4.839902039567867131e-01
2.766650144334991124e-01
1.755649823650849428e-01
2.606022858394409919e-02
2.562617139011320599e-01
5.709161683938364096e-01
2.756751768579657202e-01
1.430661378022087815e-01
2.801127743529676639e-01
1.417576722526867061e-02
3.371569977138623719e-01
5.476079274379583306e-02
1.840854709907343775e-02
2.171970682376302419e-01
2.328865661877460580e-02
5.739127043905099812e-02
6.094337154274505342e-02
1.171987764914039776e-02
5.396589824196151852e-02
8.363367219807979480e-02
2.354331870010690497e-01
1.247165051163303673e-01
2.372304332055830828e-02
2.609772171126708007e-01
1.454914171643656440e-01
2.568599575465846940e-01
7.135217632679123623e-03
6.196355797842281743e-02
3.841300469700679315e-02
4.018726550356478411e-01
1.279257966087096743e-01
1.409871079741350508e-01
1.961487710873630885e-01
3.061453739908709948e-01
9.329799519642353878e-02
7.414057796654600907e-02
1.857571329725728471e-01
3.472737193211075102e-01
3.036616483456981985e-01
8.653684925355129010e-02
7.215565101827957351e-02
3.083683096934243875e-03
1.580035494850837441e-01
7.118984151649010439e-02
9.816722907169728174e-03
2.217824985447459651e-01
1.280574773222062923e-01
9.808746645566475408e-02
1.140054142937830389e-01
7.754362187167505339e-03
2.253733425047196037e-01
4.091071271480778426e-02
2.213990307225756626e-01
1.103825679937432552e-01
1.396240532762049735e-02
2.420299370196002942e-01
1.865060265001521889e-01
2.943282572619745907e-01
2.894147734411232908e-03
5.109492198132886687e-02
1.068230711097935826e-01
2.612796167904350431e-01
8.187644187724049671e-02
1.540574695884465994e-01
1.557664344760298081e-01
4.566005139041064975e-01
8.817479407140334235e-02
5.623607633843830805e-02
2.320090513487604866e-01
6.239335412820283810e-01
3.775566540304183816e-01
1.216921875741161091e-01
8.725231419401839605e-02
1.096317205722215915e-01
4.403741394756167243e-02
1.773010154340506350e-01
3.120992502095153165e-02
9.337778093284382352e-02
8.311766159882273686e-02
6.652284937259350661e-02
2.035792749834705595e-02
1.940215904309705586e-02
1.901022977209471110e-01
3.046947698417767567e-02
1.769864369195156828e-01
7.721356030685230798e-02
3.949999444780935565e-02
2.740114802040131137e-01
6.940896943405205910e-02
4.086439776490304876e-01
7.151543762641000487e-03
1.259049117534714185e-02
2.886388079891890057e-01
1.543220964524855410e-01
4.985986000559838871e-02
9.514395301012371076e-02
3.053877794724972616e-02
8.882229760262916329e-02
1.168548380019880789e-01
3.790851069733244816e-02
3.740253999639572835e-01
4.161059316758520810e-01
2.373790178264897910e-01
1.254922654402521875e-01
9.428544515134394677e-02
7.783481996322329233e-02
6.088866476514996628e-02
1.062625514254465914e-01
4.293363657020961288e-02
1.502972234890233016e-01
1.574014041029188349e-01
3.353532700778617814e-02
2.160341252328167386e-02
7.658358575680510733e-03
3.369406640738211167e-01
2.177383249152354400e-02
3.662374488924057259e-01
6.987458011799640989e-02
1.608955259957168260e-01
7.876633474674504809e-02
7.367399075388605251e-03
2.135058999925810441e-01
1.873151081301857590e-02
1.810790915146178945e-02
1.468162322748558513e-01
8.837390287192317673e-02
1.134507581894063227e-01
2.515958517511187598e-01
4.442152177867087631e-02
1.172328984534615204e-01
1.264566826604930638e-01
8.491376830060820557e-02
3.036820957970137735e-01
3.285283793189683332e-01
2.632378555945246168e-01
9.888137716698264246e-02
1.977148321060739899e-02
1.282332882540881680e-01
5.282253563373819766e-02
1.060202904704569404e-01
3.614908057177759065e-02
4.055040114841431675e-01
1.282211347403139079e-01
3.712650813164630748e-02
1.223338365626769897e-01
7.760871334167360365e-03
1.809537735492519617e-01
2.886378273434851011e-02
1.578412166782488801e-01
8.614746067162759591e-02
3.470914399297403419e-02
5.214434401649412076e-02
3.410279514482195129e-03
8.591123493395345923e-02
1.873151081301857590e-02
7.155366751585928720e-02
4.974306959718385879e-02
9.061239565839848686e-02
1.398195025766375832e-01
2.226463199000477400e-01
7.731385412473444629e-02
1.848596728085564744e-01
2.981381275277799059e-01
3.567080212231624192e-02
6.655151157557293029e-01
1.955131469511391384e-01
2.310771655347134690e-01
3.290601277874835029e-01
2.404471387205748406e-02
8.119420451319842025e-02
2.590799517755667386e-02
1.133380642986041298e-01
1.367697896476719466e-01
4.302999766170238494e-01
7.392116360794920293e-02
1.311647248822196965e-01
4.486550967603392115e-02
3.091973990893526203e-02
2.205289153478502129e-01
1.888341266874232066e-02
9.558289091584408481e-02
8.662270330213622804e-02
1.153044092665442000e-01
1.502759569013029095e-01
3.410279514482195129e-03
8.568868595026690738e-02
5.046768768727991072e-02
5.736438164516367844e-02
3.376281992729851522e-02
6.122105911376225784e-02
9.860119141957207622e-02
2.477119627288044135e-01
2.064261194260730292e-03
9.240519914288944370e-02
1.340910933725878440e-01
9.996815811423070963e-02
7.870581716602355060e-01
2.550463002283079317e-02
2.567626793515720429e-01
3.453387757710875139e-01
6.079337360366088294e-02
3.732226920228955830e-02
2.134111796104017512e-03
2.051512796493336066e-01
1.229580685330390333e-01
3.296615592040417209e-01
1.338815816046244889e-01
6.093228248834225980e-02
5.571115049038653094e-02
2.674518737121150957e-02
3.646333815472950768e-01
7.663860269024852512e-03
2.747436591428321917e-02
9.399280495221351561e-02
1.830485780430261000e-01
5.242632157749268357e-02
4.371852610917056903e-02
8.568868595026690738e-02
1.052061788526600927e-02
8.650856284012328756e-02
5.568304869220011555e-03
1.334421077255297516e-01
1.158222233164431791e-01
3.596293143710853069e-01
1.455514861634000789e-01
8.720315485345184192e-02
1.971284341077788049e-01
1.449718412457948469e-01
5.568476711197547502e-01
9.621085673032862828e-02
2.068863638766422763e-01
2.040668220029379643e-01
9.660164357951940561e-02
5.574041466344088064e-02
1.836843675501227549e-03
4.518088661411256979e-01
1.211646115556972436e-01
1.455937078151040565e-01
1.930741781430092285e-01
2.955335072511516836e-02
6.632122231493468856e-02
1.740734293281363532e-01
4.980371753920933564e-01
8.582630637428145803e-04
4.338689791558075770e-02
8.050112825984245823e-02
1.593029758808525154e-01
1.622256867518562240e-02
4.371852610917056903e-02
1.860581380600488319e-02
8.208979362225264642e-02
4.916540017307644006e-02
2.168246063654912237e-01
5.028344892065830796e-02
1.626046474859631497e-01
2.027681823175740417e-01
3.349694726150383994e-01
6.290454876515562399e-02
3.308661361033312653e-01
1.088664086533936565e-01
4.973302129171568442e-01
1.256213459766948037e-01
2.002527116264209428e-01
3.407168993400215562e-02
1.053706845933244374e-01
1.563241224253185124e-01
1.315920386514710105e-02
3.160419371893967155e-01
2.336163419968743660e-01
2.615479162624705922e-01
2.612488956156152620e-01
8.826807465958486087e-03
1.302308060208509297e-02
1.391490792337083393e-01
7.898319549759004188e-01
1.610359378031159250e-02
5.165582572895899283e-03
6.259752307271117255e-02
1.273420634632974613e-01
1.310745007094027137e-01
6.379318541291277567e-02
2.383472434673627460e-01
7.916808221988884398e-02
2.406538961113986394e-02
2.095621556913834782e-01
2.665055511718006365e-02
1.488455400408308649e-01
2.192759624330250234e-01
1.626136141316936179e-01
6.290454876515562399e-02
1.662940003384087428e-01
8.906904722590258672e-03
6.180219759630485310e-01
1.622087788658352903e-01
3.319510634871236654e-02
1.593025392174691746e-01
1.911852871579091673e-01
1.047644260120290383e-01
8.329912032321687421e-02
1.709188574217637702e-01
2.397855771124869639e-01
3.721226816037652152e-01
2.430886642425279798e-01
4.023579149155200874e-01
6.948922123740827739e-02
9.120707581193447655e-02
5.301992448779948575e-01
8.456139488671840510e-02
1.025801733668296745e-02
2.307877897326479286e-02
1.172753462549887410e-01
1.415877009345735960e-01
2.195129071004418841e-02
2.347578361372758826e-01
8.856330350739534396e-02
2.321618883369061873e-02
9.545543241305287641e-02
5.496349996178480357e-02
9.028340621979961955e-02
2.745834362492448610e-01
6.944601597933142134e-02
4.614004713935053459e-02
1.058176141881500276e-01
2.109384485955839370e-02
7.420891954812114388e-01
4.830194153734018725e-02
1.903428483627178647e-03
2.363825742114341599e-01
2.147164648651773700e-01
1.126906110608237171e-01
1.512697360197995111e-01
2.211114951951261842e-01
1.583473632119803687e-01
2.093711816295980022e-01
2.912364981187536284e-01
6.557519654215614446e-01
1.067521201938737424e-01
1.165496406137375984e-01
4.271603717018156443e-01
5.109972970041246759e-02
2.046513493961843455e-03
8.981583373430246375e-04
1.045765940766823776e-01
1.170383018386664670e-01
4.096528914622906553e-02
1.694062891573706042e-01
1.917993835047092088e-01
3.505818387451127560e-02
9.545543241305287641e-02
2.000192634873518976e-02
9.028340621979961955e-02
1.776526799921173683e-01
9.140672131528471134e-03
1.427640811915250078e-03
4.104190225766132794e-02
3.628519340408500882e-01
4.429064700238563024e-01
6.339822404627201702e-03
1.903428483627178647e-03
2.363825742114341599e-01
7.505779875381120292e-02
5.836588140248484546e-02
1.404657120461418329e-01
9.407266018017877707e-02
1.326436126441531416e-01
1.021115036614648752e-01
2.519588595612298754e-01
4.232600628884512495e-01
1.534649316718772472e-01
1.069139788609329289e-01
2.894196613708031052e-01
2.101430605592667644e-02
3.606213410625877525e-02
8.981583373430246375e-04
9.191154548591694284e-02
5.542914154248693159e-02
1.080163242701846771e-01
1.639324711413140956e-01
3.760895668287863591e-01
5.436378182699719286e-02
1.584255076713850796e-01
1.859509077696330781e-02
3.433191168583255015e-02
1.831890111036063584e-01
5.999216794297752148e-02
7.626295670978340546e-03
6.060811835018410643e-02
3.257495835468545153e-01
3.068172880846533057e-01
6.339822404627201702e-03
1.903428483627178647e-03
5.914163669922390953e-01
8.736360603865502006e-02
7.711799772064298342e-02
1.283053586334489404e-01
1.748847060763654704e-01
9.088884567444796558e-02
4.578425637376497548e-01
6.549280129062129419e-02
4.300770537598463950e-01
1.881405311811948367e-01
7.183100051139126863e-02
6.869519453087483130e-02
8.777588195962424122e-02
4.642225162787456255e-02
8.981583373430246375e-04
2.719971060323011711e-02
4.754607898352201933e-02
1.869805208124701301e-01
2.065665098174109537e-01
3.067020720734064398e-01
1.593008296772124854e-02
1.724923533073890736e-01
1.859509077696330781e-02
3.803412261104575920e-02
2.124742277918595657e-01
3.108650071516916996e-02
3.326037973498119360e-04
3.779595501030848237e-02
3.335299738329541297e-01
2.775604239642920912e-01
6.753405389804401082e-04
5.941757297804423077e-02
4.410373517070329541e-01
8.594088830465539119e-02
4.533572744448101377e-02
8.397487030660735763e-02
2.153623999584096393e-01
6.599836497450338457e-02
2.885758828448820035e-01
6.359684641465229715e-02
3.080661828941059222e-01
3.637582516020771428e-01
1.164287716234849585e-01
9.025956130421924906e-02
6.755437711717561522e-02
1.104705335575558028e-01
5.519726984637816913e-02
2.719971060323011711e-02
2.115692872915936329e-03
2.341937013498796571e-01
3.680376673645806562e-01
2.913065221543439387e-01
3.033244708609125068e-02
5.500254175535832651e-02
1.133629352559223091e-01
2.364658430859273297e-02
2.124742277918595657e-01
1.403512369682642924e-01
2.673972158896997103e-02
1.817164881441421520e-01
5.008234019420390037e-01
2.376167178577668626e-01
1.691898105297225396e-01
9.412890342611651001e-03
3.156511799661519957e-01
6.883504038526694346e-02
5.659034229639234304e-02
1.247845067752962889e-01
1.718135285622641728e-01
1.087985647252498189e-01
4.327005196849269542e-01
3.234569591133071298e-02
2.100482439975924209e-01
4.293431907115953239e-01
1.013657524712097691e-01
2.056112343079233851e-01
2.312995944189772113e-01
1.706039661848384181e-01
6.263738246844924307e-02
4.303827176286911804e-03
2.115692872915936329e-03
2.784755511565369379e-01
3.499378018197169538e-01
2.531829674868781854e-01
3.627304681023852534e-02
3.727281116958393314e-02
2.862787630200858136e-01
4.963737726275029016e-02
5.110271308664360301e-02
1.809366912263296323e-01
1.779504784554028218e-01
7.604281107553576002e-02
3.517967680346780202e-01
2.343720175231429892e-01
2.001562996612430700e-01
7.723734420772558618e-03
3.756579117209812857e-01
5.224063435102930392e-02
1.291033226525275801e-01
1.868858831646371677e-01
3.138790688510123550e-01
3.316606534013750718e-01
2.854612926852448940e-01
3.214402763307673550e-02
2.057040814359368808e-01
2.359192988610663011e-01
1.387205410058694466e-01
1.962250305514930404e-01
3.444059357137383426e-01
5.446293014994851855e-02
6.896371935828971012e-02
9.431349240110853405e-03
2.115692872915936329e-03
2.784755511565369379e-01
3.157115196396847456e-01
3.076538194918969071e-01
2.572638059539793243e-02
1.801246367959258021e-01
2.171595335358463830e-01
1.456779093272353443e-04
7.159195941872226188e-02
1.105828100232409128e-01
2.715019210504059366e-01
1.465058955744608649e-01
2.371159889019567868e-01
1.962927243683699474e-01
1.734172112190766057e-01
2.312877275271580657e-01
4.297021885287853893e-01
9.352805397543928478e-02
2.902263557817667539e-01
4.629991267206621242e-01
3.575667484426501772e-03
1.559622701920506116e-01
2.903279545332745348e-01
3.702299969039707372e-02
3.189993042071667673e-01
7.625697266412528874e-02
9.297494225204193385e-02
2.192999699839200678e-01
1.136095417713015726e-01
2.706067423474643047e-02
3.042341085402799905e-03
3.141773247994583684e-03
4.084924506577541220e-02
4.699491262064709601e-02
3.456400639912547978e-01
1.470607368611393795e-01
6.526890996298621850e-02
4.049218260252709922e-01
4.305818039711453715e-02
6.822249628359916551e-02
1.509466765921615994e-02
1.379591959186211025e-01
1.280587720391136997e-01
2.954920141478363238e-01
3.472204673120917739e-01
3.424816480327703139e-01
2.341145559503047258e-01
4.070842340305591556e-02
4.110749906459271186e-01
1.454837101677430855e-03
2.545371779479037588e-01
5.478693456911536419e-01
3.575667484426501772e-03
1.850102097852101557e-01
3.847635601204262845e-01
3.722394440602926763e-02
1.533829233112911083e-01
1.317148016150148648e-01
4.799844261049178440e-02
4.050004723202067086e-02
2.237714489245352378e-01
3.653419172960400974e-02
7.876825303102152898e-02
3.141773247994583684e-03
9.006959134367084618e-02
5.356221209233854447e-02
4.047630048578130246e-01
1.054424044152550421e-01
7.372484973341641989e-02
2.990076536868907509e-01
2.003783333501407693e-02
5.642569872009095544e-02
1.210596375279623382e-01
5.000801866566124965e-02
3.910196416512595752e-01
6.222493618624241885e-02
3.030320149291270138e-01
1.604766206411325224e-01
1.630878057555299188e-01
5.562452955670939281e-02
4.110749906459271186e-01
1.307849276219586084e-03
3.284204439757084093e-01
5.025229198297428423e-01
8.141787436456893179e-02
1.007112047918762021e-01
1.753292526327818734e-01
4.637032806336836149e-02
4.233761685816217479e-02
5.431250779742684276e-02
5.937407984592275173e-02
4.111486795346235706e-02
2.571272652516669033e-01
4.662479392568652514e-02
6.712606544553159638e-02
1.755284665538879400e-03
2.039543205020163952e-02
1.094410743141594478e-01
3.212203807348448237e-01
1.850044788788712813e-01
7.337055453663876570e-02
1.553819925422021409e-01
9.139612696426314270e-03
1.796835836967751177e-01
4.828874201180889669e-02
3.225275123440202174e-03
2.796920248454484725e-01
9.119816476585040910e-02
3.189667264437934247e-01
1.334474133229289483e-01
9.492597729354079750e-02
1.448540865697006963e-01
2.660937482970134882e-01
1.004559907088632340e-02
3.853815516989059775e-01
3.449351118155876694e-01
3.542582537832175693e-02
6.201623104024673455e-02
9.367836724678035853e-02
3.620625534169195914e-02
7.047958232765438868e-03
3.895660642418294350e-02
4.292483036945815011e-01
1.125419319064145940e-01
2.152209614631685752e-01
3.032745225578326737e-02
1.662240805951838429e-01
4.900495138432099662e-02
3.124402354122817263e-02
1.610151405753133258e-01
2.431302193057433558e-01
1.912369972697167686e-01
1.468343088970888721e-02
1.998601257214281945e-01
1.783697983788820954e-02
1.774097382108131005e-01
4.757139950528811723e-02
3.989552497107680396e-02
3.318606054611595857e-01
1.141955338270584930e-01
6.025977531632342732e-01
1.697564028887465493e-01
7.790743295276869596e-02
1.209922667268303886e-01
5.267053526288287824e-01
1.422896694041690668e-01
2.283186693072761786e-01
2.973305203740445046e-01
1.886897721383390403e-02
1.306112796066936088e-01
1.548276167052511365e-01
8.226142780586483128e-02
8.608697690148113535e-02
2.806484962695321439e-02
3.898346182351162814e-01
1.217215657712845608e-02
1.223560000231972422e-01
2.395661190731996140e-02
2.048284177694665587e-01
5.447471547131432779e-03
3.577275360868699128e-01
1.325728196936181436e-01
1.816692856964075009e-01
1.772286236188935493e-01
9.118531202966359550e-02
3.153654844618108966e-01
8.337578561434869084e-04
1.751268738639251143e-01
3.891606734611026408e-02
7.312426219129650184e-02
2.323461749325323455e-01
3.669518639411491895e-02
4.041038719266062396e-01
1.753385752406728670e-01
1.398172914591500893e-01
6.765544077369359255e-02
5.957033503720259304e-01
9.986063596983496549e-02
2.420331182105665557e-01
3.044246766334350873e-01
8.248196340764675505e-02
1.611796472351937071e-01
1.018742445773763994e-01
1.178894234500277999e-01
1.096837598619959525e-01
8.307044895589005273e-03
1.907765108662676234e-01
2.203445174956385894e-02
1.964493262714281374e-01
2.395661190731996140e-02
9.137809556483925122e-02
2.873924353340804455e-02
4.958847237201958746e-01
2.109982488868778483e-01
2.771321535309623219e-02
2.881763777093852008e-01
2.983875197082273001e-01
2.832968023191995699e-01
9.446889675111014295e-02
5.096206851742954291e-02
3.771720677617711182e-02
7.396673769692452272e-02
2.703650351525725415e-01
7.210938276614206610e-02
4.781117152514767765e-01
1.523845527196422966e-01
6.253479326573591068e-02
1.952003471271449020e-01
5.626273448555623169e-01
7.775670011985308383e-02
3.669923688788433447e-01
1.509774003943223919e-01
1.391501864708122593e-01
2.093783515830749120e-01
2.388523490401540661e-01
1.389996461039006426e-01
1.890663274674649619e-01
8.307044895589005273e-03
2.780524518601502210e-02
1.807442378964334295e-01
8.698817591977264785e-02
2.495059740954125305e-03
1.151874011899954864e-01
9.511661011265371002e-02
2.646811612569056615e-01
1.864325099731573010e-01
6.084211875028172622e-02
2.113513130659487593e-01
1.861346522685472238e-01
3.905118745401480185e-01
1.630616071431285619e-01
6.335923345369864901e-03
1.135853297350649521e-01
6.511180865126603434e-02
2.659594483077590832e-01
1.360903646555675084e-02
5.399008483452203411e-01
9.185968277437660257e-02
3.229346276286132467e-02
1.505104277541013669e-01
7.733690898142411285e-01
7.363044685989933447e-02
2.093880320958347308e-01
1.491347562747473154e-01
2.465942624102209213e-01
1.794537711986172179e-01
3.644087131295587478e-01
3.195407695181812224e-02
9.253586526297191694e-02
3.527827270017555583e-02
2.533004907225539643e-02
2.430072029533514588e-01
1.180608293710253276e-01
5.021729711497906201e-02
1.151874011899954864e-01
5.537536145002311394e-02
2.646811612569056615e-01
1.598899569518471564e-01
7.953540611556224327e-02
3.292481675786412265e-01
2.265415040839897642e-01
2.690088701281820871e-01
1.876876582625248147e-01
6.335923345369864901e-03
1.569931197416131741e-01
7.081269765112102599e-02
1.668963687940179796e-01
1.360903646555675084e-02
5.399008483452203411e-01
1.536251546195716855e-01
9.430784440344694430e-02
7.080708661991952368e-02
2.851473852866271974e-01
4.425952111291275859e-02
2.706463185937142968e-01
1.753556180959192357e-01
4.366065857476585932e-01
1.055206077374577361e-01
3.644087131295587478e-01
1.316935661452364563e-02
2.927684039816058625e-02
2.700642445427275939e-02
1.109755574229992908e-01
2.797769382615076239e-01
3.827782350866419658e-02
2.456937269182002392e-03
1.769954184947613030e-01
2.937509724441775272e-02
9.589107930503720789e-02
1.803279450160045760e-01
5.644051201114910071e-02
2.789219959262979609e-01
2.010571131604472483e-01
2.518795842593827827e-01
4.353318064269751653e-01
6.335923345369864901e-03
1.313478810053980705e-01
7.482983046880595235e-03
2.872842000763462522e-01
3.644002438687266726e-02
3.028750350317306328e-01
2.668216503929307093e-01
2.337524415059580030e-01
2.006356102708226063e-01
2.267585880710810131e-01
2.176953950444925588e-03
4.817506721655080426e-01
5.793210980224082485e-03
4.470358874984459163e-01
5.219718646970405995e-03
2.844406916968105770e-01
4.876988470425511202e-02
1.043122567673951950e-01
1.093546824075020546e-01
1.016723753624293736e-01
2.269225398441877539e-01
2.151115535273606660e-02
2.012190101841465628e-02
2.027041948522021464e-01
2.329324281270892666e-02
7.879228800073340144e-02
3.058604171156549256e-01
1.222209088362820328e-02
2.318856270596785507e-01
2.018977408381971150e-01
3.946902442801752398e-01
9.795152197228826352e-02
1.350933255933331814e-02
3.543829073857518441e-01
7.482983046880595235e-03
3.173986626479711748e-01
1.973068591048632303e-02
3.607665928229991104e-01
1.702782049416691756e-01
1.421117824411710640e-01
9.088194474740651785e-02
2.290419474899128838e-01
1.712403224086821441e-01
6.562903919381690709e-01
2.225863751073298147e-02
6.576239203664322464e-01
5.441847265062899064e-02
2.721022777839618434e-01
5.693399112797945666e-02
2.452702622728819559e-02
7.483004789572633708e-02
6.895935556945820277e-02
2.537227173910281963e-01
3.529446511924899665e-02
4.445084205670819799e-02
1.662045346282765013e-01
2.329324281270892666e-02
1.077222603886538177e-01
5.665093436660204596e-01
4.173464405007398792e-02
9.050836431630560064e-02
5.037879584321089954e-01
3.919871649261217339e-01
1.037283667550341626e-01
1.904369249268807532e-02
4.426544919940029743e-01
1.875542765653775978e-02
1.311529912141794207e-01
3.421862540833384148e-02
2.995293978618472353e-01
3.751034288025069663e-01
3.306126585728026424e-01
8.551792584236367345e-02
3.833730185564445669e-01
9.254522023145569931e-02
3.983861173823169954e-01
2.225863751073298147e-02
3.276630137577742907e-01
6.985958611935266793e-02
4.892385976697090633e-01
1.607542741298949307e-03
1.496747627019219887e-02
4.455620003641874022e-02
5.222685920080655936e-02
2.682568971842987371e-01
3.401389181641741727e-02
1.181925058274566342e-01
2.668897287923951422e-01
2.317902893171716050e-01
3.348054039407526994e-01
1.243069375700950607e-01
1.196861982207832742e-01
2.791669469819821336e-02
4.398206804466953113e-03
2.134043723901816181e-01
2.761097921465817673e-01
3.145569808845926491e-02
4.563863933951076146e-01
8.944808245382442069e-02
2.442092095120976525e-01
1.111747412091247528e-01
8.721579053660406811e-02
2.390452902943018820e-01
5.756950870721173619e-01
4.084121231790137883e-03
4.851510887369117064e-01
3.839916015565907892e-01
3.994341299396080847e-01
1.505693094726399950e-02
2.746833571668192420e-01
8.651912438937314764e-02
2.596933435492578823e-01
8.119718664615163672e-02
5.375386814523022694e-02
3.664995866548861891e-02
8.264732883165620825e-02
4.092592869085563967e-01
3.789135999102556662e-02
1.990596408219054148e-01
1.267701304535826523e-01
3.632858872512153559e-01
1.978010647944720146e-01
8.453301784338446145e-02
1.070068246156063163e-01
7.945937062504364323e-02
1.058008571856065144e-02
4.565805278784145216e-01
8.855557645186529214e-04
1.224267512869671448e-02
4.636881147769940092e-01
1.424943014179726464e-01
2.033698557630690962e-01
1.603722334449219078e-01
3.104216874976306606e-02
2.949408600073976094e-01
2.881355613050579079e-01
1.405433747562120639e-01
1.379183360248551204e-01
2.801487820630844117e-01
2.645100796625428075e-01
6.619798006575268456e-02
2.808674539768745149e-01
1.606902853288513511e-01
2.444871741512370245e-01
6.073753814690249775e-02
7.970039739400952561e-02
8.191451921280157311e-02
2.899983939617456485e-02
2.319137275426211009e-01
1.079004250639090112e-01
1.623256685446129999e-01
1.282708304490219886e-01
2.578279497907471352e-01
1.892809356028270218e-02
7.172544175728967630e-02
1.070068246156063163e-01
8.591394481319047927e-02
2.066394502447143067e-01
3.708182604909748270e-01
5.603982397481382938e-02
6.635890999897392506e-03
4.418956396662888086e-01
1.226358237326661965e-01
1.700907831155024641e-01
5.487676468152120901e-02
3.872567212677096443e-02
2.880940172634861574e-01
1.108132022321818289e-01
2.427135799223036072e-02
2.552813252017521739e-02
2.763636864961404038e-01
2.099003177543060650e-01
1.350139067126179815e-02
4.520360612009492740e-02
1.374633195004632269e-01
2.216135027092606125e-01
1.121703459949710546e-01
9.966036167666988965e-02
7.252610186519886648e-02
5.609990327151906375e-02
1.557105820191134748e-02
9.397984100995106227e-02
6.880426092088742784e-02
9.934275716583389204e-02
2.580817802183937859e-01
8.217222887237482509e-02
6.414857987216052160e-02
4.905212695130282269e-02
3.640315004182063940e-02
3.113314292777262793e-01
5.059567311922350541e-01
1.863596953087623409e-02
2.007956271391538386e-02
7.276593115500857856e-01
1.226358237326661965e-01
1.411060027638441627e-01
8.305684293582878130e-02
1.841745852461434962e-02
2.908333510693121848e-01
1.186283135861054827e-03
2.605702258359959833e-02
1.149252073860265039e-02
7.640833257649580490e-02
4.618769747932808256e-01
1.350139067126179815e-02
2.368628272077372143e-04
1.387401435368220692e-01
3.688447052294176881e-02
2.139600510131459132e-02
8.146439842720967772e-02
3.355322653227820612e-02
7.097251680394650597e-02
3.898090566504263527e-02
1.450217538791995497e-01
9.715600008945922406e-02
8.899335376917674734e-02
2.463849971719442311e-01
1.133574974912698041e-01
9.322297647416014077e-02
8.081185917107569505e-02
4.676506220134133557e-02
4.330128980674436967e-01
4.398921419481028883e-01
2.669678639265769468e-02
5.371986729666457239e-02
4.878462688884044329e-01
3.696874957163111958e-02
7.759394684628510841e-02
8.987729474273367658e-02
2.545652060033076758e-02
5.843421281503412279e-02
2.257819453408704269e-01
3.088917467917001725e-02
7.351933066000258810e-03
1.068110688515707257e-01
4.076634691697209600e-01
1.795629995760444908e-02
1.985670031491031801e-02
9.291207023813047305e-02
2.751879152504073112e-01
3.056439477219027173e-02
8.498261975687859682e-02
3.492185369571680631e-02
1.282157805926268102e-01
1.268571408628989435e-02
3.029375938290038706e-01
7.301889607969472284e-02
7.419381505209159122e-02
9.782144921730800968e-02
2.864178043874870405e-01
2.004409302279612504e-02
1.325413087227575448e-01
2.898470524600068043e-01
3.935033615309380117e-01
3.658489891692284779e-01
1.580961964355086236e-02
3.892748916494456757e-02
7.623887228376986513e-01
2.258193605793789027e-01
4.341735028077167713e-02
1.018763906710650480e-01
5.939596158912655716e-03
7.015894984316851934e-02
9.900964387739179251e-03
1.283384141722881400e-01
6.017527160099634537e-02
7.530727206863035983e-02
2.211134910849354429e-01
1.476653590826748977e-02
2.370012837756666629e-02
9.291207023813047305e-02
3.339096405138093915e-01
7.818006191492643531e-03
1.749406745376984873e-01
3.670077045225978579e-02
7.582147867455507617e-02
1.886423663711929086e-02
2.741218806518922468e-01
4.559283839965851126e-02
6.379152968713985850e-02
8.614465840862117751e-03
3.064483874660204332e-01
3.152402200317219044e-02
8.944571734876237412e-02
1.726635621668356213e-01
4.289065481161752347e-01
3.782608861210763895e-01
1.355322362534427949e-02
4.820553584915285295e-02
7.592510602568939282e-01
1.510180896750918655e-01
2.335577008741786947e-02
1.291193977138199445e-01
2.238692882097232939e-01
1.066747782134217226e-01
1.864093899262547066e-03
2.202038230750373859e-01
1.580941957566522060e-01
5.174234388383010252e-02
3.220240583913431820e-01
1.629307699459402528e-02
1.760504874943585873e-03
1.688893119635391515e-02
3.691761311057136230e-01
2.393115397388384524e-02
9.729894732024893522e-02
1.432117346026164084e-01
1.091688622532849678e-01
2.125090679162216362e-02
1.559625683350622516e-01
4.559283839965851126e-02
9.144067779724185385e-02
6.641552720844899615e-02
1.136795209628585074e-01
4.871945130171149996e-02
6.103537777343460979e-02
3.140911752635525689e-01
4.289065481161752347e-01
2.616719854550491609e-01
6.208235816456894596e-04
3.516862042812586575e-02
5.710103661888438209e-01
1.449422153614925990e-01
3.559298102127165381e-02
3.568708261795693060e-02
1.336126569572559375e-01
3.604616200819571459e-02
1.864093899262547066e-03
6.866199046481364920e-01
2.297241575474251452e-01
6.104295569742243521e-02
1.286079031456798805e-01
1.398472309930069886e-02
2.552492605976170448e-01
8.266530687781938058e-02
3.342097539483346313e-01
8.364140539327970247e-02
2.790734396826968222e-01
1.479943006638274050e-01
6.130595235872512982e-02
2.125090679162216362e-02
1.128619241496478381e-01
8.623693492067138755e-02
2.946808637773427886e-02
7.553248061538328506e-02
8.393757409593359531e-02
1.149621392900000705e-01
1.429227358795383263e-01
3.481996200803044728e-01
3.982802651651647929e-01
2.331808253035865808e-01
1.988205361469971844e-02
4.615445645216043058e-03
4.359785970605134509e-01
1.595662582780827954e-01
4.221407220280713746e-02
3.568708261795693060e-02
7.306929311912507830e-02
4.923853528843863403e-02
1.442129937231320658e-02
2.506066314506978365e-01
2.270355974742176985e-01
4.940551850424923508e-02
1.838482671456255768e-01
1.166996603135994487e-01
1.318943867110394241e-01
3.222464738216873625e-02
2.428112053527790581e-01
3.723682741520258077e-02
1.119383001013437018e-01
3.698527916952387695e-02
1.263521149745798766e-01
4.731881250577309878e-02
2.881734933313643277e-01
1.177160595021171097e-01
1.555718839262937303e-02
1.454917520973720013e-01
1.048228820348323931e-01
1.261502590004674462e-01
1.087046875547697522e-01
1.818533508907098084e-01
4.031255361752992261e-01
6.744544191946266753e-01
5.359464457493096079e-02
4.615445645216043058e-03
4.359785970605134509e-01
1.670123501078197570e-01
2.779566844478627285e-02
1.775330539832209453e-02
6.712054966194420935e-02
5.454781554774180280e-02
4.946947249882434339e-02
1.682650045578947817e-01
4.840377315201933595e-01
4.940551850424923508e-02
1.315072469090893814e-01
1.725670270720277566e-01
1.999528267979417684e-01
7.680679663418606140e-02
3.289428228450963498e-02
3.723682741520258077e-02
5.622186152409676396e-02
2.605496956875676950e-01
1.007147124961637608e-01
4.441843223894199194e-02
1.731248228202498796e-01
1.383589264580885880e-01
3.023262747919930327e-02
3.819735583845382809e-01
2.241114425007686428e-01
1.037391643787689416e-01
2.468704104251228659e-01
9.438506089466544569e-02
3.980200240210969298e-01
7.028788465662338947e-01
3.772410493039296542e-02
6.007632924306748751e-02
4.359785970605134509e-01
1.658262228260146964e-01
2.425745123189272934e-01
7.595108656869054009e-02
1.444239758489666015e-01
4.660504987797027543e-02
5.827216025196454985e-02
2.268600302087916409e-01
3.830679240124669205e-01
5.783721954607619342e-02
7.437391407415716582e-02
1.776792557973944087e-01
8.029694227744416102e-02
8.050092795664065548e-02
8.653165824840935993e-02
4.803050675138126335e-02
3.106161565144187620e-01
3.300225279665978118e-01
6.889298126759713092e-02
1.075831753551193676e-01
9.450038354654716199e-02
5.438723592029902354e-02
4.178157709722751106e-02
2.008503816662245700e-01
1.857126424839469214e-01
1.838028821097235921e-01
3.725933832153410785e-01
5.366997076829598673e-02
6.711246795751750760e-01
4.158671074674357149e-01
3.772410493039296542e-02
6.423760295970407097e-02
3.995140689722144756e-01
1.683715353154104921e-01
2.634283852213545329e-01
1.203482645480751512e-01
6.254915025067075973e-02
8.463340928353005332e-02
8.769369368065380033e-02
1.882031178050510012e-01
4.430755654781618480e-01
6.565356216161305491e-02
4.058987433677213597e-02
2.859638441631870420e-02
2.243198684764701745e-01
1.556440870001704613e-02
1.345234677550893598e-01
8.878905947480573990e-02
4.218058640763776568e-01
2.921876293889366094e-01
5.783668363794686185e-02
7.443836571952938685e-03
1.267758559506403787e-03
9.680170193235751452e-02
3.238710280484079218e-02
1.833109649246196238e-01
1.916261860878324397e-01
2.843733375016045395e-01
1.802884184642713494e-01
6.089445827483675605e-02
4.907809285191860327e-01
2.817696311787080132e-01
5.062078718752865275e-02
6.423760295970407097e-02
2.449434081917179484e-01
2.129252714780394129e-01
2.076306169222551512e-01
3.712546435861617256e-01
3.890670866571935976e-02
1.136508917416155229e-01
1.498205579209993879e-02
1.779714257409796829e-01
1.949224903557319755e-01
2.178995193871346991e-01
2.428877697683839987e-02
5.327775671164851345e-02
1.892177648996899997e-01
1.556440870001704613e-02
4.750452635241021737e-04
1.000310854602138450e-01
2.206830220190359459e-01
5.194831803609268883e-01
1.021617713293648810e-02
7.443836571952938685e-03
1.267758559506403787e-03
4.083616277312952791e-02
3.060252683950786395e-02
1.398104957174758911e-01
5.274934007738376618e-01
3.149420677967280646e-01
2.304106010243917035e-02
6.456525837252630184e-02
2.809175010779155768e-01
1.149756917127552763e-01
8.884028896793655372e-03
9.097738868804890189e-02
3.379270007020417355e-01
2.160041599321058103e-01
2.597143134028886968e-01
3.194854177114395677e-01
8.458111217435376750e-02
1.607269540934775365e-01
6.499178240349752500e-02
2.200037394453148165e-01
1.724896716867830582e-01
2.340866700584664228e-01
2.605131881370479838e-02
1.081288875193706644e-01
1.618951920742218720e-01
1.635455420158410667e-01
8.389200987036701807e-04
7.241658960449814941e-02
6.638723998925322167e-02
1.916771796768828584e-01
1.021617713293648810e-02
7.443836571952938685e-03
1.188537006697351628e-02
2.098189920114071350e-02
6.305564051552858817e-03
4.884765890158476731e-02
2.493275081176338781e-01
4.589474126972427070e-01
2.667470332580549122e-02
9.581450758196083384e-02
2.713112121476253802e-01
1.239206366668632597e-03
6.973383131406760138e-03
1.519143184737385133e-01
3.027073070398094701e-01
3.369392205024561160e-01
1.949996480597734894e-01
4.374192695798364561e-01
1.667970589349997423e-01
1.423177778000518923e-01
3.781878710276490030e-02
1.608548608140464298e-01
1.263978974799858102e-01
6.647911312805961925e-01
6.704035613460622434e-02
2.013935623977186340e-01
2.090313671670654405e-02
2.304846436694808487e-01
9.242796708572505182e-02
5.279881309260631150e-02
5.960064930142012357e-02
2.783176564413335496e-01
2.888726642428828678e-02
1.713735158206981454e-02
1.185485384247760357e-02
5.003138596616667905e-02
4.950428912126736761e-03
6.872130485855955373e-02
3.503161922330903510e-01
1.565831162403807653e-01
4.716312899277602666e-02
2.967489511834145444e-02
1.006607188552441495e-01
9.911193316398606012e-02
7.197054972778921256e-02
1.728066437906737862e-01
1.363759694307964676e-01
3.499709241132237247e-01
1.453905829587259779e-01
2.262415515783901543e-01
5.985993836238213961e-02
1.436924967392163022e-01
1.300732042223559648e-02
1.481640366143889276e-01
7.075500224104575020e-02
3.542698638610025652e-01
6.008827442524015267e-02
2.439418014995789197e-01
3.972183700357904967e-02
1.157243485079122169e-01
2.562439805011587635e-02
9.487563779120675167e-03
4.296876502554822230e-02
8.217950739263901738e-03
6.925737666751481669e-02
6.476214113528906691e-02
4.954339825092637928e-02
2.186593012122156621e-02
8.409843420156251637e-02
6.261693343716542848e-02
2.198542646474284934e-01
1.400995379665725404e-01
3.855576803214218196e-02
2.204806301688083670e-02
1.386866730510365187e-01
1.318495302411510639e-01
7.578587228132635523e-02
3.881307142903715479e-01
1.974948246919896733e-01
5.334265818940133741e-01
1.161017401487446921e-01
1.090376566991316798e-01
3.149344609720544641e-02
1.249103778078695104e-01
4.093033551607724169e-03
1.482837854017967361e-01
2.171216848522177639e-02
4.992863517277947305e-01
1.475275497430657556e-01
4.285885958247738214e-01
1.832501234945555293e-02
2.309718501120984757e-01
1.134692771803225142e-03
3.144357744213101269e-03
4.674792783230852233e-02
3.461273489938419823e-02
6.693686098625833969e-02
1.028577895056631136e-01
2.913425272908781380e-02
1.724142989520868752e-02
7.881612396177349600e-02
8.419967190381694166e-02
2.075849650371932309e-01
2.175398192705425837e-01
2.793209000730816419e-02
3.543548874651566982e-02
9.373912716290902503e-02
1.987083573430182826e-01
3.683239743027678093e-01
1.846448500101883772e-01
1.807279620238598228e-01
5.380379277887116229e-01
3.713758871577227394e-02
1.088608664545567262e-01
3.582243353443945733e-01
1.006614700656231487e-01
5.589403488597705777e-02
3.290127777373360596e-01
1.951609947934524608e-02
4.213105017599402258e-01
9.140195863336531001e-02
3.815660682338253840e-01
4.074325597005677702e-02
2.964690539657943713e-02
4.828919879568013829e-02
6.884862492493673720e-03
1.254729333678978598e-01
3.461273489938419823e-02
3.165338869900199970e-02
7.954945942510227574e-02
1.189265601526967586e-02
4.046797504557703151e-02
7.881612396177349600e-02
5.672183867647040412e-02
2.860770585977521208e-01
2.912653878282088216e-01
7.916478268434443133e-02
5.756837758345600964e-02
7.616149316593195939e-02
2.620563883483160161e-01
1.503637890671760124e-01
5.464744532451115688e-01
2.164497186919716598e-01
5.380379277887116229e-01
1.138892391479827126e-01
1.802506363004925116e-01
1.915092757684504210e-01
5.691406002416161264e-02
8.333441892740772738e-02
2.682967551082857116e-01
1.776890984143256885e-02
4.042170823420718762e-01
1.234083801778920186e-01
6.285853653721878986e-01
1.660878715633898883e-01
2.952251355587496434e-02
1.895607284399507958e-02
3.773501924767175275e-02
8.742671651002953404e-02
3.810545086748007293e-02
3.329314412159784659e-02
1.250899056038438373e-01
8.503533945835774210e-02
2.412965330046560886e-01
6.008930888477165277e-02
9.621867006979478720e-02
2.576339079401996912e-01
2.376996438048531446e-01
4.072695224394981550e-02
6.731940924592061393e-02
1.186609819258790111e-01
2.764323901469735167e-01
2.707316861934833119e-01
4.896844335280017835e-01
1.523006339996314518e-01
2.816681511680765304e-01
4.767999535016398394e-02
1.124272649964356691e-01
1.649870606830682040e-01
3.534855756607047095e-02
1.225175275387432317e-01
2.842449234498501953e-01
1.668087959208122972e-01
7.393553490693013375e-01
1.878930791250885690e-01
6.185398513564009937e-01
7.262330326556339088e-02
2.742652533697223505e-03
1.895607284399507958e-02
2.939189191995348130e-02
4.363885285349822230e-02
2.516790418701643217e-01
5.117913523458102187e-02
4.324474396172486301e-01
5.794340567693791189e-02
4.954189023184776830e-01
9.323293777488660117e-02
5.684609640746231263e-02
1.297231664873763901e-01
7.616126171215176210e-02
7.256407331835221242e-02
6.759483027203583294e-02
2.112216571600412929e-01
2.190797565822322490e-01
1.611742513939912191e-01
2.996130012888335026e-01
1.059332588379733875e-01
1.248777004761697923e-01
2.368008572093620312e-03
1.344456759099711685e-01
1.776527065996358901e-01
3.773311112645626186e-02
1.966319585725165298e-02
2.468829128507348258e-01
3.275495747124268497e-01
9.317095594275280890e-01
9.460243492323501535e-03
2.360519442458370309e-01
2.801866117323327243e-01
6.665973936987087956e-02
2.510213687251841574e-02
3.536970787648191505e-02
2.297028903916744844e-02
1.960646927368584480e-01
5.362827017494568860e-03
2.946885265786308716e-01
9.679604723912948322e-03
3.808621680260877440e-01
3.199617381434433083e-02
6.112324943111413500e-02
3.870125880824625830e-01
1.210185994139685861e-01
1.349831138298011601e-01
9.661530570793600003e-02
1.826983851075275056e-01
6.646170625659322817e-02
5.986157698569277708e-02
2.398016559587159424e-01
1.880707550821318075e-01
7.115631274123257466e-02
2.831498616383959499e-03
2.239953211188727422e-01
1.410702232274186618e-01
2.685367425884923817e-02
1.966319585725165298e-02
1.500422503158470589e-01
2.556287640575561904e-01
6.526674098612372799e-01
1.619242874297124879e-02
2.954771490074192819e-01
3.293449261946075346e-01
1.097915692865544246e-01
6.883287574891955307e-03
2.257001101636003926e-02
2.360754739055535151e-02
1.682287136324987498e-01
2.673211550751383725e-02
2.505635806560985168e-01
8.426988391918119325e-02
3.147446162993295937e-01
3.805961374751787307e-02
7.822604705279861959e-02
2.394482010747374656e-01
1.514813028995850575e-01
1.396945239356511270e-01
2.083568053500017836e-02
3.272223573873690450e-01
1.545830424662358871e-03
6.867907721589730508e-02
9.824498751097690552e-02
2.859246720325747670e-01
1.412520262628179091e-01
2.041880647863061546e-02
1.870187142173542205e-01
3.588245290958861494e-02
1.075373156869284669e-01
1.798898717987123391e-02
9.817872962380451429e-02
2.691949308000629593e-01
5.027846393384116652e-01
2.060059788392420987e-02
1.580506732923981361e-01
4.044492847016050718e-01
1.712339104051945060e-01
6.883287574891955307e-03
2.379827793153910589e-02
5.740199729904171821e-02
1.669461683211931335e-01
2.024548827707242996e-02
7.569880721090171960e-02
1.992734254093589952e-01
9.288056964258518677e-01
4.619477983079725569e-02
2.899631474375563567e-02
2.755045017996898826e-01
9.849930249097474388e-02
2.069396506371083411e-01
7.276737024772000906e-02
5.132927515314786859e-01
7.261745707110283526e-05
6.671331216734172065e-02
2.826212108208157048e-01
1.054222659237148002e-02
1.696372379121252327e-01
9.759318628049135080e-02
2.023315969695650418e-01
1.159271287314455057e-01
2.514237742396185915e-01
1.043474360033766063e-01
6.578188246164093367e-02
3.104589059238446191e-01
5.027846393384116652e-01
7.823330931173830272e-02
2.443207909358142693e-01
2.815748226241896468e-01
3.227510018252647273e-01
6.883287574891955307e-03
6.523513597888781768e-02
2.329868002078349862e-02
1.803395256162347582e-01
5.149680467262976458e-02
5.016507330277562154e-02
2.315059600575083976e-01
3.681828620697144006e-01
2.812799064913211119e-02
3.181959882925260857e-02
7.664195834701599264e-01
1.369388891242397932e-01
5.610283966224330343e-03
9.024332435427043220e-02
1.484421109818430118e-01
7.261745707110283526e-05
1.470139331329137211e-01
1.965733324293344186e-01
9.068261423248918929e-02
2.865447069647301115e-01
2.512225629338519020e-02
1.450031650165991837e-01
1.159271287314455057e-01
4.461010360312792633e-01
1.291915416826991958e-01
4.334900385806866874e-02
3.464747309906148209e-01
4.159251123393071792e-01
5.897983072849914687e-02
3.084190904813918777e-01
6.861100057892325355e-01
6.981265582275869575e-02
1.650982617560765170e-02
1.572264394712344082e-01
3.788944971242258486e-02
1.286295192784468189e-01
1.357509677796009118e-01
7.567464108826038767e-03
5.367606668423952065e-02
3.396683752766259667e-01
8.664425687988325242e-02
1.484097619107505039e-02
2.824081769372122075e-01
2.160662440699425979e-01
1.048978048305865274e-02
4.232072038461366648e-02
1.200566049666966506e-02
7.261745707110283526e-05
8.668324885467817986e-02
2.810827045463786256e-01
4.884455417658137288e-02
3.162293857623329485e-01
2.076391174720476629e-02
1.207735867916334971e-01
9.367374994327742899e-02
3.759402447035193329e-01
1.065775983874057281e-01
1.020573320778510040e-01
3.477366779889654591e-01
3.603085520741028946e-01
3.897897457440932523e-02
1.554834951557478029e-01
6.861100057892325355e-01
1.778164335198166857e-01
9.250122627372077411e-03
1.608854275451473137e-01
4.976202855464527397e-02
3.044487602102546875e-01
1.013730667437863359e-01
7.574449908029197431e-03
5.949066847062689511e-02
3.649554640454811261e-01
2.113054845811516147e-01
5.445963875520405673e-02
4.718274807580142838e-01
1.535532029130765586e-01
4.096361352369909392e-02
6.253813377970313114e-02
1.618522630077344482e-02
1.736261586891479913e-01
8.668324885467817986e-02
4.111163662599440771e-01
1.152205031929436074e-01
1.680219149028258641e-01
2.714008426140619712e-02
1.550391608093954487e-01
1.655182049182626902e-01
2.806740813767015785e-01
3.611639952129111486e-02
1.372602698926741471e-01
3.378791509904058299e-01
4.206501128152372870e-01
6.883654704488476050e-02
1.241960336758562988e-02
5.135499666150176168e-01
5.664499096654508625e-02
4.327166973707058384e-02
1.007941521232143811e-01
7.212415243112846319e-02
1.956237461242116005e-01
5.925724020186318164e-03
8.979511734226143516e-02
7.062278552241690877e-02
3.852369554690433517e-01
2.185062045451102164e-01
7.402497151389753061e-02
3.932768270192896765e-01
1.389751428582889914e-01
9.644364088980283967e-02
9.258265352941918991e-02
2.668165337939350235e-02
2.790117714171935770e-01
1.300991693952591732e-01
4.934645823672945131e-02
2.156090233121220612e-01
1.680219149028258641e-01
1.661745815578553886e-02
2.269791958739741655e-01
1.923361018734317529e-01
1.920417077846554577e-01
2.262549365822474554e-02
1.280588093037100250e-01
2.138138355757721321e-01
6.343714787696174140e-01
1.625247572200694268e-01
2.770615199159520703e-02
8.858266002241274584e-02
2.425049565601565815e-01
6.284706331942101210e-02
7.212433612027890906e-03
1.374244645343655757e-02
1.708440124836588803e-01
3.019717195777010810e-03
1.661305942736393260e-01
7.062278552241690877e-02
4.411432190142393628e-01
2.425195609634935301e-01
6.414097340813121328e-03
4.090580549860035608e-01
1.643686533799007254e-01
5.519564291994473459e-02
9.258265352941918991e-02
6.088742025155675919e-02
3.348144960012993110e-01
1.575794302934683533e-01
1.326298825161040251e-01
1.505675018760604944e-01
6.502142555970964466e-01
3.036939364615068304e-02
2.284060571541759455e-01
1.977229459168510228e-01
1.272495655509922885e-01
2.421265098484190470e-02
1.106124414034806575e-01
1.282460579214236840e-01
4.547819127759261670e-01
2.305884719620207024e-01
7.681205713592480222e-02
4.514151359070614489e-02
2.272141335854969413e-01
2.309243052192755385e-02
1.462056023644520142e-03
1.374244645343655757e-02
1.147842424801193001e-01
3.323538938287851074e-02
1.223542640386100638e-01
1.181711751663225632e-02
4.812299639263452611e-01
2.208871276427759045e-01
1.221337749879699147e-01
1.041431983342608059e-01
2.229338368654329994e-01
9.847010803658037825e-02
5.329076331167453828e-02
8.354373692347000224e-02
2.220259905022674007e-01
3.045634612268179886e-01
3.630729985136945670e-01
1.276958095316025610e-01
4.902493301281721783e-01
1.996211814992207290e-01
1.182217057528024140e-01
2.044938847307020691e-01
9.598702174252723984e-02
2.106270692378804932e-01
9.685796793748370492e-02
7.012402450436024115e-02
4.079732990781227420e-01
2.767106254521266573e-01
1.617077461413304884e-02
3.670210584028887890e-03
6.477059007639807131e-02
7.082774102899340452e-02
3.503782102606425863e-02
1.968389409424334616e-02
6.526333578188814322e-02
1.569154982197991099e-01
9.396974757346804319e-02
1.858000215555617729e-02
1.571014121511035977e-01
2.332316646630527013e-01
1.262203868824963438e-01
9.172806373739966768e-02
1.211858973096956449e-01
1.770020602670711041e-01
2.295900502714909031e-01
9.084519299226206934e-02
4.233500251314915586e-01
4.655506992933489130e-03
3.305201827087986821e-01
1.103730141263700726e-01
5.931162919125056998e-01
1.045542000778021952e-01
6.407319866956763532e-02
5.255194711182101797e-01
1.328807893488367364e-01
1.598075416578578767e-01
1.080821539952452476e-01
7.178680325485203850e-02
4.912417594057427728e-01
7.441866793618170939e-02
5.976041548401789943e-02
7.328408362796141884e-03
6.569733148874362660e-02
1.827148430683296909e-01
4.055160635219343113e-02
1.737536849116083915e-01
8.603781166159844840e-02
1.853272097856355216e-01
1.182343004171116790e-01
5.032410501832419725e-02
4.274741685457350560e-02
7.830905298992539565e-02
1.290061233211904079e-01
4.511445682009812552e-03
1.719186022637863021e-01
1.770020602670711041e-01
1.678428035698311116e-01
2.721629822794556786e-01
1.899570624232234661e-01
1.790736661170376498e-02
6.286142704385773161e-01
9.242608842218152931e-02
3.971334109158384251e-01
4.602590279481706681e-02
4.557065378384353438e-02
4.213844116253983030e-01
9.093621405261596846e-02
9.296545214643570088e-02
1.415947296591816007e-01
1.902262256377751370e-02
1.807596665870509489e-01
1.049738915464153849e-01
6.371328026683188706e-02
3.997032503926264968e-02
7.435803175371591411e-02
2.221554306652564204e-01
3.299356992028549401e-02
2.299456009109335231e-01
1.759583041438245177e-02
1.843573040313097877e-01
1.086110968751976408e-01
5.739452143970989045e-02
7.599032959319645952e-02
8.819010338406947647e-02
2.666937997530718363e-01
1.446919000734339655e-02
1.612912474960044584e-01
1.723557986028884104e-01
2.132301649243761865e-02
2.346287741069468247e-01
3.803868859289682991e-03
7.591954921717319893e-02
6.043488524721702948e-01
9.655721466827402177e-02
6.374968819565718370e-02
8.185961698354833616e-02
5.534353161084731854e-02
5.083151453814893639e-01
1.874108454198116225e-01
1.406639171143369560e-01
1.248702367627979037e-01
7.469574677995087508e-02
2.734577383824216001e-01
5.314878321920235571e-02
1.649737773827313070e-01
2.761715138351059778e-02
2.343406973247780245e-02
1.440997817833482297e-01
3.621995931430978255e-02
5.776312901386954080e-01
8.960914781971696108e-02
2.237650446880276311e-01
1.400417668127727777e-01
5.739452143970989045e-02
2.946095251480774363e-02
4.096050824107529131e-02
1.906462501734105808e-01
2.131113015564894964e-02
1.469419304189794051e-01
1.021941188722963190e-01
1.923808529203206025e-02
1.435120085398677026e-01
6.085080802273425127e-02
9.969142544077554124e-02
1.272626223258097045e-01
1.067786954333684868e-01
1.204536970142017216e-02
1.187879592479610669e-01
1.680114197408588000e-02
5.167379387815382863e-01
1.762779407012783905e-01
1.611702812720994249e-01
1.781421040306629955e-01
8.611185200972722165e-02
1.402168600138192778e-01
6.052967143935073652e-02
2.111512891001524894e-01
2.204028488992603937e-02
6.101023304914145878e-02
1.440997817833482297e-01
3.519048800343985844e-02
4.067242462592675079e-01
2.572718697359336892e-01
3.839162828902074609e-01
4.130249120590309686e-02
3.300000537968480335e-02
1.758805143229785761e-02
7.348215220657487723e-02
1.912716258507407008e-01
1.076575023670920395e-01
1.253046498416848509e-01
7.555355289682705311e-02
2.304182929000002378e-02
2.620970327887670592e-01
9.877315500725276920e-02
1.247077412212537068e-01
2.381576119273130440e-02
1.207771104526170897e-01
5.705974975783234537e-03
1.244895349390447714e-01
1.872276657926693066e-01
3.381272222041425968e-01
2.597867345839535713e-01
2.287488957923470290e-01
1.170812745984803893e-01
7.055600657996558694e-03
3.457412576532856718e-01
8.485576945241563029e-02
1.531927439594367724e-01
3.162218085561525199e-02
2.444118612936384272e-02
1.440997817833482297e-01
7.924063507410807061e-02
6.217178587428556780e-01
2.435351326699784491e-01
2.753632949899409987e-01
1.251656908799478884e-01
3.300000537968480335e-02
9.031276314842309749e-03
1.150460585340593866e-01
1.477811913563995827e-01
1.020035194615070140e-01
3.702099859036837026e-01
2.890457615443885880e-02
1.862981063396412784e-02
4.096631188168960436e-01
1.905056156767825359e-01
1.361546992632897170e-02
9.968883839393039015e-02
2.343061333555938042e-01
4.686843332382172045e-02
3.818804290750126007e-02
2.315713099382521456e-02
2.846888707953069142e-01
6.717857439694928379e-02
3.516565388783609580e-01
1.077928810539810350e-01
2.866996812254194588e-03
2.444938867725977294e-01
2.779133527013347149e-02
3.099150039155757486e-01
2.922543447564805025e-02
2.519912197471552151e-03
1.774994519640911705e-01
4.439117162995739885e-02
5.159837595804269705e-01
2.921136512838996557e-01
1.813805368367438220e-01
1.194808034462292029e-01
4.988623257603017058e-02
3.291992907559780912e-01
8.554504650702238200e-02
7.836943207114549503e-02
7.748412037610499792e-02
6.481048422229361838e-01
1.477896752376435252e-01
1.768713325871306974e-01
4.722863755525665286e-01
3.109124584484888598e-01
2.536359520233126552e-02
5.266605171947272290e-02
2.084533239977378050e-01
6.233006776561212520e-02
5.232906124203034331e-02
1.702225729300962248e-02
2.789144996685812838e-01
6.295804272586572048e-02
4.859907773237176487e-01
2.608203507568478408e-01
1.087825455407832320e-01
1.875020877623567450e-01
4.103774309070118420e-02
2.290137663480691296e-02
8.911306960357606721e-03
1.906603387312207076e-02
2.408744710554053259e-01
6.632586870771825516e-02
2.360527264853378993e-01
2.558914145109161264e-01
1.524029880078179022e-01
1.430452931818071427e-01
5.757838396451757379e-02
1.500454603138529075e-01
1.186342070748811067e-01
1.434989488808685598e-02
8.731924476150272618e-02
3.558686179310904807e-01
1.640271863082397863e-01
2.648766599870371885e-01
7.381556884271662788e-01
3.097615681712372337e-01
9.022999742209013296e-03
1.805780445295709913e-02
1.428724270664349927e-02
6.188035474812652453e-02
2.942833792903472995e-02
3.085619257266151994e-02
1.051834270097017632e-01
2.569222879019200656e-02
5.805162906435783476e-01
1.434966514377257751e-01
2.364708878002896586e-01
2.897403013588517595e-02
5.223969454936810974e-02
5.941538080487137469e-02
9.938267804041604758e-03
5.231665796375256465e-03
1.517442601262404822e-01
6.218909857138295999e-02
1.749860079804073931e-01
1.198305177160668145e-01
3.169917980223651011e-01
5.273486440223049826e-02
4.280098513662471127e-02
1.371267798841642183e-01
9.466811781644968171e-02
4.129054160003636786e-02
1.636923728395764943e-01
1.411011326576521452e-01
2.963416315254691069e-02
2.058326722724421187e-01
7.381556884271662788e-01
2.917462977125873103e-01
6.202025515554224211e-03
1.039464947204743472e-01
1.064256089502265135e-01
3.162474144270184528e-02
2.492360129255609402e-02
6.279221185080932632e-02
5.614608527432910640e-02
3.488966609025895282e-03
3.692287600555949068e-01
1.480088485996808867e-01
2.385962818991134160e-01
3.571829543662284612e-02
3.777334077350619213e-03
1.211396483658434831e-01
9.584330284087572149e-02
1.857613763108309501e-02
1.929554697975262856e-01
7.203511074153540195e-02
1.522060197343571564e-01
7.670272582619251656e-02
2.229890497636032309e-01
6.004155030237869062e-02
1.748438370369961858e-01
1.407489575056178610e-01
6.456791968991403008e-02
5.524055956872418044e-02
4.041615682839727608e-03
3.739099882521547125e-01
1.063393542804762226e-01
1.344688298612967681e-01
7.853496843850537035e-01
5.331213112659443087e-01
8.304892920767166509e-02
2.881610538314827163e-01
1.954211584179224026e-01
4.086254164402636224e-02
1.871887748138802154e-02
2.484513817718699696e-02
7.296227318649245452e-02
1.682570128863563469e-02
5.187555101109500022e-01
2.401130629562422403e-01
2.141273809096291836e-01
1.346151693691191586e-02
1.497031761995654825e-02
1.517908650293117723e-01
1.724856661688634052e-02
4.357429582697662507e-02
2.604097812666195111e-01
4.666042502990210006e-02
8.488181191851548735e-02
1.637306244215191164e-01
1.765965025994031823e-01
4.501765970820370555e-02
3.960344191426827809e-01
5.853160332257451026e-02
1.362392656039675964e-01
8.338479909780691091e-02
1.112690505191735180e-02
3.874796149559131542e-01
3.538144115168373460e-02
1.815015282882853076e-01
4.460393434253075440e-01
5.403990406348802011e-01
8.693311735153964881e-02
9.678879212032609480e-02
3.127276386940943120e-01
4.833026596263824692e-01
1.871887748138802154e-02
2.923696438243124363e-02
2.093215038837516542e-02
4.610400422296059841e-03
5.187555101109500022e-01
1.829258782331699695e-01
3.717613704017020959e-01
8.828411412998509941e-03
5.025854065408587312e-02
9.577381851689974190e-02
2.007315833394951801e-02
1.488910144807115143e-02
2.224567715570732185e-01
1.087016897271551319e-01
9.203797733816576621e-02
1.504838614481996961e-01
1.009433350130817253e-01
4.501765970820370555e-02
7.446856690315045713e-02
1.920576478584974933e-01
1.664222322256553865e-01
1.453618202045113550e-01
1.728947355203267477e-01
4.737542426487768021e-01
4.619958876746571574e-02
2.275351712422342410e-02
4.432343540374292790e-01
2.360112457077930825e-01
8.022565140058657285e-02
8.309722079298662023e-02
5.389080789977925834e-01
3.965191756231720710e-01
2.178440439653139826e-02
7.577814915224484471e-02
2.236130854531892531e-03
4.610400422296059841e-03
5.151933071373547834e-01
1.234204385321078512e-01
2.113518527057066387e-01
9.604642408855933525e-03
1.641223378043651926e-01
1.314923472344829980e-01
2.260203027119734032e-01
1.281946196055715192e-02
8.642262727941284195e-02
4.962492625921034739e-02
1.283862845957632337e-01
7.398162161426681538e-02
1.632497838245631216e-01
2.281849870309070882e-01
4.012553890058237482e-02
2.565707423806424248e-01
1.420006683271544112e-01
1.326824441287197121e-01
1.841051750393565278e-01
1.757722888850393461e-01
1.862106006331626373e-02
9.278150947549072824e-04
4.508367977239150504e-01
1.908109056137836101e-01
1.006818799125944186e-02
3.139964197964334458e-02
1.328747919174997350e-01
1.637458382601786333e-01
4.952555353935892551e-02
3.445577968230881249e-02
3.574804869334900770e-02
3.336230031781549366e-02
4.833570510503493178e-01
1.481274514301084422e-01
4.138968622121137475e-01
2.571517518492466223e-02
8.258778435999945822e-02
1.385816428921426702e-01
4.371661273782204704e-01
1.344802550023327034e-02
1.367034109105108031e-01
1.895084099478196449e-01
9.827475838387660090e-03
1.118983089826436073e-01
1.363691200051576347e-01
1.730567983354723005e-01
2.307883702223181149e-02
2.397853098071142108e-01
1.165753930575883224e-01
1.148211328783775853e-01
3.593012291591076712e-01
1.089217360655923422e-01
5.136194626645977646e-02
6.097373368966917118e-02
7.502152991390158565e-01
2.809346558735631993e-01
2.865029374509492355e-02
2.253900239722682330e-02
1.955723099723288838e-01
1.444968249539870242e-01
3.497088978765083844e-02
1.699899289546050463e-01
1.142470163400869931e-01
3.574400420420356661e-02
4.183259781602141070e-01
1.006482570726992959e-01
3.361073821667193706e-01
5.416290669481843567e-02
3.257454127778752762e-03
1.946854389761558113e-01
2.442986517506244570e-01
1.984735765479400671e-02
1.739167856930981526e-01
2.293253926648821106e-01
1.152868938293078183e-01
5.638601913358193274e-02
1.268422636591665376e-01
1.658062313547822297e-01
8.933298094887884289e-02
2.802629357402179888e-01
1.023881180735621010e-02
5.263799544833236421e-02
4.068087948671655907e-01
2.748826863972070322e-05
5.880460841253956628e-02
1.341075320361324874e-01
2.162403362913443705e-01
1.615291102839800652e-01
6.937865989898488184e-02
2.598346334333805352e-01
1.428403219136697710e-01
1.919854866807084726e-01
3.599767116745109657e-02
9.168177313026618092e-02
6.101789709856000887e-02
3.575010115285335438e-02
2.649217822080005558e-01
1.786047394479434169e-02
2.556725208199360222e-01
1.164385727454788910e-01
9.121744629439726415e-02
4.215061896120429474e-01
2.146588870991087417e-01
2.383954067733679016e-02
8.026987560270631983e-02
4.160286241361321746e-02
2.292007640708131622e-01
1.158190643162728684e-01
1.318775637934313516e-02
1.431818999912317369e-01
1.234888839606648192e-01
2.303792665162094633e-01
5.739858679904288885e-02
1.389002967759744023e-01
8.663617254867575501e-02
3.694872405579826755e-03
3.652202472175718195e-02
9.926813551868746144e-02
2.162403362913443705e-01
1.235751334710988025e-01
3.964315663693757097e-02
6.325654706795502680e-01
1.132351163804965199e-01
2.279632474160535882e-01
5.742866032276763844e-02
5.419076557926029436e-02
3.759247171770305207e-02
1.198903818326624293e-02
3.217374076542119932e-01
1.099710813828863321e-01
5.131361153746266668e-02
9.580659200700913924e-02
7.325600628642901790e-02
2.784074354009046792e-01
1.448038859054613103e-01
2.028074191335568210e-01
7.613933152879781563e-02
1.560126469108558123e-02
2.323094249875167494e-01
1.204222378537638249e-01
1.047839020077860617e-02
1.021181461781481836e-01
6.900220693689210205e-02
2.129550296868184811e-01
7.236293652381678432e-02
1.345391194956241931e-01
1.181926719526687486e-01
8.289682222798328004e-04
3.298715014817743540e-02
1.985753046058469362e-01
1.769039969390550082e-01
1.091959291271209220e-01
5.412477676664850801e-02
2.555133040793090560e-01
1.092542918072256508e-01
1.386139933169804883e-01
4.349274137546900454e-02
1.491201217795207201e-02
1.162314996494226843e-01
1.198903818326624293e-02
2.863859640858004152e-01
1.616203906687317116e-01
5.869217520195452870e-02
1.141897674420297992e-01
6.996916658471277750e-02
2.560821055483399888e-01
1.448038859054613103e-01
9.568835751878757012e-02
9.492397924432205425e-02
3.057138776422840126e-02
2.220659595189337643e-01
2.906455017565031662e-01
3.455348642440108503e-02
6.126610415087338501e-02
4.524017757579171239e-02
2.138953376058810030e-01
1.082062610414994130e-01
1.727957446212323445e-01
1.181926719526687486e-01
2.165039251951481059e-02
4.090521572074640178e-02
3.240013332974950311e-01
2.195919452954405715e-01
2.308252792317735946e-04
8.846710501903570778e-02
3.991795820811758766e-01
9.588797149060129810e-02
4.005423713097194111e-02
5.420659563783299106e-03
1.491201217795207201e-02
2.104389507156137762e-01
3.602900577345310995e-02
1.794000890786176527e-01
5.058854717066225276e-02
8.071475200051558829e-02
1.555732774384592787e-01
7.899990511857038489e-02
2.852726467719833292e-01
5.232397168734880671e-02
4.888580019161495316e-02
6.191018414924445712e-02
2.260900613669807047e-02
2.345087022720111769e-01
2.475327472095947279e-01
7.711429088386598241e-02
1.697667342757149256e-01
1.520920607192953813e-02
4.491926013964177011e-01
2.650286909675287350e-01
1.743300261467320145e-01
9.070291506244948510e-02
6.697320427081149274e-02
1.316609500545595779e-02
2.987013380258001227e-01
4.958316975380551717e-01
2.360161988275064418e-02
5.739943935363485406e-02
1.785299154415426470e-01
2.036781959877331794e-03
3.998823361119416275e-02
5.314254083015301777e-02
5.024306031512860288e-02
1.278140851608665363e-01
1.334495407108669540e-01
1.859766142005784828e-01
1.094394635327134713e-01
7.987045979147755492e-02
2.105366765315896671e-01
9.491459588414280502e-02
2.963911486775822057e-01
2.368351982431765590e-02
1.538026947263536615e-01
8.344101145593264823e-02
7.398153259135184512e-02
2.547195207249626225e-01
2.990577093430726863e-01
1.484757700219175858e-01
3.368179400132951251e-01
2.126493491392412657e-02
1.758111305629916354e-01
1.531169034111767857e-01
1.318158828022168438e-01
9.611825247815775769e-03
8.467463857443299768e-02
4.493845032579615872e-03
1.270704069786717239e-01
2.584016835085862773e-01
1.917940560551150142e-01
7.342916848129101004e-02
1.192317159540839944e-02
4.677539856661797057e-02
5.066869080840603889e-02
1.955128420634089093e-01
5.543738380715510644e-02
9.560899386152216239e-02
1.499818568618588865e-01
3.217067109236588229e-01
1.372798228172968094e-03
7.358563026401675200e-02
1.959124463380390035e-01
8.561063671401678010e-02
4.750440645415178187e-01
1.223122315823076539e-01
2.246843376129402658e-01
7.273306140502169836e-02
2.368491449057236187e-03
2.690772191473108643e-01
2.334310541324304267e-01
1.160467818442916382e-01
1.087294991125266758e-01
4.459714012841865111e-02
3.572999809443009878e-01
2.047224792417051131e-01
1.850721910554164462e-01
5.507096472244045471e-02
7.039719004735207897e-02
2.032206149939122519e-02
7.693034919420528583e-02
1.306552753852825155e-01
1.257967009814545956e-01
6.166538960704141814e-02
2.588173779570928507e-02
4.020873018814719729e-02
7.836639911698106697e-02
2.055953630928433751e-01
5.293942095204423604e-02
1.073443324907980695e-01
9.724637593984553074e-02
2.130904710721480133e-01
7.998515222401228475e-02
1.159453777819116627e-02
7.907190649241857550e-01
4.069678865981889854e-02
4.172183647796965378e-01
2.839700008016959876e-02
3.170107732423226854e-01
1.141254901881376960e-01
1.023860647849732242e-02
1.671509817731435810e-01
2.202194374533824606e-01
3.728368784607628827e-02
2.597268154542119456e-01
3.091687032208648850e-02
2.304673141495090782e-01
2.167880934822632166e-01
2.357530518641517969e-01
3.537342009228645889e-02
5.920139170574917342e-02
3.355668460434199640e-02
4.811786946748841665e-02
1.094809828405373109e-01
2.651510668765014733e-01
1.214038650946847042e-02
7.138244271286120490e-03
2.930871173256396206e-02
7.924698464812705845e-02
2.942590710780425556e-01
1.687446211879843616e-02
5.067866495916604347e-02
2.846252679508398664e-02
2.400279017417170369e-01
7.258917933542555212e-02
7.322582920841894105e-02
5.390215554507293838e-01
3.736760652903496627e-02
3.943837654046142838e-01
2.504348177409057227e-02
3.307935441765139650e-01
2.153641245629523138e-01
8.116186695545048180e-02
2.063307901185393589e-01
1.416176667885948315e-01
5.863541145584357656e-02
1.299107423132022932e-01
5.286149265761543731e-02
2.272985365543924996e-01
2.274759311157140418e-01
1.874868838354348810e-02
8.851533259348848270e-02
1.097127777157079209e-01
1.556745997089492572e-03
1.769886650917446014e-01
1.164277573600283888e-01
2.749457872670710845e-01
7.350419301908803216e-02
4.717391763134352184e-03
2.483589212335011662e-02
7.565786173094746214e-02
2.061170707849611095e-01
3.246346026607301039e-02
7.109645264070790782e-02
2.846252679508398664e-02
3.763059987028462561e-01
4.356522401484561741e-02
5.768822295774247988e-02
2.531960506183068005e-01
4.920200488244426407e-02
1.132099795607593995e-01
5.420808884134190736e-02
5.181503244585223822e-01
2.745777097422065771e-01
2.085175313263354369e-03
7.455085765621699556e-02
3.525596208234740847e-03
1.026312640075952021e-01
6.476284595079777329e-02
4.467368040830016485e-02
2.272985365543924996e-01
2.432889498928149929e-01
6.033711890386081467e-02
1.427491498560943817e-01
2.882186557342421296e-02
3.319286007093102953e-02
2.134361860205459815e-01
1.383597080931828482e-01
1.583605384673261174e-01
4.702244877150787289e-02
1.656129541992784615e-01
1.571057600275743704e-02
1.728000090760516694e-01
3.863376250326970851e-01
3.912210029202287109e-02
1.679032334335566479e-01
2.846252679508398664e-02
2.452446160658698360e-01
2.935167194879659269e-02
9.611629947625269232e-02
1.906819392322996187e-01
3.525095954464214920e-02
1.791333046331779477e-01
9.821967269058486105e-02
3.232957725323184484e-01
7.671966666918964561e-01
6.866324169294282798e-02
1.132733427664244508e-01
3.754725404905739916e-02
9.906758597258683019e-02
9.820948219731839846e-02
7.329977450679446560e-02
2.253799123799903881e-01
3.051080072636298546e-01
2.170932181719151255e-02
6.971393870117179037e-02
3.144499526465947131e-02
6.661787484727593744e-02
1.268416370082829925e-01
6.783507628505039411e-02
1.433523659033972969e-02
2.761900562398987569e-02
3.530210700341734897e-03
1.127666306915513228e-02
1.636220776901619045e-01
1.870768475021942212e-01
3.101784642254899749e-02
6.624919517149474579e-02
9.458021975576036411e-02
4.197617363001437951e-01
3.166637816494226321e-02
8.793736237601421091e-02
1.746161578174708073e-01
3.231076870471925183e-02
5.131308727181995710e-01
9.821335673036904468e-02
2.626482998325196938e-01
4.149726957939469107e-01
2.931492436289377668e-02
9.169197382875136915e-02
6.393179634136270106e-04
1.056223724559314792e-01
3.895852788304240977e-02
2.232383565831569383e-02
1.931598296644151114e-01
2.442251717853102799e-01
2.657408525756522338e-02
1.808696766957285096e-02
3.520660139781785214e-02
4.956462320165574281e-02
7.066179360578361823e-02
2.633578226094416413e-02
4.928648272165916944e-02
3.939125316604299987e-03
8.677574962717257701e-02
1.315162004941589947e-02
1.670139562519243337e-01
2.470857866631920585e-01
6.378867210668437426e-03
2.043963806260093441e-02
1.269419312754752616e-01
1.640003575266413272e-01
3.235671277231512433e-02
3.899796744479183674e-02
9.327090679370407533e-02
1.821576369820505914e-02
4.797024827172297057e-01
4.352115157073729867e-02
1.669515539436196572e-01
1.356177575752119946e-01
1.569239602301114589e-02
1.324749825147028270e-01
3.464029473726827624e-02
1.555401494329546885e-01
1.775451999528276925e-01
1.579108221712260396e-01
5.520332385639757644e-02
1.737080333680696143e-01
1.709166895028249589e-02
4.703862063541630611e-02
6.296615576114644730e-02
3.065848836012343703e-01
2.115264497866677085e-01
8.275820159456226399e-02
2.387339998970052987e-02
1.631929071813498222e-02
1.373158345816235526e-01
7.479708745169511008e-03
1.316211709154374854e-01
2.573686483023731597e-01
6.378867210668437426e-03
3.077488380541108792e-02
4.051481769128923577e-02
4.377034052614062892e-02
7.525254687723342828e-02
6.469748033494084061e-02
7.789821028082219434e-02
1.656887426264365415e-02
5.235349276961147602e-01
2.040229579496011247e-03
4.801213943214825974e-01
3.372930849196015268e-01
2.394327119582518454e-02
4.827675096108943742e-02
3.010018780816201001e-02
2.544680805549463520e-01
7.038057757700311168e-02
6.242263800436386179e-01
1.192127240190797438e-01
1.343761742152711214e-01
8.509092450910168970e-02
5.790226941414597372e-02
9.874783022463987092e-02
2.082250655916650928e-01
2.806083192740044807e-01
8.252391470036680998e-02
2.050098541194671220e-02
1.019978833311566552e-01
2.170304159624425466e-01
4.354668191297830088e-02
4.431178874236499365e-02
6.356236140916240451e-01
4.394853905224180984e-02
5.695483298184556009e-02
4.144499646150532485e-02
6.221467780305415390e-02
4.547010677331551898e-02
6.591787186751808802e-02
6.034761692497790653e-02
7.631200743270234732e-03
5.920795161935581419e-01
2.040229579496011247e-03
1.680994503071658874e-03
1.708472929481872904e-01
1.386195435477760585e-02
6.872114876311813392e-02
3.258568031581088320e-02
1.647935471559495713e-01
9.273925276759092950e-02
7.883177659174992469e-01
2.503755619590158910e-01
4.163361304863519297e-02
1.176994600190885490e-02
4.911634075268235533e-02
8.351642138592869913e-02
1.645678399359408739e-01
1.725061233199842725e-02
7.975837548532044297e-02
1.972916855281577758e-02
1.374666954957233511e-01
1.748357066868292675e-01
4.838309078965707943e-02
7.721505042376895778e-02
7.467430484937396251e-01
1.113494073077679267e-02
7.531096085862215572e-02
6.049960198451909132e-02
9.501819053665018500e-03
4.737286355648823166e-02
5.037712963018321777e-02
3.454205599946452709e-02
7.631200743270234732e-03
4.788016703050047562e-01
3.856621003207624798e-02
2.628148929071557477e-02
1.592988752459219004e-01
1.762314057807456980e-02
1.277252353997590795e-01
4.520454900710192681e-02
2.656325822164641859e-01
6.758133211511611893e-02
5.052166750289525110e-01
2.325483911254000724e-01
1.904149600602450532e-03
1.159632958379103185e-02
5.365519083867641148e-02
1.001378994680268142e-01
2.288726834607944238e-01
2.266819285477461587e-02
8.371423850780240761e-02
8.386129356698517057e-03
1.212270157993403791e-01
1.135154101786722824e-01
1.752153367035370057e-01
7.804519111399076114e-02
3.516133662127782777e-01
8.264931225865801423e-03
5.928340967402619122e-02
4.061370832026744981e-02
2.127938760485777528e-02
2.798703186966139400e-02
7.809983282685804828e-02
8.963132669231616001e-02
1.178225838702119666e-03
5.154516714330027449e-01
3.328385127495959994e-02
6.248148031987588169e-03
1.585632240958238515e-01
6.150266695502083769e-02
1.024844584742085618e-01
4.820342715802539146e-02
2.966179571310177399e-01
1.136864894257107877e-01
8.721001115200222031e-01
9.686741250366232014e-02
1.755895005027814995e-02
1.159632958379103185e-02
3.963127513182512773e-02
2.774505664186011772e-02
2.660412410612644218e-01
2.978370537926058881e-02
9.887693859867241475e-02
3.688868133130763019e-03
1.095716271412918302e-01
1.232063841150274341e-01
4.066914087874937134e-02
1.269899715646606933e-02
3.019121905703407993e-01
8.264931225865801423e-03
5.136296805751517508e-02
1.070454870899344851e-02
3.177829365024720243e-02
6.300831986941353435e-02
7.508678857819414687e-02
2.054594301536817602e-01
6.801743073684885302e-03
2.714802824286364213e-01
5.674854160522736779e-02
1.745357699560674825e-02
4.608626008682600861e-02
6.600251317725763789e-02
2.066783661512942849e-02
1.405815355087951246e-01
2.248282905416898736e-01
2.114185252718458752e-01
4.799479560672574863e-01
9.395364240740020079e-02
1.845492365488004410e-02
7.774618818593908437e-03
2.377915203046904735e-01
4.017302086551433060e-02
1.479522328220910232e-01
1.017321341037747684e-01
2.509915207816991733e-01
3.688868133130763019e-03
1.239264693315113297e-01
6.159020262615037822e-02
9.193126792873460018e-02
7.300326502409049123e-02
6.629699158659364822e-02
8.264931225865801423e-03
5.527942223110325626e-02
1.005770980407252879e-01
1.808800172586401064e-02
1.610640257177535506e-02
6.610002749779408937e-02
1.342374674541431945e-01
1.368508305320249863e-02
4.727943198906361943e-01
5.222898141640174019e-02
9.179274523523319601e-03
5.524347870456315646e-02
1.124697583848617982e-01
4.273068266711885221e-02
9.202548885532681189e-02
7.448564586663469766e-02
9.486738681839408660e-02
4.579500187219710527e-01
4.855450904902990084e-02
1.043019240737014242e-02
6.243084781456455928e-02
3.320318850895411233e-01
2.300876484394485597e-02
1.434207938185541598e-01
1.936096685500333647e-01
1.069969180567684475e-01
4.756351078643822339e-02
1.239264693315113297e-01
1.019883709014328399e-02
7.894665037586914846e-02
4.241111063020576444e-02
3.147349923280379214e-01
8.264931225865801423e-03
1.452197317415685474e-01
1.428061267901942488e-01
4.311579109675339055e-02
4.033767025062737210e-02
4.178362122090044095e-01
1.986308504776734818e-01
1.331638629272801494e-02
5.122875697964222041e-01
6.776368918854604184e-02
6.968138289997882762e-02
5.675665358869119714e-02
2.599122184009732828e-01
5.167722006471402174e-02
2.160918371723511422e-01
8.520093686247488807e-02
9.599396321302891555e-02
2.779223608815392654e-01
2.366847871374951062e-01
2.866580709312921416e-03
7.598381165990773789e-02
2.329673029921214833e-01
8.320466677525517607e-02
5.265840620713155840e-01
9.675940191764735576e-02
8.618254087660778828e-02
7.324653239741849009e-02
2.168040452638447246e-01
1.162859361700052316e-02
5.689706366684597894e-02
2.168965216609845120e-02
2.419700147442190585e-01
8.264931225865801423e-03
1.310364456857448512e-01
1.835723732377846362e-01
5.235413265923494208e-02
8.693342126112924007e-02
2.553993861008068689e-01
3.220250609167668032e-01
1.742983924496428749e-02
5.761410761710810124e-01
1.767252248110928042e-02
5.703009885122545253e-02
1.114729040944538035e-01
3.625801093256203478e-02
4.777675592243922631e-02
1.241785124964265297e-01
2.980210244362255234e-02
3.745582318414428236e-02
1.548819097089617625e-01
2.039875251996049466e-01
2.142800988147732233e-01
1.294334082191583579e-01
2.093127580577369140e-01
1.338977913336632242e-02
4.770706151842186160e-01
1.305215319066638791e-01
7.373481672411294485e-02
1.168188195594069279e-01
2.953569265708116398e-01
9.069020647967076382e-03
3.046559919761369917e-02
2.168965216609845120e-02
3.836443729599973151e-01
8.264931225865801423e-03
2.045446776831923996e-01
1.428996431281818746e-01
8.192565365515941389e-02
2.046324570062938997e-01
1.644955704464406976e-01
3.188447444478397230e-01
2.928040694779843883e-02
5.487121760528810288e-01
1.767252248110928042e-02
1.087166443399572024e-01
1.037597657939227924e-01
8.105684056446262054e-02
4.777675592243922631e-02
1.132707563438995479e-01
2.255438214464055777e-02
2.675468258327421203e-02
1.218143710733056266e-02
1.072184426467837071e-02
1.778995084682463979e-01
9.051203322975159837e-02
1.981206639790581980e-01
7.543576494751520756e-03
2.576105517637042874e-01
1.266855835693675159e-01
5.770945526118156921e-02
1.081253372445366706e-01
1.698547969537159696e-01
5.219106608773411982e-02
5.535996320348258309e-02
8.354039155258896621e-05
2.566747778927595536e-01
4.443751913614277238e-02
2.282197184170037807e-01
8.359418418504957482e-02
1.029490072896266095e-01
1.299365781476906068e-01
4.535801157063096278e-02
3.221952197494143966e-01
8.837968162123080451e-02
4.243951674983692524e-01
7.229689202924832747e-02
2.654217002846877560e-01
1.835086736160295717e-01
1.481060310642670075e-01
5.713943840782098604e-02
2.001039755632473549e-01
8.447259029572795619e-02
5.840982465768712606e-02
5.251143100608882119e-03
1.164599914034317174e-02
1.547776463978328965e-01
1.255687912008185414e-01
1.259054705253137285e-01
7.543576494751520756e-03
4.607725252788273940e-01
2.575877560710252562e-02
1.410325558903179621e-01
9.937687895348966405e-02
1.684067520144129915e-01
4.960881404067134931e-02
2.527102377689751517e-02
2.225177091071766505e-03
1.699060228882845192e-01
1.058464046510583928e-01
3.222433078947222196e-01
7.742430592826188285e-02
1.029490072896266095e-01
8.871648259180846263e-02
8.269355381746140710e-02
2.726368465592960977e-01
5.453618257938805391e-02
3.527227836615629553e-01
1.816456584250832340e-01
3.132106787276682236e-01
1.647011037213468587e-01
1.181526108052230045e-01
9.160957979791178873e-02
1.351240759493138044e-01
1.455801083750563885e-01
3.511993936988694331e-02
9.094916189566294717e-02
2.222182954785645315e-02
2.349030053066874235e-01
6.356528977309763295e-01
3.693200396273792485e-01
1.263604492161647663e-02
3.180742289222269203e-01
1.568273162785871477e-02
1.848437090510416936e-01
9.320473858935876543e-02
1.660985971818781382e-01
1.456689616582796110e-01
2.395798045341485105e-02
4.931372495917157872e-03
2.860634814058242714e-01
8.410501813662940584e-02
3.739174923669300044e-01
8.075852528580218515e-02
2.297628130085666853e-01
1.051850338778504701e-01
1.250008588387393343e-02
1.832836167770869884e-01
6.646669199158958263e-02
3.737289555567647747e-01
2.865687819585010510e-01
8.889110516301472475e-02
1.193771010463362536e-02
1.676511998341425058e-01
9.392177206344781704e-02
1.457666074320057570e-01
3.114275758764751267e-01
7.537448029650758996e-02
1.544234525303554428e-01
1.309888671106360092e-02
3.999192027689502105e-01
3.510357234693975981e-01
4.112934666331746758e-01
1.813810267526331232e-01
1.609983006236556657e-01
4.577550845658823891e-02
2.064691455965552980e-01
1.095383418547758864e-01
8.921361789539300480e-02
4.348349912436599851e-03
4.152699502951032184e-02
3.605821275950948923e-02
5.085057196243175648e-01
3.796646153200863849e-02
1.646185720026915322e-01
4.950051485088888259e-02
2.579625816647849179e-01
5.584820563597891335e-02
7.001790916495030659e-02
2.245130379649381280e-01
2.507158568729567216e-01
1.370977604506816716e-01
2.112894318494529522e-01
1.161162561577461783e-01
1.409293942131898889e-02
1.489079264910039835e-01
8.966832407595914933e-02
2.906150023886047706e-01
3.529263142850239121e-01
1.070660122330447869e-02
1.351100104713287842e-01
1.378812203933689820e-02
4.750180393331922546e-01
4.490952826075167437e-01
1.384131240608213465e-01
1.817863544525865904e-01
4.213916511338305915e-02
1.212610327174630694e-02
2.076869929557670358e-01
4.231877720968926088e-02
1.855634618607315822e-02
5.516600653077691728e-03
4.152699502951032184e-02
7.678929517175629715e-02
5.175650154325142083e-01
9.390678995945508922e-02
2.059165012822496421e-01
1.567311342541517494e-01
3.386551924097286337e-01
5.384243654903379805e-02
2.578445433372739126e-02
1.907331148334120707e-01
4.620351775104722392e-02
1.828958447854054925e-01
2.176439897831868309e-01
2.874728515171246640e-02
7.417867242374018288e-03
1.062548008750709427e-01
8.625047843608228682e-02
1.604635246785375557e-01
3.545579214404452895e-01
2.531095859085559854e-02
1.356396813834338799e-01
7.897006917563939576e-02
1.783404934946025699e-01
2.563585496662521557e-01
5.102159288659924297e-03
1.505390085381579091e-01
9.942451759035852987e-03
1.159555079019983920e-02
1.535545303677749718e-01
3.247795599176313275e-02
1.993339988829159748e-02
2.663634933362063473e-02
3.903593744803236787e-02
3.647241186520455702e-02
2.813465295400671695e-01
1.390495259105452852e-01
1.402338958005697744e-01
1.262077836414969845e-01
2.541829177496559566e-01
4.449795946100236488e-02
1.493326003694342430e-02
2.068292580444758000e-01
1.084964122811293563e-01
1.648378175359714870e-01
1.880404686135166981e-01
6.500934416062115195e-03
7.627368349047532886e-03
2.504522986152556974e-01
7.872337157686817855e-02
2.980260405065353058e-01
2.285763334561053683e-01
1.401396423460494756e-01
1.998227719015520376e-01
1.370781370083013762e-01
8.481159857561643145e-02
3.193744692223317028e-01
7.321897143883818009e-03
3.163243597802484208e-01
3.316532860101709113e-02
1.120400986330245124e-02
1.548051865700467988e-01
7.783986255144231814e-02
4.857865072349608349e-02
1.734526521255334575e-01
2.606293864447653541e-02
3.647241186520455702e-02
2.148126688738657419e-01
8.128712662703110881e-02
1.402338958005697744e-01
1.888192923842635929e-01
2.759763989184433330e-01
9.000345726974931515e-02
1.651805614877327119e-02
2.068292580444758000e-01
2.421743785010266881e-01
1.358406577576125596e-01
1.810869219879712166e-01
3.872509788858551072e-02
7.627368349047532886e-03
2.131448480196425355e-01
1.646578884718230551e-02
1.370360327265852662e-01
9.485157108970704298e-02
1.721236127727865939e-01
4.769014956178272424e-01
1.373371933691845403e-01
6.805394329811682852e-02
7.365461543725455584e-01
2.204772463785666797e-02
7.513054733943647090e-01
6.869979355261296439e-02
5.993570924937263733e-02
1.732977846858461124e-01
1.359935548190480681e-01
6.008953424665515464e-02
2.655857118550965512e-01
1.372825553390660640e-02
2.803126734021271771e-02
2.036091559774798332e-01
3.024023667427476469e-02
7.790458481701945104e-02
1.808433037823616307e-01
2.500569857098849935e-01
5.162983990032761483e-02
3.824322557554135638e-02
7.073716775215443953e-02
3.615479486814365817e-01
1.905463218112032897e-02
3.608098469901783734e-01
4.302205645223011743e-02
7.627368349047532886e-03
1.798274133496065297e-01
2.008127202910724857e-02
1.545708117140782156e-01
5.881393200805185711e-02
1.243654338850752605e-02
1.612832297926870828e-01
1.793468284092967491e-01
4.166678346399527166e-03
2.183907926525829601e-01
1.112438423883552185e-02
8.195674634418648186e-01
8.517866423268632969e-02
3.939441844192956288e-02
2.137748614383803980e-02
1.525006832243276933e-01
1.976542511981241312e-01
2.352816285232509352e-01
9.803368575716274458e-02
6.325227231567046027e-02
1.490428116818554583e-01
3.741277052781185469e-02
1.301452679675504376e-01
8.723122458964892301e-02
4.549248901485356544e-01
2.414367135405316722e-02
1.161124724933361579e-01
4.745229818220501189e-02
2.506060332250521494e-01
1.038532913609461761e-01
4.852666754564579632e-01
1.611028164170537347e-02
7.627368349047532886e-03
1.230692639236172087e-01
3.500927933265651770e-02
1.438978127387356698e-01
5.881393200805185711e-02
2.236510302816457907e-02
1.204072482003410161e-01
2.530174550932356992e-02
1.022021830756443400e-01
1.724590444774709019e-01
1.810856593287392402e-02
2.773108108081419609e-01
7.071786974101576528e-02
7.445180032916778878e-02
2.534864820003458752e-03
4.969988128787185266e-02
3.023202269359492877e-01
1.752136622799781163e-01
1.400759876920531499e-01
9.130483936182784421e-02
9.802510379464569878e-02
8.673316230627781120e-03
7.619245423055891198e-02
1.274848227969359316e-01
2.675321208681760710e-01
8.674088831643611552e-03
7.356909251230007996e-02
1.505294191660964398e-01
1.701261413814226242e-01
9.470636144105636089e-02
3.172055780196713082e-01
3.946382579593484333e-03
7.627368349047532886e-03
1.172632812708533229e-01
7.536126890051841887e-03
1.709550213777408789e-01
5.091942033160785919e-02
7.800426464021134598e-02
1.577934251229881069e-01
3.857981954776119882e-02
1.815223022399720110e-02
1.767059581631613141e-01
4.381847225312512917e-04
3.276759732466489883e-01
1.668497647960472396e-01
3.343521753471598301e-02
1.459794409699091688e-01
8.784395067435343818e-02
1.960916507222609517e-01
2.698776941433790322e-01
3.799892813956681770e-02
6.628867181005554388e-02
7.153493315041483669e-01
1.190424188453967358e-02
1.301413379606556342e-01
1.398704135165690920e-01
2.486083602466974130e-01
1.897306116593139302e-03
4.881644165829018833e-02
1.690205873141384374e-01
7.197342396874134574e-02
1.313295017483268393e-02
1.497039939376021978e-01
1.428445101902694470e-01
7.627368349047532886e-03
1.517838502257810585e-01
7.133767282367091574e-03
1.099678011326171712e-02
4.107799319866249632e-02
1.059659203977183495e-01
1.309688857860023536e-01
3.512660816283100923e-03
5.140058230120261168e-02
2.300938770037566361e-01
4.381847225312512917e-04
1.856642702815423651e-01
8.178862596824347519e-02
3.267423066839138940e-02
1.515522994944809299e-01
1.274078696126382249e-01
2.853090128853142948e-01
2.077257481711997367e-01
1.754986686363342596e-01
1.007945649293990747e-01
4.746759207761771515e-01
2.644567548219405387e-02
1.664150318967861086e-01
1.101921003633758167e-01
2.436008187670979375e-01
3.800769248080676510e-03
5.180146701224255801e-02
9.847469928562849195e-02
1.008817669858037558e-01
1.652611200598698427e-02
1.970003738473070087e-01
1.151331657355081223e-01
5.086796167278431757e-03
1.282783133480450977e-01
4.942289598684579226e-03
1.474658515921848517e-02
8.744640161086361619e-04
1.089465881604829434e-01
5.458341090650222632e-02
4.906010473608635181e-02
6.071392571519842324e-02
1.682977148932552625e-01
4.519416387829081061e-02
2.577558518650446273e-01
1.628150288367244680e-01
3.006021536067981365e-02
8.577254147047208566e-02
5.001086237262650919e-02
9.769653404075376302e-02
1.552651965632815267e-01
1.579862768678299001e-01
6.163223258545995342e-02
5.775714724724556604e-01
1.568421607636072412e-01
1.871617866212255121e-01
1.472907691964731314e-01
2.594691838245595794e-01
1.474256123769150661e-02
5.180146701224255801e-02
2.780900288889296412e-01
4.172803667357913304e-02
1.141214015658886805e-02
2.039367614646278581e-01
2.093670734322691795e-01
3.413572082091805016e-02
9.576063555151712037e-02
2.562143710622478976e-02
8.702982804257602956e-03
2.498610374059954953e-02
1.725502838456822452e-01
3.713072400681891039e-02
7.234292689950141964e-02
2.727151919136838187e-01
7.961077546968500784e-02
5.649018822588070671e-02
2.044176511863769474e-01
1.531069243151064185e-01
9.704063436631404915e-02
1.484945659011355223e-01
1.727731012495714244e-02
2.520907480397723693e-02
1.880417367848669918e-01
1.271301819882326434e-01
1.492532612548907733e-01
3.592858834790112477e-01
4.367367066341292792e-01
1.611690944642674983e-01
9.829725497193224359e-02
1.645854624039660707e-01
1.940004545986726697e-02
6.927888428753349592e-02
2.909094430631992689e-01
1.979803112351315869e-02
4.366628941423675303e-02
2.972294513310579367e-01
2.266929048161553384e-01
1.519696361985815869e-01
9.187960603836650697e-02
6.435356618296987630e-02
4.448964406220539541e-03
1.940345793327023435e-03
8.194008004434408243e-02
7.464979471617081384e-03
7.294347828473030093e-02
3.509687139213334417e-01
1.230471474908532981e-01
9.146475992565800128e-02
5.263549117364491048e-02
1.484479687661415803e-01
1.295510800355158532e-01
1.159401319178968576e-01
1.693630035932564004e-03
8.154988177527640325e-02
3.066634696797027049e-01
1.195986828981387695e-01
2.917053058620819872e-01
2.396139844590503554e-01
4.823030177336226632e-01
2.276963632631253676e-01
1.037077633816249622e-02
1.683237413158401585e-01
2.645940886605417652e-02
7.111032971252767565e-02
1.479361102234317271e-01
7.593827346083134588e-02
2.000719188037664020e-02
4.944400376336665626e-01
4.457834225624078273e-01
1.199506995216004235e-01
1.695541410343346933e-01
1.330944048076083686e-01
4.277746186969988429e-02
1.684238461024921141e-01
4.168299855259102737e-02
2.059611183619050601e-01
4.846866648179573578e-02
7.964561398403985359e-03
7.231887366666259198e-02
1.670781909706496593e-01
3.725381467884126413e-02
1.051370561902789796e-01
1.322512726907797698e-01
4.088612831437252737e-01
8.516938552099874438e-02
3.529584344632025195e-01
1.987489422467130507e-01
8.079226130535645256e-02
3.276289845447752924e-01
1.212066797903263715e-01
2.339134590349790654e-01
1.458831564520001733e-01
1.500950967075776951e-02
2.656186968729993270e-01
8.455069722742483002e-03
6.841937182349613900e-02
1.216452220604926499e-01
6.845588051569222177e-02
1.720307336679306742e-02
9.815733898081113740e-02
4.377339659203883238e-01
5.215670435199069171e-02
4.896024991541646915e-02
3.374081068730671595e-01
1.632237903758985698e-01
1.427046244361332428e-01
4.680182201977207967e-02
1.292969236424374169e-01
8.337843785254739348e-02
1.228518595530835034e-02
7.116740330417675731e-02
1.110353964981557334e-01
5.621680782223154038e-02
5.710402604818301531e-02
2.545723506249397694e-02
4.185370936628594607e-01
1.503678093099900526e-01
2.094221308176323904e-01
2.473110168917502516e-01
5.729252717437297027e-02
2.226143107633906382e-01
5.652061748529260687e-02
1.579090823229392926e-01
3.809157488315864648e-02
1.417377238853673171e-02
1.527164827690536131e-01
3.213706285764894588e-03
5.495961709692771813e-02
1.340079532538420229e-02
8.883437544976305333e-02
1.595920492314793770e-02
1.238420656599617531e-02
4.142680891781689301e-01
4.020163726991946018e-03
2.018525187727284731e-01
4.780278688152351796e-01
1.799733214706462636e-01
5.640738866164603932e-02
7.420040552134393730e-02
8.135813261254223883e-02
1.085097499397487952e-01
3.821302826867131741e-02
7.187898141563785204e-02
8.633161433284507191e-02
2.400174993555871661e-02
7.239042349943884680e-02
3.803527326177467971e-02
2.606967972528749788e-01
1.589835560197419562e-01
1.199150686032033619e-01
2.016801129681070059e-01
1.843618605778721276e-02
6.752673782878860775e-01
7.189041835931901658e-02
1.591010310198252842e-02
1.686526894737275239e-02
1.379088318475844843e-01
1.607348013835668277e-01
3.213706285764894588e-03
6.628093352561212348e-02
3.936711409105932147e-03
4.410236352378432700e-01
4.550263256678704904e-03
7.395770674565219083e-03
1.683529408053859311e-01
2.686672816232196781e-01
1.302750986117007237e-01
3.473409288895621394e-01
1.624232045638276112e-01
1.673937665866723906e-02
8.393732413337715026e-02
6.593352493072995868e-02
8.624191845344347795e-02
2.201367718696036202e-01
3.179511587561404534e-02
8.134565377864230729e-02
1.670041751005400255e-01
4.069460130759362804e-02
4.816428441505932190e-02
1.285168388817350404e-01
2.369697450579157094e-01
1.239404906051252420e-01
4.562798836339592157e-01
1.843618605778721276e-02
4.228472522108394083e-01
2.319909230955603807e-01
7.700824084241188888e-03
1.361485589088989867e-02
1.338542923922116379e-01
1.013844701523458486e-01
4.358174448516417138e-02
1.112726987177556359e-02
1.023981612186551649e-02
7.351769162865536000e-02
3.312041743008471706e-02
5.352712641444694330e-02
2.650540946892825378e-01
2.533455294202634489e-01
1.457101005364038748e-01
2.318952112075255423e-01
3.535949799814864236e-01
3.325543785466015395e-02
1.155967894323877976e-01
4.116501554099802340e-03
9.457444682686547144e-02
2.677992256737923293e-01
4.846492997970958116e-02
1.852745056782819505e-02
4.319018337747486669e-01
1.397436110280711741e-01
4.645684462938333426e-02
6.198594173607591129e-02
5.203161031025832495e-01
6.566952118603973376e-02
3.387827638392884033e-01
1.533591328233558683e-02
2.871407416501572940e-01
2.319909230955603807e-01
8.720024585903672631e-03
1.193213795695215740e-01
6.452604395486244426e-02
9.996996867648222374e-02
4.059419829605914742e-02
4.310079592711463237e-02
3.774916482884736052e-02
1.036314576191909864e-01
3.207842435417301852e-02
9.912330431373754525e-02
3.727807010879434779e-01
2.000281212827554056e-01
1.317487656987463562e-01
3.881663608984945446e-01
2.248345931157974542e-01
3.247035469536921348e-02
1.334752368349441387e-01
9.531094963986745661e-02
2.524932763067580521e-01
3.044880536387585268e-01
4.874559326195473941e-02
2.665277825130274447e-02
1.984114269921760654e-01
6.194843131762768629e-02
6.836103706129860458e-02
5.016189814901254873e-02
4.207168315679743475e-01
3.001458900903325455e-02
4.623635120677358490e-01
8.607421717535657102e-02
1.503052788471445356e-01
7.529158674249095129e-02
5.580607891032179912e-03
2.291475077737901156e-01
5.139319570097151957e-02
9.321793602227754216e-02
5.032973434267911522e-02
3.958170694277162588e-02
8.692249362622986308e-02
2.424807344669874243e-02
3.207842435417301852e-02
1.373462290688377274e-01
3.774132860492345198e-01
1.090269036698527649e-01
1.380658090523701267e-02
1.774021901001376356e-01
2.262380256089709663e-01
6.713424861562561352e-01
1.621387586257168612e-01
1.121884644018481814e-01
2.346917903379615866e-01
2.070884131221755187e-01
3.733279335735652238e-02
4.044010899629613132e-02
1.947348495355558651e-01
2.689989859785274495e-03
6.927575812856068271e-02
6.695122027677261056e-02
4.746476721875788618e-01
3.001458900903325455e-02
2.002981922011104754e-01
3.707843559051974269e-01
2.767532544330062461e-01
9.803237844164743031e-02
3.209683857119421946e-03
1.054562497402449783e-01
5.935219573818026340e-02
1.886182395671812673e-01
3.793594871116087730e-02
6.856624642476052967e-02
1.246879823958072508e-01
1.672137234867829975e-02
3.142620589544514037e-02
2.416251078592072665e-01
3.007565316804666766e-01
3.337483999202811580e-02
9.530878664192499183e-03
1.441982901145849594e-01
1.670799064533188549e-01
6.713424861562561352e-01
3.983903285507636172e-01
1.221964592507117364e-01
2.316175911239610474e-01
2.187571114694389363e-01
2.225853785906838165e-03
9.211880288125345873e-02
2.224528044953262562e-01
9.436813308491634467e-02
6.852771295042968391e-02
1.027029420551801714e-01
3.776260286442638670e-01
1.976960320045727595e-02
1.551383943240717267e-01
2.901927687846287407e-01
3.287038615833148825e-02
9.803237844164743031e-02
8.334852063482868501e-03
1.213498495685013528e-01
6.588030640759358347e-02
2.015253803180451220e-01
2.363242328008587079e-02
1.480770278544875918e-01
1.603327980078294579e-01
2.111615655611880082e-02
1.177354179391663924e-02
1.966914843347227770e-01
2.021868114909596004e-01
6.494121415412719422e-02
8.862373773702902913e-02
1.903597142486191662e-01
3.244178902732767211e-01
1.466012665511305380e-01
3.169386602548303622e-01
6.772198257405460942e-02
1.004917232351403289e-01
1.823126402595239282e-01
4.996756686160275240e-02
1.018522460235126853e-01
4.255474085556537611e-01
2.289278010734346891e-02
6.225135900478478979e-02
6.311132250698847646e-03
4.054994556756555402e-01
9.637551951948257478e-02
4.574828064509885162e-02
1.907021504444436077e-01
1.033178686237468391e-01
9.600049317262869530e-02
9.147590049270718296e-03
2.552267332205997996e-01
8.440982986723880033e-02
2.018283014351575366e-01
2.731786538076289191e-03
2.042004500166389458e-01
4.482091543089175012e-01
6.234170310759135081e-02
8.458390789880586291e-02
1.181765559342617400e-01
2.021055392062655331e-01
3.898781823290148330e-02
1.332415898150317579e-01
1.417378109896732796e-01
2.521032665587958910e-01
2.410433270527737037e-01
3.407877850132773334e-01
6.213442362878032754e-02
6.900099651917300514e-02
2.791157246286728455e-01
2.291813365763046423e-02
9.359060995782844672e-02
2.515636048874124731e-01
2.289278010734346891e-02
1.433350649637820662e-01
1.409037187653889023e-01
2.281091513751103139e-01
2.640141719654681141e-01
5.300509138842178503e-02
1.902148856626958984e-01
1.639228209038505468e-01
1.517442322114448405e-02
2.181879616160919966e-02
2.768628746288318565e-01
2.544897313877883538e-02
1.844551652966782557e-02
1.040845693234015851e-01
9.601414332865956802e-02
2.806028601197597672e-01
1.171986036292322619e-01
2.514024818579735920e-01
7.062582246918691631e-02
2.487250884004431062e-01
2.692552688473313915e-02
2.100903601485586969e-01
1.261880047987130604e-01
2.569792745653828869e-01
2.227585514762278618e-01
3.285293115042049461e-01
3.620531404690394139e-02
9.767822661825414921e-02
1.789075345719627619e-01
2.466363997106812977e-03
2.474230207857786579e-01
5.981285610276008136e-01
7.178066759418802456e-03
1.080326300831459391e-01
1.430788566462943279e-01
1.362358728443989753e-01
2.774209509241237770e-01
7.515202430931852695e-02
2.294842479141616098e-01
1.453571544479289046e-01
9.139856348751446147e-04
6.613922234203886696e-02
2.846270191712343967e-01
2.190334372822671516e-01
2.472292578081870806e-02
1.392115093090546540e-01
4.515342423396326299e-02
1.702275111605461855e-01
1.030353660931185855e-01
5.371846471936625456e-01
1.877736145797669620e-01
4.220827645853895138e-01
4.821036154846480848e-02
2.892461323161500397e-01
5.529358792940313599e-02
5.164020534594645495e-01
2.496358438521364964e-01
2.375031171834829924e-01
5.122782297555286690e-02
7.560970430718522151e-02
1.408375106964715462e-01
1.387856829415864413e-01
9.620874460534944994e-03
1.252893246917843317e-01
2.976027503319903997e-02
1.123166072834959617e-01
1.807998999980414967e-01
1.349334153798097680e-01
4.353703742464372084e-01
1.667549186804465067e-02
7.467078517895911483e-02
1.024755827122148522e-01
8.154195378406864370e-03
2.823498479266554201e-02
3.816034680064008811e-01
1.996849692953304167e-01
9.027607408731966321e-02
2.088635686103401667e-02
7.796340679955922337e-02
5.423530089843082297e-02
8.178231702602976882e-03
2.948829100327179931e-01
6.487704352174319955e-02
3.888617503803194486e-01
4.426220808572767229e-02
1.304304992987882772e-01
5.649915532357529385e-02
4.492002336644511651e-01
2.349222793694926703e-01
1.549619447372667103e-01
2.034030775078274345e-02
2.451006765198704418e-02
1.300177966597200752e-01
1.695942573468291470e-01
5.921283474056757701e-01
4.493849088266009817e-01
6.270617269568064256e-02
9.354741862195647961e-02
1.114877792729775108e-01
8.415074889454748908e-02
3.917014394131329014e-01
6.380171226573970109e-03
8.218034814159647095e-02
2.325846716355689514e-01
1.817732486354736721e-03
5.648519309286227641e-02
2.071714634927390719e-01
2.959682593697404718e-01
1.255562988762935483e-01
1.344310799829386005e-02
8.228078028194427129e-02
1.823792433038073368e-01
4.836113050140505853e-05
5.102534850302684610e-01
4.063253965337418339e-02
3.191829876935901589e-01
3.407566728762211061e-02
1.176506148934782503e-01
1.652147475830259560e-02
7.099674866293204101e-01
6.816984150054458680e-02
1.615045493709657554e-01
4.298543737788471097e-03
2.060220682314869989e-02
1.243884498420680107e-01
1.117013634984589387e-01
3.523307861660263662e-01
3.193974756754199840e-01
8.233038966470121456e-02
1.722073606849248151e-01
1.222884693993384342e-01
8.479243205556877272e-02
4.789533065692298530e-01
2.725781601148055122e-01
3.760605571563113703e-02
9.041663670020824717e-02
1.817732486354736721e-03
1.374318044399496508e-01
1.808780488056154628e-02
2.353517479504683707e-01
1.374937543204225454e-01
1.222177551998175800e-02
2.852874901000979069e-02
2.960490642098706493e-01
6.996439961806036334e-02
6.519000785362607520e-01
1.169966826992949044e-01
4.389227700902565421e-01
2.989499066908885005e-02
9.000288777713766342e-02
2.677851919308568002e-02
3.472811579597546716e-01
1.616558358373123561e-01
1.314553625901614398e-01
4.841195832108133312e-02
5.307351316812294884e-02
1.532689952935116506e-01
2.483160883076521164e-01
2.817852255432356512e-01
1.175137288771859745e-01
1.331230370930005513e-01
2.431039540380454389e-01
8.350959452648752668e-02
7.563857219231048812e-02
9.023496945795039803e-02
2.318140371605205141e-01
3.760605571563113703e-02
9.041663670020824717e-02
2.445960391431602904e-02
1.204949153179657312e-01
9.401378718180639082e-02
2.516845429109410559e-01
7.270816683833075666e-02
1.284542586319735447e-03
2.099767869747926063e-02
1.321080489968496918e-01
2.931065048320030675e-02
4.811832866678180110e-01
3.501793243606586836e-01
6.188535986396653810e-01
9.270992649020132204e-02
1.408936132365788338e-02
2.875923601364186594e-02
2.865597396237503647e-01
2.554372216937824680e-01
1.197363024121535918e-02
5.448558145339048309e-02
7.797844186519299614e-02
2.282791039364157615e-01
8.859980719250518111e-02
1.805834683988585543e-01
1.375275817874391793e-01
1.454237447092215363e-01
1.646947542070948123e-01
3.249861618982627376e-02
1.222550346008383082e-01
8.608765455797562360e-02
2.275123773960504858e-01
2.910499038105919534e-02
3.294236667135601315e-02
1.250202620912911344e-01
1.052682364991906344e-01
8.877341405415174747e-02
2.499856826519998299e-01
1.709832821872457331e-01
9.872497513070421261e-04
1.471698296966565955e-01
1.288610499052958991e-01
5.015623659939263956e-02
9.763007022917111755e-01
4.186598834390794499e-01
5.677938522359149420e-01
8.033622970773979244e-02
6.426252637572414661e-02
7.729043966118882836e-02
1.551443223885626554e-01
2.961823857329786147e-01
2.512995789963866702e-02
4.599578666730393117e-03
6.779716184920070443e-04
1.342670565434676833e-01
1.080381560017341092e-01
1.320599316266830581e-01
1.313690806939543099e-01
1.224573300578251922e-01
5.609503292006967623e-02
4.839383920850342385e-02
7.749309496794978824e-02
1.524574119408272088e-01
8.890732661408695670e-02
2.852709233881932371e-02
7.673887050021138689e-02
9.112019745398308723e-02
6.020872566243334889e-02
1.117985424522396631e-01
2.451938655826169655e-01
2.054889798650238741e-01
2.956210507480494520e-02
2.897117584561704762e-01
6.600492544120545313e-02
2.489446056743832569e-02
3.325857134710192287e-01
4.131677626955619909e-01
4.126477307679997097e-01
4.427508792845703811e-02
6.160686993501444941e-02
9.839063347079328448e-02
2.143372666983950348e-02
3.139871625790960352e-01
2.594951834624448575e-02
1.487313393435176628e-02
4.932642114922324711e-02
1.459885086721724456e-01
6.587273878474664279e-02
8.461581454053754281e-02
1.607939193733325667e-01
8.127949850893857464e-01
1.172170744187918112e-01
3.893168903277589160e-02
1.179313576584507389e-01
1.215896161052559543e-01
1.005071084143179250e-01
1.906863752274566837e-01
7.420032605932072589e-02
3.687891995700656733e-02
