1.183735780843845307e-03
1.622398396821209815e-02
1.185280202268832427e-02
9.404240705550102192e-03
1.733406184016236806e-02
8.819451278792375323e-03
3.350674347299149869e-02
1.920447694782118422e-02
7.672463610819354324e-03
2.413248487735023678e-02
1.722866749104035727e-02
6.690984532289892539e-02
3.948869482699456090e-02
1.932263979006161592e-02
1.704788669687435851e-02
2.736732727465369941e-02
5.730213163864360942e-03
1.593662567828875096e-03
1.625203233473984481e-03
3.424543464034418908e-03
6.024625226725217192e-03
2.303598445370685921e-02
2.151388648822772157e-03
1.240908896882064912e-03
5.339679414565296975e-03
3.065754130799037622e-02
2.207430052536018747e-03
3.029114173965709311e-03
4.848108326618456865e-02
6.553416784022511599e-02
6.693593568390239501e-02
2.080324418872177283e-02
7.021846157972772874e-03
4.385678719254782615e-02
1.471156738781080262e-02
3.095172337054086231e-03
1.111225274374867678e-02
9.865028821315423302e-03
2.495640945245577308e-02
4.829475367553440895e-02
1.908453530199150702e-03
1.875313504205594270e-02
3.411872244725511205e-02
2.872573101736435389e-02
5.755975561807992469e-02
4.281277938523984222e-03
2.523637592036504645e-02
1.444551505322977207e-02
4.901854402195000154e-03
7.855203696890786236e-03
1.386722041927739013e-03
6.202881294038301019e-03
1.886946347382417732e-02
1.685570258991530776e-02
3.616463621533306909e-03
1.240908896882064912e-03
2.295222038375595644e-03
2.348625506309270916e-02
1.000435239140655234e-02
2.029982046955220581e-02
3.758899743968291407e-02
4.815754003450819359e-02
2.260975133672603332e-02
6.383173290790827847e-05
1.198030740345340473e-03
2.032479783733616777e-02
1.472037107424494992e-02
4.058275747582454351e-04
2.336547774288370849e-03
1.170276788515868700e-02
2.949639736111456592e-02
3.091842064357829684e-02
1.489638872956568563e-02
1.258414745134012538e-02
4.082897890069207836e-02
2.686626087642252081e-02
3.334615818379937230e-02
7.666155042863739486e-04
1.943568911870980492e-02
1.395287479053540503e-02
7.823520576341762983e-03
1.433457097563015353e-03
1.386722041927739013e-03
6.741703125544184355e-03
1.155758457378926705e-02
1.030036642054958824e-02
1.130850634477110171e-02
2.247304353250704611e-03
1.357282381771377118e-03
1.723651157424169536e-02
2.645179152314637572e-03
1.070442265448397212e-02
4.171310824983191085e-02
2.294637220205445610e-02
2.194976595042624767e-02
1.063021086657296894e-02
3.222359929389975730e-03
3.249110308120267687e-02
1.543212831841103694e-02
9.917557419792562279e-04
2.348360851973364458e-02
1.863710920920510009e-02
3.548265681554073347e-02
9.544087734477780388e-03
4.408238428967625397e-03
6.127981484138905408e-03
1.323349707300853009e-02
2.360199813348184267e-03
1.456126116019976213e-02
8.328804803934735171e-04
2.680884168173445006e-02
1.266763218941470079e-02
1.283822445203501063e-02
7.595686397381534727e-04
1.386722041927739013e-03
2.206494844924728957e-03
1.784305892268114868e-02
7.280511045705531301e-03
1.935402118287815262e-02
4.495939540778944640e-04
2.735028045785622280e-03
9.300853601860739617e-03
5.063999859344494453e-03
9.067470092761639733e-03
1.932415194831373084e-02
2.311337483996700470e-02
1.358152319549679569e-02
1.321891352485452496e-02
1.177153368611787154e-02
2.082593796585487447e-02
1.706958470072504619e-02
1.132625976913832115e-03
2.194730897837911254e-02
2.009461651781462715e-02
5.028155904000505133e-02
2.962081663763646566e-03
2.613454413650862992e-03
7.742827523015597714e-03
7.040815165400091807e-03
5.022988145597529624e-04
4.162237008838304275e-04
1.088931774485103234e-03
1.273311421040031026e-02
6.628560498719237269e-03
9.719052410877074277e-03
4.390363915320794411e-03
1.386722041927739013e-03
2.360804310911844214e-03
2.917210775702553174e-02
3.384738191717636541e-03
2.222115898522814340e-02
4.772101260356787292e-03
3.250796963239137999e-03
8.112603476956286447e-04
5.314942665244759903e-03
6.755529402348935987e-03
9.690884597797686656e-03
9.680106432747309295e-03
2.211292471140364254e-03
2.486262238054664023e-02
8.837701031991093692e-03
3.110688616154338310e-02
2.603218322264849727e-02
1.091519083594999842e-03
8.823084053002527849e-03
2.486681183708748522e-02
4.089797159460926979e-02
2.105103953381281569e-03
2.326140445941963456e-03
1.013561591946614791e-02
7.473569956966874452e-04
3.885260531721299341e-04
4.162237008838304275e-04
1.527909402308826048e-03
2.699284400858990504e-02
3.299351264809496226e-03
1.027217260715246674e-02
1.575443606716572104e-03
6.933483280555279363e-04
2.720015736600176794e-03
4.721256142145244250e-02
5.700533533616388739e-03
1.426717324647799358e-02
1.178836023709947493e-02
1.585067526644309832e-02
1.058105976778183667e-03
5.314942665244759903e-03
1.504714238927725573e-02
8.376012119785766763e-03
7.359309156809861613e-03
3.978578041275083153e-03
2.512745325432865981e-02
9.650108569161791605e-04
1.997987724406047327e-02
2.995600712722599687e-02
8.974202756965922803e-03
2.289779498238619232e-02
3.745889947821932908e-02
3.239448127913592546e-02
4.910447180552326638e-03
1.397664424585248755e-03
6.313411965919014587e-03
1.025587136768232009e-02
1.010987192356636562e-03
3.270412885931019836e-03
1.205651814017009126e-02
2.551644910033371363e-02
1.931010350819182750e-02
1.636953216792955482e-02
2.637510083670488795e-02
2.202305088643102815e-02
1.604556535254016494e-03
2.453133038519557385e-02
8.232978614540781281e-03
2.352804422027522310e-02
1.828013462329830530e-04
2.028065916670904190e-02
1.165250456089335189e-03
4.275675629583371162e-03
7.938553318985800550e-03
2.586690882615841520e-03
9.427943888907785314e-03
8.939657779190417208e-03
3.954527180055728008e-02
1.305162570316418039e-02
8.296979655646968474e-03
1.192520974382280455e-02
1.971399802648900190e-02
1.713027485933584296e-02
2.500953347597238349e-02
4.152111811103407525e-03
6.443093927093595033e-03
1.329290279192809829e-03
4.891736888316671784e-03
1.426263553769241410e-02
1.162421240255244806e-02
2.566063657537094155e-03
1.664527778063142061e-02
2.337746021456538204e-02
1.420088052109452943e-02
5.452234117397641334e-03
2.000316844778801673e-02
2.523768685738470019e-02
5.218117442173739878e-04
1.454750922816596022e-02
7.113020261626248723e-03
1.545343920366106655e-02
3.740668654977127167e-04
3.598710104539235705e-02
4.480895090894251691e-03
1.829424365589651501e-03
4.497600829424529961e-03
1.247782261949921187e-02
4.298871793428048205e-02
1.149836621936184931e-02
6.601338654364444572e-03
2.146369344687872743e-02
9.458492317928167067e-03
1.385532425341692853e-02
1.058436557152001023e-03
2.291338769518064949e-02
3.722896053199534899e-02
1.674895310949534814e-03
6.617215387524474392e-03
1.816298785663516407e-02
1.921472264467497318e-02
1.431349155620037158e-02
3.146007679677848001e-02
2.591466768590391587e-03
3.291540988583853411e-02
3.545991166405869366e-02
1.269315622012915160e-02
2.754027881794657295e-03
3.126521049995668877e-02
2.158036781281156419e-03
4.685237186918692954e-04
8.432462855873736410e-03
1.273184106822855804e-03
7.248763248483737140e-03
8.048986136232139446e-03
2.191071289458634136e-02
2.054380809538118580e-03
2.062746668555217114e-03
4.458009467604118377e-03
1.716307942845623352e-02
1.425562240057727872e-02
1.228733921712458869e-02
1.016680247126737144e-02
2.544300346056267703e-02
1.061124053392325552e-02
2.166548362970762212e-02
7.116800970684027030e-04
1.756798629481906224e-02
2.483355244962141828e-02
2.104949500201099347e-03
1.406540682165470686e-02
5.072340564156545967e-03
1.187914020979150172e-02
1.500532208677970991e-02
2.139273698320402761e-02
5.964512658744054036e-03
3.694805199358485587e-02
3.548901998197617064e-02
2.815476112541760376e-02
3.125906766947725724e-03
1.752456223010923075e-02
2.158036781281156419e-03
1.829945241480277103e-03
8.956411032597073538e-03
3.148330148590605931e-03
7.293697664665433830e-03
2.624012268515434065e-04
2.333572246966213876e-02
6.918000794225966782e-03
2.006140650439608430e-03
1.839557327525916889e-03
1.160416837329952475e-02
2.598385664716949817e-02
1.509455661829249649e-03
5.871283811577417827e-03
1.365715334323335320e-02
2.034566546970446605e-03
1.876414507609085874e-02
1.185033574931632734e-03
2.807489793441352022e-02
1.996528646619992464e-02
1.047365256460408220e-03
1.393504101894781078e-03
1.291700472765180529e-03
4.108486471786474206e-03
4.922338310851004720e-03
1.383666799757752794e-02
4.177071341776656538e-03
1.868671645161862002e-02
2.067056045239305112e-02
1.774771817907364740e-02
2.521074402696851444e-03
2.165725673913253962e-02
1.642777457983718437e-03
9.869069274357178097e-05
7.750768803708337623e-03
2.405397246216297441e-04
1.411465505151990839e-02
2.624012268515434065e-04
3.616549445594588463e-02
5.488327044490823661e-03
1.958503571270967056e-03
2.229432785480662399e-02
8.346314678422565164e-03
4.166044930100140653e-02
1.573074139951780026e-03
3.269569998653470630e-03
1.586173663228084181e-03
1.440291523615079040e-02
1.883824797353226069e-02
1.329171257510382460e-03
1.797802670691327903e-02
3.077198832492087158e-03
1.202778440320673636e-03
1.309273302828819433e-03
1.294047691232095860e-03
5.576439196698031002e-03
2.350965110299932381e-03
1.635564190327237072e-02
3.211914431910965501e-03
3.329865772139161545e-02
3.426613888368364863e-02
2.693492111932974803e-02
2.615057149781756934e-03
2.399316399873191452e-02
3.126444903966440255e-03
7.039179179534928166e-04
6.543393022629524769e-03
2.405397246216297441e-04
1.298828141477150443e-02
2.624012268515434065e-04
3.530233227810217200e-02
7.206383448454664262e-03
5.613490440380126956e-03
1.567860442261776246e-02
9.374813851731497033e-03
2.308419835279175089e-02
3.819068291427537599e-03
1.944073818507797285e-03
5.931002672741741977e-03
1.218833196361154315e-02
2.414683562439456921e-02
1.329171257510382460e-03
2.482845523308925550e-02
5.987256989323605505e-03
1.181293763486367804e-03
5.191589454326617920e-03
2.876014978923578137e-03
1.925271389440578193e-03
7.549099280887507785e-03
1.907014136615782507e-02
2.565286702664416191e-03
2.578778166852623011e-02
1.401843760055238898e-02
2.858692151541740445e-02
1.087116354090651542e-02
3.961747545538805287e-02
1.024108192015472886e-03
7.680651294106598812e-04
7.573364344228864994e-03
3.567332890921456716e-03
4.406894033175488140e-03
8.781743760970439280e-04
2.185528233992386701e-02
7.490190478978355111e-03
1.384730405061818104e-03
1.590545768117638398e-02
7.764222065170867711e-04
2.334399405517619680e-02
1.487786088093837229e-02
1.007026085129232237e-02
6.370360390666765472e-04
2.085939411932405396e-02
3.507460740554543821e-02
5.424998965719144729e-04
2.750419655460605364e-02
1.558585273781788738e-02
1.792994863920003039e-03
9.514719626206574049e-03
1.810402161087189179e-03
3.890951199228803725e-03
2.301324853153380399e-03
1.608760373103985952e-02
1.939576489105762766e-03
6.181101134400503183e-02
8.312076569224112130e-03
3.008050471279273552e-02
1.232728134448634813e-02
3.213924418058521082e-02
1.040621767043389129e-03
4.144651131230098033e-03
8.489873223778976463e-03
9.379905995265006707e-03
2.974331859234315839e-03
3.280530939858942660e-03
6.373402625607127968e-03
7.468632070421256722e-03
9.152418488061666441e-03
9.184077621859913082e-03
8.009395957278472519e-03
1.927536033360017359e-02
1.757229465052924378e-02
2.666441098726668631e-03
1.209778978820227457e-03
1.160005094481554762e-02
5.243769596880550748e-03
5.662593870918551523e-04
3.276293796589946350e-02
7.290378675490353025e-03
9.603752862024202142e-03
9.147450947817966152e-03
2.605773298087241986e-03
8.640501063831195622e-03
3.229538634431672675e-03
1.077446130445089585e-02
1.939576489105762766e-03
4.218561657099774431e-02
7.967141865940009435e-03
2.158491901479572123e-02
1.214416597337814388e-02
1.478891201817224971e-02
2.697464416877533473e-03
6.663499626286257908e-03
8.306922052496628142e-03
8.993242570330838362e-03
2.152817730593305917e-03
7.930287270259780974e-03
7.003815577323758285e-04
2.459578627678316032e-03
8.194177986471453540e-03
1.117192850980736063e-02
1.312244577069689166e-02
8.320329984969248097e-03
6.832369121759356533e-03
2.519439470582132343e-04
4.087772550287562846e-03
9.279069297433538768e-03
7.067322461502277380e-03
5.708491082875324224e-03
2.867902912459318471e-02
3.712844151750294922e-03
5.324837511680185001e-03
7.120071552617112179e-03
8.012218735829692087e-03
8.003016614875556670e-03
4.170565120354477462e-04
2.043291998663025744e-02
9.642190189181235049e-03
4.281386835688024556e-02
3.031562750486159127e-03
2.379547875657531120e-02
1.236053622583041176e-02
8.123221984461423753e-03
5.726243324610065175e-04
5.663130459349125304e-03
1.043338108654408118e-02
6.929170025610690772e-03
1.139092593474763659e-03
5.088812256586667561e-03
3.793112211267688633e-03
3.095719885777913939e-03
8.544259138653687718e-03
1.934727347802405947e-02
2.732188244611706909e-02
6.818751075226417609e-03
1.487906524214073403e-03
2.519439470582132343e-04
5.149880466520691778e-03
1.330171053111289456e-03
8.288606242698259505e-03
9.784801880934333382e-03
1.604705578607121264e-02
8.065894366452351638e-03
3.069043454062139048e-03
1.176866048976372633e-02
1.291954007736784496e-02
1.081346280718523296e-02
3.335234959542467473e-03
1.985477746479939049e-02
1.077391487101800327e-02
2.749858611362898664e-02
1.958258610759105664e-03
3.042633572353967142e-02
1.180403458042267664e-02
1.805648520707959365e-03
1.188244229005978869e-03
6.005553955100830302e-03
9.809743173499557711e-03
4.535453535426253735e-04
9.276979301017042106e-04
9.099508966346840297e-03
9.862007702439300194e-03
1.414853535952236702e-02
1.178135980057193680e-02
1.644658316990066371e-02
3.276653156966220781e-02
4.092400655004088672e-04
5.458699984325968840e-03
1.603222822105970606e-03
2.117838517659786923e-03
2.639554048267429669e-03
7.501141537682687668e-03
1.232337953209335785e-02
3.087474294474173986e-03
1.464531608731714160e-03
8.818033634219641509e-03
1.189419933172663167e-02
2.130884343874569695e-02
1.722752688057700363e-02
1.879177713065533157e-03
2.055826324129439095e-02
6.630054065376620592e-03
1.859128637465303976e-02
1.366376168633287765e-03
3.701352007717748777e-02
1.209128795232305292e-02
4.047953515391444768e-04
9.269308198149714059e-03
2.644898620648984157e-03
6.790199259089866116e-03
1.490182230103645608e-03
2.103387103421372126e-03
1.246995205273524615e-03
6.624399784452230169e-03
1.265012379404458973e-02
7.666594138427934579e-03
8.980795261936503487e-03
3.816707583743903648e-02
4.827774760381165972e-03
2.009799885300474903e-03
9.541455012320496087e-03
5.068119860934468084e-03
7.479038188834303148e-04
7.745442560085163096e-04
1.147803901357726322e-02
6.349644688400110128e-03
2.761218488936569362e-03
5.518603694610713095e-03
6.183594925879267942e-03
2.481608462296532036e-02
1.611849308477244364e-02
1.081391877276200592e-03
2.508962452469837637e-03
7.214379545306483926e-03
1.503639767786827536e-02
3.969434117493899142e-03
3.351322477218482421e-02
2.054106446210695464e-02
4.047953515391444768e-04
1.378687238953070320e-02
3.486183265774328230e-04
2.143718629684979518e-02
5.400744790092552872e-03
7.902071199487910660e-03
1.046290143987228241e-03
1.316240739849531757e-02
8.163723908851408528e-03
1.225289406728836267e-02
2.771989156455564873e-02
2.464118747134753235e-02
1.370074451013642870e-02
5.970558217390346985e-03
1.018622803453788847e-02
1.436190724303452321e-02
1.331915745640207920e-03
1.209061094842363640e-02
2.129759461157284053e-02
8.425701457690136509e-03
2.987079383156459808e-02
1.278615658398543978e-02
7.801728494489052965e-03
1.275730442472104015e-02
6.189756826027061065e-02
1.916341493741717875e-03
8.767643224797806549e-04
5.740482725236844413e-03
2.581345565658347413e-02
7.384844544717407248e-03
1.798530023367629974e-02
6.915332570432343451e-03
3.422411103185720588e-04
6.839052854982468482e-03
9.352458827836854748e-04
3.399116468434416893e-02
1.050294718193899544e-02
8.689991635639132683e-03
5.220788924481974125e-04
4.220232994053445437e-03
3.530265968303898313e-03
6.551945735100633134e-03
2.296181699419584318e-02
2.199892299673189555e-02
1.244035884301979492e-02
1.221728192634496946e-02
1.005399479051728197e-02
2.834655423081609144e-02
1.427438634498972084e-02
1.700351868725046706e-02
1.865523164318857313e-02
1.052867438323257764e-03
2.159639748772690729e-02
1.765178075786491899e-02
1.033087034634383970e-02
2.503317664159926056e-02
2.627756013362277099e-02
2.038276735036261347e-03
4.940075087879056831e-03
8.396691550051751940e-03
3.226493185402276587e-02
7.494284459716684353e-03
2.464722298939345940e-02
1.209735676070197025e-02
2.517246704849035802e-03
6.867472124641276800e-03
1.054860474485308161e-03
3.198333663989393755e-02
1.208695051648507254e-02
1.211371720091220482e-02
1.640458927176829257e-03
2.212279065702889031e-03
3.601618383545021271e-03
2.094293912133790569e-02
2.632436328158650751e-02
2.495712071190429177e-04
4.679299813777614350e-03
1.326213481683378298e-02
3.396010443842534428e-03
7.819977484526884418e-03
2.247330194822992015e-03
1.014576831883768140e-02
1.779616173808661744e-02
1.314019064489797481e-02
1.497307459442561751e-02
2.153847741537867622e-02
1.118799611744326558e-02
1.748369745289429442e-02
2.962785232879125430e-02
2.421964027076676379e-03
6.529970392143103972e-03
1.024219232505538604e-02
2.276371213386385595e-02
3.977491441853724281e-03
7.325116887644303118e-03
1.209735676070197025e-02
2.517246704849035802e-03
5.026451028205174663e-03
2.132607750417120709e-03
1.282762496667335002e-02
1.303484786462045728e-02
9.141583566038681205e-03
6.837306924938239307e-03
2.013965808120824538e-03
1.116021076123313843e-03
3.336288368151306416e-02
3.891464771654410543e-02
2.464898493002980542e-03
9.060316210679167370e-03
1.201351305195508951e-02
3.416141578094212400e-03
5.095860265009669390e-03
2.707220250757795370e-03
1.320925835485841499e-02
2.034290732523440573e-04
4.781238872890065071e-03
1.230647190050898621e-02
2.542839598762148753e-02
7.258987080251177830e-03
2.548099633402131983e-02
5.002392386440918104e-02
3.334938030272667150e-03
5.352107578811054686e-03
1.088474709207372035e-02
4.053128034560547766e-02
5.326919522038816093e-03
2.933830085533535234e-03
1.445295679576954866e-02
2.162834024715593051e-03
2.706914323560162972e-03
3.774656887675725825e-03
8.647042553527098038e-03
6.185906882756440558e-03
2.183261209518710250e-02
3.828971962987475809e-03
4.993786230483800506e-03
1.062213982173918370e-03
2.667104719367403842e-02
5.628670235302233454e-02
1.657437074053274423e-02
7.985440561418040428e-03
5.143323002744806804e-02
2.832093894419088209e-03
7.123968096559886443e-04
2.061729039435054606e-03
2.232812229488408823e-02
7.668068039929272234e-04
3.575448008210297193e-04
1.490544324971122825e-02
2.031047514818103486e-02
1.053701536129403316e-02
1.611561611208207206e-02
4.070061801760356535e-02
1.193282548925660332e-02
1.008753035935935904e-02
2.833350306322237645e-03
8.772308709033967145e-02
1.142928118091650347e-02
1.905171142937411681e-03
1.223783160845446846e-02
4.038787675484016224e-03
4.890889970802306426e-03
1.767997946768596566e-03
7.231764958095601888e-03
3.704727359918754195e-03
1.078181421426222843e-02
4.922492719451801620e-03
2.802312637202567652e-02
1.135613141077273201e-02
1.782510090751242629e-02
1.799332112286816318e-02
1.735660069330037178e-02
4.283456137745812742e-03
4.454505654239315771e-02
1.063449415042211268e-03
1.017689098724380240e-03
3.069533910395752432e-03
2.897958558940825352e-02
6.037871298087374439e-03
3.575448008210297193e-04
2.193486545357710427e-02
5.854141073362156833e-04
8.175646752382271024e-03
1.793093777920884424e-02
2.675052533963515750e-02
7.469894785880967433e-03
6.354003748579075024e-03
2.820281538384194001e-03
3.671856616430585474e-02
1.115130899148055257e-02
2.027032481431136502e-03
1.731978166789052004e-02
1.060987857712506919e-04
9.168203334920823049e-04
1.221136572526419772e-03
9.695762331887429128e-03
8.202889198292753412e-03
9.579646923843124218e-03
4.198706817353435768e-03
3.540239255805877061e-02
8.200162280289451794e-03
1.207576962821318468e-02
3.273981677898723727e-03
6.983813419976113088e-03
4.665484460571969576e-03
2.452483442468436289e-02
2.667935316550076701e-03
4.848767449603842358e-03
2.775264196556311361e-02
1.201395484765658064e-02
3.463349456377395191e-03
1.098733053486372624e-02
2.193486545357710427e-02
1.797389285271270426e-02
3.987780844612875963e-04
2.011543072105941715e-02
1.592817808310537098e-02
5.709460226007274930e-03
6.856542330735185958e-03
2.018395657620089545e-04
4.299476215993874861e-02
8.845290858482804386e-03
2.310639078569100627e-03
6.063812834640039395e-03
1.058355664022535281e-02
7.632586790927408868e-03
1.014720393889116624e-03
7.846192088621643107e-03
2.617541417950894518e-03
1.382283783620968931e-02
3.666915781802974547e-03
1.761184081633389992e-02
1.093160737169856372e-02
1.274576627390808063e-02
5.663609559100020625e-03
8.494643002069713830e-03
8.386598412105603431e-03
1.524757443521340856e-02
1.446020716611309473e-02
1.040394356803084515e-02
1.731970250755089646e-03
1.704455454795874084e-02
3.186331318929327104e-03
8.252327359249450774e-04
1.655942576552277973e-02
2.593515187561091367e-02
4.672546830185534544e-03
3.779488406263379480e-02
3.355881784323035133e-02
1.180105309811077703e-02
1.903335837756820218e-03
7.186376864638214720e-03
3.338599946938770879e-02
6.695329456364619569e-03
2.305634153895310106e-03
2.399156991221965129e-03
6.084316374606567324e-03
9.281719931861637241e-04
2.438147773504361140e-03
8.324143325504703914e-03
2.855817252766993612e-03
1.205425387638501232e-02
2.466265085041706787e-03
3.995303482001513057e-02
1.243033268146495965e-02
2.812887866815917681e-03
2.131315185091646816e-03
1.080540540607532671e-02
1.568225744307098074e-02
1.018218106651697097e-02
1.103702812496392890e-02
1.003351392891299772e-02
8.142896433564583702e-03
1.746242622041092873e-02
3.551820220010182185e-03
1.218520241206118076e-03
2.914373171313848834e-02
2.684557044248730637e-02
3.327626629925657838e-03
2.942584260799136972e-02
2.612283794330483994e-02
3.019061643338176101e-02
2.284937370118707289e-03
2.679566797401789543e-03
2.728520048789474794e-02
6.937756187009163147e-03
4.198945262847812894e-03
2.932134934241842610e-03
7.628143520419362542e-03
8.415037518103886394e-04
5.617974962196917166e-03
1.330940111264860420e-02
7.780892572780452598e-04
1.218758414979229793e-02
6.107437910504802912e-04
2.557108651504215457e-02
1.235155383839005652e-02
6.886452378693955906e-03
7.349683768399597507e-03
3.748797709684144330e-02
4.051915943208878046e-02
9.544860650456897175e-03
3.583771459325501597e-03
5.945970606188203007e-03
2.156666631168653158e-03
1.541023914634611844e-04
8.267712675626768051e-03
1.327708604213002908e-03
1.593682820772528846e-02
4.587172695821767343e-02
5.100008387827944731e-03
2.277506934872732675e-02
9.935039371517014745e-03
1.546724476079702412e-02
2.768242856358925363e-03
9.256937894164263270e-04
3.626934910382132587e-02
2.744173750507351503e-02
2.122607524126695483e-03
2.989431646307947124e-02
5.180423162059204570e-03
8.415037518103886394e-04
7.280342119328812867e-03
2.433651326863586761e-03
2.567492909372877125e-03
4.899354196669218967e-03
5.560320870881896652e-04
3.200963084406325404e-02
1.969283157107824811e-02
1.190020370247831319e-02
6.492722416037401828e-03
7.882869394810199104e-03
4.227740868403259689e-02
9.022635634262667764e-03
1.011481281579016019e-03
1.133696382561863100e-02
1.273765820781746008e-03
2.358997535624105229e-05
8.675071220063659480e-04
1.330192308864899808e-03
4.233456617942887162e-02
1.014692059667126126e-02
6.769390860567974649e-03
3.262787326468424842e-02
3.679343939684401321e-03
2.202525857155719635e-02
2.262729202610719650e-03
3.622876871081798927e-02
1.494693644543190064e-02
1.217606688567389461e-02
4.372458996339506632e-03
8.644181708063261582e-03
6.296845392468018721e-04
6.338136359253315972e-04
1.739536436771913636e-03
7.391105927344889491e-03
8.090714537775977114e-04
5.409795543129054113e-03
1.826569684021799381e-03
2.821246243155435540e-02
2.012469492581740738e-02
1.556615120727379564e-02
5.633655836791902696e-03
4.195034174413404121e-03
2.618254516707223603e-02
1.089842800034103443e-02
5.795315973294347129e-04
3.523088775302939211e-03
1.300723314418710842e-03
1.140339808446644027e-03
3.516934315570925066e-03
3.366532988210933861e-03
3.840810148588694878e-02
8.420644286436448911e-03
1.992817222229722671e-02
4.185491104400121398e-02
2.238600164145093663e-03
1.672442985713845642e-02
1.381309558584665987e-03
2.890631612261003458e-03
4.356705756308391561e-03
1.995928650830846446e-02
2.497742722825232672e-03
3.915757338996560255e-02
5.771409822644553954e-03
3.397003187468246874e-04
1.878273491011483174e-03
4.527922450593150662e-03
8.470726072519177766e-03
1.024137841239166832e-02
2.938884163487668396e-03
4.960818961874932653e-03
1.475314805100071645e-02
2.129318469331413499e-02
5.556625360283329144e-03
1.004343232910973700e-03
1.618975161577284119e-02
3.839470872621123659e-02
1.857928469983664843e-02
2.354873179556560975e-04
1.268182721890903902e-03
2.452687630518858748e-04
1.248258930178451978e-03
4.137671999880283488e-03
2.488365850913439037e-02
2.267565094814782793e-03
8.034345035524609324e-03
1.625991706253256466e-02
1.833334807998383961e-03
6.790450095990290327e-03
1.514582561024731006e-03
1.630206536758356441e-03
1.483332905435441433e-03
7.670848040507754345e-03
3.604792711797811557e-03
1.035936660624838315e-02
7.103663103876637838e-03
3.397003187468246874e-04
8.021466949134074820e-03
1.539514368764636088e-03
8.189995979032377998e-03
1.672444668083238745e-02
9.214660140244875343e-04
3.526942913025417348e-03
7.022870010103213906e-03
3.028469276068350424e-02
5.556625360283329144e-03
9.275970518930721446e-04
3.839367030408427292e-03
3.839470872621123659e-02
3.953745703446874538e-02
8.591000041416366542e-03
3.614050420639126557e-03
8.453918120188410809e-03
2.765383273812834115e-03
8.032777675836924244e-03
1.839388679981597205e-02
7.547813924914753732e-03
2.502698698484471899e-03
2.271619532629578012e-02
6.468206221554782982e-03
6.387693070099408760e-03
9.928727923235024927e-04
2.302374244074004324e-03
9.357215309319494821e-04
3.962870107249621791e-03
3.724979291897411414e-03
1.473184084059694227e-02
4.883038697251154518e-03
3.397003187468246874e-04
6.716335826374993968e-03
3.333986396569612373e-04
4.582799798525273929e-03
3.699078668105069967e-02
2.795393038642485228e-03
4.052080213213758719e-03
8.946777263383047518e-03
2.368499757529580682e-02
4.736847189052730694e-03
4.795224241528844508e-03
3.277827142489524170e-03
3.157534439635902024e-02
1.175270483808626282e-02
2.754582153215198118e-03
5.298980430745642289e-03
1.521674131600780217e-02
2.792972971425467313e-03
6.404051385489851859e-03
2.703728128960627280e-02
4.651308465903528262e-03
5.126301058093099550e-03
1.547443477524357118e-02
1.216042436965959414e-02
4.250890697115559946e-03
9.099559253721186108e-04
3.235396103051112107e-03
6.715494326314786627e-03
4.949024695086127329e-04
2.025762051793014024e-02
1.079631729316915707e-02
1.133150717129996488e-02
1.812471800257274470e-03
5.360213857084793719e-03
4.649892758849371449e-05
9.580565080190854912e-03
2.245176886665207344e-02
2.098248705363877156e-03
1.534889826019519496e-02
4.732987138542402508e-03
2.814450801338897953e-02
1.754512926002902568e-03
2.757149634602037991e-05
9.924229947024755180e-03
3.521527170363322745e-02
3.270717912554873055e-03
5.980425078731306347e-03
6.694227556794860728e-03
2.430871575903439941e-02
1.243587014594405536e-02
1.370980811822661988e-05
3.589561699626730301e-02
6.050251603413269418e-03
3.386412698585925321e-03
2.325782336157314681e-02
1.274353512728076260e-02
1.523705233648108351e-02
5.095071462109797972e-03
3.851435753423017826e-03
1.248051687439155968e-02
2.398011233077334148e-03
2.207533374820109390e-02
5.792845662995415104e-03
4.797580925084438813e-03
1.673652631093478990e-03
4.724063199284394567e-04
5.744142150313394368e-03
9.580565080190854912e-03
2.703949379814132511e-02
3.930493397787617263e-03
3.783797466376647572e-03
6.012326221574333662e-04
1.623974523605931780e-02
7.019388069541020181e-03
7.880125814063831512e-04
5.284141645151622241e-03
1.001928575346168124e-02
3.600187703269006750e-03
6.543135043106022494e-03
1.007131897762916090e-02
3.125949847538013124e-03
6.072098159948777912e-03
3.570623163691029681e-03
2.848538920498818600e-02
9.434479012707969181e-03
7.243550131339392996e-03
5.287270236611206486e-02
1.385028922219727274e-02
5.676388284350049676e-03
1.426632088423340598e-02
9.724761510085160043e-03
1.684503426803750370e-02
3.545156012942143713e-03
2.872070120939033966e-02
3.839132247574601753e-03
1.018558093655084519e-02
9.164040949939611380e-03
4.349936068389390065e-03
7.644204652667825096e-03
6.846700446116914729e-04
2.053421195441827024e-02
7.552173073445244376e-03
3.575689938998438851e-04
4.071325539303531291e-04
1.785012101008506130e-03
8.612899247799146035e-03
9.399311511529770402e-04
1.201619163265955567e-02
1.166976444220735321e-02
1.742620104676566306e-03
7.415591372461976215e-03
7.763464186943364737e-03
4.846635631970857769e-03
6.807010262933916450e-04
7.687149029577713434e-03
5.809821372838231378e-03
7.484185189973047679e-03
4.183765336359687378e-03
2.305996042792070322e-02
2.192001414480248059e-02
6.863252977251352131e-03
1.918542392490307433e-02
2.758631668236858313e-03
9.870736754689083542e-03
3.044122404400585735e-03
2.888204199753699811e-02
1.034646192065315391e-02
4.857170927169942448e-03
1.176934562199064005e-02
1.583649744935979736e-02
4.105707132612409008e-03
9.668726015519806677e-04
3.327220780474385992e-02
4.334380655240104019e-03
2.544531302749751533e-03
4.071325539303531291e-04
3.293878356488475975e-03
1.250289828815114371e-02
2.138648739833711593e-04
7.220376842024790742e-03
1.298010040686282604e-02
2.017517719791344939e-05
5.713197239233450478e-03
4.443427452926508592e-03
6.048447252600532703e-03
2.644700868143148344e-03
9.946258576192346795e-03
2.026993086867276417e-02
4.261363855616429053e-03
2.465579653249571485e-03
3.664448169787454246e-02
9.057813505557177347e-03
2.509134747927447076e-03
1.586197246767603528e-02
6.433224860121759814e-03
1.328554317769446019e-02
8.822978568727591481e-04
3.245846839377786175e-02
1.768850011495889246e-02
4.112729128401724013e-03
1.159336409956250114e-03
1.148391035929379606e-02
8.049695652884856145e-04
1.219963882628152113e-02
3.717359823987712725e-02
3.655875943948152986e-03
1.834554084652757419e-03
1.857453496815818575e-02
1.427596200478087156e-02
1.243098019282215180e-02
5.750710712707772163e-03
3.041567327030273576e-02
1.019197558900113154e-03
2.368047763620633600e-04
1.338117479024015545e-02
3.276197735258702670e-03
4.707603597937192255e-03
2.302940870457752601e-03
1.565329174303191351e-02
2.354557531092237727e-02
1.334644236760327077e-02
3.358805398099992071e-03
4.859893587760696215e-02
7.774739882346552722e-03
3.786616005689503583e-03
1.337101982276711100e-02
3.958591952943154961e-03
1.447460114196229795e-02
7.507820911693626961e-03
2.824054465148299539e-03
9.390380818084052145e-03
3.229068339319091790e-04
1.358332059435213984e-03
2.350722014009228727e-02
1.462172444641912129e-02
8.788591471465439717e-03
3.791482062287461485e-02
3.145320508606943080e-03
1.185588247408886006e-02
1.358708706711217289e-02
1.809686443492305313e-02
1.016002755495066384e-02
6.330455685420010269e-03
3.769182273392668314e-02
7.085322576619887056e-03
1.376829621014432313e-02
1.727994708797356976e-02
5.517387703662560844e-03
1.218688968690998832e-02
9.663334943047978236e-04
8.846925411222325564e-03
2.790026244311319403e-02
2.595364212336231935e-02
7.474534230909803123e-03
3.303159840345827603e-02
3.321990554859171121e-03
1.029827862152136488e-02
1.509082827214644311e-02
4.013734660369920777e-03
1.605111739971617005e-02
1.231708879232796053e-02
9.296164127175115047e-03
1.577202823937312245e-02
3.571180104238276184e-03
1.210462417539502449e-02
7.363053703826359653e-03
3.239110797699057409e-02
2.851297182864212087e-03
2.605308959913517700e-02
6.717739676550347344e-03
1.838956703093630116e-02
5.827450927391971888e-03
2.261951828763426181e-02
4.574508792991546259e-03
6.872027167611672108e-03
2.702743763154465823e-02
8.397391939720723905e-04
1.346520544338040276e-02
6.828478014414981166e-03
2.223486817588268133e-03
5.639385761465928737e-03
9.362265319130956727e-04
6.045513521851874836e-03
1.767868942343696348e-02
1.898231514587958232e-02
3.425542290703409432e-04
1.396530802921401408e-02
8.257640406047492623e-03
1.643543930542144468e-02
7.280424690684274280e-03
5.115584393403080354e-03
3.865594344783360690e-03
7.180579227843922850e-03
2.286320608905134666e-02
1.416388477790781440e-02
3.172360634649902447e-03
2.071896748704922520e-02
3.990051252340542226e-03
2.312634407933435859e-02
1.545541391355653715e-04
3.451274657180244954e-02
6.468443057125155236e-03
2.753264449588761764e-02
5.971775523483816538e-03
5.022371346797727121e-02
4.790083750746012767e-03
1.140998257937649377e-02
2.289643244126584459e-02
8.397391939720723905e-04
1.482120760758480829e-02
9.374154319412948341e-03
2.764731870643883684e-03
1.194567921374649344e-02
8.252474453804651069e-03
9.747195625555319515e-03
5.030338914047706098e-03
2.018495709401170804e-02
2.290705961777068228e-03
1.126569958216224604e-02
2.389162555644588209e-02
2.297060073979883751e-02
2.288558818878991957e-03
4.553289620328942154e-03
6.882738152045451974e-03
1.935982108775697805e-03
1.912852732718069854e-03
1.104360386522393496e-02
1.071994436775524327e-03
3.053434963028016716e-02
1.145469253092524370e-02
2.926948551258166595e-02
1.545541391355653715e-04
2.522725935875241507e-02
4.880795270551937029e-03
4.429116141117283439e-02
1.216173517698725332e-04
2.873029999015953850e-02
1.138565669946847020e-02
2.005909057591722874e-02
9.712803901021634795e-03
7.207813833329012980e-03
6.546260192831755698e-03
7.250868814572842928e-03
2.481728218363499910e-03
6.203332755678019755e-02
9.946475503366820209e-03
7.748023763439429445e-03
3.543441071551468348e-03
4.082664205045560997e-03
1.533301443963890759e-03
2.358523736172093987e-02
3.371996320367894040e-02
2.752242216007887154e-02
4.110162157729323196e-03
1.386375442407660960e-02
2.461143790230974765e-02
8.826644860162654455e-03
8.886601814438448155e-03
8.554410860683460405e-03
7.003642179498853308e-04
3.173183936695223029e-02
1.677108319133820830e-02
4.926578636532115418e-02
4.425682451116384059e-03
5.835349748245864665e-03
4.496961386168190147e-03
2.328220124184664230e-02
5.528616211830476856e-04
4.091889227439708676e-02
1.065150875569827182e-02
4.118779787684644436e-03
6.035367979388449496e-03
1.556373402024691793e-02
9.749110051585226609e-04
1.223694487849344252e-03
1.748155690984014646e-02
2.550916699177442626e-02
1.003495222891543498e-02
7.320324019641395730e-03
3.513137314988283230e-03
1.901199530255456849e-03
3.526501840031413381e-03
2.032521812992897636e-02
3.036824211284035527e-02
1.514468319467855185e-02
1.540843994792611901e-02
2.346304740588602000e-02
2.458580092985059029e-02
8.118562964915857459e-04
5.122372636687929845e-03
2.305880474498848975e-02
6.341102259990818307e-03
3.173183936695223029e-02
1.025859436828233627e-02
1.653755659202813671e-02
4.473967538647970546e-03
1.017516077278174565e-02
8.952185111302825987e-03
2.363192482143294804e-02
1.078037910993706085e-02
3.106036682786608716e-02
1.154025633264662599e-02
2.245689048355878695e-03
1.291617747000220820e-02
2.753724463476159290e-02
2.380253815145581819e-03
5.461227103808301286e-03
2.102503855758681636e-02
2.541709595231844698e-02
5.257130856892283308e-03
1.040881455805262382e-02
2.677711853545441945e-03
3.209769668969249257e-03
9.635283933704906489e-04
3.388196730894474373e-02
2.247325074678802742e-02
2.327472798142814561e-02
7.937735939381232106e-03
1.995258676575704937e-02
2.941342841384270504e-02
1.839647544718567588e-03
1.062352448790578052e-02
4.450508841787936126e-02
3.347295621034198591e-03
3.662014072778892182e-02
7.181463603788407202e-03
3.661878131352623578e-03
4.473967538647970546e-03
9.760843481137483971e-03
2.721493842059517776e-03
1.017705754863530709e-02
1.049223142950575331e-02
2.736415044260278456e-02
3.451226510210394279e-03
4.674937877985520761e-03
2.540726413260022826e-02
2.577654111351554075e-02
1.317310701026292233e-02
1.024423339817190012e-02
3.321939747915374913e-03
2.117275953424817281e-02
5.697828214139590008e-03
1.509292478713909237e-02
3.873119174487425764e-03
2.496390808197808051e-02
1.612683601662632388e-02
4.152174061600126531e-02
1.840628628835978831e-02
1.293993901014789047e-02
8.689500610609812020e-03
1.518321062627249127e-02
9.639538547302652430e-03
4.076866507661688899e-03
5.168387151611872343e-03
2.299813592211867944e-02
4.991818218141758426e-03
3.226738913188522545e-02
4.282263924577647644e-03
8.160459264280165576e-03
5.184177117667776447e-03
1.198011810365273494e-03
7.698770208185296005e-04
8.052896687959550798e-03
7.994363327158499066e-03
1.965888570917864037e-02
4.903908164717994678e-03
9.745435240630900831e-03
4.256786317059511882e-02
1.952399953431262561e-02
1.174310159890589941e-02
7.106091064103272313e-03
1.295495747040893708e-02
5.437438072877697100e-03
6.358175647247743013e-03
2.446540509129883217e-02
1.325652790267218065e-02
1.035895272569035963e-02
5.796447084803096547e-03
3.015338608967032055e-02
1.118449069395200182e-03
7.573164907574525366e-03
1.462441185702576321e-02
8.982837996704209210e-03
1.089445705032845123e-03
4.824960017215776213e-03
2.587364817710095365e-03
5.535527275628703177e-03
4.340760500438385107e-03
2.226507933881587131e-02
4.342970261157938841e-03
1.262368788719244600e-02
1.492181296087078876e-03
1.570882332737786810e-02
6.847767871830525571e-03
1.372571884758138228e-03
7.449399988007889689e-03
3.065228043590046553e-02
2.165676897163694437e-02
1.658743964083282327e-02
4.778868099313768325e-02
2.370167240470589902e-03
1.389034573830087715e-02
7.106091064103272313e-03
1.686404624769100719e-02
2.211355520988559070e-03
9.495733400973357941e-03
2.556358075038375408e-02
1.843446760334729873e-02
5.718486934569952732e-03
6.330894357670126260e-03
3.846945514929243394e-03
1.457756951859875798e-03
3.483312429899044008e-03
1.848059122800071313e-02
8.712432341613663561e-03
2.935870550587939970e-04
3.529097733862002553e-03
5.231213806348919675e-04
1.916455877565423826e-03
7.485176983031052028e-03
1.421258056982766318e-02
3.570625225373266071e-03
9.794874555884670181e-03
2.369499641767863762e-02
9.469153499112398231e-03
8.401679465499505700e-03
7.662358413815469928e-04
6.219683277941758306e-03
1.905629755143885967e-02
1.520224097572499614e-02
2.110395445925158237e-02
3.084721963984012397e-02
5.242291753674613655e-03
2.940921042063435187e-03
3.541725208979988604e-03
7.763420451242911136e-03
6.826201939283240219e-04
1.265440860549827198e-02
1.868148796196288097e-02
1.548876169417456525e-02
2.132267304749240790e-03
1.199248645314815887e-03
8.101912704492831435e-03
2.849778852766930715e-03
4.592933426385042289e-03
1.531619934932402366e-02
1.565534188891657894e-02
2.935870550587939970e-04
1.176830082952037837e-02
9.137209346358893258e-04
1.073491016824770598e-02
3.871086709575983185e-03
9.162659533688048696e-03
1.179235454074188325e-02
7.845664191894285641e-03
5.180653331028389069e-02
1.015821487614748317e-02
1.329149508150489697e-02
5.423718386844907785e-03
5.769465752311879123e-03
7.010800470420797126e-03
1.806382519972821177e-02
1.297318665184301473e-02
1.317394161145935341e-02
1.110296998608891741e-03
6.823954812865276956e-04
3.099151684179202084e-03
1.397692238701648583e-02
1.765242925945973741e-03
1.075470383629169129e-02
3.391835640827612491e-02
1.319443593785017167e-02
1.280128296277625866e-04
3.517059723365661972e-04
1.792469220140244929e-02
4.275583062132892048e-03
2.097690774355507812e-03
2.021826951960421781e-02
5.262156830508043018e-03
1.177823502773950228e-03
1.755872701249045625e-02
1.103337086223322994e-03
1.567115135008666227e-02
2.437897233456697184e-03
3.524193363990178393e-03
1.199726740394703103e-02
1.021997570821680384e-02
2.906141614915355373e-02
8.310789084159154322e-03
1.040334462046901137e-02
6.874515188610144309e-03
5.395057945066590935e-03
6.518082507893077984e-03
1.418908815881677471e-02
6.536463792208742352e-03
2.097623011007045818e-02
5.735136034470732311e-04
1.686088801681150367e-05
3.194007346289523541e-04
9.613653429048622800e-03
9.783595558441646189e-03
1.893609860539867754e-03
1.519722128331755379e-02
8.940442318615050843e-03
1.048832809390035960e-02
8.983655604436827091e-04
7.262193593738174024e-02
9.491312866077064245e-03
3.433622279178585521e-03
1.487973220957841160e-02
4.482476160895644893e-03
2.009084307389791962e-03
1.279619951092117631e-02
1.713284258517373815e-02
3.930968439107218604e-02
5.735916388646723069e-03
6.009428411891899746e-03
2.096305582416895658e-04
2.669779459684876698e-03
8.431298482857389753e-03
5.150341098336183934e-03
5.742716734627507404e-03
1.330299596939869475e-02
8.918531948854637598e-03
1.326022603919901725e-02
1.352437589270023138e-02
1.882571263264960076e-02
1.531875357984831786e-02
4.218041412939644783e-03
6.553541274050214346e-03
5.194341911412547752e-04
1.564217549989536937e-02
1.181054429084913392e-02
5.157061421362572548e-03
3.338379495888074006e-02
1.040252904749128932e-02
2.819841581066479669e-03
3.757027598335476457e-04
3.951320239137863510e-02
1.358568783133886487e-02
9.450376978683699969e-04
1.341587228472334616e-02
9.391261746240940275e-03
1.698295735290657194e-02
6.181904360369264162e-03
2.539614893952440999e-02
2.734991426774754583e-02
5.129765483350118283e-03
1.652276321365848044e-03
2.453148293290843048e-04
2.349531825399307251e-03
1.083084826422154798e-02
6.603986314945816880e-03
4.857820838456063800e-03
2.396395607915037529e-02
7.520284875647683179e-03
1.512459217936454846e-02
5.393137735348928208e-02
2.328892695220361256e-02
8.532122231577446078e-03
9.790473716048500065e-05
1.468397631129389393e-03
4.382631976057688346e-03
7.853209138021510771e-07
3.336297914281879592e-03
1.359616409184807688e-03
4.253766995011228069e-02
4.828635809685626230e-03
7.899014843578079995e-03
2.639942691395711239e-03
3.465221868068840694e-02
2.972583344841380620e-02
9.118779946953559871e-04
1.328192487993537160e-02
6.272495756452324718e-03
3.672203312636296985e-02
3.771846505473362525e-03
9.919147290620081506e-03
1.838471853744457624e-02
1.098741310813248356e-02
3.316619209979092091e-03
4.779263490316647267e-03
1.280608428677896052e-04
1.307407642947673934e-02
6.058196123046657999e-04
6.725764443694381978e-03
2.150324457464454150e-02
1.867603879744043471e-03
2.675959786757898043e-02
4.296101555007375561e-02
2.789229406028454622e-02
1.009820146170677807e-02
1.313725382074640985e-04
1.867667661864078239e-03
1.016862985731002700e-02
5.511396265748033825e-03
6.617557731109318525e-03
9.086014594078466872e-03
2.181056503877733602e-02
1.079967629876005773e-02
1.166597532337974169e-02
4.521273387962240591e-03
2.135449018153424625e-02
2.527991947774810289e-02
9.118779946953559871e-04
1.787152953948822551e-02
2.464667535105796291e-03
2.369646921341498486e-02
8.083239439524367298e-03
3.255291301271977418e-03
8.281042230703469093e-03
1.722084084912850477e-02
8.253519474845436368e-03
5.828949647503903729e-03
1.345486183615160480e-02
1.760898923978061748e-02
1.245129571392812606e-02
7.425998714820879198e-03
2.036309329548939562e-02
8.337635106911267524e-03
4.745112076988978328e-02
3.842288861344234085e-02
3.480448033789969309e-02
3.895146108271592585e-03
1.668902157049251093e-04
4.048033512213546244e-03
1.358119330452022856e-02
2.339068228171790192e-03
7.536992554812386308e-04
1.106579482325860571e-02
6.863778637022916254e-03
1.378308839085953287e-02
7.779610434543561895e-04
1.487289671700690440e-03
2.941902128612412098e-03
5.249697876269858454e-02
3.558899854992199352e-03
1.626313349332712821e-02
1.887874194088281360e-03
2.220067391655880171e-02
4.368228728582317782e-03
3.595630243983458704e-03
9.169789634061257730e-03
1.847124684192841607e-02
3.001764997289077877e-02
4.673328707371937965e-03
2.302938109343203449e-02
1.177481426500201836e-02
2.704094254508033340e-03
5.629989437061932826e-03
1.627923607217163920e-02
8.372574496849909120e-03
2.172321983787613847e-02
2.314135317831111927e-02
1.326580840717423576e-02
3.895146108271592585e-03
8.395270684013149756e-03
8.932566976918385887e-04
6.700920073324491411e-03
9.416567011431974110e-03
4.195304337124007923e-03
2.268498459549544294e-02
4.706658034431616261e-03
1.779316883636515925e-02
3.428968686258889679e-04
7.667576139986638332e-04
7.866732019416327465e-03
2.120078529434612363e-02
1.432552085886001914e-02
1.404032101176107446e-02
1.899229751436206769e-03
5.043506923310343837e-02
2.206386034347427097e-03
1.133811010099461392e-04
4.096264069631335922e-03
1.144535627830019393e-02
2.431095371851214187e-02
2.556745902511485188e-02
1.214618627426007104e-02
2.159999209337618367e-02
1.136452978069819701e-02
4.014517413619621625e-03
1.632974745239636205e-02
5.916505862943703328e-03
2.367013258920690894e-02
1.905641554550037767e-02
4.677960580228856385e-03
1.091522280274287438e-03
1.654475655116440652e-02
1.862426107620676619e-03
9.550570057951051489e-03
1.010708711388908984e-02
6.416641271817477218e-03
1.353668763472080060e-02
1.209794861367047281e-02
1.942995318271717106e-02
4.912641037200933015e-03
7.667576139986638332e-04
1.355915044791178130e-02
2.330933431295534319e-02
5.189204067029418166e-02
1.208924234991445336e-02
1.058651117042859816e-02
8.648007417288387094e-03
4.193255640083201619e-03
9.154669173578461328e-06
7.996083256268455425e-03
6.819981705539665887e-03
9.529838991022811234e-03
7.484365608167052077e-03
1.856895198195592997e-02
4.490093144592112451e-02
2.768463620059162088e-03
7.779784863881977763e-03
1.850095867578916212e-02
2.611842412175701192e-03
5.505292340817584396e-02
4.570435282311005598e-02
1.147819834467150857e-02
3.775274606921877243e-03
1.097211563581882744e-02
1.612699961314337585e-03
3.321796699236717262e-03
1.782804677862303427e-02
7.648422808780737034e-03
5.690247094393228317e-03
1.860848733726865739e-02
6.054996984577426522e-03
1.108797996014850018e-02
3.681697960284946447e-03
2.029295580436621393e-02
2.158098833458645116e-02
1.218128110994740748e-02
1.430964727895769201e-02
1.030679495268954811e-03
4.101571872039195231e-03
1.067884181094877006e-03
6.997644177137475607e-03
1.979251664139619615e-02
6.160597045728110829e-03
2.359422271614937047e-03
9.344713008090683656e-03
1.581188723753190403e-02
2.680831942183114353e-02
4.398188130274087448e-03
1.691657273908992246e-02
3.960672720423228516e-02
9.836488382798259239e-03
3.860539098830131910e-02
2.400377183666172615e-02
1.302507384156749264e-02
6.912695110211795370e-03
4.901290166484717492e-03
7.758462086118033535e-04
6.428137941938973435e-03
6.330070605964511349e-04
6.250993043433843155e-03
2.267138066486738563e-03
2.561605594159247282e-02
3.490488280631733487e-03
6.293986199779402768e-05
4.692035390144402678e-03
4.836324716671187157e-03
1.944506077492100943e-02
2.201283278984453654e-02
2.337063754364542348e-02
1.342812960512732370e-03
7.701669207980488263e-03
5.361981065019811622e-03
2.377840876954611781e-03
1.127210039673463143e-02
7.897655860822533000e-03
1.347831333682391469e-03
1.939499694011047326e-02
1.810717413184863636e-02
5.145048956265163564e-02
3.304441522772861434e-03
1.691657273908992246e-02
1.602901500039762700e-02
2.945328888622724978e-03
1.513838110634519243e-02
3.039848141947526852e-02
2.511750992928994328e-02
8.280961061849934773e-03
3.151034406277810913e-03
1.502823761683172096e-02
1.392720291629617572e-02
2.295016020528821248e-03
1.412470121654359201e-02
3.695616063061041290e-03
3.532801691056400295e-02
1.782439876524389427e-02
1.845326619386384193e-03
3.654692311337602584e-03
7.077567124907319183e-04
3.042492004817792806e-02
8.620360749221445823e-03
2.255221876704585626e-02
2.828522742740251228e-03
7.332265146271086526e-03
5.675588180913842574e-03
2.207996009070727073e-03
1.062830346365833088e-02
1.075504412247054939e-02
4.996522934316219647e-03
1.116929588128760635e-02
9.370057035636484427e-03
2.703787129847353560e-02
1.018987717617296160e-02
1.098247980610585206e-02
1.722857356799277831e-02
3.425722936614558449e-03
1.501556044926458458e-02
4.320940263354772215e-02
2.693852244032968191e-02
7.105099854349677078e-03
3.151034406277810913e-03
1.771825332850808163e-02
1.410883015629537870e-02
5.589653262373013055e-04
1.765166408022111194e-02
2.623403062555824949e-03
2.121761836920754013e-02
6.634113774111449063e-03
1.867002604992100889e-03
7.240186124124708793e-03
9.997892304537316782e-03
4.813927612211897633e-02
1.441028402833154434e-03
1.884354021349624389e-02
2.794651999000380676e-03
1.202565126920207041e-02
2.465914202910331372e-03
3.224018259194466607e-03
1.387015887099750724e-02
1.240269307976923918e-02
4.590899911195094052e-03
1.370823536354666590e-03
5.525708174065815416e-03
9.472363627575260125e-03
1.336953008649236808e-02
3.121077141800317548e-02
1.097883456384004738e-02
3.906109017811172732e-03
2.420546154512621256e-02
4.133594748230355609e-02
3.276427501101855655e-02
3.754612123733077657e-03
8.882612044489856043e-03
1.970959998826995931e-03
1.740065474077005792e-02
5.032670681095611706e-03
7.512259156577851676e-05
2.042041835436820933e-03
2.542141267564076643e-02
1.311970518766499179e-02
3.902412781544768207e-03
3.234497796916670914e-03
1.014077606752816427e-02
6.632741732189882666e-02
4.048701760953429644e-03
2.686214306189163917e-02
2.531653702917670279e-03
2.585605000184550487e-02
1.870764187693126253e-03
3.085980005190126427e-03
6.810466609085038744e-03
1.309848499770513430e-02
6.992038249983025498e-03
1.042267835405480403e-03
3.810110779422514610e-03
1.755070867314348360e-02
1.186635990236113714e-02
3.983002042225151917e-02
8.688159968228645683e-03
7.179681464000234326e-03
1.094855236604456647e-02
4.492183666712701307e-02
4.423592596530719068e-02
8.736882620899669855e-04
6.575345401607359148e-03
1.485123224664200957e-02
2.951344349600566741e-02
2.094042250920981861e-03
4.980826978221271177e-03
1.109188296718334119e-02
4.446103456814386179e-02
1.272577106530888708e-02
5.117390309176916841e-02
7.712853090141962020e-04
1.223394326218504337e-02
6.517251900880720317e-02
3.600781591905107774e-03
2.408458855032366563e-03
2.649631941103223337e-02
2.981860105845855063e-02
1.586964980835881001e-03
1.011631768241711554e-02
2.446379736325721144e-03
5.753239914090881382e-03
6.898787351573552364e-03
1.508066440069979336e-03
1.193140262117098858e-02
3.950003783566037596e-02
1.675808220563251502e-02
1.594778519385600668e-02
6.544322006225095946e-03
8.843629021572322474e-03
1.565718844949506861e-03
5.893466501002572744e-02
2.758555450571719206e-02
1.008973577208662972e-02
1.013749222208393252e-02
1.018328851610662139e-02
3.116770350637911718e-02
1.191258359080794556e-03
1.665819790379660659e-02
5.589241799641800693e-03
2.669070813890009330e-02
1.356325669344867965e-02
2.577155046219377701e-02
3.258863521712600936e-03
7.235940373345919451e-04
3.409288722716441455e-02
5.269735739686066955e-03
6.273192916977007698e-03
2.205219932724688733e-02
4.243855754641613631e-02
1.294519188192554994e-02
1.743843824195061981e-02
3.733433614880703189e-04
6.864339010200481636e-03
2.257968353617764799e-03
7.597557916748783231e-03
2.574930093677476814e-02
2.409337460615628215e-02
3.182376805697521155e-02
6.118288977081137725e-03
1.011737974492663353e-02
1.447848125947990075e-02
2.920455201864069050e-03
1.038330828193090583e-01
3.984621733059481863e-03
5.027402329749127569e-03
9.765833522974772668e-04
1.055938557165585559e-02
1.666551669050104351e-02
1.191258359080794556e-03
1.632168607013236017e-02
6.982048809208733255e-03
2.337521431723729032e-02
1.229942584563492938e-02
9.384979877839889212e-03
3.258863521712600936e-03
6.607447588321328086e-03
1.228091425113935625e-02
5.355015326109532903e-03
1.954478504142931686e-02
2.349911585942234676e-02
5.455905779141244361e-02
9.161517238808727231e-03
1.621167902160189703e-02
7.128667486246104135e-03
3.223241540550819337e-03
6.293077487089710799e-04
1.372357836909144507e-02
9.890535082860935773e-03
3.450764652900198404e-02
5.270166628507730322e-02
7.272497986356339650e-03
3.012237013036614397e-02
9.769012681760381317e-03
3.043086221054938645e-03
3.306154575244112104e-02
1.188041840388572024e-04
3.919482019076334436e-04
9.257380637420349308e-04
1.042953683834887610e-02
3.619979688067566370e-02
3.374877041487002287e-03
1.747570303416925985e-02
4.526924110162105878e-03
1.476565883273965249e-02
1.073224101194551056e-02
4.675367361202662983e-03
8.837544318225433113e-03
1.599128551555191718e-03
1.917320292211618579e-02
1.007074592763972792e-02
2.310451503593519834e-02
1.912262208595423216e-02
2.388406023382293186e-02
1.007989047528386195e-02
9.387677715011187932e-03
7.956798758235076457e-03
1.330166551513987938e-02
1.558047382090459437e-03
1.577783207623400727e-02
9.877173881200655356e-03
1.268263496269843131e-02
4.730553330213854712e-02
8.202051307993623794e-03
2.377058267935534819e-02
7.314370067309541347e-03
7.031781610120007436e-03
1.511879425228363633e-02
7.931353448377437970e-04
3.919482019076334436e-04
1.051936611671974546e-02
7.512614559465259634e-03
2.074450321331276770e-02
1.752669546598329417e-03
2.647561595238633048e-02
1.342849926639114091e-03
6.425423617275523649e-03
4.761728685968667947e-03
5.415842586535218536e-03
6.958224090874268013e-03
2.363889582164084829e-03
2.259710882459007100e-02
6.731156786447922702e-03
1.456547446043674962e-02
4.824601205331034703e-02
2.913183136551675961e-02
6.299708226106254597e-03
6.128830275343224825e-03
1.141595858065288724e-02
1.823153765164114287e-02
3.902668307000787835e-03
2.677175548688097428e-02
2.164844602956777359e-03
4.247961537641717356e-03
3.282107980491226484e-02
9.915822463441355955e-04
1.183200859070976559e-02
1.150333500554307983e-02
2.032297680727152348e-03
2.497615324028445646e-02
7.931353448377437970e-04
3.493878553870290518e-03
1.347269241194138517e-02
9.709859056006298061e-04
4.975684592585547655e-03
1.462100655383151426e-04
4.784885765624523335e-02
7.914033421820445766e-03
3.413743282157290920e-03
3.829532911981392822e-03
5.527757951220223578e-03
3.359362007784950921e-03
1.423366659676518833e-02
4.023777428052719221e-03
5.308981222592028086e-03
3.112739364734091671e-02
2.384706902874465795e-02
2.470494985138717292e-02
1.701734791434698262e-03
8.396740730884921788e-03
1.034701061421852870e-02
1.823153765164114287e-02
3.559947354705025879e-02
3.067236386161475634e-02
7.296323488170334409e-04
6.617417483540758219e-03
3.005808832102696559e-02
9.915822463441355955e-04
2.440769467908195794e-02
2.972706779949409617e-03
4.598967073875546985e-03
1.828267446753146369e-02
3.334486485376475344e-03
3.924597394671242023e-03
2.079102967546428773e-02
7.148411392650283296e-03
5.260397719269776541e-03
5.240341537474360947e-03
2.514635419304902392e-02
5.637824552643763698e-03
1.734375366667680182e-03
3.970694470258924122e-03
4.500838924650772677e-03
1.471991998518243361e-02
1.454435260416441292e-02
1.958284420024505000e-03
1.132603428319653785e-02
2.439435823356758681e-02
1.646298735124848006e-02
1.263789928770500497e-02
9.164211057102501778e-03
1.531373812582721185e-02
1.152142582444172503e-02
1.211474126807491128e-02
1.066903256780418058e-02
3.155172045070178677e-02
2.371722580811988501e-03
6.555692934608640596e-03
1.942077628278972290e-02
3.001058620354822223e-03
2.595155084747989560e-02
7.513417865927284403e-03
6.396831505731137915e-03
1.678708903258782636e-02
3.647153217097639545e-03
1.968090014731868100e-03
4.035589897067663745e-02
3.910909467667863376e-03
5.043786605553125628e-03
4.488267322984931980e-03
1.945509625740483167e-02
8.644659772856638780e-03
9.943791564960601306e-04
1.168814560064192903e-02
1.566996212101774699e-03
1.527842805182380581e-03
5.383581577847325675e-03
7.766677320474086113e-03
6.760426497312753413e-03
2.011214526257945612e-02
4.486397256524498472e-02
8.946144141937584573e-04
2.888941225492516057e-04
2.260378647897373985e-02
5.111956765040301040e-03
5.501974276504431084e-03
7.494792881240948390e-03
2.036453889837128856e-02
3.945916312641170598e-04
3.578401802568654914e-03
2.697963509515682173e-02
6.457866371548698532e-03
2.142226128181529132e-02
1.155841836703120143e-02
6.666896655557144440e-03
1.272884877015398146e-02
3.531056501587582531e-04
7.374835084126613385e-03
1.030846857792619940e-02
1.099171511135076454e-03
1.906115579655073833e-04
4.871456539000829783e-03
5.566104033068210166e-03
2.121918535155220553e-02
1.236332396261662732e-03
6.391015563788993679e-03
1.543439317823562789e-03
4.256944365813824897e-04
1.277502039690391056e-02
1.228486469638339837e-02
1.588830874062110293e-02
2.037243139350773669e-02
3.145545855947423641e-02
6.038619976152955621e-03
4.646151748753235902e-03
2.896374113997340211e-02
3.598963642993405643e-03
1.221754586750130323e-02
1.404529055615842334e-02
2.700262361707912728e-02
1.409729157103225151e-03
5.814996697964380096e-03
3.905222575702263499e-02
1.751898651860512787e-02
1.766130999999552739e-02
2.779054909368713563e-03
9.539372894997092886e-03
6.990604365731893644e-03
3.531056501587582531e-04
4.741442432937330309e-03
1.727665287417157886e-02
1.098426845258563015e-03
8.060897511620878503e-03
5.963864426279994304e-04
1.913597856949137560e-02
2.401097767417825768e-02
8.959962690228882864e-03
7.134439511759720770e-03
8.227680947355797345e-03
2.678373284009776586e-03
1.008094822138760460e-03
1.818416150762474509e-02
1.958497061942895273e-02
2.050612339972218354e-02
2.275011956200199276e-02
1.465875113218363668e-03
3.584382751179207051e-03
7.311410093788653364e-02
3.996872645504679494e-03
2.553114739945788747e-02
2.274907446456178595e-02
1.426028224670029126e-02
1.635613057638840052e-03
5.282286599495445226e-03
3.221931455577177472e-02
1.231594109249854567e-02
1.416004781597523382e-02
3.490264021043177050e-03
1.522031088940938547e-02
1.617586751946058655e-03
1.094218958484555713e-02
6.758569587039442959e-03
1.436588819793901094e-02
5.184597705115439117e-03
2.211524320859505066e-02
4.735435390102321618e-04
1.219360216328515059e-02
1.934846818806775642e-02
1.148897582680149729e-02
8.452465890510844904e-03
7.694919161232478474e-03
3.548018267470291580e-03
3.093305124545781860e-03
1.637537175749431001e-02
3.434163748627495905e-02
4.240954544722776165e-02
2.283940070953778198e-02
9.821564304375572999e-03
5.656762331820521655e-03
5.094121409296861747e-02
1.152895160864333274e-02
1.889158293847001055e-02
1.204089841327921073e-02
1.818766946612835125e-02
5.594204857897037454e-03
5.607319384236337557e-03
1.155112515906308104e-02
1.307122265540922382e-02
5.173099158731646330e-03
5.329540348388353554e-04
1.557348693346904261e-02
8.979419707524692248e-03
1.241595366985201801e-02
6.395536186632334863e-03
9.563643123447228278e-03
2.049683890359182969e-02
1.241828518049721899e-02
7.758060000387523997e-04
2.347638839326623289e-02
1.375502048774977781e-02
1.853979297058142711e-02
2.797021354500109618e-03
5.959062515010587341e-03
4.088926750747285191e-03
3.381244403466594599e-03
1.051468960123577191e-02
2.353204204884604481e-02
1.390059439241240688e-02
1.026653963090943568e-02
8.853221376629367978e-03
4.380106234873699413e-03
2.224756574297401257e-02
2.876877324981925305e-02
2.871934344175238601e-02
2.072278485431185147e-03
1.162390413277748433e-02
1.687245928226813532e-03
7.308383759980207131e-03
1.188924425080109190e-02
8.016965729993295875e-03
2.663303180442379466e-03
2.756532834960051526e-03
1.625333909632965812e-02
8.986327397687756541e-04
8.676956534147703057e-03
1.109532439815805877e-02
1.167985417264301960e-02
1.785768740665627172e-02
3.050216179728509978e-03
9.618997644256409296e-03
6.884507307804761667e-02
2.676998541830368644e-02
3.593788967678888946e-02
9.282235508927018375e-04
7.837144238922282014e-04
1.071792440971753788e-02
1.321552089725460712e-03
5.692228907159344736e-03
2.543361243746709160e-02
1.142646874293170439e-02
4.642706533211537340e-03
1.224762924828187716e-02
5.800557982762554084e-03
1.591930751089430662e-02
2.326670213572340495e-02
4.321535530721067747e-02
1.954008488461725195e-03
4.377601698713292147e-03
2.309687336750490712e-03
1.366561274403904624e-02
1.261738216707521468e-02
1.008017683820842600e-02
1.053786285531266298e-03
7.572105272646383750e-03
2.658955722560634935e-02
1.402560530860956153e-02
3.796663660179804001e-02
1.961292114306383699e-02
1.392083240322363955e-02
1.638115039837475650e-04
9.897451471126167410e-03
7.949821570024037665e-03
4.053391622421689822e-02
2.148871141720262723e-02
5.138186217121954585e-02
1.364594866208094365e-02
6.453327269069671079e-05
5.873805954609061242e-03
5.957573233120070852e-03
1.744461006324517834e-03
3.369540535318695657e-02
1.175587776624486581e-03
1.216489093832964687e-03
6.130005366009536050e-04
3.910505138698700412e-04
1.755578995674750981e-02
3.074479713194499739e-02
6.364485543073339358e-02
3.454317799161374380e-03
3.063354800770002467e-02
1.569584960341895152e-03
3.378161439310059869e-03
7.854174128373324348e-03
1.690218581881666824e-03
3.771516198543088151e-03
2.999274271556819083e-02
2.437032829984569007e-02
2.474245758232573172e-02
5.595355232763683795e-02
2.742878021004709413e-02
1.100319505203398423e-03
1.728786459932658837e-02
1.979819305621689438e-02
7.177688807568199589e-03
2.820803767801394885e-02
7.293776935849181214e-03
3.389948714374268340e-02
3.493769102876700949e-04
1.145215896689220046e-02
7.934284181137831946e-03
1.389546887347241442e-03
5.863622801594000136e-03
3.006863345203730081e-02
2.325336105097493972e-03
2.263262828112642955e-03
9.520560342422552946e-03
4.685967806309627006e-04
1.028120758204074253e-02
1.743774696944647845e-02
2.566595022893052372e-02
3.458269135504192862e-03
3.163231291222268204e-02
1.568482686658228056e-03
1.563467160950247556e-02
4.395381913021755710e-03
4.370083809334661222e-03
9.772631487233065031e-03
3.494109491912648913e-02
6.047500810830198914e-04
2.642432810482283484e-02
5.522058131521585811e-02
1.875606873120035101e-02
6.004440436551225502e-03
1.037570797320833821e-02
9.967012573527540484e-03
2.062663448755758418e-03
2.577185142105466176e-02
1.024955021327958460e-02
5.381792294887794564e-02
1.217204394456264729e-02
6.528091935039256281e-04
2.989832909912574534e-03
1.457017785283328936e-03
1.055622282045076687e-02
3.868352559655034717e-02
9.905996808757464023e-04
4.003293935877168079e-03
1.645191015068881574e-02
4.227759696483690370e-03
6.108686518684924328e-03
3.685111822133332882e-02
2.454914688562030711e-02
1.476327165608250225e-02
2.503577693238068919e-02
1.860592215200394806e-02
7.194920283493076718e-03
3.001439289140699074e-04
5.163062711332266908e-03
1.243279338421387006e-02
8.334126442665682616e-03
5.860794614489747180e-04
1.128776163442299016e-02
2.616962712750339412e-02
3.490487326962368742e-02
4.717464274686953944e-03
1.882369361448288370e-02
4.153305408597478265e-03
2.322268712732498616e-03
3.426728846661891703e-02
8.264616196690839633e-03
1.067853787315374038e-02
1.778571432794537679e-03
9.078353813073501699e-03
1.093318796716997304e-03
8.352628816708698029e-03
2.601285307509230288e-02
2.381372316241190529e-02
3.482610014451010833e-03
5.353360909352469776e-03
6.992739661572270476e-03
1.252686056855804517e-02
3.672893139394911837e-03
1.855412095526183872e-02
5.788725738594980956e-03
2.036063148970377462e-02
2.084778406686757513e-02
1.113740363282535346e-02
8.061187399724721245e-03
4.490863656288306138e-04
3.146335849131621024e-04
1.468295659021081820e-02
1.007733647243621265e-02
7.680194222989384333e-04
6.078294763197881340e-03
1.607795160190567119e-02
3.431391987402609978e-02
4.303418966414449161e-03
1.658433327378454683e-02
4.613907958915202008e-03
2.268990913022679579e-02
8.837818417401110960e-03
4.612408947992766017e-03
5.081936140782056591e-03
1.087014722438433764e-02
1.033344979362072792e-02
6.808108865362483275e-03
6.374003174324112050e-03
3.698202404096663509e-02
2.589345543322905951e-02
7.295132392558548130e-04
4.072662277680413716e-03
9.822081764191326406e-03
1.605609956161955718e-02
7.261321201007604059e-03
1.007139820456089650e-02
4.298115086697435611e-03
3.373096648449072643e-02
1.401359975414721848e-02
1.383207292345023636e-03
9.446201395058936726e-04
7.481298255202102881e-05
4.526513344162820334e-04
1.771137616668316123e-04
3.498350468650347593e-03
9.302169769749897175e-04
2.594198205318346342e-03
2.865023874790561392e-02
2.489740415345468097e-02
1.338018243007886403e-02
2.141348956677821547e-02
1.489973752585077279e-03
3.522760863492524486e-02
1.764484732670018943e-02
7.263790462544751636e-04
4.131012034583973584e-03
6.513520748811753996e-03
2.265648564139715465e-02
4.733908982345739688e-03
1.120861768554883356e-02
5.405051501838067235e-02
9.067075494044757322e-03
8.850286085194253305e-03
6.706982261004752754e-03
1.538169212954866583e-02
1.605609956161955718e-02
5.882464408906919184e-03
1.433693929084882933e-02
3.846360971850886282e-03
3.961181964212911327e-02
9.153083389618888593e-03
1.401610388051242580e-03
1.944814329325357570e-03
4.562949274992612186e-03
4.357867848072033250e-03
6.621023719049767831e-04
1.190014675641377744e-02
2.118561066944663063e-03
1.059036302548969390e-02
2.476246234297795404e-02
2.679744054810201392e-02
6.928949619077215058e-03
4.304297536541177444e-02
3.017514872800889508e-04
1.394476105437224278e-02
1.278273728341386070e-02
2.995555834191983725e-03
7.712922612319587055e-03
4.992667738674827146e-03
2.093904979790358820e-03
1.208701799351197780e-02
1.435670857663469586e-02
4.315739154246324427e-02
1.050027101559033657e-02
8.880305927886755074e-03
2.457854317304956383e-03
1.790460351493659147e-02
3.308077800839196586e-02
1.545313211278282611e-02
1.307896993970195793e-02
9.619551091264333387e-03
4.579405209376230523e-02
1.133003343590628306e-02
6.189751907532363775e-03
1.944814329325357570e-03
1.725910514002724008e-02
2.203636974986967166e-03
2.269023591090072248e-02
1.215849651679558156e-02
2.912519157736458142e-03
1.951030946518250795e-03
3.985499991823258925e-02
1.182451169281659858e-02
1.027687535361152329e-02
2.831738358890661944e-02
9.387262566953104856e-04
1.559888389886862105e-03
8.347880580966589303e-04
8.712232144786733259e-03
5.489824695763170087e-03
6.804754645780464357e-04
6.011555474716457140e-03
2.096760041797968155e-02
1.467200171969470709e-02
2.125298161836365260e-02
1.846100139321067007e-02
6.865681899247156120e-03
1.569438274347458723e-02
1.224143757620844292e-02
4.556740778795411589e-02
1.392940254761608487e-02
1.230977679744625977e-02
2.518889234736380878e-02
1.536166230346981687e-02
5.607119037713676618e-03
9.824873478341628052e-03
9.124346030511133743e-03
5.778124281091456468e-03
1.901884885558602530e-03
1.838000327577495041e-02
1.390658515948036723e-02
4.864182139149786843e-04
1.318366323509803650e-04
4.351535652379506097e-02
2.363367479243301192e-02
5.088673553501869493e-03
1.950872956097433192e-02
6.760984559646444902e-03
3.031121241595464977e-02
1.378778605109010416e-03
5.642490615975066966e-03
3.047619202362363347e-02
3.554589915853932983e-03
2.263927476824176277e-03
1.953256373244340732e-02
1.338558735839547389e-02
1.479761598769298130e-02
4.042885567287826665e-02
2.111645639834043922e-03
1.798275209778514572e-02
2.708018996299781794e-03
1.665522812207839362e-02
1.426786624796225027e-02
2.976530055915430073e-03
1.999002907628113015e-02
1.061247131585862057e-02
1.530564040353012654e-02
7.741101772219558495e-03
4.853181471630389071e-03
5.210333245210425901e-04
3.664731406177769435e-04
1.313131846096148719e-02
6.006201681331408901e-03
1.105019980383806569e-02
3.072071289851470953e-03
2.572070030857192408e-02
2.912061137200479266e-02
6.707518386313143788e-04
7.140575820615497997e-03
9.691904690444503104e-03
2.965656837484386896e-02
4.882699933627000256e-03
1.171278825557706127e-02
3.885051476836216128e-02
7.213082213906763830e-03
2.132429191040223059e-03
1.900176316028963364e-02
2.187504180730965621e-03
8.069608354910847922e-03
1.746024688369047714e-02
2.070549589444171078e-03
3.908114473049680015e-02
3.444169794280723621e-03
1.882705956000950420e-02
2.015108371051241298e-02
1.182428635846690008e-02
2.247928972717942037e-02
1.178746949800727264e-02
1.096229673951339134e-02
1.172975518873818623e-04
1.627668392406885975e-02
4.776017103673028952e-03
1.337451439975315820e-02
1.229417178663773022e-02
1.769072515166394272e-02
2.249639861316815245e-02
6.046897153908635698e-03
2.130077902523529534e-02
1.502573059200127195e-02
9.327967241327663958e-03
2.094151445536936856e-02
3.358496413952480678e-03
5.275451040502450450e-02
4.882699933627000256e-03
1.222053737189934819e-03
3.058075347130934443e-02
2.919989984225226931e-03
2.963004373849447912e-03
2.833722535635144202e-02
1.238279207012583580e-02
5.601492375473041130e-04
7.941652004908855006e-03
2.895257197416575140e-02
2.774769002290860750e-02
1.372070763082642621e-02
2.428248669042244734e-02
2.795442252984007767e-02
1.751311581401408801e-02
1.340773875747743038e-02
7.871463293218396162e-03
1.163428509328565987e-02
1.766361688249564604e-02
2.000631579263835794e-02
4.551343572446348365e-03
7.789408398561858266e-03
1.514289154332888743e-02
8.802747754565180827e-03
1.769533575177488147e-02
1.320832318546115783e-03
9.164071797017210239e-03
2.952400418274343102e-04
5.178657756210501908e-03
2.935321095509213496e-02
1.047134840737709051e-02
4.076545486341730251e-02
2.866564233279291982e-03
5.980342972994371308e-04
1.078087813189869057e-02
4.688047514851485104e-03
2.641016725589531711e-02
2.978810466689074329e-02
8.756374367394105518e-03
7.160590310400808886e-03
7.650442165937902661e-03
1.452133701509817493e-02
3.123920309898657599e-02
9.160996431845473686e-04
2.576278590516835679e-02
5.450056342598041947e-03
7.472230277597973966e-03
1.322174649106276981e-02
7.683955713150662781e-04
1.965058482556763381e-02
1.672907468262908523e-02
1.560341893221482701e-03
8.995188339668142019e-03
2.036561442372945840e-02
3.681843092994518951e-02
7.861766263418666287e-03
3.305097972656353272e-02
3.343670545958119834e-03
1.071400893463172327e-02
2.392410713255624377e-02
5.517112770947760723e-03
3.189931183146331450e-02
6.963600836452465796e-03
1.430713530981036347e-02
3.258065143972506753e-03
1.082770897222604632e-02
1.414411588032546407e-02
2.765092717730260885e-03
2.090831896267819623e-02
2.646492310746985724e-02
1.154140360537987513e-02
6.999292160872803634e-03
9.773654898644073760e-03
6.583962308482463159e-03
1.196306416113380837e-02
5.805084331481874353e-04
2.946657992799743206e-02
6.028020120154164649e-03
1.795183444013647572e-03
9.826561229053148994e-03
1.206234999955896553e-03
1.882605436520557590e-02
5.468542746679516675e-03
1.653520412251439226e-02
8.474074528864353195e-03
1.736194604079004111e-02
4.456471370766376672e-02
1.284581054023749454e-02
3.479947272757802357e-02
4.844111769280581847e-03
9.222088156583506391e-03
2.510964674134788868e-02
9.397657920680622251e-03
3.000071217407019458e-02
1.847311420071797794e-03
1.715957344541067450e-02
9.525271099746645057e-03
1.086179037815999601e-02
1.298964377067338832e-02
6.454365229278807847e-04
4.386255086410871529e-02
1.835402637008286264e-02
5.380253879809414330e-03
7.028549167918989732e-03
1.051584202676574854e-02
4.975268674699363791e-03
1.199156875852744331e-02
5.530626654006273041e-03
2.504613997921876709e-02
7.795844680879430652e-03
8.160454620239367823e-03
7.422250374048811701e-04
7.554206490497348409e-03
2.136299386301775474e-02
8.923159909775893461e-03
5.376547510055396106e-03
4.509200959773933606e-03
1.609227721411949155e-02
3.101367640305116580e-02
1.238151525495496605e-02
1.602428772418810349e-02
1.356800943623579295e-02
1.443187959622161537e-03
3.018813378738788300e-02
1.967760154695809977e-02
4.469471083355108787e-02
1.257548923374133057e-03
6.967131720934223449e-03
3.586759753411376817e-03
6.991116768986716662e-03
1.221842217625588971e-02
3.098956567531091066e-03
2.284312876013848415e-02
1.972771361474154675e-02
1.241180830747133992e-03
1.290272388611595628e-02
7.551483520953691971e-03
3.032670106866842963e-03
1.175182358514910430e-02
8.745920140456832706e-03
3.392310879450939620e-02
1.094906205574077210e-02
1.141627567674760070e-02
1.033791082663711863e-02
6.843643874603807728e-03
1.099780204026904254e-02
1.265379634317161106e-02
1.039783203518493751e-02
2.288702123637954139e-03
1.128401649487184577e-02
1.868896239844235543e-02
1.454082628559408980e-02
1.537403750134542189e-02
1.916931535411463619e-02
6.328205081654486065e-04
2.031228806882893340e-02
6.812750861414806035e-03
2.266600538948868038e-02
1.500439975936848375e-03
1.301253779393385379e-02
2.076114865342847723e-03
3.862927363625822536e-03
1.986220127738379596e-02
1.490723639931433586e-02
5.399154815749665492e-02
4.196387019139330952e-03
6.290419343937814212e-05
4.140100228917758737e-03
8.011191688669139915e-03
8.013905445958492343e-04
1.332333488135493613e-02
6.737945333498484429e-03
2.837980283247772129e-02
2.963807433614068856e-03
1.133667342302631907e-02
1.953634544931098088e-02
9.466740374190745627e-03
5.281961260754664336e-03
5.115779521017650017e-03
3.726614711693686677e-03
5.731085240964651356e-04
8.467536294608411784e-03
5.899881059298225233e-03
2.320571173047042413e-02
6.591828107099280062e-03
1.250363340656137148e-02
8.063966808465928421e-03
2.478831461416829834e-02
1.893466259471858395e-03
2.628046520182250254e-02
1.294296477312471653e-02
6.148461094313464187e-03
2.229685845707808818e-03
2.676559203450182278e-03
2.035351803295179854e-02
4.353951010006138281e-03
1.379775203345582311e-02
1.725990642201431953e-03
1.056384836285532633e-03
8.608648837842968610e-03
1.316897158765029108e-02
9.147567425010025982e-04
1.189815321390213024e-02
3.913653722598811960e-03
2.419741921223057812e-02
2.255169319512684550e-03
2.930270314124294728e-04
1.629070436948132361e-02
6.221908399368328291e-03
3.076576772345729349e-02
6.461896377738153216e-03
1.297384408931125110e-02
1.658417785995119909e-02
3.505831811780715616e-03
2.322761027798683070e-02
2.733979133361751773e-02
7.467078256354479568e-03
1.036969592295564589e-02
3.193939048189953223e-02
2.990082822940244231e-02
4.650974498892027076e-03
3.664298573431912925e-02
1.691765541792505240e-02
5.755309814906853921e-03
1.044971052683269126e-02
2.113550594871025506e-02
1.334073899948155090e-02
2.511035989787006265e-03
1.624531440216174516e-03
8.495106320673021655e-03
3.932084481502135659e-03
1.344697418348733166e-02
1.576385752652887523e-02
1.286751226531510821e-03
9.025002080172130287e-04
2.839266269454259264e-03
1.937720322395394129e-02
1.433449312765098377e-03
2.759317017977062393e-03
1.277547937313797122e-02
2.306701134614336582e-03
5.465042815265445247e-03
6.532294721180222433e-03
1.589893568012743300e-02
8.614487043150124632e-03
9.659159195309467011e-03
4.522051186412152229e-03
2.489089297691014779e-02
3.116585765834681103e-03
7.545735657459239423e-03
1.160482291486877177e-02
4.944248366270214551e-02
6.077958953331264250e-03
2.474828008033454207e-02
1.213612411817089308e-02
5.560280616151310439e-03
4.117664888975879067e-03
6.462192253924974039e-02
1.750075724963981449e-02
1.746824827401127767e-03
1.887710843067903809e-03
5.178206165109560007e-03
3.650458975247872564e-03
1.897309650871560963e-02
4.274223497351312649e-04
6.245513751520462460e-04
1.970755054760593011e-03
1.743021464994245345e-03
1.404670621274545575e-02
3.794373904530113327e-03
2.788244369939228175e-03
1.314090528096456198e-02
3.374023189168971586e-03
1.954426430732229825e-03
4.204002332242627593e-03
1.928359847201153304e-02
7.652005167906869749e-03
7.001723848714535778e-03
6.097228970083651972e-04
8.107892361934961392e-03
4.014600610366745974e-03
1.037598293419528944e-02
1.310443688112212721e-02
1.917450612202874216e-02
7.855608699460180783e-03
1.553671003730475522e-02
5.545732658031582614e-03
7.994112366180194940e-03
5.285232730734778193e-03
1.086958959808653619e-01
3.148498658012735540e-02
6.264504793340434745e-03
1.519033855987761764e-02
4.531082384435326793e-02
1.859705078980494752e-02
1.309927725468928647e-02
3.443562426786186091e-04
2.922730690299047210e-03
1.997589914945439860e-03
7.698524273439606887e-03
1.236433459009499136e-03
5.060317578609177872e-03
7.771958741466222439e-03
1.103481846102019950e-03
6.428555488031123186e-03
3.488919030164516766e-03
4.611331199822519405e-03
2.127273793212477657e-02
9.352151973152724590e-03
5.983908634335097926e-03
1.019922332125845765e-02
9.968295283566909817e-03
3.846986350750823940e-03
4.420220118217623589e-02
1.760286629869582675e-02
2.529859687016369763e-02
7.028029538692992864e-03
4.302648675294222513e-02
2.966278233492426059e-03
1.893773418358989796e-02
6.116288962656002762e-03
6.801388898199776933e-02
1.726645050247951202e-02
4.251771083625334458e-02
1.845755617026875392e-02
2.849745174669764125e-02
1.825542865909820373e-02
1.325000765531282251e-02
2.523987778169917064e-03
6.494864961482922291e-03
3.944762164279171091e-03
1.202919113938965417e-02
1.280350219300151367e-03
4.662088344074159785e-03
3.185019801082908386e-02
2.791642276920160842e-03
7.637190037457764619e-03
1.673285247147067445e-02
8.817675982260976195e-03
4.558238695721345164e-03
6.969411638750884659e-03
5.740799177198481137e-03
2.271089171750013611e-02
2.450472520940133458e-02
2.050143523115133606e-03
5.457467101128057885e-03
1.180234493097666315e-02
1.301959822073088351e-02
7.468191421868433308e-03
6.754303541241798992e-02
8.709834155644427534e-03
1.311199690539141538e-02
3.469183903948590275e-03
9.630569696656221534e-02
3.314682251890077591e-02
3.477585772200580266e-02
2.341570418303871859e-03
3.342163791306733411e-02
4.028647487041801811e-02
4.323929336265054657e-03
2.523987778169917064e-03
4.823211930426040024e-03
4.434721501781209441e-03
1.045835358631809313e-02
8.525655300308347673e-04
7.728254388495372530e-03
6.881456031266733331e-03
4.600003347957734752e-03
1.434580332893522006e-02
1.664927238298159404e-02
1.689809038269499131e-03
9.308930832509446779e-04
4.680229479429256871e-03
1.014656648548660500e-02
1.426900998507883191e-02
3.865331719391693066e-02
2.605630491641345962e-03
9.968765438602218004e-03
6.338084118608039094e-03
8.683258909858417030e-03
5.602253315284630615e-03
3.544857772081900366e-02
5.174470374645387220e-03
1.749196378591292775e-02
3.493402625981838466e-03
5.302333669662479682e-02
2.500604840728603770e-02
2.752125398033504478e-02
9.560743591427237065e-04
1.965521367956458293e-02
1.605258867768820374e-02
8.060315019005129256e-04
2.897733923454904117e-04
2.494805587634842808e-03
1.359671740676768326e-02
1.660307934768455104e-03
8.029721248994317216e-04
8.141294133139118094e-03
1.316198154935175561e-03
3.907880094097095428e-03
1.072372914995049949e-02
9.453360776028950363e-03
4.302704174823149090e-03
4.291920131417855180e-03
5.061064775608856148e-02
2.712717310030270459e-02
2.237205237021645289e-03
4.754989285815927613e-03
1.305974925024239522e-02
2.976374525332276325e-03
5.959344223296562763e-03
1.191368405502277530e-02
1.228173669199433479e-02
1.753227728671261434e-02
2.836037770464454408e-03
1.922593235462733210e-02
3.987170358631619144e-03
8.614380005333807655e-03
2.469680838629132943e-02
8.603448120607995464e-03
5.540693894202401541e-03
1.313444350452765488e-02
5.946349068057416032e-02
1.367617918883397114e-03
2.897733923454904117e-04
1.814083729819946506e-02
1.067173971664981021e-02
1.660307934768455104e-03
3.013990490093287596e-04
8.754543024922861131e-04
2.939308175005499527e-03
4.739551527417657992e-03
1.298315471636525033e-02
1.782793697972826635e-02
3.484165148462934226e-03
7.578889121122535724e-03
2.344101016007644686e-02
2.427439006364818033e-02
4.798155718453012489e-03
9.302183750352738603e-03
1.967704103166414281e-02
7.540819153913301195e-03
6.472173314436736533e-03
1.191368405502277530e-02
6.475946611389350391e-03
1.361306317888150499e-02
2.068264615621818276e-04
1.265800393140606786e-02
1.445285026789204855e-02
1.081344885583488541e-02
1.390907666651387993e-02
2.255898788081802525e-02
1.194120121092425921e-04
5.325110452556493235e-04
4.418868875111621464e-02
3.690420816696640682e-04
2.897733923454904117e-04
1.992971444841615432e-03
1.069506858432764732e-02
4.803686708438843767e-03
4.127803862820246875e-03
1.394794979189107817e-03
1.060719096935818211e-03
1.683074562291506440e-02
5.846242604996301079e-03
3.078929643868882557e-02
1.396713792817815512e-02
5.190856378582246917e-03
2.891771032664727792e-02
3.053023627683937313e-02
1.175885868756024882e-02
9.445268235761892367e-03
2.732984031042740708e-02
6.693651493397050761e-03
2.317519911843722580e-02
1.517569701973195406e-02
2.184215356595198883e-04
1.884054057339103888e-02
9.450082863470736592e-05
7.272474067513176599e-03
7.987173969669501827e-02
1.609371912594559362e-02
7.389077109289514042e-03
4.761405566416399698e-03
1.437410322964416138e-03
8.537572862070347615e-04
2.879969007628377375e-02
1.560897584416540661e-02
2.721241863729053235e-03
7.206205309500728247e-03
1.197963188780732866e-02
7.258180758297056584e-03
6.195457473761234804e-03
1.529550712820988007e-02
4.627669071883706506e-03
2.918451561515554571e-02
9.957128011030890596e-03
2.834809334709207165e-02
8.736610893677693168e-03
4.402151257251002599e-03
2.526221270015593934e-02
2.381147846136569962e-02
1.100042214233081656e-02
5.277657243408916121e-03
2.193858546978437116e-02
1.838157907021385415e-02
1.438423638314246036e-02
1.215283950514002564e-02
3.088325379212591287e-03
6.929212722553105587e-03
1.414494837903859312e-02
5.353888435031103378e-03
7.361947471744929861e-02
3.262708593608278085e-02
1.114878711116531855e-02
2.830437346186835592e-03
1.316584399060264851e-03
6.978799572267243082e-04
1.780201007519619655e-02
2.690725401903641331e-02
1.248919784592462251e-02
5.386339919338887540e-03
1.349440999685078135e-02
4.854133876934981287e-03
6.325925858844784824e-03
1.465791560493362455e-02
1.183592886508111862e-02
2.760666288173543176e-02
6.671363233103989702e-03
2.126139343419782349e-02
3.706555833766164709e-02
5.745484889450915185e-03
1.829779431570149190e-02
4.173930230023633996e-03
2.124149915844977463e-02
6.153774324784337321e-03
2.884564417208723003e-02
1.225216204103687923e-02
1.749046854039804783e-02
6.312024072667976951e-03
4.180962246298606383e-03
1.516569586394656520e-03
6.065973168992456858e-03
3.310248619377498952e-03
4.277611828705957242e-02
6.956143461339088507e-02
1.102071581131068394e-02
2.830437346186835592e-03
6.599264012861552620e-04
1.545528371361619760e-02
1.127620448617680515e-02
1.551468602746017278e-02
5.316679515673777487e-03
4.378454395246176439e-03
4.423127578446239827e-02
8.343664146077182237e-03
1.531987253925678333e-02
1.312201024876670855e-02
1.053504251396527105e-02
7.685975866110942786e-03
5.682848799100104556e-03
1.625723098005489239e-02
2.768902252015550958e-02
5.331277211957441767e-03
2.115510482548887267e-03
1.092742231178187376e-02
2.528451343039536670e-02
2.258946614627761404e-03
1.774127150921684520e-02
2.268696969359827731e-02
5.239066169412429086e-03
1.298431535268739986e-02
5.862578133492953904e-03
4.280540344683153760e-03
9.645678340891063185e-04
1.302064010610254341e-04
2.065563793461912961e-02
4.727253399788541866e-02
9.239538244483348761e-03
3.569783924023215566e-03
5.510504327274699798e-03
7.025940522400629315e-03
1.691148206815009519e-02
3.933008425240349867e-03
8.549589974442493509e-03
1.019215518215083049e-02
3.820605766102101730e-02
1.472701462199378641e-02
1.951371506183939564e-02
2.547650310827729789e-02
1.012308958256037672e-02
5.645355495131957474e-03
1.954296314142386568e-02
1.343860212844905609e-02
3.660137072111149109e-02
1.667351494368316325e-02
2.115510482548887267e-03
2.179136464120942987e-03
2.523833149708960139e-02
1.044347917708234041e-02
2.307565255480951635e-02
1.743048846880139099e-02
8.539178986706960628e-04
6.694338107567154167e-03
4.905707323324796226e-02
1.762187038522953358e-02
1.167731204828081210e-02
7.390085349500711588e-03
3.039174245336792590e-02
5.135151317702178753e-02
2.064473819479629990e-02
3.428277524692512936e-03
9.813161061002632565e-03
2.311710338800288846e-03
7.641531350457850258e-03
2.191945289216448364e-03
1.799035500745127525e-02
1.113761423497290279e-02
2.813540854971079141e-02
2.576711963620155824e-02
1.705265986706354722e-02
1.942073815915493565e-02
2.421745722806364562e-02
3.736020831306329382e-03
1.074517872247742270e-02
1.411421728061018274e-02
2.566653271797586164e-02
3.364947727271736660e-02
1.210518599015100727e-02
5.150708518973153016e-03
1.352137168576307905e-02
7.898762791427581600e-03
2.106302558939970870e-02
1.067907212737016429e-02
7.546874232554519335e-05
9.382489466590291510e-03
4.029249957007542682e-02
2.917865131120526978e-02
2.022361880045168980e-03
7.633647848810549107e-03
9.064128216718599085e-03
2.855736735997600056e-02
4.055432331484226660e-03
3.236684502035190418e-03
2.727908839746953640e-02
1.873204732836444364e-03
5.654864573318950371e-03
1.358299504425924953e-02
5.396554120390714346e-03
3.205514589622152771e-03
2.813540854971079141e-02
3.994732687659017373e-03
1.705265986706354722e-02
4.264135829633598773e-02
2.185392469008184957e-02
1.060191460427429948e-02
1.273477874969864733e-02
3.185566060970838193e-02
2.508680640450445046e-02
2.792377649604333573e-02
2.556311300879888625e-03
1.849554115863085617e-03
5.910867983181310875e-03
2.529373928370614449e-04
1.201158297733908968e-02
5.711551267660673614e-03
1.718565717484163901e-03
3.229544886797774961e-03
4.422213956856873435e-02
2.037028762372461096e-02
6.973371394091456427e-03
3.398062916639237735e-02
8.802613812029137438e-03
1.271138726303264882e-02
7.556885368067535816e-03
1.680066852625139787e-02
3.541142693911939615e-02
6.576681225634962991e-03
1.396815015753532889e-02
6.911671645786141016e-04
1.602384823784756829e-02
1.085738010213691158e-03
3.598933544614121849e-02
7.978149415048331125e-03
1.996934924389135932e-02
3.228440634106669732e-02
3.720273910190651651e-02
1.361440507959504539e-02
3.114836879730414898e-02
4.958245260859517334e-02
3.142862810389713407e-03
2.339924269881349730e-02
1.021844751354657535e-02
1.566770615465219903e-03
5.273787514666772140e-03
6.490177529227141029e-03
1.792145235846813456e-02
8.000537113067574674e-03
1.179323972072331139e-02
1.090116803594230570e-03
3.365928802439713263e-02
1.815936262902767551e-02
1.719720517492579620e-02
2.958118105272538809e-02
7.509432924559198211e-03
6.514499142182777688e-03
3.854020098370281640e-03
1.497853366684896367e-02
1.728401078606247795e-02
5.159498867884548291e-03
1.818828685686401520e-02
3.035449687263267957e-03
1.003143040138951281e-02
1.296357635363756117e-02
3.773286262671587954e-02
1.007305474169816785e-02
1.069502070716893405e-02
4.419373815683898254e-02
1.382721772588640409e-02
7.943887882161665068e-03
5.830434581972289421e-02
9.631871258639004840e-02
1.105829219890334253e-03
2.339924269881349730e-02
5.424805935158061657e-03
6.224920790193859237e-03
6.275422528438344416e-04
6.824075398973972542e-03
1.892126969046274351e-02
3.067396753939233538e-03
7.339536070549356958e-03
6.180167267123458201e-03
3.173604659863400040e-02
1.722083803995145060e-02
8.182346124990476366e-03
1.811476673638274387e-02
7.389922142496636176e-03
6.078001639846194668e-03
2.092044999226594024e-02
1.261801046306185170e-02
1.348515054438056623e-02
8.612589322083585852e-03
7.448394172575470949e-03
6.521347233310692201e-03
2.066404462212428905e-02
6.025868006297874745e-03
4.886272350731205028e-02
3.237530880239484782e-03
1.104455540862905698e-02
3.745520894499296954e-02
1.349004675656774455e-02
8.827767391254072796e-03
2.259419529974836596e-02
3.900772667432517854e-02
3.438475137248764844e-04
2.945618702287331955e-02
7.754209992646692029e-03
5.350199093548387930e-04
5.532506982161791318e-04
6.535761357611234203e-03
8.266570277804882391e-03
5.327150483041016155e-03
3.213705502576746573e-03
6.897005431348453806e-03
6.570073378566544664e-02
1.628133573623394281e-02
1.609091242925149781e-02
2.094094777868085733e-02
1.108711519052371685e-03
4.604742057735892666e-03
3.576833408840054962e-02
2.173978868865305766e-02
3.968581903127507346e-04
1.097177069756257589e-02
1.057566409518794111e-02
7.772614615263555120e-03
2.610212095294480242e-02
1.573773716062678435e-02
4.885600725462234395e-02
1.798781937277522253e-03
2.254000161652760723e-02
1.542069634324912640e-02
1.990986252375884225e-02
1.271166405911439493e-02
1.791619488386483189e-02
2.977982912001891219e-02
3.438475137248764844e-04
1.418186769631241129e-02
8.744342866432039396e-03
8.666064407490242302e-03
1.078647064582043125e-03
3.509203195250885574e-03
8.345682235348466510e-03
1.603848744952812710e-04
1.407280789756655548e-02
5.897786642820455200e-03
1.363138533855292808e-02
2.655469921114570267e-02
1.620516976161581746e-02
2.682387815713808271e-02
1.874737630654207260e-03
4.604742057735892666e-03
6.315157581635597039e-02
1.607677284854670471e-02
1.231574529023593198e-02
1.409239130993898172e-02
1.885657279719946816e-02
3.489954411456250120e-03
1.973215322194982191e-02
1.566745611719166237e-02
5.722584152075631952e-02
4.138142054081231716e-03
2.827638152236083835e-02
4.608401484743441384e-03
1.154913877187730906e-02
1.115239935609192018e-02
1.474231167749238611e-02
2.358646491245778437e-02
3.522421176835639637e-04
2.007102342994371985e-02
1.983585723141275195e-02
9.259471407982897487e-03
2.596957533731597545e-04
7.893631257947564261e-03
1.151986051859231648e-02
2.837246811865768922e-03
5.664068186684107810e-03
1.079225053266969631e-02
8.223917126564216432e-03
3.255078669640169148e-02
1.915318330582661127e-03
1.915970366645098483e-02
3.033771592768825989e-03
8.964330553459026393e-03
1.706439172543955038e-02
6.431288547198932282e-03
5.228817147792748712e-03
1.223012565249338539e-03
1.898698950177908282e-02
2.197059865989308552e-02
1.454180638393707051e-03
1.021971925951269990e-02
3.939520285309730530e-02
6.338219890037608689e-03
1.720751882450291537e-02
2.245973604461545120e-03
4.417278706625581142e-02
2.268787797378261917e-03
7.361406997921924808e-03
2.899099612301060669e-02
7.759263419270182992e-04
4.238315963936018643e-02
2.585682951607640861e-02
6.005640887477174672e-03
5.872507673668776046e-03
6.197822938896398529e-03
8.986784415674114318e-03
9.257151616987834009e-04
2.469418374241311252e-03
1.509809560442746008e-03
2.803792639877846285e-03
1.416198590920083114e-02
2.491111125529342496e-02
3.153227409713160734e-03
3.604625101211270024e-03
6.134431257946406507e-03
9.644533199001855198e-03
1.294348596529477056e-02
2.873703019882703144e-03
4.098532706141013934e-03
1.069265790588889119e-02
2.811809028478036085e-02
1.916940712367878885e-03
4.023855905379122855e-02
1.892104689043128118e-02
1.484804821647721373e-03
6.800175851431587010e-03
2.483232003429996018e-03
2.686754173573756982e-02
1.977945128239871897e-03
8.183530215559488286e-03
4.561361578937032923e-02
7.946061737337934555e-03
2.706452660229683241e-02
1.358433932508067155e-02
5.786836083957601351e-03
8.867708717222911458e-03
6.244368800394184231e-03
5.027502382007673423e-03
3.478852144847475319e-03
5.193095977187090796e-04
1.016390182654791727e-03
6.410463709480196740e-03
8.872147646364000884e-03
2.008912613490825352e-02
6.221601656213368147e-04
7.515100266449224048e-03
4.566347528601128261e-03
1.312016281249096111e-02
1.395986123257520958e-02
2.173181439696426128e-03
8.639600522095069318e-03
2.510895695212467249e-02
2.059557295446128727e-02
6.457165479773130032e-04
7.486655505389327656e-03
1.103445844076601789e-02
2.227348911451280424e-03
3.068471041153254114e-03
1.791437268039448166e-04
3.613980163020048125e-02
9.155810607109408222e-03
5.371846679262767127e-03
2.870269742960752241e-02
9.723364915982458251e-03
1.315096300921915137e-02
5.964699304417942632e-03
4.350676014933131490e-03
4.137193783166110035e-03
5.418376706201748910e-03
2.224077709326345142e-03
4.511216737250720726e-03
2.128071796863621572e-03
1.070896362575723265e-02
1.238354052602691838e-03
6.946942484770229388e-03
8.630158278529068486e-03
3.186711272105740775e-03
9.630698888019942339e-04
2.135410428537007875e-03
8.424319320346866646e-03
4.756140080479047405e-02
3.045072598052261156e-03
4.069541352691405899e-03
1.965506134514487940e-02
1.616828819776439455e-02
9.093345799833328982e-03
2.778836386440829143e-02
8.998858907306055144e-03
6.834266645383364237e-03
7.302533285402697943e-04
8.441086162460446560e-03
1.602776901258577691e-02
9.939822569117406914e-03
8.646893477497839126e-03
3.052880851997592099e-02
1.626125000451965341e-02
1.042957689507391893e-02
1.066832652341042666e-02
4.798784768330869796e-03
1.093393787667614955e-03
7.136283580694170042e-03
5.262225425558871711e-04
3.644654822033469715e-03
5.521088849620979858e-03
9.513213761605810934e-03
1.827377772407828924e-04
7.940054017313262144e-03
1.324058191557223388e-02
5.801263833205011142e-03
3.674278097031154384e-03
2.720962258788009198e-03
4.597330164815911085e-03
3.425277601103975111e-02
4.411877590924961554e-03
3.993716142334105892e-04
1.308519043891563823e-02
9.968552003739705042e-03
7.670854648782705898e-03
7.734342725986907696e-03
5.799233846531744868e-03
1.721380640607003687e-02
1.310105446321171638e-03
9.249967362867400622e-03
2.924655459107724023e-02
7.284346861731802805e-03
1.783891149532070702e-02
2.572441325335867585e-02
1.098876143115387963e-02
5.480169609478202294e-03
1.589956443315281021e-02
1.048132053827774239e-02
1.076412628305562858e-03
1.192388319865261316e-02
1.001648624361344171e-02
6.228882846228744018e-03
4.525409540703007744e-03
7.429506337243374503e-03
7.501234220647946815e-03
1.543341821674357878e-02
1.410054209400678910e-02
1.009238688345280750e-02
2.722690990280203158e-03
2.219151441671732977e-02
9.397583690333052159e-03
2.442367933683752684e-02
4.510930061544765612e-03
1.158583890995777514e-03
5.089991204939759914e-03
9.738035005758545470e-03
8.894085388625114219e-03
5.318533728539163313e-03
1.802713463848474446e-02
1.548195794841968065e-02
6.901701402355639794e-04
7.235018771846388197e-04
1.847089519680150671e-02
1.337329007110909206e-02
1.487449014326258472e-02
3.593541536946791293e-02
1.146199104561548138e-02
4.192004985585560256e-03
1.282330872876945305e-02
7.853379443873804641e-03
8.517175488811552092e-03
3.503781138785975330e-02
1.618228529728052076e-02
2.407005883901316978e-03
3.330576155093457197e-03
6.272238548379245084e-03
9.902369219101399625e-03
2.235096721948487755e-03
1.469965035263495583e-02
7.826736137728482201e-03
4.377702149585186928e-03
2.219151441671732977e-02
4.944527972696807425e-03
1.443159861481929478e-02
9.010839798551722665e-04
4.693703083989628211e-04
1.205000190005750191e-02
1.159233390642316897e-02
1.075834322292414102e-02
8.298227389885802496e-03
1.423348218141468925e-02
1.116003215268582954e-02
8.996740743784084268e-04
7.656403815368180085e-03
4.005478700641147694e-02
3.573640261274521612e-02
5.804472132231730530e-04
1.861472160822180352e-02
5.217582081974536656e-03
5.254403031759268330e-03
1.787586146640581311e-02
7.624676454235881917e-03
6.457574948292264805e-04
2.834610248884571887e-02
1.880572856180440580e-02
2.598984427035696231e-03
1.231332313526297718e-02
1.128510690522089091e-02
1.839953898278190621e-03
4.384065629627579598e-03
1.298932867983920367e-02
1.228762843412877989e-02
1.160775299316704236e-02
2.137388901913860745e-02
7.737005988185048470e-03
1.218536159968637046e-02
4.429387387868576574e-03
4.693703083989628211e-04
5.429729501254717747e-03
8.159770890794712517e-03
1.468782513833957748e-02
1.185965640608740296e-03
1.458526793323300375e-02
7.738379432601983840e-03
6.589665626685410789e-03
3.676793972629254295e-03
2.132653509541463516e-02
3.218632083962928020e-02
5.811537664602875420e-04
3.857872328968941361e-02
5.217582081974536656e-03
1.314938199861257623e-03
7.793651847343403306e-03
8.520324459400121370e-03
1.041448662463273630e-03
2.272329859481853759e-02
7.793037442175345872e-03
1.430297306914963054e-02
1.160739781951861463e-02
1.146931623921217981e-03
8.508791436041690526e-04
1.031566585041217288e-02
8.768188110130028037e-03
1.041753178723801160e-02
9.581923278196867455e-03
2.383517760204311581e-02
2.819225575761581323e-02
5.375726910627752833e-03
2.296476208666890177e-03
1.948246614928913394e-03
7.042533175453315197e-03
1.810301605484012158e-03
1.568515681289914254e-02
1.778568701325368342e-03
3.135161855363401140e-02
7.415510347098618234e-03
3.361624317481277241e-02
5.604072743845510234e-03
1.336715321267285816e-02
2.694436822067459297e-02
2.068567412312037265e-03
1.436418026378486271e-02
6.934796267712032246e-03
6.769537441320539958e-03
2.097176996040879191e-03
8.520324459400121370e-03
1.518922658806533439e-03
2.330631401399770389e-02
7.593453265786376423e-03
3.447212241277822220e-02
1.143052858508582757e-02
9.564077002939380331e-03
1.388823596548223807e-02
9.761816589216683673e-03
4.561597542970961296e-03
3.088372017210036166e-03
1.362426978592732804e-02
8.713634149217352066e-04
1.447083722205636663e-02
1.374269764107807421e-02
2.557761694955410468e-03
6.681141552748651354e-03
3.237555614642556936e-03
1.819129368878755074e-03
4.904596719154922894e-03
4.795171864090758129e-03
2.489892669278695111e-02
6.667271528366418981e-03
1.600923913681212216e-02
2.222937591725362635e-03
1.945605310049464479e-02
2.347814022621838928e-02
8.965026097276828157e-04
1.736570129480204810e-02
1.262157292838709741e-04
1.604924430770126448e-02
1.685465759903185222e-03
3.094554729230371629e-03
3.994695642609371461e-03
1.034009152922131525e-02
1.270428277394499914e-02
2.213457010515082479e-02
5.613959949220287404e-03
5.005112238568284848e-03
1.708352997016371333e-02
7.126784658898513598e-03
6.585283606679022059e-03
6.283386028044483582e-03
4.293964062813526023e-03
1.418779263453156213e-03
2.093930650244869157e-02
2.108962562196323859e-02
3.636300879187297913e-03
1.067847960782270476e-02
9.148515305845034487e-03
4.876484314939474179e-03
1.931938102807802217e-03
1.178840651564927022e-03
1.770287267750603882e-02
1.640585147411460429e-02
3.158628640846304972e-03
7.314124061556069242e-03
1.860308501515912580e-02
2.330867838852481930e-02
6.148766720339276029e-03
2.099099812586511724e-02
5.971534043195045327e-04
6.767187800852511072e-03
6.079135232609925513e-04
1.021923447157879836e-03
8.701878445639280382e-04
9.267051415702103057e-04
1.048633225097341838e-02
2.161315697334433711e-02
2.518643522480303043e-04
8.032206241493719187e-03
2.977535596849414587e-02
1.304205347344244634e-03
4.329995241669269343e-03
9.468153754145867268e-04
4.630742851864686621e-03
1.198704709836541848e-03
2.566645756705781059e-02
8.281279613930226866e-03
4.123399875664149512e-03
1.133247178337246086e-02
5.188672957822449035e-03
1.289231820594391757e-03
2.797262729179693635e-03
1.635246499559565511e-02
1.358694129429475692e-02
1.264258644155184276e-02
1.704401595501681306e-03
1.554353117928811319e-03
1.204345626299571301e-02
1.209238988640066320e-02
6.918993924373010446e-03
1.714578902072480884e-02
2.948404553490460017e-03
1.915805880547149717e-02
2.815571765464445521e-03
2.255907451126954941e-03
3.487656475771214095e-03
1.929424804079053236e-03
5.325024302180042524e-03
2.814582944764340566e-02
1.373892019503575659e-03
9.687727071044891251e-04
2.083146621322792130e-02
1.273756334739473573e-03
3.890361786863077032e-03
1.493148468864224920e-03
7.600404304082715445e-04
1.146720224047019163e-03
1.497332331592483336e-02
7.313063344664085322e-03
4.242289561419502683e-03
8.869266625243267532e-03
3.271963713460309189e-03
5.719301733543582199e-03
8.265271534786764601e-04
1.609305734134749977e-02
5.502846213588759999e-02
4.874702648020676904e-04
1.769795411729472136e-03
5.017266648248697170e-04
1.805315607874436595e-02
1.281926479399216057e-02
9.640145331334851186e-03
5.966998571620190685e-03
5.623301417256311788e-03
1.873493584010073321e-02
2.807513188486409836e-03
5.838670820950530443e-04
1.161741142689921499e-03
2.106158046264008585e-03
4.718093926829762703e-03
1.251572798878861428e-02
3.434499156881453286e-03
2.644559791739985091e-03
2.929701518419838835e-02
1.949470659352662335e-03
5.375500168874989583e-03
1.474085212859906980e-03
1.029751794985325590e-03
4.699436367012063513e-03
1.157154849599170698e-02
4.406786677179450745e-03
1.653534768809803704e-03
4.629618277948254965e-03
1.732816284897350590e-03
3.868102510601812566e-03
1.322203397316974770e-03
1.452579664845520327e-02
3.486060935963435775e-02
3.805548140966553386e-04
5.028040972703592265e-04
1.154690792505549436e-02
1.554598438801406066e-02
1.328200272756110446e-02
1.444071439050373211e-03
5.751887666164726479e-03
8.859066210011052461e-03
1.028852891466820046e-02
1.608660472159476745e-02
2.493974919274737773e-02
2.682108504727601615e-03
4.760096344188524155e-03
2.889842452409217832e-03
4.452262433477860611e-03
6.921573148235715678e-03
2.389683376754811895e-03
2.279665094060218805e-02
1.949470659352662335e-03
2.008886839116743456e-02
2.220649585241560829e-03
7.906925846616593215e-03
8.033733854008257708e-03
1.655122860995775907e-02
6.565040258332850188e-03
1.213147882686838042e-04
6.465220640813416041e-03
6.499887481408375169e-03
3.240160219781505670e-03
5.168914288890004080e-03
1.758790623161828005e-03
2.589128698629800454e-02
6.393522670698244129e-05
3.342692753623440968e-03
1.019951591685783199e-02
1.638073010113068328e-02
6.020017959774763040e-03
2.179751700168442059e-03
1.152449645953707025e-02
5.443332403962124547e-03
1.118102464959926101e-02
1.651391467305927258e-02
2.945231589836832739e-02
9.462002724041490564e-05
1.697145014236936880e-03
6.795343830202178401e-04
8.800521553743613848e-03
6.199339504881903537e-03
3.517281261731119990e-03
7.878229260558498870e-03
1.787329717712469665e-02
1.020564480451896169e-02
8.853397451315716399e-04
2.331205866432731894e-02
1.821952143240803540e-02
2.494076129533194866e-02
1.261681352137677785e-02
1.081958627242652834e-02
4.022589823276436632e-04
5.090160382370334871e-04
4.489932861842609729e-03
5.643668068653366968e-03
1.335759127465378695e-03
1.579776635917469474e-02
1.614459804124716629e-03
1.973208834035056897e-04
7.469781004461101617e-03
8.445646042563812947e-03
7.159411917642923527e-03
2.721577256174811162e-03
1.674730539154999434e-02
5.538043425791235042e-03
3.980331031666253967e-03
2.606552530163744330e-02
2.430892434063786425e-02
2.112727455749368374e-04
5.341057568053811204e-03
3.024456903604802981e-03
8.150790371407107965e-03
1.430952648606605799e-03
5.035532828754758078e-03
1.389801441681233832e-02
4.213891461509892966e-02
1.036454440817351913e-02
8.258004402636184155e-03
2.672422272785091382e-02
4.603162895937758931e-02
2.242187944013868464e-02
1.307909061913606862e-02
9.375202237095862923e-03
1.046801682752111079e-02
4.979905991538781385e-03
3.649652597389117965e-03
1.114032395528861095e-02
1.309676397055781552e-03
1.422643681324469583e-02
1.263477861071911085e-03
1.359044289531940314e-03
1.105351548742914206e-02
5.612363682020148244e-03
4.831918238731948423e-03
4.077343698032727740e-03
1.443136232418425896e-02
1.307400484782677078e-02
9.816957345241687088e-03
2.971916107929544609e-02
1.340778454256824452e-02
2.142981680478238393e-03
2.435327505668411809e-04
5.517433940126381664e-03
5.942277559889683376e-03
2.742149307833262502e-03
5.505658770612721284e-03
1.632885285021918459e-02
2.830006465432101034e-02
3.840209550290926460e-04
4.260332483673117537e-03
1.172661415633920526e-02
2.748606022445475305e-02
2.332915964918421889e-02
1.690146203873878900e-02
8.776246659252326041e-03
3.204525897153228525e-02
8.001144453061413003e-03
9.629431030963319510e-03
1.777098826335052340e-02
2.853122336430516295e-03
1.739253483959336127e-02
1.244596580419042413e-03
9.225532103710331819e-03
1.095510098004228404e-02
8.128019109042121035e-03
5.564618888921173991e-03
8.579804912659520777e-03
3.574307505980797717e-03
9.217015199589851868e-03
9.033538526454474443e-03
1.951966953484671197e-02
7.974875483495177247e-03
1.723208538716346216e-02
3.046298309365226380e-03
5.305853948270277537e-03
3.344930213542380258e-03
8.399532941547917242e-04
2.949122373203678232e-03
8.897917887186714697e-03
2.337569600422382404e-02
3.993482158947723494e-03
3.681712987178823240e-03
3.524485891476361599e-02
2.513460681252317405e-02
3.029731009238216879e-02
5.867897578631283036e-03
2.201854688521379805e-02
2.189459983908123228e-02
2.555670525193811955e-03
3.936072537007799001e-03
3.118259094206734389e-02
8.885230787843130182e-03
1.999841041561730565e-02
1.824819034830142336e-03
4.643739670035992861e-03
2.490307052000692578e-04
5.698658402232435402e-03
1.887200577862476955e-03
4.493868438563974020e-03
1.078714407603848652e-02
8.647977006169519157e-03
1.619190074238875329e-02
2.432718826125830278e-02
1.373317370026293574e-02
1.246003342162329067e-02
3.350715864495687479e-05
9.520640408147366951e-03
3.344930213542380258e-03
2.049323557806650292e-03
3.923322872523292253e-03
1.063405948627456701e-02
1.052258019173332379e-02
7.171736922559080948e-03
4.655334290163935101e-03
3.096843179707108040e-02
2.748332961459551416e-02
2.496903832544690796e-02
5.085352224327678410e-03
3.283698998002006209e-02
2.048691093285599785e-02
2.451244125485589793e-03
4.044680536926718861e-02
2.355562776735158417e-02
4.885273087806934339e-03
1.720765367792115308e-02
2.818078298893549136e-03
2.607414615143268093e-03
5.658494859098745292e-03
5.106071440003637912e-03
3.838725945769785701e-03
1.109021873071338454e-02
8.063494416961022176e-03
8.862477049817390345e-03
1.294885952390251345e-02
1.298744131938457842e-02
1.711336454257447737e-02
1.500107464532080687e-02
7.280373629202155361e-04
2.300044533975912492e-02
1.334845974897206321e-02
2.203954785497275887e-03
3.357232087722551370e-03
1.353397678761913275e-02
8.884655042224279611e-03
7.983898787237805883e-03
4.526713650530584179e-03
2.534054948916211747e-02
2.583182234890955137e-02
1.847500493604220875e-02
8.135458149201770656e-03
3.030999141392641191e-02
1.636176714948460800e-02
2.257302785596909667e-03
5.287432692656969524e-02
1.141343472499232667e-02
6.989171543374396445e-03
1.716593490606153558e-02
7.690889534542336842e-03
9.424270736416861735e-03
3.048022860750041179e-03
1.803749025926426261e-03
3.270252413076780648e-03
1.149303115201746536e-03
2.599289881032740626e-02
3.077265243348753510e-04
1.689701779523305331e-02
1.002289855954714530e-02
2.293696052028339205e-02
1.962135326757311407e-02
5.502640269305820314e-03
2.127932177063603797e-02
9.790375051722957980e-04
2.031562897485247356e-03
9.390426558692073836e-03
2.046313769323920839e-02
8.263066293217900815e-03
1.510008944520883564e-03
1.344565202394973694e-02
4.697599307639196281e-02
9.182301383533427591e-03
1.206909400154184547e-02
2.206968238372374047e-02
3.336318014366528723e-02
1.105518368434285983e-02
3.286015590613902172e-03
4.668037249571432151e-02
8.460552107548010084e-03
6.420645375976600545e-03
9.915090199014410521e-03
4.181618446940844371e-03
5.077680005194193380e-03
6.965934473093800261e-03
7.552281323710260952e-03
2.457223984475668220e-03
7.250290600085574494e-03
3.455629755937979913e-02
8.466977932855574568e-03
1.385930975546432499e-02
1.314387211420997917e-02
3.928502379888178242e-02
2.549053280107364122e-02
1.829794527841176188e-03
1.690739382594126997e-02
2.100122540531509929e-02
4.793423058192089817e-03
2.341322627033620707e-02
1.353579814946138243e-02
8.594587199175477863e-04
3.852377088567065719e-03
1.164878711969906389e-02
3.490936163774861767e-02
3.410378095635415580e-02
8.814571894726980217e-03
1.458439764334673941e-02
3.511899869423844300e-03
1.206682872641560295e-02
5.070513506561302904e-03
3.417865338003577697e-02
6.618985187681477103e-03
1.518979317185753519e-03
9.716131301310959936e-03
5.573983708298963988e-03
8.998195554006539060e-03
2.827597774693321395e-02
5.564073841799742001e-03
1.307231635715267598e-03
2.156972139798533916e-02
8.244349940328435378e-02
1.306972402132197501e-02
6.747339546186664240e-03
1.827599157540153729e-04
3.086682428799889660e-02
2.051267853962430998e-02
5.328273740181712920e-04
2.070465145662551618e-02
4.639063452421635439e-03
1.239877950240710069e-02
1.684030111526183676e-02
9.709987968913215070e-03
5.742946937687159331e-03
3.131470660489344554e-03
2.182407753300403402e-02
6.716470007852597471e-03
4.829048274584860773e-02
9.443631317094252839e-03
7.027089919873452835e-03
7.131184896194996299e-03
1.639345247240169695e-02
4.468702216633771429e-04
2.688950013541083553e-02
1.898788365904707787e-03
1.733194266540881434e-02
2.152083541806935896e-02
8.818396935082253862e-03
2.127700702227782164e-03
5.435488272642954172e-02
7.538314384629916411e-03
1.312023527372006490e-02
1.718225429194700921e-02
5.039186906175041614e-02
1.132745013623938715e-02
4.790100718271111252e-03
2.018884575028598825e-03
1.181015476168855056e-02
3.200086834437026323e-02
3.127114322148589337e-03
4.251622114611133818e-02
4.300904823935983168e-04
5.749878761255581942e-03
1.733986388867501255e-02
9.785516037959511582e-03
4.911291886031872791e-03
1.726874751056805928e-03
1.567674962675368738e-02
2.815882844693182174e-03
1.949261391453463443e-02
6.727247972210312690e-03
2.984027916777341749e-03
4.328406692601971355e-03
1.832928614677842641e-02
4.468702216633771429e-04
7.341838545426707108e-02
1.872596272699188127e-03
1.453894135670079531e-02
5.161007184503667994e-02
1.104170532900633148e-02
1.400823074277126809e-03
3.476507083442671731e-02
3.728555436799333832e-03
5.694654068535880478e-04
1.126205314603561866e-02
3.591459448028871959e-02
4.979121138680681069e-03
9.801148347498685187e-03
1.592262424714640948e-03
2.188202570548754278e-02
1.694117321015518873e-02
2.733877243723369446e-02
2.601719765517340743e-02
3.014995458869846549e-03
2.273639120180942497e-03
5.168490021285023633e-03
1.479822144131711856e-02
8.212804611713434011e-03
4.479962350555212122e-03
3.198511663681732897e-02
2.797913359262068841e-03
2.539990543332752704e-03
9.131624388368158457e-03
2.461599555697148965e-03
2.399987326391042793e-03
1.566163741357997491e-02
7.878209034462482080e-04
4.647595471733591971e-02
1.680424501704431625e-02
1.450481964970741500e-02
2.051335681404144531e-02
1.004943388260415987e-02
2.047219501147652318e-03
5.700107055561098174e-02
1.419027658179391679e-02
2.368375390348886195e-02
1.603338007376797075e-02
4.523697208404080239e-02
6.414635711455371307e-03
7.770748978658001058e-03
1.484663795612781167e-04
2.542055436859721670e-03
3.109622629654343676e-03
1.982386637967234466e-02
3.163421432154896185e-02
2.448144667486348500e-03
7.609813710157673980e-03
1.151814337505775374e-02
1.296799904031104705e-03
4.371251345087610873e-03
8.008902289440943470e-03
6.764951223432910145e-03
1.063145857160183172e-02
7.576699673690482847e-03
1.739942299722487679e-02
5.515663152627768573e-03
9.872733831753856618e-03
6.931815146740929329e-03
6.911737974168039901e-03
4.008788686470422108e-02
2.323082775634274094e-02
2.048840112240305628e-02
2.091279010831111757e-02
1.373425994942834710e-02
7.456117152830678621e-03
2.729013945128540286e-02
9.929983760653968497e-03
2.510522270106037984e-02
3.600436534664731847e-02
2.286035673243640848e-02
5.582910606331545691e-03
8.575780512410459411e-03
1.347425033437241876e-03
3.572782082603351284e-04
7.370594611095525155e-03
2.747544630009652808e-02
1.425029669061054528e-02
2.448144667486348500e-03
2.629545539842067375e-03
4.344205063786302050e-03
6.967011467671605819e-03
2.496309419964760218e-02
5.924711047097097963e-03
4.520564169223370912e-03
8.768457221189752612e-03
1.548112589042087255e-02
1.428250451738639210e-02
6.148653459330000702e-03
1.242530893945344335e-02
1.823176175244897723e-03
1.493795825318857545e-02
2.988293100450286829e-02
2.573703094968352034e-02
1.121909156069834587e-02
1.900129469731836815e-02
2.757916253891064262e-02
1.272337628492033711e-02
2.272604255005605464e-02
7.558222849472558992e-03
5.468905712776925623e-03
1.371702069750115743e-02
1.902145132208352823e-02
2.053762552963932231e-03
1.513383517097814483e-02
1.619966161071888493e-03
1.829482712889523785e-03
1.526887910681867279e-02
5.521422743991427629e-02
2.834599752157868774e-02
3.917339943202835864e-03
1.492817878901507404e-02
5.432174330861679751e-04
9.562332016317180022e-03
3.185026917330303908e-02
1.540750375938410846e-03
4.794215782165336948e-03
3.447023781794362335e-03
6.224842837226360684e-04
3.450282187350803970e-03
3.813899691810875014e-03
9.472040099179582229e-03
1.319520269676150576e-03
1.443885450362449377e-02
1.742496746317432135e-02
2.914166836701097274e-02
4.925454650005369958e-03
3.224776204172323524e-02
3.273739549101058188e-02
1.106823204649323364e-02
1.162935326669121104e-02
1.972627843933348959e-02
5.386608396104020438e-03
1.025581783380014045e-02
2.647265256675416720e-02
1.412803590781031970e-03
1.276626947057778877e-03
1.514119138719255409e-02
9.850608231405594620e-04
3.651896225439254379e-02
5.288022025750133831e-02
2.625328692932199851e-02
8.294094848128388819e-03
1.072084908782653528e-02
4.222975730777142264e-03
1.151754440160874388e-03
3.445226398724331174e-02
5.171981653988149200e-03
1.333085095912242557e-02
1.592410423165491543e-02
6.238763446786858846e-03
1.089515099795329740e-02
1.172982504976467777e-02
1.266776002450805197e-02
7.432037196979133370e-03
6.966907603456673134e-04
1.990278204507634277e-02
2.390043328084944657e-02
4.603255647004303452e-02
2.259438982707098753e-02
1.841309850703184633e-02
1.470543309330375574e-02
1.060429236162368366e-02
1.699741993783427524e-02
1.261759983446528871e-02
4.199578401851272562e-03
2.909641772505002638e-02
4.933257983592349849e-03
1.514249474073383478e-03
2.612778777433274677e-02
2.259797653671622927e-03
5.890270375341939701e-02
2.144634238653687908e-02
1.838572627757771930e-02
1.194175724211939127e-04
2.294836627423040704e-02
9.977526680450498481e-03
7.067182247025407052e-03
1.122724399678853152e-02
8.601422676483595764e-04
9.687361246694864425e-03
1.344473728843397463e-02
1.113308338686581217e-02
1.402190282373346614e-02
9.876507466605479596e-03
2.005617952586678104e-02
6.981799871663226312e-03
7.500568257041536485e-03
9.803231866550516163e-03
2.185035963962501590e-02
3.645359814894631040e-02
2.033020327354274903e-02
2.375453185924942395e-02
1.782390200436573605e-03
6.129687876385266423e-04
1.381151386550330193e-02
1.276594763469077534e-02
4.030143966619268055e-03
1.392624057844691829e-02
7.425068577475799764e-03
1.998228965524456724e-04
1.527300124136799463e-02
1.721083821857503568e-02
2.818125319349697872e-02
2.894592281740438963e-02
2.034733070117596826e-02
1.800350338752820106e-03
8.850773300477817254e-03
5.898189924575650278e-03
4.289106319660422259e-03
5.274581066140623768e-04
1.566906454240058182e-03
9.070324847268980070e-03
7.953186847306531471e-03
7.891339545859726162e-03
2.710776021156907634e-02
5.502404093162424625e-03
1.246088277431742566e-02
9.828648709556861776e-03
6.083229818768867703e-04
9.840868895535617895e-04
1.046698153604446770e-02
5.617105190675904941e-02
1.653899066330328030e-02
3.412666713759781451e-02
1.322185079784335936e-02
8.624740738948819332e-03
1.698030809289668638e-02
7.704150336185880410e-02
4.085634568718675766e-03
1.569311450517568360e-02
9.029539286526090669e-03
8.785616259747689068e-04
1.236683589342186564e-02
1.272697830408013077e-02
1.724385692573531231e-03
1.569582937309282888e-02
1.131321889662215835e-02
2.476066458277064591e-03
1.297107339407375937e-03
3.096720528931708183e-03
2.957033161680423360e-03
7.746532792848022028e-03
9.924480717314193567e-04
1.134628918395306010e-02
1.351339383125017835e-03
2.017371745526366777e-02
9.603713677666592813e-03
3.541117315982946281e-03
1.986518314803740332e-02
2.006393878463462802e-02
6.778840617929844832e-03
8.562961611645240542e-03
8.803041118709043628e-03
1.351778880087382666e-02
9.444577341103040785e-03
1.461610553108356851e-02
2.027217414103092002e-02
1.357991449734909442e-02
2.234964145240022140e-02
4.738189404678261329e-02
4.149365495884990533e-03
5.139059861594642495e-03
4.090122680419533419e-02
2.959259603801809874e-03
8.256007823922592798e-04
9.007631204718109103e-03
1.018175762427954781e-02
2.277439254086461098e-02
3.025455347521919473e-03
3.987194736670611993e-03
4.264422066009238357e-03
1.022077810693254856e-03
5.712810232096385971e-03
4.123370139170359598e-04
6.273311803312552060e-05
2.231257990637605659e-02
1.748623027838470609e-04
1.289694447169503766e-02
8.054509903975111407e-03
1.227717378434561163e-03
2.471992695047531968e-02
1.564273574952382631e-02
3.426203172074111965e-03
4.594178410182933603e-03
3.353033101203585498e-04
1.435058581725902338e-02
3.374752191374695565e-02
1.449401689773004848e-02
8.123643969848451385e-03
1.387285732413745878e-02
1.862256152528748293e-02
3.829301250872899770e-02
7.352708626541040737e-03
8.755001226251427418e-03
4.952142514356593084e-02
4.515933709613558639e-03
7.398111936151904877e-03
1.188932607114385337e-02
3.491004794594294684e-03
1.367180217379237485e-02
3.258658244356913824e-03
7.937618785211777994e-03
1.084605001919296090e-02
4.960885693782026568e-03
1.356938278036483488e-02
5.193381873418673276e-04
8.739266408729479824e-03
1.735043550570783064e-02
2.144052240815565863e-03
5.204599374348703802e-03
4.718131957340655075e-03
6.401643669147540593e-03
3.351558109754762538e-02
1.348231462520508087e-02
1.623769333300937798e-03
4.103920135618409348e-03
6.474440822833344572e-03
1.810092663357736054e-02
1.641787961710868340e-02
9.409281525660628115e-03
3.062127129794259099e-03
1.009703155897928063e-02
1.717449168143559204e-02
3.647947616839640472e-02
1.852242676335466923e-02
4.902659395342632079e-03
3.049933191156088338e-02
9.956299377954754351e-04
4.138624170818647890e-05
6.675741128305905624e-03
2.893024152572401878e-03
1.228337830554603223e-02
6.338906364374934793e-03
7.907352939269467196e-03
7.010039088422134225e-03
4.367252034396950852e-03
1.485837779659945901e-02
8.434244910000094839e-03
8.031918565896469311e-03
1.170323041821238336e-02
1.432693701732236195e-03
7.782146695340030548e-04
1.284060591084246021e-02
5.236766613284293478e-03
2.376311549934162493e-02
9.127133755910028096e-03
2.949042268642300055e-03
8.723088826199766957e-03
3.915457610926050859e-03
1.023483727036311047e-02
8.382360802886724277e-03
5.667522510080045400e-04
1.542936938454964090e-03
9.812808592114453943e-03
1.687029044759458252e-02
2.737006393214357070e-02
5.036703096233921539e-02
6.805492980452281654e-03
4.183634255105984912e-02
4.251863441790678516e-03
8.833946740751242969e-04
7.633448504743096420e-03
3.025597120786069176e-03
2.541395722092368303e-02
3.917893304055401066e-03
4.117506496548706610e-03
1.050055267229083739e-02
6.955021252494295037e-04
2.040460851396071543e-02
1.761329191443763683e-03
2.462953552337632593e-02
1.286928026363137051e-02
1.697626782889652885e-03
1.944892407690062197e-03
2.734163949583469540e-03
3.293826840823009874e-03
2.527438142068906893e-02
3.895975631944388184e-03
3.141407135901801671e-03
5.699552898645908645e-03
2.800771933413365774e-03
1.480461969291540017e-02
3.285688508416560738e-03
4.104966506514411834e-03
3.270499901008791510e-04
6.780124429787432426e-03
1.355843805196958220e-02
2.155794758553597826e-02
3.083801220952285191e-02
1.646059168650461368e-02
2.686308147443883243e-02
1.168700139555346046e-02
5.168850049237268783e-03
7.019689925583770182e-03
6.783856148829411035e-04
8.064177394420187980e-03
3.661501562540685206e-03
4.295288254893359428e-03
4.945330001068816428e-03
3.699847837954496621e-03
2.023036222633604539e-02
6.638103285408929362e-03
1.288646053179371559e-02
1.628150968028180962e-02
6.428652783043906603e-03
2.545079343918961456e-03
1.060722647584234554e-02
2.641899187280040504e-03
3.302000989295800909e-02
1.292084215684958376e-03
7.876123188181724175e-03
5.928092731694299157e-03
4.012513839288036309e-03
1.378566546689532178e-02
4.298672748896406604e-03
3.616697308909843766e-03
2.828457497837735812e-05
2.334573071273060747e-03
9.831973528487428227e-03
1.267004219065509356e-02
4.904254029182635727e-02
1.181821083905295125e-02
9.762669208397000906e-03
3.286595386593178791e-02
6.757168186901068435e-04
6.261376174166029610e-03
3.200309549253833527e-03
2.154407331427798944e-02
2.940212361908075764e-03
4.370703741430394598e-03
2.190273848928430550e-03
6.698716168790426473e-03
1.237639657504821869e-03
7.044907751327204003e-03
9.482647580743429339e-03
2.414350879221189780e-02
1.171313652332442098e-02
1.811796790049130870e-02
1.688413796179713197e-02
3.042186207035777953e-03
3.011737834063835800e-02
1.221760451329476083e-04
3.298892631242469897e-02
9.904182961630630250e-03
8.440319329669359900e-04
1.685879917126553371e-02
2.246587608015618645e-02
5.718885568722069379e-03
1.121575736499742793e-03
1.437702276972481312e-03
7.796967964701573967e-03
1.683133016012625105e-02
3.109896677894014722e-02
1.121851190322769795e-02
1.724291539727659112e-02
4.348344138633952749e-02
6.136924973914189077e-03
7.209041189090863860e-03
7.947288015983881154e-03
2.614530739957041452e-02
5.266179055711367116e-03
7.318671197648327943e-03
3.200584237165717862e-03
7.541795274205098307e-03
2.313758916967331887e-03
1.648194416243881771e-02
8.231919159247785833e-03
2.228579260294374226e-02
1.874052505359634531e-03
2.515591885639160627e-02
1.229924418801951747e-03
2.346668792960574044e-03
1.555507925300540426e-02
9.034163010123361787e-03
2.518218851620728643e-02
1.135441274050614895e-02
1.521200174167436012e-03
8.449053563666635708e-04
9.432721116547852780e-03
5.581721068433419947e-03
1.121575736499742793e-03
5.720792397781165363e-03
1.508162922703933789e-02
2.330703774590822674e-02
1.253446308124673593e-02
7.823465258720817272e-03
8.410127946990504991e-03
3.913603844980773766e-02
3.102448708960595797e-03
1.572960675072327535e-02
1.187248566158641619e-02
8.148024144127848784e-03
4.748585039176991124e-05
1.093954758809193191e-02
2.164379929852808162e-03
5.040916161893355812e-03
4.920857448575462201e-03
1.720617765546186145e-02
9.123998692748418876e-03
2.569765079750455442e-02
8.654827065963853440e-04
2.013176993584826768e-02
9.652496264977770621e-03
5.887254840111271967e-04
1.255103966569799667e-02
2.337011406795539564e-02
9.909625634844966557e-03
5.837947433849308490e-03
1.200479213743579649e-04
2.407591986803998829e-02
6.707793719729673518e-03
9.377448309674111041e-03
2.821040612403588697e-03
7.350519132486340278e-03
1.545614972639438797e-02
1.807019268742826590e-02
2.711172645059942155e-02
1.296400623995026986e-02
1.117164710258994505e-02
2.774063323174134205e-02
2.400801306211958284e-03
9.449398331138211815e-03
4.337354088318298717e-03
2.179263596303009434e-03
1.227416633116422580e-02
5.929428450911064172e-03
2.058104868485604450e-03
2.833370227663060265e-03
2.481997472040290212e-03
3.922834262647494075e-04
5.589912570288299055e-03
1.341109483122276611e-02
5.269641669485380583e-03
2.475801872834198711e-02
1.200563613200257042e-02
5.150956319859040233e-03
8.664184175905826485e-03
3.566068957231650211e-02
1.093036072423899177e-02
5.943860962896587580e-03
6.133320496839974809e-03
1.039459772502370274e-02
1.257166085788243189e-02
1.344331065329546285e-03
4.241415306581508560e-03
8.212720783756417148e-03
1.702981116770209066e-02
4.295059863711971071e-02
3.981494640326425916e-02
8.765178668772379694e-03
5.748258278122775691e-03
1.696996522652716860e-02
4.634922972173662406e-03
4.269931995453569648e-03
1.000953814921291644e-02
2.247566317728982334e-03
1.515893865370275886e-02
1.931609277662159341e-02
8.725282046559075825e-04
5.962839318448924508e-04
8.497883460597988048e-03
1.191837015433738767e-04
6.883814115732063074e-03
1.217728588039832839e-02
4.140351638215335195e-03
2.504277266785227135e-02
9.346515086635687891e-03
8.994218460037114310e-03
2.408079406103632095e-03
2.258377831469381841e-02
2.308189228296574774e-03
6.417144458513737888e-03
1.707875391405572207e-04
4.934789896607467280e-03
9.911111821091566493e-03
6.377946034368843498e-03
6.273289497458249542e-03
8.669927349246030548e-03
1.184784683090302215e-02
3.604474740857201154e-02
3.046107263317897676e-02
8.887755768498427009e-03
1.353366177276938299e-03
3.148853180696042225e-02
6.134625249895596724e-03
4.156222008696976514e-03
9.741520605819972353e-03
8.589498239715874853e-04
1.109261817649169306e-02
2.457008751114454076e-02
9.453762426523147633e-03
3.660868528564556121e-03
1.930433558469561717e-02
2.380756224837791559e-05
2.556906435472891537e-03
1.198672052482468997e-02
7.120478552787374432e-03
1.450909962021495331e-02
1.552401096627588004e-03
1.239498818121730767e-02
1.429711569306827551e-03
1.740431064898353974e-02
4.834893641541300816e-03
3.025938292828170284e-03
4.414925531371410514e-03
2.684194273362829758e-03
8.097476893721203967e-03
3.235377979194448833e-03
7.884675345145296952e-04
1.390057265889468527e-02
5.562217262132388221e-03
2.891740708260572695e-02
7.791152749294743413e-03
2.213504108301063032e-04
1.353366177276938299e-03
1.550967970935741153e-02
3.967746055400172590e-03
1.343688806868951861e-03
2.146973205367562476e-02
1.103083373616437629e-03
3.185414598809541142e-03
2.594723714193138478e-02
7.959435685314229791e-03
2.603150173892025340e-02
2.580111886764232393e-02
1.739581670738122188e-03
5.675911369883920865e-04
2.829105514894861284e-02
1.480984997072985407e-02
1.084908169181749912e-02
3.428746708695780757e-03
8.486480844166598841e-03
2.160515944188271843e-03
4.388392491783426469e-02
1.193653147537847466e-02
2.833340945710974973e-03
4.930223532997357258e-03
1.239058101272037110e-04
5.893151844042602422e-03
1.174110376540313597e-02
2.679267963820720216e-03
8.457374409396962653e-03
1.216230380752893192e-03
3.103591909194258758e-02
1.789453295647041448e-02
1.202791337697413018e-02
4.735688332024323016e-03
1.290066009690448573e-02
5.558129156701117554e-03
1.442767103098525211e-02
1.127816621742142381e-02
1.121775089510622641e-03
2.600256527374923687e-03
2.192797989934404390e-02
6.724288496376505143e-03
2.012338126649625136e-02
1.388092940661085281e-02
2.767591920567273253e-03
9.384894686102675937e-04
2.086309889363408346e-02
1.851992186638690835e-02
2.235198617133947463e-02
1.374990002558987290e-03
2.079004430132361334e-03
7.589055221669967904e-03
2.278165950254677427e-02
1.355881738107320850e-02
7.371523783753218192e-03
1.553050811617970144e-03
5.099949790180234935e-03
4.172127951255127920e-03
1.897254324007816711e-02
7.130858889697041202e-03
9.372455790203555390e-03
1.315978158216738305e-03
2.601413807098882508e-02
2.585091937629160896e-02
1.081904382800402860e-02
9.563751758477861790e-04
2.226017335051902468e-02
7.538119894823242656e-04
1.086476151572333612e-02
8.538744763658331904e-03
5.812920956720102512e-03
1.253529448318937284e-03
6.229669488983467091e-02
6.389276469253273548e-03
7.638445123888532029e-03
2.504876160584056967e-03
9.273555686650568168e-04
1.267949904423850468e-03
2.988794359612281099e-02
1.337407327326928935e-02
2.710933188030927032e-02
1.374990002558987290e-03
3.453822998728848376e-03
1.589654534744615669e-02
9.470246402172602385e-03
2.618720673825901402e-02
1.460570830631012507e-02
3.662965595052001394e-03
2.178870525604786543e-03
1.247106358990705648e-02
1.393197245163923723e-02
7.968677736693716845e-03
8.919788185717772433e-03
3.629911514932763518e-03
1.067291912059362136e-02
4.570905657381702999e-03
1.889907756729519717e-02
1.147981623236437460e-02
2.693241658117652426e-02
5.310745448368715815e-03
5.282752379101062976e-03
1.445075156595392908e-02
8.976262736663999375e-03
1.392117542286127121e-02
2.300837615772035466e-02
6.389276469253273548e-03
1.245770119946879896e-02
1.934138651679569859e-03
1.016340756931178625e-02
5.903617548779938051e-03
1.798695090816293876e-02
7.507229923579708183e-03
3.090388996549332801e-02
2.032480578701584186e-03
4.679553706067296134e-03
3.345135358143948301e-02
1.953240710661391377e-02
3.040618007101918152e-02
8.857404869853157531e-03
2.922182726728854343e-03
8.665310340012942134e-04
2.266087360185098723e-02
2.226420244394913470e-02
1.049436765409883857e-02
1.064749464472300108e-02
5.064354326029876785e-03
2.680106627563298358e-02
5.138868025243171697e-03
8.432682438061014918e-03
5.073555593154922307e-03
4.351898404003785858e-02
1.687556150425684534e-02
9.633726986195427847e-03
2.488067176318971632e-02
1.562992148900109110e-02
2.211457171886687181e-02
4.721479898386459623e-03
2.548554196528344563e-03
5.323873731105983886e-02
3.844143771553881501e-03
6.753281554951019033e-03
1.236627355974256361e-02
1.033934306906969178e-02
2.573954697615868543e-03
3.028060218027132933e-02
1.517478829900010401e-02
2.155651667283577100e-04
1.547953994239039711e-02
2.082562463941867170e-02
3.837894921651339997e-02
4.619591470135520073e-03
8.658511793785175423e-03
2.429248741098409374e-03
2.896790397115046531e-02
2.539807824615873677e-02
1.281363163286318701e-03
1.587030242626662202e-02
1.160441647627146258e-03
2.645881141370400730e-02
5.028385389859607937e-03
1.463463488081013543e-02
3.570131272209124858e-03
6.880213634023410463e-02
1.678088217886481229e-02
1.157494652529147613e-02
2.196325516980268677e-02
6.887409230958735362e-03
1.090235454530578615e-02
5.287694476671538080e-03
3.209093325582407057e-03
1.470451726197198085e-02
1.270897238884354311e-02
9.516073060930937272e-03
5.231727796725216435e-03
2.958660695262693707e-02
9.007643527920524210e-03
1.254374202282486882e-02
1.146241175070197155e-02
7.088467594318879905e-03
5.549734563881245260e-03
1.168883361552657853e-02
4.571389455509734107e-02
2.905214006385639560e-03
3.449659245546552594e-03
4.392960665084134908e-03
2.166059373639695612e-02
1.754907595853061331e-02
2.417635455888737794e-03
1.419231896763324327e-02
1.823116219703012353e-02
1.335927659882156157e-02
6.484608858550806182e-03
2.105115482949031572e-02
1.947563480549086012e-03
3.610268305263637789e-02
1.147280163809287837e-02
3.104694498313277651e-02
1.071135549048662407e-02
1.754592851839069031e-03
1.165970402012355377e-02
3.769699673392135075e-05
1.838500354386555548e-03
9.409562949111082916e-03
1.193965278529623281e-02
4.600946750379791145e-03
1.428383290976569832e-02
7.731585495315913305e-03
3.593903575092760594e-03
2.424988561708748755e-02
1.217753077991289706e-02
9.580006419644879895e-03
7.726580119500571150e-05
1.643709759225070108e-02
4.430120915367292966e-02
4.260074997204012920e-03
6.837054028781429024e-03
4.751039594994857507e-03
1.887695235319184622e-02
1.685894032949132940e-02
2.569040216917934001e-03
8.461512479026322975e-04
1.645265851262940962e-02
5.908125680372923114e-03
3.072859920595554049e-03
1.726650171411929849e-02
8.176404879551507979e-03
4.002718668296341431e-02
1.259797405500715471e-02
2.033871692173085111e-02
1.441269650193969035e-02
1.931362732419355469e-03
3.297799485401392561e-02
9.970665027163715805e-03
1.040782753037056835e-04
4.281259477611228277e-03
1.066362410213207365e-02
5.626083455976484474e-03
1.279836518520767463e-02
4.643308938789007106e-03
6.548093109053023178e-03
2.990025779056729172e-02
1.888763506491960426e-02
8.502319682969881540e-03
5.462023555249393217e-03
1.925148914101594902e-02
2.576478992857528932e-02
1.365364476879315364e-02
1.066898538814289171e-02
5.911354649725271589e-03
1.069942233935840953e-02
4.747702734478443688e-03
6.617633585577481839e-03
8.071804057310609515e-04
2.866825365069760462e-02
1.730647264112741314e-03
1.370488950971011357e-03
1.767019566848770712e-03
1.232101611316688272e-02
4.153087781849790217e-02
9.728889828943215398e-03
1.460613722473965044e-02
1.621299242668070191e-03
3.448580222717132632e-03
1.281091272852472734e-02
6.269051989743600756e-03
1.040782753037056835e-04
2.182582847186000791e-04
6.359540435720865102e-03
1.961232201631643926e-03
2.779530005752073318e-02
4.643308938789007106e-03
1.117607799049043400e-02
2.553257755427240303e-02
3.472391654023787577e-02
7.656220587689277490e-03
2.193104889607027513e-02
1.102435675504196549e-02
1.331368190659321625e-02
2.725572474853334495e-03
2.508136753948953836e-03
4.180632640293325403e-02
2.261700570508481944e-02
5.858698988097280069e-03
2.006249762025760948e-03
8.575248734553965121e-03
8.976404854631570701e-03
3.089446608619537613e-03
1.999080190325230270e-03
4.288853795831434196e-03
1.440533683282798488e-02
1.585680445574319877e-02
8.724096204629116363e-03
2.102535007939687964e-02
1.035805010760802508e-03
1.739594416532632207e-02
7.153761957242560192e-03
3.865002687499552274e-03
2.923365161772739987e-03
4.417075498480823800e-05
2.022006959258023512e-02
7.409178321060916122e-04
2.736520041956694294e-03
1.621008619753506498e-03
9.401842775656546469e-03
4.331998552421384430e-02
1.722147650403600683e-02
2.100797154411867575e-03
1.495642531475221276e-02
1.491369025340744808e-02
6.961411460828511449e-03
1.145998687793183327e-02
2.165611280733855878e-03
3.462562047798183745e-02
1.634379927971489968e-02
5.844282314159060000e-03
2.510349173135204351e-03
6.460584216746201834e-03
1.255356167259840186e-02
8.301156990915312117e-03
6.484172600397481584e-03
6.089893354819320495e-04
3.030348307172991973e-02
2.298371808653701734e-02
1.248246868298867607e-02
3.891672977685307899e-02
8.672296777884431693e-04
2.088936801722169473e-02
7.261956892241402256e-03
4.809335173098229846e-03
2.637168727848984706e-03
8.362862615076285897e-04
2.549664178703364356e-02
7.409178321060916122e-04
4.859438136326083013e-04
1.646079904524300457e-03
1.431190982377184354e-02
1.720584238233814969e-02
1.659436506480626780e-02
7.169200617275772736e-04
1.313066441271764327e-02
1.642714521690125454e-02
9.406011436470232065e-03
1.148178204102566838e-02
2.667716518250272222e-03
1.067153832362251614e-01
7.930226062494797820e-03
5.290515414321963865e-03
1.893745364745002061e-03
1.251258626346415243e-02
9.237636790260605676e-03
4.873288401621390584e-03
1.877020432721108155e-03
1.577637420713663349e-03
4.258253329906144108e-02
1.393082069126766812e-02
6.230680071874242394e-03
1.899529083518451678e-02
2.849450707031254623e-03
1.307798735628354705e-02
2.736265986920027177e-02
8.831394553956588289e-03
3.313387526860307221e-03
8.362862615076285897e-04
1.357163605233605713e-02
7.680436371381490351e-03
2.809383954268205186e-03
4.517367840395392596e-03
1.521578301512175463e-03
1.174867415940097568e-02
2.444772420333257007e-02
4.766503943862391082e-03
2.191211788281192258e-02
2.023925759550210604e-02
6.375821997258106222e-03
2.070725778437677508e-02
1.228266784731022777e-02
2.796930194391972907e-02
1.481505694780253443e-03
1.064279634178932551e-02
1.156074134727881272e-02
2.321412863399190465e-02
1.714690860733412633e-02
4.623316668140149688e-03
3.800125198892029266e-03
3.387671857610759837e-03
4.655585856934449374e-02
2.078107169602097862e-02
6.871106138968260599e-03
1.791134263833081552e-02
6.278066600687074415e-03
2.134468780026346074e-02
7.684445442084686384e-03
1.451182021084129747e-03
8.265197055630939260e-03
8.934989911829673351e-03
1.313933318240140778e-02
9.448076400321699098e-03
6.903643262793506680e-03
8.260452779664457720e-03
1.277450128064910873e-02
2.137965780040846503e-03
2.651659313927565501e-02
3.916295107782298036e-03
3.195722134171324891e-02
1.868238747283287871e-02
1.115211989820601157e-02
3.315239577079157063e-02
4.751105788057319312e-03
6.339225220657568327e-02
2.710161726652310366e-03
2.347381888976005082e-02
1.433270173530303178e-02
1.714746069861511693e-02
1.896442328147786641e-02
1.212550632771014839e-02
1.945656713837912643e-03
7.103235146642911634e-03
2.050557834744059366e-02
2.755811694358844058e-02
2.777141701484995423e-03
1.189379319073551391e-02
3.507358656740629244e-03
1.476794969494259896e-02
4.270979372380617929e-03
7.167054910534550495e-03
9.290998161735532918e-03
1.865358158153965912e-02
8.503033703784690367e-03
6.318110269131248583e-03
1.279591139480354411e-03
8.735129937647165971e-03
1.400243470770162410e-02
1.459891498657880232e-03
3.292434251995652456e-02
7.471504940613502357e-03
4.729978161540056292e-02
2.730145398548267099e-02
1.970344897545925344e-02
3.518192067730945699e-02
5.545615716413484358e-03
3.874522307515131797e-02
5.415497206606724803e-03
9.404309410083713100e-03
1.300204843309764324e-02
8.174003819065765730e-03
9.133893332575766105e-03
2.467972811447916373e-02
4.247042292981907316e-03
1.163130373568092846e-02
1.402161914976475347e-02
3.072088395652004464e-02
3.281092757828462519e-03
5.630693149096199779e-03
2.500221959062578440e-03
6.135674931642124373e-03
3.931872774828704120e-03
1.515988451232205131e-02
9.723686481488266406e-03
9.356591909173412810e-03
1.604348152415919354e-02
1.046489448891210761e-02
4.721328508458036421e-03
2.775621579728052273e-03
1.104409956187272362e-02
1.556425764026499138e-03
2.499930382680815022e-02
1.571461765009939809e-02
4.593918772276463919e-02
3.046468982392605898e-02
2.258171093462914975e-02
3.797383809054560855e-02
4.890902274312704419e-03
2.663536553698383699e-02
1.193194107327015833e-03
6.881018558021766846e-03
2.259250713484006051e-02
6.735804107853671924e-03
9.309239993553158551e-03
3.936805116404092086e-02
1.077617229217434427e-02
1.903249745454105302e-02
2.158766398651540061e-02
2.635565099638010819e-03
4.562793532248631337e-03
2.514926609139586655e-03
1.289914303533502664e-03
6.213827176918217815e-03
8.332474500187902686e-03
2.825374300510875847e-02
1.757225325318587453e-02
5.495309985225076306e-03
6.945426771467077057e-03
2.931259587872166172e-03
8.797620205671166649e-05
1.018889383772106361e-04
2.222884953568440153e-02
1.505674048002177134e-03
2.239864333521973672e-02
4.282356864458166691e-03
4.096088415894687945e-02
8.406908668057141987e-03
3.049940018265853356e-03
1.208113490481558042e-02
5.012783365532904982e-03
2.240193596709342053e-02
4.045789581597954848e-03
1.665243966005777038e-02
3.234367639722886961e-02
1.346253961439477370e-02
1.461955893728366686e-02
5.640043646681573708e-02
1.732076926493141336e-02
3.381654657172017409e-02
2.580071898305826006e-02
8.585515473325791916e-03
3.338141395281618573e-02
1.409737627683115002e-03
1.109205349447772411e-03
2.020929207998978933e-02
6.845946318523715539e-03
3.185808978365395339e-02
1.008429937856115607e-02
4.352457437891256789e-03
1.692140521566425776e-02
2.931259587872166172e-03
3.083411458833932098e-03
8.560445550005214843e-04
1.474591187187945796e-02
3.660644454222955479e-04
1.038146516496965197e-02
2.342286252125691157e-04
2.423750172751815493e-02
9.544915057132025843e-03
8.871631903492575508e-03
9.968811225876507767e-03
3.851366677204093314e-03
1.629189450586628410e-02
2.026158664976908733e-03
6.087066672629223504e-03
2.952122675777017063e-02
1.572033748626160132e-02
1.757462083542501302e-02
3.807607174723683791e-02
2.909608907179463654e-03
3.277814456745682670e-02
2.876910688207184527e-02
4.127788827786596504e-03
4.065292440359346421e-02
8.659905368368536055e-03
3.190146323919660016e-05
2.465376428306997186e-02
9.096162158305247034e-03
2.839099709648509884e-02
1.080320732287728437e-02
3.400960883917831905e-03
2.974185132360884255e-03
2.870594817872548516e-03
1.487352906440815234e-02
7.813465888814930850e-04
7.709068905899198881e-03
3.266732323987206477e-03
5.692525239252618080e-03
3.411559069155904299e-03
3.501739361249901067e-02
1.007925670818385008e-02
8.923246588784405908e-03
1.364892194203463568e-02
6.426769108529853218e-03
6.482016228784668460e-03
1.203766461150140854e-04
2.194290198799086350e-06
2.470028242541533886e-02
2.021160268912435692e-02
1.251444581532030857e-02
2.673172607317007496e-02
5.523241240947511857e-03
1.386678761873944878e-02
1.624396625358755231e-02
1.845167258170976946e-02
3.326636262602044453e-02
1.423296105770765173e-02
8.832400127624213948e-03
1.214375116554591329e-02
9.910400849842678633e-03
3.518474276602643475e-02
1.249038137765332013e-02
2.656821598647299450e-03
5.752056723789827734e-03
3.004373588985816135e-05
1.271924025785892837e-02
1.037956117457049764e-03
9.210088705543848994e-03
1.915952425409145690e-03
1.711160811523127542e-03
3.779235425886201018e-03
9.915785341329873964e-03
1.155370695288127428e-02
3.622787692181343722e-02
1.495384116032294139e-02
1.300952011772943569e-02
6.475231159892172982e-03
3.057720914987482799e-03
2.117305154123647754e-03
1.418795995237374409e-02
4.184044750335265406e-02
1.454042690978948546e-02
1.978220104202788390e-02
2.488350123770500036e-02
1.160803618230964694e-02
3.286855456290969230e-02
2.282757215354175306e-03
2.277107426480448962e-02
1.663598586257174217e-02
2.982279413446887843e-03
1.801870059493832291e-02
3.531762554286339839e-03
3.233499911919035519e-02
2.331590490832091689e-03
7.719285749718837568e-03
3.756237756435070341e-03
8.022971639851207010e-03
9.727724969411892866e-03
1.299392148476367611e-03
7.427509537850793091e-03
9.219099366557034422e-03
9.603554905880811593e-03
2.649769938812294133e-03
5.335854523367372128e-03
3.605017187233111250e-03
2.486878464285559309e-02
3.011018369928727262e-03
4.225849661814717884e-04
5.372592131853955524e-04
1.504994838327000303e-02
6.118970574930065846e-03
7.274593226116538025e-03
2.267434517164039140e-02
1.084627847867860109e-02
2.032785041094246903e-02
2.414342620325917593e-02
2.307628974263633073e-02
5.750583764299933842e-02
1.218722123981722319e-02
2.228118519787151280e-02
4.137218950017573955e-03
4.657003461448492102e-03
1.478118314180186521e-02
1.665071207116233798e-02
7.866940267628821232e-03
2.515918004839908656e-03
1.735108953365149462e-02
3.748137473197300264e-03
3.564237681069205854e-03
4.628641267038940618e-03
3.058342542872100490e-03
1.417508639383370300e-03
3.262298136558520415e-03
9.682829924942955996e-03
7.324611999740122253e-03
6.465677212156786466e-03
3.341727769956132771e-03
2.568447774719283955e-02
1.008032401250011367e-03
1.024538457222813614e-03
4.167324479563175657e-03
2.265034876887720219e-02
8.643700552189610697e-03
9.330788312020279422e-04
1.212618778563990737e-02
7.356464091125319155e-03
5.206586649197038341e-02
2.624475558179219931e-02
1.349053296222615245e-03
3.462689100982242058e-02
1.909743916624546956e-02
2.218593780444401073e-02
2.551743139847851161e-03
5.787221155266050396e-03
1.423891755572772103e-02
2.376911292327616582e-02
1.437048344519974846e-03
2.515918004839908656e-03
1.086253011186675069e-02
2.193353207147150097e-02
8.088080699167676108e-03
2.765279226594199828e-03
4.276129159651540293e-03
7.956853498620767781e-03
7.004845502949670621e-03
8.764343525104219615e-03
2.681352071836179407e-02
1.416397216209523170e-03
3.739058970343564145e-03
2.534203912512746418e-02
5.597238290516170188e-03
1.613182897661751686e-03
9.369056897933224909e-03
3.311328108007662724e-02
1.265928403409392194e-04
2.824737961550863145e-03
9.691176050586929741e-03
1.659387133499231649e-03
3.104519922961326145e-02
2.996242208681293255e-03
6.777306018369263010e-04
4.957300200164993509e-02
2.529719400666005300e-03
8.649359138356127463e-03
1.824943721949356945e-03
1.592823889107851387e-02
3.534495850043430781e-02
4.089404586387525298e-02
5.976940572525301504e-04
1.300085903244484198e-02
1.286890582851142432e-02
1.696185283896818607e-02
9.979733321097406656e-03
2.440870429181936450e-03
1.264190456744420862e-02
7.255425374573855682e-03
7.040189651423433941e-03
1.103285770076703996e-02
1.381922598232302943e-02
4.251201391337303299e-04
2.520875524435295650e-03
5.430778394572091661e-02
9.029236389114979333e-03
5.647686636836197344e-03
3.356159831782599013e-03
4.111972482586565003e-02
6.376172637614725604e-04
2.799009637087938179e-02
5.898419119356364433e-03
9.252905441618559934e-03
1.282011821543925512e-02
1.412246135405178637e-03
2.511887294189807038e-03
3.462024468689628431e-02
5.611697605078909412e-03
1.083711167469343824e-02
2.393017730546986854e-02
2.551551113304777879e-02
1.984697954122920105e-02
3.004167873393355503e-02
6.151147759568826711e-04
2.003880198473807078e-02
1.608036307408865564e-02
5.937509607364978292e-04
4.300307494135563804e-03
2.010601949794845952e-03
6.429401341438355406e-03
1.052176674225129005e-03
8.054991041619576769e-03
4.374349763147257660e-03
6.004528871056381834e-03
4.251201391337303299e-04
1.715575457205049600e-02
3.341443073995882529e-02
8.274785244841542653e-03
1.896688897954368737e-03
2.604225740502529030e-03
4.726643305803517048e-02
1.505641617628407196e-02
5.063057261534269909e-02
1.358257457053859557e-02
1.504152253474819005e-02
1.956702654048659423e-02
3.922147307783025588e-03
3.467468692762602951e-03
3.391350798710392883e-02
5.548175209405861383e-03
3.195812335304469565e-02
2.318262100606558948e-02
1.155734721206379961e-02
3.759478823305338613e-02
5.550685453673556702e-03
1.851251767603164997e-02
1.357884887554052303e-02
1.395692235735537280e-02
2.757879026447419314e-03
2.572044401370933778e-03
4.890435008745953882e-03
2.845104623708913285e-03
4.536963886911859686e-04
2.338814975614976477e-02
4.374349763147257660e-03
1.261701645392982601e-03
6.591343359798922802e-03
1.393422340523439371e-02
4.466439040716436992e-02
4.494560303455702455e-02
1.476066748331458789e-02
8.018444076414249716e-04
3.352861005180486631e-02
2.548961010298067889e-02
2.758895787612961753e-02
1.918149321873022228e-02
8.855463146503204583e-03
3.387497041302325873e-03
4.125087419975399447e-03
2.828695673470303651e-02
7.188308069473301268e-03
7.180589992033937878e-04
4.623287278493754676e-02
1.708871995893333773e-02
6.798437343459123178e-03
2.999163369368489096e-02
6.214864070159532329e-03
3.705726718248411600e-02
1.229799139874081931e-02
5.685048217022878672e-03
1.122681878564133623e-02
3.466229011366090719e-03
8.407958065064441780e-04
5.721565074525251926e-04
8.702695398241418884e-03
2.851221812817747447e-02
1.572105918414388320e-02
1.261701645392982601e-03
1.092551597998033322e-02
5.244917331460059035e-03
3.881687376919487620e-02
2.109855218808136604e-02
6.331607149618443883e-03
7.695993124319623971e-03
2.419713514913235039e-02
3.793194675270078475e-02
1.564412241188148367e-02
2.064560569986707839e-02
1.497972596521723876e-02
4.785789363258934580e-03
4.721998760847834209e-03
2.016830497701270486e-02
8.843036327193441043e-03
8.160294901496123205e-04
2.495554813719999890e-02
3.936458424957530594e-02
1.237867911541626689e-02
2.469751448524112880e-04
8.077393879292205439e-03
1.550603722690256647e-02
6.629152404148387634e-03
7.968049567013538170e-03
1.027431926036129380e-02
1.338119469139465150e-05
1.909205657694739138e-03
1.921222263248459697e-03
5.512909649439418774e-03
2.155708361228385675e-02
1.963769215913824251e-02
1.261701645392982601e-03
2.616396933966810140e-03
1.348022728317085916e-02
1.887310520502285746e-02
6.949313912949138528e-03
1.187201021858037830e-02
2.152951783270789544e-03
1.873316959959716449e-02
1.545527825262839501e-02
1.199919600550808721e-02
2.928029077421357915e-02
1.254594907014730532e-02
3.650769956891076681e-03
2.255174178535795937e-05
1.775030795454466195e-02
1.142087888541212619e-02
8.160294901496123205e-04
2.758223859650932655e-02
8.248765418748277289e-02
3.716037397063610449e-03
1.908362891300768686e-03
2.806536160182734538e-02
1.517763596300502130e-02
3.739307519472476193e-03
1.536839992641373526e-03
4.714774615794573888e-03
4.420274498302599782e-03
4.467625786007743509e-03
6.394035850873665966e-03
5.367397486928897690e-03
1.440471311921796491e-02
2.058193954590714636e-02
3.037323851351832540e-03
1.792404104977397480e-03
5.690714150670786974e-03
2.784817756615092822e-03
5.197410294985831299e-03
3.253228905495501866e-02
6.033374617798219035e-03
9.660866877111458709e-03
2.268800822287708480e-03
1.146236950455514769e-02
3.404823348011491030e-02
1.512941579946558771e-02
1.203791395278287074e-02
3.892555222903822370e-03
5.416617543324031558e-02
1.201434143598618595e-02
7.805601318461665578e-03
6.762041921216301044e-03
4.190290488469015223e-02
1.935388321738559531e-03
3.270746800154065125e-03
2.179333322706701603e-02
5.284255047668798451e-03
5.754882336410187260e-03
5.435662207458656116e-03
1.042816322864283107e-02
6.526654908613819389e-03
9.235849763172553767e-03
3.153731131700145476e-03
2.145133180051763885e-03
3.817798922119490426e-03
2.590599394025589267e-02
1.472211734509707923e-02
1.994542531514072528e-03
8.342108488737922517e-03
4.898794299309883887e-03
6.301114120057346030e-03
4.308853354525305629e-02
5.689562505230713607e-03
4.860615141332805256e-04
1.183604613723946222e-02
2.323669028267865908e-02
3.326255289131345438e-02
1.095796398074730567e-02
4.211942940257826229e-03
9.668708456092085790e-03
4.848655060810395934e-02
2.145013097929241233e-02
7.805601318461665578e-03
1.687171277525131158e-02
7.357845201423765698e-03
3.279918788168523225e-03
9.186323327636802816e-03
1.699067046567800943e-02
1.874821187734825728e-02
2.538673426606178306e-03
3.400207597818004010e-03
3.465166055588695532e-03
8.479619577424732033e-03
6.934575911034798062e-03
8.108114365088712333e-03
3.815373688612423101e-03
1.569763378535348614e-02
1.697640247419716919e-02
1.321486995662079014e-02
5.459910251812844124e-03
6.739257057699239717e-04
1.680855008590265848e-03
3.541746768971279144e-03
5.497466170912523181e-02
5.741364846775069003e-03
4.860615141332805256e-04
2.948588853136581422e-02
6.545465485433485386e-03
3.088933127141298488e-02
8.328327682145952524e-03
4.362646077056646192e-03
6.172820794641476622e-03
2.463319307520903806e-02
1.040523967745244152e-02
8.374628884037662799e-03
1.561801795595692613e-02
1.709218577142945783e-02
1.347055747691499120e-02
2.296979593015496118e-02
2.070969718121062203e-02
1.152943062434382340e-02
8.372249087619108160e-03
4.184249363683226024e-03
6.212909285156040240e-03
6.783863567172192244e-03
1.565191586604938734e-03
1.343319833636816632e-02
5.071073000805725872e-03
1.482151342217709333e-02
8.572268292400202216e-03
4.101079259023294663e-03
1.742314719672806433e-02
9.476206970512532357e-05
5.329222642385168275e-03
2.550635598238704983e-03
2.387780463853102567e-02
9.157791621340756819e-03
1.302325339475395721e-03
2.526994110249699416e-02
3.059882492205285090e-03
1.530012035223245193e-02
6.713976990817055977e-03
4.371801017216928216e-03
7.550964448352423183e-03
2.929227979477897967e-02
3.537531219726003893e-03
1.590640149967174899e-03
1.798493245747628116e-02
2.235600825351299892e-02
2.011156221921699475e-02
1.779067750353647073e-02
2.404855496144208543e-02
9.955849448228373810e-03
8.126757394713277766e-03
4.342234468807690956e-03
5.107456341142306913e-03
1.041260135011443447e-02
4.218757584086810231e-03
2.186416119896343602e-02
1.563340044575676352e-03
1.178986965030658432e-02
6.424876195635215864e-03
7.323612001883601959e-03
7.461244953396999058e-03
3.628117543941116255e-04
1.552866993276499040e-02
1.019364582522780394e-02
1.492552586002580083e-02
2.049980690392567625e-02
1.853911392399090405e-03
2.889111473451788648e-02
3.650305711461925354e-04
1.204556918334737624e-02
4.634571548230495379e-03
3.883015311584953229e-03
2.238171251794614930e-02
1.762885673708689677e-02
1.229569823805384821e-02
3.619618498605996562e-03
4.276012266092558273e-02
3.140531077868170817e-02
2.656581829030031303e-02
1.408199227910586493e-02
1.788889199208536229e-02
1.025516716504693004e-02
2.159706146794091591e-04
3.903686041751035316e-03
1.281470315504817416e-03
8.142140499761535075e-03
3.313017471482468390e-02
3.510424571810919631e-02
2.841291525502068205e-03
5.043952158982787856e-03
5.285587262594949702e-04
1.191969418388773251e-03
3.121006818354227219e-03
2.665564556573565835e-02
4.829333918418582394e-03
4.056776349121028746e-03
4.631912076733684692e-03
1.840224218614484181e-02
1.853911392399090405e-03
3.541764557722410639e-02
4.406962943869340704e-03
6.586292319414537022e-03
5.631157626423684108e-03
1.398384712413273251e-03
1.714636412027888829e-02
1.865254369206006263e-02
2.608221274963840389e-02
4.777216887644886341e-03
2.130706799493366221e-02
3.654717848198214825e-02
1.720814801273185327e-02
3.335380386863889823e-02
3.946511163321052285e-02
2.107011259654514683e-03
1.421757856482665228e-03
9.659244908758852013e-03
1.542182200923211330e-02
1.449813595524414300e-02
4.572800571689501770e-02
4.705307282070526897e-02
7.272232050020888475e-03
1.218573598307411132e-04
1.843749732689035740e-04
8.432545044792453658e-04
2.466647953621525693e-03
1.676953371788084818e-02
3.180337760031612393e-03
2.007839170791635153e-03
6.915847031281199125e-03
4.180347155761304778e-02
6.011051326182011850e-03
4.807099459305448630e-02
7.695190058671180951e-03
1.483701374882402668e-02
1.247429541592866460e-02
1.297751749499650043e-03
1.719848938075557374e-02
5.929980583659629802e-03
2.643478186202384214e-02
4.447875813869094086e-03
6.496286757676826215e-03
7.755229503829907944e-02
2.604506103975279263e-02
5.713872880078626343e-02
1.669678058469887399e-02
3.269158881697669609e-03
1.464263985410858837e-02
9.414899003952672402e-03
9.886576060456633841e-03
1.449813595524414300e-02
2.448009777390363836e-02
4.536518104390911688e-02
3.453859729134528891e-03
1.530730707928312870e-03
8.383842898237348074e-03
1.158142370263483267e-02
5.753816915029462062e-03
1.703061213527067713e-02
1.326430268598435651e-02
2.516910291837565206e-03
1.399528267130447506e-02
2.149502441316637757e-02
1.020059421926068979e-02
1.619483361017102704e-02
1.079195214661611557e-02
1.593175547716229462e-02
5.893032046885088998e-03
2.149591113911547904e-04
3.417241041714406957e-02
5.946732954830787499e-04
7.861370649958168352e-03
2.474127085829724848e-03
9.962557193615086126e-03
2.426895565671424726e-02
8.749803816459119504e-03
3.558440171661566426e-02
1.840639089085223390e-02
2.063994761436823561e-02
1.454327997974987421e-02
2.173348505955332091e-02
7.950347079921142590e-03
6.481453352106564259e-03
2.194391447741983817e-02
5.764856494877582810e-02
1.923996256534077050e-03
1.373374831513715644e-03
1.151933158418424336e-02
1.035377076101632807e-02
1.021008941178450438e-02
1.262009178666669180e-02
5.412969325568956457e-03
1.527013469361457321e-02
1.414457350151049689e-03
5.515574214545126974e-03
2.222786509879302527e-02
2.991692541212162548e-03
7.205129965840233533e-03
1.494829647947587027e-02
3.993566193038829322e-03
2.682308931880318138e-03
1.813066146879646970e-02
9.978490103507743625e-04
7.521508357213486755e-03
2.564277609608547025e-04
5.569690985322367505e-03
2.607070035450158654e-02
1.107672915256854157e-02
1.792431698850005875e-02
5.521922789277308730e-03
1.388218772357669925e-02
2.132321336204399259e-02
3.108066632968593812e-02
5.182943487806526695e-04
6.940089567970219447e-03
2.096368356814744260e-02
3.539931142464521063e-02
1.034190317958255147e-03
9.988768288687792721e-04
1.095120366875522791e-03
2.488159977496691433e-03
1.743783800024563749e-02
1.589519978400388833e-02
7.716632705824520537e-03
9.369267721505012553e-03
3.435538815851583473e-03
1.373352086748618264e-03
8.596130474346166950e-03
8.188273213220281094e-03
1.535461222624863106e-03
1.435558739117811546e-02
1.070035164206362480e-02
1.168442831982434774e-02
2.392702887040530288e-02
3.047455675584349009e-03
7.092815810396486606e-03
2.389808954688607025e-03
3.207751540003344996e-03
1.232068422688334733e-02
1.809728871370271108e-02
1.672501437370813027e-02
2.627574918082145605e-03
8.484133870617629677e-03
2.732670479212975095e-02
6.296757707723643627e-03
1.073714391327564022e-04
6.263728091227108857e-03
2.112894908080356279e-02
2.094550309269659419e-02
2.715594247089288260e-04
8.579541839485064353e-03
1.310479002816956548e-03
2.846588324383062668e-03
2.010801914780557809e-02
2.298614402122053577e-02
7.419378197955314377e-03
8.220314811378392691e-03
1.860456610509450635e-03
1.360426832704465794e-04
2.435262581340050247e-02
3.547558550235785021e-03
2.665386405715144263e-04
4.521858855174948344e-03
1.771504768332389165e-02
4.002932266584194668e-03
2.306533917962864597e-02
1.040039686645231366e-02
6.656562242100638564e-03
1.918829464877563895e-03
1.274546693379844092e-03
2.101174604980627150e-02
1.914667485678397951e-02
3.891132097485695135e-03
2.023684023990262888e-03
6.274849011836645257e-03
2.660094604324042891e-02
1.447141891454185089e-03
8.417048800112987257e-04
5.648838594196077534e-03
2.827016300303182572e-02
4.706259548134990311e-02
4.750616652229132722e-03
3.496146481894054931e-03
3.151348586017845357e-03
6.923751127469699417e-03
3.728344649705755964e-03
1.321750008863984555e-02
1.416920680532261258e-02
8.749299108414106130e-03
7.540503407864525623e-03
1.044684949038222552e-02
2.024007530322476101e-02
1.764816257539269378e-02
1.224908195268440032e-02
1.526253254558314863e-02
1.771504768332389165e-02
1.816181802247145496e-03
1.814912479945808912e-02
5.097721450988175126e-03
1.758922158468226304e-02
9.772305898599342733e-04
1.243791281985087791e-03
1.847795037944384433e-02
1.914369351787325105e-02
1.640391337280557374e-02
1.096763609382101629e-02
7.440850737863597200e-03
5.247167847029463039e-02
1.502292538455874890e-02
5.021453261436532520e-03
1.177986720924854500e-02
2.294300781190085348e-02
2.555870164117874516e-02
2.203751193244280621e-02
4.992382516415183255e-03
3.199077208698379582e-03
5.095076747930447209e-03
3.012481071797678493e-03
1.797382327164363802e-02
4.531609424508730062e-03
1.279388949200472442e-02
2.881685998129969450e-03
6.081958065240679334e-03
1.596954329235816816e-02
1.613639618530688866e-02
2.228941532307952833e-02
1.042706349264435270e-02
1.647791121511235982e-03
5.387577375824476739e-03
1.217394020815981172e-02
1.550305817874546169e-03
9.084337083475779728e-03
8.179752694202901964e-04
4.115617153135818496e-03
2.482259331660008339e-02
1.622692851582722973e-03
1.829528255808239232e-02
7.120986520184668933e-03
1.062080245473854753e-02
3.116621629426414436e-02
4.694328873604609875e-03
3.763077869577595783e-04
3.073289319587590648e-03
1.120330117383670256e-02
1.793390608887478546e-02
1.257425366741336467e-02
8.695133321019773986e-03
3.708998204197102612e-03
4.172147212914207280e-03
3.012481071797678493e-03
8.195711920957599733e-03
1.272535371573331117e-02
2.127719088228417071e-02
4.086198302568788687e-03
4.111459744395784197e-03
1.241568977168439926e-02
2.049204256332998186e-02
2.296891626241934908e-02
9.284901888876250300e-03
5.559657630633766529e-03
2.339786622443471280e-03
2.805253662725292613e-02
3.513260366976408283e-03
7.198728252384918244e-03
2.868431477300395667e-03
4.562087581261304974e-03
9.098600204206755762e-03
1.253662456821375178e-02
1.703927360084210932e-02
6.765706876953284966e-03
5.864200468509600875e-03
3.424823785501245055e-02
5.075139970115089168e-03
9.843455231408684836e-04
2.082592301523793210e-03
6.108583694959727681e-03
1.206021417587980690e-02
1.942104661375163022e-03
9.840504963048689324e-03
8.628707358572372532e-03
1.032773197743177412e-02
1.196333807362623750e-03
7.249850336621347507e-03
3.765476525785108747e-02
2.512985165565658971e-02
3.199859052717873853e-02
6.772317310295239076e-03
1.216698768305344951e-02
1.042997448374751238e-02
3.723374098546642415e-03
6.289885906682494976e-03
2.076756792618933770e-02
4.451027171226529244e-03
5.160331453897601395e-02
1.161311006583448137e-03
1.682201060916552193e-02
2.298065767352686778e-02
5.877259817098721278e-04
1.732987932650724774e-02
4.399621755976127618e-02
1.247146472811192647e-02
6.101644495215137812e-03
2.935529859555433864e-03
5.215402534665723733e-02
5.475359905496719228e-03
2.851417833802549328e-03
1.357805136695651102e-02
2.160530362616892158e-03
2.593008913634355095e-02
1.593750115059364061e-03
3.457519103257455147e-03
8.696014974827050853e-03
3.524405012575900810e-03
9.752646058151823866e-03
5.187840251426150719e-03
1.021673925422801957e-02
3.129420563436123570e-02
7.217500846737444006e-03
1.238185125732352287e-02
9.328176258998829851e-04
2.022878801640246027e-03
5.693509700603574530e-03
2.026890234829213655e-02
3.869206913505798817e-04
7.865054197317066995e-04
1.616833593180998230e-02
1.834730226710782654e-03
1.447623380671285431e-02
1.824212963580167796e-02
5.029831256836720527e-03
1.188511373193679166e-02
6.756486638293657254e-02
1.109376789279054552e-02
2.297364970957686305e-03
1.402062142962116897e-03
3.900349997725657131e-02
3.716990219335948586e-03
3.307305487449413266e-03
4.987178871685408847e-03
4.541742748852667030e-03
3.133879403216498910e-02
1.260210876209967405e-02
6.964620423668713318e-03
9.897180914447443328e-03
7.352969404086445726e-03
5.802269025023534116e-03
1.080886975726199489e-02
1.628031577089270737e-04
2.093154660172747566e-02
9.162779420643828165e-03
6.928921947477634756e-03
9.011372160588011554e-04
9.211687028653156323e-04
1.182886277804092931e-02
1.438536626846410177e-02
1.274804344973403183e-03
7.865054197317066995e-04
9.166492365155619326e-03
7.814712797123261195e-03
9.475058931407709384e-03
7.068452722959210968e-03
5.103779962423671268e-03
1.081546456617262994e-02
3.980478615008971321e-02
8.488682834459596038e-03
2.281502974484221971e-03
9.435906272206393691e-04
6.396561286167824767e-02
8.465206439371587149e-04
3.781378143343522985e-03
3.346312486243695206e-03
4.286267972601088823e-04
2.469616059720268139e-02
1.055016667966316747e-02
5.300465684732583865e-03
1.019207323155072245e-02
4.372878025630188258e-04
6.352744002362995662e-03
1.415625410355015289e-02
1.551806940845315368e-04
1.207466818529813468e-02
9.792248741097376100e-03
4.465462098122922885e-03
6.580948693999149474e-03
3.453456642874881515e-03
7.252392179756966990e-03
1.934948912968970439e-02
9.316021737032498251e-05
1.738026711512576875e-03
7.435135296856028309e-03
8.645860692488762517e-03
8.846697386033145274e-03
6.793785376007031168e-04
3.660555061026988383e-03
1.458638893482225134e-02
2.991779018108061891e-02
1.294191483604462817e-02
1.154560455778060263e-03
1.715485112219274771e-03
6.762273391732699646e-02
8.302064034827247698e-04
1.358771616883524755e-02
1.034751792126399617e-04
4.286267972601088823e-04
2.938691268106681173e-02
4.029226876223487332e-03
1.393513334926519548e-02
2.359753085672922773e-02
3.908877943026569865e-04
1.139487917617842266e-02
8.687587057249323425e-03
1.551806940845315368e-04
8.636935114877196396e-03
7.994401081209898119e-04
1.542328209190611593e-03
3.004339319477613603e-03
6.365675988729703472e-03
3.979644082154483800e-03
1.812849346830967823e-02
2.062806939935758060e-04
3.136037628258088288e-03
1.218405312323879094e-02
9.917779063449087829e-03
2.099386584126475015e-03
4.524491987680118524e-03
1.176347444588035640e-02
1.446193391352339208e-02
3.388244656628957435e-02
9.544112320880763362e-03
2.245770262538766566e-03
2.141596654491591950e-03
2.422460763140921874e-02
3.567698104794792859e-03
2.081274749603331808e-02
6.943601241912122912e-03
1.396425067916038862e-03
3.058684286415557646e-02
4.123584435359066956e-03
8.981500024074787203e-03
2.481363747166924483e-02
4.015001399356955738e-04
3.973327447184068009e-03
1.003050935499870053e-02
8.938862336374795749e-04
2.096809707963028999e-02
2.816772158952969216e-03
3.781632925125849674e-03
1.496885406498066427e-03
4.117893409241396921e-03
3.766291679329803951e-03
8.352546432352815631e-03
3.596235288201104184e-03
2.327730727253417287e-05
1.448580602870015721e-02
2.188236598906159128e-03
5.928848367396223271e-03
5.657709068016830364e-03
1.591716216891820093e-02
2.135458462523952966e-03
2.833341800995046317e-02
3.111820455671155186e-02
1.623336047333725010e-04
2.109963333848038480e-03
2.907585349673048880e-02
1.594116090607169273e-02
1.559029864027488763e-02
7.618356760355065975e-03
1.067323899523736977e-03
1.084232080335553391e-02
2.963341678003128012e-03
1.360231757156537755e-02
5.800060633913737412e-02
3.274752023100717217e-03
3.774829039313866777e-03
2.205757753140965421e-04
3.126468573112421538e-04
2.763310614092191406e-02
7.088210558088581595e-03
1.906267784652995040e-03
1.510752398299457840e-03
1.731420574777883283e-03
3.522866469673965883e-03
1.081582229919022392e-02
5.076765030806847101e-03
1.636894564871747533e-03
6.470443888289534144e-03
2.177646516539691324e-03
7.084876188069487435e-03
1.092720516828216311e-02
1.046993136960445124e-02
1.406837781807218548e-03
3.187529762167622127e-02
2.368534909099378333e-02
8.705887113239219044e-04
1.611752490723305023e-03
2.570509172913568174e-02
7.148616679910090033e-03
3.231563363839125291e-03
6.501551347128327329e-03
1.111536418021764764e-03
6.759817381274381420e-03
3.930154417585663904e-03
5.427717754053002636e-03
3.990886515040820148e-02
7.597399202671187464e-03
1.357543580423923452e-03
2.202588588555417191e-03
1.288542548022967443e-02
3.135659418044997593e-02
4.391420051431220439e-03
2.163720274294264872e-03
4.101427996066860440e-04
9.438531930472402257e-04
5.177332570322402787e-03
3.017097904830868052e-02
8.473532868230304257e-03
2.737544163753162681e-03
2.609613796825402746e-03
6.068157045997875018e-04
7.084876188069487435e-03
6.958677784103264007e-03
5.058697043090121769e-03
1.264139907055037912e-03
7.737672380454778051e-03
1.302785032389926906e-02
5.112928104292993603e-03
3.432888248062395103e-03
2.621716222578383132e-02
2.270711400341255196e-02
4.936226485649378506e-04
2.409118076602895491e-03
5.344026571332811774e-03
1.243329275735411549e-03
1.013190741384660878e-04
2.391468512094273996e-03
6.735640118598342288e-03
4.736949318989459694e-03
4.301326750588483142e-03
7.109399312195438525e-03
1.080255615010070405e-02
2.213841512974123668e-02
7.462394825177650834e-03
4.091096827999066675e-03
1.134300254167604476e-03
7.071011807390824647e-03
2.376046290009280193e-03
2.189236464025079432e-02
4.435574626893983192e-03
5.670925731264016625e-03
5.690131977461205040e-03
3.863214735648318968e-04
9.506472728688916685e-03
9.176667421009140208e-03
1.873927969796664733e-02
2.740707928430216600e-04
1.021417599195835295e-02
3.574448777146051540e-03
4.710804916023468743e-03
2.231345185983334232e-03
1.511366486662633901e-02
1.717201559564727337e-02
7.003278722733369613e-03
9.111341380476329710e-04
2.406197602538985222e-02
3.240160928485809680e-03
9.540057036350295394e-04
5.040493985210153967e-03
2.336963078540587289e-03
5.551705297750559112e-03
1.599164238135690475e-02
4.437785236736318563e-03
1.652798304676782182e-02
1.187634191930547062e-02
2.991731778507851578e-03
1.150158580494800922e-02
1.134300254167604476e-03
2.936857805798113313e-03
1.766779960812040612e-03
1.926568036897231828e-02
1.099085403732643143e-02
4.581120155430528848e-03
3.554306799484043336e-03
1.173818631563786595e-03
1.297409882244912258e-02
1.089756843023120120e-02
1.707639609831610589e-02
4.157469748206738328e-03
1.012803429437691971e-02
8.921244512945359847e-03
9.112382836124248431e-03
6.531648912842646232e-03
2.101883234146806334e-02
1.333029139222870370e-02
3.164468865266352633e-04
1.029735635288695460e-02
3.262554331144783271e-02
9.800852832968094328e-03
9.424771056435372191e-03
7.411770738466902896e-03
1.132958931809863873e-02
1.658981257816015409e-02
1.330008086131052349e-02
4.065625254419608439e-03
1.333569245413281264e-02
2.560817672692246999e-02
4.076793449407437042e-04
6.059602115030263830e-03
2.716868259464117613e-03
4.075257987170514268e-03
4.720081927156415114e-03
1.865282824060891451e-02
1.186327502152091824e-02
4.459869948088573781e-03
1.134264577534601151e-02
3.617894780359504417e-03
1.369124631077638272e-02
6.025684988276876035e-03
9.827044748255738676e-03
7.920975422563805365e-03
8.276889952210826629e-05
3.345997688732209145e-03
1.319835945489392787e-02
1.539476221043860338e-02
1.608818757056095991e-02
2.479032481585776576e-02
2.296827169723173259e-02
8.231839146479433961e-03
2.871864105839784000e-03
1.615296823623236892e-03
5.586630484134429142e-03
1.345512117712450778e-03
1.173499952724728693e-02
1.794464044970732475e-02
1.002496390500901176e-02
3.469037654789320756e-03
1.229741620342978715e-02
1.733992162146657384e-02
9.351673118093430451e-03
1.248879519235854621e-02
3.848080181968040279e-03
2.966493706387362400e-04
7.369852513249259586e-03
2.572149604788680904e-02
1.251035532431714337e-03
1.909113073486815720e-02
7.532066972369511754e-03
4.341788127861906030e-03
1.212842586552384527e-02
8.748706518934721774e-03
2.139889704294392625e-02
9.977458177178466156e-03
8.276889952210826629e-05
7.205679799157184429e-03
6.101168853036319228e-03
5.740199249072042154e-03
3.496768020306360164e-02
5.245934783434496804e-03
4.024924295888467757e-02
5.227333629149460634e-03
6.258700288927698460e-03
1.316871421921290931e-03
2.292576994920209749e-03
1.959344667037498169e-03
4.462072338346208342e-04
6.166865234944599039e-03
3.618868405704561871e-03
1.216829588375441772e-02
6.639214102703042304e-03
7.706717012311545094e-03
1.310043465191449569e-02
1.447918771718880934e-02
6.029743048584362830e-04
2.427188848058871654e-03
1.001287293668159939e-02
2.429914729294363127e-02
1.251035532431714337e-03
1.909113073486815720e-02
3.306182666912974456e-03
3.867351407321598968e-03
8.823268162136299608e-03
4.601449797383529508e-03
6.273511216206097141e-03
9.455507880348112265e-03
6.380457159276225858e-05
2.828137138189386682e-04
5.845831138232280774e-03
7.387208304386353938e-04
1.310447956340579125e-02
3.605848011797898635e-03
3.864464797458866396e-02
3.504996704315800800e-03
2.987473355560059732e-03
1.780312428457173426e-03
2.259480771637561915e-03
1.547177833896690256e-03
1.647708559545442864e-03
1.665231086306308977e-03
2.068257921407581738e-03
1.246132477112233197e-02
1.830715950865129116e-02
3.044044923216861556e-03
1.039517992644230227e-02
1.340955974573732751e-02
3.156721694725711340e-03
5.011498930212395474e-03
1.178662692374412430e-02
1.169577928997630328e-02
5.150001673534652068e-03
3.475995506830840270e-02
6.985719153503473430e-03
3.705590121285867559e-03
1.759598857144796524e-02
3.239037007432013504e-03
8.650015813371596252e-03
4.782639616839022556e-03
3.390688812877971740e-03
3.626749691983711943e-04
1.352771364182722008e-02
1.530047823792695608e-03
1.310475954141708532e-02
4.146394457465330668e-03
1.286354681737268864e-02
3.419579430515578763e-03
2.155369538575854782e-04
4.587701526083281557e-03
3.311151457394733225e-03
1.463516193561566290e-03
6.190334278584458047e-03
5.260848979365155206e-03
2.079340979940574700e-03
1.997824724398196417e-02
7.988299167405746304e-03
1.064998111240002612e-03
3.558809667778156660e-02
9.138445956292843772e-03
1.676357656245775016e-03
1.600232252706601521e-02
1.282299579311764123e-02
8.815330964104760997e-03
6.544245535875610129e-04
3.578489068805769391e-02
2.443598047915940263e-05
8.908971738593920303e-03
1.345539645816645757e-02
3.318203954673406772e-03
4.225294569848923355e-03
9.813743339352472977e-03
6.091754250245173113e-03
2.818481470190611123e-03
1.293972628526589459e-02
1.118786896575463263e-02
4.992095318406915630e-03
3.937107801529653173e-02
1.226436623713299083e-02
3.434212422443454638e-03
2.979754065488650783e-03
6.488690941992438996e-03
6.744441843498458905e-04
7.600515966938621581e-04
4.968819230115132865e-03
2.313402972608812058e-03
1.585086093908858428e-03
1.022565981958165407e-02
1.021170145014022382e-02
3.366992038475158031e-03
1.855669645946147681e-02
9.646914490959427116e-03
2.378135039345213690e-03
1.935863626463630444e-02
1.291308572375202655e-02
9.347603135298780327e-03
3.113642297092522691e-03
3.802614502956192660e-02
4.041425282365590510e-03
1.639207732133261819e-02
1.345250682411759137e-02
4.673523449275158483e-03
6.895257298895966259e-03
1.624520736280840941e-03
6.580683398531460802e-03
7.245116074754693984e-03
7.273500019852708470e-03
9.177989361955705971e-03
9.655026535709858998e-03
7.213729589551733275e-03
1.276472602102986242e-02
2.643957125357879190e-05
2.037564379223815499e-03
2.985598823883249542e-02
3.597660907917626417e-03
3.206151204186040438e-03
1.392848331104381936e-02
1.629518264091377178e-03
4.575125661062363902e-03
5.967289253295757212e-02
7.034777004302215572e-03
1.144465296509070661e-03
5.185497966919793214e-03
1.305313749720151545e-02
1.000822861583182052e-02
1.209530600949431170e-02
1.802814867409546426e-02
1.081541130177629019e-02
7.834729384345189701e-03
1.611982235163041122e-02
1.257649898489775642e-03
3.837227519122297145e-03
1.418802474043304000e-02
4.294255963170640761e-03
6.761825109467618083e-03
9.888061091465685792e-04
6.580683398531460802e-03
7.245116074754693984e-03
1.921167423715687203e-02
6.260630766578803574e-03
8.598314851234953315e-05
1.326432871132603164e-02
5.367533876724073401e-03
5.170973441134740431e-03
6.040740117450368180e-04
1.581560260247731955e-02
8.824776797025576935e-04
5.480577592865786343e-03
1.209533576920508724e-02
7.741380943808443688e-03
1.749864739923643470e-03
3.317471116629702732e-02
9.345163586624849472e-03
9.166797450571121178e-03
3.769100436975595953e-03
1.221253971350018050e-02
5.164868746987273662e-03
5.264695542748663512e-03
1.125489506817136179e-02
6.863853804224035945e-03
7.129855547247421037e-03
1.148000738854101574e-02
2.445824413995698488e-03
1.093223861184519901e-03
1.160393414953006519e-02
2.518213540460175794e-03
3.325251621832486099e-03
7.737952685039290249e-04
5.873805643239518245e-03
1.093866286720085804e-02
8.828133687552768352e-03
6.115080779115406907e-03
7.182156763569408527e-03
2.372822235130507551e-02
2.901234871729545250e-04
1.765924530296357486e-03
6.795362978385351138e-03
1.553037932941077857e-02
1.376345590654547320e-02
3.851019713719250163e-03
1.564406074964067722e-02
5.119123597458023756e-03
1.510629014462828816e-03
3.002151465926078747e-02
5.522859769837093133e-03
5.660841770563133056e-03
9.395635589695458534e-03
1.023099508113233837e-02
6.241539052682378366e-03
7.754612260674626119e-03
1.624113540831511465e-03
2.686023018518739550e-04
6.710206654072236286e-03
1.397962519868957768e-02
3.773166540536289880e-03
7.440628211819488511e-03
5.719613015239441781e-03
6.402290522144547802e-03
2.210608118113188691e-03
1.357721186684006029e-03
8.467719698062939337e-03
9.844674657616531849e-03
1.023133989292982632e-02
6.225231701793801364e-03
1.948767000741780456e-02
2.242503921802676756e-02
2.314857427284162938e-03
6.335433331482148277e-04
7.606998333425221692e-03
9.125764805927619530e-03
2.164454269837837522e-02
3.822051432053211704e-03
6.565150500058299955e-03
2.879235035946546475e-03
2.817171134098244920e-03
2.049011131425547416e-02
4.683824196991467903e-03
2.635674178536899850e-03
3.065966529699029261e-03
1.786195492902832929e-02
1.957453981486579134e-03
1.480403559595810936e-02
5.210866464496430664e-03
3.220718916617390949e-03
7.042661388186498110e-03
2.251113880161659947e-02
3.652382320161734388e-03
1.151523769289971091e-02
7.635125794828306889e-04
7.021275237906516968e-03
2.210608118113188691e-03
1.144379387564081144e-03
4.846637836739910860e-03
9.291588334579837724e-03
1.233450755789490538e-02
5.739519743197198445e-03
3.369433733456067559e-02
2.477880008058640920e-02
2.621963467691674175e-03
3.363116103262657301e-03
1.025940615190725803e-02
6.340416650492692457e-03
2.569234435668318189e-02
4.405488056955800258e-03
2.337871664549626312e-03
6.203079770307148161e-03
3.887474159924455327e-03
9.186250596015096623e-03
3.652677223243196505e-03
3.044511262972928334e-03
1.154125260700526387e-02
1.413554455743927171e-02
5.729232140312917436e-03
1.095698087412584273e-02
3.515302802975356009e-03
1.044245220265106223e-02
4.154580665372839023e-03
4.257616657689327136e-03
1.289957099543768623e-03
1.317579162920326161e-02
5.641453118687538015e-02
6.202419672883187352e-03
2.609926876362701417e-03
3.517245015611618342e-03
2.231855650771027814e-03
8.823825709433377046e-03
1.074150593238547800e-02
1.040332654042132668e-02
4.145420799543844681e-02
4.897838531963179948e-03
3.812702770762532202e-03
3.789640065871703427e-03
1.539425965879284014e-02
1.634708274990288174e-02
3.034233019348692856e-02
9.845273789153580896e-03
2.000404178557135880e-04
1.206235740956142916e-02
1.063150767760841740e-02
6.745904608851889528e-03
5.175069469573723678e-04
6.860976557352804067e-04
9.002609141056883146e-03
1.335223676995777459e-02
3.513561745272465384e-03
1.849692442502778346e-03
1.170330644076780086e-02
5.826686028177121418e-03
2.025431966777391929e-03
1.006929911367313024e-02
6.854597872964514511e-03
4.839659916300789212e-03
3.818069855877328361e-02
6.955153297109425981e-03
5.782449189172866877e-03
9.099654491590513511e-03
2.618402249912906050e-03
1.115367321650507799e-03
1.189377945022860802e-02
2.315467041775645315e-02
2.953192996644198737e-02
6.078916624883915626e-03
1.267864803029782050e-04
2.051012755081658284e-04
3.437582143801923285e-03
8.994780720871099755e-03
1.763211239013159209e-02
1.175103244416171241e-02
2.000404178557135880e-04
5.261556565256316625e-02
8.226548664268931721e-03
2.361804958518507955e-03
2.723870300456402577e-04
3.964266227034948277e-03
7.338753823000105508e-03
2.416310039079661368e-02
8.407494515531879070e-03
1.890260652019293535e-03
1.741022475757449117e-03
4.428537534180669068e-03
2.150251940736785071e-03
2.437004235464549501e-02
4.296551271431862246e-03
6.470057097393292628e-03
1.203673883606557957e-02
3.261723979425430742e-04
3.096993318834322800e-03
1.443029008329700311e-02
1.510196633199961669e-02
1.557732728886328938e-03
3.308190072424953970e-02
1.017069075230498873e-02
1.769950819169346934e-02
5.507366026245692769e-03
4.135843313675908323e-03
4.169942026309444473e-03
4.026234965158808840e-03
8.839256422097468285e-03
1.848099243986069812e-02
9.899448597430160826e-03
3.544562086090823072e-03
1.526490019952619903e-02
1.180798661954478648e-02
6.837313542440354164e-03
4.118283419906204786e-03
5.378195855651988176e-03
6.037967269381836269e-03
4.073821226886518987e-02
3.381992612515413721e-03
1.802220746011851463e-03
2.075268270281399596e-03
5.830167826596165462e-03
3.653333954621757439e-03
2.155571780415966796e-02
4.869400878285237363e-03
9.447744265868848745e-03
4.581129946102180731e-03
1.464558444475984843e-02
2.756141965276855121e-03
1.443029008329700311e-02
1.601592987616972177e-02
5.614838754388652708e-04
3.394819570273645976e-02
1.261485565299600440e-03
1.027463106465062968e-02
4.959061774664301307e-03
6.086122570413122351e-03
6.027628106553717391e-03
3.059827971512708161e-03
4.465144150043686561e-03
1.092220308027255088e-02
5.924571250480369089e-03
5.516982911360929567e-03
7.522044071985908853e-03
6.130110148691203693e-03
1.247943578227527980e-02
1.838980093466077367e-04
7.672154258855174748e-03
1.003523160319355623e-02
5.760899314998921272e-02
4.987063899395037525e-03
1.078527612569673069e-03
1.232560167702049028e-03
3.656945583178381007e-03
3.433193589001214303e-03
2.736088240489487067e-04
1.686223461153215156e-02
2.286651111752678080e-03
2.800501207801266157e-03
1.949236943223751212e-02
7.433062541939644899e-03
4.262032564336147578e-02
2.890972665418221899e-02
9.243284897739565895e-03
1.596820058623239086e-02
2.068085344955557063e-03
9.257415494923645211e-03
5.732990022325994660e-03
1.849841464476577714e-03
5.360356201712112439e-03
7.431505363324419737e-03
4.569209612492578648e-03
1.258656751293451767e-02
3.671772507306128325e-03
1.732154169350767076e-02
1.301309118803033182e-02
4.246169956618229234e-03
1.710121973720321945e-02
2.988457440039130053e-04
5.313504930516877237e-03
5.752471866891831209e-02
4.244811869051463155e-02
2.894569626027172424e-03
1.390145804502930169e-03
1.315447938809478912e-03
4.186680022327724654e-03
3.250282783144586678e-03
1.478877818387389076e-03
1.659272219803421475e-02
4.213496947624370201e-03
2.853872130249526795e-03
1.219455340440897019e-02
7.682144257266968271e-03
1.362361905135998918e-02
2.089493450305533045e-02
1.270319229998242462e-02
1.180101151495011047e-02
2.129480017217023381e-03
8.726064172776094169e-03
2.385745574911260491e-02
1.849841464476577714e-03
1.862529045688124038e-02
1.956586628911956630e-02
2.992180046952504051e-03
2.037823278932116705e-02
4.925185694726952508e-03
1.470986962699113304e-02
1.240455297514125692e-02
1.191959735569970980e-02
2.314814225695895761e-02
7.128158762375660755e-03
3.791850749413637738e-03
5.830631722617519996e-02
5.969206381325304483e-02
1.856320417524745959e-03
1.117403442790890732e-02
1.260565822442417591e-02
6.547401234267977849e-03
1.224056666995925781e-02
1.297165889508867034e-02
2.067041384132134105e-02
5.621598501219673624e-03
2.786819084781093012e-03
3.313048340606368491e-03
9.200839274495248299e-03
3.810759906650709739e-03
1.974911351150063915e-02
1.814539672181121610e-02
2.008511905275807766e-02
3.264493757889880884e-03
7.375337231614862744e-03
2.419975662982121190e-02
2.265358643142607181e-03
1.992587620706219240e-02
2.093118326212873442e-02
1.564980150263408157e-03
4.686643098771282184e-02
5.933618045839408536e-03
2.075969431763751913e-02
4.818747323994580258e-03
1.647955405509875931e-02
2.484640332807012270e-02
7.416256128832355785e-05
2.763206470438849590e-03
5.214577827638487706e-02
4.713595407454349712e-02
5.302458483850958776e-03
1.167778844499059616e-02
1.010155350725504969e-02
3.350108886893014837e-03
3.801261510177581394e-03
2.902504061966365394e-03
1.104904883263049808e-03
7.965319761480174274e-03
1.187681901937572872e-02
3.518416832365411310e-03
4.819935122090307500e-03
2.307065180493420020e-02
1.646350035290212316e-02
1.941759987727435799e-03
5.562943174603752344e-03
4.252598703680705514e-03
6.774241922179589925e-03
3.097145968497690832e-02
1.616178934728469685e-02
1.697477587954460132e-02
9.980284152362326605e-03
3.185470913227277795e-04
3.668939941834263585e-02
2.427553157763294445e-04
2.665109033432698504e-02
7.786099055020888338e-03
1.248091032755680764e-03
3.304757708828759410e-02
7.416256128832355785e-05
5.383182255062016891e-04
2.911754291365704211e-02
2.169359355650075580e-02
3.550057926182700538e-03
1.015907222705631288e-02
1.371578772421937729e-02
2.329695614239082023e-03
1.034429674183022854e-02
7.088743710485746405e-04
1.121811635430532096e-03
7.127331799664304163e-03
1.132626699129198750e-02
1.137148445713741240e-03
7.713527748319473631e-03
3.118186397979877053e-02
2.513343470022201889e-02
1.334809494005938582e-02
7.604517164783849634e-03
1.852333914926283451e-02
4.169541049688509950e-03
1.773076201128660767e-02
3.733284559446586187e-03
1.031163434830965203e-02
1.004858026534784753e-02
2.264972198009515547e-03
3.291588529618977993e-02
3.478271597768399677e-04
2.256724322133336902e-02
1.320684121695071128e-02
3.669649790563177943e-03
3.646299008501215771e-02
1.848268006117674903e-02
8.793898031798294546e-04
2.812718944595419407e-02
1.310185769747399497e-02
7.580905442715118667e-04
4.708368757113715573e-03
8.652263902858441103e-03
4.033184110803711420e-02
2.339068676111417423e-03
2.144492312020872260e-04
1.157338262657476094e-02
2.233510573390933007e-02
2.529227317251724408e-02
4.133623128753246244e-04
1.199209521905848091e-03
2.526454714498354084e-02
7.289918245503755612e-03
1.287127313824296300e-03
2.562483402870776618e-03
9.629959288616787155e-03
1.131882327744101850e-02
7.490390725472239990e-03
6.151819488034275529e-04
4.059441055739299031e-03
1.403753986755659766e-02
1.432889504982397602e-02
2.098543854322684407e-02
7.356714181423624696e-03
3.359436878869701687e-02
1.853247954860966565e-02
6.573557196276743828e-03
2.802892171624767753e-02
1.526912144842143548e-02
3.283799472041090683e-03
3.779282466205861196e-02
5.698972739944989027e-03
4.859196191548881272e-02
1.115708217063064549e-02
8.190568515348800593e-03
1.719363362810518922e-02
3.858093004986138611e-03
7.592311709673314063e-04
2.602249561231433778e-03
3.638477911416863886e-02
2.054638012616631301e-02
9.979796492293191434e-05
3.436301059227864912e-03
1.547528589840688890e-02
7.314950968634582884e-03
7.790304510993610772e-03
2.387264091014185390e-03
2.323538881212511373e-03
1.799839719986964705e-04
1.092066835610436271e-02
3.855874349091758559e-03
5.217346643442657972e-03
3.029771690565506714e-02
1.619265154884420160e-02
3.723277264423779931e-02
5.134972713503686489e-03
6.294994765679773341e-02
2.223626344346940620e-02
9.647778641380527764e-04
1.368725596244406428e-02
2.498888790659922060e-02
3.024632451800568500e-03
3.593443485587181907e-02
1.462357080858004907e-02
2.705588730212548504e-02
1.021287365118016266e-02
8.874785788085492316e-03
2.169933719733210462e-02
4.413386459565786513e-03
1.479903782135871555e-03
5.212048119157852363e-03
2.565027860107814070e-02
1.009192283618804906e-02
3.922490182920904817e-03
7.419750836388345865e-03
1.547528589840688890e-02
1.255002559746260307e-02
1.438538921340600657e-03
1.986375564004885623e-03
1.360205487867014590e-02
7.806266016281847471e-03
1.704837634157766249e-02
1.155989722713479488e-02
1.891083567157273229e-02
3.855226955261116528e-02
1.679211953033560994e-02
2.645100364486036026e-02
8.520436432514197356e-03
3.148175643521619604e-02
1.988409719603255466e-02
2.733391675010301072e-03
9.012904588348302770e-03
2.342242027400581045e-02
7.009496607535831147e-05
3.389716983944771056e-02
9.258002116252590438e-03
1.027996348480995567e-02
1.028034591184477653e-02
5.475574359852223086e-03
8.415894285179671697e-03
3.753395323791153260e-04
1.591417484668974924e-02
1.930526346140751248e-02
5.127848918652413990e-02
3.019332235972581324e-02
3.594358954340279300e-03
4.538331307538019839e-03
2.569695500678501748e-02
3.929105702531184713e-03
2.258519398819019107e-03
1.070651601792552143e-03
4.108973927696438037e-03
1.346256788254527725e-03
1.548364822267548138e-02
1.977297508279299981e-03
2.405318747374046370e-02
1.868143512054853614e-02
2.509384475945805257e-02
8.926418615430661493e-03
9.972336354037847697e-03
1.856418059279518057e-02
3.351253556407612910e-03
7.612063828539766819e-03
8.639338354577360407e-03
1.756840279924116316e-02
1.162219290241302706e-03
2.233439201502844529e-02
9.615405272691592009e-05
1.160952565664887665e-02
1.325459917118467293e-02
1.041230063783885225e-02
6.536526745945514527e-03
3.412080358506720465e-03
2.170436415814547965e-02
2.781892814611243263e-03
2.819855635713314213e-02
1.890339198300457907e-02
6.673298314462464131e-03
1.321690685170423020e-02
1.715967487581296011e-02
2.279585115078902775e-03
2.741632155268700164e-03
7.480394287165627668e-03
4.750175934409218981e-03
3.935341979388815026e-04
2.167575267428497807e-02
1.118349187472872548e-03
1.829215447748083756e-02
4.623634265230189104e-03
1.892525710046387769e-02
6.136315486828348292e-03
8.523734090261964394e-03
1.798958406582603156e-02
8.363961036410115860e-03
1.240044441740720607e-02
1.887152230392136198e-02
1.547293958106658179e-02
2.691616999395902380e-03
2.506371381697353184e-02
7.964706169855319262e-03
4.766817923408142067e-03
9.977331520354387057e-03
8.406541967992578468e-03
1.420964259137699401e-04
3.033888008307650784e-03
1.148202781503748771e-02
1.609576190933038192e-03
1.479184919643409049e-02
1.886680035576509748e-02
1.840970485494679981e-02
1.513718611098708450e-02
1.846348820600726692e-02
6.873053899578186743e-04
1.627857924458409739e-02
1.252451446930254175e-02
4.764490930669072755e-03
5.987294145270883640e-03
3.105546612136357576e-02
1.169000812767317585e-02
1.791110281070699972e-02
6.019036129473132046e-03
3.025487927599959659e-02
3.102343073358403147e-04
3.532309990524278021e-02
7.589210837412586202e-03
1.346854807214335932e-02
1.208309315746167525e-02
1.804749483624665252e-02
1.460129972687822242e-02
5.813840501121044640e-03
1.951027462800956208e-02
7.943890594911188346e-03
3.503620852118210019e-03
6.855914564176376902e-03
5.690395326264250861e-05
1.399012411220714423e-03
2.485772828021873965e-03
7.834183054603337248e-03
5.480359490670286271e-04
2.145464277374826978e-02
1.594393451624259023e-02
2.502997039579171051e-02
2.105111578320929822e-02
2.667496708623473198e-02
7.655337312624304821e-03
1.632519855616310685e-03
1.697462768746104203e-02
1.816352863855692085e-03
1.008614744406808456e-03
4.978092183729347642e-02
1.084086477073224405e-02
8.739147458068956958e-03
8.967407988841387401e-03
9.565773885706794002e-03
2.604019160050689233e-03
1.937971118150015604e-02
3.699034833232631679e-03
1.311619203101745471e-02
1.208309315746167525e-02
2.101551596204907085e-02
1.098659603561836715e-02
2.103524493942198620e-03
2.006633949734354730e-02
3.015069535745264120e-03
2.822279951416590930e-03
2.665875113119428597e-04
4.461116677279917259e-04
5.459434586122906274e-03
4.972019433946495322e-03
7.870975204344100341e-04
4.711505852489396295e-03
1.447091457415688835e-03
9.742900808612810909e-03
1.549519529571730288e-02
1.054964554334800186e-02
1.952640087556902632e-02
2.567498017744473601e-02
4.806369238803120947e-03
1.105795280149200928e-02
1.344381739162516095e-03
3.782579864209007631e-03
3.692260998009486150e-02
5.407763287729354558e-03
3.652512707189373153e-05
1.266836499895140390e-03
2.909362354164229600e-03
2.669460026102837141e-03
1.700337676472132506e-02
5.681428940704579857e-03
5.833706624741443608e-03
1.512511411018123593e-02
2.684599362545204634e-02
9.164678502607217017e-03
6.266276253081583779e-04
1.779518580871560993e-02
6.546167951715198274e-03
1.825660955336552704e-03
4.439653860173429015e-03
8.818446735365645297e-04
7.761152107354969860e-03
3.615507065288584010e-04
7.870975204344100341e-04
1.031219087417471932e-02
2.577661303166178981e-03
8.890093945280713034e-03
9.276459141344669396e-03
2.402008100594997357e-03
3.441123330896860011e-02
1.780718109940964550e-02
3.726026240432174074e-03
6.035389787623688870e-03
2.234624575227951802e-03
5.138531755120075845e-05
2.499117349216761416e-02
1.227625892364344988e-02
5.771674198409800817e-03
8.841731044297380026e-04
1.543754295602621160e-02
5.623263284167158427e-04
2.081079794105804986e-02
9.338393173047113485e-03
1.204520400556987648e-02
1.072828026257238027e-02
2.187788841647174409e-02
1.124354262132575520e-02
2.254205693734995242e-03
2.339444225840674185e-02
2.893501807501231392e-03
2.574849124388370412e-03
1.712920699117308904e-03
5.191422975909392584e-03
1.347366910167330060e-02
1.149018138683608782e-03
1.870754719854160822e-02
1.178463960385462729e-02
1.795546047907099155e-03
1.229026989597731268e-03
7.429577487812757779e-03
6.245821534633267703e-03
1.803354391158826578e-02
9.003751704859952465e-05
2.201058219192352731e-03
1.421974801024988334e-02
1.020342240235546857e-02
2.194523541130415090e-03
2.176514476273759199e-02
2.304735056364445867e-02
6.627614869607818468e-03
1.064888095045669197e-03
9.031748382158626826e-03
4.775431659878587656e-03
1.516028121891978622e-02
1.226365696575980845e-02
5.251030734594066413e-03
3.463605225799949727e-03
1.785125491967668593e-02
1.133878181645726207e-02
3.856221992166074079e-03
1.216290980617194296e-02
9.055526885962460887e-03
5.316565454826288270e-03
9.844106530621649087e-04
1.294726393271947076e-03
9.588735311824511665e-03
6.236888193156316790e-04
1.360029808526244319e-02
1.178186171746778248e-02
1.139906918504477546e-03
2.334604636856539399e-03
1.423563076192840490e-02
3.886745364866954836e-03
6.851332734980310896e-03
1.976934721548437822e-03
3.202179149048203343e-03
1.571815909743382034e-02
1.793364053855362253e-02
3.121644664295357245e-03
5.066220698708624043e-02
2.569399787314080932e-02
4.923663733130868511e-03
2.983143682412807418e-03
1.083759569928153046e-02
7.828146541175147466e-03
1.137343423484576434e-02
4.657068806429512028e-03
4.337926708074755708e-03
4.866825729515659657e-03
1.570419797903661180e-02
1.765531613662103122e-02
1.881444811948904290e-03
9.488909342839413341e-03
4.177892082345388211e-03
3.554875169817840741e-02
2.802821627726657158e-03
6.482180347727942507e-03
1.279367721351970869e-02
9.951303171676265102e-03
1.712683459534287619e-02
1.256217704445463865e-02
2.274912840008888430e-03
7.067072592040897841e-03
2.839756402798991781e-03
3.828585958081945611e-03
6.478408421960945955e-03
1.991609294041197381e-02
1.870639862119406792e-03
7.174375692889227961e-03
3.689895324873136706e-02
7.815211986794643254e-03
2.011757187840861397e-02
2.654414781804077458e-02
1.279144745074108774e-02
9.674273668179161900e-04
9.161397496268933877e-03
2.022392280607588841e-03
1.423463068902283343e-02
4.021319468882722341e-03
1.207932659964536248e-03
4.575872202806651606e-03
5.528547059940032080e-03
3.099696486296786568e-02
2.147635060531075980e-03
5.932751034104500470e-03
1.427382639205385800e-02
2.448114044942366688e-02
5.019055512152765207e-03
1.067363911320758085e-02
2.161099440004772554e-02
4.869658682649327490e-03
2.026980193748981890e-02
4.030594212794949387e-03
5.313549023750403430e-03
5.715938017742793614e-03
1.508339687800520565e-03
1.476678777208198772e-03
1.998605238106250081e-03
2.978231145552847486e-02
1.372045431994551451e-02
9.627206299263365089e-03
1.116542304726477440e-02
6.196290156263765947e-03
8.581161276752579531e-03
1.198991029962671699e-02
2.798432595020050595e-04
3.360598788224184938e-03
8.909540565130632042e-03
2.841202621502943431e-03
2.571418519448801648e-02
2.144660621986706553e-04
1.207932659964536248e-03
5.634875541586720910e-03
7.271740289074358696e-03
3.071333279845950281e-02
3.282739641274868506e-03
2.463729626876573226e-03
1.491742007865958473e-02
1.781434686560560629e-02
1.949564389858128620e-03
5.471398425790811176e-03
9.591946152254181984e-03
1.074462144645398076e-03
2.639235979961399373e-02
1.322366699333320586e-03
1.825483034238048301e-03
9.754737042556502896e-03
4.882933142097197615e-04
4.356048517329102684e-03
8.982135232708299277e-03
2.820993279128741760e-02
1.800231646118729406e-02
9.676773461717504132e-03
2.255278174320525866e-02
1.145489213417878564e-02
7.132405354788943531e-03
1.229744600388017924e-02
1.221175265180739905e-03
7.430120058303525329e-03
7.950281277584927281e-03
6.296858434073353446e-04
2.101234062284747933e-02
4.645081021521273168e-03
7.913083972935502572e-03
4.507946376268220229e-03
9.506025209162334566e-03
2.292419978046066759e-02
1.063341556369502491e-02
1.193590442016049386e-02
1.230266949866805262e-03
1.640460536563078178e-02
2.879076713492334169e-03
1.993478821705488291e-03
1.245155735281703799e-02
1.014675724060871281e-02
2.151973016123326365e-02
1.304047326623520263e-02
1.092593459806932973e-03
9.488812971908566762e-03
9.255597758633000993e-04
1.947926066757267941e-02
1.831184799641544843e-03
1.343827657566146021e-02
1.446224605878163559e-02
1.719216384962161601e-02
7.887393601396532755e-03
4.452573846696990766e-03
2.078985725253211861e-04
1.685233061078898059e-02
8.305445265563340257e-04
1.150907487960056014e-02
1.032404506064250188e-02
4.767148725358201153e-03
3.584148183998044773e-02
3.071400646987794674e-03
9.576527220812106056e-04
5.036429085336515885e-03
7.153913902133541072e-03
1.891280561369777444e-02
8.805280518067129525e-03
2.011967888923133635e-02
1.230266949866805262e-03
1.796448586861231671e-03
2.141249956347617001e-04
4.020048144398082057e-03
1.119669942228614795e-02
1.525253088945425876e-02
1.128603154445392658e-02
9.350697804219758325e-03
3.814471350874898414e-05
1.877242665743820288e-02
8.157924094039812821e-03
1.587801632357335735e-02
7.505104522070904158e-03
1.058185340776708963e-02
1.023001532436794425e-02
1.885730779524466202e-02
8.086819916932205810e-03
1.822474650043400110e-03
5.021476216815970103e-03
1.826564139976852297e-02
2.046124015845881324e-03
1.081575812190874696e-02
4.966780855850929689e-03
5.256175155562970575e-03
3.571894963501814901e-02
1.254742804311013721e-03
2.525408624202297742e-03
7.199758765879316243e-03
8.463107562058586400e-03
2.694146911148415438e-02
1.561031527103099240e-02
3.178737270415746274e-02
6.646911129094413683e-04
2.101325612391883972e-03
8.294169201525302629e-04
9.529753685689578216e-03
1.232961385184110775e-02
8.257283908305783696e-04
9.062196625465278321e-04
6.399529461500264374e-03
2.596890097029234176e-03
1.188462820542939523e-02
1.336463835223357030e-02
6.328012575929673790e-03
1.483742713733731539e-02
1.104761806191191173e-02
2.408182329439585712e-02
3.222907445322815284e-02
9.724570293882066341e-03
1.513856823728201156e-03
1.781940790159248708e-02
2.043505292281623878e-02
1.452104195917568912e-03
1.171711787353972925e-02
4.966780855850929689e-03
4.434299550302141582e-03
4.695652167190138282e-02
1.202209984792772159e-03
2.525408624202297742e-03
3.489456703762482473e-03
1.499085410905295380e-02
4.255349378614638189e-03
2.534634505398475693e-03
5.971177821886568607e-03
4.636843242394892220e-04
1.240621355162013209e-03
7.560067229051977214e-03
3.175049935627755060e-03
8.584219267199946768e-03
2.499396596388237489e-03
1.198004613682659286e-03
4.100542680499319644e-03
1.049102033203796330e-02
5.073838709030769646e-03
2.860699395461702155e-02
1.049317262168927151e-02
2.150840896598879559e-02
3.774828605471806930e-02
2.516867585078224820e-02
4.130158685053755135e-02
1.278613225168891837e-02
7.355342573274682889e-03
3.356370443527625230e-02
7.438989726560110705e-04
1.596571398623846359e-03
5.888393727578144880e-03
5.859434321303527357e-03
2.463287193182684461e-03
1.326351900175098963e-02
5.632848896892465873e-03
1.327046594874523901e-02
4.110129620105672232e-05
1.831872751709185190e-02
8.773241008300323301e-04
1.911852978265395249e-03
9.019546656422988695e-03
3.507524130535568611e-03
2.045380928099144874e-02
8.398561314307058379e-03
1.265375541688218072e-02
3.000840161209828751e-03
2.906644436714219803e-03
6.815189628105666579e-03
8.707049188100477594e-03
6.814714871735857472e-03
4.339724358336849441e-03
1.125457995883212894e-02
9.343858508596508683e-03
1.713523995728695806e-02
2.981178883792943296e-02
7.200519659013348076e-03
3.050888868872710102e-02
1.049291028928617253e-03
7.709772382048977676e-03
3.606169942545960766e-02
2.245245352428695915e-04
3.654234776469065388e-03
5.118099869652116898e-03
5.471943153902142712e-03
6.317660506918317334e-03
1.052227027460577759e-02
8.202296365990844815e-03
2.395998265958899226e-02
8.862401875880290825e-03
1.135699614613954953e-02
1.315984030063765790e-03
9.169501801412658498e-03
9.182920666764673653e-03
1.014518152265298304e-03
2.158186156689501090e-02
4.662637120480230685e-03
1.249770428403122573e-02
7.718262144025546737e-03
4.584763590995976495e-03
3.512509182658567555e-03
3.143141248190915640e-03
2.577653610398035998e-03
5.276490466839219191e-03
7.632907822614090100e-03
9.281099207403923149e-03
1.410449785264997376e-02
2.273767174955914488e-02
1.245167405746514661e-02
2.640384400919537980e-03
7.491082887086446436e-03
1.162874691101004054e-02
3.235684197960377040e-02
5.404927765000379358e-04
7.808147119365404371e-03
4.646697835614020666e-03
1.004312560769472784e-02
3.414651115473069792e-03
1.546707480690163311e-02
4.856820139134420539e-03
1.392168895148222785e-02
5.781886863732392003e-03
4.843894462298981712e-03
1.584038895628361475e-03
8.480094765820371180e-03
1.301104662654132237e-02
3.992568033386674660e-04
4.080509811911722101e-02
5.350415230722238048e-03
1.084244467637127118e-02
7.297465941253878166e-03
1.005881731893365494e-04
5.222824205572809686e-03
7.727852525846222800e-03
5.066934183111125589e-03
3.469202096326799191e-03
1.137900090960847904e-02
8.490408297630966383e-03
1.152110684764428433e-02
1.754420815067870426e-02
1.397773648729438815e-02
1.848987054715678022e-03
7.093997417234039309e-03
1.250966984925125369e-02
2.679589876490774680e-02
6.730694927544587751e-03
2.814017635222498120e-03
1.636369983918039422e-03
7.900462833227289705e-03
2.965365264282923425e-03
8.885871825280184516e-03
2.036081986992075224e-02
3.976934227918982323e-02
1.392318156815580688e-02
1.649307143533657429e-03
8.797564240867146446e-03
1.185407434640850521e-02
1.602316136241208749e-02
5.726379033834903820e-04
2.863602763221386946e-02
1.932379730059580192e-03
9.741049471181163419e-03
3.621041941256545119e-03
5.103003353367201872e-05
4.471423173855424392e-03
6.148246999557073836e-03
1.855741609421405428e-03
3.060030870556066512e-03
1.895125556523793303e-04
1.190858860191197459e-02
1.671786329404342797e-02
1.329690036322027889e-02
2.491556368700741791e-02
2.098240906567341944e-03
7.262862338717580163e-03
1.129065366326117460e-02
1.557336671920713130e-02
1.771664971867596000e-03
3.195718918093921369e-03
3.712844730093273898e-04
1.084522850642570882e-02
1.691225362419997635e-03
1.933120876859015930e-03
1.232480099946878759e-02
3.088977084156719830e-02
5.179905029939682083e-03
3.452975438194859793e-03
2.448521254037414746e-03
1.202421286914227491e-02
9.342258499591469742e-03
1.532282841005598931e-02
2.225276915128820282e-02
1.544643592426161137e-03
9.587442742374985977e-03
2.496391633078329925e-03
1.129301588127372413e-03
1.137830853942836196e-03
1.329007820025797371e-03
7.986756753063331549e-03
7.763453189985232428e-05
1.083556832591387603e-03
1.977222048765684033e-03
4.362782410472728495e-02
1.389849346447444636e-02
1.842914634284990860e-02
2.573827839668124846e-03
6.471658329143788538e-03
1.261406031965140589e-02
1.605220290870269795e-02
1.826741438253564817e-02
4.018849516660892248e-04
7.541243650214008061e-04
6.411416124706682991e-03
4.712401070986813392e-03
1.591749634436865485e-02
2.271039829823233783e-02
5.497068820882365647e-02
5.337929294544757446e-03
4.886856848087817173e-03
3.752001498984618849e-03
5.303323861625356545e-03
2.973958271365740452e-02
1.627116617849449012e-02
2.334706184975283982e-02
4.333109491714139810e-03
2.428042256201711629e-02
5.383812578688626505e-04
4.064135334235674697e-03
6.663460666960956472e-03
1.245746454209905284e-02
6.401378315725653190e-03
1.181118424245675147e-03
1.287779685621149271e-02
6.674487751221096828e-04
2.130520101517116571e-02
1.534467956254103628e-02
1.055948888208893544e-02
1.752024899189097342e-03
1.635247245727953352e-02
1.375171408837430435e-02
1.050961154029011156e-02
4.706524098744915147e-03
6.609950865774571679e-04
8.117108898335056999e-04
2.413171578446980832e-03
3.218764817630120987e-03
1.703707025316842424e-03
2.581347902313877937e-02
2.735120806529223875e-02
3.595111424755149249e-03
2.227399223246310893e-03
1.597277136118702492e-03
6.545449135669841739e-03
6.339870803738954785e-02
1.863266942269558787e-02
2.477174343273730317e-02
1.862965677322303559e-03
3.214865104660483835e-02
2.147170268593246931e-03
9.388095568098471858e-03
3.156488362448891041e-03
1.085696428666981829e-02
3.086128678364037300e-03
5.317465283558239775e-04
2.256181709081277534e-02
3.968692035512904476e-03
3.130970045610752955e-02
1.318908955776743053e-02
2.856359768422375364e-02
2.603967156297364374e-04
1.396288147523714121e-02
2.270476153242817485e-02
1.655303258602740940e-02
3.815979650123652554e-03
1.964790391787745588e-03
2.932453617017828987e-03
3.484210871835907893e-03
5.125590353121772455e-03
4.618910628195619164e-04
3.101170598090974284e-02
1.572257238167864071e-02
5.086381851175663001e-03
4.581819389610899095e-03
1.597024932697729827e-02
1.636039802983218355e-02
3.049920565889494353e-02
5.307229232869010646e-03
1.262902374011631683e-02
2.147123692815135904e-03
1.463181053158973434e-02
1.531239823808431405e-03
4.645510287768278221e-04
3.104654618658857744e-03
5.902824076398154388e-03
2.603110985652704913e-03
1.502219090744945796e-03
1.227520347393179501e-03
3.431527290091659216e-03
4.158982927528311058e-02
1.600497555906528827e-02
5.793658784908265261e-03
9.038591878610720970e-04
1.936594858539193026e-02
2.357286925634579505e-02
1.565548197992245108e-02
6.924127867393051888e-03
8.284867083060983017e-03
5.009916971209034744e-03
3.092400969128472274e-03
2.078319283313968119e-03
2.937398730253797455e-05
3.349675836631631903e-02
1.301077644500495123e-02
6.483429956234304167e-03
4.061252013882967263e-03
1.043507058358164249e-02
3.743534187354981540e-03
3.206451937576060979e-02
1.952261056343772283e-02
1.261642044812990443e-03
3.704892824422243575e-03
3.871052827757011632e-03
6.744804910983139695e-03
2.850234303428499007e-03
8.744069986963500657e-03
5.902824076398154388e-03
7.310532244854272069e-03
2.106698658821052998e-03
2.082293970057413554e-03
3.175435388186273813e-03
2.729286452733717741e-02
3.952636473831876857e-02
4.009477094934220972e-04
9.569520213003148736e-04
2.366423774100990043e-02
1.702988359903886972e-02
6.577663721719320677e-03
4.168338785890451405e-03
1.684991268196430608e-02
3.380042855405911671e-03
3.092400969128472274e-03
3.501150516648056550e-03
1.933983610492260490e-03
1.631870230494199964e-02
1.591593819802604101e-02
5.727740077056259205e-03
7.861819620766982014e-04
1.682442496656175179e-02
1.755788044410276985e-02
1.976643556550645997e-03
6.144283248464715332e-03
1.157234396575942698e-03
9.591397813103585968e-03
3.945454988747475536e-04
6.162758671546584785e-03
1.325508001092380941e-02
2.986855971790341839e-03
1.703672666140758005e-02
1.601492369401831192e-02
4.222145108882134276e-03
7.762418652959414064e-03
6.161687926667970550e-04
3.223316550465056551e-02
2.985984456591986649e-02
4.266908484777671810e-04
6.430238143716074210e-05
3.929568114833581483e-02
1.073532145161895310e-02
4.706014628522089960e-04
3.692344524923031439e-03
3.676471220359192604e-02
1.795406438957940568e-03
8.790034542111385685e-03
1.071635449918980146e-03
4.942306737261321914e-03
7.980325410149610374e-03
2.264574431409907898e-02
2.285333786661231451e-04
7.331902006712468639e-05
2.539987389980991050e-02
1.376003896083760961e-02
4.997478920774414690e-03
5.289809450225585463e-05
8.821684539958773649e-03
1.105186465437557088e-02
7.942503359519344913e-04
1.785345546194025065e-02
2.243905599541181836e-02
1.517137226357993980e-02
2.871893304230906802e-02
1.531916933468799834e-02
7.625004051082724318e-03
1.989618670806516179e-02
6.349270722483509391e-03
2.017732897828924260e-02
4.466618718029110452e-03
2.122588582497145909e-03
2.769581595448442415e-04
3.091843806928026850e-02
6.411318075204789496e-03
3.089235957746253036e-03
2.750959672359671714e-03
1.058644722202499965e-02
1.902500849141111269e-03
1.270704571469489369e-02
1.197074375797857124e-02
4.203955970660708599e-03
3.710822834404851542e-03
1.785476380646774594e-02
6.861594711478694042e-05
4.428349181329281278e-03
2.711402461718467882e-02
1.391153293300558848e-02
4.133161727783635220e-03
2.327479630779800274e-03
2.429482975743856542e-03
1.140204670767349347e-03
6.097258033101165403e-03
1.191009121022826994e-02
5.390116316566408161e-02
3.080073005501733630e-02
1.091959871301956264e-02
6.873405589334928914e-03
1.095239637709399805e-02
9.390725851990272544e-03
1.406980352262247533e-02
3.177519850245379140e-02
5.476072243054009442e-03
2.086251720736804344e-03
3.846204023428710563e-03
2.028410632856923398e-02
3.426135905050787210e-03
1.658728321554571970e-03
7.420861249732103003e-03
4.456580695384440051e-03
6.731061120989886501e-03
6.379856680172464947e-03
1.108141615580741403e-02
2.999359734209414152e-02
2.245940413608049375e-03
1.869950174190457629e-02
1.254934823325926964e-02
3.240792088686526157e-03
2.568910395663387414e-02
3.194497185407230502e-03
3.023078268447896080e-03
1.300311412004227091e-02
1.283654022480066118e-02
1.168285234368547643e-02
3.315698729614805808e-03
1.106994193812741757e-02
4.389740347529778874e-02
1.332242235776133835e-02
1.182858947927353625e-02
9.984373016032596637e-03
1.715605373765690875e-02
1.767190577098739362e-02
4.559875206093075284e-02
2.809352175002342855e-02
5.364817636347852040e-03
1.801736688313851364e-02
3.422742232389031081e-04
7.170543202460466503e-04
5.460060196216086001e-03
3.793157110706599396e-03
1.380592289417273064e-02
7.450272508547035183e-03
3.305273778275452396e-04
7.455109431361260641e-03
1.379655142599187957e-02
3.362133632272331935e-03
4.132103586283839870e-03
3.495174588320791587e-03
2.209861863874111598e-03
2.528624872934624040e-03
3.159784703568708358e-02
3.253136746956927089e-03
7.030189888139051074e-03
2.988052750961288362e-02
1.943464447424418651e-02
1.219903074258604087e-02
1.203396908866184549e-02
1.308845398891468614e-02
1.119155057534482189e-02
1.890519206741992503e-02
6.520551256947436716e-03
1.266781843671286982e-02
1.329301810863992017e-04
1.308257767386066146e-02
2.806272487026448270e-02
3.097790765329028195e-02
8.594955827227980169e-03
1.752897636474684898e-02
2.238185616901850090e-03
2.270827800651461365e-04
8.748065046402030837e-03
3.859555500451305587e-03
7.604438466375120637e-03
4.893713529540311830e-03
5.872590835205893610e-03
8.389612976248274345e-03
2.187798443307763588e-02
6.522620090697306677e-05
3.061769213218027211e-03
5.460455372840632843e-03
7.134501536227603677e-04
1.034349023272412675e-02
2.262005687487347178e-02
3.226903837829976120e-03
4.170100529644655760e-03
1.814394839166877729e-02
3.213339324864514235e-02
1.446188530255785969e-02
8.663997241359435580e-03
2.865923401291353700e-04
2.541056443311311142e-04
1.449515862151739415e-02
3.408532587984533513e-02
2.026701697391071130e-02
8.246854035610113459e-04
3.498987488907510240e-03
6.919984460063184628e-02
4.192972197107370375e-02
2.367515522250848714e-02
1.063927658972653803e-02
1.488877522136897516e-03
2.270827800651461365e-04
4.363831691769177947e-04
7.205443016519326449e-03
4.002741804223178268e-03
7.220593667615620749e-03
1.050521441946017029e-02
1.329194054812699553e-02
2.876705961449116389e-02
5.162044231342578955e-03
2.499918288087125962e-02
2.592010958000209517e-02
3.104759729789935419e-03
3.322635684552398272e-02
1.663989596168523322e-02
1.266151032000340654e-02
6.998410913178381917e-03
2.444453734438981063e-02
2.181214517099310662e-02
7.767485656692583312e-03
7.752324343368009046e-03
2.865923401291353700e-04
1.906343891779772870e-03
1.635025948895079198e-02
5.006166357668702382e-02
1.479395604063160445e-02
1.764549115734646498e-02
5.694244089345977013e-03
4.305869494202736736e-02
2.159734462314882170e-02
2.972502280017395165e-02
2.130608091775449200e-02
1.020330958212025633e-03
2.270827800651461365e-04
5.511719342155724536e-04
1.454666303943401816e-02
4.211657536200008600e-03
6.347982070615871934e-03
1.492415224632463906e-02
1.335893068581953808e-02
3.476501831499606565e-02
1.199425787656354520e-02
3.944640723696384021e-02
3.825015065807532699e-02
1.552607352273971614e-03
3.289744498011852591e-02
1.199629180379493607e-02
2.486418772429662555e-03
2.256851049374437521e-03
1.190254241985327574e-02
1.295929385948379510e-02
1.850438020776111817e-02
7.752324343368009046e-03
2.755526981245824073e-03
6.698976271578612612e-03
5.148165066308355020e-02
3.726523173160696534e-02
5.938470804014639101e-03
1.303435817207309125e-02
1.117679279385763551e-02
2.507535637196125350e-02
2.272414226784610913e-02
3.383190670503394282e-02
1.339995945200469357e-02
3.538822337430153758e-03
5.065823544266724252e-03
4.142045965209804025e-03
5.224647469080066255e-03
4.577801791800008638e-03
3.271892111933683012e-03
3.444339450758876486e-02
9.955145968061801173e-03
3.005287662326653481e-02
1.280598728394853614e-02
2.728398858328649410e-02
1.807824699726931147e-02
7.384700665548291076e-04
3.229024566131386692e-02
1.019252013784345198e-02
1.561314321959470994e-02
2.257309554558959395e-03
7.939139148964262371e-03
1.442564779997170844e-02
4.645958370012684933e-03
5.841736805499744313e-03
4.164310572873503036e-03
9.484963744857452528e-03
3.386600419318040733e-02
1.615601543594595221e-02
6.977490300054648917e-03
2.314360244681496316e-04
1.134292800005455050e-02
1.035685848676947372e-02
9.981125000067272990e-03
4.176805087008696703e-03
1.627667287069498731e-02
2.823079782927808562e-04
1.694822251929982426e-02
7.305459951551344921e-04
5.181720628843881384e-03
7.714239433742293289e-03
2.247369690673564277e-03
2.672607551156939640e-02
3.222096188710615525e-03
2.224945207264263439e-02
4.902328863323368591e-03
2.166014347550915958e-02
1.883301734186073120e-02
2.044215088936175533e-03
2.920749735020678264e-02
3.112550103954018349e-02
1.282130217031066111e-03
8.954184757093090058e-03
1.773299652981818325e-02
2.526542326579414924e-02
8.413372897856591717e-03
3.133493641203472478e-03
2.392044121624558803e-03
1.757180365612669160e-03
1.242494766122467786e-02
5.496454427274315331e-03
7.183652743436050141e-04
3.717801485988457555e-03
1.131362295668528715e-02
8.167490212938688723e-03
2.456218935598112468e-02
3.458406924429774723e-03
9.124876054737572628e-03
2.952742199630526906e-03
1.527013937449392574e-02
9.820757155554577303e-03
3.983298378544004870e-03
9.373816283782337999e-03
2.047989059502295511e-03
5.829262387747611782e-03
4.979245893986654001e-03
3.405936508654663214e-02
1.943679563531459801e-03
6.136472518133261056e-02
1.941109234116470891e-02
1.305194063571380597e-02
1.624647156329404873e-02
1.363970641246719552e-02
3.191523192682412489e-04
2.161654771900079972e-02
6.732051086150729093e-03
2.621697864957217572e-02
1.306554524509399157e-02
4.348068598930051459e-03
2.392044121624558803e-03
1.174639470698760416e-02
4.983874354518858830e-03
1.071652999738734700e-03
6.665746879563612219e-04
7.587580193722241392e-03
1.974340684464545928e-02
4.491630725936918145e-03
1.449627457202121682e-02
4.261763718694721800e-03
1.440860134578573516e-02
3.054212078285692758e-03
6.108035438010790338e-03
7.071990442536972565e-03
1.448753701077034814e-02
2.310361351016106124e-02
1.998319854264846065e-03
1.797844037723604627e-02
1.792787090072052447e-02
1.634559913539817416e-02
1.664491981463101693e-03
5.354969518511897009e-02
2.508827173560820509e-02
6.501670704243938531e-03
9.889154167991257016e-03
1.548427830656100811e-02
1.443364485349422563e-02
1.879800052795688528e-02
5.899214785089425608e-03
3.709738999253141267e-02
6.488525910728003623e-03
1.736186364777400973e-02
4.360229406783721045e-04
1.587461846759406423e-02
7.150972516244011312e-03
4.702747466353008471e-03
5.156951583881179413e-03
1.439750967020108144e-03
1.394689819397672281e-02
1.773839593581405527e-03
4.258713959156591733e-03
3.014736185962060486e-03
9.646107920430375265e-03
2.469893154621844583e-02
1.926227770350405835e-02
2.547018903794450589e-03
2.375560000597692900e-02
2.477745769195622075e-02
4.486636124645023045e-03
1.642080584714138841e-02
1.437787462586363925e-02
1.706567129078574632e-04
8.106269004977378900e-03
5.156874692192858767e-02
4.449288691775283439e-02
5.800131892390317061e-03
1.947998458517584842e-03
1.168312128389248361e-03
2.036142196427240258e-02
2.730498399614015095e-02
2.479424771314781614e-03
3.955883127036798064e-02
1.394796456170691208e-02
2.169162329982837062e-02
1.893286118372732030e-02
2.007133094339935003e-02
1.490763867407741104e-03
9.914099401537561015e-03
3.694774266197037998e-03
3.723145588870801700e-04
1.369935406165020964e-03
1.489521466596281304e-02
4.559900771520330673e-03
4.014539079668012767e-03
7.428272616702248816e-03
7.158533735787426557e-03
1.946769405475747700e-02
5.705537280567567551e-03
3.080717693927859796e-02
2.905799817168466803e-02
4.932897131882171306e-03
7.094378140346897441e-03
3.084214697661891852e-05
1.706567129078574632e-04
5.496686470123385293e-03
1.933636794797161107e-02
4.222923598982258886e-02
1.257166792332754454e-02
2.727818739260908041e-03
1.977912217086916658e-03
1.271526089387180376e-02
2.634994157448429519e-02
1.044923773019840706e-02
3.955883127036798064e-02
5.792337428720447864e-03
1.601256506343620364e-02
1.080776586431201648e-02
1.130207938191806274e-02
2.104990542721556224e-04
1.962785993739701515e-02
1.196570885705498452e-02
3.163891406599773914e-02
5.431526125610492382e-03
2.026909132252038837e-02
4.559900771520330673e-03
6.004700645579857769e-03
3.863100573298036168e-03
1.107380721358404083e-02
1.694341938773822123e-02
1.903245887339779369e-03
1.892890673651146868e-02
9.999661311797386487e-02
1.029294062631023673e-02
3.160304774225051322e-03
2.568352614632611608e-02
1.706567129078574632e-04
3.584856916997967990e-03
1.170593762722963588e-02
3.101989945852731689e-02
5.761176707207186706e-03
6.503870020355081473e-03
5.600461808879676068e-03
4.250338617663241073e-03
3.066226158321226983e-02
8.723135779084220665e-03
4.226815149723671394e-02
9.200016230929062427e-03
3.448410190124975849e-02
2.966992724121712832e-02
2.304232398149801131e-02
2.104990542721556224e-04
1.525474016667431251e-02
6.881457008100378553e-03
1.697630149068448530e-02
5.198608955021322836e-03
4.769695141535610500e-03
1.114658844408139473e-03
8.272410250007342092e-03
2.177021268172671734e-02
3.754185654056229043e-04
3.172412113912639886e-02
4.985559470678262162e-02
9.364168988008497035e-03
7.510167421411519106e-02
1.071178923814465438e-02
6.316357779075890480e-03
1.724114445607859147e-02
1.706567129078574632e-04
2.306244528934646432e-02
2.083142604947165605e-02
2.373107627119121210e-02
4.423121663955489891e-03
2.277962324571197739e-03
2.682034691567785917e-03
2.980168728889415891e-03
1.688068447419187237e-03
1.071545837375927936e-02
1.681987828976383090e-02
1.178051644264633234e-02
2.055241198778947481e-02
7.409988348291711435e-02
7.826881201452137032e-03
8.534578120170126150e-04
7.829567639741330173e-03
6.736608420349239623e-04
6.717120405060513812e-03
1.078507568695131168e-03
7.040055210321119819e-03
7.718238864639501151e-03
1.030551312190865210e-02
4.097485637027788695e-03
3.814469739511505003e-03
8.651671044799035676e-03
5.737103385654995780e-02
2.595188221983729150e-03
5.245405961480346935e-02
9.009244692882660555e-03
4.897524935827556394e-03
3.932154189303609798e-02
1.475227814895084533e-03
1.912021980389595754e-03
1.986438195500346560e-02
4.320856609935240511e-02
2.529018225374275730e-03
2.819469153387509086e-04
6.944313519675872348e-03
3.287507300503712468e-03
9.046639644393408841e-06
5.552719975910891392e-03
2.240219426935224911e-02
2.076876038749203221e-02
4.051349004752192659e-03
4.921757027421044123e-02
4.336933048850450528e-02
8.534578120170126150e-04
6.795791967552628106e-03
2.204126625808486457e-03
1.320321895528092648e-02
7.646110082047234691e-04
6.694612787203837664e-03
1.388816669133755705e-02
4.706059262346171113e-03
1.135595229427799682e-02
4.553680416280563026e-03
7.912001746867399626e-03
2.684450439317902920e-02
2.114494698166112345e-03
2.057179107586760980e-02
1.434255398690658127e-03
8.056141773977398834e-03
1.508199376340985977e-02
3.086391747165518652e-03
7.561010800068148838e-04
2.961595041946871176e-02
1.470008589563801676e-02
7.240442674728321537e-04
2.819469153387509086e-04
6.201612932549808652e-03
1.980558619300763767e-03
2.462315612935386117e-03
1.618657732350450157e-02
2.230373062901504222e-02
1.124823868584386155e-02
6.432996802907338559e-03
9.105812675092656711e-03
1.443743084844824505e-02
2.693316040989672446e-03
7.589199182678170799e-03
4.785132561704858942e-03
1.644511188058153661e-03
1.211624881551631727e-03
1.993282524449996318e-02
1.388816669133755705e-02
1.257918934022775846e-02
7.217639836664908881e-03
2.600355873572831635e-03
9.511403945765814494e-03
1.112781159430180009e-02
2.114494698166112345e-03
1.877347892333641743e-02
5.239492640741554540e-03
1.321447536862089059e-02
7.596108529429465399e-03
6.186329994465425766e-03
2.298069820259250953e-03
1.812281216574211651e-02
5.305639251087283792e-03
3.995069969106973887e-03
2.516586417925515719e-03
7.603475907750506871e-03
5.096692882403729835e-03
6.735823618019978233e-03
1.325432989496345276e-02
5.437702010917409845e-02
1.665176214910623481e-02
1.949385147946196403e-03
1.603906047123325462e-02
7.071667121936157582e-03
2.327290776169724067e-03
8.370970336188892844e-03
9.152459227447333479e-04
6.699048402081715127e-03
9.673479032758346835e-04
7.533217634396257786e-03
1.469339347731516213e-02
1.956524241797000241e-02
1.895871775770322475e-03
1.356512563294258976e-02
8.614433975269626675e-03
9.092693176901150628e-03
6.665157657425212039e-03
1.241053171748265557e-02
2.714754170915115172e-03
8.952503015938516676e-03
8.455645906548727060e-04
7.386772904356265004e-03
1.413401015589121901e-03
9.054405217542249584e-03
2.721316833347672218e-03
1.924627296145584769e-03
2.290826535075039111e-03
8.688160770920821865e-04
5.412238362385730570e-03
1.598549722155284680e-03
1.408990346247957978e-02
3.109105592473374036e-02
1.092485873598023939e-02
1.709978983670973687e-02
1.733791139292834710e-02
8.428452219152329436e-03
2.327290776169724067e-03
1.455052609320044849e-02
4.654933659636543292e-04
1.628262688352015430e-02
7.609321074001949153e-03
6.139208002501950201e-03
1.048742671251912638e-02
1.567053619937916475e-02
8.978698414070371975e-03
1.058557018383149591e-02
5.300669985087138637e-03
9.816762492337526361e-03
7.296596054699391529e-03
9.671663736637584746e-03
1.834031434427077067e-03
2.371460310921082865e-03
1.258981343643496634e-04
9.093004923805258002e-03
7.421649911618782847e-04
8.256916527206628609e-03
2.971356597445446932e-03
2.188422845865469878e-03
2.905511901991587702e-03
7.782580238191928734e-03
3.875103570496799509e-03
3.489037318051980106e-03
9.202784974590410422e-03
2.599759076713499539e-02
3.160006758893213474e-02
3.409471680013033412e-02
2.392409078662848312e-02
1.528070341338024114e-02
1.686072179553742625e-02
1.183154132901259939e-02
4.093734704231160280e-03
5.191759732015807129e-03
2.826706861164087620e-02
5.422605318091407861e-03
2.923265228288207326e-03
1.707515713914314892e-02
1.507813060522997847e-03
8.489968276821429141e-03
8.024578979504832371e-03
7.630826670564990963e-03
1.489661405579563794e-02
4.176158624083074408e-03
3.047570645331138667e-03
2.728589614266471036e-03
1.796726200569278425e-03
1.080042740994317796e-03
1.925290854352655970e-03
9.945631809350208297e-03
1.411325107299609728e-02
2.562046021062155607e-03
4.533264983987916278e-04
7.782580238191928734e-03
3.936369023962873678e-03
3.576899374548364249e-03
3.397156525914882957e-03
2.707614039987345581e-02
1.953012220397046250e-02
1.311624782515621868e-02
2.686647790276366563e-02
1.779159781104655558e-02
1.553202840425557327e-02
9.821174229075491438e-03
4.042880306671633832e-03
1.029990497702304095e-02
2.446757026637380594e-02
1.364092107546946301e-03
1.251478876439422044e-02
3.549647230194941105e-02
1.682221225604352277e-03
4.797321696859035978e-03
1.449939780622206027e-02
1.577248325412477017e-02
6.800084533593184904e-03
6.850593526375561501e-03
1.755150934255102213e-02
5.940635103638363182e-03
1.633789074033264403e-03
2.715964038891314179e-03
1.021742084821045636e-02
1.161983044934078967e-02
5.490136891807466911e-03
2.012192186077134924e-03
1.458105436079189590e-02
2.186223381204590796e-02
1.065655750468304762e-02
2.210150934403191676e-03
5.652063091424116247e-03
2.731902298509642987e-02
1.851823900125138672e-02
7.167483087730795385e-03
4.097161706494859695e-02
8.223955750133633835e-05
1.355931283485499808e-02
4.285643567723933234e-02
3.567783987992792765e-03
2.351911106522691641e-02
1.988581140398996971e-02
1.049205238780942517e-02
1.297822095521684177e-02
4.735258421448874239e-02
1.441253037278828440e-03
7.653107204064730530e-03
6.767312627231181210e-03
1.425343429533785893e-02
2.298714235470093389e-03
5.514093846624157358e-03
1.582146904420900224e-02
4.493072033015337724e-03
2.233811766430940024e-03
1.396142284388869788e-02
9.900493783772074813e-03
1.953329296246243685e-02
1.018056117233194502e-02
5.697519575125403746e-03
1.352473533745494547e-02
6.086207784958186720e-03
7.232791659660592343e-03
3.635291707391833174e-03
3.749679191765512010e-04
3.607085050521927072e-02
1.905430299851000944e-02
7.591860029004991739e-03
1.611280055631617372e-02
4.413062161973601780e-04
1.293024762464405064e-02
4.577384693130341631e-02
3.643339716126232745e-03
2.932787854639632222e-02
7.895870410880488632e-03
3.562479270060338581e-03
1.486824701341905863e-02
6.852972216635103142e-02
2.371067315073646133e-03
4.994761113063191961e-04
9.684090954887147884e-03
1.667963165231848080e-02
2.298714235470093389e-03
5.552907832155246776e-03
1.499656178494761585e-02
1.241396380370337477e-02
5.696248488828513368e-03
1.321462339226645369e-02
1.058121745979261931e-02
2.608976994201844812e-02
7.714070950817625977e-03
7.193916766603518365e-03
1.256344717382045992e-02
1.256051102846817216e-03
6.532584535166915257e-03
5.598019135352114151e-04
3.938621146881236997e-03
1.541075745466622543e-02
4.233754045754163642e-03
2.495717977596515619e-03
2.525304010665680582e-02
6.810136404877897322e-03
1.624976806002398702e-02
3.959142620777197918e-02
8.855708823026109400e-03
1.970983232540547345e-02
5.804393245129798110e-03
2.644574568838034198e-03
1.447960900290015326e-02
5.574521680364949439e-02
2.274948965581495564e-03
4.370529082989979205e-04
8.574123543985238266e-03
1.653816535988357136e-02
1.666404304735526892e-02
9.266536826089955686e-03
2.285634647156034593e-02
4.260413915316273517e-03
4.489520132139132418e-03
1.709173407181095380e-02
4.608857169703258448e-03
1.720878355404702534e-02
1.128228738748392537e-02
1.130616957213323014e-03
9.646144238037182572e-03
1.005099914754898098e-03
4.835250582704567895e-03
2.475126735389573257e-03
1.755181116418556148e-02
3.308331808334222246e-02
1.832509193221940362e-03
2.913028534352047217e-03
1.448614388504128499e-02
4.028696828214601948e-03
1.356776982587781268e-02
2.447013277301796769e-02
1.224382415302333396e-02
1.333470338357755150e-02
6.591912089437653582e-03
6.393414157596671865e-03
2.563911914965136610e-02
3.849200635593252873e-02
3.013155398101718258e-03
3.426769990972144270e-03
7.364019412223866447e-03
2.202773112042097706e-02
2.379761167970485120e-02
2.723542099165133026e-02
2.444011903804198596e-02
4.801704826758949884e-03
1.500060725774200916e-02
1.227041721247349414e-02
8.523736034742584317e-03
3.339844321691836596e-03
1.769257959594740942e-02
7.325119800291868960e-03
8.056692205945820140e-03
5.790559442924152894e-04
4.215460938739113220e-03
9.741886634785455051e-04
1.474197618320389038e-03
2.556565709051809160e-02
1.498473296320199100e-02
1.418597019044476326e-02
2.981405367386131405e-02
1.003428346811903113e-02
8.792521891674646636e-03
6.208011680884330946e-03
7.993790983456251081e-03
1.315185994460718946e-02
1.966317962039518339e-03
1.035207167658000992e-02
2.485536319329633217e-02
1.756517775426444036e-02
4.073919674371460214e-03
3.231435467932420192e-03
1.833598247186037089e-02
1.376683119548458706e-02
3.142336770533762924e-02
5.335385652109200794e-02
2.818799261670522707e-02
3.961063026892244418e-03
1.482105751669463012e-02
7.989947189560850371e-03
4.641292124700773132e-03
1.290357352417697417e-02
1.649932131019848924e-02
5.393902049910366536e-03
7.730001952206515259e-05
6.338460957987061828e-04
3.876477173646679202e-03
2.493383821729352676e-02
1.162413249743892742e-02
1.430968026232949143e-02
2.433836623587535414e-02
1.003016897424548713e-02
4.453495232071055104e-03
6.269575125610243882e-03
6.817351743996017711e-03
4.046179802294862932e-03
9.714544467070455533e-03
1.918944673593495423e-02
1.966317962039518339e-03
7.079557920014336626e-03
1.398364901453544480e-02
4.251077655574907535e-03
6.152247347077512141e-03
8.988356267866176585e-03
7.571440464793360511e-03
1.049467008684639574e-02
1.314048901169519515e-02
5.522785794036359774e-02
2.229781566159428491e-02
3.543204927878691301e-03
8.814677432742321073e-03
4.468553642304178702e-03
1.270137577682035196e-03
1.346742316914401917e-02
1.332703834122784745e-02
4.860060848335007525e-03
4.144790348141290728e-03
2.417754538107424328e-03
1.291812705362913949e-03
8.137449820431109926e-03
2.226652433321600622e-02
1.506677647793379024e-02
1.786716283966585314e-02
1.055437939355886173e-02
9.451211371318952309e-03
1.015457021103195745e-02
1.648581774726439342e-03
1.990266816928621188e-03
1.440234588015882472e-02
1.569947334697718161e-02
2.167465975280302194e-03
2.523157208046565916e-03
7.867909653833651470e-03
3.501853692801051420e-03
5.915044395754516342e-03
1.001964829540970790e-02
1.177838132598692938e-03
7.093952064850394743e-03
1.350236842024104059e-02
6.343027821485104634e-02
1.754266246410090060e-02
1.239004684043284489e-02
6.774367464204773467e-03
2.270327324954503345e-03
9.319887417531050322e-04
1.339797587044067734e-02
2.630189734339909505e-02
6.865905548553939523e-03
4.493201078924243495e-03
3.376856944745752244e-03
4.746357733025391781e-03
1.349914963860286352e-02
1.824462659222483851e-02
1.066888376757615942e-02
1.997382991522961976e-02
1.196085098284174059e-02
1.210545482689473831e-03
1.046587686358066080e-02
2.991495857416941531e-04
1.358191450428687837e-02
2.158771870295030093e-02
4.983619834740814561e-03
1.025196452466671168e-02
1.669622699959131401e-03
2.361118217663487652e-03
7.744283662865832779e-05
7.372612892412575870e-03
8.562130171570673728e-03
8.309718631845767339e-03
1.216225931119219519e-02
3.775541118596039553e-03
2.936498155493130757e-02
2.610904101145859746e-02
2.040016060068256670e-02
3.049030131982426867e-02
3.255047270768907791e-05
1.858109743770885308e-03
1.413888725360555251e-02
2.465533509783437993e-02
5.084917415878333936e-03
5.941595855259449235e-03
7.342215578827539744e-03
8.747168421114795422e-03
1.534999965882842717e-02
1.014576864590741208e-02
1.619355031818296708e-02
1.639172679805016991e-02
5.805088395636240697e-03
2.228568296963197304e-03
7.565060917572743668e-03
3.216962859175286765e-03
1.730729961367107050e-02
4.757332344117996131e-02
5.654406201740752418e-03
2.239889536155953431e-02
3.874793385441930617e-03
2.012678375002649976e-03
8.448588250684341272e-03
7.409327982525788434e-03
8.623944528527119346e-03
7.717836513193379773e-03
2.281058976230609242e-02
1.133646249305559142e-03
2.922510320804026090e-02
3.075910782182069564e-02
2.349620428797102173e-02
6.185034056164685594e-03
1.128501876409130451e-03
9.474009106643076564e-03
1.411601307071744249e-02
1.489297119442424891e-02
1.305268001798552679e-04
9.197904827383199949e-03
8.731882534371293580e-05
1.442460133899000838e-03
1.369135267978062280e-02
1.277374690162495600e-02
1.415670963856084132e-02
1.079497860587201943e-02
1.249207769608727363e-02
9.461729718139778866e-03
3.129111826707733912e-04
2.745247069380236937e-03
8.280955826699758562e-03
6.531919591620347076e-02
2.738503915747593845e-02
1.012764013786207444e-02
6.739953046125840043e-03
7.471308418671755540e-03
3.635316065517908354e-04
6.913820770916161845e-03
1.874224775807288232e-02
6.979549231893079214e-03
1.516514663857083597e-02
3.700773213185359206e-03
1.842173159050577297e-02
3.089270982987966235e-02
2.992399355768923450e-02
5.105414187081619252e-03
3.976961148345892205e-04
1.109043528141817093e-02
1.153164411851436734e-02
1.841111694672867283e-02
3.818156947433294646e-03
1.243775928525880925e-02
3.451501886837015330e-03
2.016085663213326197e-03
8.766777193802102741e-03
8.397216957142593363e-03
7.574505583355595206e-03
5.943787236660351761e-03
1.141292172920705880e-02
1.816953633805421615e-03
6.661761846150732365e-03
8.210361148717777030e-04
1.571951906029268181e-02
8.717874196039424733e-03
2.506147771823245482e-02
5.548592149179022194e-03
3.609761586121265631e-03
1.244823136050012338e-03
1.055906798601393901e-02
7.445947169706591297e-03
1.571269920517752786e-02
6.348471744961044737e-03
3.763422322665873482e-02
1.213933724104822656e-02
1.079525737294506453e-02
2.172223891174986099e-02
2.265053724523493489e-02
5.067127653886863321e-03
3.068070511345262139e-03
2.178716280828541657e-03
1.036987899320992654e-02
1.070670534470005535e-02
1.036473631050734145e-02
9.545037106247225567e-03
1.520321497356374226e-03
1.142365414890730499e-02
1.293313161802554442e-02
1.906956696297255199e-02
5.036923181706967623e-03
6.905400051928793637e-03
1.979981199766908673e-02
9.104605457894328346e-04
2.506060979827135285e-03
5.698192196140199062e-03
3.164940593871651275e-02
1.265404936793654636e-02
3.511597172037005110e-02
1.105465051590810016e-02
9.307730737192479106e-04
4.218212614771738554e-04
1.152711829622168199e-02
6.032896424332606644e-03
2.803531293161687712e-02
1.444585849072662839e-03
8.085778037128562440e-03
1.456416939276109282e-02
1.802084534252486672e-02
2.999296133991604177e-02
1.961264502520934649e-02
1.988792834307642060e-02
1.572727100160849559e-03
2.040652556845221413e-03
1.143556715635355228e-02
5.249916490726227319e-03
2.784555436368311293e-02
7.527620803481785069e-03
7.259030346238120289e-03
9.089502933417314967e-03
1.768688267163953318e-03
3.748249632825038837e-03
4.032381627467213417e-03
1.098005026140228338e-02
2.925213272899001085e-02
8.365393856653965260e-03
4.359275514057039252e-03
1.971488902325048420e-03
4.855946378032867383e-02
1.581435886089934198e-02
2.087032330779883121e-02
7.941269889373148844e-03
3.231557186044453633e-04
1.757191276309303957e-03
1.059708851697650084e-02
6.430029997119484503e-03
2.495956265578847671e-02
5.170224205420480279e-03
6.605171547703517047e-03
1.623895261368491633e-02
1.516682223096986470e-02
1.227117790902536483e-02
5.357795929783809585e-02
1.970256289874122713e-02
2.587917485142570556e-03
3.550069415475455136e-03
2.321725664805730782e-02
4.394579204695971131e-03
2.458364834581597269e-02
1.660772575453078534e-02
1.474491830441779054e-02
3.031990415198235894e-02
2.730352986831439607e-03
3.273279770904530348e-03
8.834261877926234685e-03
6.675115975868427427e-03
3.146731193652787389e-02
1.316523538925623918e-02
9.755490781894297914e-05
5.490061185871577751e-03
3.151237611907174718e-02
1.501120943187518944e-02
4.431834181906586789e-02
1.127358232613606855e-02
1.990035625253919888e-02
1.332090877354881985e-02
2.064907623605764797e-02
9.939998975542600063e-03
1.884210906170321470e-02
3.599555272306388751e-03
3.343334659275159354e-02
6.484774205100572383e-03
2.658104140368399565e-02
1.730512293464002427e-02
6.042968109416654854e-02
6.326427953221986505e-03
1.923996721012461624e-03
2.352609934648837789e-03
2.865651691461631664e-02
1.625074786803567400e-02
2.839105786025973230e-02
2.566144458901456829e-02
3.040433307453952860e-03
1.759361125137718501e-02
4.206323113331463664e-03
3.177100199436577038e-03
5.148031098043306941e-03
8.729960042781578777e-03
3.812532571883395921e-02
3.959726106955094305e-04
4.491377941621381951e-03
3.809219513485562203e-03
2.810855498758835225e-02
1.814926007764242066e-03
3.019914019791426416e-02
6.675949814910165855e-03
2.415399698333042799e-02
1.125827728949111046e-02
8.655566867929797431e-03
1.472667059056791128e-03
5.268785662646296997e-03
2.121168002355980527e-03
3.283687049731827401e-02
1.575275408285140358e-02
2.342757906146204425e-02
8.537475965800105787e-03
6.042968109416654854e-02
1.099080026003763921e-02
1.020528719635159336e-03
4.227619747922729126e-03
2.680017124107469256e-02
1.961642272577597199e-03
1.204910520391248331e-02
1.820146295477160364e-02
4.185258490855929547e-05
7.479806210035079908e-03
5.104372229391767983e-03
3.125812655335499790e-03
5.172052696600717980e-03
5.637582755526986816e-03
2.956151113418023849e-02
6.042322191148486723e-04
8.518981748052157884e-04
5.529842918425275158e-03
9.978760443948983191e-03
6.137408078363819353e-03
3.169358470133191302e-02
1.103012421844893134e-02
4.420082275291370433e-02
1.864969245187322877e-02
2.259054546427290491e-02
1.055480324310322654e-03
6.987226111255811882e-03
1.781915345676873211e-03
4.825395422970013559e-02
1.126517469914881803e-03
2.008244505329442528e-02
1.092659623522030873e-02
1.892766389565102986e-02
2.056724889255891892e-02
5.680144466073545895e-03
2.158638414442356351e-03
1.455464462775330273e-02
2.043961009413088319e-03
1.211752838708957981e-02
9.301730038393898545e-03
8.533573842360842564e-04
4.486382834715322600e-03
1.902094573042520040e-02
7.359191999974686559e-03
8.940190253964471617e-03
3.498342967847053141e-03
1.438998928106331081e-03
4.252594382678463736e-04
4.240721103504931436e-03
2.160964371143647093e-03
1.110069509332277035e-02
1.386535346837982664e-02
1.364926779196117164e-02
9.882272040461341847e-03
3.722657256529530306e-02
1.389858575688414019e-02
6.682786128790438838e-03
6.436844282807626869e-05
2.472960937419508079e-03
1.184261044505207283e-03
2.107922338681052915e-02
7.684604468331107663e-04
5.079454515951190366e-03
2.199173526698716685e-02
1.236194135144224118e-02
3.061726150456316534e-02
6.572531252294148627e-03
1.952103801958803356e-03
1.713631974568148586e-03
5.967661784265750405e-05
1.962991741400329018e-03
9.301730038393898545e-03
2.179835826395416266e-03
1.435558605227371318e-02
1.072473764308837230e-02
4.996761852658642214e-03
1.777438731861837040e-02
3.129768983410208087e-03
2.274113152148055355e-03
1.939515004361062021e-03
2.603654223084247640e-03
7.042158131139166985e-03
1.565793497621814634e-04
1.578044785941563888e-02
1.903393448136494028e-03
3.399107178021071145e-03
1.653401610154834472e-02
1.502443262016857350e-02
3.156218923460553383e-03
6.809953294475438491e-03
4.061847231947675850e-03
5.640485008397495142e-03
2.866979196170933719e-02
2.168141610710081629e-04
1.626418067007583818e-02
3.517492222374947464e-02
1.887369703167125073e-02
4.855343993888938670e-02
7.439267714174323254e-04
1.602789932320258185e-03
9.220529285767467727e-04
3.546704074724652597e-03
4.923839755350897449e-03
3.274709351610104093e-03
2.262145351358564246e-02
9.545592050906107767e-03
4.471058614281092983e-03
2.474361217880189593e-03
7.337231513223943860e-03
9.025548176457186961e-03
7.995828383686757676e-04
5.543978143248534099e-04
1.549979490307082201e-03
2.977639244844827813e-03
2.868124790101898511e-03
1.944748783788359872e-02
3.230259436827831801e-03
3.813105280730998137e-03
2.261580987378328939e-02
1.585355264585591728e-02
8.549052811103730748e-03
6.672845676316123929e-03
4.415407034105419543e-03
3.420119312141776079e-03
1.244715590591108020e-02
2.802604798680074540e-03
9.345113170686134008e-03
6.628189867361171210e-03
3.201812014890430269e-02
3.521383457532777095e-02
9.035765363646875922e-03
6.210696059215745080e-03
3.779071675611969314e-04
1.782694934833731291e-03
3.611975274428949959e-03
4.044107643402324384e-03
2.036857498087633195e-02
1.417908422121034843e-02
1.751810399236963280e-03
1.163865491864587293e-02
8.990136346551687654e-03
7.924955951705715124e-03
1.513674058842074538e-02
4.733966686954835940e-03
3.639327286182896751e-03
1.877774362441906111e-02
7.166200298892715440e-03
1.603928223313424301e-03
2.687092272709039678e-03
4.428866114395418538e-03
4.936229692063712204e-02
1.365384382041999987e-02
1.010052710765770023e-02
1.604946757035085811e-02
3.998912681396764833e-03
5.117232649814121986e-04
2.324942507153743287e-02
7.925543767013897012e-04
1.166149430051323377e-02
7.751499923658162344e-03
1.463851411818627851e-02
1.858075473105793435e-02
1.574991852061839032e-03
5.660274853889623800e-03
7.563936878020319048e-03
7.506207357327617999e-03
1.357681883426185149e-02
4.078311411769226617e-03
2.016595967404208670e-02
1.000203891435970209e-02
6.452711265360473692e-04
9.958870304665976350e-03
1.098682478378344707e-02
1.313587234375798891e-02
1.169433543969140496e-02
1.622646389953387447e-03
9.432879005478993911e-03
5.172703010031290752e-03
1.335969257416916300e-02
3.598849241679755954e-03
2.662989614706580063e-02
1.495964762465556638e-03
2.435084253748982450e-02
2.181923528810017845e-02
1.596244340948350590e-02
1.229287731623916746e-02
7.885534630738183504e-03
5.117232649814121986e-04
3.183173090790841070e-02
1.309195498409954994e-03
1.209612270188638317e-02
7.282369067758646258e-04
2.140307879885046394e-02
1.223395706500962285e-02
1.179253575463371298e-03
1.042993144728575697e-02
6.878528580923553258e-03
3.627240613139912431e-04
4.146839351097046655e-02
1.895506169095590582e-02
3.872161152553593721e-02
5.475901242243377300e-03
9.733219671137473272e-03
1.474693547527768447e-02
1.531798220998138033e-02
1.782558330354634332e-03
2.109150573474683280e-03
1.422720806130070050e-02
1.915105516969027762e-03
1.199394109925322645e-03
1.473846906276024549e-02
5.061595151644443860e-03
1.960111973503725694e-02
5.698231364845405406e-03
2.552310089477280095e-02
2.108385487754217691e-02
3.092906404879111441e-03
9.467782383338941427e-03
8.566195549178335159e-03
3.553773213674572048e-03
3.237728649589868835e-02
2.256283059967026990e-03
7.393387664507011445e-03
2.066426260901203966e-03
4.151514783239318440e-02
7.743231602111337944e-03
1.267899004163016569e-03
5.158317660571674554e-03
1.126841103040704742e-02
5.863730724547508086e-03
1.282057352395205366e-02
1.864188831695794135e-02
4.125720362022319843e-02
3.625250719687345309e-03
6.313185311232326173e-03
3.162744622754801171e-04
1.420381897427151069e-02
1.283927589361221529e-03
7.111267485017180173e-03
2.175941347278484428e-04
2.012393224343558829e-04
1.175119278138502324e-03
8.063269143755352752e-03
6.462581695598054211e-03
3.312962521712563280e-02
8.070270081286681427e-03
2.874067179796725019e-02
3.892296042882674445e-02
2.430105832831198215e-04
1.192276727157455529e-02
2.487357188256588206e-03
1.980305190501910600e-03
4.172359690491377060e-02
4.374863940751025360e-03
1.730304866881684014e-02
3.745829235059904699e-03
3.063176170657981590e-02
8.818917163329024686e-03
7.175978979480451131e-03
7.464611514121997048e-03
1.523160649263916033e-02
6.524458542017472044e-03
2.970845030584521804e-02
2.057114030694886381e-02
2.962524953300108704e-02
1.140902261973958734e-02
5.546851196985989798e-04
8.808993400483534561e-03
1.117916944501818124e-02
4.502690880655507016e-03
5.405840283919998053e-03
4.206149115720965101e-03
1.053539154618128929e-02
2.095080177611445115e-03
1.427456546741891902e-03
6.196442006390955395e-03
2.757420778961133800e-02
1.935958366723378177e-02
3.487134533199524877e-02
4.237759546114283626e-02
3.308767158392431768e-03
1.366695117188787556e-02
3.105921054113763152e-03
5.481455753443826087e-03
6.180184495258764232e-02
6.274999625220656352e-04
1.329675580839348621e-03
8.187226170381478162e-04
4.402211487405763291e-02
3.743330762777077186e-03
1.473906339030281454e-02
1.269235121282962647e-02
4.231999949647525724e-03
8.567666313901444591e-03
1.899401630547747910e-02
1.069852559718003499e-02
2.073402390290526517e-02
7.534363708925843894e-03
1.712616772965918840e-03
1.221250768366287549e-02
5.516434740263080616e-03
1.039413683630583882e-03
1.253714749823733876e-02
1.109229056843308477e-02
2.840678516060126182e-02
3.909739264346703998e-03
8.471775617301289044e-03
8.974921792131671308e-03
3.316544096329213792e-02
1.982954246271023419e-03
1.512782795380170596e-02
5.431751374518093561e-02
5.526461141393661410e-03
9.538593659087624479e-03
1.774380738175114838e-02
5.617264407657857625e-04
7.879084264015438765e-02
2.045542837846052106e-03
1.329675580839348621e-03
1.696590936527248537e-03
5.143862830599511826e-02
5.778587536812615152e-03
4.584401206634496767e-02
1.462380249328735018e-02
5.474643339591920947e-03
1.821599240626643398e-02
4.676585790688102262e-02
2.977341142069152551e-03
3.308399032625441299e-02
4.908864805837510198e-03
9.758164472747038291e-04
1.271829779251734465e-03
8.084817230917459852e-04
9.859683553384414410e-04
1.780479724564625272e-03
1.520395995707403414e-02
1.526091734658925440e-02
1.573715583806641755e-02
2.130564262299500418e-03
9.663534310575235334e-03
1.216878714021409069e-03
2.650013512874027644e-05
2.227419866792906822e-02
6.113990110467261430e-02
8.140605140316881788e-03
2.482675906075314590e-02
9.546005764791472975e-03
4.708579958365601351e-03
2.812984011170447871e-02
2.367485048924230021e-03
1.313432682819587992e-03
1.543739409943703685e-03
4.111629131164903916e-02
1.908910617520296477e-02
5.226058579043928176e-02
9.715540626935231100e-03
1.909371259567897022e-02
2.776677546034922450e-02
2.981410518425917436e-02
3.964398332834048570e-03
2.797161542837443490e-02
6.367601924675136450e-03
9.758164472747038291e-04
5.312795343638840838e-03
6.718806517375846069e-04
3.192749089147536509e-03
1.138812643140016834e-03
3.134525492578639494e-02
8.566137600870186650e-03
1.522310240193793483e-02
1.121160804232016221e-03
1.000898961613852847e-02
7.352811352842819961e-04
2.831616795095531422e-02
2.398583697144359567e-02
5.499083359106551883e-02
1.794631898768518294e-02
1.862734879728207560e-02
5.217313348000414191e-04
6.098357118243793659e-03
4.264591223244941498e-02
2.664876161521390063e-04
3.826031964322887738e-03
5.391323861075579711e-03
2.075436912696092956e-02
1.490300152444993392e-02
1.949535296398174564e-02
2.392521549560646440e-03
2.207635425908453450e-02
1.884608661098968393e-02
3.043435850556571939e-02
2.235404039891496566e-02
1.520327181128164687e-02
2.581589271853496764e-03
9.010284774878517602e-03
7.876515477053589939e-03
1.859800748279544225e-03
4.749113644148580948e-03
4.387329271804952385e-03
1.826910871871693237e-02
7.584685600325118474e-03
2.122943217465812077e-02
2.163830334976055841e-02
6.598289745744171514e-03
1.395227099629130565e-02
1.113324603672413010e-03
6.534320215054703618e-02
4.084800624792731677e-02
2.034533076386026151e-02
2.965459511536078230e-02
2.657871998909987947e-04
7.251732246781239857e-03
3.932673087769075065e-02
1.049592454805625035e-03
4.631941875301758688e-03
1.333717203099812725e-02
1.594234002752937390e-02
2.042846292888178886e-02
1.223101203748712743e-02
2.929366993486167553e-03
4.407369607217506702e-02
5.125152947213430787e-02
5.790366266176003029e-02
1.565981225384247000e-04
2.306333670591776547e-02
2.284023669140909825e-03
2.219449773688568148e-03
4.321898746571725680e-03
3.927044455723022014e-03
4.995917622600954192e-03
6.584657623919743831e-03
2.124334609243427874e-02
1.977109393349770969e-02
1.552907290413070920e-02
1.944457147412186407e-02
1.969515915885664339e-02
1.106910312840166111e-03
4.338765088151296662e-03
4.685751301166765637e-02
3.133768406882374985e-02
1.556917783923292709e-03
1.420995023510450428e-02
7.229003911362811077e-03
8.470927873150999043e-03
7.780140848522782045e-03
5.776953962331903003e-03
2.087217617327774121e-03
1.660343894314962598e-02
2.454258849293817352e-02
1.410553921234346947e-02
3.035408355567691466e-03
2.813091404612990017e-03
5.284556720000392616e-02
4.077594271639268381e-02
8.828017841037796853e-02
1.517090135842602810e-03
3.297775309219715817e-02
2.565663543069570795e-03
1.035098669604299013e-02
2.109163223307287862e-03
1.208232894436289846e-02
1.777017146846333537e-02
4.771987309153265591e-03
2.804168501156802454e-02
1.321098129471390097e-02
2.058739732405659439e-02
2.539162366624064804e-02
1.429725312139713649e-02
1.284271412063402173e-02
1.067958395218392836e-02
3.858325150498966710e-02
3.309892153225095848e-03
1.556917783923292709e-03
9.770233075157204808e-03
2.130288304441681560e-02
7.522855640364693730e-03
3.118033895278786438e-02
8.787133857072828430e-03
1.039528299292790878e-02
1.167416089519779550e-02
4.150723872179952478e-02
1.478660567562753263e-02
5.169897075876927692e-03
4.757994812936826128e-03
2.855683629880884089e-02
6.923138038152676366e-02
3.460587028940771692e-02
1.491272384821875838e-02
1.421978239492124700e-02
9.888106263646886246e-03
1.961316854361377232e-02
8.572368253840494112e-03
1.239977675105032387e-02
1.772011683399956142e-02
1.067537799022038811e-02
2.917775436306078302e-02
1.324898243639620332e-02
5.642654540328450805e-03
2.733417339993872430e-02
4.543326498491245119e-03
1.735667133531424572e-02
7.835850728785710706e-03
2.341085778876458162e-02
4.542466317525142676e-03
1.782096657725799546e-03
7.037375583185390832e-03
3.858406790239229944e-03
1.482556078095487867e-03
1.931938318774857263e-02
6.396701610768504645e-03
2.325549190489690533e-03
2.531006464067168948e-03
3.533959463437143927e-02
1.359454749302506892e-02
3.089336436265242153e-02
3.254210999111675773e-03
1.036384432459764096e-02
5.933739834358144061e-02
2.464017798753375191e-02
2.152077483060256188e-02
1.198097736749589512e-02
1.036129627663741858e-02
5.911605254210403060e-05
1.658635011386575681e-02
1.475182767183739856e-02
9.114495570764814120e-03
5.039654998213051462e-03
4.058693055938495525e-03
3.988572109686130962e-03
9.702103176460155631e-03
8.257638601372359333e-03
2.405361329078544320e-03
1.218589327065756900e-02
4.503596406412684224e-03
3.703065543813927052e-02
1.763281759515438613e-03
1.636832136150956352e-07
7.870363517054772273e-03
3.982792765539335672e-03
2.454151815763639267e-03
1.670557832557544725e-02
7.797923990236877746e-03
5.865912380197287751e-03
4.755399409429227064e-02
1.595790602037919226e-02
5.327862423062224191e-03
2.881949602408385991e-02
5.869496797412686317e-03
4.709641856224635117e-03
2.994789867514101311e-02
3.408287485401951134e-03
1.664494928715095495e-02
2.984932144089229300e-03
1.910325930124728844e-02
1.248499620542867922e-02
7.477816548270661487e-03
8.465652112535828472e-03
2.215525908832303992e-02
1.125717888989238163e-03
1.540744714600692129e-02
5.557467202174720504e-03
7.271330900675736578e-03
7.831425832714859238e-04
7.048919539249471310e-03
4.928493052717702536e-03
1.226132832542263171e-02
8.289075839052548189e-02
9.771583692672405896e-03
3.487309905439173359e-03
2.832953755550033162e-03
7.525912014869887492e-03
1.192898200538661246e-02
2.616421497988638545e-02
2.799564791460969551e-02
1.254527945286701592e-02
2.956309407410947360e-02
2.210991810705014229e-02
9.852439300014281809e-03
1.015603476811913902e-02
5.795078498009791773e-03
1.790841245707250817e-03
1.867125020308048680e-02
1.590801432771696278e-03
1.655225135806655257e-02
6.412109130281578098e-03
1.266025458515906629e-02
6.139808750141540102e-03
1.529114224902897515e-02
9.738512174795788470e-03
1.598854350478831100e-03
3.093315046964574717e-03
3.922804808320302927e-02
3.783575322504610650e-03
9.209550598388963755e-03
7.831425832714859238e-04
4.683092895557024182e-02
1.658306500456757648e-03
1.827821151125072832e-02
3.999740901341092281e-02
2.478646879594363639e-05
2.685421367352047034e-02
1.226886077657242911e-02
5.924703435787093825e-03
1.088831498103842721e-02
1.067546676818410638e-02
4.897497643815349605e-02
1.179285048312696954e-02
9.185970277353928959e-02
1.590874733989843665e-02
1.186879416550155192e-02
2.695078096787125246e-02
8.409436657977002044e-03
6.848160983355007503e-04
1.827115333374538381e-02
3.475859204726043823e-03
1.403385115547595326e-02
8.022651529530877915e-03
3.721790856972875122e-02
6.325448792436245971e-03
1.100649175303318461e-02
2.593562347874226598e-02
9.463623443647765227e-03
1.205720681027665220e-03
1.464375122038105020e-02
2.156680242311764806e-02
1.256761733912476094e-02
1.616326649683057746e-03
1.305029012961607567e-02
3.737277545446104302e-03
1.337416381247113865e-02
1.471238039895032997e-02
2.234613251430488459e-02
2.658597501232956573e-02
2.148089831890588955e-02
9.661393090255590219e-03
6.401432785979937687e-03
2.346587857225315710e-02
1.576019760228879185e-02
3.880924617188514711e-03
6.708550016167313945e-02
1.845617614761164635e-02
1.563682500366988040e-02
4.056818065515113703e-02
6.364404129367855559e-03
2.393355021941797472e-02
8.355509185774240288e-03
4.206634050354657837e-03
1.164649322695598434e-02
3.266960769690643862e-04
6.720164715719760540e-02
2.961305008398644641e-03
1.192804713357685162e-02
4.130710178237340796e-02
2.432567747020128544e-03
3.253561763730664948e-04
1.746347162346432655e-02
2.931608653973215989e-02
1.305483991594508057e-02
4.245172925416028711e-03
8.211064915726484781e-03
1.750794370924044219e-02
1.613039048148149496e-02
3.053919478786900309e-03
1.247882266605588111e-02
4.858439340498331774e-03
1.123847860096959493e-02
5.973968103045249056e-04
2.937101454695275910e-03
2.856655585051068313e-02
6.086452075622894239e-03
3.263588453265892260e-04
4.726617592356619629e-02
1.347387835500813563e-02
2.042937381797412313e-02
1.631957567464601550e-02
9.581171343492778797e-03
3.889379138818644527e-02
1.211969176612056297e-02
2.626146992968005772e-03
5.308969943096187921e-04
1.277160638381653023e-02
5.321654269369784085e-02
1.001291193619515546e-02
1.466673958389258514e-03
2.973021051649180763e-03
2.488715268852030333e-03
1.604864176311616986e-02
2.501375393630149088e-02
3.032153576307601572e-02
2.970922745205255636e-02
1.128189276892590034e-02
5.843601196574250284e-03
3.230333454419482414e-02
2.236043504803489693e-02
1.223406185762301868e-02
2.175145683061836116e-02
1.285497597535497499e-02
1.183493578399400989e-02
5.632604291063264242e-04
6.766934060930956951e-04
4.157395475627844762e-03
7.372030462519124465e-03
1.106978894529215022e-03
3.943278478512548396e-02
1.410141986448570570e-02
1.327854881823465477e-02
2.788350784208150357e-02
2.166258206827662014e-02
2.843422833524627408e-02
8.285128467810027805e-03
1.013712143510353894e-02
1.219647339062171487e-03
3.195843952217135298e-03
4.458414753350437021e-02
7.727541882395662712e-03
2.354091262965631905e-03
4.030968923840316971e-03
8.467044355878913103e-03
2.511471179482172716e-02
1.907307211525939919e-02
4.022818065646664720e-02
3.468973297630308789e-02
1.293243724625758179e-02
1.164280060987355273e-02
2.798014459465522283e-02
1.345048473380366233e-02
4.332779734902572968e-03
1.680336237086059101e-02
5.805882546411642552e-03
4.550170920931358165e-03
6.584689563713516311e-03
2.583948298907129924e-03
3.589774421798098275e-02
1.075638679986706120e-02
1.025443494359686708e-02
2.844652728686463544e-02
1.606679557398782432e-02
1.173002500239007234e-02
3.035302834763657642e-02
6.971636111607883331e-03
2.175125254766859320e-02
6.077759140402894458e-03
1.013917921382660042e-02
1.373014874506077454e-03
2.321907486662352915e-02
4.458414753350437021e-02
3.168914563897298753e-03
2.105516280495367369e-03
6.552967441754840860e-03
8.382935056335116472e-03
8.207566370858180443e-03
1.526587169096918148e-02
3.665682072170987210e-02
1.988812413179044669e-02
1.928577738647220541e-03
6.887597640082243795e-03
2.824087748981866583e-02
2.306694765380220766e-03
7.585586169743255974e-03
1.750959246482883258e-02
5.955013880348331012e-03
1.414849132240698568e-03
1.280483045050415103e-02
6.330545006692262985e-03
4.158296762787735967e-02
1.493548992258581995e-02
5.887240409380781192e-04
3.229685423481730433e-02
7.927742119154604361e-05
5.164987835769296876e-04
7.571934346563158162e-03
4.214063154640472833e-04
8.563849408620280088e-03
7.406354766259252639e-03
4.112306496791291732e-03
1.549167871706596394e-03
1.863442367690213569e-02
4.808766004065928579e-02
1.344718576630487758e-02
1.161795590768268695e-03
1.435177554961221402e-02
8.282729901174042467e-03
2.101654255024131262e-03
1.131587814574562187e-03
1.142534626903995640e-02
1.531350200951621734e-02
3.180379220684496390e-03
3.920463722508822635e-03
2.797062134303515343e-02
2.638075560018751133e-03
2.757003616280526235e-03
4.060611241099862379e-02
1.116770180063858184e-02
4.659846091043140515e-03
1.472557742192391952e-02
3.944086471251365481e-03
1.723515621936036468e-02
1.390920634684851553e-02
1.249266299199409264e-02
1.625306774631576912e-02
1.073979922063388829e-03
1.275340344078928524e-02
1.213046444333090376e-02
2.570709158492918457e-03
1.660697499207644014e-03
2.444444008001386056e-03
2.850332380603939550e-04
4.096844638772337635e-03
3.379161028471599527e-03
6.409655443171638489e-03
1.190690605272421224e-02
5.299585116532086818e-03
1.078966436757878775e-02
9.107690664616356624e-03
1.403293242409123232e-02
6.354968819644816330e-05
1.524257032597887279e-03
1.634179292696075897e-02
3.180379220684496390e-03
1.207019928467258085e-02
2.528694695993739111e-02
1.026095377198724297e-02
3.869942979270964145e-03
3.946499902979247465e-02
3.456394374132118474e-02
6.034136420165706755e-04
1.326381151041000975e-02
2.463924498799826765e-02
1.905057329978424724e-02
1.170669877001049262e-02
1.798038779015333558e-02
2.743571026904206150e-02
7.016509936784778856e-04
1.094204937971462316e-04
7.221026089273460333e-03
3.017521551473513561e-03
7.354742453121754578e-03
7.937807514068443912e-03
1.708851672343067885e-03
5.746020698182738307e-03
5.212791140060880901e-03
6.409655443171638489e-03
9.296236114864908640e-03
4.876674046192520408e-03
8.300569071378507968e-03
1.219308082730374138e-02
9.147095780698040121e-03
1.748369835532241102e-03
1.009833471121089968e-03
1.782442608181260268e-02
1.253293122753099467e-02
3.921177385039359420e-03
4.041473483332012895e-02
7.402872641562686234e-03
3.694530795959979474e-03
5.758817353673752887e-02
5.054951358013539189e-03
4.702207981666413870e-03
1.442870694834308409e-02
1.915319941890259586e-02
3.311265041108833046e-02
2.534762666813176590e-03
3.284136279196401415e-02
1.184445405833454631e-02
1.160525247362986789e-03
1.122461622916395320e-02
3.925854591450847822e-04
5.662804136784427983e-03
1.829723761462988957e-02
2.831034165815546344e-02
5.111041707485588538e-03
5.525537829706330187e-03
4.025919053557171917e-03
8.609717595700953213e-03
6.558500964538823037e-03
2.410140438001508612e-03
1.931660283210060412e-03
2.672483705477716326e-02
2.073492812833812801e-02
7.545285440414059705e-04
1.009833471121089968e-03
2.269612144293144985e-03
2.001712337989605683e-02
4.043982106246381270e-03
4.710800745134931244e-02
3.887802006759690995e-03
2.763781993438478059e-03
5.198541576567462102e-02
4.450179183635868951e-03
6.885071675016327108e-03
9.007853335639047498e-03
7.841927211923834656e-03
3.009426754289550032e-02
3.412665930168823532e-03
2.613175212632885824e-02
2.451377023507226097e-02
2.519114978858665380e-03
3.136878116858945326e-03
1.342170293702569161e-03
5.613780711403400236e-03
2.720638091367695230e-02
2.956280664801836516e-02
3.676718062928463482e-03
1.078586154986243932e-02
1.270243007140189721e-02
1.081955811540536751e-02
7.589044008477111025e-03
1.989572576027311829e-02
1.131468435441088972e-02
1.959413864761644364e-03
4.499408205448134773e-02
1.131683156396223744e-04
3.375148956406178770e-03
2.910155633861245816e-05
1.590529593149780235e-02
9.442107195736503325e-03
3.869142451899569568e-02
6.654081252359959377e-03
6.213430687149197607e-03
1.478021671880096199e-02
4.103858568366029747e-03
9.064472458838811197e-03
4.088080422401357827e-03
1.028166868720250746e-03
1.097475784463732354e-03
1.022132393736270052e-02
9.705979499486930978e-03
9.595582857440854499e-03
5.593261216548291864e-04
1.904420239399979859e-03
2.713590386230094881e-03
4.403190941850082703e-03
3.058269754850543101e-02
9.867650452167489594e-03
5.427890972686307686e-03
2.967574906891977480e-03
3.489761699337749074e-02
4.254115689656336532e-03
2.160624764586574487e-03
3.306089295212362444e-02
1.439754031335308340e-02
3.270727682475453937e-03
4.498968138989106746e-02
9.788543134848037494e-03
2.641693706361904377e-03
1.205950467856166690e-03
2.596679023851988441e-02
5.964370017530419912e-03
2.079586371904369388e-02
7.885916812315485469e-03
4.350849114723680938e-02
8.040860414024790731e-04
3.727185594692318657e-04
4.900264379969638748e-03
1.660974040260405210e-03
2.486419934565174076e-03
7.534683815806656956e-04
1.679761680079484842e-02
1.052569607745776521e-02
1.360798557448691590e-02
2.061289196475902391e-03
2.730444627448893463e-03
9.597722680365718129e-03
4.475311038859742727e-03
1.626651910135478232e-02
5.394686305815549199e-03
1.297420977345035975e-02
7.376728606719687876e-04
2.286105227679594704e-02
1.153915077937990412e-03
3.420161803666391370e-03
1.449121499809509495e-02
5.022010080923816622e-03
9.112395070305534528e-03
4.498968138989106746e-02
2.821966841951900964e-02
1.492186101081467535e-02
1.023122473888032381e-02
1.432001838730433824e-02
5.575824113029925755e-03
1.341925950343186152e-02
7.432445000405118844e-03
7.492163200176962801e-02
1.731331853411387147e-03
1.296248453707444289e-03
3.226831415780560906e-03
1.006620396512069963e-02
2.724181651274623205e-03
4.975723954434019269e-04
3.952600895417291565e-02
1.052569607745776521e-02
4.708443037238106352e-04
6.100032698284558672e-03
1.400869313500479295e-02
1.366855390743610364e-02
2.739621211785631810e-03
1.403770571621618980e-02
6.527031402815081616e-03
2.240623331459344961e-03
1.126429045287782177e-02
2.273283932936159824e-03
1.008128813944183383e-03
1.486039038308866085e-02
3.596236787262231671e-02
6.468279479058015868e-04
4.584868241857765342e-02
1.391647497070115647e-02
2.311409466703987989e-02
1.050083433528191043e-03
1.669049387204194976e-02
1.091083447715885529e-02
2.936658733552968345e-03
1.319072822267205319e-02
6.497896497697381105e-03
9.814874324493719215e-02
1.224006768379581889e-03
1.783308989050827941e-03
1.041300190080023808e-02
6.641405789920652725e-03
2.724181651274623205e-03
3.141858657293987445e-03
1.541669270094291055e-02
7.196162620011908873e-04
3.873439499511679637e-03
9.922597434958274273e-03
5.749502955265907433e-02
8.200998147002848404e-03
2.998226822889027855e-03
1.991001236670900815e-02
1.830353334902015683e-02
4.442579137029259786e-03
2.964196880759838171e-02
1.716364846890168841e-03
8.321509372914621429e-04
1.481368247699797226e-02
3.087161314155797975e-02
6.176584559705934098e-03
7.869853645711144541e-02
1.180915477437641768e-02
7.905232266986483153e-03
1.028896202950516916e-03
3.096909708960541782e-02
8.248795184671732506e-03
3.955212197015080949e-04
1.630388788449201737e-02
2.747587675168654611e-03
2.072689712594606021e-02
1.958627703092264555e-02
2.144976903169774907e-03
3.478631474206746177e-03
5.516011984949885372e-02
6.769331075656361343e-03
3.264327388249898404e-03
8.315768639835574572e-03
1.441695507231686990e-03
3.279283755813261828e-03
8.808934052101247830e-03
2.041214177905651891e-02
3.471351862892286394e-03
3.770365930433790258e-04
1.870243254532310065e-02
1.099700577761897856e-02
1.864878263729063913e-03
2.024806636264898929e-02
2.639592717400371033e-02
8.797174020681031159e-03
1.136679748668357505e-02
1.806035931642346881e-02
6.401983104913270758e-03
2.673281849427924448e-02
1.346836949724440277e-03
8.213594271812146852e-04
1.875936989692585620e-04
2.169645411585299083e-02
4.879985606020399540e-03
9.889997530973679285e-03
1.619705891484797197e-02
2.637951201682422683e-02
1.186354611987485569e-02
5.539121850577969491e-02
6.812627355027869869e-03
8.188868031348602722e-03
5.909101078855646949e-02
2.806410410404333242e-02
9.539124226570752998e-03
3.988189077814889572e-03
1.172835404708159890e-03
3.245770149912665867e-03
1.269544751130283720e-02
8.507816439789477048e-03
4.886125887662592579e-03
1.383812329505841252e-02
5.059532279416859013e-02
2.535550819209083512e-02
7.055461331041232471e-04
4.522180739860910681e-02
6.480344259331285474e-03
7.133499324560909141e-04
1.026618258575519825e-02
1.105420115630506746e-02
1.434183616317144007e-02
1.409065026494323372e-02
2.564306368619099358e-03
1.951359879711163023e-03
2.747843635146619140e-03
1.735252668988308822e-02
4.522017953738783833e-03
4.175507184056419588e-03
2.873193599620242622e-02
1.569488073020072760e-02
1.378033963634235463e-02
1.002980708908353912e-02
8.425828527732805162e-05
1.732832021782675829e-03
1.536157938315227747e-02
1.610415394387364890e-02
4.011575240212221505e-03
3.574193302922313784e-03
2.681651232171204310e-03
3.177071174273564391e-03
2.391359545749524584e-02
4.446025265746162206e-03
1.297596584848192784e-02
7.798602748257442950e-03
2.925259067939602053e-02
3.313361629547999232e-02
5.766809669724679704e-03
4.470017367929363106e-02
1.915953585840622295e-03
3.837318536101375251e-03
5.816706916962521151e-03
4.756999383849045901e-03
1.009832030062903820e-02
1.571294236991632037e-03
1.316726203727040063e-03
1.560469810059386848e-03
2.241746536283071092e-03
1.022578274648859760e-02
4.252496079438641136e-03
1.005570504474346746e-03
1.769881328857785679e-02
2.025778791388219841e-02
9.174793066606573219e-03
3.657296020975859055e-03
6.285382985972646358e-04
1.368453881591232685e-03
6.822972837372627032e-03
1.622100349212627149e-02
4.040455243153343902e-03
1.722199206428176848e-03
7.985247131527661163e-03
4.583623099821662649e-04
3.126378340137088430e-02
1.333721476276191441e-02
1.417452493913769554e-02
8.023853085537884997e-03
3.040215697877853701e-02
1.755198414227798070e-02
1.189747413236061022e-02
4.205594797520072203e-02
1.481209320045779113e-02
1.418581616029855261e-02
1.643925227185309701e-03
1.068043772513319230e-02
4.082361436206177578e-03
3.851301587076564129e-03
7.060574095199913290e-04
2.991172448197854106e-03
5.559204627898924576e-03
1.715594719632963783e-02
6.024567116857111430e-04
7.796524246094126837e-03
5.628478805695905952e-03
1.334988790577745082e-02
6.668310059779265081e-03
3.180886095769883126e-02
4.341414546516016507e-03
4.601581168092892457e-03
4.206901255242380053e-03
1.328461278649931479e-02
1.156955316186425442e-02
6.372485819668740649e-03
7.968270945322049326e-04
4.337283152273640682e-03
