1.933301235258251538e-02
1.719093637319057608e-02
4.579210022407274178e-02
1.113235796572934963e-02
7.175188560786757187e-03
7.689684302137797869e-03
7.429825686141823538e-02
3.792499104900252938e-03
2.044250881458114719e-02
4.116244061214378858e-02
8.582472056339232602e-02
2.217870093375665097e-03
3.831920315237237473e-02
2.148851886308957015e-02
4.054158709874523814e-02
3.109680290225395882e-04
6.566917051674909384e-03
4.503986155691644400e-02
2.114954518131330428e-03
1.533199885648390236e-02
1.888238390161246089e-02
5.448683010656800441e-02
1.484236687533150439e-02
2.017399257005252772e-02
4.293253634001577279e-03
1.264977688136331713e-02
2.718808851642467994e-02
3.748690806001989811e-02
1.774678065250002990e-02
1.038537957656797926e-02
3.947631291910637386e-02
9.130478622275799497e-03
1.596436062735879721e-02
1.451937542205590341e-02
2.794465053028093865e-02
2.968243251891117956e-03
3.023248273754199078e-03
1.123076115368161834e-02
7.520908581400821691e-02
3.485998413724863965e-03
3.293126222870217112e-02
3.360666526547338717e-02
2.405630740705807027e-02
1.533155486544733256e-02
3.853192795481335392e-02
5.287894655406345096e-02
1.852322973679716017e-02
7.696977085922306408e-03
1.161212457230034745e-02
2.904205604703563939e-02
1.354270120748600481e-02
2.551330628282744151e-02
1.884622760200343680e-02
5.101722253291265941e-02
2.047474237181700144e-03
1.554376936039142919e-02
9.706035739395716538e-03
1.431455095394467379e-03
1.015243148683661265e-02
2.717009632361783167e-02
6.066568074365970981e-02
1.553379553154372004e-02
4.272214357162408549e-02
2.682966012542885997e-02
7.231714645304064722e-03
1.927045600376245740e-03
5.749547365460784716e-03
7.533125677838175237e-03
6.972888276124036833e-03
3.045753057139072555e-03
6.745143552372616369e-02
4.462986820474145605e-03
9.109634993280974966e-03
2.331101728601482279e-02
3.998419396671074738e-02
1.531935011672324459e-02
9.838030562417422742e-03
3.500967390210191210e-02
4.062304216743535534e-02
1.837547044514709765e-03
1.627407076557492102e-02
2.928766429576139252e-02
5.688296809519055586e-02
1.531821107717576923e-02
3.298794654433874485e-02
5.224788498852121765e-02
2.175246174513970586e-03
2.008249088869692566e-03
1.455057772816424622e-02
1.536082819965252366e-02
5.979933991644880570e-03
5.609663836130482362e-02
3.638351923532202881e-02
1.591108315221612113e-02
2.384609977996741265e-02
4.259132523716370466e-02
6.716587083253561588e-03
6.584186014348365062e-03
2.347430820748040367e-02
1.977092662453945604e-04
4.310918629617218126e-03
3.038998441620964844e-03
7.969849397773069721e-02
3.179136575909470575e-02
1.063872290538619980e-02
2.697821208159833367e-02
3.410256281655346666e-02
4.113856644364541695e-03
9.575472137899778205e-03
2.585489476068033102e-02
3.433735143407406348e-02
4.452787266461224330e-03
3.551459807534462776e-03
5.986004800989443153e-02
4.449653322781415427e-02
1.468441318385065725e-03
4.987679337370318211e-02
4.656622623457212090e-02
3.580934925333091601e-02
7.250752080105042456e-03
2.627262149635152186e-02
5.286444109324764905e-03
2.367429291588959289e-02
2.642022039482794932e-02
2.140072249959393269e-03
3.367586666721889693e-02
4.730166642600970583e-02
2.730154751857239576e-02
1.544296825403071753e-03
9.224068122694979374e-04
7.852072923070739507e-05
9.474676354752896781e-03
6.624806002745689537e-03
3.427265970174059664e-03
1.749140519924387294e-02
1.104767173115499684e-01
3.175978671702614844e-03
2.102373652586127760e-03
1.159812354886141303e-02
1.645873736205922394e-02
1.438211604680796583e-02
1.928155798805937862e-02
2.529070557771972289e-03
1.884461599811018684e-02
6.200264506311638918e-03
3.151953234087474798e-02
4.044902689562540621e-02
1.381228253746964729e-02
2.671835052316097470e-02
5.241271121967211455e-02
2.376329717267424563e-02
6.299949957694447183e-03
5.184585012162776230e-02
1.302597620156629651e-02
2.581370646347016032e-02
6.485811834833710154e-03
7.606133647226589328e-03
2.501023058188648479e-02
3.834714562427902346e-03
1.780677309295673749e-04
6.259746121227602322e-02
1.204000493092068948e-02
3.160814017397027033e-03
2.553053629524004026e-02
9.190642974239245436e-03
7.722627199341687391e-03
1.741920505444711012e-02
1.961665912421214561e-02
6.894995859278614525e-04
1.632269770206857401e-02
3.136849756071182632e-02
1.771741291000237389e-02
8.289196440962955797e-03
1.410181467178636683e-02
2.349184670841394408e-03
1.144830070854575138e-04
2.595425233234990511e-03
2.610967681735918214e-02
6.876179707766577609e-02
1.443287165367778541e-02
2.835847907167722906e-02
3.065961885455999528e-02
1.620613951036982414e-02
6.062039753491197357e-03
2.439714821379831283e-02
2.112973191567727241e-02
3.388451158685990006e-02
1.760175045261522242e-02
2.111188420290095735e-02
1.772218692528635536e-02
3.107486967843239162e-03
1.998883956568761611e-03
1.009096943991844020e-01
1.960656619996734712e-02
3.824972473152188704e-03
3.026164637607634683e-02
2.161206714789993405e-02
6.626440718415705332e-03
6.597298797371348167e-02
3.065091657921906448e-03
4.813323554785305797e-03
1.695734550958889406e-02
3.625710767760832037e-02
1.206755910265491782e-03
1.188960583900369392e-02
2.006619688950474906e-02
8.143088214074414161e-03
2.076334187244493340e-03
9.215922513697055035e-03
1.394493355984626967e-02
2.190766888768052104e-02
1.726618970917222565e-02
2.298810372828320736e-02
5.935766400440940088e-02
2.390462314343293898e-02
3.251032321571124817e-03
5.887595065297656499e-02
4.406936573107786241e-03
1.840379648871332680e-02
1.181375495931596270e-03
4.990457160272023657e-02
1.747625160214033579e-02
2.622692361706938959e-03
3.660174992212391655e-03
3.457601905733121567e-02
4.874614510970281048e-03
3.009219655625479731e-02
3.820338893229105470e-02
3.876834528137038799e-02
6.068603597597018416e-03
4.982374184204064679e-03
7.699372393321267383e-03
5.125824345576047991e-03
5.207226747490495411e-02
4.133446792953478915e-02
2.353863372552967084e-02
8.054102857118616149e-03
6.965046751146888870e-02
2.581221718602210585e-03
2.160230503651170558e-02
1.754178823930874209e-02
3.126300091462521497e-02
1.911917982228827917e-02
2.459609030082550440e-02
4.838286376018072210e-02
3.091948509156885669e-02
1.803853903978348827e-02
1.783313087794248519e-02
5.630618861335030811e-02
1.074949816159056701e-02
1.027444530630108616e-03
7.259212169182169272e-04
7.233838323823312162e-03
3.017999669285654357e-02
6.108584867865899173e-03
4.420848501867187356e-03
4.047131706670244189e-02
4.692031144227191974e-03
4.042425542850716300e-03
7.760289267557686499e-02
3.839762047022759334e-02
2.417219829596992803e-02
7.657005893518913954e-03
1.877510567261734056e-02
4.684595514963423024e-02
3.675564121404496093e-02
2.827706249517263765e-02
2.281518996931876375e-02
1.674655130473778203e-03
5.042737308019205889e-02
6.462532194261808027e-03
3.113392339753193183e-02
1.942516805917857831e-02
2.133571861184235807e-04
1.242597464116631384e-02
1.894199238031907609e-02
4.187228941049921799e-02
5.637961693606093061e-02
2.401060690650465984e-02
4.156331052939576248e-02
2.027233933636721913e-02
3.230169423705506887e-02
5.754197864081879790e-03
1.647029834182147517e-02
1.091964347831266696e-02
2.062305117288824874e-02
1.520564683919717330e-02
4.176114738814571889e-03
2.331226002991155372e-02
4.757685585649424134e-03
1.605565819290371427e-04
2.816510766496661475e-02
3.567671976843241055e-02
6.318271040947928685e-02
3.353580051752511667e-03
2.486644693676598461e-03
3.365449350038000886e-02
1.830374993778495843e-02
2.388971337941356993e-02
3.526084147794835560e-02
1.808537128152841802e-02
1.071116323893008121e-01
1.042509088034120936e-02
1.134173688940123999e-02
6.511938273351051097e-03
3.027245218034268701e-02
3.664726363612293147e-02
6.111643827923541467e-02
6.933545405314652660e-04
4.590460576354835065e-02
8.087546217745947286e-02
8.173124776417808879e-04
2.298507686910805647e-02
3.306427795073421660e-02
1.281374853178667006e-02
1.527830360729518291e-02
1.652333380360886117e-02
5.220686688790251821e-03
7.213823337664926685e-03
1.464788322689258848e-03
1.779083346940414298e-02
5.817081874815810058e-03
1.859017764514849305e-02
7.109676595563300949e-02
2.013314645845522971e-02
6.324868730626340141e-02
3.807624966406793210e-02
6.491941970899364582e-03
5.142927717157125961e-02
6.778154354433541320e-03
9.387061630687570241e-03
3.251485628278571322e-02
2.701441013343116801e-02
7.601738822499409798e-02
4.511139086103348184e-02
3.342272277008292471e-03
1.546436549498300152e-03
3.920059320838724555e-03
1.216782299181345950e-02
8.306145470053295787e-02
1.233835657860883790e-02
5.990640191236099033e-02
6.193936727131300196e-02
1.465592761433183282e-02
3.387452635655381628e-03
1.559691107962645797e-02
3.570658057863621004e-02
5.682915475938308397e-02
1.308163762200208018e-02
3.469405055092410206e-02
1.579425287125438846e-03
2.691627648120385741e-03
2.064799356859024076e-02
1.309015092352581490e-02
1.970959394377823359e-02
3.149733703508215965e-02
2.594917692804116216e-02
6.977422716199983832e-02
5.116737314538337411e-02
1.259935656396352771e-02
4.076044481021783017e-02
2.447142810754641962e-02
1.835385204397829359e-02
2.521685832434788707e-03
2.118462861307403994e-02
2.752479237936039311e-02
6.152270143693946286e-02
7.668838053043580683e-03
1.782181442952564254e-03
7.636172357868287186e-04
4.235662219840313769e-03
2.586078198336755340e-02
1.639643549162619895e-02
2.993789675239583864e-02
5.074757441269134306e-02
2.135560486251152426e-02
1.843506041347553817e-02
2.035365977163100179e-02
5.337824526450241081e-02
1.919167866364193328e-02
1.670607821192401227e-02
2.290079992820424903e-02
1.096689753167085640e-03
9.604168338149213224e-03
1.209737272451894691e-02
2.826963806248331684e-02
3.173494219292581631e-02
8.751319872336901784e-02
7.438418022097386013e-04
6.814596330529266999e-02
2.907649803314890299e-02
8.870458812771098156e-03
7.818637860126033401e-02
1.164124043841248055e-02
5.951928218046360908e-03
1.160028390382836921e-02
1.812850275186219176e-02
3.740441742353299223e-03
4.536713528691909553e-02
1.578352516772211708e-03
2.953138106933115431e-02
1.043133628653418986e-02
1.249437528778846174e-03
2.558727878749636822e-02
3.321492538013399998e-03
4.964782156392608115e-03
8.749412095527583921e-02
1.122587267428043142e-02
1.214568502616546891e-02
1.259194325358217736e-03
3.050169784652050770e-02
4.623795155555311676e-04
3.030564989342292466e-03
1.078793517385899167e-02
1.451863874210659704e-02
1.599871935452990696e-02
2.160030916743455737e-02
3.407617944824113676e-02
2.059018453891980557e-03
1.602731870768099240e-02
3.947955175359979529e-03
4.584996827453568374e-02
7.895635993097016581e-02
6.081209255454320638e-03
1.435513907884421354e-02
2.147968250115178668e-03
5.732445335688146626e-02
2.762917145483810913e-02
4.069520905305551439e-02
1.488154452015762359e-02
3.430113500818741945e-02
1.852279844393089903e-02
1.674251857172976560e-03
9.656276878859358648e-03
2.932008394253581007e-03
1.059205008148771630e-02
6.937218322915564284e-05
2.268937860673105739e-02
6.421296874170004387e-02
2.905657993378552711e-02
1.780971908179273047e-02
1.200972569551417984e-02
2.266442604116812587e-02
1.627759687616878170e-02
2.590084291456240875e-02
2.678444873167098658e-02
4.976465211959943402e-02
1.182139695565615108e-02
4.467759774816712492e-03
4.035260816415943419e-02
3.021515297701743256e-03
1.226014621643689573e-02
1.997224380676316559e-03
5.635244922493603398e-03
2.422403292193649194e-02
1.095038395554878176e-02
3.720739308027576353e-02
7.282342916824621239e-03
6.951175625664744381e-03
1.402171937924646603e-02
7.082914382209110071e-02
1.185754509689360484e-02
1.052817159623973230e-02
4.215002508742238252e-03
1.229287608000692936e-02
7.171700070619285196e-03
3.922281841762648852e-03
1.080647032056034768e-02
3.109696310032006479e-03
7.919881340002653258e-02
2.574912942187485704e-02
2.300636372588985359e-02
1.906093163647968203e-03
1.283152009010242803e-02
4.045617851926458508e-02
1.794856612523360040e-02
3.185946161376816254e-03
3.676536022227000402e-03
1.214805921551228261e-02
1.478728482399944803e-02
2.734294696932271923e-02
4.425621686112263947e-02
1.313949344068065725e-02
2.971096185104412854e-02
8.410731824522697797e-04
3.037232887478823196e-02
1.620581817351142428e-02
1.120605909089352620e-03
3.250774011983258854e-02
4.843677461746772120e-03
1.116485008390861663e-02
2.845771139017405985e-02
4.343626666623726096e-02
1.837322076684198141e-02
1.051191709727340162e-01
1.487218371676725555e-02
5.399896010834952242e-03
5.776626550646202229e-03
1.035356630233920210e-02
9.758256924176703789e-03
4.128581059814950827e-02
5.447103774965990353e-02
3.587568952110643805e-02
1.268341826392493802e-03
5.365561036231806212e-03
2.155729185830171368e-02
2.523662174882723708e-02
1.882297600742500326e-02
2.628504401504724863e-02
2.522025889760943357e-02
1.412157763238295477e-02
1.536344708610601698e-02
5.205628346102832843e-02
3.206900263720012523e-02
2.170130338760688921e-03
1.321873485396374108e-02
2.217115029169992521e-02
1.662435059523928796e-02
7.121996041015567908e-03
1.545601646523633160e-02
2.864910052853597219e-02
8.104937227647738759e-03
2.390436554560567903e-02
4.496141354600375478e-02
1.037273722667756831e-01
1.772763559419548302e-02
3.166673658198405905e-02
1.612271322666854884e-02
1.320706205382079883e-02
2.079010749915929240e-02
3.022787880274730582e-03
4.142578768151492646e-02
1.593324369501241539e-02
3.018977872802180301e-02
1.850485496193201782e-02
1.805491096396974471e-02
2.751895323500518076e-02
8.671426184949475313e-03
4.140270676647320180e-02
9.150078455532119695e-03
2.570064206019028255e-02
1.142062613852287169e-02
1.488937887350732028e-02
1.199936491698554153e-02
4.633471064123632910e-02
3.462480125287387134e-02
3.928283510256053851e-03
7.870815759549827303e-03
2.172459503612453324e-02
4.149958061321181238e-03
2.415320777436781585e-02
4.239914877237928315e-02
7.986377208072607814e-02
1.448537606846218850e-02
5.002882172277546557e-02
5.909347719366322277e-02
2.853589460671439315e-02
6.041130771844177572e-03
4.662170725207304134e-05
3.840985352154750558e-03
1.068153931619326459e-02
7.748326893091898003e-03
4.339154281854820314e-03
2.123548903477342001e-02
4.219129023690376679e-02
1.987501539993271477e-02
1.689822831331290812e-02
6.452130140889003086e-03
4.200677951942562854e-02
4.555546165919600703e-03
8.487943675336300300e-03
4.576135326173187690e-02
9.666374940889971984e-03
1.404290392409303367e-02
1.231413813919390518e-02
1.093979376416026258e-02
1.761573629031078919e-02
4.816352131969133844e-03
1.854213895103156567e-02
4.547895167789878929e-03
4.072741542828871297e-02
1.187043562579509146e-02
2.422233388433394849e-02
9.033283017503108969e-02
4.200593739149237338e-02
3.067984299768911072e-02
4.759920669707719959e-02
6.812592505807349430e-02
1.197504468833205174e-02
7.620239681125871856e-03
1.245001418443379693e-04
2.023169186998544783e-02
8.043382396035940116e-03
6.803479958354454252e-03
1.657992232259671017e-02
2.597895372198250410e-02
2.139816925135810607e-02
1.126399077181117724e-02
6.700695160287320311e-03
1.508443190154753512e-02
2.240614448460537256e-02
8.508001485852990931e-04
3.219493008830114078e-04
1.637961770427154296e-02
5.160115401940924829e-03
1.312033886301385358e-02
2.062887131129498980e-02
1.670100827077587724e-03
1.958409520525363628e-03
1.232501427772416877e-02
1.365974600524313444e-02
4.471389170884920716e-02
3.256851281627320960e-02
2.062880709949749952e-02
2.228436235338830673e-02
4.194056094892296971e-02
2.589315857356721401e-02
5.872575987154675381e-03
5.399048193887007185e-02
3.596910616405961381e-02
1.051450707870652326e-02
1.345458721007891829e-02
5.608487655622450101e-03
3.869452738408903775e-02
5.804817724689757298e-03
2.318312390761657557e-02
9.725303705540675608e-03
7.068083790141628520e-03
1.760697464822686895e-02
8.612969511710409989e-03
4.173731397240230262e-03
1.022553467309923747e-02
5.406785019067982326e-03
5.822284938346720257e-03
1.083836168490879236e-02
3.277339750777116117e-02
1.089924239322904997e-02
1.718264420900758593e-02
1.143481476270024125e-02
4.312119361886011283e-03
1.029405355297495148e-02
5.338521892387416284e-03
2.856936311742589666e-03
1.092875415395991659e-02
2.199492150719284042e-02
3.889358986673654116e-03
4.071752418484295838e-02
1.710921841830847362e-02
1.930386713583311445e-03
2.539689406824152847e-03
4.919748234401286752e-02
2.783002005971247500e-02
1.633010307201919822e-02
1.583757685065977083e-02
1.778228841911196761e-02
4.229028694691083778e-02
9.214764514866568071e-03
9.345037823353170847e-03
1.189990188198768520e-02
1.184634631988188899e-02
7.775194416451452345e-03
2.758923514985508335e-02
7.528730612866789407e-03
1.207173203768312740e-03
6.773112427775417055e-03
1.613996645782745862e-02
9.205769427391242987e-03
4.000144288511247453e-02
2.296522350617711400e-02
1.745461418338886336e-02
1.812628359585969490e-02
8.117716105982171471e-03
3.522414604151426210e-02
7.728348175092863287e-03
2.537850921793930944e-02
1.756344276118560269e-03
7.311883681993699979e-02
8.427222118436484416e-03
2.059485970160791768e-02
8.750112474261918794e-03
3.735359606745751460e-03
3.889341007086467850e-02
1.899175668080379381e-02
8.007670304267341943e-03
2.557219100096225564e-02
6.043650776920444015e-03
8.426461355640131601e-02
3.385069375656286211e-02
1.344364707744486083e-02
7.810225564645803704e-03
1.885630057799560222e-02
1.483592898695123424e-02
6.628005307986690152e-03
1.373051344741339080e-02
1.601942165723543171e-02
1.546790951459803016e-03
4.763154124801575670e-03
2.104990178520315010e-03
1.067182282893140710e-02
1.508081964923898080e-02
1.019605158886671865e-02
1.892915586086579491e-02
3.394263089773850994e-02
2.122551358655258916e-02
5.769474225931690847e-02
2.206306892851143606e-02
4.041316666151812537e-02
6.062957193311594925e-03
1.905643476544888540e-02
1.147031230091707238e-02
6.808032617318946281e-03
5.611839694485174640e-02
1.919805547083614991e-02
3.205239296278090261e-02
1.185581028876380935e-02
6.896918133903872511e-03
2.746248903818580833e-02
1.800486431446909896e-03
5.836866475227035778e-02
5.144684103845234557e-03
1.638875096226806438e-02
1.787668585875178823e-02
1.229127615009262611e-02
1.370182191715501284e-02
1.760517870671215535e-03
6.676003046994389081e-03
3.967637641235268603e-02
1.172985757622557398e-02
8.855119101661080433e-03
1.243258917321466046e-02
1.908580065246019697e-02
9.039423412178441974e-03
6.069134813479343249e-03
2.450922340322856871e-02
2.246524022325531098e-02
7.069464230473183203e-03
1.699364948435028860e-02
1.325469310968452330e-02
3.600637113187309113e-02
4.000315094439968813e-03
1.309747358364228564e-02
1.860303981810619220e-02
1.050779769644474837e-03
4.293556266254265619e-02
1.029383644953434096e-02
7.829901839403765468e-03
1.430951570252144735e-02
2.638003065311591080e-03
1.984482653704657679e-02
2.547359761823358212e-03
4.742115851761860568e-02
1.934219612744942501e-03
5.818258204867476045e-03
3.828155987217721906e-02
2.447097563157994704e-03
8.463243252510082790e-03
8.796485127575744828e-04
1.186520033744724832e-02
2.597783180691014271e-02
2.049017977984661509e-02
1.174944141724770796e-02
4.139540635264523857e-03
5.572852064229482510e-03
1.537531109849490582e-02
2.121698324951196840e-02
6.421147003747630991e-03
3.350062873906295424e-02
1.522441169402720396e-02
2.037698559444504204e-02
2.089812200686012866e-03
1.321171548842863669e-02
7.904369723891751728e-03
5.217188048674149120e-03
1.814684649483269685e-02
3.785007709731155745e-03
4.880478800640719594e-02
8.497597569386311500e-03
6.447746299953545368e-03
1.988256153307921964e-02
1.904149666896956528e-02
4.819992762864865402e-03
3.844338337051618482e-03
4.424696232507031868e-02
4.714704520564374710e-03
2.587369643097189517e-02
4.521204770100211920e-03
1.028045879796733383e-02
1.543096232121143538e-02
2.019770816646748214e-03
1.501728188813526363e-02
9.930357872062626004e-03
2.516876495659253407e-02
1.060568275416804221e-02
2.618572416818371745e-02
7.279288047809656485e-03
8.459019820717693372e-03
3.590755793604281237e-02
1.360786840954822038e-02
1.142944864340985148e-02
1.333674133006558515e-02
1.010511504181585939e-02
3.288532154181727975e-03
2.987333475427967483e-02
2.872089001196946600e-02
6.564883110289184559e-03
2.996667132871656120e-02
9.116724686104478448e-04
2.382721686340069644e-02
9.894001814599942546e-04
5.222013247612455888e-04
5.900396897229426979e-02
3.746498636384230918e-02
9.510569556577173206e-03
1.415152484833757246e-02
2.196800135231235379e-02
3.018263485196045429e-03
6.462633287375167679e-03
2.332192629016923043e-03
1.436194908842483272e-03
9.773699367146950270e-03
2.142011991780487165e-02
3.873031734654405756e-02
2.217757990562254505e-02
3.922180164079746428e-02
1.672120658279233063e-02
3.142120935298595152e-02
2.278369113630302964e-02
1.484707440737813820e-02
4.489884827451873922e-03
9.662115338353146482e-03
4.333742649208442016e-03
5.858730886833990502e-04
4.960919198909442135e-02
4.613570276561471811e-02
2.637652731438377279e-02
2.666107075784088232e-03
1.870003207061355765e-03
4.707383601689567321e-02
1.075703516306847005e-03
4.164266940958383928e-03
1.995252888128565966e-02
1.199378472892104891e-03
1.194517180457605188e-01
4.285144311111638293e-02
1.852122481545551494e-02
6.743611247803836528e-03
2.495431341815308041e-02
1.560724259462652197e-03
3.978665063695580755e-04
1.125095177016842939e-02
8.404223427873069169e-03
2.576935468870421991e-02
2.394613954232918673e-02
2.730916169650936948e-02
2.997471623436053639e-02
4.770443912122446228e-03
1.025785924328130290e-03
6.086918265428777758e-02
1.834097897121893597e-02
1.869433451175817745e-02
2.862431796918799010e-02
1.110584853836654035e-02
4.548527197562330336e-03
7.079371565988586829e-03
3.454055828659977762e-02
8.170984886621992030e-03
3.408274470704873021e-02
6.444852305353815630e-04
6.129423287236064090e-03
1.254610061856447495e-02
1.727329130330820112e-02
4.679696919387092702e-02
5.466291852051156919e-03
3.270208676908382787e-03
1.500326591998733458e-02
2.419263063567194186e-02
4.153077706821738536e-04
6.285932649353992603e-03
2.918539319199081605e-03
3.227145376807817427e-03
2.830123966771369917e-03
1.759151237342632124e-03
1.860412633036184760e-03
1.152489480149601619e-02
8.348429554253668228e-03
1.910656537772811685e-03
3.578891555572345784e-02
2.225224770722911746e-03
1.981391705863474757e-03
3.164721563819247740e-02
9.686541852046847909e-03
1.097756885884269840e-02
1.013982290339962046e-02
1.978522119548004055e-02
1.853568070674620205e-02
2.417270799914366525e-03
3.204263338006484163e-02
2.302450182065611181e-02
1.772078645547348064e-03
1.702582256024052360e-02
3.729262388003215176e-03
2.949465340668978169e-02
1.594448397830283692e-02
1.606752924704054827e-02
1.764208363001451780e-03
6.602011522571768487e-03
4.277832165133722830e-02
1.791472466150474674e-02
4.382712506384149609e-02
9.204088853119945374e-03
1.267522634352954373e-03
3.185288215811755280e-03
9.231971502228489973e-03
2.708656915810693164e-03
4.636194997305084081e-02
2.758516872842031384e-02
3.158431443759933399e-02
2.292034927440668446e-02
1.071682347534191893e-02
7.868203429885350236e-03
1.310516551441815586e-02
2.305292307481763593e-03
4.309381266469269542e-03
3.897562630693057750e-02
6.451271871392195989e-04
7.764637650842040606e-02
1.196311961101925725e-03
1.605586142320192082e-03
1.683554546091380099e-03
1.607537811187041005e-02
5.420729492917030976e-03
9.886188285341809823e-03
3.840251411191756680e-03
2.097160623066587209e-02
1.745066812440299736e-02
1.031056823415162603e-02
1.263411816204110770e-02
1.073141151866050663e-02
9.448540749540162986e-02
1.841479186306466467e-02
3.148684592379043939e-03
1.499093309991842479e-03
5.767739360338415382e-03
8.304192357948939757e-03
1.862946451446691534e-02
2.950816946829453585e-03
3.128474410219507507e-02
3.179487168153986160e-02
2.091050499619154929e-02
2.295633203835845820e-03
2.496937129416697265e-04
7.639396770243621175e-03
1.660818588805328816e-03
4.124657986060297973e-03
8.532728657316248147e-03
4.003000175195013384e-04
5.410175600379535724e-03
6.994477053701134150e-02
2.194310929520597309e-02
1.671787686970977599e-04
3.665356003929941264e-02
6.352936065629970208e-02
3.259734601029804640e-02
2.034176108591845625e-02
2.745616284628263348e-02
2.494639494779706673e-02
2.502439287140030555e-02
3.256686879066834905e-02
2.417522189585636500e-02
4.629290510600025249e-03
6.074821311930780898e-02
3.418050830876678131e-02
1.958443430928960213e-02
6.650382974705102909e-03
6.299161526049326665e-03
3.281552617729836807e-02
1.739022947227556598e-02
3.481283177692008624e-03
3.435073403797623409e-02
6.449110067171018312e-02
3.993529939616051634e-03
8.450942030403633953e-04
3.017678638607206032e-02
4.287588805444945278e-02
2.656745504462144220e-03
1.694877640566469848e-02
1.142833313200996605e-02
9.548268016140160769e-03
5.971837132227403311e-03
5.009492699665667181e-02
2.524549928643426977e-02
3.060757164383353171e-03
6.467829760401255790e-02
1.420042563129062657e-02
1.842983618019117253e-02
1.311239670864906282e-01
4.325795222428329562e-03
7.074511829996939574e-03
1.960809237157597890e-02
1.090318979270938314e-02
3.383944686064092183e-02
1.932016673389608252e-02
1.643778019823294995e-02
1.669232916789216079e-02
1.436338157835080620e-02
3.696361579771142991e-03
1.214971839876562848e-03
2.628769862516510888e-03
6.211838074996307163e-02
8.526071490499134015e-03
2.285570524090027589e-02
6.149528374445192846e-02
2.296112682361028945e-02
1.191497904470373986e-02
2.984595355712405668e-02
4.894442355154923416e-03
2.806233617546887230e-02
6.159445304262285009e-03
1.939336318054877845e-03
1.697111375101964525e-02
2.396759719077254033e-02
1.684482011843093513e-02
1.684580086219370290e-02
4.258865993297855992e-03
2.946277275381170915e-02
4.119236164732436103e-03
8.823294735765686847e-03
4.058568711152091280e-02
2.614194843977229055e-03
1.476758770997507915e-03
7.900101997449927860e-03
1.473819114447765324e-02
3.428029121759995634e-02
2.498038738806121831e-02
1.861629080697883853e-02
2.383723929335798686e-02
3.635386617364056577e-03
1.448578651454814591e-02
6.871873951186904111e-03
2.552415096044539228e-02
5.797204842562512367e-02
1.975307272367052974e-02
1.624720099834846276e-02
5.099755651150204849e-02
3.168690963365462104e-03
1.827974527298603657e-03
2.566099672895353224e-03
1.437964315764597364e-02
4.398989470444000793e-02
1.186381939606628855e-02
4.671063810862609300e-03
1.211600877454505065e-03
7.309878361505682716e-04
1.353682095163397277e-02
1.907347707858111918e-02
2.226668933205890738e-02
1.337147651254436652e-02
9.767199931477291847e-03
7.014807895780036939e-02
8.063744411820551045e-03
4.864840174913089704e-03
1.515538254194070608e-03
2.146311313047780112e-02
3.488378051308327343e-02
2.486379733395672337e-02
2.168657826287755108e-02
1.083048667315769653e-02
2.804438606015564189e-02
1.169528942664033525e-02
5.646563128200884213e-03
1.313181733392919034e-02
4.897149421189152946e-03
3.317290203512907043e-02
3.929658940925192731e-03
2.583619152857410950e-02
2.376466286135030595e-02
1.443033606596092616e-03
3.710531449329594351e-03
1.876362746845804726e-03
7.997693321216886586e-03
2.279454070779719788e-02
1.414725016097957526e-02
5.766660538385856571e-03
9.149266559244358804e-03
5.565875737757113723e-03
5.152792548918057325e-02
1.808183923617777411e-03
1.663169411240312395e-02
8.887960120400410780e-02
1.633716481680789340e-02
2.941486591125989231e-02
9.648845361403986243e-04
1.965253600592664629e-02
2.416562841709941033e-03
9.062985718784882924e-04
2.162500551102855204e-02
8.087604041218731526e-03
7.580049510672329238e-03
9.590404933440741658e-03
1.951093547829693686e-02
7.791852159303006703e-03
8.793501468511467911e-03
4.723695953153942903e-03
5.632078027635642470e-03
2.082622250732580824e-02
5.380719250832478873e-03
2.035740190135977568e-02
3.124024540124216431e-02
6.585137986601652393e-03
5.236848001346093052e-03
1.069306460678107196e-02
3.191639284581725827e-03
4.585457059331018298e-02
2.214886154803851620e-02
3.500474227537934968e-02
3.814039139465527639e-06
1.849046861702439461e-03
3.927316749905240822e-02
8.659503455755827861e-05
5.585860733072493117e-03
2.372028642311687849e-02
4.988565147714404437e-03
2.765692659235834475e-03
1.818008674039364725e-02
2.246516549770803325e-02
2.407244197303992379e-03
8.325826369395859100e-03
2.151077485173424897e-02
1.755399867161201721e-02
5.564173692009684313e-03
6.938280621845968610e-03
2.325217719551880835e-02
1.905512646953971129e-02
9.218093399526946369e-03
8.687598846947794384e-04
2.576977730509890513e-02
1.933723163768836725e-02
5.735358459555176328e-03
1.132036164744634407e-02
3.381537222678730747e-02
4.565212627255854638e-02
1.665979980950832440e-04
1.306163302392076078e-02
1.117604607423258734e-02
1.067362461910608129e-01
2.521749596590697889e-02
6.019067115378273769e-02
8.419922672708902295e-03
2.017039587059246339e-02
1.520683305249747978e-02
4.983101482441076868e-03
1.387723184655134320e-02
1.968422310047777610e-02
1.591556701854927956e-03
2.178983482714044739e-03
7.380160804206603586e-02
1.389902421345552697e-02
5.765446008183041510e-03
1.559210271242511721e-02
4.250455391035742880e-02
4.193729972147641760e-02
7.652670288329469113e-03
2.688578529683956046e-03
1.881846646865955111e-02
2.968247120656450008e-02
5.977538595033863450e-03
1.616272117135372777e-02
4.811790826302421269e-03
3.585466794396779955e-03
5.525829118316600772e-03
1.294437109264594613e-03
4.047175865139127082e-03
2.138470764512185457e-02
7.590878787337676514e-03
1.365161104924939375e-02
3.941453932587041936e-02
4.194662845056368328e-02
4.791082078210263245e-03
3.848972136037963863e-03
7.904601615503730264e-03
1.460639061138890166e-02
7.109006269660513716e-03
3.959349486415376235e-02
5.196288268428340615e-04
9.930708204851673715e-03
4.616760256971143284e-02
9.738317505485642733e-03
8.387257845970773340e-02
1.192828069919235623e-02
4.038195304210151493e-03
3.297302328995962983e-02
1.177141571357284006e-02
1.743857685769542587e-02
1.068048815710991375e-02
6.142663972909070610e-03
4.968219804479945961e-02
7.815222071988271735e-02
1.365043388178043340e-02
1.663999296306052644e-02
1.697869093099581631e-02
7.545546938008709965e-03
1.217133372041991936e-02
1.429798191376141676e-02
3.177334226295593783e-02
3.824781504704443530e-02
1.759762837667953883e-03
1.177953226654991636e-02
6.577528261711754198e-02
5.124362131343561388e-02
1.525061669107055651e-03
1.396201661280252471e-02
2.126326841509147692e-02
2.801448172781625164e-03
1.036144854967306107e-02
2.595977448783992614e-02
2.415565496780291976e-04
4.229873557233727356e-03
3.806481035623206222e-02
1.842190037405255082e-02
2.018344868065480302e-02
3.903463204466638137e-02
4.815618614684709191e-03
2.132438058506661710e-03
4.857451145302209977e-03
2.858637712413659993e-03
3.224618913849557067e-03
1.153651591051816153e-02
5.334571832005063213e-02
4.406802457407958673e-02
2.725551249639283566e-02
3.912727029977521725e-02
3.648444025477846908e-02
2.721628128712051675e-03
2.221844339393052453e-02
2.829951183165304793e-03
5.244344557638016407e-02
1.851696807315836649e-02
4.708820478876295235e-03
3.717013323218902945e-03
1.722606439570679993e-02
4.422421591812027500e-03
6.961577417323219427e-03
4.722723488148009019e-02
7.849291538602986423e-03
1.141368517018526499e-02
1.571750263018208832e-02
2.457085118039837104e-02
8.486968093242397426e-03
5.864781407944955061e-03
2.568559241707594684e-02
1.220931387036802880e-02
2.030205469706596044e-02
3.881954011573786334e-02
2.610709126471991506e-02
6.020729573554834541e-03
9.714545510870614686e-03
2.029823547700057573e-02
1.225130695013900220e-03
1.981645801071584695e-02
3.234530087739950072e-02
9.326155558107028509e-02
1.404659774638668951e-02
4.128401071406642697e-02
2.523620606781529219e-02
8.189675690637932687e-03
2.436489578483190532e-02
1.210491716114480559e-02
1.181626447938811664e-01
1.741089347889101038e-02
6.524686585804729405e-05
2.446806495375063173e-03
2.817781201532880420e-02
7.439964234857071590e-03
2.629337161979839951e-02
8.805643801287148242e-02
3.014955546901273986e-02
4.257713282422262435e-02
5.074497371873154528e-03
1.181274839531385595e-02
4.792827844208739745e-03
4.562858935253916864e-02
3.231219698276596719e-03
1.949013105154159126e-03
3.112371700793789553e-02
1.926669387803298800e-02
4.664983667145155416e-02
1.605086250402559941e-03
2.203292608988115936e-03
1.033956395130029762e-03
2.742674363619189773e-02
2.784055836795726671e-02
3.939200147017228593e-02
3.598607272978384536e-02
1.788646121109931098e-02
2.501788089176359628e-02
1.781140318157609093e-02
2.682495213302495043e-04
5.995816355545496856e-02
6.976385589580781643e-04
2.018433233975160113e-02
1.103985585292133025e-02
4.471151571033811847e-04
1.588650629909461529e-02
1.694077609110549582e-02
6.400644491058858979e-03
3.163872146572117156e-02
3.624693573871535374e-02
2.785920432476687164e-03
4.185119761109463293e-02
3.575915509106991630e-02
9.568490093555636136e-03
1.903435131648312240e-02
2.734470963934155716e-02
2.247250937917881497e-02
9.250072316442422421e-03
1.962526462006737235e-02
3.039035504355162842e-02
3.199329660985276991e-02
1.254857238863374067e-02
3.485044942090832938e-04
5.420033490246198120e-03
4.716069091919154049e-02
5.092283895785668091e-02
3.284335323145050334e-02
5.996256570703475258e-02
1.110729913977688901e-02
4.223618574287778954e-03
1.541523374210703595e-02
4.830726777797743343e-03
2.982287122800297494e-02
4.973101328003684714e-03
9.334063759862506332e-03
1.005830646010498486e-02
8.283786181639499896e-03
8.152865402912252632e-03
3.468953066517339867e-02
2.573641767309947648e-02
4.623200946778724396e-02
2.891922034897815783e-02
6.250229083567388627e-03
4.295989214128746042e-02
2.293056083079284685e-02
4.201912371348914821e-02
2.778477554530049340e-02
1.061516115117929343e-01
3.047076751560743452e-03
4.530494733620435421e-02
4.031623315891115500e-02
2.897079827372568001e-02
7.568451946623477866e-03
4.260711833164159551e-03
1.195153838173764957e-02
4.037419252850501378e-03
1.962221583029337066e-02
7.232356143769418100e-02
6.705203653214822368e-03
2.330047192913655210e-02
1.632699859144279286e-02
2.102806863096882972e-02
4.360815087273040014e-02
2.337580734342250416e-02
2.847349707666501847e-02
6.751908720968896604e-03
6.790742775104743195e-03
1.928003180742021358e-03
1.589253380292741241e-02
6.459731350888217594e-03
4.392108043256219563e-02
9.089157239409714761e-03
4.620134763670314532e-02
2.322748601243522157e-02
6.690155676753782935e-03
1.795655486776188969e-02
2.031918849365361990e-02
2.038476339467976475e-02
4.617644996319274220e-02
2.820659543871566893e-02
4.327365935884917858e-02
4.549989128725710069e-02
4.030602429140610343e-02
2.081233512047155586e-03
1.381972080817340034e-02
1.185156119052500553e-02
1.051028118595451893e-03
9.795815728459241964e-03
3.578384803529485042e-02
1.110439837607924904e-02
5.175731735684897805e-03
2.068271000425227213e-02
3.967127332758094496e-03
2.611280473633251220e-02
8.985348571556536768e-02
3.119260799398133541e-02
1.762742542377784133e-02
1.814321742387147579e-02
4.042509792578524719e-02
6.705450725886311081e-04
1.260574722488435294e-02
7.998834877925346809e-02
4.405726962453829915e-02
1.159864917826059459e-02
1.816858725405608860e-02
6.184068575380462923e-03
2.671515167223027093e-02
3.141924104083982511e-02
2.281450487076555622e-02
3.075176894889027068e-02
1.417865002574482391e-02
1.265607005237564392e-02
4.998075242227006942e-02
3.208616627267247418e-02
4.193098656429240095e-03
3.280376469307981491e-02
2.164610920451790280e-02
9.692890028682321288e-03
3.175550733392710351e-03
3.202606355052790843e-02
9.925018694818729670e-02
4.966950097816856535e-03
3.245636406557778769e-02
2.481413785850694609e-02
7.120530128132185116e-04
2.061449557901976620e-02
3.000354272639586817e-02
5.371118154189089694e-03
4.594347024859805895e-02
9.449302699052683496e-04
5.478126904349600590e-02
2.371759461846933287e-02
3.373202004992271325e-02
6.707633334130853886e-02
3.439845819859724263e-02
1.342479324258035421e-02
1.075176364985366145e-02
7.159226378611705660e-03
2.546940663300681015e-02
3.473098754432141309e-03
5.433614640580005511e-03
3.916460622790681953e-03
1.238047311716485022e-03
1.446715687420897789e-02
8.067981230762480416e-04
5.807536015743901270e-02
4.919484373161298746e-03
9.634735088339826947e-02
1.634882411835703736e-02
3.264766217954815503e-02
1.881124351983479159e-02
2.519733151622920858e-02
2.881189903797527416e-02
4.245160054119435922e-03
5.523917616071915421e-03
2.941055985162740333e-02
2.004039821168961469e-02
4.803362290568841814e-02
2.007627348193374156e-02
2.349488685161034776e-02
3.668304217829026354e-02
4.617036143385522783e-03
4.402660620064938884e-02
4.880306765076612360e-03
4.720211975176187395e-03
1.695136843571575652e-02
9.994368276674632859e-03
1.051006010141973535e-02
1.367350731471157765e-03
1.448013811884554455e-02
6.684554411644868036e-03
9.969882940882189223e-04
1.395449453299154458e-02
3.023280766037080708e-02
1.206706472010498493e-02
9.400017372240908331e-03
6.550559180513584184e-03
2.901366643923004862e-02
7.187672124021132758e-03
1.549534399725324418e-01
1.434689482252364708e-02
5.159185414822217014e-02
6.519866359544905163e-03
1.839864776416815298e-02
2.971587323543103953e-02
1.989260005763333200e-02
1.746965873512666342e-03
4.978323507387001634e-02
2.064101956854240416e-03
1.188636573325530243e-01
2.320930798903209080e-02
1.014819880319274559e-02
1.403493413290965094e-02
3.612621490063407798e-02
7.374231739353483139e-03
3.949505991342475153e-02
1.356303466185392048e-02
5.683226792841443442e-02
5.313944006190980153e-03
1.436697838689983409e-02
2.080679189944123139e-03
8.413974492154276813e-03
1.002871397945822793e-02
2.503608100178292273e-02
3.488436075862895447e-02
3.708027201044628712e-02
2.214408078218946252e-02
5.915979827337131125e-03
2.444010604577574568e-03
1.712919010209459914e-02
7.144662988616897088e-03
1.458612011563713007e-01
1.712340322079203281e-03
3.236549125479720734e-02
2.924132654626552391e-02
1.952051192450716954e-02
3.956918032092373444e-02
1.321525452434664342e-02
3.324757597947769656e-03
3.605804431209139790e-04
2.108972600218561241e-03
3.215102782380194202e-02
1.342055508864131025e-02
2.368485373110619865e-02
5.573412986432033089e-03
1.075891663478244914e-02
1.679839590269235211e-03
7.979048351288137164e-02
1.011012137784345066e-03
3.270142899569305345e-02
2.003759025021748658e-02
1.070247481144591915e-02
1.460268152952216153e-02
1.043044874123122759e-02
1.512350507628855943e-02
1.898732997195874683e-02
2.833156978986427904e-02
1.227375446997794606e-01
4.637861887942483496e-02
7.944102728191095725e-03
1.594870056468275510e-02
3.980240565243901157e-02
2.010058862144018660e-02
2.578328305739885362e-02
3.533585043999669037e-03
2.340938475677299332e-02
5.760631739343208269e-02
1.459926146256697657e-02
8.857248561831601585e-02
3.980018184992426857e-03
4.897810114432099571e-02
1.945932351993661866e-02
8.771609129153007389e-04
2.409393308613166917e-02
2.614989293735899695e-02
1.561078991280899324e-02
4.232504625761943778e-04
1.519630501057402929e-03
4.485385431096618192e-02
2.713837454281466458e-02
1.791609970236906005e-03
4.945364300941992169e-02
7.204722237495053347e-03
3.781632059258722284e-02
9.970472000556444836e-03
2.611949517296608889e-03
2.493796998388353101e-02
1.472099015610711659e-03
1.861743117777152692e-02
2.578319362140603366e-02
2.515641733133690966e-02
3.341492330161922181e-02
4.346909128944266218e-03
1.907946720008171781e-02
7.194367201727235733e-03
1.707526103993704109e-02
3.638088354857328677e-03
3.236507532018419869e-02
7.783930436416813814e-02
9.162990398052925020e-03
2.383525063763607121e-02
3.201590902181991605e-02
8.370122109888622486e-02
5.247265207219527217e-03
1.167706546068139617e-03
4.050411447481973293e-02
1.734383466067759838e-04
2.886813902391510700e-02
9.247370079488712036e-03
3.561898269443185966e-02
9.369885370633553034e-04
2.964880856114087207e-02
1.390267446575484470e-02
7.108280056300998739e-02
4.887076951219902939e-03
1.167658062237486409e-02
4.979919193991542634e-03
8.179183963608033237e-03
4.418786158507934103e-02
9.080124934370478740e-03
5.816488028712415992e-03
1.703231695048616490e-01
4.175362798139715947e-02
1.327043018577233127e-02
7.910272588530886662e-03
2.212455914849981858e-02
2.625420531898333201e-02
5.444712868964474151e-03
2.506142868991595961e-03
4.642405758499647955e-02
1.071022283830630473e-03
1.636173087238179669e-03
1.188683116753616251e-02
2.487883839839586178e-02
4.702541234092187661e-02
4.335292086084863161e-02
5.455806288333784476e-03
1.965564150170359681e-02
1.476308614017443274e-02
4.716095206910752430e-03
1.439038981685431158e-02
4.984327161580758697e-02
1.468719088419585296e-03
1.198748954120888548e-02
1.636865438756090335e-02
6.646301258780469567e-02
1.783358999852536694e-02
5.296269930602726106e-03
2.709636410103252735e-02
1.222109446913267027e-02
2.208147363342307171e-02
4.653566570867002580e-03
3.205631803925773626e-03
1.804248225036157727e-02
4.265069704771286968e-02
8.404401393990082458e-03
1.771445068536224229e-02
3.850232976365521725e-03
9.743810497464065051e-03
1.103712424987454265e-03
5.774120689000860479e-02
2.524953963931327039e-02
6.874515763262947082e-03
2.886204883023477975e-03
4.940075531481747002e-04
4.495518530611162383e-02
1.786962292243062661e-02
1.717616203978921535e-02
9.735891052811973534e-04
1.408880017566150472e-02
2.435469058791409069e-02
4.772573032305146845e-03
6.106595061725037660e-03
2.988491534100107955e-02
4.226936202217781297e-03
1.633102251395011570e-03
1.726780717530813219e-03
4.368870924036764858e-02
1.337132195803487564e-02
2.952483053939862837e-02
2.873903335489259164e-02
2.582981146672929870e-02
2.119522449151728383e-05
6.843801281215886566e-03
8.262315158112914365e-04
6.267033978153638794e-03
2.242285761783143188e-03
1.757883660255024280e-03
4.867936695872844555e-02
3.420384017282750155e-04
1.142987118177378990e-02
1.934393122924819158e-03
1.291894423751226324e-02
2.053271024683721649e-02
3.805913114584058565e-02
2.057833710772628052e-03
5.356933435928763060e-03
4.442350830124387057e-02
1.460985299308452563e-02
2.574229606630460895e-02
2.708385095867352267e-05
3.557720249671086216e-03
3.794889464318009029e-03
1.578599088213685463e-03
4.247898583469196521e-05
7.406936127291770255e-02
1.500168039434571568e-02
8.511615161108638736e-03
1.087626098116922443e-02
2.728661340723666229e-02
2.266331923698650455e-02
3.674928273679491098e-02
3.138520034145770958e-04
2.654527351492470821e-02
1.112529786004261972e-02
1.238225169133941143e-03
8.836558900123827470e-03
1.755844707172508901e-02
1.088565659399617913e-02
1.873508296784468646e-02
4.812893447569934618e-02
2.841954731869064318e-02
5.577924884645510221e-03
3.203889330129556373e-02
1.989412590134215231e-02
4.733537624631005240e-03
1.096589836801041204e-02
9.867605335106343495e-03
1.867465184116246348e-03
4.723788135432328145e-02
2.544490309804099334e-02
3.539364129867225706e-02
6.616506017056847551e-03
1.423624497821670415e-02
1.368047519750543312e-02
9.488142207337046594e-03
4.865831676108112354e-03
3.653500496245194046e-02
5.843244967817988467e-02
1.552915459719635474e-02
2.789460627630013095e-02
2.605254058469624184e-02
3.299387268653971444e-02
9.096645702873733599e-03
9.875652570542514663e-03
1.989264028763625472e-02
4.353506216822412497e-03
5.441438530614539984e-03
4.042758151948618039e-02
2.647725558514672090e-02
2.946485740636791209e-02
3.756865074738999222e-02
4.881057497278505630e-02
1.349771957514572102e-02
2.307925421164385218e-02
4.094140730491939439e-02
1.616757241567590153e-02
8.480558659320985848e-03
9.508259543276885092e-03
6.128133007205099382e-03
1.645461949540841587e-02
8.337910638661846785e-02
1.571261217417840514e-02
1.212502378399601954e-02
1.195976051784346933e-02
8.491908092547587050e-03
5.119920634506635454e-02
6.503081886902531417e-04
1.070315760631504465e-03
4.408096795990494587e-02
8.891450903075759360e-02
1.986592997866426860e-02
1.304314828759043157e-02
1.452632575113496638e-02
3.253972763068796459e-02
2.013959669212163003e-02
1.605453849765258248e-02
3.742748205943738360e-03
6.531113608458357332e-03
9.479593811900792824e-03
8.432053376622898611e-02
5.181256476485605889e-02
1.625081304002523250e-02
2.640807417002907082e-02
1.419500660872876491e-02
4.143808542330822131e-02
2.988274264784588144e-02
1.145088554766466975e-02
1.988043503874549478e-02
1.669117530096372870e-02
2.540247564141252454e-02
3.141352715765655113e-03
1.624291943793147730e-02
1.190142437847300713e-02
3.541969831077707020e-02
1.559485809372062812e-02
4.446636512866922880e-03
5.068245212255977766e-02
7.429294605911195004e-02
1.934816240295564316e-02
5.216639445914938999e-04
2.736404391211354203e-02
5.096156787538631827e-02
1.694999470535238362e-03
9.755818130367202579e-03
3.646757646802021441e-02
4.546363916145380185e-02
1.068865635491951516e-02
5.817064617206988038e-03
3.609529663752960443e-02
1.998880083983065048e-03
6.728627060431378870e-02
5.669585540174233024e-02
3.021196600663022397e-02
9.344105257464135200e-03
1.648803022614308764e-03
4.929850730718660784e-02
4.737534852418479048e-02
4.728031140520186359e-04
8.373686927449622286e-03
3.508714800341560663e-02
3.796358950218545886e-03
6.728274324362040759e-02
2.295386680448058964e-02
7.330606632529935995e-02
6.418302108480208878e-02
1.449425638431981779e-02
1.355419453868838414e-03
4.787959451972524129e-03
4.231610001151230038e-02
5.177819817407231656e-02
1.959394768582077909e-02
2.263392142770758592e-02
2.770899597297499933e-02
1.539416212041410173e-02
3.971766387428034284e-02
4.827160747498783488e-02
3.888625733501292758e-02
1.832145292130063496e-02
1.060639397653591678e-02
1.705144266050302032e-02
6.828027672005586995e-03
3.485192836447239401e-03
7.405709589970627116e-02
6.366125406254512231e-02
1.582799323894547652e-03
6.191556788066841788e-04
1.482950638341012581e-02
6.880094690173083061e-02
1.047300824699708144e-02
6.673516122568754622e-04
3.684544179129018143e-03
7.471429917653321304e-03
2.257117907200023935e-02
3.079849932884395902e-02
1.292122904188044985e-02
1.256507344083447608e-01
3.681619022812557956e-02
3.094279966822910486e-03
3.347686792870960618e-03
1.892806501685754400e-02
1.039920344141562758e-01
3.629737303195667425e-02
3.919066985405975090e-02
4.465519134425173509e-03
1.349469818268898488e-02
1.356421381537551915e-02
1.748697640811654880e-02
4.021535329024808827e-03
4.437551359773947435e-02
1.784585951352075928e-02
1.194575914793086224e-02
8.549197384518578136e-03
1.889944784009146145e-02
1.521117062525073442e-02
5.801890934819718681e-02
4.524713290262440818e-02
2.558812508900378153e-03
1.368139578595640657e-02
2.175831688858813687e-02
7.470491380354181421e-02
7.811315006027976827e-03
7.729248663310276692e-03
6.916820384911112271e-03
4.276220247889699067e-02
4.453429449747865060e-02
1.946347716012413256e-02
5.283829974969872501e-03
1.429979412650837084e-02
7.272686945173227613e-02
7.043246332216256643e-03
6.210546444456676272e-03
5.917993574632881941e-04
3.321256326895426214e-02
8.032074132598927829e-02
1.260351521882542222e-02
3.028006532722250788e-02
1.390159829859188151e-02
7.608517730200125596e-03
4.266855116088054400e-02
1.329038789802369433e-02
4.222614729200339923e-02
1.294623411044508281e-02
1.073873005348154573e-02
2.609143574123013593e-02
2.206250644495858643e-02
1.209722378899255255e-02
1.004125790575590288e-01
5.526529095416946730e-02
1.580004026215840133e-03
2.485139917469069391e-03
3.486207063456116251e-02
6.158071610350340785e-02
7.659405910293862196e-03
1.198367456867280648e-02
1.629225287572661635e-03
1.645894374612041910e-02
2.612529827031145890e-02
6.016896178412978191e-02
6.608790071040432368e-02
4.096771468822316131e-02
7.670558501996681267e-02
2.396648213923829526e-03
5.931602801537579593e-03
7.689078285438051032e-03
3.209315191698408620e-02
1.363923416529345123e-01
1.593321850254660055e-03
4.419534841728682550e-03
3.219476397976945431e-02
4.839756000569589260e-03
1.946137260169446964e-02
1.458809528881169736e-02
1.168311485963149932e-02
5.152835199940985350e-03
3.049199546837915928e-02
5.100343577364534198e-02
5.101117681496086798e-02
1.270586371753661126e-02
4.747431287266453553e-03
1.660055010437494136e-02
4.083429455309393885e-03
3.554482536680828725e-02
4.637692301639613143e-03
1.391960930804370285e-02
2.400774095632864091e-02
4.444520913131811898e-03
3.736617077314031282e-03
3.258943075685669793e-03
1.585947811936028184e-02
7.487208103502731964e-03
2.479004104673703662e-02
4.338094624042061753e-02
5.097486980796128372e-03
2.869182263085022153e-03
7.977490443327565905e-04
4.086795137213239393e-02
5.624261132102713334e-02
8.688340338709288346e-02
2.303478250401157224e-02
2.044209489369248900e-02
1.877129166099719346e-02
3.122841033132631172e-02
7.466575849563192313e-02
2.878647273250911284e-02
2.786374081911854872e-02
7.289289011318184248e-03
3.556831907976110846e-02
3.886599192070591680e-02
5.431622211042984837e-03
1.597653435123772610e-03
1.517842047208191672e-02
1.591496435845804122e-02
7.512212952290582210e-03
4.427516753574745750e-02
3.721427016311548708e-04
1.204198082992587529e-02
4.416581625362064369e-03
9.127790079212239407e-03
9.550742691107585308e-03
5.315929780313873032e-03
3.260324338292600044e-02
3.150298301667358788e-03
2.208968400375080354e-02
4.582800911615748235e-02
4.714151023992071109e-03
1.151932971770286938e-02
2.301395567773034667e-03
1.178097239541023994e-02
4.799136006877358085e-02
5.082203657943168418e-02
2.611646371103885055e-03
8.374526977548183218e-03
5.027018980400779075e-02
2.115152002289916872e-02
5.567376918929992785e-02
1.474676390084757316e-02
2.463395961091151970e-02
1.664730366178956414e-03
3.901008122969777669e-02
4.121133405017019836e-03
4.586312522762009403e-05
1.342962648241382076e-02
5.012683824659214943e-02
6.173840345961512099e-02
1.066483470343326800e-04
7.425199726762969632e-03
2.505157915522840742e-03
9.913037476500885167e-03
1.931564699739752450e-02
2.371617390485214125e-02
2.485537828363967860e-02
8.053619506256248436e-03
2.338559911818252277e-02
2.549058986903560923e-03
1.399991270160108082e-02
2.173044485413404628e-02
1.342141643066312520e-02
8.418778867710897083e-04
1.424543836488517679e-02
2.181421676779064008e-03
2.153163054388637643e-02
1.953948916750561371e-02
3.969479598717618601e-03
7.572888117593769633e-03
5.717658732887560824e-02
4.106222561741132426e-03
3.017866861781314664e-02
7.706662573774454572e-04
7.842803038391063519e-03
7.086565236862919217e-04
9.658175278120337270e-03
3.380430594870602237e-03
5.999652737359601612e-03
2.496119700798211591e-02
2.579099419895323347e-02
2.024754906106238095e-02
7.099992764676829084e-03
3.012844331063625064e-03
4.225272936849644445e-02
9.594214775081842672e-05
1.064594727877451671e-02
4.615159996242157447e-02
5.709228401408802250e-03
1.553610456604538961e-02
2.328950500631708775e-02
1.742990225171377541e-02
2.426543730023506332e-02
6.247851138490694706e-02
1.433849946060283299e-02
1.275863339400326590e-02
1.357327057982037413e-02
2.491669096668011618e-02
1.340775658385667379e-03
1.948502994897017074e-02
7.434359101042889093e-03
5.241048974802850306e-03
8.611094251439400243e-03
4.545502800506848184e-03
6.452128331255435612e-02
4.727103401925920878e-02
3.597687051012807280e-03
3.217848972619411808e-03
7.551879631369126308e-03
3.603254739041077646e-03
1.388627955932311090e-03
8.657439057411717154e-05
2.230260751850109482e-02
4.199215815958322329e-02
4.423463964343842501e-03
8.156724553801515676e-03
8.245338912097366357e-02
9.102276459686271110e-03
4.418661662382263045e-02
7.580674472013701481e-03
1.715165481526365054e-03
2.109452583248505250e-02
7.244079509699845321e-02
7.874521256131861158e-03
3.466427284995985368e-03
4.257846334354951912e-02
1.187003000431060239e-02
2.767931231377359150e-02
1.446102687846921933e-02
1.033923097530543497e-02
4.643772129064782303e-03
2.154662926107143994e-02
1.251098736882970408e-03
6.658246038565144610e-03
2.281338519869348380e-02
2.890311850095934193e-02
4.516000879006221158e-02
7.164975923298398663e-02
9.940647908082635500e-03
7.942339423345105148e-03
6.777315731917334801e-03
9.992191771522374727e-03
4.082039529890195417e-02
5.874080348654059369e-02
8.512350925052388981e-03
1.061587912635304255e-02
2.120995353468850542e-02
4.407593583192319364e-02
4.910491729392418153e-02
2.087859703601777604e-03
3.347003092809042180e-02
7.083485940963474281e-03
1.734821637720370888e-02
6.537476873589067802e-03
1.554457258555399721e-02
1.171663113121505610e-02
3.736682289569406065e-03
2.475265928821563516e-02
6.298590728904508544e-03
9.293718962011443888e-03
3.733421216981835499e-03
3.306225922105839043e-03
4.925039862660564489e-03
2.084620775099825171e-03
4.168234451631496786e-03
3.014354881037410033e-03
2.152160051751344366e-02
6.469031478777251265e-02
2.164511185714399974e-02
1.775375457988027927e-02
1.257984943775096801e-02
7.361419274820071856e-02
1.540440408316388204e-02
8.589572266850439494e-03
3.163676654628805318e-02
7.468006460006009102e-03
1.636722170118605144e-03
4.937731671359675209e-03
6.801122093109737525e-03
4.870922308740350398e-02
2.662502970578871017e-02
1.684852673457262057e-02
4.286975038132898042e-03
2.520148183246572957e-02
6.238977470259866875e-02
1.465169053439219736e-03
2.406069743247694209e-02
1.311832246258707972e-02
1.169817701182273260e-02
2.437096029367143840e-02
4.895440975109232977e-03
1.763029369350361869e-03
8.533537574662478087e-03
1.940732987264697645e-03
4.959490020918122695e-04
9.025428949544150392e-04
3.411979227835183759e-02
1.016377392986509212e-02
8.304257209898921813e-03
2.463449416423304714e-02
1.968989173870180909e-02
1.152986780484088064e-02
6.985461751658521984e-03
3.962195683186947592e-02
2.879391184131059600e-03
3.188495923006777304e-03
2.560855823125464392e-03
1.497583241479329141e-02
4.940488073174206102e-03
1.685525514662803565e-02
1.905315929631249544e-02
1.990385257060103830e-02
3.986877332899194104e-03
1.617803194772473013e-03
2.190136024589578456e-02
1.547064058074872073e-02
6.360088433368852809e-03
1.034069928360010875e-02
1.280762726010556754e-02
2.581949527502602759e-02
2.612356697653632487e-03
1.302187987153943967e-02
3.276998541923792450e-03
8.416329933493487542e-03
7.172186052725942201e-03
7.695969764139346837e-03
3.250807422515097217e-03
1.158108330822106048e-02
1.319656946477748040e-02
7.695877453035116639e-03
3.455718780027807607e-02
1.862408112248789896e-02
1.709885140604551143e-02
2.603623598106537956e-02
3.822013069370825029e-04
1.041407859369260268e-03
5.294086171209088504e-03
4.041795921668693559e-03
7.728333584512627093e-03
3.178724616476766990e-02
3.892997683533386179e-03
3.004959871178684502e-03
3.728855402762870641e-02
6.298276782622534709e-03
1.059646601743190891e-02
3.014217370472519115e-04
2.935223224000674171e-03
1.027072770797826662e-02
3.121575240252003058e-02
8.394373171084603194e-03
2.758815752101559382e-05
4.249372436547212833e-02
3.578570259753997493e-03
1.365072869906128021e-02
3.995640630808999783e-02
1.314623269924966587e-02
2.285065260070387287e-03
1.575128556515920878e-03
1.164012407538687552e-03
2.460187729837626236e-02
6.657085545090354883e-02
8.028534641502143437e-03
1.439335195715311759e-02
1.041040509743215541e-02
1.135674121844872445e-02
2.428743951217673773e-03
5.235441475014934037e-03
9.225903168618963118e-03
8.156496878271191076e-03
1.828110665587164008e-02
4.912296635300036560e-03
4.252532698681386197e-02
5.397325841077046243e-03
4.751011495939308493e-02
1.461922788662274250e-02
3.490263776365176533e-03
4.332176202950517585e-02
2.176814679202077833e-03
1.901645958561444527e-02
1.782455567457950224e-02
2.494822796933014383e-02
3.273013756359079152e-02
1.322111009769588730e-03
3.754978172680642490e-02
8.367748103248456165e-03
3.022426702895958384e-02
1.317588266652465825e-02
3.996117171748000962e-02
1.408595628983514043e-02
1.486568246289301197e-02
8.355428603018565450e-06
1.226058884688464856e-02
4.602716521074991934e-02
4.548762646402247298e-03
2.238910683215204669e-03
1.592457853764131168e-02
2.265873928178708391e-02
1.969731921056712409e-03
2.417829304916095656e-03
1.827651994084599808e-03
1.559948992751084007e-02
1.302957448606720074e-02
8.493679330580298018e-03
2.841049003920802923e-02
8.152871936774198913e-03
1.785748536530084446e-02
5.271237583849964700e-03
2.083385376349417006e-02
3.979041678817631100e-02
2.016215400643009067e-02
3.565122473993098673e-03
1.739262132243151945e-02
3.712644308394533188e-03
3.661338754466269413e-02
9.541221349054180428e-03
1.145345783082575911e-02
7.906936956563434191e-03
2.591331904515053325e-02
7.712352603241622029e-03
8.070252440350933476e-02
1.152708560753750930e-02
3.429135174964403898e-03
8.167837214669827761e-03
3.757113948682663102e-03
4.219083986483160298e-02
5.601755136192904105e-03
2.487012967667101906e-02
3.814660188303116428e-02
1.871405094878692693e-02
3.811799683624980672e-03
1.034065365780398663e-02
1.870635734080883933e-02
2.371806095638087988e-02
1.022893324390031569e-02
1.136671306165349532e-02
5.111382629977051506e-02
4.333573585017692215e-02
1.771572977731739398e-02
6.890437772520900672e-03
1.931362234823904775e-02
7.730414054133377677e-02
4.044847960088512190e-02
1.440887634385332183e-02
2.429953944904588228e-02
5.488568020600276785e-03
6.294934757230151445e-02
5.053222444503092763e-04
1.518281680945368466e-02
1.584439244371186467e-03
2.572870283464529645e-02
2.773591785642256710e-03
9.432982194744596316e-02
3.164231902516741884e-03
1.618701033662112328e-03
3.374147380343948260e-02
3.651637416050507179e-02
6.821051562640721710e-02
2.510540339980395913e-02
1.958662851937450697e-02
1.894815551845518281e-02
3.024946970185543593e-03
2.348462884024943298e-02
4.653616731934164495e-03
8.111088367909569802e-03
4.115501859414494312e-02
1.177271752237540187e-02
1.712100589882051271e-02
5.687026416457904854e-02
6.116449955904984873e-03
4.630237157508768769e-03
1.514054983802939208e-04
1.975027591404000110e-02
4.225929860203753163e-02
4.265531327480436355e-03
1.651398729722637453e-03
3.571858378049429239e-04
2.015698108545788819e-02
4.965948975651219080e-03
8.421359215845344859e-03
7.823379575009411710e-03
1.150493121234790091e-02
3.755448647917181484e-03
3.089199653424368544e-02
7.539594265748122970e-02
2.519345327367103829e-02
9.354013420942053347e-03
2.991079360443909402e-02
4.494520852284260293e-02
3.064375130844458617e-02
8.212247200502597808e-03
4.929824909803209171e-02
7.589255912406486781e-02
9.042685807655650651e-03
1.662901753656740450e-02
6.002730125929408786e-03
1.666800535031466926e-02
2.467633481967072828e-02
5.007352413593048335e-03
3.187712078569774482e-03
2.283866065371520024e-02
1.094232815474855281e-03
1.650195337975035592e-02
1.471149538085173014e-02
1.027950912653775688e-02
3.075565886194554094e-02
9.027977598623167926e-03
1.986997393934013256e-02
8.306138051160491878e-03
3.476313820091306295e-02
3.073670426904367460e-03
3.346573753211999971e-03
9.840600631585406932e-03
6.019879901186131477e-03
1.032101093530416597e-02
1.903499122003313171e-02
6.417844004264666724e-02
1.551701923808340017e-02
8.389861836796892389e-03
9.724357670035061602e-03
5.462900822175228988e-02
1.853723228016274788e-02
3.628020513773227984e-02
2.011987753733567030e-02
2.188347848891391417e-02
8.932586047989991493e-04
3.411057743398117695e-03
2.469320336975103745e-03
9.290811803149836082e-03
3.151381667807919007e-02
3.303629648788911684e-03
1.553445033200921005e-02
7.115322447062230604e-02
2.199166501877194632e-02
1.921736374049256429e-02
7.218907576669942802e-03
8.926370679688391818e-03
1.454870952894093267e-02
8.439857384742888852e-03
2.115141467256920899e-02
2.218540178931031198e-02
1.628262436921805792e-02
7.109890971492305659e-03
9.923018834450195169e-04
8.092435799361974436e-04
1.021298352720181532e-02
2.793838771988684661e-02
1.229077723668507011e-02
9.190554749431492643e-02
7.485151704222035851e-02
3.417015360573754691e-03
2.169143892647509841e-03
4.995510114283717440e-02
5.042041797533107841e-03
3.547330175963358048e-03
2.526738500447351515e-02
4.680663144759645428e-02
4.861241637420261191e-03
3.599659575252288357e-03
5.428485786715142071e-04
7.892594696400148657e-04
1.400676933604231254e-04
4.436965154245466406e-03
3.715783527727630625e-02
4.987677286730141102e-02
1.118465627190468395e-02
2.867281290379540028e-03
7.005115047602990253e-03
1.415750169616559681e-02
2.276915877498669749e-02
5.420803544748803438e-04
3.456691749905616007e-02
1.241833553679299370e-03
2.242180949711623794e-02
5.755454093607581881e-03
1.815918110771305672e-03
1.307852169018062366e-02
3.936252019963565850e-03
1.011857133766240480e-02
4.285222571450346234e-03
5.055066286506859630e-02
6.906552523610232260e-04
6.976872487932189726e-03
6.700495105258763399e-03
9.105136657349702234e-02
6.771595008114553345e-03
2.329953886607611171e-03
9.262146707232614407e-02
6.164101583544871060e-02
1.022614212560941926e-02
2.603821309356294314e-02
9.019994911803955184e-03
4.320604672188393253e-02
8.342921951584927887e-02
2.693125150563698694e-02
3.523414926773884431e-02
4.346871384485088280e-02
2.041213516882987855e-02
5.048497163029084037e-03
1.225680369023617912e-02
6.978858873351585605e-03
1.002454820583546270e-02
1.615830574772093159e-03
1.240611339374242741e-02
2.964404371495447596e-02
4.352733812947394421e-03
7.315951099179004644e-03
3.187813482574315682e-02
4.167825150931635247e-04
2.308593610590119888e-02
9.423682455157232282e-03
7.647448174648919725e-03
1.658168993616360859e-03
1.280446083691772624e-02
2.046135498527896016e-02
1.349898688265833632e-03
1.841998173655540888e-02
2.338821141719023278e-02
1.818252057892481843e-02
2.615000287193121331e-02
4.251401397970369644e-02
6.944192821040957864e-02
1.926728202444378049e-03
6.958182933066487177e-03
6.717855746602793832e-02
3.579094371178600381e-02
1.250580048134013883e-02
1.015763502987305882e-02
3.456050006198650021e-02
5.031304348570284080e-03
2.490976526605723218e-03
1.856759738470259435e-02
2.415542422612666079e-02
1.067546237484006538e-02
3.626025138293489242e-04
3.762728903474654718e-02
2.600778019020734758e-02
2.458140052633448619e-02
1.248447347497630942e-02
4.681519073794559310e-03
5.507206777961935057e-02
3.111123961834891954e-02
7.779888954874501078e-03
5.001150024365133388e-03
1.449262902545335116e-02
4.620121336141043422e-03
1.566262915107509077e-02
1.967706568763234742e-02
6.298532333628637653e-03
4.717273520196011392e-03
1.642535297244625270e-03
1.071740952828149560e-02
4.614711209719022517e-02
2.694599718926382961e-02
7.011582716424680575e-03
1.069767907862213818e-02
5.333418971062607594e-02
1.812890352905920793e-02
5.751644663832192195e-02
4.782155397865183247e-03
3.046047657458455030e-02
9.161171271263193402e-03
2.217556593979367469e-02
4.541148477020306995e-03
2.219808653312128552e-02
1.576375573907944083e-02
7.787573859098207395e-03
2.334126722277467605e-02
9.935483697680796977e-03
7.024752244115252744e-03
1.544859842774664108e-02
8.917188249719616017e-03
6.283861827398030953e-02
3.521950858723930239e-02
1.080174849865487598e-03
7.991187762418397802e-03
2.788225486080132820e-02
3.690329112704075071e-02
1.910020232227175457e-02
4.795629720975417426e-03
1.083518549053263252e-03
4.250961018087848209e-03
3.617556411786123499e-03
2.164475378900186653e-02
3.336486135497444827e-02
2.182584395222145549e-02
3.305745622566318154e-02
2.680184447182043517e-02
2.935932022651317058e-02
2.183595002144713207e-02
1.004857656086695500e-01
1.829967996432728741e-02
2.761368880382550003e-03
3.142081047527068779e-03
2.608111914016127131e-02
8.516125638783164642e-03
4.336198639100360963e-02
8.071050478636616204e-03
2.757093240272633669e-04
1.273017964004341182e-03
9.853135661069181012e-04
2.722551761158298333e-02
1.072834864495358573e-02
1.437228874455462671e-02
1.372332668605939221e-01
3.191144052789331165e-02
8.007168938164752753e-03
1.118442293066410423e-02
5.971702229217576950e-03
1.918663021950490826e-03
5.046319271599286616e-02
6.150347560748232155e-03
3.177417079942587794e-04
1.452247910496057975e-02
1.531087949561491662e-02
4.957670672691844027e-02
4.915664956848871114e-02
2.456874129661273248e-02
4.663187329317877022e-02
1.464771673207694927e-02
3.164025233476165655e-02
1.901958980250865322e-03
4.554763167923175232e-02
1.523243806100992720e-02
1.474871010194301127e-03
2.696735692159291098e-02
3.400042905562081219e-02
6.881142514947817708e-03
3.766275056579464209e-02
5.601488480445980522e-02
5.754920795139060671e-03
6.570312930531722884e-03
2.314087839414460945e-03
1.896611848503670233e-02
1.041337676768278042e-02
7.701497394906638497e-03
7.569300355775143707e-02
7.850688881920682080e-03
2.955890327246838561e-02
9.989723390741497150e-03
2.134439325120987899e-02
1.912271835890387572e-02
4.663448061713647286e-02
1.763829908399376298e-02
2.741637756254004799e-02
1.501838143655639946e-02
6.029184327680167654e-04
1.815734618447522458e-02
3.181137598548960943e-02
2.289790312944249215e-02
4.011352864777074922e-02
7.085762326417888168e-03
3.523529507749720985e-02
2.984678068755283742e-02
3.599313901178797376e-02
4.490520367375828992e-02
2.787344561981099436e-03
1.273821510822862810e-02
1.177240100701157539e-02
2.136641380129360168e-03
1.246727963168156594e-02
1.046332526180306782e-02
6.617284089607679970e-03
4.090377673084888248e-03
6.778780685335501766e-04
6.587412745884141732e-03
4.068550101840292046e-04
2.269273729472887774e-02
9.322128031653328234e-03
5.327350784690932685e-03
4.906551074908417631e-02
1.156817814622678464e-01
7.453842348726212206e-04
1.594663397894275497e-02
6.833406293288850353e-02
1.607296817891520901e-02
2.936633914357041075e-02
2.880504322515466120e-02
2.063213153739518451e-03
2.146213371655891766e-02
4.328950841731200178e-02
5.953420743064456386e-03
1.539461605446419690e-02
1.842303947017697244e-02
1.022349739536487778e-02
1.093027486717065566e-01
3.957784558496500044e-02
7.262671598216027813e-02
1.437913593708056714e-02
2.143692749739206042e-03
3.653391499163209655e-03
2.176840675825059135e-02
7.760311640499775732e-02
7.279258147836305953e-03
1.226808984872673237e-02
1.965277618913883334e-03
7.985011824053783736e-03
2.235024107845058963e-02
1.952651458281617902e-02
4.552062060675229199e-02
7.803509411589457101e-03
3.500826125809684830e-02
3.798109338089271370e-02
1.684358695737063483e-02
3.278832201303799598e-02
2.365073569550013577e-03
6.359480826437131917e-02
6.847702586619575094e-02
2.213740447676987994e-02
1.426116035078766296e-02
2.002536171280138930e-02
5.104120756320651431e-02
2.469045840108551049e-02
1.453923052251232355e-02
2.946056914471438526e-02
2.256338662369499967e-02
3.358282086407152200e-02
1.030751850580948203e-01
3.139376566323918982e-02
3.828280988729232392e-02
2.178508299771535900e-02
9.464669015289651696e-04
7.561236770851492706e-03
6.699620239059961811e-03
9.628409714870675429e-02
2.536371066915955180e-02
3.665611314606022700e-03
1.621089999288935490e-03
1.236673557364023970e-02
8.991940104915263632e-02
1.288792985046839992e-02
9.611247314448560786e-02
3.431690542519605890e-03
2.043125090843242453e-03
6.522194152694851810e-02
3.660268223543112348e-02
2.901546528410146875e-03
1.959613163101303623e-02
8.166468523000583457e-02
8.541352842839376736e-03
7.141422428392045496e-02
8.431841211698071215e-04
1.971363030803714722e-02
4.408404691281503363e-02
2.539575843765241869e-02
2.198554113005501617e-02
7.479429051222312094e-03
1.831101194406723615e-02
2.387135628707652557e-02
8.666556950259332592e-02
6.824185219370185185e-04
3.914478776597453413e-02
5.522237639548514126e-02
3.184715518542875767e-02
4.305807541752013079e-03
3.667932407118330157e-02
5.479785509241996699e-02
2.906357577662395386e-03
4.033381301958752219e-02
2.343543267788093451e-02
4.444753903478976254e-02
5.346481501378855250e-03
8.166395158724075454e-03
9.903813482223135234e-02
8.946658127588075216e-03
3.255394316103298047e-02
3.895965690248954366e-02
2.877302008065327210e-02
1.192765521692947320e-02
9.871793211845194399e-03
3.786436954429558965e-02
4.916051323447991755e-03
2.678872427080194324e-02
5.410017875091262946e-03
2.025726935081816754e-02
2.098313734304135814e-02
1.226908920144791082e-02
2.961588430786406267e-02
1.209472231784172042e-02
6.906334518532552050e-03
1.413484411738880064e-02
2.192253767168932024e-03
8.535596839617218962e-03
1.150752227400553447e-02
5.957779770770309236e-02
2.238283406898670946e-02
1.006098488213536327e-02
1.828312384901798274e-02
8.224608387432341683e-02
1.182597681889802077e-02
4.709957392393605835e-02
2.421424811708374272e-02
1.067249676923075902e-01
1.016020889972746484e-02
7.957585059091225712e-04
2.246799591987113515e-02
1.628788103618057995e-02
8.235182180840629543e-03
3.037927688185941208e-02
3.153913314569546655e-02
1.722556806924673001e-03
1.052292652549247087e-03
6.047327630953565347e-02
7.779393274260380797e-03
2.015843118020241298e-02
1.431620931926786203e-02
2.399928837051249625e-02
1.973035554249167114e-03
5.006304657805053793e-02
1.027167707200851987e-01
3.762507127802768719e-02
2.347126212645114091e-02
1.330714880793756882e-02
1.512267333637577066e-03
1.055950875142412648e-02
5.193114266005112445e-03
2.438764881201833587e-02
1.394475270962975202e-02
1.384814187963948713e-03
8.083169893897540481e-03
3.048751125083425974e-03
7.147337523960187872e-03
8.251314918044726221e-03
2.855008702390920625e-03
1.111675241725505053e-02
2.653597739673660590e-04
7.536994007276859656e-03
3.082711151547525529e-03
1.676427970622007199e-02
1.590915854153459458e-02
2.115256697788492693e-02
6.020875211256260240e-02
6.084891853137722184e-03
2.771785511617603018e-02
1.128100682409013678e-01
9.370552186921884963e-03
1.907308067952345407e-02
1.330904395511325194e-02
3.603961509774720323e-02
5.902122897960074450e-03
2.811916495726088719e-02
9.200603462430867810e-03
2.149349887146322427e-02
9.111702206676894344e-02
1.206751971387389107e-02
1.102219147422629428e-03
9.281289056943323179e-04
3.560242308148757083e-04
4.263814802671510307e-03
3.493570839554663993e-02
1.761385063555613237e-02
3.625780430679993727e-03
1.336487840119774187e-02
3.708222163238683155e-03
3.025893473398190425e-03
4.345732763602590601e-04
1.334912490913609841e-02
3.772464639768352557e-02
2.634987682989149704e-03
8.483663955220408642e-03
9.690785334217320857e-03
1.097154809509824983e-02
1.595591577660179783e-02
6.856281607773212494e-02
2.249534384764682871e-03
7.553722264152743643e-04
3.924034037098485944e-02
1.852526825420120447e-03
4.964861742072456535e-03
1.626877537253087341e-02
2.225545956254292371e-02
2.554274593264714219e-02
7.797690728407852268e-02
8.347067922447517357e-04
2.609539362769060927e-02
6.183216151381586145e-02
5.700887251088925661e-03
1.633454087080601219e-02
2.469402973887486596e-03
2.130795684928488143e-02
2.291887929146325942e-02
2.174221201167911288e-02
1.909721529664737752e-02
1.262486329792896628e-02
1.351783684845569815e-02
3.360610433201004135e-03
6.391999437002187680e-03
8.114933812727511547e-03
7.094242813062673347e-03
5.308874863777114650e-02
9.938814671143608379e-03
7.807567586135183424e-03
5.518878315252377653e-03
1.724494421541503120e-02
2.507848451152411631e-02
6.659973063628099599e-02
1.093069213480034156e-02
7.392217284105893731e-03
7.693891210065566949e-03
1.371462280337057763e-02
1.430826399517225178e-02
5.436436775150210732e-03
9.383240118978246683e-03
2.493010515254903692e-02
5.520853235753180044e-03
7.895708585653186951e-03
4.182415014485950377e-02
2.135020891841844098e-02
7.732549033484224787e-02
9.474030263533281607e-03
5.727701829405346459e-03
2.286556058905838545e-02
1.372134282582177650e-02
4.811733017215729172e-03
2.487826420039188774e-02
6.194268165249074143e-03
1.341479118657255831e-02
1.662682765840757179e-02
3.565497510817179638e-02
3.759093300523136394e-02
5.974466940803509207e-03
4.946879687604657794e-02
1.047345707969593240e-02
4.888663776511491948e-02
1.300477448011241183e-02
1.382189179256091555e-03
2.637510265795380351e-02
3.153524733830440074e-02
4.247563852099163484e-02
1.979361297553582782e-02
3.104380518032473155e-03
1.275375077993022577e-02
2.255473196537380320e-02
9.085773938490960405e-03
1.146201242377185153e-02
9.177447404103877132e-03
5.407927768386749934e-04
1.442677360708059450e-02
8.163994768473561980e-02
5.912326983981343320e-03
7.789976005189065689e-02
1.563765969667963579e-02
3.499386644981680207e-03
2.697033827395384914e-02
3.529617049494022940e-02
2.009533422227462868e-02
6.762575534808931352e-03
1.478969399339239571e-02
3.154737376131918486e-02
9.404983798081275118e-03
4.017956175302426353e-02
6.330669355898332906e-02
1.965616102282501457e-02
5.640444170848382677e-02
1.162740867005011489e-02
5.425311353502977607e-02
1.309863729583732317e-02
4.538703112668206197e-03
8.949756892867581637e-03
1.602354489020858808e-02
3.529629346214444713e-02
3.199320126566689015e-02
7.828772306226403077e-04
2.484791443285104887e-02
1.815089592336084981e-02
2.794340562047029769e-03
1.370465056477587415e-02
1.350980480061656289e-02
1.062215001620271659e-02
4.073789587646304416e-02
5.327145276669090213e-02
7.619573928762628581e-03
4.199412485201822753e-02
7.137451371917926529e-04
2.422838194119660005e-02
2.481615043269452814e-02
2.099102353115600561e-02
4.110911319126662675e-03
1.601834430122689099e-03
2.745792171689617756e-03
2.469797094430798215e-02
2.723017790632162663e-02
1.584671453393169532e-02
7.744041644361579491e-02
8.847439445878400519e-03
3.461078600838923131e-02
5.566048959903202586e-03
4.719671914919312122e-02
6.934955220084164026e-03
6.166389002535352382e-02
1.881171819032795289e-02
6.216503494519637005e-03
3.069855308263303578e-02
2.218854975557863624e-02
4.583503847744620219e-03
8.485479824822902972e-02
9.692055988289505555e-03
6.576045392889495224e-03
1.116411665348509587e-02
3.970631387584236394e-02
8.665859301495186170e-04
7.699534554029521111e-03
7.785575225813597122e-02
1.336759916441944938e-02
4.474630745274074499e-03
2.252813495185046477e-02
3.272030141525078539e-03
3.248512631838541137e-02
8.207213778858575559e-02
2.551558701260009474e-03
5.648112794676359710e-03
1.077834456685551091e-02
4.365273972071873759e-02
2.348272844539858739e-02
6.648348480019244944e-03
3.245637916607071322e-02
6.235552564681088455e-03
2.335218335217269583e-02
4.224730601795345653e-04
8.038177105965377267e-02
1.240542296677063679e-02
5.078253698915372039e-02
2.159588252373753452e-03
1.898905777498026068e-02
3.821506098768016196e-02
2.064423726289169730e-02
6.136789491154271900e-04
5.884153100290401284e-02
3.077732785828828782e-02
1.069850155368644827e-02
3.073194120892856762e-02
1.882766594118497408e-02
8.282544094468102802e-04
5.122683573736047657e-03
4.540986837553544209e-02
1.688981674416843021e-02
3.263036131290197872e-05
7.859812004507563468e-03
3.353483050609946947e-02
2.588278910461182247e-02
2.381972070305853062e-02
1.608853999110524714e-03
1.129885153920342361e-02
6.724468237325051043e-04
1.881222544368089944e-02
3.464261088334669864e-02
5.747636666456118135e-03
3.568339618386014156e-02
1.232451446388411857e-02
1.687877878003929064e-02
1.108757463499333677e-03
2.315453712659758245e-02
1.063325784960283092e-02
2.627161545873107906e-02
1.437524160475401117e-03
2.533397538507660071e-02
3.279302611885463042e-02
3.173131673499142436e-02
1.711608481886404270e-02
6.047584791703686929e-04
4.316861995632624571e-02
9.876818873329092086e-03
5.471758948131463102e-02
2.998680292880910592e-04
4.641312930037705571e-03
2.161967176884171601e-02
5.145191420553267558e-02
1.443298431339009192e-03
1.678742540155261920e-02
5.497208388084755259e-02
5.867629595165516770e-02
1.076931150849595210e-02
2.329880617677362181e-02
7.387081729555051990e-03
7.373639481673728568e-02
1.776499488712630220e-02
5.247160057652273252e-02
3.053949036389643629e-02
2.315277261720652055e-02
3.642285076956151141e-02
6.102525347129968136e-03
1.156887457919856046e-02
1.793928774586667566e-02
1.119410817552432200e-02
1.224600740202958296e-02
5.274336905888028781e-02
7.465031141349453420e-03
2.043008872308047646e-02
2.626547759900452195e-02
2.752722333488729495e-02
1.486419618997709621e-02
4.650046629344433899e-03
4.673774095272031914e-02
1.397525052531395709e-02
3.701292831181399873e-02
9.901231177958311203e-04
5.861101082518437033e-03
5.989349196574560164e-03
1.910860550138222813e-02
7.420333726119892823e-03
5.376425674017629164e-02
6.028483105118541407e-02
1.816790756733755938e-02
1.521413174248001550e-03
3.666666207509912401e-02
9.242905403583060245e-03
3.084152902054781292e-02
7.439084836810359175e-03
5.340559136482205677e-02
2.030254704261615778e-02
5.474998743977323168e-02
2.474938276304308737e-04
4.485733674840791663e-02
1.952912551342454728e-02
2.520412710879268298e-03
2.665994683008921645e-02
1.962587613795131053e-02
6.724665264355003669e-02
1.864026879894020022e-03
4.467260240132910759e-04
2.724586842022063901e-02
3.551963743658646117e-02
3.260644286965554139e-02
1.584324387424417696e-02
5.942243015126189021e-02
3.542151028802623374e-03
1.769391728556116497e-02
1.192500610853748644e-03
9.437693484572497182e-03
2.060951414475837434e-03
5.118185335860770541e-03
1.177400746758302738e-02
4.612141070748695948e-02
2.356510128195349330e-03
1.440092806360669664e-02
2.220125195332305068e-02
4.791817211653507519e-02
3.145792594774613621e-02
1.750731450224948804e-02
3.334296832946935518e-02
4.072840675886828937e-02
7.386427186495290662e-03
1.038339388572647876e-01
4.619484138970661458e-03
6.872153832550351171e-02
4.999049545141219693e-03
1.224493721353387722e-03
3.060975769414722020e-02
1.175848837967351582e-02
5.953048809638233213e-02
2.583848904661681378e-02
5.836007074988628501e-02
4.116353303327788780e-03
1.058911633862225782e-03
3.689222202733324907e-02
1.729397531428233242e-02
5.664977829534461468e-02
2.748933184554122697e-03
1.070999118227584229e-02
1.853452224948457655e-02
2.325208883292665882e-02
5.472180520023682201e-03
3.273871967522980209e-02
6.944925836072438075e-04
2.815176285287283170e-02
5.299876490996174513e-03
1.876083967826237819e-02
1.927005716497688648e-02
3.274004697789098528e-02
2.305598769221151728e-02
2.562433765145234743e-02
2.061938135870443334e-02
8.860717575437590532e-04
5.928410282975762891e-03
7.357752321176833088e-02
1.094452807859139752e-02
2.800952012013466219e-02
3.242714064972253979e-03
1.204511389138370608e-02
1.188762055306252438e-02
2.657567702571886348e-02
3.517980695966569510e-02
1.897257947948692916e-02
3.232932736412835045e-02
5.427740990508172353e-04
4.157092398204649542e-02
2.072587318168744516e-02
3.976812246632707715e-02
2.637364304324961786e-02
1.050273073911636885e-02
3.627752626595920696e-03
1.008050114645948556e-02
5.844877977097677479e-02
2.760165652292350096e-03
2.314124055593170387e-02
2.862913782922520134e-02
2.418327615380613110e-02
3.309871136038766877e-03
1.204971844900057723e-02
4.315910628170772229e-02
1.996648988736430402e-02
1.261629777085070125e-04
4.020496121211548923e-02
1.872026357909937350e-02
7.127876995430500184e-03
3.116932070384503470e-02
4.803080581239516783e-02
2.792154655495653059e-02
1.884271868798615811e-03
1.196774661323567884e-02
9.411703344463156345e-03
1.539011778178962266e-02
4.895215670794245133e-02
1.697920168093583482e-02
6.503804738510747530e-03
1.503736871884555834e-02
1.104960884877446634e-02
1.379988905371737178e-02
2.119696891822154053e-02
5.644295955653336194e-02
2.604482610015507529e-02
5.082959987444724687e-03
1.414129358417042653e-02
3.201270929336134941e-02
2.717146959888135094e-02
5.338981832637491529e-03
2.547159245574787123e-02
6.408084356208572710e-03
4.828597059248018047e-02
1.350888218941515700e-02
4.707841417625821881e-03
5.573569112197267889e-02
3.455114705716832990e-02
1.901995833899462751e-02
2.415976628879875146e-02
4.345492158460473320e-03
2.052343387846034678e-03
1.787898453008033434e-02
4.559246880597479790e-02
3.920907672935753513e-03
9.407481905018135609e-03
9.972718959005595629e-03
2.621842051713116004e-02
1.726169256952483216e-03
3.251168225653620902e-02
3.449133153181373201e-02
5.955077841707035260e-03
2.247388905034970047e-02
6.570325364154233801e-03
4.792028767208739506e-03
2.538732848211765897e-02
7.930809416509272680e-02
2.975891383845663540e-02
9.960187625639204193e-03
5.974467144565148713e-03
2.062782213724965313e-02
2.108436693771270631e-02
6.772677080217458061e-03
5.532678485698027532e-02
2.305563828436420215e-03
1.223986088131122536e-02
1.066198917329647979e-03
2.969190526359155591e-02
1.110887881395824228e-01
3.247352671296975524e-02
8.279688782703981814e-03
1.932732858265243658e-01
1.524824147073854108e-02
8.691789696852257434e-04
6.924755241405337880e-03
4.757985723650121762e-02
2.748482955830586216e-02
1.224243498218210990e-02
8.874313351418323254e-03
2.695011185872376799e-02
8.672570845320182881e-04
1.549358051593039895e-02
1.040777467659744771e-01
3.170803815279515936e-02
1.867239138929783354e-02
1.812145410272591670e-02
3.708594794766460062e-03
3.588876966724275502e-02
9.850973180794331263e-02
3.927713057722753698e-02
2.354875620365052755e-02
1.003211648106445281e-02
8.798430025706849289e-06
3.627510297152721636e-02
1.268449484589197901e-02
9.548961250264680414e-03
5.775300145042305128e-02
7.315349398752828136e-03
5.150872699185918974e-02
5.713814054714175944e-02
6.307249241667461925e-02
1.099610312561123682e-02
9.243447999605299698e-03
6.108751810355039780e-02
6.296908202720806480e-02
1.476498075382973868e-03
9.923307152530980169e-03
6.262060094013909006e-02
4.843658369490355664e-02
5.978245792482772547e-02
2.813099450344698493e-02
7.849927576776721816e-02
7.602239098163043884e-03
1.725427491045515745e-03
6.955988717174020619e-02
1.170634166717714371e-02
3.535568344494217224e-03
2.957208584679801855e-02
2.558414335759783345e-02
4.230358825043345483e-02
2.748777672944713313e-02
2.305727665594807865e-02
1.089055842246004768e-02
3.065767936496909592e-03
4.409057332280448549e-02
4.812426292824352470e-02
3.706649239153746861e-02
4.178951613349468630e-03
2.832942911585972084e-02
2.232815542519910046e-02
1.104789873724650734e-02
3.790334861916676290e-02
1.014241521070428503e-01
5.943019737814123071e-03
1.597980339106859493e-04
1.452308198615067172e-02
4.534071010689512404e-02
2.525053209449241304e-02
9.721789574635112275e-04
8.474905780755151441e-02
2.365839904063623232e-03
1.396347878387911925e-02
2.981382221915357053e-02
4.077051232260543723e-02
2.718185340764567304e-04
2.571864168359749847e-04
2.634528928977931950e-02
5.980458685237767264e-04
3.761645839422931431e-02
2.606656950135701617e-02
3.036181084698042279e-02
5.906432734515076888e-03
1.505298556760851190e-02
2.095003542689955617e-02
1.898114540213563864e-02
2.388986394414371189e-02
3.734137565879324522e-02
4.336020116679464853e-02
2.145873178657337066e-02
1.917764513694556481e-03
1.002121184206794177e-02
1.831594523254518464e-02
6.899792501047889888e-03
1.647319873046242805e-02
5.371045129111398642e-02
4.297152355344641128e-04
1.961605465159232747e-04
1.179223186579074489e-02
2.901867304159607211e-02
2.712214592343947100e-02
1.196318277928973967e-02
2.654668934656621848e-03
7.607961684870104963e-03
1.584199413575742774e-03
1.936447131657450735e-02
6.366561811269827453e-02
2.301955288606434384e-03
9.077922502735848165e-03
8.695286036431295468e-03
1.834150418816564085e-02
1.499813597736186083e-02
2.678790501146827846e-02
3.904632598513391173e-02
8.194788873405987883e-04
3.567588398662578653e-03
2.948946889539443006e-03
3.988631455803720582e-02
1.091230185446859929e-02
3.074085396294955891e-03
1.477192500300697833e-02
4.365382200768001125e-02
1.982213121240818110e-02
2.178962139090094910e-03
1.663327732151802935e-02
1.669879394626758856e-02
4.313280971234144390e-02
7.031523504287326420e-02
1.539066698462199061e-02
1.031966949114089017e-02
6.431599334068587547e-03
1.181834802641972687e-02
2.948020036079104789e-02
5.875648828113508998e-03
1.754477544199478309e-02
5.408268032517495050e-02
3.394099638918536554e-02
2.165562008297760438e-02
9.458321935199884289e-02
6.021422795289162883e-03
5.853782143675775179e-02
7.098400953698077477e-03
7.938354174246826933e-03
2.617261591178080340e-02
6.212218077882780340e-03
3.703180440726839412e-02
5.634089696575776338e-03
6.019895602983257876e-04
4.833822251164911557e-03
1.479119370594501187e-02
2.196016628151391432e-03
3.703314390787273980e-02
3.552533920898621328e-04
3.456415822071959992e-02
2.874946631096946155e-03
9.664334950183449402e-03
1.607084179278773194e-03
2.842823800415340829e-02
9.598415448986764333e-04
8.722683112777052106e-02
7.583252000216165155e-03
3.383255853369868116e-02
7.346644708673473467e-03
1.216528179538770189e-02
1.966447023600413797e-03
1.833244354379849400e-03
7.663049065632979162e-02
4.312142604485692116e-02
5.628910147170184015e-03
1.825666968866958111e-03
7.070770955409934333e-02
1.159860208435961604e-03
4.632588310292024697e-02
7.562758434191199641e-04
4.029729813657943749e-02
4.148551612109842301e-03
2.279674617825802607e-02
4.280942627678942236e-02
7.556915009236759781e-03
4.730600698702076834e-05
1.808623767830993753e-02
1.664221356933129337e-03
1.176585264546386924e-03
3.927419138007475635e-02
3.048327294587140253e-04
1.685640540236553186e-01
1.789435294495534540e-02
9.598990009729722189e-03
5.079292426203157844e-03
2.373165159019700876e-02
1.424844624286044845e-02
2.617643824693166935e-02
1.179022425953759994e-02
2.328259996314320512e-02
2.414329281534529411e-03
1.137336517010575747e-02
7.411806936145001745e-03
5.593036987357983582e-03
4.461680239672883436e-02
8.097143401762617321e-03
7.427636134415082194e-04
1.082928587073220088e-02
1.638437709777161924e-02
3.982406394475973554e-02
2.060965541208811119e-02
4.676341102548369627e-03
2.162191931226292024e-02
2.335070097630459474e-02
5.707406208672131942e-02
2.060502599398078907e-02
1.413561261962669596e-02
2.736871173291305359e-02
2.366187341972286057e-02
3.731246220914764822e-02
6.743571850156149239e-02
1.420788989441069267e-02
3.675140331730917392e-03
1.384917950033518752e-01
9.607871554866698194e-03
4.500713706914937439e-04
7.190121188215939374e-02
3.916687589778082568e-02
4.964253183806690423e-04
4.953654355855659219e-02
4.771353528519936549e-02
9.409844214461658696e-02
6.157407875998495254e-04
2.712299982015498045e-03
1.585384349261059755e-02
4.661902426708167818e-03
4.262017216425786209e-02
2.422229927885530265e-03
1.256302784491665839e-02
1.912020330312392755e-02
4.190392807995157141e-03
5.459947536547346200e-03
8.093814208043548925e-03
2.569290631482451168e-02
1.314429055525757895e-02
4.187320576423162605e-02
1.900771111247697917e-02
9.957430656070673236e-03
4.458353261535406842e-02
1.309580360598733631e-02
2.901380257783912550e-03
2.214383242432731852e-02
3.583577973475263190e-03
5.892097156839568028e-03
2.704913955416289248e-02
4.272967569443981289e-02
1.033574129697079243e-03
8.281064574327437477e-03
1.163776074376903225e-01
1.245744579991192938e-02
3.573123583663906366e-05
1.481263152680169920e-02
4.014087810563404107e-02
1.727593232887896652e-02
3.801376146755190439e-03
2.291660652585810528e-03
1.132662876169127086e-02
1.713991106190143610e-02
4.890607320457886209e-02
4.705581068338607689e-03
1.519969086774905324e-02
2.409722026315093413e-02
4.323711193438918576e-03
3.254949493358931523e-02
2.354492740380707827e-02
1.384832696129938492e-02
1.816516569157221317e-02
5.138598616808882913e-02
2.982459673235443240e-02
3.376367899569302639e-03
3.273178058303803650e-02
6.478047693245742727e-03
7.150351517087330522e-03
3.473733659154051336e-03
9.392771586417159035e-03
1.194556404642079656e-02
2.050796770591159501e-02
3.045429285111504736e-02
2.727611573580034088e-02
2.361162073620259177e-03
2.886548991016155835e-02
7.181781511984217103e-02
3.726660750766996877e-03
9.486082948629657313e-04
4.263912736007413606e-02
2.499071229844763639e-02
2.808392379292127487e-03
5.084307095721217126e-03
1.828892392528669655e-03
5.485601047225860047e-03
1.562897572083266767e-02
6.101043517748848573e-03
1.635572144744485779e-03
4.887066897353855091e-03
8.603072211495199628e-05
6.553115841235725159e-02
2.921815793290982038e-02
7.770161745094407435e-03
1.059877610981279361e-01
9.939670925675702165e-03
4.189782897680124213e-03
7.409909105506855970e-04
2.949327986378185232e-02
4.983532718874670447e-03
1.157280663323091707e-02
4.344414652830759505e-03
2.087399429893924130e-02
2.783539006975502619e-02
1.022115226687250224e-03
1.197150643238262605e-02
5.424760716955122700e-03
1.181726264831815983e-02
6.282495720980550702e-02
1.635512388439070569e-02
1.889052996780059973e-04
6.703970345338347570e-02
4.936094116229291368e-02
3.840597705502839243e-02
1.613915776678355452e-02
1.217560692445217828e-04
6.819248597084402730e-03
5.518877854282869429e-03
3.663000178865735007e-02
2.179932676035864839e-02
1.952976740637996783e-02
4.182797098696830473e-03
2.990678037550454586e-04
3.039080842031811197e-02
2.868038871790554861e-02
4.648393290086206414e-02
6.879664480184317921e-02
8.628968943620153251e-03
1.950897225484524156e-02
1.780886820289871806e-03
1.310141353569707900e-01
1.258564243121219547e-02
2.523121941820450839e-02
3.206327072058630379e-02
2.308663510399494578e-02
4.976286344885720581e-03
5.296671091582771940e-04
1.600746956979195437e-03
2.467346967664182933e-02
2.693281213715668573e-02
2.998086879060389565e-02
1.833083144853799376e-02
1.116111881226597852e-01
6.413540135197393077e-02
8.030552825808652539e-02
1.206865974845645548e-02
1.302300486750489032e-02
1.638305649702824149e-03
6.312887922261525842e-02
4.753897912540278048e-02
3.784172486595818730e-02
6.143033063079861300e-02
4.670383299596169227e-03
4.692658147618997480e-03
4.951068095826304666e-04
3.434311936511360436e-03
7.093522290173542855e-02
4.966247934882977999e-02
1.255116738717126229e-02
1.291516806895588385e-02
3.873818123391024187e-03
1.071071881075758014e-02
6.996786754182368617e-02
2.142744473433706026e-02
7.170815243871815625e-03
3.771739104909557772e-02
1.533389061973396703e-03
6.086305695277734185e-02
3.977537749035815057e-02
9.345976562540948482e-03
3.526752585933108641e-03
1.624383011602548166e-02
1.074703572376739524e-03
9.116862433408243205e-03
8.242384462188326322e-02
1.352421680752425963e-02
4.170288374289257000e-02
1.958038179782548710e-03
5.995308922162539272e-02
5.429217737500758451e-03
7.809369086040050985e-03
7.377546654323409447e-02
1.239440264421041819e-02
2.045750068166077990e-02
1.032016431607795260e-03
1.426198651567074649e-02
2.428125814431117760e-03
3.684763089558616353e-03
2.584172814460959644e-04
1.306408609810596338e-02
3.216585494777799564e-03
4.690427615594549779e-03
3.104679917110271352e-03
5.550327520634690259e-02
3.472012262705124336e-02
1.240841696305972422e-03
1.577672108938521847e-02
1.091549648632083452e-02
3.842606013811363658e-03
2.450920791520753636e-02
4.801440721388208765e-02
2.270325767679947510e-02
7.511198420922239084e-03
4.129045991006443164e-03
1.218949889972035551e-02
5.031455007196055165e-03
3.673110607780312453e-02
1.401407633516000206e-03
4.367737989177836871e-03
3.487277405150820443e-03
1.988763318064165619e-02
6.570661247883931473e-04
2.434640246330636512e-02
1.248518413770107610e-01
8.013551709388911162e-03
6.288147015284799302e-02
6.647015987826540226e-03
1.545001065466061925e-02
2.226715405756269153e-02
1.919955517755088034e-02
5.592705268653053174e-02
5.437651229369032391e-03
1.386682821828854120e-02
7.607187157910784772e-03
5.146564288538097581e-02
4.654806901774018180e-02
7.502557623055824965e-02
2.674420388603440386e-04
1.720889496959727028e-03
3.429006180618898725e-02
1.518360817673269220e-02
4.644963588493553758e-02
3.875420804573864730e-02
4.277339265430010751e-02
1.917598205372218062e-02
2.284803724963196947e-02
8.278239683976590380e-03
2.022505504551276589e-02
3.252628506773796307e-02
1.863843919861635223e-04
3.677747837324999575e-03
4.655462229169135893e-03
2.735461417876651480e-02
1.690923428630558209e-02
6.006283016914696488e-03
3.257272306588075705e-02
5.526986501195096935e-02
8.179953955958002565e-02
3.041724212797473209e-03
1.879016001041615425e-02
3.474146418085580917e-03
7.307929976506411657e-03
9.663616241186459566e-03
2.601720784140225395e-02
1.261097626475403584e-02
1.177410124046866791e-03
2.908255847976689082e-02
6.234717347060417247e-02
5.780727861835295578e-02
1.800640623264410621e-04
2.127850665134835631e-02
1.398715304870738708e-03
1.272300626829545164e-03
2.945073873016350666e-02
3.704052016459158381e-02
7.784717410232518120e-02
2.623773137710595435e-02
7.344059963530787495e-04
5.146903564070907586e-03
1.239436903271794177e-03
3.277508844221666690e-02
8.329834387287619879e-03
1.740710176139352583e-03
1.586400661450819427e-02
3.391983083069428917e-02
1.720421624091266616e-02
8.567183188487471207e-04
3.077010158966933182e-02
4.896065786909122725e-03
2.943359396006445250e-02
1.181848722524920028e-02
6.040938152587280521e-03
7.345432732589154100e-03
1.081899436785921202e-02
2.474060984173721833e-02
3.636916953334305008e-02
7.616871304578209934e-02
1.316567948735864434e-03
3.640232675683639091e-02
7.677315357196424009e-03
3.407363153275948242e-02
3.538882122981583389e-04
9.271864689974393045e-03
2.715181784464983095e-03
6.728409536418018810e-03
2.171792323711445663e-02
3.141899978551742495e-02
5.784676539408861728e-02
9.401116087033785720e-03
1.507158956169911239e-03
7.887421836533778374e-03
6.530510229155122616e-03
5.981806361358509017e-02
1.589930612795333736e-02
1.295521697840426589e-02
1.281523302027324368e-02
3.270097522457665259e-03
6.605407928793656513e-02
3.890186657729288039e-03
1.692980231500821331e-01
1.084817515543162053e-03
7.287777372414316890e-03
2.615186377992502345e-04
1.762288212724392317e-02
3.874511186785117162e-02
4.701640141814276454e-03
8.180623483808463492e-04
8.517341366449153461e-03
2.680547280576352220e-02
8.293705280456122042e-03
7.617294341517488743e-02
2.194723105484747139e-02
2.101053826183760936e-02
4.602993061641662796e-03
2.116390619009365925e-02
2.758447929838332008e-03
1.102881275100031991e-02
8.286461905374988696e-03
1.444863456340116786e-02
1.211038623496112597e-02
1.459448081344417482e-02
7.357791655144963264e-03
4.487457984503574054e-02
2.580274871237460237e-03
1.389930307096579748e-02
1.192222641174183785e-02
3.496814139178915787e-03
1.705183240045951565e-02
1.561779566017230600e-02
6.133776432996883646e-03
9.121277194977059789e-04
6.666843303269971710e-02
7.879205084803372894e-03
2.140514060182916595e-02
2.663885603629290166e-04
1.596429365839344139e-02
3.635780886572793913e-02
2.437266314223711372e-02
8.303119996500085698e-02
3.871185631456952603e-02
2.496657351685035043e-03
4.769548687698129535e-03
3.106544818493214150e-02
2.031829580625669346e-02
4.288459799535258854e-03
2.005247278026485447e-02
9.106886180307383408e-03
2.683386819315741832e-03
2.773012006676171121e-02
5.131282175848503324e-03
1.821823390621701844e-03
5.678116193456348576e-03
1.265460749035784982e-02
1.759398515878839858e-02
2.060178375516095312e-02
2.234477161061704242e-02
3.185734762393707675e-02
7.286846004094703344e-03
1.719674491983806675e-02
8.075113093680627574e-04
1.880093453715860063e-02
8.607660660874986297e-03
1.195162632603530631e-02
5.356435862143649196e-02
7.414324347428247544e-03
4.527952864525237875e-03
1.789139173670567171e-02
2.495967936085904601e-02
2.923595304727768726e-02
3.529093704645477197e-02
2.771502857035616427e-02
1.600482585301963440e-02
5.919420526707130925e-03
1.289147820515290643e-02
3.329624854667692299e-03
1.289822589709478662e-02
1.039406501523411179e-02
1.879287797600753124e-02
1.325230581994383747e-02
3.233553655858398095e-03
6.670862731143877705e-03
9.043276866075372275e-03
9.529633232453316172e-03
1.905599633090573897e-04
1.058589131295864690e-02
2.656745750791575031e-02
1.298336008472824286e-02
3.923024519573616031e-02
3.896673287773332051e-02
5.068532769537249620e-03
2.037548588515009779e-02
2.563567372858871832e-02
3.472735740422756845e-02
1.569996666214596923e-02
1.336300010682101545e-02
2.835114711422189251e-02
7.074874129783272764e-03
2.247372902929737140e-03
6.557788673091445586e-03
1.002261337491761398e-02
6.122803994654515969e-02
9.939988958096417082e-02
7.804327740693134396e-02
6.152383194381216835e-03
1.759737874871427840e-03
2.461452048136020601e-03
5.795360127634478775e-03
1.061077729313916404e-02
2.166258888796060433e-02
7.969760393674429205e-03
3.310621493343827992e-02
1.932869575560034955e-02
5.792935499848770806e-03
4.213998294021418373e-03
1.091166385938749372e-02
4.504761955009427797e-03
3.063682796298328355e-03
2.707316619769445723e-02
6.581311777492715454e-03
7.649151345485200038e-02
4.992592265111956557e-02
6.117368948428140475e-03
2.979290125933039494e-03
2.322701423406359558e-02
1.703637513841060533e-02
4.933867148200170305e-02
1.865389423245888967e-02
2.337092779980398660e-05
1.168173356052607664e-02
2.173194280316193688e-02
1.067032783321870439e-02
1.678800783547596681e-02
7.008435112722313787e-02
3.658926216659654646e-02
2.294698721506154698e-02
1.836354579564153378e-02
7.158886248232120345e-03
3.652139759940595254e-05
1.366084460236925008e-02
6.446456332528174848e-02
4.237928980876173868e-03
1.031071042314801560e-02
2.299696850892958555e-02
6.635086306592024447e-03
1.013267827388217301e-02
6.422024446808810572e-03
1.204776350372577590e-03
1.254502722702888207e-04
6.457873313365850021e-03
2.637437346357034140e-02
3.135036539590120748e-03
8.729166266396276574e-03
4.562148760165099515e-02
3.842089447672822344e-04
9.253307472048248475e-04
2.155134094710455667e-02
8.318969415839830295e-05
1.210334924765919459e-02
3.466513437820693821e-02
1.301062150721751624e-02
1.286264437213610612e-02
1.648188613618131217e-03
3.536083616984117203e-03
4.925107116066054086e-03
3.548801980868424716e-02
1.185766121288065258e-02
8.078794719853628348e-03
3.340640426991460521e-02
1.166365376488422839e-02
3.662389168343060941e-02
1.395051496741390833e-02
4.810519965580325845e-03
1.274668389063328758e-02
6.950529450059981899e-03
2.585350939188357788e-02
9.459614006312193693e-03
2.124027064150275923e-03
2.151129471707633346e-03
2.698544159015214827e-03
3.579691419341050895e-03
8.700922936780656342e-03
4.207594205345253219e-03
1.347828244928583885e-02
9.165281194505176671e-03
5.778088309737398898e-02
4.252079366228493640e-02
1.734901441037209335e-02
1.100714092071416496e-02
1.151502147764599943e-02
1.442772441228316535e-02
3.358190470173662290e-02
2.313413834683491870e-03
2.262101527346835339e-04
1.196657899045793817e-02
1.667378461965262140e-02
2.420803205347519388e-02
3.207544015912874857e-02
2.878900380505395803e-02
2.910146041636532070e-03
2.322194520695988751e-02
6.760831344273890431e-02
5.458485569054989661e-04
2.179504104624767347e-02
4.242355495447837875e-03
1.462891120191490112e-02
1.790130878083647480e-03
6.666137027712275981e-03
1.113792483718926279e-02
8.947211092505642088e-03
1.577564785321304563e-03
4.491847452267029583e-03
1.879385562225310835e-02
4.947422351732376662e-03
2.222392219160334095e-03
5.234639234361335158e-03
7.147776421484760938e-03
1.594527636418689720e-02
2.001573157202603259e-02
7.067342729339667548e-03
1.770557272231551398e-03
8.655174060739212125e-03
5.408824647590182444e-03
7.854109233897366496e-03
2.271469925100379032e-03
4.435718960887208295e-05
1.177669368849172324e-02
3.904642639681514538e-02
1.366906582385723004e-02
1.708245261583700089e-02
5.447451596896006609e-02
4.905385509166408642e-03
1.416216240972922522e-02
9.179284362685968812e-02
2.132262891516111328e-02
4.483029557090521811e-02
6.884808866885694378e-03
2.406561350453257503e-02
3.383991638822908890e-03
1.106836361383195348e-02
1.872101601233671503e-02
8.988945258165135024e-03
1.855938445508482915e-02
5.169589964104926577e-03
4.713605121630587425e-02
3.335572454137722409e-02
9.450287195386366731e-03
6.511449010765477802e-03
2.080041450697305352e-03
1.426367284558323172e-02
3.709136999186392336e-02
2.744384915041792050e-02
2.141446749793649712e-02
6.423900724573087043e-03
1.139455165480472709e-02
1.128052548997748698e-02
3.223946061842236296e-03
6.782017627763314849e-04
1.298192371656754426e-02
7.166699267487686847e-03
2.413438624016265438e-02
3.753529480873265406e-02
2.356420850528817904e-02
3.845102375512195886e-02
1.470539597508771328e-02
6.455465848895225456e-05
1.607901433612023839e-02
6.147814896142831526e-02
2.799485283825723855e-02
3.304534487786581903e-02
8.761291155920773732e-04
4.457675265405715986e-03
1.242671982529659422e-02
2.232806079080736257e-03
7.700640406990954742e-03
9.975355094971041434e-03
2.502933690413650103e-02
1.740074845905680359e-02
9.645898196711230610e-03
5.508221578925319439e-02
3.126582132508800432e-02
1.664748345245060240e-02
2.617511472222702057e-02
9.638388199600760736e-03
3.950617329036250347e-02
3.904163932468391121e-03
1.323983389834796492e-02
1.347464210555756464e-03
1.658712086250336420e-04
1.732907762327837164e-02
7.620431938316540345e-03
9.633892923656718621e-03
3.238924672653061693e-02
5.551521512139705183e-02
8.075316354736621072e-03
2.799926929405843756e-02
5.128143168676321112e-03
2.762757530866884756e-04
2.567951879810878579e-02
3.815320437465374859e-02
1.084500569747113008e-01
2.140774369026862689e-02
5.646039030150454274e-02
1.087967467374797471e-02
2.519438552642038615e-03
5.910294529850633818e-04
7.669689048132169625e-03
6.205947197474387389e-03
1.407582261718680165e-02
3.682956834311006122e-02
1.021655903031145826e-02
4.901625258444110983e-02
4.559017166261034038e-02
1.528579894204996903e-04
3.349999567955593699e-02
6.578349719072798529e-04
3.610089256371768612e-02
1.099855898198527984e-03
5.990002221102472615e-03
7.434037224558530735e-03
1.663468213458289824e-02
8.926997999001992645e-02
6.824932069846429555e-03
1.709192873880207089e-02
1.236530392662272583e-02
4.960906006443904781e-02
1.860328191673072534e-02
5.401914197949253538e-02
1.077741166186886763e-02
9.687956558285859554e-03
3.112616711080579482e-02
2.960153629859166302e-02
3.081856905226200774e-02
9.119376983875517734e-03
2.279784584564861424e-02
1.048973732653881059e-03
8.062945747291565615e-03
2.122276588765743821e-03
6.073518786729438512e-03
2.795681060348659611e-02
4.672482153950958256e-03
2.658810133300533105e-02
2.242824706628642265e-02
5.698869210014739783e-02
2.410340448721752168e-02
1.130213479614326777e-02
2.139252413127134406e-02
6.707863220625630285e-03
9.096776837212404432e-04
1.003279717034389999e-02
6.333462340724138780e-03
2.983009733653192025e-03
8.653425310100135853e-04
4.707253809508875342e-02
5.230199453750632166e-03
3.768232827162796422e-02
1.945353473198513025e-02
2.715371629920713958e-02
1.052416403615779456e-02
9.102316503030859207e-03
1.230141387434815180e-02
8.025628006096099248e-03
7.506270878749891906e-02
1.380282418708545303e-02
7.181426563794973683e-02
2.014897305302488714e-02
2.244029402497063619e-02
3.075650210854419253e-02
2.934641564972702288e-04
9.756721202998802980e-03
1.591598685188780338e-03
5.067793265464837216e-02
9.185009430484669668e-03
6.272589993060392888e-02
1.110756982476284772e-02
5.361444964966014144e-03
3.858850724028746459e-02
1.011628362842305513e-02
4.947281808765642552e-03
1.411350622514501857e-02
6.904209865920545898e-03
3.538237187198014361e-02
4.656544012429023743e-02
1.083243409530067723e-02
4.956405956826507447e-03
3.025318052564539631e-02
5.377272327298255120e-03
6.039882702010450355e-02
1.075549307608797064e-02
6.790114315676040735e-03
2.364853214988159313e-02
1.015424666209031358e-02
2.055866532806691765e-02
2.637884264815962970e-02
1.449329835865244276e-03
4.515881386233516759e-04
2.719556745641547174e-02
1.845494587928809063e-02
2.101562611321992902e-02
2.383369046498538812e-02
1.443956635433072885e-02
2.575626412626191158e-03
5.808753328610019237e-03
5.006787551013514026e-02
4.809075997147213219e-03
2.777240977831478205e-02
4.351937312633237173e-03
1.168859453473276161e-02
4.808369222981955654e-03
1.520116710034799881e-02
4.877039674664070817e-03
2.468825831576397511e-02
1.817153151105176112e-02
1.425125164305846015e-03
8.536624526203110200e-03
2.371356019286242119e-03
3.745961085895933851e-02
3.753687938967767423e-02
4.961383624478001193e-03
3.927691306496756268e-02
3.975658843216410554e-02
3.747480081993520562e-04
4.012740271772511497e-02
2.303291537033527042e-02
4.996437617715963724e-03
8.878888742982083554e-03
1.816492945825563116e-02
3.339563974299988164e-03
4.336669257164625993e-03
1.354383987367150516e-03
2.262305561019312822e-02
9.535094313723801313e-03
1.570573033908214192e-02
1.778087449175576318e-02
4.125384788511252121e-02
1.552706186962207746e-01
9.693933405026118610e-03
1.718739768433957121e-02
5.264590611734266956e-03
4.037879176316521573e-03
9.042467769706345748e-04
7.353024376132186700e-03
1.211682803225659980e-02
4.375591739924002133e-03
1.359916762690062397e-02
7.808865771624402298e-03
2.020367109348619045e-02
1.990610098757344265e-02
1.426399539925164370e-02
4.148679550842199193e-02
2.547154559184872796e-02
3.422607952180582030e-02
2.623407563938396844e-02
1.102086123756785933e-02
2.332097035996235496e-02
1.078077724486929158e-02
1.640185294157006646e-04
1.713079833844098100e-03
6.112424950291071510e-03
1.291035826592068503e-03
3.278048976725849578e-02
3.171481715936719931e-02
7.209366428277316774e-02
1.979777281881450052e-02
1.107484167589044798e-02
1.546624924856472572e-02
1.689220538736082439e-02
2.262818054815165236e-01
3.095794877512917861e-02
4.032036571684312343e-02
1.220911709277812916e-02
2.716406570302941359e-03
1.074796024737682994e-02
3.016535849691680607e-02
1.121478183897064648e-02
2.845085252243908375e-02
3.571138247879655780e-03
5.246863173423668703e-03
1.502132494013378936e-02
2.004511140385298318e-02
8.123821600025640105e-03
4.524745340105436331e-02
1.890403499033844678e-02
3.580909608268828537e-02
2.634547294951034013e-02
2.449059437154959412e-02
1.579050373179436903e-02
4.181605731814786592e-02
2.664954559371389073e-02
3.113384561889961932e-03
2.041205928897889266e-02
5.012417612881663043e-02
2.137654598236272963e-02
5.816129771953839483e-02
3.391930964633525780e-02
1.194628028709950399e-02
6.619580562247859290e-04
1.100973636842803166e-01
2.074168939105064738e-02
6.846813952967030492e-02
1.438519082484381387e-02
3.877799422461830625e-03
3.139808184177845726e-03
2.696257370411746582e-02
1.638636156039290775e-02
2.667106615829927668e-03
3.261660192278600934e-02
3.031256877306213321e-03
1.056868207688617042e-02
4.677646524081481919e-03
3.556198250067255789e-02
5.642161330312797651e-03
3.462461864841833575e-03
8.438109616224878651e-02
3.591749599295052109e-02
2.177541100976812527e-02
3.071413294649940826e-02
5.750664225403907814e-02
1.212005842585633930e-02
4.048577577085839957e-02
5.048155286019165300e-02
6.892698912045379378e-03
5.138621750213376999e-03
2.084394380373272987e-02
3.684273700070762273e-03
1.053463544767458404e-01
1.123561926936570907e-02
4.818040348534227690e-02
1.978218497456859376e-02
6.851858457985533779e-02
3.065003109714800958e-02
2.830102092012367829e-02
2.652910112595557521e-02
9.019123155289684307e-03
2.294417872819007678e-02
2.155140824787697695e-02
8.338644851315538120e-03
1.332870097761060246e-02
2.858240113377672961e-02
1.581407181002621176e-02
4.109776159737674878e-02
1.862521957499616021e-02
1.348036080518376714e-02
1.491618129273742863e-02
1.582616781194719213e-02
3.118077602440500612e-02
2.708846800995361181e-03
8.306138212823289957e-02
3.473175137031281334e-02
9.227961008373956886e-02
1.178217436493579628e-03
2.117144819364016883e-02
2.771187170572103967e-02
1.053689118043126330e-02
5.770685983439059058e-02
1.202054480272726246e-02
3.071410115837815841e-02
1.102306843370392392e-01
2.185056991707708118e-02
2.155978045217306696e-03
2.062766274129664013e-03
3.733894896577084899e-03
1.855179630582853151e-02
3.061550714343099291e-02
3.986833673712455312e-02
6.321907233641414249e-03
7.380465396941549017e-02
3.090417369827307137e-02
9.945071626337982987e-03
1.220570900026555702e-02
1.530299379797377818e-02
9.174521618308296642e-03
3.256143553011327241e-02
1.974951947088004339e-02
3.392112891591615720e-02
2.609306983296440230e-02
2.621420532131163092e-03
1.061578037848011358e-02
1.081657302660263623e-02
6.853462735678805817e-02
1.689257671572694589e-03
3.270742696231792451e-02
4.430436381311748939e-03
2.861560774435122079e-02
7.968866868825164040e-02
6.791960236396456241e-02
1.151975030260488780e-02
1.358380076602215027e-02
1.849854288976753372e-02
7.341666152800803424e-02
4.741856531920193157e-02
2.142835498925006743e-02
1.061776255401021465e-03
2.698366565034571174e-02
5.468945937228276120e-03
7.087791846975381727e-03
2.704865781082233314e-02
1.171138707423419884e-02
2.298861570803625853e-02
2.419662624781638433e-02
1.815708876750570314e-02
3.077241571338003995e-02
5.615395716604923426e-03
1.786524969353258524e-02
1.086760759671250021e-02
1.380357935309232259e-02
4.339518217112087878e-02
2.869381066264407865e-02
6.128654064643261970e-03
2.173164495876770200e-03
1.938913069691891589e-02
7.033666807890535944e-02
5.396920730059349275e-03
8.405403132648720660e-03
8.640970425821986600e-03
4.026628353891398976e-02
1.504217468472710331e-02
5.411743378374841290e-02
6.673434027982936070e-03
2.766044588450461417e-02
2.397611476869818820e-02
4.106529277943515160e-02
8.043020007840345764e-02
2.276074000310975703e-02
2.522203120918143152e-02
2.926888364402527656e-02
3.337852150090622749e-04
5.339575967632758692e-03
3.106224654632888139e-03
1.898954252330278467e-02
3.952575297713641772e-02
2.492833847946136772e-03
1.169052452302767227e-02
5.555510130424466675e-02
1.356084425189357963e-02
2.788939207853639857e-02
2.285718350934275861e-02
2.707730136095334861e-02
2.848419305282960407e-03
2.592857584521665593e-02
1.383026285238761303e-03
9.747905839104516190e-03
2.858870848633711381e-02
4.489168541710661375e-02
2.336050744938032026e-02
2.080848363503225856e-02
2.926202039126763604e-03
3.090647461318696276e-02
4.020896043820862235e-03
2.510701309626205135e-02
4.529889944123522902e-03
1.252461981381583316e-02
7.507156989469765743e-03
2.024802516778778649e-02
9.068240544352595967e-02
3.934818340620454408e-02
5.121397052463236288e-02
1.629591930222767590e-02
1.542850610040415703e-02
6.503747347244717182e-03
3.931650995400946640e-03
3.397112613199925607e-03
3.821488568163299016e-02
9.752657064515618188e-03
1.855667287057727668e-02
1.870062621931212893e-02
7.921901787432537867e-03
3.838589430354013426e-02
5.742132781381400174e-03
1.776743952246183714e-02
1.719344455482189893e-02
1.937161373825487670e-02
1.800415058676835614e-03
6.890882669375841298e-03
2.140052496598102150e-02
3.884511506080726151e-04
6.223827087045431111e-03
1.419222627711929502e-02
6.052960482491598349e-07
1.546898313085729934e-02
1.893726976997048977e-02
1.297806847798553542e-02
6.040626550960225688e-03
2.880120923695239123e-03
7.580865435507735776e-03
1.367110932263798477e-02
4.838464959651443686e-02
4.998628855567480850e-02
6.977050609165261208e-02
2.339011558328815688e-03
2.530434240560307246e-02
8.418924606684308198e-04
6.908219406581771888e-03
1.279351303634311890e-03
1.846019028740520512e-02
7.898392340850110896e-03
5.055007154513400242e-02
2.172287238130311826e-02
3.155819413335528983e-02
4.758128254634484688e-02
8.621923914930841246e-03
4.068246710298124651e-04
2.797364445538587721e-02
2.862500398632787397e-03
3.468561170233536682e-03
1.109356462263959633e-02
5.475853420413089728e-02
3.363396603575792565e-02
5.113198612238660816e-04
1.565051512087799537e-02
8.264572537602208821e-03
1.049057004733182103e-03
2.295794753804206861e-02
5.713594718220815771e-02
2.599234601827338925e-02
2.133204618526053989e-02
4.000251129905305070e-03
2.755770533032882857e-03
6.788863508724704565e-02
2.970811955835266083e-02
3.822374693528877293e-02
5.012977709377225422e-03
1.934741544801198490e-02
1.378536262068831564e-03
3.765199398033519662e-05
2.064646935388916339e-03
2.658204917106710835e-02
3.714944284207517822e-02
8.825813267725381162e-02
4.150974415948293153e-03
2.271363134197465494e-02
3.071120017724626727e-02
4.700690531419401963e-03
1.118395191754561991e-03
6.069863491337536623e-03
3.977661648758444059e-03
5.697883666633119307e-03
1.110968221977146455e-03
1.098588858292575132e-01
2.127248417306597944e-02
5.788898595173233401e-03
8.876715180738094929e-03
1.916236031405284170e-03
1.233392754589127116e-03
1.030317219534292433e-03
5.504796598852969292e-02
1.715110872784005383e-03
2.881907732467860195e-03
2.359474700014446008e-03
2.640033397263398876e-02
5.180150067135991243e-02
3.063547161852755302e-02
3.959457551770328987e-02
2.155361815118098448e-02
6.559639636670147947e-03
5.021837777404765044e-03
8.792479716058315686e-03
1.017463942039091226e-02
1.464981294317135689e-02
2.102898840673467565e-02
2.865379474020094200e-02
3.819549940591918796e-03
9.075972717496775394e-03
6.177573750061909896e-02
6.475990824264931528e-03
1.015541969052566329e-02
1.272301184305804286e-02
7.233458041619290381e-03
6.251998860592217211e-03
7.939957007773487674e-03
4.507403378545882244e-02
4.648506602966475526e-03
8.521610833860337325e-03
2.831358502526439697e-02
1.923635734492296773e-02
3.147541809899721821e-02
4.071990371928152497e-03
6.493830934738467620e-02
6.265384278565388348e-03
3.006981629703152012e-02
3.178939454048519686e-03
5.562071794355351317e-02
3.248403567585872453e-02
1.745792978434344139e-02
4.347257466342904775e-02
2.229723567514988597e-02
6.951643198840803950e-02
7.128103575246985679e-03
1.743106050169917348e-02
1.128194827413550594e-02
1.679177374635358252e-02
4.473743197579482800e-03
3.238138316882378798e-02
1.151321362902267900e-02
1.816869506303737253e-03
6.162631379839042522e-02
1.577598410667083867e-02
4.605360051338371064e-02
7.155991994852053603e-03
9.590386505127047184e-03
6.312512269266788711e-03
5.808430367459509885e-02
7.649948234727370344e-02
5.281058833158241983e-03
1.964701790832530659e-02
6.924158161504354730e-03
5.437280998099614307e-03
3.079226416914875378e-02
1.607038865431189905e-03
4.162544175280705194e-02
3.769410256603592489e-03
3.465909917283561265e-02
2.468431574592309941e-02
4.281808186282214101e-02
3.128299488478505875e-05
9.682509866045156330e-03
4.681655395788734270e-02
1.871369721529280578e-02
3.133383269150870343e-02
1.078057290346157854e-02
1.155462884119317149e-02
3.202670576935025271e-03
2.646824511970264499e-02
1.743074023695046632e-02
6.299071286663551240e-03
5.834951381105893398e-02
2.422184668155391574e-02
9.254469151262069426e-02
9.655898533016319882e-03
5.625315324284586860e-02
3.770157696934948316e-02
4.790417094534260567e-04
2.048580767170479766e-02
5.452946329794532143e-02
3.027014218022985176e-02
2.491366811624263350e-02
2.454995507624803050e-03
1.003903526259298032e-02
1.761936627959000135e-02
2.818393521884312442e-03
1.914403468165170978e-03
7.463619104943952642e-02
4.529817987901108012e-02
1.931856912540663718e-02
1.476555284800198063e-02
4.754723131235025213e-02
9.835487323893834025e-03
6.708249566730606350e-03
4.380066965188759293e-02
2.856511714148821796e-02
1.100673045559662395e-02
5.317464307856074879e-03
7.396353194470036904e-03
8.886735255083197393e-03
2.909126964638388685e-02
2.497790542543331174e-02
4.310440082898102376e-02
3.710343452835414280e-02
4.702253013066242521e-03
8.134224121593280898e-02
1.078817211324102458e-02
3.565989613993521268e-02
3.921129831930613568e-03
8.930466424850316137e-03
1.762112806198332798e-02
4.193054811296142992e-02
2.366486815561233067e-02
7.874953844568273464e-02
4.789322120053959332e-03
3.498029290104334721e-02
1.787020801637108532e-03
1.455118753701387579e-03
3.382657111155058099e-03
5.898117630220767182e-02
5.452094305162710763e-02
9.838891733546609522e-03
8.947312057569911312e-03
3.090359250780286282e-02
2.039279951340134539e-02
5.081714136080687713e-03
4.188807627665104907e-03
3.940171331078516637e-02
2.836906243214008111e-03
1.252968156870828444e-02
4.095708902758341159e-04
2.760693991940846130e-03
4.043301931271220742e-03
3.072138981652947770e-02
5.631921630454930772e-02
2.580596068762432832e-02
2.988956735044253840e-03
4.418897983603509161e-02
1.129825752590102317e-03
2.672381641096295904e-02
2.688454820792518865e-02
2.624483799190883114e-03
1.093087537868151632e-02
2.448127573842489441e-02
2.607339312492368624e-02
4.555855312008016966e-02
2.701946757685338638e-02
3.485513306956302543e-02
9.461215792743320890e-03
3.601749599555167936e-02
2.420413483137319466e-02
6.306652229349361816e-02
3.716077868558560759e-02
6.734353063861977552e-03
4.549129385238590007e-03
3.782980367693131174e-02
2.614202186284269452e-02
1.036480563438609004e-02
1.792628585391942836e-02
2.731536012788707973e-02
8.395916537599568824e-03
1.652968022245291865e-02
9.248835701639594037e-03
2.435705708785661228e-02
2.828806314285182977e-02
2.982157425899356618e-03
4.517143539409778502e-02
4.537558917700495326e-02
1.942920686491591414e-02
1.339646605732440487e-02
2.488899285748416221e-02
9.959377665204507957e-03
1.576455126571900747e-02
1.028000210866278265e-03
8.062187282852923548e-04
1.991036361573752037e-02
5.907680090946739598e-02
4.115505476201200552e-02
2.320384322998331542e-02
2.401430212060059327e-02
5.687930469560184034e-03
1.990509349278923520e-02
4.470889003505944259e-03
5.287500806887886207e-02
1.008362452614959721e-02
4.281522555895082849e-03
4.414993566566075001e-02
6.944805661000884311e-03
3.030840493201393190e-02
3.086101852091767406e-02
3.910889330166307520e-02
2.806888636130309284e-02
5.292347450947565944e-03
2.988815684512568030e-02
3.700938394841797683e-03
2.146543123090806013e-02
7.473887112033408830e-04
1.311019479990217784e-03
1.095395826876596757e-02
1.021340128401028446e-01
1.871042394650931917e-02
3.928509801863465552e-03
2.835338196404053185e-02
2.208592382171278498e-02
1.578972173555115779e-02
1.336904377785135076e-03
8.560002868882587990e-03
7.551102785657570760e-04
4.263021935725454931e-02
1.094758559570700174e-01
2.700881529109830370e-02
2.631839549652692685e-03
1.273889816640613910e-02
1.266663677786807399e-02
1.661738125139408228e-03
1.641701956504074827e-02
3.361003128387194533e-03
2.198810545338706485e-02
7.599353952376075583e-02
1.059555990513396523e-02
4.898582546857165737e-02
1.614310234931730717e-02
1.209711183913194169e-02
1.335351404200262396e-02
7.156058812561859675e-03
2.128931694252440485e-02
2.279755595657625630e-02
1.356896044563847027e-02
3.377779501430607650e-02
4.198242932354832174e-02
2.101691109876804853e-03
1.209896458987754359e-01
1.943243666624999005e-03
3.160871859901939057e-02
1.361652405774035207e-02
6.961269218715532281e-02
1.535161402674832358e-02
1.855036867787652338e-02
1.269082238893755321e-02
2.269409930374684942e-02
2.805695699005691934e-02
2.504977644890259841e-02
2.198949867656418283e-02
5.504614461110883539e-03
1.594484144700096528e-02
7.384641169584676978e-03
1.981256343829119332e-02
1.767449539581258944e-03
1.526721239443617519e-02
6.942625081505407469e-02
3.472978527953041877e-02
1.855890118825209711e-02
7.138029237963312845e-03
3.600996052050883106e-02
2.885447557385086709e-02
3.226958511229616623e-03
1.822988078317092780e-02
3.975355843852208804e-02
3.716418708668256868e-03
1.814213774135925439e-02
4.922517615181652012e-02
3.359713085684322333e-03
1.354837385665913496e-02
4.557504102969198168e-02
1.183348139001436095e-02
1.892136331467793309e-03
1.104658244155796304e-02
5.115224291037721860e-02
3.836686205303890818e-02
1.527782486431378955e-02
2.250856625307174480e-02
4.546270057198695258e-03
3.472522777217101203e-02
6.260525784879270375e-03
1.001917658504750813e-02
1.520544129430899220e-02
1.324437752857164641e-02
9.152851130653550521e-03
1.795487826979597773e-02
6.510503986212068557e-03
1.569611398524057427e-02
5.061864125420009741e-02
1.218606049250407428e-02
1.139803227644328731e-04
6.840923821369713186e-03
3.874049032807284736e-03
5.562249915865063316e-02
3.137696400180713802e-03
2.567665524626911583e-02
2.188013449494005669e-02
1.822460057611369373e-03
5.730510467134890956e-03
2.301247486690564600e-02
1.413897070559591920e-02
4.568046126206722068e-02
3.044748109253411772e-02
7.939358949757750403e-03
9.394528730427056593e-03
1.309311516508220377e-02
2.159812873245655143e-02
4.855786193202330826e-03
2.322030610129286604e-03
5.908419215969456552e-03
7.264050901307298087e-03
2.941044291999549837e-05
2.369891013656961684e-02
9.690116885113878378e-03
1.216724637127215430e-01
1.620069495462426318e-02
6.099547412159041573e-03
1.622843623664438351e-03
1.964550370000723092e-02
8.916458285404766163e-03
9.321509256313614822e-03
2.568096459282740579e-02
1.060822799321561698e-02
4.613335397884582578e-03
1.232413103088405293e-01
5.920054839705699706e-02
2.321456058228554310e-04
4.316516229951494754e-03
2.284416862441339749e-02
6.055890633194310757e-03
1.908593821504699084e-02
2.355003154930583598e-02
4.111553340970765247e-02
5.067906910862438052e-02
1.273470362145963895e-02
3.270444613776181397e-02
7.569409388239758951e-03
5.690633635573680987e-04
5.396382734058020013e-03
7.009439145793302031e-03
2.217407609404339289e-03
1.793470296852677295e-02
6.325771513125978338e-03
8.881939237228866912e-03
2.548702026028872719e-02
1.211174984234203097e-02
4.567015208676183935e-02
1.852288019134819969e-02
4.366313636861407499e-03
1.372944560079517994e-03
8.168884902471605647e-03
5.213503726033835023e-03
4.933132464669063438e-04
2.621015795788368685e-02
1.170019713497974165e-02
1.950918991164388855e-02
4.555222167931425453e-02
7.761037037405002503e-02
3.142302838135969945e-02
5.832572975203436511e-04
1.197649209321049145e-02
3.853205796298816987e-02
2.024875135539340454e-02
9.608163485915675178e-03
1.929653464963971415e-02
4.724700086044898717e-02
1.891258699033561766e-02
1.330858275149451528e-02
2.224130867927962343e-02
9.709180329346249472e-03
1.146016178187716367e-02
6.418952917920269646e-03
2.451723941212390415e-02
1.545921086688467616e-04
1.193782216550706363e-02
9.510670479320139717e-03
4.694114625661981633e-04
4.976138942472491285e-03
6.515624760906806034e-02
6.060479134285880198e-02
1.018517922080939588e-02
9.412468438820259867e-03
9.051129025639280401e-03
1.403899815276582995e-02
4.560707522114731439e-03
7.990999031069215275e-03
3.518286169572189259e-02
1.655419940348067456e-02
3.582172324696960425e-02
6.355227558686632472e-02
5.263137192305931966e-02
1.549335779756669945e-02
8.384892145423265136e-03
2.295035905924968506e-02
5.382635516967727851e-02
8.715081621883669083e-05
1.968784936651823275e-02
1.743562864847727351e-02
2.514732464050329838e-02
2.440200228519819048e-02
5.709437792107937767e-03
3.702806011356603311e-02
2.172693081236215865e-02
8.511912688375308095e-03
9.244564980869398110e-03
6.874140878001911564e-03
2.864067097451775817e-02
4.999617118544939093e-03
4.093519100549607159e-03
1.895664500505110650e-02
4.512627792764242751e-02
1.775852889482417221e-02
2.569889784350966669e-02
2.248567581651945285e-03
8.246296610817004796e-03
4.500271167912917036e-02
9.641975374023939102e-03
3.222356016372006360e-02
2.076747225695122975e-02
2.278928670007338703e-02
6.826123005254014497e-02
4.363507936109725649e-02
2.114542511894867624e-02
1.485288874253337839e-02
1.646663838878804778e-03
4.446706153771889242e-03
8.191014958696861414e-03
3.471399769011730002e-02
9.216391228880050322e-04
3.794648333598411340e-03
1.688353324170970352e-02
4.119531687684227506e-02
2.210598405899285787e-03
8.192659658378689813e-02
7.661692879359086744e-03
2.752512413447906481e-03
6.123306035228323098e-04
7.456648129170418901e-03
7.405771269384257317e-03
3.208629386836663565e-03
9.719320769056294385e-04
5.599928169513655393e-04
1.143636417287530530e-02
1.509166859737106486e-02
1.395703829551686592e-02
4.812002747873236549e-03
8.835010355911727953e-03
4.728669495548259993e-05
9.118701321270589882e-03
3.116665439622616843e-02
1.355549109108837233e-02
9.683873886511529944e-03
4.377324782948088799e-02
4.168988448389308182e-02
2.365277101108939628e-02
1.605691717922728273e-02
8.514099635200219479e-03
2.726638874888541453e-02
2.325910638322617463e-02
4.747696901393334140e-03
7.821214162285709121e-04
2.988551586012006683e-02
4.349421713019057008e-03
2.443175821469493331e-02
8.328359195305234247e-03
8.066117954534671175e-03
1.151699964759924245e-03
8.237605142329719465e-04
1.394035350374907625e-02
1.614973198091779541e-02
1.395655206038367603e-02
1.908676495399126011e-03
4.179007805222796634e-03
9.962846886793870135e-03
5.430002364465448886e-03
1.467177598564283793e-02
2.419481581320326660e-02
5.906521096404583615e-03
7.295610335407969743e-03
3.267595137790780396e-03
2.902129350943867536e-02
4.749656248902279360e-02
4.707479244764794374e-02
5.227765883658325868e-04
2.449595954219454391e-02
2.847838591156382285e-02
2.909574378462893157e-02
1.686042574388013984e-02
5.878936763300826596e-03
2.397579950619096664e-02
3.726608364487864200e-02
7.496903036174881740e-03
3.413845038000919846e-02
2.670068232932901534e-02
9.168690875376897878e-03
4.741959658400349970e-02
1.688425259537006812e-02
4.258466712352520535e-03
1.821999848047792941e-02
1.040228564661143003e-02
1.143715129160468788e-02
5.954488624378089998e-03
8.140753677734959004e-03
1.722987650708133339e-02
2.262326783614299584e-03
5.712876726676474615e-02
8.622471090163480456e-04
4.376323007024070233e-03
2.445951951298869567e-02
1.900929543844389474e-02
2.401476027545777769e-03
5.325024649662346739e-03
1.194653055235270211e-02
6.319204873954785417e-02
2.202057290227926387e-02
9.815856682771809116e-03
6.010573148907146987e-03
6.478696380324126293e-03
2.409643553183172388e-03
8.072844373628589032e-03
4.634141364802154411e-02
2.470463472756575032e-02
6.139377259994209871e-03
4.363567453935019401e-03
5.929988757940264643e-02
2.486525932688964970e-03
2.719411099357668064e-03
4.575870218501106035e-02
8.637901932002093469e-03
1.206439272880599489e-02
6.429184278523743246e-02
8.228045293386003489e-02
1.598951261682788130e-02
4.105173745300005027e-03
9.964629608043069908e-03
3.053506597378834436e-03
7.652969488421312860e-03
1.999699545931208494e-02
9.705899893165493425e-03
9.487582584179025946e-04
6.226376262460068915e-03
2.365160244909848136e-02
7.978301051622803397e-03
2.655438595234161162e-02
3.960496287435294471e-02
6.357780659504118359e-03
1.900214853051479524e-02
6.427149579796496981e-02
7.544785532951658533e-03
2.056926179748438943e-03
1.072834605478915036e-02
7.308561524962678239e-03
3.568317259818795661e-02
1.051186772489634408e-01
5.235502710336492269e-03
4.266098821756034859e-02
3.557907422210535714e-02
5.192603670479771158e-03
3.740180236510359975e-03
7.094005647414823590e-02
1.254265537766275501e-02
1.498485516387402725e-02
2.149001801675682471e-02
5.569603918388314756e-02
2.438268684866376837e-02
8.770885749870489453e-03
2.534024200798513232e-02
4.401964154176089827e-03
4.319957356681106142e-02
8.446244598786083538e-03
9.282308373539157470e-03
2.707764916716232442e-02
1.248568925976218519e-02
5.590066786908631444e-03
3.400369667476219049e-02
9.157601703664318415e-02
7.738215585742651975e-03
2.252930604674765764e-03
4.975310497468087706e-03
7.876723253791387269e-02
1.558633181055750494e-03
2.585000033653654661e-02
8.996836938593169575e-03
5.245627265053228599e-03
3.504522407407183876e-02
7.532157628136298445e-03
1.249672163773048184e-02
1.235516271432708646e-03
3.168491008378292173e-02
1.374967951000711716e-03
5.554155803382442719e-02
5.718017338416044038e-02
1.179724999164792794e-02
1.314730746864284892e-03
3.300351548340398067e-02
6.008855141727973553e-02
3.118398504140047420e-02
6.056780610190245009e-03
3.701629899228099652e-03
2.429927459809148871e-02
7.245428187483403393e-02
1.234855041561884470e-02
3.707428181203083900e-02
1.525239252185012565e-02
1.304045083126836174e-02
9.266340826136094944e-03
9.255393503129642763e-03
6.776053167473934657e-02
1.613899266939787872e-02
2.124019065274699095e-02
7.316534247355838474e-03
2.129412390930922327e-02
1.261048409250511808e-02
2.579821157681733493e-02
8.497572313069724770e-03
3.500735704966086159e-02
5.237694094191570893e-02
1.815530554061276988e-02
8.839954729934578620e-03
2.130938777886085683e-02
2.152689213164007444e-03
2.180836547847078005e-02
1.736045814988217834e-02
4.620431892158724518e-02
5.114472471975731183e-04
6.999355996790467514e-03
4.234005195999181181e-02
4.092619856802463818e-02
2.737655012896182682e-02
1.635661713244030563e-02
3.721827358011377956e-03
2.333574202984010915e-02
1.252240671542789452e-01
2.929610703600100952e-03
1.715038742524152560e-02
4.002876863868784496e-03
4.548389699617498561e-02
1.411586081641975562e-02
9.796204036357000072e-03
4.034766169088399579e-02
1.294577358977783837e-02
4.160437764389240956e-02
2.832772638598375289e-02
8.500302748892215113e-04
1.828374762063756515e-02
2.096905802333261931e-02
3.543990285450179800e-02
1.418463764550663073e-02
2.556531454240643791e-02
1.341502324277897215e-02
4.111322067552844114e-03
6.082321973832584966e-02
7.247788768157969325e-03
7.289919452161320278e-03
2.285618471719092631e-02
5.140979387710235826e-02
1.732151659685519582e-02
4.611777660888331104e-03
4.305647871302004798e-02
2.721687496566505687e-02
2.504225838980033564e-02
7.638555676811082870e-03
5.113249236154613492e-03
1.858678267367411610e-02
6.964510991703877496e-02
5.576458419832558758e-03
1.357620299726556429e-02
1.361553781004185351e-02
9.749029597983763229e-02
9.041514686377483123e-03
3.074531797673601616e-02
2.496518946623096230e-02
5.944903922199439722e-03
6.673682260860080984e-02
3.630552461841217438e-02
3.326662040787608729e-03
2.377160127920999177e-02
2.006860229745140861e-02
2.324056581312103006e-02
3.063383140057814036e-02
1.649630749154570863e-02
6.913813094478983567e-02
6.667880181779606286e-04
1.680501935620323101e-02
5.394980929987349891e-03
6.739715543511120947e-03
1.597907499647722301e-02
4.206788808091693754e-03
1.410262096412618314e-02
7.466911866739485426e-03
3.591846830753304964e-02
1.176296932490316499e-02
2.194409691281595798e-02
2.089043164351664372e-02
1.053527657803153030e-02
3.671700595629698305e-03
1.653460006262967227e-02
6.544100727988774041e-03
3.166335899574913848e-02
1.105521036900400898e-02
1.117345346789504722e-02
1.995324378548322952e-02
4.661959525238716651e-02
2.348585402005658532e-02
1.350937318756870870e-02
1.936904716799174933e-02
4.679529357679237944e-02
1.546751078236161328e-03
1.178737764051302275e-03
1.356119191811795341e-02
4.269836051379023029e-02
1.201729269860273008e-02
3.027518696255867506e-03
1.032691564811179935e-02
3.079754483649441762e-03
3.601574856158210915e-03
2.938049054381303149e-03
6.364626681603476749e-03
2.308068704986061814e-02
8.841953773447486231e-03
4.237195943453679614e-02
3.740418542052441255e-03
5.037743698890280453e-02
2.113817233743492396e-02
3.331824633086069576e-02
4.166913625376578167e-03
3.776274025906866533e-02
1.692917053150002835e-02
1.986412450996808202e-02
1.563845259296793577e-02
1.507182658631101013e-02
6.356377983614235061e-03
9.363687788054226788e-03
1.135202149095171364e-02
4.217916527828248496e-02
1.421319442239479987e-02
1.226476211944805758e-02
4.544417738808204099e-03
5.225673533043199981e-02
1.820934696704462619e-02
4.506221782977652690e-03
6.044055956774897764e-02
4.145620187301726767e-02
2.164600455221124889e-02
3.282319652077149777e-03
4.143960658798450519e-02
2.112442017813558406e-02
8.315555414943831547e-03
5.351273982253396816e-04
3.050703975391937453e-03
2.003886055366568136e-02
1.005692612458775059e-02
1.647782828012764669e-02
5.883130617311376799e-03
1.146414906902508760e-02
8.413312312230231127e-02
1.062188044923279007e-03
7.455433273796934802e-03
1.036392272247971258e-02
3.806125488680485447e-02
3.711638803422636496e-02
8.356854947436072670e-03
1.068101404224361395e-01
1.696064240899528789e-03
2.694582619971217213e-03
7.340589695490579852e-03
4.128355259680420442e-02
1.681940752604933406e-02
2.451555387361307320e-02
7.135995922677038951e-03
7.918356869437567780e-02
5.023711387160591929e-03
2.322797480150729649e-03
3.055455985383371403e-02
1.880338418242555668e-02
4.107070241505134675e-04
6.560566859760628457e-03
8.059473554219565017e-02
3.617704949956194321e-02
3.502811166226706130e-02
2.481967791805109180e-03
4.057158229995264098e-02
1.095638000873578981e-02
3.223635885032513637e-02
1.940816296191662932e-02
2.691865235198481233e-03
1.226163228249904820e-03
6.712019877484984298e-02
8.788071662202343037e-04
3.499882464927487474e-02
1.321632622247490702e-02
4.833501264551533921e-03
1.910451676398159521e-02
8.396975774298889861e-04
2.661481746584032707e-02
5.165980810123670108e-04
5.629466563885802272e-03
3.949725644660181945e-02
1.776129032499476970e-02
4.376959479337956191e-03
1.277455154879886950e-02
6.123018542640109099e-03
7.328231191055542548e-02
1.373478085485081712e-02
2.407819837566479992e-03
3.756949363124449659e-02
2.048645492373064869e-02
3.205630022061070616e-02
9.368816298507498530e-03
3.995730183180164902e-02
8.665861281221605428e-02
2.200167583728029203e-02
1.567001359158132559e-02
1.106086765665413585e-02
3.264406946629917761e-03
1.997875753115850236e-02
3.149406726990890831e-02
9.593429292266256875e-03
2.593200380522831319e-02
4.401619345098146951e-03
6.414853009610532730e-03
2.842636186205293319e-02
5.468404863442480335e-03
6.273464124283218563e-03
7.656391230990839541e-03
1.978920071387820639e-02
2.119163417845942518e-02
8.771129668706209234e-03
8.311263204297213852e-03
1.645270706172297440e-02
2.225015535132560118e-02
1.612764918512994000e-02
3.728456349459040309e-02
2.262491250808579962e-02
1.111198005141361689e-02
5.692596279010919691e-03
7.072621283815038601e-03
2.836710799809594175e-02
3.115181972087179008e-02
2.066642116628878562e-02
1.307024803103426155e-02
7.666517947211536066e-02
4.398425278901451491e-02
1.461963858110965422e-02
2.308135077717408945e-02
9.857717596543937727e-03
2.500420417775078147e-02
8.137989982109834416e-03
6.903442594447201097e-02
1.899666672957791430e-02
1.404692463741957255e-02
1.941289749552668753e-02
1.040138436060368543e-02
1.462130671160312249e-02
6.743779176392505730e-03
4.132821232083336294e-02
9.570622250239219087e-03
1.005884578088385960e-02
4.715781688699159820e-03
2.330968810111802222e-02
1.012872633594650261e-02
1.170946630628465213e-02
1.413689979127348909e-02
2.365494920373765672e-02
7.393492783459293741e-03
3.153277147530464397e-02
8.721347853248932400e-03
6.366183875066170651e-03
9.116406686494216149e-03
1.092903445682830293e-01
4.257142045758999238e-03
5.735752480851798694e-03
1.285810486544274999e-05
2.634742647221465298e-02
5.176758635240104323e-02
4.409250156626509480e-03
3.446246848395102813e-02
1.202109727792796678e-02
1.920526489838789153e-02
1.659914741294600538e-03
1.827209162522243358e-02
9.677066795298243720e-03
6.106816008343720834e-03
1.373092158008900471e-02
2.763229261357286193e-02
1.615925717217136029e-02
6.027721931306927183e-03
7.065774313841832743e-02
1.786269383615554304e-02
2.790272027702772606e-02
3.779286372478228573e-03
3.675666145203947133e-02
3.568996060717952862e-02
2.315675990741945453e-02
1.353450668039549512e-02
2.239006583288104604e-02
3.451240096575946409e-02
7.681271369221382567e-03
1.633034667063390510e-02
4.773924381161789854e-02
1.469691817399527804e-02
3.259452656078585392e-02
1.105941513098211010e-02
8.690632857124286695e-03
3.371577740073009553e-03
1.628098967868722366e-02
6.434746392816391436e-02
1.622286837102864671e-02
5.036818208011592524e-02
2.043076373964439196e-02
2.908824797568981824e-02
9.727101086077175052e-03
3.158024593926044010e-02
1.004794946271726427e-02
1.690954213710457732e-02
2.490490302249849519e-02
2.947340399070738984e-02
1.515323835647054218e-03
1.926497190439232718e-02
6.930090966689540777e-02
5.378995797187735572e-02
2.769350737029309395e-02
7.859079244392341151e-04
6.593110025971810062e-02
3.045357704303316634e-02
1.118854991493115417e-02
9.066727613520716988e-03
2.404195237921138636e-02
1.032724451964816409e-01
4.208817664845210249e-03
6.616061445095564042e-03
4.651300173565217633e-02
5.296022379777335504e-03
2.784211493443834728e-02
6.331932583577210179e-03
6.213236745236175307e-04
2.922961280327803640e-02
1.986167454010871053e-02
1.184555429380771407e-01
6.214030398064987817e-03
2.636793825927744722e-02
6.623871449031350223e-02
2.208023382591955963e-02
3.038774587416906078e-03
1.944611406087515260e-02
1.856323221729142426e-03
1.193127944241200583e-02
7.217635623145916834e-03
3.346651513423899282e-03
2.105476804092500098e-02
4.396248893954910614e-02
4.108210054631604435e-02
4.022990021186694659e-02
7.153672106531176050e-03
1.378627568398052561e-02
6.185331253631141252e-02
3.093617294223888897e-02
1.776436201534878356e-03
2.498305708914044798e-02
5.477221967875014336e-02
4.376969298796248159e-02
3.627936661635988713e-02
1.597244678303440246e-02
6.515886937229967146e-02
1.495118276137130664e-03
7.186320918734406642e-03
1.393218824778985447e-02
3.028673102768751624e-02
3.003851537470030031e-02
2.862619597915297062e-02
9.309645312997033573e-02
3.105853687576543443e-03
3.240922248789192273e-02
6.103242053623064711e-02
1.333751978084656356e-02
7.250280920459404449e-03
3.456052370858173073e-02
9.323081450970559930e-03
1.385898365563439059e-02
9.121409298328683399e-03
1.626056137750400699e-02
9.009883701364389957e-04
2.019318865337735996e-02
1.632259831894232460e-02
2.389764404338546797e-02
3.290623037588320809e-04
6.721586922541798043e-03
2.884741462889743938e-02
5.641511714698790869e-02
4.908723164104798059e-02
3.628168906105309899e-02
2.618845368139145410e-02
1.235892421448165669e-02
1.848044364842408097e-02
1.834263881928104370e-02
2.615467241780128349e-02
3.006199786355546674e-02
1.982745448559418422e-02
1.066884111154851184e-02
4.104639584944351494e-02
2.327719870175742889e-03
4.191290694515681370e-03
7.231937664893099693e-02
4.797783657370449650e-04
2.523929230106119678e-02
9.375451634808996959e-03
5.716954582832044565e-03
1.392162220671352979e-02
4.759422999860619952e-02
1.589417674306204883e-02
3.453287759285596920e-02
3.110797887878230354e-03
1.145936683083559338e-02
2.664958527104052677e-02
1.984653952322087966e-02
9.083072837197206720e-03
1.697895106715748351e-02
2.024934333575687841e-03
4.932171793720548092e-02
1.226734167292138633e-03
2.938588235082912822e-02
6.801348046561901672e-02
6.678852934566090194e-03
4.451528786212146510e-02
6.815353394028944578e-03
5.738830986576500502e-03
1.332828344419470165e-02
2.043099283060433036e-02
1.796443045125915156e-02
3.319314202774751709e-03
3.056041761028274045e-02
8.094437332509701530e-03
1.824483061475270194e-04
7.139226936885808769e-03
1.139055095837236860e-02
1.436112732181120226e-02
3.069874292468824373e-02
5.793422179538548072e-02
2.991506145787525394e-03
2.763646887825819271e-02
7.164838332589693048e-02
2.741320028858044988e-02
1.487586020122926705e-02
3.287795986124589231e-02
2.344295299861938811e-03
3.335848724613975358e-02
1.667448169511824910e-02
2.508727423861179320e-03
3.083744955237999186e-03
2.478987013338835449e-02
4.172502205622886928e-02
6.356676881380054350e-03
9.605131816713061155e-04
6.975264571430732363e-02
5.473808209453502431e-03
5.060343237888303980e-02
1.705104786150068302e-02
7.853452431018825147e-03
3.111249758119387365e-02
1.673887055321353692e-02
9.149840554951056693e-03
4.255754551523990153e-02
1.777674494864070823e-02
9.536825091907627852e-03
5.028229678606239289e-03
5.331980386845612888e-03
3.481988782662558124e-04
8.338484304926119250e-05
1.238872507414581423e-02
8.704224827753351268e-02
1.980149628188167255e-02
3.869400371899145430e-03
8.649297591047747091e-02
1.630849948323390142e-02
6.871996178948801097e-03
1.868118479710467392e-02
4.884021453198519186e-03
1.780243070726240592e-02
1.676522870921580768e-02
3.582570209033663841e-03
1.571155898970378467e-03
1.586756917111305232e-02
8.630319236235092784e-02
4.182968661902410068e-02
1.521039212820075870e-03
6.043826881685138153e-02
9.077118365420820678e-03
1.104085265524081538e-01
5.431183928804698968e-04
1.341707728521830678e-03
2.328675332163948272e-02
1.443597452025266806e-02
2.257572546348108819e-02
6.436534872117372075e-04
3.467334958083996554e-04
8.482343068669431080e-03
7.374349487225303167e-03
3.538169885784754002e-03
5.577592576563750876e-03
2.129637179624336435e-03
1.568408023856485839e-02
3.772190377707890924e-02
3.857260544753232656e-02
4.491735634659504983e-02
2.845713404185961498e-02
1.671246770394980985e-02
9.917533163196419130e-03
1.998719126799625850e-03
3.561117011034719507e-03
1.957754962868770918e-02
1.548830678711272599e-02
3.515226354117442168e-03
3.457995129410843752e-03
7.236871917949927457e-02
5.194772987512574769e-02
1.748989425200591849e-02
1.129682252110523685e-02
1.090567137221863311e-02
6.605494714576335552e-03
1.032651896017543064e-01
4.619882028580489519e-02
9.001340606486324739e-03
6.220542514602826756e-02
1.064287151830734489e-02
4.347717667145398895e-02
4.538625280121767053e-04
8.521939641684512026e-03
5.104265609261482602e-03
2.874871931171799067e-02
2.359734130262531281e-03
1.981986350073099493e-02
3.523408037387586178e-02
5.543027324525356958e-03
2.287443396676158702e-02
4.600020123255395277e-02
2.213924898166252930e-02
2.186403793107387361e-02
1.910702880418430755e-02
1.421974983760910388e-02
1.291181950155908045e-02
3.762212459720737194e-03
2.246219734433561530e-02
1.779480314165672941e-02
5.079133673890539463e-02
1.837825081787040210e-03
4.004734758943316597e-02
6.074600119484612620e-03
1.326427340600061858e-02
1.535988375588778418e-02
2.890500936215168598e-03
1.397671079756157217e-02
8.436102445647052084e-02
1.940882734380783986e-02
2.419422084979748130e-03
6.888701069223931994e-02
7.953987751986541649e-03
2.591228986220309519e-02
7.703487189156314058e-03
1.197095894081832632e-02
1.611161766617829824e-03
1.491972381600213671e-02
5.802365415648394475e-03
8.342987393884466335e-03
7.622572771726081678e-03
8.737992664026505638e-03
1.367148408829763941e-02
2.181619596178476297e-02
3.730287933510879894e-02
1.834735012626052125e-02
1.433790540698029296e-02
5.494644342888784644e-02
1.025350898714741561e-02
6.171100830154228022e-03
2.429211615372822014e-02
4.900282363989038464e-02
7.246494963227161079e-02
5.215269852593735003e-03
1.413093801939610018e-02
1.009889064735345265e-03
2.729427076894520854e-02
2.589069584244822753e-02
1.075313599181067226e-03
1.632610694074410063e-02
9.049305936363225000e-02
6.159197787489906553e-03
2.098922142155015824e-02
2.546848742548694922e-02
3.499186503548550042e-02
3.585671457485030238e-03
1.124611430546892813e-03
1.306150818312480297e-02
3.203036011866415220e-03
2.009108040253556465e-02
1.367401059810133268e-03
2.332425375566576226e-02
6.817989849659996868e-03
2.523979732235059892e-03
1.587333931298081507e-02
1.884227325825725552e-02
2.555495955456006316e-02
5.495377416235821058e-03
1.449725441453147967e-02
1.207474827787619331e-01
9.207171894261284920e-03
9.924341436829412638e-03
5.499225141713794812e-02
4.791887237460107363e-02
3.785453294657904234e-03
9.161687852510633223e-03
4.014945811163915523e-02
4.139737418343859832e-02
8.484819160914123387e-03
5.104356537524186443e-02
5.306663651806597937e-03
4.424130974009014144e-03
5.497483978832982954e-02
6.545419637907111052e-03
3.469287876624079902e-03
2.928729350372710413e-02
1.111588694793770246e-02
3.082703839190908957e-02
2.142873270800468161e-02
3.934010650217585614e-02
1.684181822814896819e-03
9.867112579159540570e-03
1.082474144518000801e-03
7.456305119032187630e-03
3.414082132814411086e-03
6.404195205701109471e-03
5.603044440476091965e-03
4.088359032624960115e-02
6.512559029009958034e-02
1.049751530979161143e-02
9.071960297163721154e-03
5.559364226911238382e-02
4.929750111165087656e-03
1.613289529897311142e-02
3.099451266716742731e-02
3.967333574566793419e-03
1.749670834126643669e-03
1.650069135814346416e-03
2.104464430129952823e-02
1.109556081551297396e-02
1.294569777767007671e-02
6.221934022341923942e-02
1.491302023995799697e-02
1.069367910709782647e-03
3.000410487319978697e-02
1.867941447528794971e-02
1.908615063647871053e-03
1.563697863490379897e-02
8.156313736521671881e-03
1.798642404074357951e-02
3.580082091190499305e-02
5.049594561211263877e-02
5.106931245305555700e-04
6.840372012652459754e-04
4.025738813523544596e-02
2.642504268547760105e-02
5.197147603209963801e-04
4.413617944756753619e-03
7.837583782673209626e-03
2.160218983570579704e-02
4.791958542063552706e-02
3.111103741398206154e-02
2.240597849233624123e-02
1.061778687971633439e-01
2.188253166886601486e-02
2.628978643373212562e-02
6.770655293142650855e-02
1.897437282206442324e-03
1.531309867268653563e-02
1.774086888413350938e-04
6.902845573600876333e-03
4.839890016241090408e-03
7.469528716647774735e-02
9.637521439118496014e-02
7.848659734122388765e-03
3.153324966169074317e-03
5.052431175336405400e-02
1.233723736399472068e-02
3.788125264618686164e-03
3.159745540809347220e-02
9.747584762499629518e-03
6.452084412793722412e-02
3.456562755870670051e-02
5.473044385275319113e-02
1.511271500380258898e-02
9.699777626693741744e-03
1.310275711615583455e-02
5.197848989669590775e-03
1.099459493736726183e-02
3.515654197347596599e-02
2.342254540087386136e-02
2.854232051150019239e-02
3.051281343110505764e-02
7.807782347526531774e-02
4.409327919940608104e-02
7.791045914076050183e-02
4.702629315138285096e-03
1.261910478608924309e-02
5.740903871087783827e-03
9.618607842808752847e-03
5.732165852728171584e-02
6.506940581346397356e-04
2.146483165154490155e-02
2.882146420128861922e-02
5.107391341175534366e-02
2.504051659522746678e-02
1.556461324005046880e-02
4.163263318089568954e-03
1.536915130433410409e-02
1.080561159287026646e-02
2.894413076270129642e-02
1.622183992038045419e-02
6.805626345199742439e-03
5.714086724817219604e-02
8.429912290835121086e-03
4.377716395139955030e-02
5.610979962008464522e-03
1.121316158456518025e-02
1.120378577293072719e-02
6.127497640342066676e-03
8.502539220571491557e-03
7.541798309922947974e-02
2.955169264257720418e-03
3.026866239244064075e-02
4.043977365749260033e-02
1.108703084247348869e-01
5.620105390367900744e-02
5.776176021789616866e-02
5.543581770736704176e-04
2.466471405822635073e-03
4.188156984296179802e-02
1.056172606465070364e-02
1.624402858604917857e-02
1.142947910136822218e-02
3.152932729836036702e-02
6.857605954949802518e-05
2.964390089836209385e-02
1.097141647022338920e-02
2.815214975396590144e-02
1.297168130953948659e-02
5.979179993027119999e-02
4.600404452413664469e-03
2.132144946145246231e-02
2.438799759115705366e-03
7.106602005489574131e-03
3.590958852726518213e-02
2.455517863936851342e-02
1.179013228985656414e-03
4.368824118107226401e-02
7.115440222611383973e-03
3.096659968185251979e-02
1.769764533890237287e-02
2.549467380008976075e-02
1.846042171920532840e-02
1.513704282963913156e-02
4.987887077270522496e-02
1.053960961537702412e-01
4.116300540326804647e-02
3.452574456387057841e-03
1.147973213489748845e-01
1.065066192560526134e-02
2.723773376583464925e-02
5.406223863870809887e-02
2.415061405519526236e-02
7.480078999651013083e-02
1.323867397542918128e-02
3.741392974528044008e-02
4.377653459783858308e-02
2.340946086020471995e-02
4.810894299143046726e-03
2.941316210512193857e-03
1.987809733088602773e-02
6.644385592597855383e-02
2.208408524416966695e-03
4.935465672297491974e-02
3.968753516793561281e-03
4.417799866347716514e-02
2.921020333474312614e-02
6.408776360515663906e-03
2.336049771331942526e-02
2.443374549647353219e-02
4.362566310645793824e-03
2.633314832130154853e-02
3.534094659226268142e-02
1.768284318001814640e-02
1.705660739609769425e-02
5.320179026927277649e-03
3.103798412410544924e-02
3.503885179943086459e-02
4.670206942380331766e-02
8.084039366408651145e-03
8.008344258382663061e-02
1.451911227892902639e-03
1.345584759405305496e-02
5.064800263947761422e-02
4.220045302815685073e-02
3.256275058752218510e-02
1.569100145358313589e-02
2.405972562123200043e-02
2.465694890968064823e-02
6.593499426233170868e-02
2.635810783277740474e-02
1.452424989481297148e-03
2.092060673568411217e-02
9.011447239818004551e-02
7.868533560392706669e-03
4.581601019526822249e-02
1.151138443834655647e-02
2.522937436576572906e-02
1.391478286606910586e-02
6.016236252208014348e-03
4.552579357371037971e-02
8.974971865014183536e-03
1.137625879220660954e-02
5.993915972530157454e-02
3.708431998181090788e-02
7.250535975689348551e-03
3.148156759329760745e-02
1.768891789078647081e-02
4.176638456223602525e-02
1.503601143632259107e-03
2.586173204822730248e-02
2.114786681723553052e-02
1.863763094407600712e-03
1.075557701544725166e-02
2.565300021770399244e-02
6.177850450800422000e-02
4.755999909127170411e-02
3.849300233550975725e-02
2.043239244145034217e-02
1.405078334054171707e-02
3.027036383076545795e-02
3.032084128521909949e-02
1.158176816825247889e-02
3.410062634031922613e-03
1.509623158612605730e-02
5.983938532164371354e-02
5.367244214039992509e-03
3.894735357350847388e-02
1.768045310531730224e-02
3.539978789242823054e-04
8.709510275405561372e-03
3.066484454401524617e-02
1.353352846719605394e-02
4.725071856485171806e-03
1.305882441680478179e-03
3.860539428415383362e-02
3.655127464223353884e-02
1.158833846294146999e-02
1.004964040860317244e-02
4.487539061255234329e-02
1.751675082786764009e-02
4.538513154080833084e-02
2.077075808915933991e-02
6.479601302546504106e-03
2.640131212458377702e-02
1.752331746716562916e-02
1.107697566835377616e-02
4.776293965325195678e-02
2.760585448343031226e-02
4.207426142827662419e-02
1.118959663697239107e-02
3.114265162429560863e-02
2.481977392678532193e-02
1.408440467102042848e-02
1.900182025708090430e-02
1.393830822068856806e-02
4.002766152750124318e-02
2.937902626875819531e-02
3.445550753751894235e-02
2.187656110860057915e-02
4.945219563427499798e-02
1.062657310616485495e-03
1.803546591112488787e-02
3.538805739489959273e-02
2.259085126047993136e-02
1.352654545456922000e-02
2.167432451391418380e-02
3.633913000967396723e-02
7.618470286063754038e-02
1.580364480472253030e-03
8.448358160691761543e-03
3.389983266600046785e-02
1.308899311488330268e-02
1.966988932820781799e-02
1.187328149308829878e-02
7.117418947042732785e-03
4.425177695298515568e-03
8.409075055107122221e-03
1.594032896455013087e-02
5.513310083174924325e-02
2.363195442163268031e-02
3.448951715516092309e-02
2.795439074641114727e-03
2.917240190392163257e-02
6.922014831397937246e-03
1.081352233076544878e-02
3.711310254888979671e-02
2.267503935764191708e-02
1.673243783547193747e-02
6.698693929734389485e-02
1.493023538439641230e-02
4.884815583075974472e-03
3.330236864562496901e-02
2.985867143156122755e-02
9.730641703397577974e-03
4.125948630023881791e-02
4.669302106213756715e-03
3.392065536865461473e-03
3.009870972888994620e-03
1.859836085692798818e-02
5.785345465841178203e-02
2.575488951602247778e-02
1.580643141542065200e-02
1.665188830686638657e-02
8.072679557452918167e-03
5.507953659090724166e-03
2.056458150840108010e-02
6.337570762784695486e-03
2.769490936919571933e-02
7.300528411947601604e-03
5.157265775356401766e-04
1.397109790472588452e-02
1.078915442856494614e-02
4.625630177976636226e-02
1.485680002892779059e-02
3.302954858157278878e-02
4.368588322732135792e-03
1.397016803966973607e-02
7.611422153058169937e-02
1.422518670373902616e-02
3.849374754300938922e-02
1.912678524816341374e-02
2.098922060903700426e-02
2.901232265472500869e-03
6.349718290444227031e-02
8.866285208892502046e-03
1.890515442581584826e-03
1.415545213172424155e-02
4.383650347799111779e-03
1.190262036997279463e-02
6.675755921547242393e-03
6.147494288337732038e-03
4.657438697651321291e-02
7.520398466395164516e-02
6.271242530842928431e-03
5.065577991367201799e-02
8.099884763486345229e-03
2.152276819245927016e-03
7.250194842194079836e-03
8.791501581191704315e-03
1.545533118121584018e-02
3.124753099015617399e-03
8.878653302457358010e-03
1.359808833588753950e-02
1.370730827388074412e-02
6.373476385179328851e-04
1.994733258940199760e-02
1.709969568231048398e-02
1.043307292008731346e-02
1.653299252130983193e-02
6.563700495535551571e-02
1.701772204610723510e-02
7.033712564248005561e-02
2.662077253367407109e-02
1.037834456562156289e-02
2.149422345657549249e-04
4.193641520513231163e-03
1.183705570687162197e-03
9.352467551488552466e-03
2.426013191779865380e-02
4.868293042699959119e-03
2.201814784197661523e-03
4.231038298230294092e-03
5.005947873504990736e-03
5.339883085399529591e-03
1.069249645525227332e-01
3.576845025432568576e-02
6.185444474476382848e-02
7.195985759614123567e-04
2.949975121104796844e-03
2.732008081916499978e-02
3.341519722006695836e-02
1.089948717965284752e-04
8.525954011758013484e-03
1.192992358739898562e-02
4.061643116889656138e-03
2.451497016016813968e-02
8.373238281540601458e-04
1.672138976405980471e-02
1.181927707519445786e-02
2.785986525484035817e-02
2.545611283889903306e-02
1.016895328382672742e-01
2.597208319688943876e-02
2.279837915290566785e-02
5.993914239225980531e-03
1.411040747891835825e-03
3.458483714428604167e-02
1.339481488848854457e-02
1.060433216029653750e-02
1.292518590864260956e-02
7.123886280825889039e-02
8.095616282039776873e-03
2.035269286792040777e-03
5.715327123602302953e-03
1.103527243624468149e-02
6.077612804014167341e-03
4.304445964003278391e-02
1.426781913671279836e-02
5.427781639006986486e-02
7.856132103130181524e-03
3.740473109786707738e-03
2.749511794966170292e-02
4.129062784438099903e-02
1.185895514525262678e-02
7.753662506250805740e-03
4.751515046993570052e-03
5.293237624666512209e-03
5.370757033212418367e-03
2.875200449011523426e-02
1.723137496365547555e-02
6.816981385163015800e-03
5.973598024194155809e-02
1.940085240511079182e-02
3.912561763582051572e-02
6.597027303071659882e-03
1.182946788996813454e-03
2.320715883287728654e-02
3.240059589613400459e-02
4.699121185790712529e-02
1.277091489592045020e-04
2.346061120991299858e-03
1.439976714967926112e-02
1.147326476779247061e-02
4.409341176222120878e-03
3.002823176258172938e-03
8.287277246096701189e-03
3.959448826299733631e-02
3.527679595020059844e-02
2.560849035900710641e-02
1.662002586869408202e-03
5.413213227558325708e-02
5.429651701595455959e-03
1.815166587311614708e-03
3.063790360142767868e-03
6.246261493665216519e-02
1.850086098192438040e-03
5.851627974502961920e-04
1.137833424366375273e-02
7.422844326133863462e-03
1.247815528378882002e-02
2.923547352896160856e-02
1.033109608645652044e-02
2.012672202080145051e-02
7.195201634707319716e-02
2.240106286115246120e-02
5.094516924489235488e-02
5.617704837833949194e-04
2.868641302828144404e-02
2.494513264015973952e-02
3.868303068010722073e-03
7.333725440767356607e-02
1.919139028589804397e-02
2.489940589098431356e-02
3.040871687258657127e-02
2.228428040309119937e-03
2.332494880549547747e-02
1.646983224103074767e-02
2.446615124228645674e-03
5.340365200718399930e-02
2.403236710977280088e-02
1.343432329719203636e-02
2.531896700468089928e-02
1.141562146753111739e-01
1.222143130100315431e-02
1.270918326076682890e-02
1.304695515148287729e-02
1.654031727552908448e-02
9.012120271168157573e-03
1.119230538166738134e-02
2.584526240157194316e-02
1.363259396691634574e-02
1.143555616030321291e-02
2.937671277698276906e-02
4.922724233711044117e-02
1.475651590390510484e-02
1.903877699578654034e-02
2.261123710020161021e-02
6.791990525250382604e-02
1.334469597508642497e-02
1.869436537926153202e-03
4.062550423022417978e-02
1.995661728714227465e-02
2.734819868560518438e-02
1.369202211419818897e-02
2.153960171008869467e-02
3.137275331500169462e-02
1.279470724260883124e-02
4.404071282167397461e-02
1.999200397173890587e-02
2.108014086961892269e-02
3.988674246285774105e-02
1.601902478269238983e-02
2.082140325525251578e-02
2.377930110290365703e-03
1.359404588663971070e-01
1.871326966644210055e-02
1.049747795374625717e-02
9.038621700959819857e-03
6.424681656674122859e-03
3.981728571349572171e-03
7.899357809961805171e-03
2.345880759340740473e-02
3.637822739827983789e-03
1.053255464061833568e-02
5.147541874137991080e-02
3.318219332288067924e-02
2.819714104383184983e-02
5.376534733895890761e-03
2.334885863942472856e-02
1.194125643421919611e-02
1.827932224612468029e-02
1.310070530191130914e-02
1.781420264229004874e-02
2.637844751005729693e-03
7.496522601319833591e-03
2.310316246133060306e-03
3.372944409423947465e-02
1.794771390770894676e-02
3.487855331390090491e-03
6.093603868987416960e-02
3.132379853950675863e-02
4.017682015773061527e-02
3.819791526141411847e-02
3.154538785729960396e-03
8.364439329136663659e-03
1.061683140501840442e-02
1.427963378317793040e-02
3.813845839849457076e-02
2.884320034091674909e-03
4.829152147171174303e-03
1.514059923837394149e-02
7.095749089303261120e-04
9.140333070725592535e-03
7.936120303325553543e-03
2.774209320184456429e-02
4.877605771967714714e-03
6.263674049253789566e-02
3.605805336064534655e-02
2.757695191987367261e-02
4.678799786431854513e-02
3.700280312737039279e-02
9.894897811656389389e-03
3.407169752709805072e-02
5.751067242036523967e-03
2.387276162718584421e-02
6.972250708078629733e-03
3.120361592109217874e-02
3.599367642938108153e-03
3.094917053621381101e-02
1.499196556514782730e-02
6.606322729699599765e-05
2.710615173145548493e-02
1.662081976529147798e-02
1.164731166355673433e-02
2.316573771240146296e-02
1.510363751357683346e-02
1.758343804763838961e-02
2.732058340660104348e-02
2.470808763270378877e-02
1.855575832403693476e-02
4.222332892330316056e-03
8.928571283129300984e-03
3.431712967237532386e-02
5.394266835068370347e-04
8.646977272445427465e-03
5.732349430508540573e-03
1.787355501627914053e-02
1.899963703657428504e-03
4.900979217164549984e-02
5.159899922359051372e-02
5.056249918617099909e-02
3.743290079473475529e-02
4.065280863784515031e-02
7.411610261949155842e-03
3.227384322663730265e-02
1.276858449189661668e-03
5.919558802179245016e-03
4.723786658207902028e-03
1.195141121951192459e-03
1.724390486439205533e-02
1.965148094742843674e-02
1.146810868319817281e-02
1.726744226654565451e-02
3.398735278928938230e-02
3.004981333694127510e-02
1.854235809686843178e-02
3.730816032800073501e-03
2.011931449228068769e-02
1.733866066918420684e-02
4.853449893780989455e-02
7.180341203119025746e-03
2.434037852690020681e-02
7.320741341193271953e-03
5.921896281560960588e-03
1.319658092782357781e-02
6.332273067554776251e-03
1.199317567656870386e-03
1.837577452113151044e-02
1.936497891727582271e-02
1.325767779997779304e-02
2.425727238391841428e-02
4.321738550285447039e-02
1.225556497156261165e-01
1.380176811579417011e-02
2.583737966044490075e-02
5.135118691821177750e-03
3.075062234221044837e-03
5.139362432231980859e-04
3.247761999536990553e-03
4.583476294495794634e-02
4.758547461714571214e-03
3.095163476183665843e-02
6.493788581888711164e-03
2.595521712224202124e-02
1.236203851936162196e-04
1.317328109006430346e-02
2.158369134625145666e-02
3.122689026115591654e-02
2.300227109373314052e-02
4.447622090438002607e-03
6.572690918249721875e-03
2.425263294806228806e-02
4.110915519645900323e-02
1.574879171938044220e-02
1.492018499267024761e-02
1.982089397717688370e-02
1.036448708966550107e-02
5.013271227372671605e-03
1.690513919069746131e-03
2.772292776423724084e-02
8.660456383283905019e-03
2.546938785844480961e-03
3.400981554180896455e-02
1.510734842871098126e-02
5.321608030471539075e-02
2.095953098595699365e-02
3.651721746737669055e-02
7.449168284097730519e-03
4.132616767062308183e-02
3.905965449694465651e-03
6.253084195275020879e-03
4.723260436565302964e-03
1.380315451500988520e-03
2.035375692611686438e-02
5.594240597451272806e-03
3.613822506483654537e-03
1.000982981393758707e-02
4.329551117939367533e-03
3.470021353723717894e-02
1.400602965486080244e-02
9.377545396006947004e-03
1.523322161796174246e-02
8.144235720855921498e-03
1.430161361569652970e-02
2.194677606283229263e-03
2.362065654617186844e-02
2.211401302226142368e-02
8.108258118145614257e-02
8.852818910316896661e-03
2.680871947243906525e-02
3.945090296633315535e-02
5.962429889271406852e-02
2.701023998421001743e-02
5.811383430333420634e-03
8.636040577007418617e-02
1.615141325659791641e-02
2.612917989922641099e-02
2.908738000718282327e-03
1.797958667647765046e-02
1.639737447643840884e-02
1.807360817911374262e-02
6.618891760223804058e-03
1.220709823660084611e-02
3.925534111229818379e-03
4.794874400932844401e-03
4.092566196862203361e-03
8.527682616061261003e-03
4.374916159057383978e-03
1.336995925726897592e-03
1.151739727554642809e-02
1.833580287087087368e-02
3.941039210232267359e-02
3.748079518099583368e-02
5.288684112894970202e-02
2.129115150113643218e-02
1.110853616356665893e-02
6.389482776674164366e-03
5.331407952741031020e-02
7.418311687297651780e-02
2.702023810557466904e-02
5.904170623313931970e-02
1.599952696321679801e-02
9.949653660964778712e-03
3.335324381209243960e-02
2.170161051024116494e-02
3.461080649387814306e-04
3.653832755938919707e-02
3.848370650871470178e-02
1.707957522448066978e-03
2.369983670868828357e-03
3.691975335958538884e-02
5.009704366246961471e-02
1.576446939181617643e-02
1.821573561573170547e-02
1.568109697262737648e-02
6.919610275056241322e-03
1.166950113419207291e-02
3.277777406311598030e-03
1.262703810634765653e-02
6.162594539947316430e-06
5.481670501909841932e-04
1.160629545365848229e-03
8.219031278807256702e-04
3.282394518529371114e-02
2.338624131671403206e-02
1.045873990135745141e-01
1.986432077954662645e-02
1.414925702584431816e-02
1.349047666594715283e-02
1.103730184590336061e-02
5.713442279657141021e-02
2.973564971803029089e-02
1.764968904403960148e-02
2.347149638254686713e-03
5.718474170178389909e-04
6.690599417461385104e-03
1.061855744662821774e-02
1.845983915705864259e-02
3.567559831182644942e-02
2.695615705316073418e-02
2.010755049401274658e-03
1.938985524517754591e-03
4.092620448724829801e-02
2.732604908975922939e-02
7.812605859886729773e-03
5.569171354328552453e-02
3.132742648013188674e-03
3.624718718600985004e-04
1.848313951195901944e-02
6.091981838168772888e-03
9.152009346749504989e-03
2.168842500016322436e-03
5.332926234330228818e-03
1.577897704539091978e-03
3.104165882129564583e-03
8.155665334456142779e-03
2.504774878665495808e-02
4.448449379362871825e-02
5.635599434547668152e-02
9.604855372886467180e-03
4.869485967611962562e-03
3.232627981736049122e-02
1.879105335873845067e-02
2.575415564740077268e-02
9.115084273741540580e-03
3.678679522459885054e-03
8.653074703352470198e-03
7.812127625822156557e-03
1.083549939007029742e-03
6.834939412596711082e-03
3.931382967608636203e-02
6.068254668799039769e-02
1.310807911445025994e-03
4.634135683696256024e-03
2.274803168299167899e-02
2.381407223018865843e-03
3.840413159118538644e-03
2.362051261781800138e-02
1.084706346631831436e-02
3.023855910411413347e-04
5.572015892574050736e-03
5.104365216336509067e-03
2.026336364578529975e-02
3.893566476024587150e-03
1.610644521710475653e-03
9.360017209794315590e-03
1.336089978623233865e-02
2.217019403692338866e-03
3.521218608001147610e-02
4.211784629226530269e-02
6.068052964549770778e-02
1.818693366730517180e-04
4.590340993994566909e-02
6.489447001255599368e-02
4.018510963049617274e-02
2.678611656530077711e-02
2.061939758221046845e-02
4.977435076986127215e-03
2.049070592068207020e-03
4.596072965771272334e-02
1.162654562676459537e-02
1.258589126662171959e-02
3.454276055637475057e-02
2.896498798344905590e-02
4.031335604915662306e-03
4.723127418880664237e-03
1.384476570288082839e-02
2.091213557349330676e-02
4.541642126487941897e-03
4.647901855820471551e-02
4.210669155678114714e-03
2.592547128737625328e-02
1.004165398715589283e-02
8.424477159440457025e-03
3.884293037209998745e-02
9.929614018189987512e-04
1.909796187933766182e-02
9.304017016622178823e-03
6.536069558415495521e-03
6.686096178293224682e-03
1.736747708784817934e-02
1.445830279070026148e-03
4.046703713902931321e-02
1.016839379524124391e-02
2.851491809635611080e-02
1.305213172260798540e-02
2.910897147387799672e-02
8.829069517444446819e-03
6.658415132737290770e-03
7.035801461502591732e-03
1.008525266310749541e-02
2.203963874699064324e-02
8.877583326507511655e-03
2.315551156129780005e-03
1.017521044381521425e-02
1.372726135048911791e-02
1.801855323625397307e-03
1.255265819856610059e-02
2.289500342017660589e-02
6.269866222301901520e-03
8.540213784795832111e-03
7.759733319251385653e-02
8.913811522381640332e-04
7.060168093786403642e-02
2.732550070105293702e-02
7.894373449532053610e-04
2.501540886619482013e-02
3.158545271183312020e-02
5.352114226994325943e-03
6.521808159017847099e-03
7.750223480743263435e-03
1.663885993671605779e-02
3.181645329178300896e-02
6.555115157281713942e-03
6.890237156802606067e-02
1.732856250594536074e-02
2.560376908573546231e-02
2.109884544456886932e-03
7.903241769656845286e-03
1.593521859348475886e-02
3.635937648085986462e-03
2.442588531542944086e-02
1.511323792655475118e-02
1.417765979891785419e-03
1.691961329232015421e-02
7.150416889116403482e-03
5.431838829962008222e-04
8.734121556572817247e-02
6.526074706046079005e-03
8.090068580816572527e-03
1.633292383208435894e-02
4.110686257216997902e-02
4.204187846576678406e-03
4.106501486431547027e-02
1.633198733143355341e-02
1.722568463292051960e-02
5.220887517211391521e-02
1.269762178972725850e-02
4.792106073099534902e-02
4.946784309585890160e-02
2.567183566642259468e-02
2.052063983269562797e-03
1.117455313274676523e-02
2.296480380167729984e-02
3.005383528745225047e-02
9.188663188932702508e-04
3.948960289448649741e-02
1.662069833422725323e-02
3.154280430620313297e-02
3.200151548172572302e-02
4.942812986793750432e-03
2.367219372239465214e-04
6.195835358055158670e-03
1.030296074692775739e-02
3.996770131739309229e-02
6.726259013890916252e-03
2.916676788716091734e-02
1.082595506276782735e-02
3.660176810773350595e-03
4.466408109217057110e-02
8.714299975568733439e-03
4.165594808424737810e-02
9.113817439178486732e-03
5.427447022494461329e-03
3.492690595195242081e-02
9.601526146306625653e-03
6.385509297742153999e-03
7.840417467653959527e-03
2.595072033959494248e-02
5.634004872799526845e-03
5.950128705573732441e-02
7.629431520523197174e-02
1.943473724572678321e-02
5.928655364853621830e-03
9.506626984076352316e-04
4.353821109144674628e-02
2.066383419871821447e-02
3.825639930030481223e-02
2.310496981215159895e-04
2.412145989459914264e-02
1.822534804534722266e-03
7.985106122182608276e-03
2.716441711106758194e-02
1.857922333397026698e-03
1.272401984258058651e-02
5.652600770538579456e-02
8.638116450775716604e-02
8.448467568663679816e-03
5.076378649322781794e-02
2.741674717355255426e-03
3.556088938941392996e-02
2.412386953677239307e-02
2.054983094712297190e-02
3.180187355794340809e-02
2.248307996039891274e-02
1.158777431788034218e-02
7.740215071326812801e-02
1.111204081345360493e-02
6.474875682856835041e-03
4.046665999075393233e-03
3.009786618043014048e-02
1.606827688616657007e-02
3.647667993636592026e-02
1.060132158117917389e-01
6.699790105076017938e-03
1.509522549312948027e-02
7.175005588522444244e-03
2.109424337123872589e-02
2.841516425794133119e-02
8.412276202887961074e-02
2.944966605500814322e-02
7.534554815471911082e-02
2.509409751816358072e-03
8.643659132209659604e-03
2.415895225606314728e-02
8.965570502657952551e-03
1.345704240234853188e-02
1.488322558767577949e-02
9.822009738600787770e-03
1.330189891672894009e-03
3.564754923207300724e-02
7.795274960338719611e-03
5.189134679256562216e-02
2.767435021607556403e-03
5.328003981302838893e-04
8.928325079576398399e-03
2.692026879903457529e-02
1.950959436327691582e-03
2.872425608188436397e-02
2.866668763448781271e-02
7.250665647255436635e-03
9.673969641877992742e-03
6.932769543381622768e-03
2.928693731233888986e-02
2.078926409561526745e-02
3.725406281921872509e-02
3.242247902051817541e-03
2.004698117800872426e-03
2.390332388301037378e-03
4.841888747662711351e-02
1.616337440337248244e-03
5.320627439415578225e-02
1.033069374584970682e-02
9.418614772703655380e-02
4.417547043474866902e-03
7.786319132880611948e-02
5.438826265707009250e-03
5.066886079034528534e-03
1.749109054715429490e-02
1.424749215155280205e-02
2.961401267243520333e-02
1.211770479818476479e-02
4.363372064572924175e-03
3.081449080503564225e-02
2.606067722698620498e-02
1.308689917513055495e-02
5.996818864663772120e-04
2.252830932140233167e-02
7.843907974106922865e-02
1.642775884393337174e-03
4.385779791527500554e-02
3.756334669858316794e-02
1.268393627861119297e-02
1.892771500254387257e-02
2.226262996166093050e-02
9.674838369275622074e-03
4.455889743227453570e-02
4.222422227260535024e-04
8.663899716466524209e-03
2.472085322257215959e-02
2.752285069311207963e-03
4.886202920292486568e-02
3.110214745614283544e-02
1.327982115074647085e-01
4.124065540587783241e-02
1.567108514924407323e-02
8.256516152205260750e-03
1.195091712446052640e-01
5.619034075243917181e-04
2.370760607566639241e-02
7.456751603441552981e-03
1.154258743887588701e-03
1.001101379204662883e-01
1.845968122725850230e-02
7.989905653740739244e-02
6.173708345381476864e-04
6.388971738975586512e-02
3.081702588160883244e-02
3.355757954754114755e-03
3.182986429235937220e-02
6.255635671246272123e-02
3.634014431657700550e-03
8.605032044264426805e-02
1.645821568610699587e-02
1.973513380645527948e-02
1.221929729713269047e-02
4.008380921278110326e-02
6.702813028045031749e-03
2.044231140814270833e-02
3.660458826585152869e-03
1.648442264058834830e-02
1.203503094564755196e-02
3.513185348801840108e-02
4.582198744462094402e-03
1.727931943400727588e-04
8.589237398316045512e-04
8.325198837269850993e-02
1.717333133863628222e-03
4.400643201993426415e-03
8.649012121076658441e-03
1.608591409773374448e-03
7.645633485601086021e-03
1.948701592591860210e-02
4.779014520823717319e-03
4.224535967053994617e-02
2.464666430665552604e-02
1.688317103634678906e-02
2.637423654193914169e-03
3.439205608025441840e-02
1.222126373975379772e-02
5.881403227266253017e-03
9.260887184159438332e-03
1.601488809234936916e-02
1.016067732793890163e-02
1.313756523980091906e-01
2.917476211608904021e-03
7.634155888072717902e-03
4.230529073723112571e-02
1.053036346116833187e-02
1.033655868843410576e-02
1.082053773536350780e-03
4.604797202736862771e-02
1.245673758562864872e-02
1.694960393562140039e-03
3.750877285758585228e-02
4.084691432473173262e-03
1.385636853337025506e-02
1.045659527630022310e-02
2.525335078121964533e-02
2.262541656273224424e-03
1.734471950553971272e-03
1.287495559151571010e-02
5.075834181797065671e-03
2.465387713406092321e-03
4.049721568358390783e-02
1.403475144662497294e-02
1.712122244966363810e-02
4.781222117876666663e-03
2.744574995353229671e-02
2.343259765586375859e-03
3.458259503991042288e-02
6.645105559406308537e-02
2.421208794046295770e-02
7.236827390658052278e-03
2.299871092926369584e-02
1.544865872288029782e-02
8.053262966586643978e-02
6.695452263632808466e-03
1.463687524490980482e-02
2.258692540648285854e-02
3.763391910554575448e-02
1.529674700567241336e-03
2.686058236919468267e-03
4.414753599818560525e-02
6.030988327902034665e-03
2.939532738587841143e-02
7.087844587095629145e-02
2.189754776492662623e-03
1.127312137982450571e-02
2.526317427383253933e-05
1.600381089842719401e-02
2.596013565322762874e-03
8.302958101910909439e-03
3.030322823333817320e-02
2.926970670519407885e-04
1.026905771340400238e-02
1.043271611202429942e-02
9.462736846161012155e-03
4.879939196032678176e-04
5.830329495545736804e-03
1.458093760826157693e-02
8.802017234656754618e-03
6.301668054656928142e-03
6.432366963231381934e-03
1.517239288670981651e-02
1.610110477699570539e-02
1.249937775489602318e-02
6.427910915965945327e-02
3.507903500892738113e-02
8.626202194126231931e-03
2.813969141396489848e-02
1.036621591183870851e-02
4.204826806588922439e-02
1.213085814112840888e-02
6.284722450117689180e-03
5.931095224369099805e-02
9.267871452559261342e-03
2.046287211438300307e-02
2.308667325180403102e-02
3.624137870559447812e-03
1.584632718019211850e-02
1.459670912871301705e-02
1.266467589721765848e-03
1.409423152687248881e-02
1.162290820400612053e-02
1.126362475545806749e-02
6.907009978712778768e-03
2.634274211906371954e-02
9.652087654588099863e-02
3.032741188873393917e-02
1.208313022215692575e-02
1.325817270689438020e-02
2.756079144924999946e-02
4.170856231812828177e-03
8.810686780871749071e-03
1.143044319450240050e-02
1.005814472509870827e-02
1.770045407353443984e-02
2.904189260475680684e-03
2.716962321695842730e-02
5.723287288462984047e-03
7.511961527375370096e-04
5.120317963419883378e-02
8.803696199686709620e-03
3.732988138394065236e-02
5.044784633951096553e-03
9.637117062856821043e-03
4.807025928125641806e-02
6.152296925974970986e-03
8.177160762519038173e-02
4.130335582815940210e-03
4.107883177532899513e-03
4.289206286968568968e-03
7.565033699320677409e-03
2.516341667169735320e-03
2.100736201110729034e-02
8.567483230785728071e-03
1.458627634889530025e-02
1.806935513629277096e-02
1.185035227405715173e-02
5.248366666523046620e-02
1.844576476201138099e-03
8.796477555640631191e-03
2.940343465471215167e-03
2.824983982764880247e-02
1.703231874879548510e-02
6.863762118558214276e-03
8.768782822024019305e-03
3.002416330792349874e-02
2.403258584707641810e-02
2.456374746784864907e-02
4.989843181156154196e-03
2.718051846594257345e-03
2.069582498605463707e-03
2.381273908685186194e-02
1.669483432364888761e-02
1.444307125834039772e-02
9.878992614805523834e-03
5.531825280168310710e-02
6.958899913612066890e-02
5.262033055262738124e-04
9.757479340123989542e-02
2.425996088696054549e-03
1.033882817875777724e-02
6.045213964447983951e-02
1.987595778470352403e-02
1.384784770461014447e-03
1.429025859514532898e-03
3.763745169474907309e-02
2.542511710721936588e-02
1.805892647818847785e-02
1.840033518188140434e-03
1.360087875143238534e-02
2.161208307414924212e-03
1.093360439726768878e-02
3.016443491678649780e-04
2.837354482477011039e-02
2.970846025876962976e-02
2.148490900193669034e-03
2.563704222556041981e-02
2.232719510032716431e-02
1.782032325070140311e-03
1.416442249706207713e-03
2.278971285403886063e-02
8.645496826658076103e-03
2.192309306497624427e-02
6.077983337682281786e-03
5.047131452678890740e-02
1.737846707230558327e-02
1.610324178088743188e-02
3.810645655814628996e-02
4.730206166584406680e-02
1.886753602575007988e-02
8.742629498560969270e-02
2.766953783609025011e-02
1.147824810308992194e-02
5.223657207623950971e-02
1.597692334552796439e-02
1.431494887237808045e-02
4.503957914413832947e-02
3.758516744428978124e-02
3.732019498228419940e-03
1.387718870117475058e-02
1.018983223062348495e-02
2.096648666674806594e-02
1.417231153954023361e-02
1.289997944713639627e-02
2.805735675564989106e-03
4.533962788114555276e-03
5.412842865797826142e-02
3.431847142367075616e-03
5.840321106806940776e-02
1.397203255046869375e-02
2.171118546067695061e-03
1.197454092853206600e-03
8.501392241528009375e-03
1.941108642612162857e-02
3.839543816859154052e-02
9.657735701245315912e-03
2.275246608246927690e-02
2.127370667804135557e-02
7.409152898683019073e-03
3.741065691260644921e-02
1.183770628686463683e-01
1.015397184833658276e-03
5.281659133521812016e-02
4.078832784133493150e-02
1.419511130805640314e-02
3.253196073254630699e-02
3.421157963215848419e-03
1.514231811647506754e-02
9.507357849638836678e-02
1.577386836203583872e-02
1.252433469252560915e-03
4.831472662115424838e-03
1.519053428227286166e-02
7.940041317406599380e-03
4.122353182762061169e-03
3.540169693960182329e-02
1.515323815539449184e-03
3.413326079702364013e-03
4.766771285663889968e-02
3.596235734640797904e-02
3.330912141450666913e-02
9.642904812010053700e-03
5.880008422440999652e-04
2.821786843836370743e-03
5.465993542072486444e-03
2.770864949719947269e-03
3.392742385626725671e-02
1.699240066222178908e-02
4.339036053422605510e-02
7.928620121262455744e-03
3.702284873879538307e-03
1.449723562491691056e-02
5.405357591756147079e-02
1.362937108738064389e-02
9.952503173484449073e-02
1.839081138986270805e-02
1.814331354102667257e-02
5.175954551100450836e-03
4.335295867933764216e-03
1.144633466832776711e-02
5.341627702765119196e-02
1.268973494279989830e-03
8.726401104730299035e-03
1.126622891552890755e-02
3.364575514702217163e-02
1.384616458861751345e-02
1.020573608273639757e-02
3.789640749565691830e-02
9.300169936485927491e-04
3.948445541206711470e-03
8.697521491062543131e-02
7.775554945159443392e-04
2.779039065553844980e-03
2.106395068097948256e-02
5.376038621817937069e-02
2.284494240170883289e-02
2.080515112047501974e-02
1.580093126835873524e-02
4.752421952595860255e-02
2.082118605025723435e-02
2.794116152208644954e-02
1.199435217224846181e-03
4.311644847070995705e-03
5.711456193563390314e-03
3.820780000653364872e-02
7.607235237581044633e-03
6.417807641656285422e-02
2.098073800164367356e-02
1.091806120738211816e-03
1.691171637098516645e-02
2.839025623062170489e-02
1.841400098315279857e-02
2.089157396893332602e-02
3.051648399584857077e-03
2.623936558779950586e-03
9.350872121485205232e-03
4.767455658844836630e-03
9.402779618093475705e-03
4.339681468327175398e-03
1.302183969563172963e-02
5.030256430573330773e-03
9.889458590189286608e-03
1.539400938464683538e-02
1.036136400364737024e-03
8.909321298908323434e-04
5.000470851046562998e-03
9.727145065152226905e-03
4.738069856031179236e-03
5.101438976108030147e-03
1.858834196921306178e-02
3.703021009654888784e-04
5.033965108040831804e-02
9.467958064056157530e-02
2.627427462087866122e-03
2.106543213900551569e-03
5.588618056211844265e-03
3.764942497168352609e-02
2.923712053941708924e-05
1.509813823782005238e-02
2.503386400908094375e-02
1.285098246159229948e-02
3.931907984958445124e-02
1.193782219694945745e-01
4.592521193865084159e-03
6.746536204063278974e-02
4.063535515426376643e-02
5.842271122985204061e-03
1.867870276806688629e-02
5.265883733363117478e-03
8.853469747456526456e-03
1.352316831529819588e-02
3.218271338822676492e-03
8.002575709241694507e-03
3.706246554348926331e-02
2.838553982813486407e-02
6.365254599885539558e-03
5.947716586466881596e-03
1.913595893518089952e-04
9.933477803434394987e-04
8.789401104883373325e-03
1.065915461622261862e-03
2.079552750842694406e-02
8.952795690571033888e-03
1.849151982867822813e-02
6.197842314520370793e-02
2.636268601198712112e-03
8.089488824476766954e-03
5.228416403310894717e-03
3.786254259668062755e-02
1.298718891587454134e-02
3.646490880476134511e-02
1.246225821044576881e-02
5.316997463840832452e-03
4.923369008575854966e-02
2.019771901693300648e-02
3.336426996346369099e-03
4.436395817348347259e-02
1.956730531121493241e-02
1.541306785343644816e-03
1.972311622237159223e-02
1.873319543465175666e-02
2.525872134648541462e-02
8.675843490740251310e-03
2.074643686920870853e-02
2.258826243626714525e-02
2.790373157533930504e-02
6.800179873403072728e-02
8.204795632196995245e-03
3.128609659159786727e-03
4.284284882696085678e-03
8.108564214072763385e-03
8.811479721065357262e-03
1.750096827835312049e-02
3.333417890061055044e-02
6.620202527128218190e-03
1.331029274304081078e-02
5.746203689764756151e-02
2.091662607972061272e-02
3.614962379832742378e-02
4.974738657853665889e-03
2.338568650399913684e-02
3.542893857879560876e-04
5.240630465322571735e-02
3.271443266797669641e-03
1.016703006047574298e-02
4.531141216403188066e-02
4.122156771056152691e-02
6.122484266509163782e-03
4.035726832621930327e-02
1.727155646439205647e-02
1.524061683403946793e-02
3.820920300692873944e-02
2.529007270101357729e-02
1.288801333340542157e-02
8.949701610728845111e-03
4.028703825469415710e-03
2.094028836443946606e-03
6.304029914460640427e-02
7.549410289327154744e-02
4.076736332215401964e-03
1.558397975048542161e-02
1.987774158782255537e-02
8.825878179427731896e-04
1.329662007803946583e-02
4.146809197149343290e-03
2.269139009978402705e-02
2.874820345185867456e-03
1.103769833950100920e-02
6.028012359830020594e-02
3.460763809423943183e-03
6.278856712634675596e-02
5.397244190896750490e-03
3.881631944194696010e-02
1.762556840575809497e-02
9.158473293007451943e-03
9.759997733898488279e-03
2.489951344664344604e-03
4.143249216785122729e-02
3.058775446817118410e-02
3.131478447979819946e-03
3.102374211072997726e-02
2.576158275042384968e-02
1.717343463323077035e-03
6.835312979047319937e-02
5.204801405571994610e-02
2.977691675861129927e-02
1.768406291772309583e-02
2.864093847662715908e-03
1.665543668391844534e-02
1.538328041096678755e-02
5.069129611157949244e-02
8.080596281667360228e-03
1.561997348232713884e-02
2.660625984778484249e-02
2.149700099644937315e-04
2.771930663152770771e-02
3.218920435056710910e-02
5.061381580930823625e-03
2.411605288019596279e-03
1.473857110201746978e-02
9.016787639860235348e-02
6.713170430655106269e-02
2.748719731874085803e-04
3.004672579814036959e-03
5.088485081063491566e-02
4.646655466818803287e-02
5.220694386685494764e-02
1.571458398166388631e-02
1.880526100866430558e-02
5.071169178003881103e-03
2.458597442915474648e-02
1.919735122783532144e-03
3.235513478005554860e-02
1.043662276672089051e-01
2.676723021093225380e-02
4.453405461626642331e-02
6.521802768989083676e-02
3.761921565899089409e-03
7.059742795759743617e-03
8.806786252025508577e-03
4.518126759834803496e-04
8.162697624827923784e-03
2.858857128368737927e-02
9.839703787064130874e-03
1.532200554139647418e-02
3.429382245168463572e-02
1.004354390631228763e-02
9.888125114620035030e-03
3.356831540396140040e-02
1.564528867294549819e-02
5.779953387778129226e-02
1.169568874614149850e-02
3.875526316492501622e-02
2.386938520146526799e-02
7.230448896245782880e-03
2.091450038203860121e-02
2.477803072356440928e-02
2.264126854768929581e-02
8.550723721938661287e-03
1.163661691298938788e-02
1.287596953120910027e-02
1.758597109583288215e-02
1.676347576911768264e-03
1.912462505602552723e-02
2.178700552244628927e-02
6.562750544607111325e-02
1.024882581936108032e-02
5.190891245421666925e-03
5.854938796374788840e-02
8.555905456583740368e-03
5.897503933736622864e-03
3.918553038651569065e-02
1.689080885293153811e-03
4.727618400698725340e-03
5.285553659627984652e-02
1.987863851783238864e-02
1.964427521009169675e-02
2.220887354405323352e-02
2.459181104947422147e-02
6.269983358245761855e-03
4.532578402532098927e-02
1.448038456113965103e-02
5.867890945795735391e-02
1.937321354387873396e-02
2.191851448276847802e-03
3.006842043945273657e-03
3.680380468928757393e-03
4.311884286429513991e-02
4.329383588169968128e-02
2.908161289888622214e-02
6.057210568033568471e-03
3.571366429073484505e-03
4.961882646324522472e-02
2.613103369241553953e-02
9.823780590521885570e-03
3.922295462510717867e-02
2.654898317437523123e-02
3.695368560785074197e-02
2.793834569872786361e-02
9.430743692741145809e-03
4.918395055799956034e-02
4.683140684174118273e-02
5.646808902943313557e-02
1.551001503762441946e-02
3.255717742731924561e-03
3.494072705562685510e-03
3.291504944486844941e-02
5.525675994209250375e-03
8.579902066103484159e-03
1.328212922309048201e-02
3.117380353962149325e-02
2.447311767910921587e-02
1.628752117502986832e-02
2.400064636663308548e-02
6.903917101617773611e-02
1.371321162691304697e-02
2.401818193388249867e-04
1.586408224346784294e-03
2.191229284099931868e-02
4.954874372867604237e-02
9.809926331119755982e-02
2.997185247739992189e-02
1.194444367865043696e-02
6.856083967605326387e-03
5.760442018384737128e-02
5.536802949850073985e-02
4.103317032122742736e-02
8.480249104920803416e-04
6.706817281429471207e-03
4.809675598862594298e-02
4.962078297840701729e-02
8.988613108270801511e-03
4.871448949401172013e-02
3.571010018233594652e-02
2.679643678850444910e-02
3.775245513734368230e-02
1.564611889041710169e-02
6.124603902363067245e-03
3.493299069415003316e-02
7.752225847219337829e-03
4.943969670010875395e-02
1.814105306243854465e-02
5.144342207936600762e-03
4.004104575982251474e-02
5.367248027851084791e-02
2.624722431196755204e-02
5.489080127373129059e-02
2.028180218349637243e-02
7.467787028733758464e-03
3.443360965543644514e-02
4.113332017146053600e-04
6.052472369588672574e-02
6.841374715588156852e-02
3.106574394726139415e-02
2.884553750530161748e-02
3.963475141913292560e-02
4.524538460416614033e-02
1.221932409034083566e-02
1.527393137545057095e-03
4.165095753823970862e-03
2.517996925182101886e-02
7.263865901627131021e-03
2.755924123401582576e-02
9.310011036277342222e-03
3.439338510468979704e-02
2.832195269702316928e-04
9.249177250545623230e-04
3.633463301480496094e-02
4.568971719335727932e-03
2.161800906007086895e-02
4.355110696459621455e-02
1.297120794001357762e-02
7.423867198897690645e-03
2.121786898615839884e-02
1.328491538911574441e-02
1.027437749180915363e-02
4.124671326398120924e-02
8.135499336375218160e-02
7.015111861876394128e-02
7.872597747154479186e-03
2.164235152746940560e-03
5.958312947886303633e-04
1.815510120036387121e-02
5.023360119926521816e-02
4.865521702415944588e-02
3.878519412843332848e-02
2.968226642057779363e-02
1.120225016160730953e-02
1.669748416695317900e-02
6.361835926173923725e-03
6.410909709975610646e-03
1.569706049676154389e-03
2.553288425598797956e-02
4.117630624075895723e-03
2.146195089761546507e-02
1.113736246553582825e-03
2.083862236872896165e-02
6.381113282058828440e-03
5.774080705530316472e-03
6.353391353565092901e-03
9.853100940031644592e-03
4.713047549601695474e-04
2.463740001791354245e-02
1.204319778335666974e-02
8.205048016181334947e-02
1.432613413591748465e-02
1.218283032583856139e-02
9.148103615594786395e-03
1.480471508573694660e-02
1.964151577638459378e-02
5.869317634326363248e-02
9.647772642924587472e-03
1.226906889218230129e-02
1.783486829464449308e-03
1.532718132159646869e-02
3.041193632533203267e-02
8.052948980175320126e-03
1.264136632083462039e-02
2.824403907339724518e-02
7.430544492670445103e-03
9.806445728052339342e-03
8.842918950179082943e-03
8.313940548965170763e-05
1.121339380470249766e-03
1.086135879340650173e-02
2.649153708562375018e-03
1.006116050245952492e-02
9.395483367443079048e-04
8.720975941454019512e-03
3.998107564614605813e-02
1.050997014728586622e-02
2.833514066186132094e-02
1.611163599686910031e-03
1.175395293552878098e-02
2.929331439048911412e-02
4.849851258214023589e-03
2.296570313329027863e-02
5.231694916525928343e-03
1.009466830337037505e-02
1.232428705270081915e-02
1.093771146071205978e-02
2.194873429839193715e-02
1.865409669859333097e-03
3.044035740463815753e-04
6.331510044083976663e-02
2.384900880362916809e-03
9.745838537068946331e-03
6.716308614223634454e-04
1.846105526471784582e-03
1.214847935553417003e-02
1.146647409277324475e-02
1.144947669127233808e-02
3.414576442030862330e-03
4.939791102143291021e-03
1.015432842656813738e-02
1.120066381530916309e-03
1.411942457577306659e-02
4.418047155948356258e-04
4.217836270044236086e-02
1.162555294293585173e-03
2.979563936189288942e-02
1.794638954507535994e-02
1.618152706684555797e-03
3.521048540475062855e-02
3.201128480338240323e-02
2.342710718552829668e-02
1.682901465899998283e-02
2.521386535062104112e-02
1.429736083374913945e-02
3.914533726280762516e-02
1.047369560979829681e-03
2.631703145127214927e-04
9.736778391753011727e-03
9.283084040480948929e-03
6.942057465558239271e-04
4.225697304672249716e-03
2.998453041226568222e-02
8.819533404835315504e-04
4.243378464521023984e-03
1.662413198737971564e-03
8.775368109585514678e-03
3.404606829483794450e-02
8.547327280658023260e-03
1.241271258024850832e-02
2.419281966622259875e-02
2.105120157594610186e-02
8.974393475236137549e-03
1.919276137590845976e-03
2.182443800179921511e-03
2.533759206306529597e-03
6.429041164896817651e-02
2.649298218599401705e-02
3.911998935003216382e-02
6.709846982737525944e-02
9.412031841141900446e-03
1.013666898656424564e-01
5.959140181251203899e-02
6.457187637807700401e-03
1.718720037715256235e-03
1.449992373662275895e-02
1.774955940645357721e-02
2.049667934723582718e-02
1.128933548090359229e-02
8.126277151038870106e-03
2.057696118294434495e-03
1.050207454544929177e-02
6.999898929782295484e-03
6.916486363554739600e-03
6.337732763006271447e-03
1.207176943962690041e-04
8.298870046138804440e-03
1.022675347407351297e-02
1.359885208832140036e-02
3.671543304731954283e-03
1.668256309330749462e-02
2.909278729352567094e-02
4.845334767850084656e-02
3.445103241408722233e-02
8.082361949765208900e-03
8.453034378126219467e-03
9.830601259576113304e-02
9.692671819250070486e-03
1.747306832406275712e-02
8.527435384876939223e-03
6.302022486880212368e-03
5.104171525433080087e-02
3.692063420862243261e-04
5.611265886495227229e-02
4.293845288713674102e-02
1.675441304133719334e-02
5.706098702859744957e-03
1.397927909283801229e-03
1.419449350264343455e-02
6.532685663134341070e-02
4.509719639639313445e-03
1.267265141874444889e-02
5.898849851815727609e-03
1.535216590100922131e-02
1.700402650852452652e-02
1.315979335412924972e-03
5.460046137619909909e-03
4.299546492442163012e-03
4.408092508744127294e-03
1.496261132788051854e-02
1.350889135954181156e-03
2.036726488369729540e-02
1.376121140386376424e-02
1.498097549685839351e-02
1.154057766936405181e-02
2.436445255532203313e-02
2.430541518803209025e-02
3.214291472901226188e-04
5.159113330838076272e-02
1.514637785667368938e-03
4.550422155178817860e-03
2.223747068941582528e-02
4.385126570675137829e-03
2.703356765155230657e-02
3.112194961052076880e-03
1.730467392259699144e-02
3.276293899931381065e-02
3.413824320890602483e-03
1.363369531748861302e-02
2.809573070605413114e-03
4.401315649314230249e-03
2.750409969541319638e-02
1.541575921329637472e-03
8.117033477288632115e-02
1.024200567815133044e-02
1.342928515305654574e-02
1.654753859722856574e-02
3.247221590179062527e-03
4.100496629592451439e-03
5.176404257357762606e-03
8.816185615706991288e-03
1.462235375433162086e-03
4.140659818628058229e-03
4.594501299904230063e-02
8.261434444747448730e-04
1.520077965250321572e-02
3.747792445671669064e-03
1.183694358435086191e-02
4.894354329089664613e-02
2.954575568173775993e-02
8.845868948659547926e-02
9.642444785638082383e-03
2.840011250946364654e-02
8.157472595187011469e-03
3.482760075540910875e-03
4.470301802837923361e-02
1.349206465010760990e-02
4.587958629562771326e-03
2.311241004480966282e-02
1.891418930649963609e-02
1.679527351368902133e-02
2.540597309247204574e-02
1.006283087750226013e-02
3.442144575422926428e-02
2.175006336899629883e-03
3.496043548450170763e-02
4.185898250669813081e-02
2.065367096895133481e-02
8.336190502400194630e-03
6.327585845161295269e-03
2.103363979157955518e-02
1.712477789756691043e-02
8.420905257384446452e-03
1.248282261905514501e-02
7.785567289975125690e-03
1.761709267091066469e-02
7.596068188700112050e-03
5.702293965184568325e-03
7.635604484797883958e-03
4.046064412892957929e-03
3.931990013220679203e-02
7.443324587858804464e-03
4.067358285094554993e-02
1.736741913669014731e-02
4.980576503079042761e-02
6.900590697964621711e-03
2.186566985429212046e-02
3.400558695109183460e-02
1.628610731965643432e-03
2.061857990045714087e-02
2.872707901279113185e-02
2.181572741345761800e-03
1.905953379687151325e-02
8.164825747988140731e-03
9.400933927106121246e-03
2.787379987331719405e-03
4.367239843132883145e-03
2.083947028278666097e-02
7.464455109594826665e-02
5.181689831873478869e-02
2.488708288843027860e-02
9.824511777867861451e-03
2.795248003007862886e-02
4.852681233377793835e-03
1.262408880203800751e-02
1.715988309146983942e-02
2.518421695800444546e-02
3.598826985061067546e-02
7.923311365184839555e-03
1.732275677810768411e-02
1.007068557309659385e-02
5.060808981430301584e-03
9.868936277438428162e-03
4.199425915781197782e-02
1.753162344598899886e-02
1.672028498918553402e-02
3.862710420089849467e-02
3.740748200328283812e-03
1.136894519003891352e-03
5.295598183980864543e-02
4.672439003046369166e-03
1.779868907667027655e-01
3.576558339350090904e-02
1.425136676802443714e-02
1.163260934292933979e-03
3.277982553960862716e-02
3.973122086267090458e-02
9.289208016557911479e-03
1.726786886181023301e-02
4.879584347116369680e-02
2.571835555651531130e-02
3.016327075215086140e-02
3.695538465043085585e-03
1.550466706811436460e-02
2.426217340187284549e-02
8.476676526653764698e-03
1.606285759978447192e-03
4.953882947632672583e-03
1.777908967230320408e-02
2.196533160538558654e-03
2.002168345951887279e-02
3.865384349417304299e-02
8.108814059180513567e-03
1.422810800739109094e-02
2.119980660599929401e-02
5.100605101427319737e-02
5.795702771602379011e-03
1.442142837823203252e-02
3.836140518527973720e-02
1.551567466345103036e-02
1.100264303556796990e-03
3.373738522143822360e-03
3.431250366028091789e-03
5.666191242504840103e-02
7.098748861184563108e-02
5.782890819264440959e-05
4.023931549056482260e-02
5.478260723091463169e-02
1.614966685845540401e-02
5.186233859538876001e-03
6.783828191566351751e-02
7.770198931772429041e-03
4.291803998564305833e-02
4.065277128445584504e-02
6.838218953723017302e-05
1.720193966125875551e-03
1.868031265853162259e-02
9.973695326533006666e-03
7.398910453246336158e-03
5.745759462047972388e-03
8.707208818404962858e-03
5.637617501743438092e-02
4.219693865534292904e-02
1.014372414447726189e-01
1.894586639170732500e-02
1.633113718977792506e-04
2.079877316308911123e-02
6.730217355235415533e-02
5.954326875437549946e-03
2.868779496958286795e-02
4.276329323162610802e-02
3.437274215105719927e-02
2.120623828454970290e-03
2.579909604662933981e-02
4.962076475656987049e-03
2.497694164855455978e-02
3.229035971839641639e-03
7.944461818670131570e-03
5.610988051020164569e-02
2.133200978516517146e-02
1.119342190923314218e-03
2.071024540539534442e-02
2.336760990805667251e-02
3.175764322160055247e-02
9.084394617874387567e-02
2.321498989400474708e-02
2.394740377985359395e-03
2.270046159982377562e-03
1.937390683002573888e-02
1.416828076654913504e-03
7.961787233140275866e-03
3.569543585323343982e-02
8.198868266131455196e-03
1.144017198587255757e-01
3.831968473737477898e-02
3.975248399912708480e-02
9.144890501873930572e-03
6.030326189052181811e-04
3.105721576419526175e-02
2.915674002190409009e-02
1.163932482322204212e-02
7.879556263869815988e-03
2.937482218675466911e-02
3.231172564303488176e-02
1.085583940630727162e-02
9.707065207666041445e-03
5.042394187441970321e-03
1.108570053257144916e-04
1.673161803851233240e-02
2.229594623651271618e-02
4.715995384038754179e-02
4.068359319552572462e-02
1.647236694954752959e-02
1.229377401203714248e-02
6.912856874294569243e-04
3.145509225146529697e-02
5.012956685428756470e-02
2.587060706417348629e-02
6.582391112855273674e-04
1.047832576167190451e-02
9.756307994094095756e-03
2.059425103528477602e-02
1.207349677687622608e-02
2.397190010375003372e-02
8.432560679422322625e-03
4.679393648149896695e-02
3.572968760147297862e-02
1.590702749251604597e-02
6.239631729903877266e-02
2.736040140036538702e-03
7.272261015334549605e-02
1.700648756121491897e-02
1.385138649988504334e-02
3.090020452600968776e-02
3.264559034742099686e-02
5.804524442426149677e-03
1.915790447232162876e-03
1.205638911457822390e-03
8.069661455659512400e-03
6.580278353547974746e-02
3.988553746666869543e-03
5.598868108204296118e-03
4.745486850468878803e-02
6.855744485882196704e-02
1.000001501241151204e-02
1.661472998469434165e-02
2.662609096333395931e-03
1.155067701094238120e-02
8.520986608722003197e-02
9.908414184844695910e-03
2.902634776105346946e-03
1.359921059965598159e-02
1.155845462139522620e-02
1.134830349899130369e-02
4.883111984289565527e-03
4.435287308812259355e-02
4.429784413350373873e-03
3.517730776797213521e-02
5.705627688968857580e-02
5.474330147277259306e-02
7.098485100373314038e-02
7.024598272840962450e-03
6.765719065674226373e-02
8.031905190359185653e-03
1.850287335268724007e-02
1.303323211547034038e-02
2.501862587741084457e-02
1.253613704568358987e-02
6.711695596787626422e-03
5.486366563610075610e-03
2.225194780579425186e-02
2.608484028424252338e-02
8.629847542149928635e-03
2.697303313602553154e-02
3.628975570500327791e-02
1.199056031934413527e-02
6.567649611560385722e-03
1.802458550939410944e-02
3.813660909472818203e-03
2.063412796337385502e-04
1.013961702616392874e-01
5.433595238693616353e-03
2.058947094938014255e-03
1.369444019194204255e-02
3.242932543547451946e-02
1.340805740751668633e-02
1.913175871912491458e-02
6.159615727545313113e-02
1.134074527394675347e-03
1.821978622822563107e-02
5.904508139429821140e-02
2.610141434997956256e-02
5.463218530398206152e-02
8.225321789450231597e-03
5.154307554032712402e-02
6.010085588390990524e-03
7.890672019859427955e-03
1.350679651040934473e-02
3.061739439103556767e-02
2.915753972704720337e-02
1.357158345060144322e-03
2.453663789130849926e-02
6.931863562917202348e-02
4.988550475394937407e-03
4.158745063087392058e-02
9.956321058555603690e-03
2.082010255647703117e-02
1.275209170557982559e-02
9.413933420955051395e-03
2.231523707047509963e-03
3.198472068817341963e-03
4.284173799095954832e-04
4.360481781684412417e-02
2.441892900854114590e-03
1.751400210579442951e-02
1.756416265156443557e-02
2.466967862425539781e-02
5.307380720201322621e-03
2.172665850459688103e-02
3.232425332292698794e-02
1.689759457469307974e-02
1.252357652870814131e-02
4.452826154004414783e-02
1.911759091975437364e-02
4.463885901770735937e-02
2.747172308793553730e-02
4.391758081177060680e-02
1.053484926777499726e-02
3.721965246349144552e-02
2.919758737427996520e-02
6.701402004260302581e-03
2.675139780647446675e-02
4.567110655340484229e-03
4.118725926106631130e-02
5.951798473836190928e-02
1.180096200839489406e-02
3.394195476684305768e-03
9.626910601060068712e-04
1.241602265395328267e-02
6.374573750017251128e-04
5.535431485936776440e-03
2.249430739844853616e-02
4.839094770375078347e-02
6.815284358312369804e-03
5.342924669405976768e-02
7.641610968114848773e-03
1.015000016535539881e-02
1.482518629124798641e-02
2.521773739251381360e-02
3.588884425879801561e-03
5.159438428619913392e-02
2.105397876859115350e-02
2.248888349554908905e-02
6.123411260258344001e-03
1.530531339967710312e-02
1.431979637658155335e-03
2.585997750525603073e-02
5.936318278954322292e-02
6.646379749871524079e-02
8.718773921633077989e-03
2.132775823874105345e-02
3.032890408182394026e-03
2.507920487822233938e-02
1.698511248598640055e-02
3.160341650719876438e-02
7.700437416153130266e-02
4.557883112256582575e-02
2.185641893132296565e-02
1.149118536583795119e-02
3.976173255260040049e-03
1.074443030320460825e-02
3.356128817074591035e-03
1.131185075938134083e-02
1.962389650994711757e-02
6.993155700353784199e-02
8.143474766967553208e-03
3.223558427742297811e-02
4.041716790760854078e-02
2.079780642097902015e-03
3.281753991383813684e-03
3.549710560437657411e-03
3.509914695850873539e-02
4.725588772427443372e-03
2.134613329735252432e-02
3.198452904826924736e-02
3.433387061649340738e-02
3.623285366119479746e-03
9.316575442941808782e-03
4.159253959297601333e-02
6.461022549291832451e-02
4.077392573424927502e-02
3.046212961637075924e-03
1.616518648993160029e-02
2.714541512411803095e-02
2.511253552905686696e-03
2.366018777986255914e-02
5.175049591114981584e-02
6.145534190974442923e-02
4.323727049557714308e-02
1.071173907912493714e-02
1.195802485835052026e-02
1.609038745267088455e-02
2.021084390904470673e-02
1.222175431362451008e-03
3.592086379279593733e-02
3.886795193306409602e-02
1.239983201811056465e-02
5.044681651860224297e-03
3.322267191102863670e-02
1.930532994717035558e-02
1.570737422337765976e-02
1.292409577691971956e-02
3.550131998111980425e-03
8.577224901911043725e-03
3.531033004365742578e-02
3.594012616899858181e-02
1.203653616475294647e-01
4.496853096419494225e-03
2.763153889766118212e-02
9.712821891018203618e-03
5.246162364870450567e-02
2.928977677002665356e-02
1.115670109444179964e-01
1.888858615086541366e-03
3.853105073541433258e-03
7.511517362601743963e-02
2.289364288462780034e-03
3.350241131104599035e-02
3.158755452840782824e-02
1.329229897343007019e-02
5.396997721264997980e-03
1.194127031148577503e-02
1.068304120219834841e-01
8.570196322158296978e-03
2.833883429953501856e-02
7.225578021312737895e-03
4.887050576826849208e-02
2.381409368423997169e-03
1.394262033631519723e-03
1.409991477003564100e-02
2.601344506347021135e-02
3.219630024117847017e-02
1.501137606410204214e-03
1.992303603489894645e-02
1.888782274658333538e-02
2.568532785489222037e-02
1.074806849531056638e-02
4.927142149353629791e-02
5.034729163118403794e-02
6.515234711766185877e-03
2.801141290640572767e-02
2.201908547459519722e-02
3.435038241641534540e-02
1.985496832607492462e-02
9.710444522696295988e-02
5.898867261022056746e-04
4.047939252815019968e-04
4.073445205513302747e-02
6.270012669140115347e-02
1.911309212981592009e-02
1.359346650848885368e-02
2.475092515246285138e-02
1.291000169057015222e-02
1.533633161404522952e-03
1.213437657952499277e-02
8.567506336374061324e-03
3.462064802538687355e-04
1.389965044708574120e-02
2.192495700603079578e-02
4.273337797213733885e-02
2.239204651870807875e-02
2.314752516762755286e-02
2.414596587538818569e-03
6.543437063473982185e-02
1.171858915517911062e-03
2.111147781578955052e-02
2.095099905975100502e-03
2.521430984536520217e-02
1.146795512515677226e-02
3.009645760487510147e-02
4.779856598724571692e-02
2.454743101021852891e-03
1.016690152708950821e-02
9.374802257247950160e-03
2.960676108686447275e-02
9.552529876386238461e-03
1.129264132571153184e-01
3.875901655231956539e-03
1.064528001095427917e-02
1.137564634803616206e-02
8.641514192977159392e-02
6.287032765165678772e-04
6.689485223054774526e-04
1.988905762328108118e-02
1.642139046096418448e-02
5.040847058637551621e-03
2.347728985772194396e-02
1.083782215169686383e-02
2.747705507599316338e-03
3.830368973362616863e-03
3.887978189269065271e-02
1.403998911647768612e-02
1.628575525811555916e-02
2.832141279269491732e-02
3.454551962303008261e-03
5.106198796695693432e-02
2.993812013596665669e-03
2.035725601718569450e-02
1.219177462265710193e-02
3.193926784216574027e-02
1.684875516566894382e-02
4.307283416343235527e-02
8.300340194733243221e-03
1.831620113741567329e-02
1.043390570104624562e-02
1.868402085828159420e-02
7.504951723529812435e-02
1.325847411511096342e-02
7.475281538308528595e-02
4.719175585516668936e-03
1.426140747781691476e-02
3.105047488597754285e-02
6.388499582789314291e-02
2.731057007460675756e-02
2.218200648068900660e-04
4.588900479794357640e-02
2.544163038476246474e-02
2.506209715084618816e-03
4.978039209883914490e-02
8.237263850475076699e-02
5.188464867783359330e-03
6.786040191585783823e-03
4.229079165006619651e-03
4.444637125299067543e-03
8.266813082327784806e-03
1.419383040750975961e-02
6.342757754114688312e-03
9.935081833774429827e-03
1.280094705002803555e-02
1.689904009417977915e-02
2.996795183266515519e-02
4.192205701457024647e-02
6.757958758135854116e-03
2.063574968579148794e-02
8.438638788517506539e-03
1.297977839524418371e-02
8.246859102950962472e-03
2.693808400344336121e-02
3.443615004057120482e-02
1.854470090502465321e-03
5.064368384693522518e-02
1.673721141841650467e-02
1.455817983359133753e-02
4.520990915904668506e-02
2.540039785091198488e-02
1.077169099281818226e-02
2.549307792263546049e-02
3.178552259942454133e-03
3.621543047366153345e-02
1.357180729314389281e-02
4.794298142688819403e-02
3.404303605847712466e-02
1.869032312020119102e-02
1.970488994698981443e-03
1.277770035443975827e-02
1.444978544724694405e-02
1.097925131618198574e-02
1.076575227084524203e-02
5.035615861375330668e-03
1.653117186457275789e-04
1.084235307567619003e-02
1.526650928756570838e-03
4.703990325677741280e-02
8.176938668554359357e-05
2.314259132077460014e-03
2.655309562698438680e-02
1.458744165690538039e-02
7.213872299460400567e-03
5.528136266463340442e-03
2.984941631603797024e-02
4.949114603278543384e-02
5.523917631925952254e-04
3.089383716603939789e-02
7.624882726647842952e-03
3.157823387210868110e-02
1.991074286921376557e-02
1.062197854242273587e-02
1.290834210639497243e-02
3.649226602957976462e-02
7.673467682085557962e-03
2.123065831285446056e-02
1.912276464438092405e-02
3.511909217666887850e-02
3.168836879997545541e-02
2.329076447666920263e-02
1.156035538487178854e-02
2.891056845041004020e-02
2.016805354645958073e-02
1.650412554727233652e-02
3.999579502053662861e-02
8.783224058428941439e-03
2.695452055790723001e-02
4.003222438730254240e-03
4.085915129429698589e-03
1.351443701863131591e-02
2.966586388359572155e-02
1.384052152353842241e-02
2.809045763939127527e-02
3.564698677815548999e-02
9.369404003815338250e-03
2.823198583718867366e-02
7.911356846688821776e-02
1.964019205574918381e-02
1.102120983660730309e-02
2.856593583454436827e-02
1.070667849158904623e-02
6.309282600132132268e-02
2.342348466290297693e-02
1.596517750443628841e-02
2.826833862217520421e-03
7.907826462291608904e-02
9.001338694521215933e-02
1.283226693392538684e-02
2.322118374673942665e-02
3.982731089897788984e-02
6.944487346511168946e-02
8.796805594657904070e-04
3.818467630820102099e-02
3.532568809135491761e-02
6.682109911108588193e-03
1.169368054279160477e-02
9.129139677678921316e-03
8.634766401390067334e-03
9.239021996928515473e-03
4.144931333183840029e-03
8.397422806843603954e-03
9.038217326164450782e-03
3.093026006819846185e-02
9.875080066792246702e-05
2.200706671466642547e-02
1.650652771331621166e-02
3.143922960501484287e-03
1.347646922288624552e-02
4.965657360847328811e-02
1.647744994800528356e-02
6.013542989508656629e-03
3.371905037506078145e-02
1.056569991812309622e-03
6.838268080489330603e-02
9.282201891045768760e-03
2.074842422976492032e-02
1.778920047653131248e-03
1.876535675696384964e-02
2.327457628164819603e-02
2.170816707002751200e-02
9.265831540521810017e-03
2.038530095859444197e-02
8.557681609333436801e-02
5.898386142960581127e-03
5.106024995292582358e-02
3.665926178573476052e-02
8.597693501436149549e-03
5.923184431309022613e-02
1.844430334324523996e-03
1.344211790405854673e-02
1.808469938498050156e-03
1.812646727739107696e-03
6.547096896350842153e-03
3.005806345716866695e-02
1.645202322822942459e-02
6.611399883452738491e-03
1.260089697466821278e-02
4.275709383180502018e-03
3.614838978413838222e-04
2.061001790519283866e-02
7.150927640678050173e-03
1.478854292810128680e-02
5.628688898765932952e-03
1.480537717721051513e-03
2.677262405161227182e-02
6.482332301404235275e-02
3.399274268584792646e-02
5.931239414155682621e-02
6.490211923054637136e-04
1.464922552371544090e-02
7.427497035176150453e-02
2.158490985236859866e-02
2.313433739035797299e-02
4.062102167146755538e-02
1.269857320974910123e-02
7.474430782337649314e-03
6.107757276711876793e-02
8.140994082377679686e-02
4.213014258227460590e-02
1.111053228849616104e-01
1.850482654588120985e-04
1.259514640892050487e-02
1.332886336549628063e-02
1.469591572351111250e-02
1.374878004237735894e-02
2.174215177453039938e-02
1.076832322596019478e-02
1.473004143615423353e-02
7.126002970072094905e-03
1.219104929850504254e-03
2.282478001645155130e-02
4.493254185138195744e-02
1.838651354741201172e-02
2.257630539045078159e-03
8.624732941833815336e-04
5.137343607770147522e-03
4.046299547570892871e-03
1.749917384178468344e-02
3.241885100762408739e-02
5.282501775777055653e-02
4.589572257804656191e-03
8.630046867887437856e-03
4.577986689696344341e-02
3.831198650721857890e-02
9.086937086423056004e-03
3.626209806961559062e-02
1.276928686671241486e-02
1.343556728921062489e-03
1.082819762259007793e-02
1.464059913398885193e-02
1.906267093346931951e-02
2.686738970024211276e-02
2.316953446436717523e-02
2.015682050155868932e-02
2.878620243803957715e-02
5.424394867812136478e-02
5.305746116292475723e-03
1.660754389166960165e-02
2.619700114235793114e-03
2.754908008566072514e-02
6.077797881223103577e-02
2.518948911460496942e-03
1.518126283402915916e-02
3.120782893171053160e-02
1.300417655818763771e-02
1.186345856141758116e-02
8.460577662098730384e-03
1.558311384305170744e-03
3.087660819045514107e-02
8.866610120039197795e-03
8.988427845950100470e-02
1.975452196359019433e-02
1.485436856371663214e-02
3.615155536511455159e-03
8.923261354394300404e-03
1.009147418929909473e-01
5.951134813409928240e-03
4.159131900418545913e-02
1.015963081517079480e-03
1.047039258211995491e-02
1.113572571219966466e-02
4.089451114220066935e-02
3.286588009399023236e-02
9.499910440235886239e-03
6.059702432936110716e-02
1.092062651016153726e-02
3.016726291105406924e-02
1.103576685358993031e-02
2.381813990847892002e-03
2.197295014157891330e-02
4.809729756193972805e-02
3.033211998260039108e-02
4.260402357928777528e-02
3.215063508817772413e-03
2.234552735826715250e-02
7.859291435072454646e-04
1.028339072842247154e-02
4.594675749832925066e-02
1.363950947259815610e-02
3.936495348025866731e-03
3.435756970949470357e-02
3.062886841374256805e-02
3.364042898422147515e-02
1.272348496330034766e-03
3.133634772977464747e-03
1.545331051832683072e-02
1.754240839177826847e-02
5.881409807537618661e-02
3.599436236098063624e-02
9.006645189763837211e-03
1.455728754851961550e-02
7.541639658744601557e-03
4.140153694517527405e-03
2.538879130415918131e-02
3.130092711740365546e-02
9.800457297044580171e-03
6.049017596960935828e-03
1.758279382561215437e-02
1.977205761634327763e-02
8.315736800190508260e-03
7.281673207770607802e-03
9.361732457964164200e-04
3.695237990906927172e-02
3.523654629455247322e-02
2.149611180593070936e-02
9.613852490926716801e-03
3.225556797365924239e-03
1.978451444831655012e-03
3.125849630442781302e-03
6.232616897577022280e-02
1.989675193713236201e-02
1.242990467408283325e-03
1.468101235208226288e-02
1.728645033789218133e-02
1.055996471330812730e-01
6.097250042805981221e-03
7.899468294337812571e-03
2.898623264050513570e-02
1.145290039357482054e-02
2.550832202592649353e-02
2.190470698400947408e-02
3.233788400589895223e-02
2.349853043829582336e-02
4.305203232059788554e-03
6.263215645909435240e-03
2.208270177332670448e-02
4.921199418198040493e-02
4.721705482340255583e-02
1.966010018744497254e-02
2.194909373536301292e-02
3.043339193429926010e-02
3.232797116070076655e-03
3.548256488301212465e-03
5.218322953741864195e-03
1.701817891684413026e-02
1.922416183454171007e-02
3.921767363456805239e-02
6.506931387244143522e-03
2.696862230593347325e-03
6.079862923133017190e-03
7.994640293771997086e-03
1.395652942054502466e-02
2.035033872393692683e-02
1.691612939514714397e-03
3.423625219688662680e-04
9.382053075018071189e-03
2.749323169906654069e-02
1.520762636780458726e-02
7.946008436537101670e-04
2.962182565686947988e-02
1.229348171829250597e-04
5.339723238891162099e-02
8.871926088193191062e-03
6.812405310250444802e-03
7.723266985975160703e-02
7.987153937343097546e-03
1.811613665388049632e-02
1.324512418365724753e-01
2.245719208015897056e-02
9.946197440406239626e-03
1.448987583149436917e-02
9.853405970059141497e-03
2.836800613196923532e-02
1.253929400797005114e-02
3.246380151697870076e-05
2.015360753587465761e-03
1.825345956380910149e-03
1.667089750605601703e-02
7.714788363076215127e-02
9.597154957085921034e-04
1.564665567458980652e-03
5.544803574527529342e-04
5.093330586993549333e-03
1.642707277540148350e-02
1.354722840215667745e-02
3.143143956262998973e-02
2.744602630334377208e-03
3.411569749417336928e-04
1.778112244395121597e-02
2.203082311542982341e-02
1.663175420124738541e-02
6.485091840216329791e-03
1.132297583518901765e-02
7.261153545199255759e-03
7.332604940474152927e-03
9.642136318755861052e-03
2.722090632961647605e-02
2.516565015214951816e-04
2.044929810683832061e-02
8.566192340771705549e-02
4.364161381919006572e-02
1.860183056196085954e-02
1.164467790046982282e-02
6.970813366009427593e-04
3.164863881089895192e-02
9.551953061958011817e-03
6.981429229653559124e-03
9.975342549962268324e-05
2.860799978469507482e-04
9.999759200262263795e-03
6.250666329674579857e-02
3.326821895961468850e-03
1.429340523319765858e-03
5.440810702314996875e-03
3.649007657812092242e-02
2.352459250298791216e-02
5.874570186541831079e-02
1.404198024010955281e-03
2.519549036055352548e-03
1.909691454904687198e-04
4.657937963201087481e-03
4.985668027084561027e-02
6.500855969713550953e-02
1.290280354371844442e-02
3.524490731845777991e-02
1.179831749755650555e-02
6.809095975774688732e-03
4.066678679138358704e-02
2.337807316456800774e-03
1.830214338375670685e-02
5.602924536665500332e-02
3.799041070806739168e-02
2.878386021511246742e-02
1.020359275184865196e-02
1.369401404844354346e-02
1.357961905070065312e-04
6.337538517770839423e-03
1.297756856412215706e-02
2.890267599800969839e-02
2.060565346574482620e-02
7.468291108029047679e-03
4.822877441677364541e-03
8.388278062733872664e-02
7.052157119937728022e-03
7.587180798818291688e-03
1.025454918853324279e-02
1.142975829820327971e-02
2.820668500813043947e-02
8.021899565683213162e-02
2.423613527216054997e-02
5.018053076714872052e-03
1.575858522601923661e-02
2.482634342038518918e-02
1.812841393818306890e-02
2.199049342500982926e-02
5.292587275154840391e-03
3.090669818480731509e-02
5.666378539853593813e-03
1.007077437416456847e-02
7.154591523721084978e-02
1.844568303544717345e-03
8.128004318850613752e-04
3.633087947131493495e-02
1.761374859761625708e-02
1.991424309421213276e-02
1.140903759812177121e-03
2.138433939807789230e-03
3.347209332844444662e-02
6.560483168691793807e-03
4.450570920683585840e-05
1.587873732524089712e-02
1.311788759168805267e-02
7.337202330936577754e-03
5.323375819635053387e-03
3.416786686201753187e-02
1.894461683231256008e-02
1.902441018653585475e-02
6.404214686612287946e-03
1.351320496428588813e-04
7.515752488409238596e-02
2.774977822079321976e-02
2.301445708087923592e-02
2.971829008002187938e-03
4.717820462582005686e-02
1.506288969652242946e-02
1.646316433123373724e-02
3.280701584833187537e-03
7.219185061917178341e-03
1.278848205630584746e-02
4.090710399003780195e-02
1.013679133116241610e-02
1.065435107349433502e-02
9.069205979697628900e-03
1.187167309089716752e-03
3.568723477129825267e-02
6.378067464219433491e-02
3.087896800256797331e-02
8.543841677452375383e-03
8.319544716479075619e-03
1.870064861717096044e-02
1.443780726147398871e-02
1.383889656698610027e-02
1.324251978167732303e-02
5.473504773225777373e-03
5.092050341961575077e-02
1.886383675919768577e-02
5.297284537845369998e-04
2.002332964576567648e-02
1.588041335112954158e-02
1.900584148928931294e-02
1.618291723074658309e-02
2.512202617264424481e-02
1.141015614468528748e-02
2.281330791872838992e-02
9.021384320157395734e-03
1.183147597926238401e-02
1.670019326913797916e-03
5.219161115620490551e-03
2.420853522428639479e-02
2.832641708473079833e-02
7.767703454199706425e-03
6.289717089370587544e-02
5.360023050516177397e-03
1.110524651516047769e-02
6.886157884060539573e-03
3.602396606074623198e-02
3.732053992478324284e-02
3.655293437439380982e-02
2.314148222569820806e-02
1.013918882843588797e-02
1.357384204013318413e-02
4.531224968896688937e-03
1.321161525212305454e-03
3.814257472697209217e-03
2.168877767797194531e-02
1.012417832900895220e-03
2.550563498664009179e-02
1.868949579705437430e-02
3.850166312857283835e-03
2.158888966122113687e-02
1.020739794585468450e-02
2.740604992262223386e-02
5.317376961388319001e-02
2.222614255495391350e-02
1.050303713956240309e-03
6.927935113565113559e-03
6.064637361522681042e-03
3.728671863760297037e-03
7.027012703268773093e-03
1.397382187418967463e-03
1.046996588902808674e-02
2.486789860163777371e-02
3.078620050782653050e-03
4.508782163777996788e-02
3.472851762735283676e-03
2.213629351897992287e-02
1.119816999683354887e-02
3.158017069019797285e-02
4.367632173413286273e-02
1.772239756366155231e-02
5.741417697325217062e-03
5.143283967057318135e-03
1.179453325502563890e-02
2.128488681759690276e-02
4.141420474622557225e-03
8.521627060970732304e-03
1.482823229854847435e-02
1.713848380602238115e-03
4.272385325339380507e-02
2.943569805840048209e-02
2.492342337065931411e-03
4.191195022476262855e-02
9.321753741025388951e-03
2.438523710717824255e-02
1.578164531158929296e-02
2.154121891315173565e-02
1.118574197868123926e-02
2.922032821867386748e-02
2.435208254703773861e-02
5.693228213303137136e-03
3.300582475279523892e-03
9.782419778393468268e-03
6.476571208973221083e-03
2.310707095762137148e-02
1.878893133285741007e-02
5.679810349601326080e-02
1.575457859873424099e-02
2.972286426620230834e-02
1.414964884522686671e-02
1.122028669381381766e-01
1.280854611425133460e-02
5.856295965324227748e-03
1.554266604731582326e-02
3.664976103223499537e-02
2.203560563036486425e-02
1.347890949478930400e-02
1.084693354396598641e-02
3.157275988257457477e-02
1.289290286339042982e-02
3.929985745489386791e-03
2.740031006964204971e-02
4.585237100876875249e-03
1.302823081586251992e-02
1.114917100881774106e-02
1.494850927680111199e-02
5.360783130135564692e-03
3.191994214649822737e-03
4.008952351746877113e-02
1.525514041429647943e-02
4.278589039482146722e-02
1.834924506166493718e-02
1.254123132498102984e-03
9.093676412640359571e-03
1.710400718612452298e-02
1.039672644736533251e-02
1.629802305050069913e-02
9.425900407733639463e-03
7.899239127277687955e-02
2.252789537786559909e-02
2.343751169367861570e-02
7.753486372257216777e-03
2.768150177191452607e-02
3.017173543845741608e-03
9.089133300090909695e-03
8.154579430800642029e-03
2.493788693702261167e-02
3.269960251124776063e-04
3.223054927502672085e-02
2.215716530982868998e-02
1.275618346416442818e-02
1.731453861136708801e-03
3.734342823788945609e-02
4.032506636967456148e-02
7.850492849363885361e-03
5.085493082023545899e-03
9.638154194157477761e-03
1.510616425218280073e-03
4.262066802188252575e-03
1.695912117875453262e-03
1.045379758801147189e-02
4.201136955592890687e-03
3.176503051424334895e-02
2.021989700184373406e-02
3.208066451803226644e-03
3.506510777367528864e-02
2.387884257308460142e-02
2.634855984289591856e-03
1.127287111755332152e-02
6.679293358392415780e-03
4.355679736059349383e-02
4.659241559053621529e-02
4.910786989755398096e-02
2.025134144378791957e-03
7.061286742364839691e-03
2.134765318911069701e-03
1.417611559799152390e-02
2.064833144434895934e-02
1.836726792108994699e-02
4.675444025644309547e-03
4.552845629528653321e-02
2.068333957013487184e-02
6.619489739015610094e-03
2.091619355957699371e-03
1.073838642032609939e-02
3.253083808835745272e-02
6.545692799285981675e-03
6.358928677860274659e-03
4.380426898226027176e-03
8.725871053195229099e-03
1.541742693896501265e-03
6.157135328677301733e-03
2.262047702830080609e-02
1.399803719411388606e-02
4.283848242640194565e-02
2.649708269423755626e-03
4.317668341306042656e-02
3.096618045540522508e-03
2.675290546399014535e-02
5.345124106650785134e-03
1.570693069422974403e-02
6.026988538277077909e-03
3.565076087016410405e-02
3.178376758582333178e-02
4.064457694986850500e-02
2.931097490918838089e-02
1.350521166586818702e-03
1.173097809726476350e-02
2.019560859101149700e-03
7.555715318136041123e-03
2.710802759137188878e-02
1.341747311310145449e-02
4.117807858513620328e-02
9.462547657776852056e-03
1.847022812688503546e-02
9.789530388516721679e-04
1.099809679485892928e-02
1.434525422322921809e-02
3.740374852856311050e-03
1.192476505764488923e-03
1.385379623584546624e-02
4.417117854798132369e-03
2.186866998472064994e-03
1.545397293106493160e-02
6.515770511401100529e-02
5.269920710482985104e-02
8.673381518156411674e-02
3.294524648390959043e-03
3.952081254023234735e-02
1.478534927553499731e-02
3.854646017006697900e-03
2.783806079666826735e-02
3.709939426580945165e-02
2.240998271921128271e-02
6.570211564875851062e-02
3.778661413278668751e-02
1.151525312970085556e-02
2.681253744132436334e-02
4.891617280604889165e-03
6.014851059053453845e-04
1.482706596345805330e-02
2.338734250853896548e-03
7.021602614425354397e-03
4.683533828501295487e-04
1.308048536465587774e-02
1.796027677705085840e-02
1.100607902858404333e-02
5.730626245267170238e-03
5.545665247870014414e-05
2.282956503663180481e-02
9.796945250967691032e-02
4.078963301903413413e-03
6.311064686313416598e-03
3.512439498526147459e-03
2.281225504673207744e-03
2.930352202136179279e-02
6.241933968502670627e-02
1.192177852498553861e-02
3.660387994124253419e-02
5.462341901272135813e-03
1.403715545310828261e-02
3.936801500372067754e-03
8.301799111546371429e-03
7.955959023883946157e-02
6.858295489206543694e-03
1.510996364745536419e-02
5.482480184397074685e-02
2.204591267517485784e-02
6.456262008647992851e-03
2.986283797440117405e-02
5.337684780641391985e-02
9.883179122990165544e-05
1.892026759235441308e-02
2.204186961616660771e-03
2.730106953161653971e-02
5.251107906467239461e-04
1.193700522799011343e-02
1.764300504168929418e-02
1.532035346186535682e-02
5.076419577476376163e-03
8.421015050157146242e-04
7.797118497879431710e-03
5.118200687777438307e-02
1.079074029085349109e-03
2.460529594688579125e-03
3.581529990636563195e-03
2.371739006928737237e-02
2.513392924121670910e-02
6.107366105074110013e-02
1.790536746644631055e-02
2.073079405191659286e-02
2.629724764981675178e-02
1.357169069819999865e-02
1.680968207749578697e-02
2.163076329662326491e-02
3.406042203723511075e-02
8.743677090055124862e-03
5.357546097115088030e-03
3.856016331370493155e-02
5.257092015144865065e-03
1.080166823600729221e-02
2.024328818761071680e-03
2.423069698803363703e-02
1.033790156736260485e-02
1.567868365189316673e-02
5.799922256106856966e-03
2.578904361043690696e-02
1.241377830372986102e-02
2.050752099279681134e-02
1.318424687624291519e-02
2.334580180137634312e-02
1.298347485542196769e-03
3.246442739385142079e-03
1.698341072143636984e-02
4.952681759960003705e-02
7.668893315237500577e-03
2.138339357423872655e-02
1.174080925476740254e-03
1.694848724559781111e-02
1.169595057677300489e-03
1.820353578879730858e-02
5.036786781337320926e-03
2.277506494140959029e-02
4.064533538425774140e-02
3.061563858645207845e-02
2.360456774990703915e-02
3.832291276899560395e-02
1.745892474023619939e-02
1.620779007581802864e-02
1.920980206343225055e-02
5.503626362815806916e-02
1.140371656702621021e-02
1.130112785090124639e-02
7.430695506814915738e-03
5.130838306343228628e-02
7.185623153784809897e-03
2.610048672116927621e-02
7.940420667422235651e-03
3.054152766514749151e-02
3.719854441377681668e-03
5.247124814038856694e-02
6.194575387544057517e-03
7.463804563218454091e-02
2.977166265117547547e-03
2.374986823489588089e-03
1.903750034249630796e-02
3.095560154144292100e-02
1.453584750777248483e-03
1.404492924577218325e-02
2.147363235724584346e-02
5.523479506050010812e-02
6.100139788992736678e-03
9.394930575824883556e-03
4.994779300405080558e-04
5.967545649873680358e-03
1.520621010719759233e-02
7.244557053213807052e-03
2.285402142008491344e-02
3.105220886676425193e-02
1.192703974465748711e-02
1.555786840545494293e-03
9.326341258865347705e-03
5.258875806713831508e-02
4.117513575523725627e-03
3.917428370533483639e-02
6.093499088085011992e-03
3.270380889131276059e-02
1.219327991636018002e-02
3.565863467367685197e-02
8.685795949980378711e-03
3.984182508874715978e-03
5.453091443710036783e-03
6.732645092885997107e-02
2.112260993506338835e-02
1.433862591671609954e-02
1.941116033593502654e-03
4.685503368853545514e-03
8.079501274346999329e-04
1.776061303632277613e-02
5.137407506870221227e-03
2.684174771703585344e-02
3.981086477310240984e-02
4.082873537841042594e-02
5.423025741432656310e-03
1.332307303214413235e-03
1.249269642910603301e-02
4.500459751302521121e-03
5.155588503483524848e-02
1.521824944897495931e-02
4.544435666788948502e-02
1.995334448069170652e-02
2.766648294923342716e-03
2.324199973208704653e-02
1.967696557541754113e-02
1.338610566935675150e-01
2.848782223694873439e-02
1.598947734340641635e-02
1.250090391263047190e-02
2.493416661567714881e-02
3.034975922874631055e-02
7.119191941452739092e-03
1.584314003118396028e-02
6.980801035727176446e-03
7.232917764871575964e-04
4.166991220180957245e-02
1.777531127219657281e-02
6.692480404171620434e-03
8.595560713117657292e-03
6.623185233500285263e-05
3.419288729701653630e-03
4.329350186172584852e-02
3.422063658819127219e-03
2.979582214600871165e-02
2.503575254551116888e-02
2.690871554099495688e-02
9.951742624516219521e-03
4.174609087861839464e-03
1.687528665933014232e-02
2.014637460970788128e-03
1.827133406234115673e-03
4.736136881585990832e-02
7.465166106281132842e-03
8.055342021110649744e-03
1.009351111195407047e-02
1.198460797360412569e-02
8.476410523871975508e-03
4.535671622067286024e-02
1.163051879421689999e-02
1.023047114876914077e-02
8.717330600467478388e-03
1.549755474952352503e-02
7.268031859051019006e-02
1.121326796203942627e-02
2.274198300935894104e-03
1.296352914884204427e-02
2.259832024855716257e-03
6.715672347838301352e-03
1.247241278760122599e-02
4.544348330797018387e-03
5.322597424016698581e-03
1.498800813998841901e-02
9.915305706133231006e-03
2.591553562404711603e-02
3.901400401319260990e-03
2.911664130012959345e-02
3.512164010761998842e-03
2.424437270173536441e-02
1.385526280006823228e-02
1.757852461479925479e-02
9.570364700112427708e-03
7.573184812468001029e-04
3.294201212900829852e-03
6.958952385786594530e-02
7.122764985569489046e-03
1.137845787042109959e-02
2.471981842657577227e-03
2.633665080803898606e-02
9.597658641816095293e-03
2.158340251108913782e-02
1.137384685368592746e-02
3.871716084590665075e-04
9.372863364517158152e-03
1.913365042800757587e-02
8.298237674729730395e-02
2.511177802072935006e-02
4.516050643887782601e-02
2.432930903005911874e-02
3.154873082535867429e-02
1.042240593406201614e-03
8.096651557869751978e-03
2.083181632903507302e-04
3.414565002888088341e-02
5.285351525540445822e-02
1.050801575709745944e-01
1.921388241219323251e-02
4.055572502723466498e-03
1.258003990934741800e-01
1.636834947118838640e-03
5.106757402524017553e-03
2.353942818780360713e-02
3.424426549531115437e-03
2.778619213504415417e-02
8.939890801440347062e-03
2.680860920264547045e-02
2.268788245771676676e-02
2.166306929312876786e-02
7.534495725813905934e-03
3.204281166764775396e-03
4.043195343705537070e-02
1.213363551932624546e-02
1.198817188978763652e-02
3.986969960055977008e-02
1.682974548662964642e-02
2.618790029098425412e-02
1.003148390862941552e-03
4.446788469574666780e-02
1.284328121617248769e-03
4.893547821751519089e-03
5.037266839972052296e-03
2.816795160920372576e-02
2.080252112377573362e-02
2.717897819941773874e-02
2.638672877543350725e-02
3.881386365724988352e-02
3.447439242979652083e-03
6.547602702190946644e-02
4.947687419423879573e-02
2.458464039808601342e-03
3.010004080118434955e-02
1.112824742227853936e-02
3.960286841404989794e-02
1.866738018550339814e-02
4.764915986576256229e-03
6.831475883589180342e-02
1.840639482751041042e-02
1.568904959275085192e-02
1.760298323110968954e-03
1.313002559503743949e-02
3.873852890563682372e-03
1.997857519833651837e-03
3.246343194516425334e-02
4.668899048570721022e-02
8.174180056996337845e-03
1.132470285408851071e-02
3.212459911263126217e-02
1.410676010035069074e-02
6.167660101244440071e-03
4.365829162766041854e-03
1.249000417645934873e-03
8.156661273249725744e-03
6.606658739236977163e-02
4.613036056640949789e-03
2.487789130583819598e-03
3.925765407499683807e-02
9.304228466984955370e-03
2.600003103074568014e-02
5.365030999274375718e-03
3.199360970097400725e-02
2.540710554603937965e-02
1.562854520581576784e-02
1.736346595906695933e-02
7.944747541843932837e-03
9.337528128171434724e-03
3.935929822873982398e-04
1.477689106306526515e-02
3.704883854237440988e-02
3.267934043196616539e-04
5.122166075022785425e-02
8.292444374573727447e-03
1.222981159662760164e-03
4.265862398390756621e-03
7.951746251638591029e-03
3.348028732083621617e-02
3.816042529427966269e-03
2.363583542169620660e-03
9.590141033114958635e-03
1.521219764400025959e-02
1.188968841949233912e-02
2.402314068328053297e-05
3.048160754553908003e-02
1.705187331632581141e-02
9.339711786871637833e-03
1.943357956049489299e-02
4.746416412726224554e-02
1.335668334529877682e-03
4.782895292828415190e-02
1.187315100387845157e-02
2.264118864560433694e-02
2.033159936698610004e-02
3.770542246716104134e-02
2.115013323923359626e-02
1.213288880032259778e-02
3.380451788591915321e-03
1.168856377659197379e-02
5.064453016019722018e-03
1.824726171524483458e-03
6.193403871915640485e-03
2.367357795831603190e-02
1.520999652314335669e-02
2.831926539200630560e-02
4.375033773209098704e-03
3.891577678395406747e-02
1.187396000113961209e-03
7.007176024317386155e-03
2.117327749001635465e-02
2.389644594497570759e-03
9.582278640314634277e-05
1.890565813788296545e-04
6.351743543505037823e-03
4.019937991597606619e-02
5.929692971061335804e-04
1.980199958715353134e-02
4.454148164139672822e-02
1.403570152907619023e-02
1.557156296212462709e-02
1.771874294166599778e-02
2.775508151836076146e-03
3.929703278545962353e-02
1.708698094937997555e-02
1.609347986222170457e-03
7.497433601922605037e-03
2.275322695760670019e-02
1.342191212109045476e-02
2.760733550297274352e-02
9.480877187898480163e-02
3.750760187298356890e-02
1.485630394731698306e-02
9.415875479854562968e-04
4.536289376511176696e-02
7.895877646330121125e-02
8.344709098570646938e-03
3.135371403145378877e-02
4.984370859285620209e-04
5.731706725030124086e-03
1.322304150759357616e-02
8.800805628628701263e-03
1.215664742047958824e-02
2.428834648440791888e-03
9.585380518673455863e-04
7.261935710563746475e-03
8.174244814155488467e-03
7.721516104241819833e-02
4.571700793581424949e-02
2.110115892237887387e-03
6.611594036099573135e-03
8.122543177698959144e-03
2.089548241163018474e-02
1.611661581162578127e-02
5.495462815886665089e-03
1.130289602928050488e-02
1.374288246407110239e-02
1.202709989031100490e-02
1.200351057001852392e-02
4.653799421430071526e-03
2.409091725194453110e-02
4.811821887834623335e-02
1.043021812361493578e-02
1.440817563058652447e-02
9.816179595256538035e-03
1.337597319129266854e-02
5.950267895223815273e-02
1.045110220078548924e-02
4.393614163757577490e-04
3.890789269210540025e-02
1.095375372264431602e-02
1.055794055944426699e-03
1.086232105036058146e-02
3.504264127201632897e-03
3.204079100413324832e-02
2.953905738440759654e-03
4.052900692109855443e-03
3.636708869727122567e-04
6.323154893966335954e-02
1.020660880381348556e-01
1.258918373283142607e-02
1.043342024906540946e-02
7.325132051501748870e-03
4.512293184198727138e-03
6.017069188408997495e-03
3.796630603899137091e-02
3.820501674250126236e-03
5.755978649389816015e-02
1.154043344551450301e-03
1.454845155219894152e-02
1.544089648646822244e-02
1.120611140336704586e-03
4.205021854184374901e-03
1.352037548839116199e-01
3.057105084796383696e-02
7.982740045464429418e-03
4.022096563912285969e-03
3.346995346073852479e-03
1.529252014527436761e-02
6.901491284310071195e-03
9.287261950662532850e-03
1.390779826875167269e-02
7.329619875698825671e-02
3.224671118335246250e-03
3.708949542830826309e-03
1.828967462975884112e-02
4.843733112008249270e-02
6.520129112702503955e-03
1.977987811569767093e-02
1.397782830302131581e-02
9.837702148534629987e-02
2.244665957522240518e-02
1.420589313872646503e-03
1.184753937761207944e-02
2.393990868897986554e-02
1.828513847796723116e-02
2.850791300499686681e-02
1.846479829179371521e-02
1.844198185018142491e-02
2.424445581717988782e-02
1.219569150315695169e-02
5.401719618376105148e-02
1.470564373536736857e-04
4.963539426389787512e-04
2.760919939455057370e-02
1.136259151133703999e-04
7.326538081259541257e-02
6.807557703898762733e-03
7.285661856370600868e-03
1.038206344328351273e-02
5.483325571750440053e-02
9.787156785866212363e-03
1.264316511800273914e-02
3.829385913181478085e-02
9.645818249867743610e-02
1.242508900609901046e-02
4.975735766713992002e-03
1.466384207783996696e-02
6.491727040053230785e-03
5.454337359132059235e-04
3.018480891800917262e-02
5.596825649648536072e-03
4.161257288010570404e-02
1.000488257727528280e-02
8.215375213408891708e-03
2.012110679829603316e-02
9.881734582943231537e-03
2.911909813796256449e-02
3.407954539212020018e-02
1.807315313808233875e-02
1.468891884074457164e-02
8.886911234103306995e-03
5.033112185817610607e-03
6.078684630372765269e-02
1.478419554790187662e-03
8.744609092507505538e-03
8.222544560361640803e-03
2.812763721782764875e-02
4.997453670985002594e-02
6.987580372880450655e-03
9.827105444711473417e-03
2.537773964547418437e-02
2.855716124827205674e-02
3.294368938262764133e-03
1.355474766843282365e-02
1.294195387513444838e-02
4.566733041861861797e-02
1.807062156251649718e-02
3.578016318291302872e-04
1.408549767087317016e-02
2.515910943819603396e-02
3.151458818974805370e-02
1.014351055883240538e-02
7.173392773502689640e-03
9.168058700507249192e-03
1.340801156126374821e-03
2.268196388089315299e-02
2.719677657823992359e-02
1.148931399067826264e-03
1.655040558187270000e-02
2.242356173422438079e-02
6.403170226402209175e-04
2.037104528640077197e-02
6.972315797604447096e-04
4.002474828294060732e-03
1.827759403212489767e-02
1.303227311920651665e-02
4.003459703977820493e-03
9.858570624324755616e-03
2.218021366046641490e-02
3.846379280855433125e-02
8.678420828721181146e-03
4.519407564919815379e-03
2.792170049243563809e-02
3.033268716946308646e-02
1.561450119563346454e-03
4.159557246114266478e-03
2.680684669629908833e-03
9.744046048585815190e-03
3.087806125247626737e-03
1.017085876707040856e-02
2.599283406198092672e-02
1.221651953962118314e-02
2.439202394252282247e-02
1.119064503633654742e-02
3.615415331060417223e-03
1.468964804735247050e-02
8.415015890182279967e-03
2.790973643256912037e-02
3.956738391493067053e-02
1.178745311568841873e-02
1.740930680962788496e-02
3.444648959395497229e-02
1.055314271169608895e-02
3.597049365231287654e-03
4.391570058028693851e-04
1.718401020017443909e-02
4.846795207018306240e-04
1.347079604383434256e-02
4.550644945037920705e-03
7.685554977471835934e-03
3.029086529247518311e-02
2.928918907458490789e-02
2.519896558821092467e-02
1.135767781073339713e-02
2.580650194634678818e-02
5.693679414447078146e-02
9.164440980588349495e-03
9.092375755320042385e-05
3.650230855922221088e-03
2.537599826006043877e-02
3.062387355794833448e-03
1.125695453381217112e-02
4.441015928499714160e-02
2.268820507929398579e-03
2.196212020379821259e-02
4.629244242401349407e-02
2.846199801123624681e-03
2.769481552190828158e-02
5.645603773688639970e-03
1.107544119189869843e-02
5.954604581133043223e-02
2.123731303316173102e-02
2.548033108546977552e-02
2.404251264136951505e-02
8.709753450416654261e-03
2.929524856380054734e-03
2.442477106323403396e-02
2.667791152343131078e-02
1.264502476984964881e-02
2.988196921772484985e-03
4.111361284574075250e-03
2.476629169013374113e-02
1.979845842620536062e-02
6.858228811547859016e-02
4.072915607228651952e-02
1.930854430226367630e-03
7.647967490711096716e-02
1.267105879427754198e-02
5.152442448087744126e-03
7.040147259139992522e-03
2.104633711124883656e-03
3.782848423189434650e-02
1.238542921654890369e-02
7.044957408469908200e-04
4.135193800852705881e-02
3.667687667172234763e-03
5.035335820832006690e-03
4.028480899214564176e-02
3.311953948981846956e-03
1.520049940030797353e-02
2.625141322760288221e-03
7.737911720118746672e-02
3.750812859215055250e-02
2.657752072179656380e-02
1.855278528817792642e-03
3.241544671516008447e-02
2.223806018698516046e-02
1.468170313924352377e-02
1.369450447373294667e-02
2.571058833348100620e-02
9.908963441724646243e-03
1.992978497704422577e-02
2.914774262195778814e-02
6.374139366140786633e-02
6.941583878318227652e-02
4.533151000569356215e-02
5.819802647382019307e-03
1.005546686352663290e-02
3.959590984703242889e-02
4.651059290576868913e-03
1.805566925040113374e-02
2.906873814720714599e-02
1.146989396700456940e-03
5.459652710926711505e-02
7.442390048612572417e-03
1.633885920158262154e-03
1.007378277454508697e-01
7.464684682429393453e-04
2.558278321852610476e-02
2.985230991177103763e-02
1.858795164746184251e-03
5.074285042526448936e-02
7.540665128939610939e-04
1.214029835113873169e-02
1.951818086476117195e-02
2.545063429144205081e-02
5.487859490760376227e-03
6.684914000730253665e-03
5.670694294579614603e-02
1.110476421188936157e-02
1.526384324930173293e-02
2.153726608574207946e-02
1.714612350977064159e-03
1.687672105040042506e-03
4.307693517777994030e-02
5.936477335584450753e-03
4.506727051637905712e-02
1.942212862597532917e-03
8.956098957589773979e-03
2.381311096874474953e-02
3.694310395564893990e-02
1.897130111788980153e-02
5.653625470660238010e-03
1.119510703947866614e-02
1.626970200239476194e-02
3.199057913492718563e-02
6.179750717667890740e-03
3.434068121667993578e-03
6.087332221094376300e-02
7.358378285417620582e-03
2.296518500691097087e-02
1.776153563260258333e-02
1.534956129198334143e-02
7.349949393413854337e-02
7.039268147938124859e-03
4.762819736472229289e-03
1.681458970548263543e-03
1.590643490833974424e-02
7.472716105499667069e-03
1.649021713478982659e-02
5.296997985881651133e-02
5.497025879177766527e-02
6.479127338648985046e-02
9.442804091272039360e-03
2.767123883777914371e-03
4.939959075573902882e-03
4.021769638548504389e-02
2.184509198738197183e-03
1.042441377406726384e-02
8.053637528434451354e-03
1.397449473986570913e-02
1.872036722047097645e-02
2.566215951265798934e-03
2.250964928593628817e-02
1.543468518753701203e-02
5.148053471624464833e-02
4.791964819898437977e-02
2.060013484366882835e-03
2.657715745648956806e-03
6.606391911335929117e-03
9.304557939727495230e-02
2.176176791758954385e-02
1.531634098262527055e-02
1.232609288703834585e-02
2.332742543873275384e-02
1.144124517716725575e-02
2.073059976480626579e-02
2.237376527490484573e-02
4.378834170615159005e-03
2.005448691932194133e-02
1.267841138950543366e-02
1.544060007360151948e-02
1.531698798174841933e-02
6.162021920337591024e-02
5.525619122320949567e-02
1.579439052816053110e-02
2.037517672112698630e-02
2.152557480013270186e-02
2.422589966635915141e-03
7.227341724277188545e-04
2.527122266629035826e-03
2.454047953591109027e-02
6.804279692841602549e-03
6.571443142745991839e-02
2.007423255149388616e-02
1.420949721379753151e-02
1.526864171119239957e-02
5.338048658533689136e-03
3.422960353809806344e-02
1.912650349263660468e-02
2.028199306689948758e-02
2.728957242686486095e-03
2.033161507183482014e-02
3.885729720567632217e-02
1.386363003727303714e-02
5.258736803241577384e-04
5.893727257580069767e-02
6.290778452682269095e-02
4.963416097375286662e-03
1.182950334918455443e-02
6.742160485750730084e-03
8.967423246085822267e-03
1.256531960231964395e-02
8.248761727448844505e-03
4.197467591426084187e-03
1.930160743882112021e-02
3.513725227684674768e-02
2.301455323044324357e-03
1.344394980362155489e-02
2.775076773999463758e-02
2.335582291088810283e-03
1.441492451490442028e-02
1.875756839737525300e-03
8.945824249854714832e-03
7.651194490653342659e-03
6.273046935818245295e-02
1.477738810708788091e-02
2.894615054028368273e-02
1.103700346723906741e-03
3.698821668242533063e-03
3.387370825093118099e-02
3.046881301232635605e-02
7.504506995363341426e-03
1.439240288033289197e-02
2.352759133054046353e-02
1.073996086789609922e-01
1.985915300423975183e-03
4.101658887694629822e-03
3.138174706663297842e-02
3.444744688903352003e-02
2.414250746783008772e-02
4.067213422650994836e-02
2.605668195498459308e-02
2.016973040112667384e-02
4.445470144245238647e-02
3.044100600058941009e-03
1.472841678632401743e-02
1.985343084434767341e-02
3.206988767276277436e-02
8.606429458289766021e-03
1.968118579565082335e-02
7.687077147637509916e-04
4.379002061807186000e-03
1.075926974393318081e-02
2.583613892382409516e-02
6.573812660021377888e-03
1.484321519403020151e-02
2.581916933910200287e-02
1.712303961242975930e-03
6.966527495638025202e-02
6.006022667932924691e-02
9.750232950052853398e-03
6.470839835058023182e-02
2.333552840982760709e-02
4.848061052753073474e-03
3.393943534949137031e-04
1.729659386999742032e-02
4.898512344654734618e-02
1.297663301818328778e-02
2.434136611273677447e-02
5.187524023453623373e-03
2.272555599191109638e-02
7.842549806541281032e-02
1.264575774323540430e-02
4.055792737817168203e-02
8.032221153369576566e-03
1.132863552840674901e-02
4.663324504597583797e-02
1.799517044604579188e-02
4.133004343746377734e-03
2.316054729269790419e-02
1.261992627240653489e-02
3.066476709893265970e-03
8.225707047296812804e-03
2.975499369205162475e-02
1.668679363130648116e-02
5.520013806145514929e-02
2.084556002873801106e-02
3.252447711591879495e-03
3.371240038303568998e-02
1.577778701211132728e-03
7.334752645058628673e-02
8.752535898717245244e-02
1.798552077905707022e-02
2.174560670439174004e-02
2.773292083946105741e-02
7.475715100632529184e-03
5.540156585935767861e-03
2.001750106966445480e-02
2.661697861497149681e-02
2.252371844089851721e-02
8.795796017899114305e-03
5.987963725620111533e-03
4.778842555467160969e-02
5.236778128574273716e-02
2.246680617805867780e-02
4.798532247859088606e-03
1.852283567961324207e-02
2.245892013034414894e-03
1.060540677021289818e-02
2.176089725791826787e-02
9.724574093015723314e-03
2.575922842661078349e-02
2.623812696797532193e-02
3.269145329983663001e-02
1.175760750186708239e-02
1.124515763058046500e-02
5.610022601683356536e-02
3.257313888663335155e-02
6.420772954505471475e-02
3.157211946481818660e-02
6.346956661595931637e-02
1.909008334256959150e-03
2.870245526183261287e-02
2.071058665741577071e-03
9.111286835217888291e-02
1.422145641870550641e-02
1.197662291359640613e-02
3.483199493552382314e-03
2.345926909111168204e-02
3.677520597163817795e-02
3.101021938521773130e-02
1.710149172596686293e-02
1.154616212194341587e-02
1.372912728444612880e-02
1.000982872563513371e-01
3.795218594213581320e-02
4.683242135183918187e-02
1.020629652009831349e-02
1.331257158478313038e-02
6.336025386753042256e-03
9.757896155764211876e-02
1.068716613921148750e-02
5.085807000859580984e-02
2.895484558756426102e-02
1.430052651606494342e-02
1.760323655417077218e-03
4.970170068098037769e-02
7.305884313184053680e-03
8.731677521228367947e-03
4.702008751017301008e-02
3.788345728515196686e-02
4.124610694323375959e-02
5.372216804287852088e-02
2.768114958042777393e-03
2.380774648371533631e-02
2.962434374275939135e-03
7.105976288627138815e-02
6.666394463796791736e-03
6.764762954114145188e-02
6.014925736691824690e-03
4.333005584852649833e-02
1.003892883343946926e-02
8.679273440723155389e-03
1.488548037227387794e-02
1.363802066145478054e-02
3.629649542435976761e-03
1.014401440460283438e-01
1.401887773384864755e-02
4.299489741026443768e-02
1.746957311401897694e-02
1.138535151528345668e-02
1.325340474269343267e-02
3.606013154766274376e-02
3.020929071949079309e-02
1.626570823007635058e-02
2.228080112034213495e-02
1.784914774422206515e-02
1.427543919122344074e-02
2.947406375296030001e-03
3.305864194282220891e-04
5.528276741271175715e-02
1.765782491309215996e-03
9.850401040897996396e-02
3.654738861163870506e-03
3.435667497193473086e-02
2.343796100243336622e-03
2.350772239767384003e-02
4.710261638350326033e-03
5.072109523700184253e-02
7.909558079003814468e-04
7.586105500405002089e-02
1.478010917316175885e-02
3.280053869377144715e-03
2.185060454263762497e-02
2.708934901064815291e-03
1.693203728334166311e-03
4.003757364271734454e-03
1.637487624119415147e-02
6.726129033347563735e-02
9.034637500526139509e-03
5.797515679521025866e-02
1.380421655358801160e-02
1.799688939768007145e-03
1.339185901778090597e-02
4.766282904353902339e-02
4.347789787520687371e-02
2.174394999141562174e-02
1.366869451933362851e-02
2.704208518868781580e-02
1.293753399685861364e-03
1.649206612232269678e-02
1.246591628205795735e-02
7.801697858668583951e-02
8.529894299301335123e-03
6.684448345419821691e-02
2.540967752060604296e-02
8.441664108936725724e-03
8.586547398733230391e-03
4.287297313071563448e-02
3.369846331534621930e-04
4.408169413934959202e-02
3.677671507462153440e-03
6.986059016985153580e-02
5.096768996071737723e-02
3.642841554266578602e-02
4.741157243833161311e-04
2.091638524716656414e-02
1.059466957377233967e-02
1.034918585174837008e-02
2.878475076942829669e-02
4.857092195952246449e-02
1.109789601421620970e-03
1.828027682759617370e-02
7.984384836664746785e-03
1.234892773625668322e-03
3.694613833922236190e-02
5.099997045437448112e-02
1.017862187044921707e-01
2.220393933999779620e-02
3.413427549616640522e-04
3.961222115730966831e-02
3.857457860414679335e-02
3.529135092071582908e-02
9.174441458842698405e-03
9.381291855795539925e-02
3.118813591515913128e-02
3.649418034088774271e-02
1.561470127835055954e-02
2.914936913940791453e-03
2.946896515004044856e-02
1.360147369909312821e-02
5.295685539697392308e-03
8.453551524050459398e-03
4.055494741275228465e-03
1.546767703128210623e-02
9.147316290409848727e-02
2.270195377430105077e-02
3.582977976836451695e-02
2.170679311341943210e-02
6.786171308285729974e-03
2.834272157528731212e-02
3.792480458709763386e-02
2.231505717644961459e-02
2.227723618068671446e-02
2.857887329743921331e-02
1.763860630224281523e-04
1.515140994329275403e-02
3.758143575885962429e-04
2.242349675507528811e-02
4.866455621108835977e-02
8.951846706157342085e-03
6.880501400843336279e-02
1.409274612187771600e-02
3.073555907804190884e-02
2.038893727563698133e-02
3.837477004901907601e-02
7.520948470903275618e-02
5.870113554934089373e-02
1.610597205176146282e-02
1.158588214782964483e-02
4.716931732619451811e-03
2.326376827902424185e-02
1.559460103606059855e-02
1.029732724435762636e-02
1.629377147733036824e-02
4.206443237040599636e-03
9.995788925778027398e-03
2.292952316359078008e-02
5.701347732169345650e-02
4.822655613941352962e-03
4.857081406166555322e-03
1.393180762807140483e-02
2.147563413690577183e-02
7.477265256287020379e-02
1.601886115782760397e-02
3.756666335315183430e-02
2.195148361597141010e-02
1.622245661537166650e-03
4.337431300407332962e-02
3.755229447235335083e-02
1.121361847258560418e-02
4.219714636295896631e-02
7.199604931277589839e-03
2.253059165926815308e-02
1.837474132255722051e-02
3.767886004229706320e-02
2.507317117609187546e-02
1.464113391360446007e-02
2.834635866620628664e-02
3.112849537163688007e-02
1.944166574398126582e-02
2.817757100232443079e-02
3.851305616892965709e-03
1.178302188719300946e-02
1.169725753028492098e-02
2.174113233979341891e-02
4.752269807968047960e-02
1.549819298667132889e-02
2.739973077998326262e-03
6.181374943922375922e-03
3.405362722911944862e-02
2.960891824324905774e-02
1.923963308823379431e-02
4.648719527362586701e-03
1.285150078390784149e-02
9.777441203842987538e-02
4.070307026620102395e-03
3.367349812460888187e-02
1.364042081520964837e-02
2.422407867632791253e-03
1.068946114344076700e-02
3.681877154778969569e-02
5.802798512060716382e-03
2.444795630317461721e-02
5.780140729316857358e-03
3.106150872633168213e-03
1.165528609883525850e-02
2.572988810018294811e-02
3.903961058329491474e-02
4.182188566529807666e-02
4.027944437783778642e-02
2.934588082067271508e-04
1.532748961318691761e-03
2.753977430239400517e-02
1.227283261683567370e-02
4.046331307713660341e-03
1.301997662012131796e-02
1.426722367221725657e-02
4.348159533449086345e-02
1.024295685618731300e-02
1.735137867661618385e-02
2.508416390477462288e-03
4.875483938086160041e-02
3.138632295770162062e-02
4.945340232986971188e-03
2.911281417461086124e-02
1.442349039116620768e-02
2.374244956505386014e-02
1.114710723611274379e-02
5.034326466288618906e-02
3.290922932102735218e-03
9.201847758062577098e-03
5.828202034942911620e-03
1.559850542525164155e-02
1.082225400807419399e-02
2.768787254594502756e-02
1.320476796838582906e-02
6.193879756948315884e-03
2.372846036893651398e-03
1.439781416068094261e-03
2.590157015927095196e-03
1.488108149335853891e-02
2.007958545332286585e-02
3.184831198200982483e-02
5.697876255138190245e-03
2.567005657832532872e-02
4.539519275295619827e-02
2.486154863095122597e-02
1.638288896238354608e-02
2.577671910626950363e-02
8.626094497121343171e-03
1.068842933136345853e-02
3.417530843106325426e-03
8.007600651257325980e-03
4.132415187051317884e-02
7.953824979132340101e-02
3.978560104690880006e-03
4.509060089150567635e-02
7.283763586315434094e-03
2.032249430518896435e-02
4.023740115506255210e-04
5.638836295055162096e-02
2.388258353798828129e-02
2.223142464922587408e-03
3.268135050360407821e-03
1.543455444046985293e-02
7.163079412770570475e-03
2.850223677473063405e-02
1.381134078046946170e-02
2.900568207968531355e-03
2.391871576578150083e-03
3.141946319945798649e-03
7.038754220728010019e-03
1.504317349697316050e-02
8.886008044151332691e-04
1.088627849295061185e-02
8.802050150371974052e-03
1.279056570678353127e-02
2.304656891984651831e-02
2.213336499812617805e-02
1.512862551415718182e-02
1.909606679705014298e-02
2.079891494539485436e-02
1.416352429680031201e-02
1.099392188782129243e-02
1.999162718695964708e-02
5.225021865932903686e-02
6.425459618537340822e-02
5.649615731036965877e-02
6.133035427229635572e-02
2.726790196479598333e-02
8.319085883651541197e-03
2.209145891779199997e-03
6.836644301449644988e-03
1.175400895715179861e-02
4.101787440512545679e-03
1.213794020349981406e-02
1.193395492234097105e-02
1.999572270304898411e-02
1.982518016868866501e-02
2.102241473274923250e-02
3.926809298413186378e-03
4.452789254129757568e-03
1.329747329943477621e-02
5.091240112161232040e-04
6.216505421102953496e-03
8.394679002672662815e-03
3.177645687245783494e-03
6.041867018058711888e-03
8.275200132949217524e-03
4.014197502159136399e-02
1.193231984234696327e-02
2.155095954878745619e-03
4.620170442820006190e-02
6.096227201308122151e-03
1.191169385677533568e-02
1.353605179075086616e-02
3.142531961558565901e-02
3.193300515066514050e-02
6.018885732143337830e-02
1.083947617806093125e-02
1.003370108560874656e-02
5.463623448338683804e-03
1.126268013674111904e-02
4.004934903729521697e-03
2.054538886963024752e-02
1.169351100749868935e-02
1.806688964777064185e-02
1.467295190920289358e-02
1.020613607427796159e-02
3.165115702528217140e-02
2.035548302418767330e-02
3.234984547418573442e-02
8.000183763811849827e-03
1.122121770635496618e-03
5.288094756241527861e-04
9.404358308262808497e-02
4.215283713607885507e-02
1.052462332198515760e-02
7.046979875216976240e-03
1.660037280111642533e-02
3.933063142203734736e-02
1.526576264609449084e-02
7.360859907144008327e-03
2.067041840609490366e-04
1.296535099850719928e-02
1.441823116877561511e-02
1.028232108356583879e-02
4.306775737870799370e-02
8.593297913260436460e-02
2.205679251592795528e-02
2.632054211870387198e-02
6.104134065102743284e-03
1.951766840492610844e-02
2.391481016244473637e-03
1.035441231369984075e-02
2.099218434054812843e-03
1.448197169067521467e-02
3.593262503384460804e-04
1.485706903415203589e-02
8.218402956255645500e-03
5.584332672289356141e-03
7.256585937519145768e-02
9.168007746143760212e-03
3.461000031811955341e-02
7.191517191996149583e-03
9.675963324411113523e-03
1.191214479645568564e-02
2.710200721887311495e-02
6.754258270877437631e-02
1.264218551134712459e-02
2.358283079708149710e-02
7.577616351044999532e-02
6.034226376630272282e-02
1.977386756055747596e-02
1.664279486395596822e-02
1.093282267413069227e-03
2.305320691217227144e-03
1.886412913933684793e-02
3.057268930219727773e-02
2.260617435937922054e-02
7.190522094597780189e-02
4.525003237585503019e-02
2.207394145444216416e-02
1.314610252798131818e-02
1.521757851308831212e-02
2.629635425033952784e-02
2.223408810112615513e-03
1.455078953109574524e-02
1.098247730091490154e-02
5.122076934310719649e-03
4.199466750218212863e-03
5.606157412517236149e-04
3.307319727123080901e-03
2.826604012208983052e-02
9.720648492096740229e-03
2.074709430368080684e-02
3.429212438430366723e-03
2.813758060339980466e-02
3.885825525786687495e-04
2.499029198341003177e-02
1.425047519941666577e-02
5.165079017461976507e-02
5.863998102757148750e-03
4.970712327682669240e-02
2.293849769579701242e-02
3.460015850257495279e-02
2.026331598249085306e-02
7.767404894994306419e-03
2.763556017589744243e-03
1.253644733545275503e-02
2.839323295924704726e-02
7.964097378274109795e-03
1.116239329611130315e-01
4.987717699592702364e-04
7.283322233860204699e-03
1.668374958871322866e-02
1.072942322033405144e-02
1.972629875762763399e-02
1.863655030311488214e-03
4.123063011590009062e-03
2.959904603357078889e-03
7.346083917216126614e-03
3.738091827535797076e-03
4.710020937223791115e-02
1.083504189845510383e-02
4.482914228059540346e-02
3.012592566801407246e-02
5.103451193891316018e-02
9.421661981670732128e-03
1.080191158531640383e-03
1.028142098034359915e-02
4.271295643483298370e-03
2.126833205570796345e-03
1.489851576944966997e-02
2.237724551185006974e-02
3.483225362759344301e-02
2.016038014065107270e-02
2.511960000621802497e-02
3.860114936854611156e-02
5.237787386851780469e-04
1.394811271710391307e-02
2.111419671174755153e-02
3.541983989068446526e-02
1.097399185044111315e-03
5.596311130575964965e-02
1.745357576715054516e-03
9.419523985561780582e-03
5.705791717442731947e-02
2.029905403647704921e-03
1.755570602319761475e-02
6.718199477497766373e-03
1.553360164015641157e-02
1.174310685744166770e-02
1.102345353991978499e-02
4.784327476962362512e-03
7.574890687361670975e-03
9.758551710458387290e-03
5.592292601930951013e-02
2.668047365570904231e-02
1.116082582616147872e-02
4.517126075187841150e-02
3.373832188064251891e-02
1.214945727882490653e-02
4.660245821194302154e-03
8.648314964452533289e-05
5.071516231895957516e-02
4.175919548554386795e-02
3.862775667910369609e-02
4.749131053598611846e-02
2.944031197494903843e-03
5.090795254519579413e-03
7.787346994546743249e-03
3.236291950906569626e-02
2.732303660781474491e-02
3.210580863610851265e-02
7.760306487628166813e-03
5.538486966980184223e-02
2.627507891445046706e-02
3.517383533845759060e-03
4.983715853618311820e-02
1.132229857022240202e-02
7.171090225011503977e-03
1.071294983547632293e-02
2.725171355881864099e-04
1.661573942490330788e-02
2.714438564776890626e-03
1.197379606506510097e-04
2.432330617309254404e-03
9.789240717283542725e-03
8.314831796795707497e-02
4.698857223525972071e-02
2.674494784029445883e-03
1.681840652685077583e-02
2.012406688414830960e-02
8.228478684077880937e-04
4.400760963336538233e-03
2.139720859945460144e-02
5.012721832405352129e-02
2.325713757774815552e-02
3.808871510778401304e-02
1.079981579220122556e-02
1.116509132037869952e-02
1.887738635816748820e-02
6.385445936010578950e-03
3.351051402692536291e-02
4.755326911015961278e-03
1.698384857467873099e-02
4.105912619882187004e-02
2.220679735484937939e-02
2.424885571689113645e-02
2.852500445649874209e-03
6.327749838122836978e-02
7.481192477973613170e-03
5.843964026571147295e-03
1.831928995488031273e-02
1.073037075215042303e-02
2.745638319682287137e-02
1.171012473137246317e-02
6.697151972626031076e-03
3.416593878189210648e-02
4.354150743602497493e-03
5.753434471002102923e-02
1.572922961335797287e-02
1.199376801156282896e-02
2.675901565979488597e-04
1.112643835815052551e-02
4.208093480163582929e-03
7.965712982046506407e-03
4.550604582271308707e-02
1.588066772038915567e-02
2.565360761097136566e-02
6.224202588409625397e-02
2.416650792385344193e-03
1.595206509712225953e-02
8.037502237059346299e-04
1.719630082023351422e-03
2.575274842058849351e-02
2.729301726502805781e-04
5.496434717498235867e-03
1.093072236390446941e-02
2.706581770047905653e-03
4.242660698399693120e-02
6.091669841120123108e-02
6.307984577394197545e-02
1.973544114518681336e-02
4.223573219661804802e-03
3.659611085640195050e-02
1.046875190408511069e-03
1.659111903670050514e-02
7.671264127929525167e-03
2.889722900427649926e-02
2.400441530881281677e-02
8.567887699906039101e-03
5.236585719265179906e-02
1.528536166846315020e-02
3.634145229126514720e-03
1.106906984490766722e-02
2.444863659466742223e-02
2.853293488723252641e-03
7.244402078661824063e-03
3.742343655828580390e-02
6.055321120386897293e-03
1.148612529535010529e-02
5.263883952431758217e-02
9.934339539472820946e-03
1.662466139776109381e-02
1.672564785795454395e-02
5.000057807081161043e-03
7.646411465064902047e-02
1.075187199309968287e-03
1.105430791717706106e-02
1.486569575017091145e-02
1.081286936458864152e-02
4.101087913841915122e-02
5.652298570325507698e-02
2.641940274377043915e-02
1.574005011218150563e-02
3.042948427559047375e-03
2.361725404932174532e-02
4.488218769792544360e-03
2.977600093962691312e-03
4.173593980509478912e-03
3.109150885140810755e-02
1.191335687907288388e-03
7.073422954814345860e-04
2.322973589568471872e-02
1.031557004292748062e-02
5.315090994526485216e-03
9.214223032904752392e-03
1.784291803792214387e-02
1.901742671764098877e-03
2.897850838003190703e-03
5.436114025100821645e-02
4.143988961506336714e-03
4.083559487893760609e-04
3.794556857882054601e-02
1.638030616847143545e-02
1.442881561119672452e-03
4.760994195225569381e-03
8.458057443381539545e-03
7.652836548398109229e-02
4.116957417203965033e-03
1.232864368548106625e-02
8.282792156501439171e-03
5.787889380212529744e-02
3.542510638026533099e-02
6.091034169849743329e-02
8.919445272789197632e-02
1.725188311411606987e-02
3.808177674578944183e-03
1.283138087120439495e-02
1.933793494777808625e-02
1.117527316403029748e-03
2.892311443934822424e-02
3.671753924966517091e-02
2.298760260282117079e-02
4.602781896278130939e-03
2.575200758495745437e-02
8.033520310207518250e-03
2.896856542602475187e-02
1.624758815015818481e-02
3.395681140595935982e-02
1.151785100195756861e-04
1.058655065842750188e-02
6.511048128452331940e-02
2.321939091210825645e-02
2.014522573881304471e-02
3.703789814350767068e-02
2.572763043659139978e-02
8.760536002958107041e-03
4.858871042499679840e-04
2.769524983007899677e-03
4.746452636160497507e-03
1.201224975962386816e-02
1.276855362670648898e-02
9.511309082734176190e-03
3.478176018829171739e-02
1.761119314481097639e-02
3.274658861678292343e-02
1.838806319127024858e-01
8.520055420005057112e-03
1.973359867088422120e-02
1.775483946800124335e-02
2.037440387733917627e-02
1.285782449567722877e-02
1.069461544893677424e-02
5.067930160056376143e-03
1.296845436581699207e-02
1.614445327155688073e-02
1.189992557061752589e-02
4.411898337842301912e-03
6.214068116870009179e-02
1.853256026295538664e-02
2.195992882855008627e-02
1.248504399944454224e-02
8.775417740791425364e-03
4.817260950990771146e-02
4.982540551701773388e-03
5.470533936633732719e-02
3.077763049462139966e-02
1.534705367864919179e-02
2.650053701377400039e-03
4.730303587032460774e-04
9.906634180328971473e-03
3.344884216296654944e-02
2.194272475626986296e-03
1.493502431613271189e-02
2.662794636866811990e-02
3.797507771989853953e-02
6.496781820972513145e-03
4.440145097035489569e-02
6.027183821070632164e-02
5.817996842716582906e-03
2.306411303980054200e-02
1.739901366694116686e-02
7.191617498275446052e-03
1.255407427130325951e-02
7.966517707964637651e-04
7.459641922963097804e-03
1.889426725087393552e-02
7.445641700700524751e-03
1.185234220456437421e-02
7.162552077087820483e-03
7.241078087196772817e-02
2.954283476793279767e-02
3.118988764570895800e-02
3.175507556822270740e-03
8.069489125663546758e-02
5.922091918550706491e-02
1.491283958056254487e-03
3.837032393027185739e-02
3.547139854161039663e-02
4.228045330437447090e-03
9.364742695345002615e-03
7.932273754245346836e-03
1.496447643345776186e-02
1.911689738538374997e-02
1.663528397913216321e-03
1.843197763875239689e-02
2.584335925208077617e-02
1.557959336879006229e-01
1.448721666818541393e-02
6.661335518529523658e-02
2.317442252062299965e-02
2.527378892927041945e-02
2.271712693036442420e-03
5.292368521042841237e-03
1.016538351633177253e-02
2.158211584190775773e-03
1.570574869790683850e-02
2.117738175113934723e-02
8.935217121700828741e-03
6.406425452903617701e-03
2.603663479312870455e-02
6.473503942391636325e-03
4.156990740842689963e-02
2.593926786166187923e-02
2.199928609458820516e-02
7.299508531655491891e-03
5.506206949492920694e-02
1.576490807941795594e-02
3.563063237536703842e-02
4.321795719446950602e-03
1.506394048561701324e-02
2.318722162027435363e-03
9.251288534887742998e-02
1.066766948132501572e-02
7.897989633993820341e-03
3.572342516818292901e-02
7.651724493887351528e-04
4.309465233621977837e-02
1.391392897481360733e-02
4.860546368924775762e-02
7.071181030042216278e-03
1.998056317783377528e-02
2.487430250503685700e-02
3.941157580571202912e-02
4.917392657832920545e-03
2.406956986825549427e-02
1.426920577417482676e-02
2.459127994307383144e-03
6.843485365475533710e-02
1.303345781601446263e-02
8.878637230717429524e-03
8.698734161179125235e-03
1.691894775889890568e-02
1.922211254657466006e-02
1.598380202612111403e-02
2.865698347878912686e-02
1.057968201382436524e-02
8.824778075925000798e-03
9.812585686349073466e-02
2.728722761213968340e-02
3.780632859434802234e-02
5.155335533346463821e-03
1.818744734787379469e-02
1.320697899107106665e-02
4.930257119139242611e-02
5.489297076130515707e-03
9.831751738442003410e-03
2.683216140731900859e-02
1.598830403442742451e-02
8.553911097583966061e-03
3.066262540032718698e-02
5.765620722756620298e-02
1.192227330737672016e-02
1.831999339070604707e-02
2.588627456079969913e-02
5.952958681180947967e-03
6.116146097665869572e-04
2.107456558947506248e-02
2.905216596456017611e-02
3.019824695227208214e-03
4.321483232317790968e-03
1.059527350816139198e-02
9.604872831087147428e-03
2.779340506114044707e-03
5.626018741049196824e-03
2.421400212859876541e-02
8.518759437642142024e-03
1.846159468659406763e-02
5.522456410234684136e-03
1.321873371860063720e-02
5.615788104707249151e-02
3.100416117664530138e-02
3.319412744982579155e-02
8.290621198964679556e-03
2.757145111193869819e-02
8.850217648703230522e-03
6.781582506240045605e-02
1.875106392874520758e-03
1.320818239074699613e-02
5.687512928825583236e-02
4.048080714052761271e-03
1.821920435908486700e-03
1.224793471177120646e-02
2.379572905980187683e-02
1.359013954538175559e-03
9.082753127441807808e-03
2.061097431339118519e-02
4.485475611825419373e-03
2.748707090222822242e-03
2.683446922950820379e-02
2.246211622014252299e-02
3.169463552424379299e-02
2.651203652936865579e-02
7.640976300302346202e-04
7.479821602116088972e-03
1.943362951848043654e-02
1.573684780715001175e-02
3.126339043637071241e-02
3.485815930019215900e-04
1.643083901677943465e-02
1.892598206545148282e-03
1.617188408435142610e-02
7.571761617967455449e-02
3.403918493713012014e-03
4.273937562517779454e-02
6.757734751406681284e-03
4.669963487971010019e-02
1.328823358456163693e-02
3.156469401479674447e-02
5.661974739383710681e-03
1.043249617496728489e-02
3.962655099104153700e-02
4.014081584556714738e-03
2.511787770800470894e-03
2.248236104599887417e-02
1.106256160899146690e-02
2.253780446813202082e-02
1.860643590521847391e-04
2.563054450644890181e-02
1.318610615085787779e-02
1.498267485404255594e-03
4.162971732015896542e-02
1.067668629562074784e-02
3.975401328037194565e-02
1.540375312174261171e-02
1.129566299777657809e-03
1.062185136940588422e-03
2.375186086484482040e-02
2.928372895966691036e-02
5.255639559112765952e-03
1.801564649551312333e-03
7.680896847661435392e-03
6.637835505920469496e-03
7.556755644329362503e-03
5.096406081534253507e-02
1.008927336907699743e-02
9.927214282523409358e-03
1.753291988437072346e-04
1.904845724103276100e-02
3.415593706969639876e-02
1.143487116620066357e-02
5.037544718284386533e-03
2.573576928560785890e-02
2.009109595909582338e-03
4.160162744925259559e-02
3.352761711590571819e-02
1.698668691393970254e-03
3.264099486378438733e-03
2.636078024434773681e-03
1.905707077013115563e-02
2.116658633922354274e-02
1.446880920148987254e-02
8.356204037972450593e-03
2.680367925047079380e-02
1.254567140842960393e-02
3.379631647687419277e-02
3.665129279055726746e-02
1.667722349537344509e-02
3.546291297737265424e-02
3.124042331540050673e-03
1.407672040542637393e-03
6.301228285615478181e-03
4.908591350350918758e-03
5.075046279844183141e-03
1.497965305988138013e-03
2.780541725852563040e-03
1.565817543818416591e-02
3.309460754099851493e-02
7.818296911310026326e-03
1.023045025106404660e-02
8.154323283944199530e-03
3.922800200611292927e-03
5.125990144599898435e-03
2.947096131125899812e-04
7.112186120332705808e-02
2.237396862284907195e-02
8.733302277793975055e-02
3.266338785894433439e-02
2.433924116076975966e-02
4.693819640461122621e-03
4.339785721466537204e-03
9.889267118516724409e-02
2.895336662985273368e-02
8.567534680628770272e-03
1.340261631686210340e-02
5.035377569151024829e-02
9.978665302534214104e-03
