1.954212873893343971e-01
1.866562172687868115e-01
2.041077678307841314e-01
2.127674565587438227e-01
2.063662356639325846e-01
1.995165221641418407e-01
2.033449444570452624e-01
2.011693784004796315e-01
1.879615964825430974e-01
2.085074269844057471e-01
2.165024385292400044e-01
2.022157717580388148e-01
1.973291978467049401e-01
1.897495685711413638e-01
1.954341856421482060e-01
1.967385249399360714e-01
1.803514898779456366e-01
1.994346716044744783e-01
1.960360531235252335e-01
1.903834339222413019e-01
2.041965946350628724e-01
2.000057494838182182e-01
1.904118309490544503e-01
1.998853578506747941e-01
2.003465688517653276e-01
1.878512454427022638e-01
2.103542641368385258e-01
1.885854172000827333e-01
1.999696932341347155e-01
1.879200313411008294e-01
1.783203356011992535e-01
1.988456024414255452e-01
1.954212873893343971e-01
1.866562172687868115e-01
2.064561969436598532e-01
2.127674565587438227e-01
1.947393418640455676e-01
2.047868144732233886e-01
1.987891442541881160e-01
2.006274128111965316e-01
1.690135736801041955e-01
2.054738745546399459e-01
2.102918419520827253e-01
1.952107935853207854e-01
2.044665142222426568e-01
1.803849338102462840e-01
1.981382904768712871e-01
1.781415046871574481e-01
1.365110391086140629e-01
2.088421872344116692e-01
1.983232317052073812e-01
1.355143288288745973e-01
2.048660360549749426e-01
2.000057494838182182e-01
1.928533064007991737e-01
1.961415898847516937e-01
2.002855483261930802e-01
1.878512454427022638e-01
2.043549120503631022e-01
1.921748863377270300e-01
2.011923162333259796e-01
1.828560791480972614e-01
1.783203356011992535e-01
1.988456024414255452e-01
1.959867139499363586e-01
1.920442421125278798e-01
2.064561969436598532e-01
2.127674565587438227e-01
1.360631381440056131e-01
2.047868144732233886e-01
1.987891442541881160e-01
1.920190445260778755e-01
1.408144238665759440e-01
2.000555525663011702e-01
2.102918419520827253e-01
1.950093798828601011e-01
1.916258277511798946e-01
1.666640841126685868e-01
1.859602891590618756e-01
1.686802673131373997e-01
1.406717779031980697e-01
2.080932432586761194e-01
1.857708561880652975e-01
2.215058852157078539e-02
2.000572117079822965e-01
2.000057494838182182e-01
1.928533064007991737e-01
1.961281866644126182e-01
2.004852799989384760e-01
1.893474820748726195e-01
2.030925320423961067e-01
1.821260183811439781e-01
1.986590599070752194e-01
1.769705261839743249e-01
1.485745402370667878e-01
1.975640540577002502e-01
1.951804351944636251e-01
2.022971871233963104e-01
2.263258897137305214e-01
2.127674565587438227e-01
8.696701052855887459e-03
1.969136168066535075e-01
1.982124717430914784e-01
1.362192464799139024e-01
1.631303992016318039e-01
2.000555525663011702e-01
2.174437948343987959e-01
1.737336229009018018e-01
1.796621925413295906e-01
1.587377968811984064e-01
8.286378086453697125e-03
1.701195826645542364e-01
1.366511023787611301e-01
1.537150476077303318e-01
3.463152047579923232e-02
2.247753085474368806e-02
1.950869471072511352e-01
1.823621580090708516e-01
1.926395690220787937e-01
1.542515660509253261e-01
2.003577679519615018e-01
1.982802360125287267e-01
1.884514718551052737e-01
1.849378531189816988e-01
1.866147495210618845e-01
1.589006478201199501e-01
1.132012228728312420e-01
2.127446155632422842e-01
1.951804351944636251e-01
2.077800171879926605e-01
1.999219845279122110e-01
2.231193243542337334e-01
2.034423124234081837e-02
1.464785826590653262e-01
1.982230616066886775e-01
1.362192464799139024e-01
1.372114438089217514e-01
2.000555525663011702e-01
2.050696360673799346e-01
1.677713688912846057e-01
1.062670631962010087e-01
1.394348089799930523e-01
4.024018515027891207e-02
1.701195826645542364e-01
1.366511023787611301e-01
1.502223622878229858e-01
4.778559689884047390e-02
2.247753085474368806e-02
1.718365212241778905e-01
8.603875441749686548e-02
1.912323444550690088e-01
6.559608235363602324e-02
1.625717253906469595e-01
1.850583752416417316e-01
1.372987798527351977e-01
1.886446829215867593e-01
1.300346325371875833e-01
1.156386020200145665e-01
5.367222923284917929e-02
2.234837122894506867e-01
1.951794399109092193e-01
1.155641671157338762e-01
1.905680673803554215e-01
1.746765023014737184e-01
2.034423124234081837e-02
4.402752190984377673e-02
1.657926787629716570e-01
1.172005555822374784e-01
1.037824978404574272e-01
1.891964040205778574e-01
1.156213958344387283e-01
1.273471886540131770e-01
7.134563649921374373e-02
1.473755039368170872e-01
2.843207592449470411e-02
1.781465893179122462e-01
8.930555063311845787e-02
1.395381891018664389e-01
4.778559689884047390e-02
2.247753085474368806e-02
1.398192238413729915e-01
7.558692079478762649e-02
8.796810632622309445e-02
6.197894628686972940e-03
7.567778376370584703e-02
1.298853440256374225e-01
1.497778506445904267e-01
1.886446829215867593e-01
9.594011912784956853e-02
1.026322271333801051e-01
2.633806181520225234e-02
2.061135858220524697e-01
1.951794399109092193e-01
4.633911276783420075e-02
1.905680673803554215e-01
5.016394375418317675e-02
1.231996175256472315e-02
5.977632751960421098e-03
1.441198138376239835e-01
1.235965982273965064e-01
1.037824978404574272e-01
9.418126358520434449e-03
1.003378543605438628e-01
1.224305576981777610e-01
3.811806826569853063e-02
1.457734673549596072e-01
2.996581931801897691e-03
1.045579438245914650e-01
5.438742800304935399e-02
1.313229279288591900e-01
4.778559689884047390e-02
2.459957550064016674e-02
1.195768820867415538e-01
5.670817019706957118e-02
1.836808188596117386e-02
8.204478368389344495e-03
4.970672865308680549e-02
1.222048248798641712e-01
1.456243028065267453e-01
1.886446829215867593e-01
1.102816293321770558e-01
1.043191986622638290e-01
2.633806181520225234e-02
1.338467091118056285e-01
2.278463599427166808e-01
5.870408343282382257e-02
1.827853569242333109e-01
3.176021198105360988e-02
2.498434631877918810e-03
6.567843302304303410e-03
1.159968671070355228e-01
1.296736317875077926e-01
1.192180420992768192e-01
9.418126358520434449e-03
1.025038553214817905e-01
5.996276397343322517e-02
3.710084119235831923e-03
6.322741639308659956e-02
4.016291336591100436e-02
4.198095439297529208e-02
4.177734996515063137e-02
5.094231539176415080e-02
4.778559689884047390e-02
1.923474194086864653e-02
8.997755768511997432e-02
6.258614458206901432e-02
1.836808188596117386e-02
8.204478368389344495e-03
4.382679464646194178e-02
1.074577731340656123e-01
1.456243028065267453e-01
1.886446829215867593e-01
1.131309468084666370e-01
8.241598068799471655e-02
2.633806181520225234e-02
1.338467091118056285e-01
1.615857976418910158e-01
1.478389164313705095e-03
1.279941105261866996e-01
6.140942085482006818e-02
1.366882972342248204e-03
6.567843302304303410e-03
8.683655482411195559e-02
1.299176449759568697e-01
1.069540607018124034e-01
1.037708212633441790e-02
1.025038553214817905e-01
1.948459571722710448e-03
1.486034407840197691e-02
8.538687465948643918e-02
4.016291336591100436e-02
4.198095439297529208e-02
2.911877390422431405e-02
4.833466462176325140e-02
4.677255809362249050e-02
4.592241034412358758e-05
6.233704194795973430e-02
4.009388192321144961e-02
1.877157276585682266e-03
8.204478368389344495e-03
4.382679464646194178e-02
7.314081655166407292e-02
1.285925717282995762e-01
1.886446829215867593e-01
1.018566481235877175e-01
9.191399565135238703e-02
2.633806181520225234e-02
8.980234951786689179e-02
1.454408515024827042e-01
1.680977809071577478e-03
1.054978032392151210e-01
3.128700939669162850e-02
9.262142165709849606e-03
6.567843302304303410e-03
8.100454519605618242e-02
1.111978583532287762e-01
9.724713290701315904e-02
2.042419469407350321e-02
1.022195404617390613e-01
1.948459571722710448e-03
1.486034407840197691e-02
8.538687465948643918e-02
1.745079120072782347e-02
7.979563644906068065e-03
1.263720030512807332e-02
1.251157006473451773e-02
4.677255809362249050e-02
2.514105487989234944e-02
4.465711430361338219e-02
1.949216247160241722e-02
8.816323731867220515e-03
8.204478368389344495e-03
3.208921486757526642e-02
4.580857875529051326e-02
8.444389067840923913e-02
1.164289138558225883e-01
1.018566481235877175e-01
3.857125588891603674e-02
2.633806181520225234e-02
9.181601706456747614e-02
1.090742163961718747e-01
1.680977809071577478e-03
9.423072275503438511e-02
3.069236749023037877e-02
1.205546891112166397e-02
6.567843302304303410e-03
5.880003414891957214e-02
1.111978583532287762e-01
9.724713290701315904e-02
1.251049463745181924e-02
5.885311650793973587e-02
7.451356992189267503e-05
1.486034407840197691e-02
3.235757608736108265e-02
1.891616416829680625e-02
9.711482522024640976e-03
1.088412025441219330e-02
1.251157006473451773e-02
2.272845181678255500e-02
2.877307883110890099e-02
2.997499079170644343e-02
1.082079176427471617e-02
2.427454335035379718e-02
8.820808785658764903e-03
3.208921486757526642e-02
3.145385850204411582e-02
8.444389067840923913e-02
2.508453020500560349e-02
1.412796200818131065e-01
4.145404261183268518e-02
2.633806181520225234e-02
7.073253081940517051e-02
6.715709371544184569e-02
1.680977809071577478e-03
6.600567927305517335e-02
3.127785801260544313e-02
1.205546891112166397e-02
6.567843302304303410e-03
6.687156878849020991e-02
9.498543618800478483e-02
8.199932312236049570e-02
1.715780661101160703e-02
5.885311650793973587e-02
7.451356992189267503e-05
1.486034407840197691e-02
3.051037229448591570e-02
1.778239122100665551e-02
2.279877334005708106e-03
1.688338321578920775e-02
8.107791996041589094e-03
6.685548277351825025e-03
1.118390193664210025e-02
2.997499079170644343e-02
1.461124006890226687e-02
3.428963843723750737e-02
8.440693700270793590e-03
2.703964530689995788e-02
1.627560554893103806e-03
6.172188398494794781e-02
2.374148270954826861e-02
1.101978219749782661e-01
2.343560128340167054e-02
2.633806181520225234e-02
6.154903754772466512e-02
6.706481288562340937e-02
1.680977809071577478e-03
6.632718647733093498e-02
1.389824968288286278e-02
1.205546891112166397e-02
2.283324658218809089e-03
8.803032478047187470e-02
6.993351319464057025e-02
8.199932312236049570e-02
2.642499927784701386e-02
5.080168854809972295e-02
7.451356992189267503e-05
1.486034407840197691e-02
3.051037229448591570e-02
4.121355475853429040e-02
2.279877334005708106e-03
1.167195035514652195e-02
1.040719259555585724e-02
1.056314570862309371e-02
1.118390193664210025e-02
2.997499079170644343e-02
1.461124006890226687e-02
8.703361009788440628e-03
1.836303589828813462e-02
1.257351140041404469e-02
2.540636148224785507e-03
3.665617853857278119e-02
2.446850645080524134e-02
4.026776276777682684e-02
2.343560128340167054e-02
1.835930654531421624e-02
5.800301765594560732e-02
7.569384472245989370e-02
1.680977809071577478e-03
6.632718647733093498e-02
9.542899754701851880e-03
1.205546891112166397e-02
2.283324658218809089e-03
8.803032478047187470e-02
5.661857667542910533e-02
5.742310673068640181e-02
6.360185492822127695e-03
3.127392984883600735e-02
7.451356992189267503e-05
1.486034407840197691e-02
3.051037229448591570e-02
2.397773353402597035e-02
2.279877334005708106e-03
1.368740762453317904e-02
1.000903493862907549e-02
1.056314570862309371e-02
1.273991190972942507e-02
2.997499079170644343e-02
1.461124006890226687e-02
3.448099541682628916e-03
1.719567035042086217e-02
7.862391017977678198e-03
1.458513658967326362e-02
3.665617853857278119e-02
3.945322918022611813e-02
5.392023399086327828e-02
1.677579871994780425e-03
8.695471821553769215e-03
5.629987149459324269e-02
7.596606373377148835e-02
2.773578734319812056e-03
6.105769387589094627e-02
9.303713884867424039e-03
1.205546891112166397e-02
4.210135156094464010e-03
6.585340250381653548e-02
5.661857667542910533e-02
5.742310673068640181e-02
6.360185492822127695e-03
1.291754607655512706e-02
7.451356992189267503e-05
4.713679948540008824e-03
3.603908695555856079e-02
8.840049077363458518e-03
9.137293710077088599e-03
2.791101445831039793e-02
9.498203077589780288e-03
1.056314570862309371e-02
2.038167830501695643e-03
2.247808707272645062e-02
9.997049468795515467e-03
1.985347692517033455e-03
7.595609992505972935e-03
9.216057165638714271e-03
1.458513658967326362e-02
2.815500482673532340e-02
3.945322918022611813e-02
3.729873190966380425e-02
1.675042986595868220e-03
1.077150214663997758e-03
7.118678725256502582e-02
5.945203274019902895e-02
5.945306300684892811e-03
3.937461566600584939e-02
2.210082663781875317e-03
6.717989993408973737e-03
3.102155206112580232e-03
6.585340250381653548e-02
5.682442775930124368e-02
5.914095673721705276e-02
8.134092774178043606e-03
1.261953287370270668e-02
1.648143794493306565e-03
4.265180697650198388e-03
3.192113247731338116e-02
9.728653545787602913e-03
1.014803109714692599e-02
1.822641073501752793e-02
9.498203077589780288e-03
1.122531094636344123e-02
1.546093828382524155e-04
2.247808707272645062e-02
9.997049468795515467e-03
1.985347692517033455e-03
7.595609992505972935e-03
2.234172343186884707e-02
1.458513658967326362e-02
1.675183868496278247e-02
3.945322918022611813e-02
1.995406575883486300e-02
7.608779871049763978e-04
3.420132678738877917e-04
7.118678725256502582e-02
1.018048281158072388e-01
7.414800430500525022e-03
4.629499681109516818e-02
2.510896643782388471e-02
1.145817956680057412e-02
1.303678056082850645e-02
6.477923641953731160e-02
5.682442775930124368e-02
4.339748392043200897e-02
6.758676939319340979e-03
1.261953287370270668e-02
1.648143794493306565e-03
4.265180697650198388e-03
4.451235751062566914e-02
9.060859848099022534e-03
2.969638722607937167e-03
1.311533678233248179e-02
9.498203077589780288e-03
1.261248987611996407e-02
1.546093828382524155e-04
1.145318950117381329e-02
9.997049468795515467e-03
1.985347692517033455e-03
7.219416811862749105e-03
2.077770357413189634e-02
1.384925789346918776e-02
3.176393968594626305e-02
3.705963994807265349e-02
3.103670352661076770e-03
1.054558313724982335e-03
1.032415366929254757e-02
7.118678725256502582e-02
5.224642795740741530e-02
1.251838397538584079e-02
4.815848202524110333e-02
2.510896643782388471e-02
1.069094622859943777e-02
1.129407451442722941e-02
4.783806587858305953e-02
2.352957352981933925e-02
2.584291307149087780e-02
3.029399053756083246e-03
1.262473576776302481e-02
1.648143794493306565e-03
4.265180697650198388e-03
3.263209232233953150e-02
9.060859848099022534e-03
6.556349248905153811e-03
1.311533678233248179e-02
9.470119789979924291e-03
1.352708739011963292e-02
1.546093828382524155e-04
1.820137179321498419e-02
9.997049468795515467e-03
3.708378915572009722e-03
1.178389008047800099e-02
1.203307915175600047e-02
1.382552631244656285e-02
3.176393968594626305e-02
3.705963994807265349e-02
3.207783262052902457e-03
1.054558313724982335e-03
1.032415366929254757e-02
3.364448978408083463e-02
5.224642795740741530e-02
9.024727320083077847e-04
4.564840623127836700e-02
2.510896643782388471e-02
2.633071375752187721e-02
1.517618785348179115e-02
3.619087421674678506e-02
2.352957352981933925e-02
2.584291307149087780e-02
3.029399053756083246e-03
1.262473576776302481e-02
1.648143794493306565e-03
4.265180697650198388e-03
1.649951963153907519e-02
1.145618046828621173e-02
7.474824149457919703e-03
2.500165917955196604e-03
8.426766353250538660e-03
7.243988573008286469e-03
5.894631551082548521e-03
2.270008405026434362e-02
9.997049468795515467e-03
1.195344997729700168e-03
1.386513103632778902e-02
5.051245356260137057e-03
2.318352670831263368e-02
2.327456829756884005e-02
2.290898557507914379e-02
3.207783262052902457e-03
1.466801335209020262e-03
8.913237218128540473e-03
4.623893723937254341e-02
5.224642795740741530e-02
9.024727320083077847e-04
2.955800399153042657e-02
4.123436359753577390e-02
1.619996956841666946e-02
1.890020857203363741e-02
3.619087421674678506e-02
2.591726051637585626e-02
1.992696361164076474e-02
3.029399053756083246e-03
1.312336738566253005e-02
1.648143794493306565e-03
4.265180697650198388e-03
1.279469550488485444e-02
1.980391495123295931e-02
9.197285524616139948e-03
3.789390876248137103e-03
2.166078960620013844e-02
1.566696819447644523e-04
8.402670601408500362e-03
1.253172106840629019e-02
9.997049468795515467e-03
2.111069258364678750e-03
1.361974662688361475e-02
5.051245356260137057e-03
2.318352670831263368e-02
2.677874008263739919e-02
2.351082739285609291e-02
3.207783262052902457e-03
1.466801335209020262e-03
1.318207445929022587e-02
1.191663949639814625e-02
5.224642795740741530e-02
2.096173701525635980e-03
2.777900346758613997e-02
4.389414231189837229e-02
2.494425461018749679e-02
1.890020857203363741e-02
2.486144914401972744e-02
1.072922236823030395e-03
1.676991672180636050e-02
3.029399053756083246e-03
1.412344637633673045e-02
1.648143794493306565e-03
4.274304516255419094e-03
1.763370353081186379e-02
1.245269026571993454e-02
1.451796295646760014e-02
4.548513601980621289e-03
2.906651084171207877e-02
1.566696819447644523e-04
5.775060302743594345e-03
1.253172106840629019e-02
9.254587737020661398e-03
2.111069258364678750e-03
3.851092883292751845e-03
4.050847213538716005e-03
2.242120042065824659e-02
2.683621471448359094e-02
1.891521798976401533e-02
7.492514113769185510e-03
5.864498388000875459e-03
9.039691434444174084e-03
1.191663949639814625e-02
4.867479389140184215e-02
1.644498154868420051e-03
5.254215824023787673e-02
4.389414231189837229e-02
2.577368506588225555e-02
2.003889359767354814e-02
2.541726243101010210e-02
7.208907323087740231e-04
1.676991672180636050e-02
1.380665286811501302e-03
1.078662194408152794e-02
1.648143794493306565e-03
6.092963463914429292e-03
1.763370353081186379e-02
1.245269026571993454e-02
1.451796295646760014e-02
3.778206937281338579e-03
2.906651084171207877e-02
3.415151740080593981e-04
5.775060302743594345e-03
2.328743604797203076e-03
7.194132439667186990e-03
2.111069258364678750e-03
2.173819264659161352e-03
3.934659543484969775e-03
1.688444648280705909e-02
1.916433655867779209e-02
7.528171340880532303e-03
1.550023013314367169e-02
5.864498388000875459e-03
1.316840348048478777e-02
9.554041360680351133e-03
4.867479389140184215e-02
1.645928287001183947e-03
5.254215824023787673e-02
3.630745268190053998e-02
4.667614237534346844e-03
2.019738729592363696e-02
2.315805884631205042e-02
8.639766552654810049e-04
2.629240438275717157e-02
9.270809679946118154e-04
1.131139553330232084e-02
1.648143794493306565e-03
2.041570448758382381e-03
1.763370353081186379e-02
5.238567604335527764e-04
6.590644122734224362e-03
1.171323796033399596e-02
2.115070818480959541e-02
3.415151740080593981e-04
5.340052920210208894e-03
1.357272849703506853e-03
7.536387507568614169e-03
8.142694449471570006e-03
2.173819264659161352e-03
3.998869733231995467e-03
1.688444648280705909e-02
1.641848591217235503e-02
5.942211036681024731e-03
3.111247389538376873e-02
7.168259727372783274e-03
1.236321083720762562e-02
3.761490213179620803e-03
2.447956962849234808e-02
2.239730180254772586e-03
5.254215824023787673e-02
3.353895051426009771e-02
4.908531152903744185e-03
2.667518621283169328e-02
2.315805884631205042e-02
8.639766552654810049e-04
2.629240438275717157e-02
9.270809679946118154e-04
3.421806926033176682e-03
1.648143794493306565e-03
2.381541096583821709e-03
1.763370353081186379e-02
5.238567604335527764e-04
8.186710041192396536e-03
1.171323796033399596e-02
2.925304207001127102e-02
3.306252079336267566e-03
4.213832043668029950e-03
1.357272849703506853e-03
7.536387507568614169e-03
2.075914640729942945e-03
6.866134406962719899e-04
1.763690899414409666e-02
1.848108962842723302e-02
1.641848591217235503e-02
9.513510502879213293e-03
2.483079637072273249e-02
6.419421176883976891e-03
1.873658144165971096e-03
1.176391853926978979e-03
2.447956962849234808e-02
3.042867041910387801e-03
2.900724036014620810e-02
3.353895051426009771e-02
4.077659670999492052e-03
2.667518621283169328e-02
2.315805884631205042e-02
8.639766552654810049e-04
2.580364192515172128e-02
9.270809679946118154e-04
4.218839624711007152e-03
1.648143794493306565e-03
1.114273195168764656e-03
1.763370353081186379e-02
5.238567604335527764e-04
1.693304512689584873e-04
1.065584124879229155e-02
4.122142011533760225e-02
2.936520812664654510e-03
6.372106182472078023e-03
1.357272849703506853e-03
5.657329015427060674e-03
2.075914640729942945e-03
2.108897500200561728e-05
1.537393484862254085e-02
1.567751809174498107e-02
1.641848591217235503e-02
1.026236625579059723e-02
2.124907431763341584e-02
6.574630674349822221e-03
5.442059906643625586e-03
1.176391853926978979e-03
2.901037686460689741e-02
3.042867041910387801e-03
1.680904866543242449e-02
3.353895051426009771e-02
5.016063916166640241e-03
2.740659978852180712e-02
2.051706578128899630e-02
8.639766552654810049e-04
2.419077373759698224e-02
9.270809679946118154e-04
5.679726338500888302e-03
5.369116862210855396e-04
2.833129193515850248e-03
1.771168120697976314e-02
2.283578850461764247e-04
2.464876375106771558e-03
1.065584124879229155e-02
4.656860913931137186e-02
2.993521130293810319e-03
6.372106182472078023e-03
3.108919564770015395e-04
5.657329015427060674e-03
4.537816287186461316e-03
4.771604306414295449e-04
2.189798960983890125e-02
1.512219808400217316e-02
1.641848591217235503e-02
4.814074631043080421e-03
3.098258098330220270e-02
6.906016814118461078e-03
5.894991809053907669e-03
1.176391853926978979e-03
2.357381499604642786e-02
3.042867041910387801e-03
1.803848958222731280e-02
2.155297403039690279e-02
5.610779531400187509e-03
2.740659978852180712e-02
2.051706578128899630e-02
8.639766552654810049e-04
2.028156127555327468e-02
1.968313554558037692e-03
5.679726338500888302e-03
2.366679382799653092e-04
2.833129193515850248e-03
1.173458159191952642e-02
1.233144620506900456e-04
1.080428335490946079e-02
1.398779306507829182e-02
4.656860913931137186e-02
3.634079125941949272e-03
6.372106182472078023e-03
3.108919564770015395e-04
6.180991868813569094e-03
3.869801365470385262e-03
4.771604306414295449e-04
1.144756985281960085e-02
1.512219808400217316e-02
1.798433619365530714e-02
3.157841931596572661e-03
2.513745708036286761e-02
1.387489899916231374e-02
1.528050581964080640e-03
1.189423668937459461e-02
2.894055726462961900e-02
3.042867041910387801e-03
1.803848958222731280e-02
2.155297403039690279e-02
5.610779531400187509e-03
2.066559099944096506e-02
1.184061108155922554e-02
1.467707955249336615e-03
2.410209867857172894e-02
7.607918332337720684e-03
1.208765344141807425e-02
2.366679382799653092e-04
2.835688729388292223e-03
1.503424552695125857e-02
5.354274933166495477e-03
9.416875868806209166e-03
1.398779306507829182e-02
3.195221122113969803e-02
4.083992275695386490e-03
6.372106182472078023e-03
3.108919564770015395e-04
3.579302706506972201e-03
3.471699041201026931e-03
1.099037468522334835e-03
1.144756985281960085e-02
1.876807826642894195e-02
1.070350084988537162e-02
3.252605086570473439e-03
2.069939415259130361e-02
1.387489899916231374e-02
6.163350171004375322e-03
1.346518133328425577e-02
2.957041141571014470e-02
4.303676688725631416e-03
2.392812419950999386e-02
1.573123197169491727e-03
4.797559748234711888e-03
1.097339330634382847e-02
1.623467772397870976e-02
2.677841799299997966e-03
2.410209867857172894e-02
1.119286919209971226e-02
8.295213067831819220e-03
6.809767213322031471e-03
2.402103234027688772e-03
1.503424552695125857e-02
7.869298491035474699e-03
9.416875868806209166e-03
1.398779306507829182e-02
2.160419754614700816e-02
1.439876050866178980e-05
6.372106182472078023e-03
3.374495803106964970e-04
4.991838514376342913e-03
1.687505554947755886e-03
4.524846674801595581e-03
1.144756985281960085e-02
2.659739668301536533e-02
1.070350084988537162e-02
3.252605086570473439e-03
1.254146316203711732e-02
1.387489899916231374e-02
6.069858697119788135e-03
8.333261168692908394e-03
1.604627382677164399e-02
6.743876601612831811e-03
2.316000354899247493e-02
4.613173427952157145e-03
1.307542922957545713e-02
3.249652254479318270e-03
1.599728921382587155e-02
2.677841799299997966e-03
1.837230927912160416e-02
1.119286919209971226e-02
8.295213067831819220e-03
5.780249820872282798e-03
4.047553229134172315e-03
8.480920355921371667e-03
7.869298491035474699e-03
1.067977360855213755e-02
1.398779306507829182e-02
2.865144141536840952e-02
1.439876050866178980e-05
6.372106182472078023e-03
1.498021399219621758e-03
4.222097816043109131e-03
3.743806808952247767e-03
3.719423596548060429e-03
1.144756985281960085e-02
1.463122582251710942e-02
9.862566985987331405e-03
3.252605086570473439e-03
2.280670988490282255e-02
1.451782450595100020e-02
1.297798808325817746e-02
6.129330512377097022e-03
1.604627382677164399e-02
6.743876601612831811e-03
1.348270203537343774e-02
4.613173427952157145e-03
1.282474204029013590e-02
6.787049291833507740e-03
1.799935383411674014e-02
2.677841799299997966e-03
1.994361969575422430e-02
1.119286919209971226e-02
8.295213067831819220e-03
5.780249820872282798e-03
3.842182922454544583e-03
2.662289058065785141e-02
7.701263585402591712e-03
4.591995234223170130e-03
1.398779306507829182e-02
2.865144141536840952e-02
3.212462811273228414e-03
8.580193309234838972e-03
1.498021399219621758e-03
4.838519709645420011e-03
2.547657870269107259e-03
4.382172920019290069e-03
1.144756985281960085e-02
1.314140177133668423e-02
5.406028558419918167e-03
1.173049233017445410e-03
8.952942590362496927e-03
1.869555917554040561e-02
1.498830462496592193e-02
8.398473079846797626e-03
1.604627382677164399e-02
6.743876601612831811e-03
1.283836134731632453e-02
3.905939664108730447e-04
1.171147354909837096e-02
1.453257741475243083e-03
1.360118374502630387e-02
1.918657620538025089e-03
1.979446058589426349e-02
1.095705314990755297e-02
8.295213067831819220e-03
5.780249820872282798e-03
3.842182922454544583e-03
1.667685158722528177e-02
7.929239434807354436e-03
4.473675536809267050e-03
9.698349075671311437e-03
2.976935415180382086e-02
2.090659557196641177e-02
8.370391381676273515e-03
1.498021399219621758e-03
5.841449114259550900e-03
2.204224983006517619e-03
9.525680654687389282e-03
1.094139471577321512e-02
1.314140177133668423e-02
2.145019505053105333e-02
1.173049233017445410e-03
8.578310315843037936e-03
1.055189800223496621e-02
1.568282739575133089e-02
8.775930622751804480e-03
1.582825504970764019e-02
6.313430088100982322e-03
9.112515141370991154e-03
2.572921943412749112e-03
1.196789349467230514e-02
1.453257741475243083e-03
1.079112551336148217e-02
6.747052038158104191e-03
1.149503590855131124e-02
8.564455623823642380e-03
7.183985681371433604e-03
4.426921040282198912e-03
3.842182922454544583e-03
2.111936632181647330e-02
7.929239434807354436e-03
2.024541784295862124e-03
3.443771277338029263e-03
2.976935415180382086e-02
1.732095716688656500e-02
8.370391381676273515e-03
1.498021399219621758e-03
6.355853246872615950e-03
2.290858799886074694e-03
7.394302927576707450e-03
1.094139471577321512e-02
1.572648673237987682e-02
1.513855009799128584e-02
1.173049233017445410e-03
1.028377413368807350e-02
1.055189800223496621e-02
1.248861152510000530e-02
1.324706719124238777e-02
1.582825504970764019e-02
6.313430088100982322e-03
3.307826406552234408e-03
3.824370686091789831e-03
1.196789349467230514e-02
1.628292332319994373e-03
1.079112551336148217e-02
1.194866609663384864e-02
1.011230249366121270e-02
8.324945517257537411e-03
5.291561967555498576e-03
4.426921040282198912e-03
5.625880236347960070e-03
2.031214900150549868e-02
7.867330353684306304e-03
2.030058627147711316e-03
3.458351100611715273e-03
2.976935415180382086e-02
2.037318051346958050e-02
8.370391381676273515e-03
1.498021399219621758e-03
8.813670518302126056e-03
6.622424384706070838e-03
4.699807209298075689e-03
3.082072827942216459e-04
1.362524055890573099e-02
1.493567576409498589e-02
1.173049233017445410e-03
1.042398441994867204e-02
1.328561775939254321e-02
1.411457696854418430e-02
1.324706719124238777e-02
1.921012537817332055e-02
5.748260814412891120e-03
1.855066036134580404e-03
2.231865074044352658e-03
2.766309964121314857e-02
1.628292332319994373e-03
1.079112551336148217e-02
1.784623545037019449e-02
9.984037863056549264e-03
7.990756023950764883e-03
5.291561967555498576e-03
6.953213141460901775e-03
6.696683810696929876e-03
2.031214900150549868e-02
1.219179061163152937e-02
3.754484489126452438e-04
2.228878814665088536e-03
2.976935415180382086e-02
7.557872517543848256e-03
8.405210592591503410e-03
1.498021399219621758e-03
1.047342273524556888e-02
5.007167091113489885e-03
4.699807209298075689e-03
9.414151948377398257e-05
2.095727513598921038e-02
1.753677109018588615e-02
1.173049233017445410e-03
6.634322177309337140e-03
1.430890523665418954e-02
1.447811841827598839e-02
1.084702084998418435e-02
1.646982319459314170e-02
5.748260814412891120e-03
3.061222607320710810e-03
3.406099576188780387e-03
1.893584308679044370e-02
1.349654766058265912e-03
1.079112551336148217e-02
1.784623545037019449e-02
9.984037863056549264e-03
7.990756023950764883e-03
6.787201320595159446e-03
1.091367113946555348e-02
6.642348719098142319e-03
2.217415180965202209e-02
1.219179061163152937e-02
3.754484489126452438e-04
2.228878814665088536e-03
3.180889266573538182e-02
1.373208224785169365e-02
2.012290248167913215e-03
1.498021399219621758e-03
4.504156829160406612e-03
1.085125050986582990e-02
4.699807209298075689e-03
4.133933846217393258e-03
3.454955498199642483e-02
1.327947553369475051e-02
1.104349121769476576e-03
5.646630730386632824e-03
1.304103792472986398e-02
1.690897919599108901e-02
8.035611782974327530e-03
1.646982319459314170e-02
4.711712442680950769e-03
2.325998461033746897e-03
9.354269436752498876e-03
1.893584308679044370e-02
1.349654766058265912e-03
1.469395351632191843e-02
1.784623545037019449e-02
9.984037863056549264e-03
9.565714135237827348e-04
6.787201320595159446e-03
5.751884393255617817e-03
1.183081225944143666e-02
2.973652045107250813e-02
7.484492769419127944e-03
5.015612207510795895e-03
1.652916771432216218e-03
2.156673493732837177e-02
1.316257556156908738e-02
1.424146830375763641e-03
1.498021399219621758e-03
3.417357343604190446e-03
1.322604412995394794e-02
2.955557754569546752e-03
7.005169661953894802e-03
3.454955498199642483e-02
1.327947553369475051e-02
2.373691195576833196e-03
5.246303709350525271e-03
8.542714353139323202e-03
1.607391524403659414e-02
9.788682254821243905e-03
1.646982319459314170e-02
4.711712442680950769e-03
1.505719881369340339e-03
9.489901087133139485e-03
1.893584308679044370e-02
1.396197151352068094e-03
2.083873445369990862e-02
1.594429052693940169e-02
1.045057878271563392e-02
2.492017804496258256e-03
1.181385291119980627e-02
5.751884393255617817e-03
9.750708609395516979e-03
2.032249777686129591e-02
1.045671492583342271e-02
6.771649747508154578e-03
1.486030570243967661e-03
2.156673493732837177e-02
1.393657650758252549e-02
2.691437073872320236e-03
2.240018971439668161e-03
3.018951156349128275e-03
1.480422610647992056e-02
2.630040602618536824e-03
6.000909100756762760e-03
2.120151587301988966e-02
1.327947553369475051e-02
1.055983935889437050e-03
7.337855236255557551e-03
8.790663305400004540e-03
8.215091649736917800e-03
9.788682254821243905e-03
1.646982319459314170e-02
6.447004298784285610e-03
1.505719881369340339e-03
9.489901087133139485e-03
1.506299537262844115e-02
1.396197151352068094e-03
2.196114477162515455e-02
1.472456704409346590e-02
1.045057878271563392e-02
2.330316141775485694e-03
2.001078574732853901e-02
5.104691258468897069e-03
8.914266749997798792e-03
1.479932091402860056e-02
1.040715529205011453e-02
7.153095521992476093e-03
1.486030570243967661e-03
2.169483921280375774e-02
1.393657650758252549e-02
3.948986055051405958e-03
2.182128580244645927e-03
1.057834344228741376e-02
1.058662193061345180e-02
5.408207398704045418e-04
6.153234488175270654e-04
1.821001687121079002e-02
1.327947553369475051e-02
3.579033621497581391e-03
7.337855236255557551e-03
3.045844411961403167e-03
3.890711027983806067e-03
2.922268107516380782e-03
1.304979545785090247e-02
6.447004298784285610e-03
2.244757955354475219e-03
7.599574469364481742e-03
1.506299537262844115e-02
6.981141124801072857e-03
1.837098288136268867e-02
2.251370284407296432e-02
6.553477869342904348e-03
2.330316141775485694e-03
2.221247057020569321e-02
5.421787774654836765e-03
5.928875039978202290e-03
1.925581018260692084e-02
8.326686766490076080e-03
8.431786671660742791e-03
1.486030570243967661e-03
2.169483921280375774e-02
2.192106596548225317e-02
3.178637769969593508e-03
2.182128580244645927e-03
1.221408769400648270e-02
4.840508753317974283e-03
6.658672372863994916e-03
1.927675059240883471e-03
1.821001687121079002e-02
1.560328935668714445e-02
1.061990624333887176e-04
5.264350668522908144e-03
8.216885920789731082e-03
4.012514322852767969e-03
2.922268107516380782e-03
9.802718050715805015e-03
7.001386436664279456e-03
2.241722224173456086e-03
7.429752128340887801e-03
1.625682269028718915e-02
4.731164995570124980e-03
1.303040328787846355e-02
2.251370284407296432e-02
3.154181718965053116e-04
1.707035466485293945e-03
1.342772835081306251e-02
2.036974275391072522e-02
6.727904192108579741e-03
1.433965860289801789e-02
7.567722437525825283e-03
1.159073163824944283e-02
1.486030570243967661e-03
2.057990388271220897e-02
2.457416210526565739e-02
6.891392545515786713e-04
2.823914183361658607e-03
1.221408769400648270e-02
4.840508753317974283e-03
6.658672372863994916e-03
1.448399300858689911e-03
1.821001687121079002e-02
1.560328935668714445e-02
1.038397124393621853e-03
5.264350668522908144e-03
1.816410109189533356e-03
3.536936631703906271e-03
2.906209271006321860e-03
7.926005400258111233e-03
7.001386436664279456e-03
1.686382940864007522e-03
7.429752128340887801e-03
1.625682269028718915e-02
6.476471082591240408e-03
1.417200319027233854e-02
1.965104291897349156e-02
3.154181718965053116e-04
1.117507092125034169e-03
1.342772835081306251e-02
1.161594906096607635e-02
7.122342357279616738e-03
3.283072535597891806e-02
8.419439753843155350e-03
1.652947619039320942e-02
1.486030570243967661e-03
2.057990388271220897e-02
1.805334733643362832e-02
7.395183832738754307e-03
1.032481346110152715e-02
1.221408769400648270e-02
3.387201662780209462e-03
6.658672372863994916e-03
1.340380078047655318e-03
1.821001687121079002e-02
1.560328935668714445e-02
1.158389040054590407e-03
5.264350668522908144e-03
1.850044936031233767e-03
3.499976108787970514e-03
1.757671638204097789e-04
1.068882666143492269e-02
7.001386436664279456e-03
1.667388227479363154e-03
7.429752128340887801e-03
1.625682269028718915e-02
5.484619532412524263e-03
1.417200319027233854e-02
1.965104291897349156e-02
3.154181718965053116e-04
2.968221647225795581e-03
1.339445247299051421e-02
1.161594906096607635e-02
4.484984884092537913e-03
3.283072535597891806e-02
7.749878969959969957e-03
2.304293412609811909e-02
1.486030570243967661e-03
2.057990388271220897e-02
2.287461058354545856e-02
9.048150008711184147e-03
1.366071254589085529e-02
2.657964369898551879e-02
3.387201662780209462e-03
2.172908236333445740e-03
2.356821079951744273e-03
1.669228903401935929e-02
1.215942545551387116e-02
1.588321362120601477e-03
7.724002267296130320e-03
2.013992240573095772e-03
3.741967741567167171e-03
3.420519135560151983e-03
6.797246708594628997e-03
7.001386436664279456e-03
1.667388227479363154e-03
8.259003795559445582e-03
1.625682269028718915e-02
3.767402909946870014e-03
1.417200319027233854e-02
1.965104291897349156e-02
3.154181718965053116e-04
3.695461960012512339e-03
1.120951625354349793e-02
9.130811515800725878e-03
3.219984882088858941e-03
2.604082237754469509e-02
7.749878969959969957e-03
2.304293412609811909e-02
4.448977252324554273e-03
1.242830512572081630e-02
1.145662045587988662e-02
9.048150008711184147e-03
2.150506240003432351e-02
2.657964369898551879e-02
3.607880091707144424e-03
1.989033002044617374e-03
2.077786356996546343e-03
1.747949187868257440e-02
1.226859872603043404e-02
9.964941230319612070e-03
6.527349787011927848e-03
2.013992240573095772e-03
3.741967741567167171e-03
3.586889993374003938e-07
7.485120847364158496e-03
8.480538395066083285e-03
2.021347221908115742e-03
6.614646824938917591e-03
2.570444823048273486e-02
3.767402909946870014e-03
1.417200319027233854e-02
4.083490145031703350e-02
3.154181718965053116e-04
4.360401083786696191e-03
1.120951625354349793e-02
8.656181734930417510e-03
7.322176680779266846e-03
2.376830138314842827e-02
7.749878969959969957e-03
1.792847284872352287e-02
4.448977252324554273e-03
1.482524165430638106e-02
1.336978989830022932e-02
2.046323346740159654e-03
2.176714359515646499e-02
2.657964369898551879e-02
3.975741858510142834e-03
1.779594861862987890e-04
9.340008422479693278e-04
1.572797035893928191e-02
1.493465119049494291e-02
9.964941230319612070e-03
6.527349787011927848e-03
2.013992240573095772e-03
4.922981166253988759e-03
3.586889993374003938e-07
8.047973862734222536e-03
8.480538395066083285e-03
3.812464726560526804e-03
6.900767635585921926e-03
5.885589500352740588e-02
4.129756118438410173e-03
1.417200319027233854e-02
2.263067082228031185e-02
1.171341762940573093e-02
7.827568708546386519e-03
6.588014383738467761e-03
6.428662446168988825e-03
1.680281012148739095e-03
2.235378496434532042e-02
9.939771674360737413e-05
1.444904523099414459e-02
4.448977252324554273e-03
2.293845006825285041e-02
1.008469022372719161e-02
2.046323346740159654e-03
1.503446731763131289e-02
2.657964369898551879e-02
3.975741858510142834e-03
1.779594861862987890e-04
9.340008422479693278e-04
1.854234343017410053e-02
1.774397799509867465e-02
9.964941230319612070e-03
6.527349787011927848e-03
3.451827781295439997e-03
4.922981166253988759e-03
7.607226516606261160e-03
7.212678049134806611e-03
8.480538395066083285e-03
3.232826224917551006e-03
8.379823753217833376e-03
4.178155775806362965e-02
4.688943732505549376e-03
1.417200319027233854e-02
2.477946065276750293e-02
1.171341762940573093e-02
8.230780047573679412e-03
8.056902181714717393e-03
5.631870461536888327e-03
4.511809607919164966e-03
1.877066215612836764e-02
2.457904909775685681e-03
1.125342860250213260e-02
4.448977252324554273e-03
2.293845006825285041e-02
1.008469022372719161e-02
2.046323346740159654e-03
1.859436091107457417e-02
1.999461924696836757e-02
3.464997834740176762e-03
2.915634847045862552e-04
2.074623710427569902e-03
1.581471400039964267e-02
1.326060001839632352e-02
9.964941230319612070e-03
6.527349787011927848e-03
3.451827781295439997e-03
4.922981166253988759e-03
5.698647632547662947e-03
4.970285286840089509e-03
8.480538395066083285e-03
3.232826224917551006e-03
8.379823753217833376e-03
4.178155775806362965e-02
4.688943732505549376e-03
1.417200319027233854e-02
1.397105609563885527e-02
1.481208115299146276e-02
7.909042803127895593e-03
9.032997717156385567e-03
4.547842865734257577e-03
6.444593868187511662e-03
2.529652543979315354e-02
2.475550033412405627e-03
9.326055492194449889e-03
2.426183476680056697e-03
2.293845006825285041e-02
7.591954711917972207e-03
2.046323346740159654e-03
3.623461947968637659e-02
1.360422398327964383e-02
3.386845743013062841e-03
5.226371579503159490e-03
2.074623710427569902e-03
1.487061277552220034e-02
1.326060001839632352e-02
3.163733053252966443e-03
3.677932656560215993e-03
3.451827781295439997e-03
4.138716939537653156e-03
9.273569941296029573e-03
4.089452727791229557e-03
2.750034779341849894e-03
3.278751914540460610e-03
7.069657824199084874e-03
8.105809400732992553e-02
7.157342143026290161e-03
1.417200319027233854e-02
1.757549230967955789e-02
8.835305374531723238e-03
9.153409392238402720e-03
6.541817817040173483e-03
6.365226119520622436e-03
5.723241384049148825e-03
1.576036023050664259e-02
3.316445869838420372e-03
5.117280086471633765e-03
3.877427293263570676e-03
2.293845006825285041e-02
4.733249023363153563e-03
1.184748299438325922e-03
3.402393650030365035e-02
1.591972251908291974e-02
3.386845743013062841e-03
6.233438456349250055e-03
2.074623710427569902e-03
1.487061277552220034e-02
1.326060001839632352e-02
3.163733053252966443e-03
4.351517827083310752e-03
3.451827781295439997e-03
4.138716939537653156e-03
6.372651304370247766e-03
3.732048052272801501e-03
3.742653588196075479e-03
2.506304682324003719e-03
9.141388849762397892e-03
8.105809400732992553e-02
6.572997448281974603e-03
1.378063402718007931e-02
1.757549230967955789e-02
8.835305374531723238e-03
9.968194823901670512e-03
7.676697204542511088e-03
2.376962797363697463e-03
2.601918987133396231e-03
1.487536070039734322e-02
6.583383980771264493e-03
6.413308458628216510e-03
7.528821642166602657e-03
2.293845006825285041e-02
1.420956880684584415e-03
1.184748299438325922e-03
2.101916883263160729e-02
2.435049808916775471e-02
3.386845743013062841e-03
4.427960816436504222e-03
2.074623710427569902e-03
1.468780065050711951e-02
1.326060001839632352e-02
3.145981957191539089e-03
3.721644004447765153e-03
3.451827781295439997e-03
4.138716939537653156e-03
6.372651304370247766e-03
3.732048052272801501e-03
3.742653588196075479e-03
2.506304682324003719e-03
1.070144498313333262e-02
4.507745681873310400e-02
5.547870636091684418e-03
1.378063402718007931e-02
1.024470265339664891e-02
9.170055880863590275e-03
7.020429896346306112e-03
1.735286198955837342e-02
2.570784678848156077e-03
2.642120245444243461e-03
2.091309137934428686e-02
7.795384355460301638e-03
4.834950485472909454e-03
7.528821642166602657e-03
2.293845006825285041e-02
1.571146805642887299e-03
1.184748299438325922e-03
2.101916883263160729e-02
2.533280648875997285e-02
4.849226160872376068e-03
4.667966335411138923e-03
3.970554684841864912e-03
3.675202465534403804e-03
1.969495742633665947e-02
2.642483349534805338e-03
3.298182190752697689e-03
5.993724392112822000e-03
3.672734512971799568e-03
7.268000365776305666e-04
3.728734627787097956e-03
3.742653588196075479e-03
2.506304682324003719e-03
2.510749087992153461e-02
2.120279830074989907e-02
5.298280142452311062e-03
1.517833453702321575e-02
1.053736065261215958e-02
6.282993766301426565e-03
8.580818563918877345e-03
1.924775169221810966e-02
2.675914078822801308e-03
2.642120245444243461e-03
2.450784056112217252e-02
1.331939594938208460e-02
2.761433547083326761e-03
7.528821642166602657e-03
2.293845006825285041e-02
1.571146805642887299e-03
1.184748299438325922e-03
2.101916883263160729e-02
2.533280648875997285e-02
7.865814275020472160e-03
1.792648573735481634e-03
6.052220753050852227e-03
3.675202465534403804e-03
1.867777238041515298e-02
5.431085173775015637e-04
2.008492485995470173e-03
6.394849933618043311e-03
5.382635312207069422e-03
7.268000365776305666e-04
5.967336615036500196e-03
3.742653588196075479e-03
2.506304682324003719e-03
2.892010355055010806e-02
2.343103728566059071e-02
5.380023579797434292e-03
1.811926827504129617e-02
1.687914267611972940e-02
2.950910900043075824e-03
9.457125135636301055e-03
1.924775169221810966e-02
3.555660110778929850e-03
4.342819285796366974e-03
2.450784056112217252e-02
1.331939594938208460e-02
2.761433547083326761e-03
7.528821642166602657e-03
2.293845006825285041e-02
1.932342946439445999e-03
7.762583006210667380e-03
2.101916883263160729e-02
2.533280648875997285e-02
5.427486467394866329e-03
9.899788813901340065e-03
5.448064546400873190e-03
6.222758085422386287e-04
1.867777238041515298e-02
7.735741631848965481e-04
2.008492485995470173e-03
2.211646671976886733e-02
3.233681340009349637e-03
8.010273043112178804e-04
5.967336615036500196e-03
3.606520345899013637e-03
2.506304682324003719e-03
2.892010355055010806e-02
2.343103728566059071e-02
5.426212521774248509e-04
1.811926827504129617e-02
1.728478257615709626e-02
2.950910900043075824e-03
1.039364242051608878e-02
1.924775169221810966e-02
1.192761022223551640e-03
2.363958754306181090e-03
1.426413944805807535e-02
1.421909957211462891e-02
2.761433547083326761e-03
8.276704790872604564e-03
2.161331777880370203e-02
1.641133271457843532e-03
1.074070620369912271e-02
4.885281051365485822e-02
2.533280648875997285e-02
5.426745691582010589e-03
1.904884068692351898e-02
7.323012490558543711e-03
1.575464500302949187e-03
1.578054055774090816e-02
8.885976371779907932e-04
1.208145716321872877e-02
2.095868542119466368e-02
3.233681340009349637e-03
8.010273043112178804e-04
5.967336615036500196e-03
3.276655644888309266e-03
2.506304682324003719e-03
2.892010355055010806e-02
2.343103728566059071e-02
5.426212521774248509e-04
2.441686392732399756e-03
9.316537191371326507e-03
2.183570662656386489e-03
8.206783289152976349e-03
3.030948597452256393e-02
1.352312927143050963e-03
2.706834755742596084e-03
6.456311176678494052e-03
1.300086322175525270e-02
2.570713867611775470e-03
8.276704790872604564e-03
2.161331777880370203e-02
5.450248705268055313e-03
1.074070620369912271e-02
4.574532101551178481e-02
2.147306078561109222e-02
9.204705637825468315e-03
1.904884068692351898e-02
7.690056040554095473e-03
1.575464500302949187e-03
5.600443214969572613e-03
1.808386776383508199e-05
1.904861009467474428e-02
2.604929294133534121e-02
5.539705310101115596e-03
1.138571119018417024e-02
6.065015292683518036e-03
3.276655644888309266e-03
2.506304682324003719e-03
2.287069997799647675e-02
1.109156730326480572e-02
5.426212521774248509e-04
1.128187810845370995e-04
1.110363628316831178e-02
2.183570662656386489e-03
8.675215118414259310e-03
3.030948597452256393e-02
1.368133676772514658e-03
5.122049583988183379e-03
6.456311176678494052e-03
1.282975737352531724e-02
2.570713867611775470e-03
8.276704790872604564e-03
2.161331777880370203e-02
7.539836083786118082e-03
6.561517115875187267e-05
4.140762934426606146e-02
1.821345599742830654e-02
2.300529334676611887e-03
1.030389951495573261e-02
2.289463489792805534e-03
1.512514966940227933e-03
5.440247327352784254e-03
1.808386776383508199e-05
1.995332186967346128e-02
2.604929294133534121e-02
4.747600707046838002e-03
4.356588949885529388e-03
4.206545514105564446e-03
3.104132477527817534e-03
2.506304682324003719e-03
3.718089634273373523e-02
1.436825049017691376e-02
3.068926048465788273e-03
2.137770885661729493e-03
1.110363628316831178e-02
2.835402357091513365e-03
6.527821277124324847e-03
3.030948597452256393e-02
7.549451684184251780e-04
4.717302633452402118e-03
2.162474834809791774e-03
1.404981694670345664e-02
2.615652387677440925e-03
8.276704790872604564e-03
2.161331777880370203e-02
1.117778183899883170e-02
6.561517115875187267e-05
3.027172126285698761e-02
9.242910113469123001e-03
2.300529334676611887e-03
1.503233769335775294e-02
3.116008083103995446e-03
1.512514966940227933e-03
4.459692799183760312e-03
7.282282017603038116e-04
8.696886426037442330e-03
2.604929294133534121e-02
6.051468091626557855e-03
8.451291951108587386e-03
1.361634168923046145e-03
3.104132477527817534e-03
2.506304682324003719e-03
4.808202091488037594e-02
1.436825049017691376e-02
3.519540626749725291e-03
2.137770885661729493e-03
1.146226661822827460e-02
2.835402357091513365e-03
7.659701740951397990e-03
3.030948597452256393e-02
7.621133941213067975e-04
1.383229122012602855e-03
2.236638097082359073e-03
1.222316209160990638e-02
8.403119081883111963e-03
8.276704790872604564e-03
2.244984267900488814e-02
1.043930524629236092e-02
6.561517115875187267e-05
3.027172126285698761e-02
1.038560191578239908e-02
1.728261696772810923e-03
7.184114649090325017e-03
1.350168619090118260e-03
4.816518185218818249e-03
1.022508507113294163e-03
7.282282017603038116e-04
7.318362937989487428e-03
2.604929294133534121e-02
1.065772689076602275e-02
4.716962407350470954e-03
2.959968442185004212e-04
3.553326946855174008e-03
2.506304682324003719e-03
4.808202091488037594e-02
2.340715642810389102e-02
3.519540626749725291e-03
9.598947513091300385e-03
1.146226661822827460e-02
2.663589316260422425e-03
7.659701740951397990e-03
3.030948597452256393e-02
7.621133941213067975e-04
1.029826907345171398e-03
2.094596673314422230e-03
7.490296899340518309e-03
8.403119081883111963e-03
1.028126747126666476e-02
2.244984267900488814e-02
1.043930524629236092e-02
6.561517115875187267e-05
3.170256885090878829e-02
1.481256568703957083e-02
1.424632268066080079e-03
8.647975711165586943e-03
1.350168619090118260e-03
3.644424344720465989e-03
1.459520649388500613e-03
7.282282017603038116e-04
1.291666605081537127e-02
2.541956942997112071e-02
1.964151063588745125e-02
4.716962407350470954e-03
2.959968442185004212e-04
3.553326946855174008e-03
2.506304682324003719e-03
4.808202091488037594e-02
1.586629627560653955e-02
2.382951542726861622e-03
1.381035828144834034e-02
1.146226661822827460e-02
1.944951531561227862e-03
7.659701740951397990e-03
3.030948597452256393e-02
1.290667278864727216e-03
1.029826907345171398e-03
2.094596673314422230e-03
1.254412368568593589e-02
6.973310530660256114e-03
2.099900704584934177e-02
1.723846677085284079e-02
5.645773563555128542e-03
3.096665759893413999e-04
2.895911385406757174e-02
1.251648614634683077e-02
1.930576334353896820e-03
1.079108924313313365e-02
5.105484193609535065e-04
3.644424344720465989e-03
1.866292811080024622e-03
5.999509895685086087e-03
1.200724710709586036e-02
2.184017686828717414e-02
1.591193175066194301e-02
3.422704406405132141e-03
1.154813790642507214e-02
3.025058370925964163e-03
2.506304682324003719e-03
4.808202091488037594e-02
5.998532426881177972e-03
2.382951542726861622e-03
1.908580352044145570e-02
1.146226661822827460e-02
1.959225095985502301e-03
7.659701740951397990e-03
1.419881643969667095e-02
1.290667278864727216e-03
1.029826907345171398e-03
7.750459094127287903e-03
1.013346009526064351e-02
6.584447712478987483e-03
1.808053105454357837e-02
1.723846677085284079e-02
8.473195052528626620e-03
3.096665759893413999e-04
2.895911385406757174e-02
2.114965490287633310e-03
1.930576334353896820e-03
1.159250742529153652e-02
1.327842692465654346e-03
2.354789610339933035e-03
5.856400721317378544e-03
6.544291760279605588e-03
1.200724710709586036e-02
1.531779251372412248e-02
1.152757461659606464e-02
2.569692358533973500e-03
1.060554522694213270e-02
3.025058370925964163e-03
2.506304682324003719e-03
2.825007025867016033e-02
1.125915077422312734e-02
2.044003405389045215e-03
1.857330461516063999e-02
1.146226661822827460e-02
1.959225095985502301e-03
6.857027007619144812e-03
1.419881643969667095e-02
1.290667278864727216e-03
2.911678639834477944e-03
5.361609547038201015e-03
9.433027326813165150e-03
5.654297012578531068e-03
2.966354740348717614e-02
2.001944375176353472e-02
5.164137069585832823e-03
3.096665759893413999e-04
2.895911385406757174e-02
2.114965490287633310e-03
1.930576334353896820e-03
1.180528872782245914e-02
1.327842692465654346e-03
1.988643908075685401e-03
8.925000516476348442e-03
6.544291760279605588e-03
1.200724710709586036e-02
6.329674557653472422e-04
1.152757461659606464e-02
2.569692358533973500e-03
1.028208464619545862e-02
6.427120674704484699e-03
2.204289951099848953e-03
4.116334057619200348e-02
8.957815435553658293e-03
2.264669517919150679e-03
1.264090833104134989e-02
1.146226661822827460e-02
3.205551306212968670e-03
6.857027007619144812e-03
1.030437957213816563e-02
1.290667278864727216e-03
1.282556702101767150e-03
5.361609547038201015e-03
6.318256658280552857e-03
1.181545879296402694e-02
2.039047919397745171e-02
2.437677816555491525e-02
5.260358896144791754e-03
3.096665759893413999e-04
5.609349422264692242e-02
3.932259513759771286e-03
1.930576334353896820e-03
1.180528872782245914e-02
1.327842692465654346e-03
2.020188074954317944e-03
6.307189382944233119e-03
1.424138744270636581e-03
5.605022801150344285e-03
6.510991568501201671e-05
1.206786121980090928e-02
6.116427451355982772e-03
1.028208464619545862e-02
6.427120674704484699e-03
1.710028349193187759e-03
2.637864161047554640e-02
7.780897361322587462e-03
7.858751947333004334e-03
1.026082819456957014e-02
1.146226661822827460e-02
1.214382961544212269e-03
6.822200628321026770e-03
1.030437957213816563e-02
2.883234492617398406e-04
1.209244008169954240e-03
5.361609547038201015e-03
1.132632565205323599e-02
1.181545879296402694e-02
1.988319939098337832e-02
2.437677816555491525e-02
5.260358896144791754e-03
3.096665759893413999e-04
5.758037268107098899e-02
2.258495363637235895e-02
2.667716601759528156e-03
1.180977501618981317e-02
4.894811775969577436e-03
3.630508259350685198e-03
9.958890349478138893e-03
3.317013252081845148e-03
3.137262379808866686e-03
3.307710390466039006e-03
1.079345263320907744e-02
5.534728635843987748e-03
2.235001398887922347e-02
6.427120674704484699e-03
1.750914939185476684e-03
3.535239516010055261e-02
7.723380565663858811e-03
1.307236199393213040e-02
8.138696431338158718e-03
1.146226661822827460e-02
1.214382961544212269e-03
7.295155721760928150e-03
1.001968821843099260e-02
1.567097517923558142e-03
1.209244008169954240e-03
3.421242254206182266e-03
1.199639768193426666e-02
1.166090193142669748e-02
1.377746428820251536e-02
2.673971869643762544e-02
5.260358896144791754e-03
3.096665759893413999e-04
4.263329569772331129e-02
1.203959688512455835e-02
2.667716601759528156e-03
1.655466809313291959e-02
4.894811775969577436e-03
3.630508259350685198e-03
1.527982094194438312e-02
3.317013252081845148e-03
3.137262379808866686e-03
2.984193668286702888e-03
1.079345263320907744e-02
5.534728635843987748e-03
4.521122557261564312e-02
3.699689798188719042e-03
1.032021918401099681e-03
3.535239516010055261e-02
7.693149883647380782e-03
1.535592088277589959e-02
8.138696431338158718e-03
2.985473498480320509e-02
1.214382961544212269e-03
7.295155721760928150e-03
9.251138706485403929e-03
7.444335571857798803e-03
1.760389310762173164e-03
3.494900274365259681e-03
1.199639768193426666e-02
5.626471279423902495e-03
1.377746428820251536e-02
1.766759528579148544e-02
5.260358896144791754e-03
1.304374844351723593e-03
5.866407693370919579e-02
1.377834173227589568e-02
2.667716601759528156e-03
1.577565282989704804e-02
4.894811775969577436e-03
3.630508259350685198e-03
4.675490574558306342e-03
3.691013817965548092e-03
3.137262379808866686e-03
1.644446467204262879e-02
1.079345263320907744e-02
5.854836046802120754e-03
4.521122557261564312e-02
3.699689798188719042e-03
1.032021918401099681e-03
2.399022602228372686e-02
7.693149883647380782e-03
1.165442216658893297e-02
8.708816863463766933e-03
1.437184854204440199e-02
1.214382961544212269e-03
6.340973907411456487e-03
7.021409845030347069e-03
7.444335571857798803e-03
3.828415423123383496e-03
4.297576423151041984e-03
1.044382346888739384e-02
9.712337231321033215e-03
1.377746428820251536e-02
2.253767231253159253e-02
1.705128160891470485e-04
1.016511108085726891e-03
5.737378627324676850e-02
1.377834173227589568e-02
2.667716601759528156e-03
1.577565282989704804e-02
4.894811775969577436e-03
3.630508259350685198e-03
1.079508977441675371e-02
7.458752761440277934e-05
3.137262379808866686e-03
2.951528035118935328e-02
1.206787373599978348e-02
2.479672494793356066e-03
4.521122557261564312e-02
3.699689798188719042e-03
1.047827882594859917e-03
5.572181867313862058e-03
2.434972560421529153e-03
1.165442216658893297e-02
9.121333999344342219e-03
8.329772485027456611e-03
1.657653903602977069e-02
8.598638472690937201e-03
7.508158232734421164e-03
7.435289292681432349e-03
3.869354654056167062e-03
4.297576423151041984e-03
9.710756693126355865e-03
8.426612197116978981e-03
1.377746428820251536e-02
2.786989577664434475e-02
1.705128160891470485e-04
6.508824070118770892e-04
3.447778493137518274e-02
1.377834173227589568e-02
1.154693535902622881e-03
1.577565282989704804e-02
5.562320904045146841e-03
3.630508259350685198e-03
1.243473680844786253e-02
7.458752761440277934e-05
3.137262379808866686e-03
2.951528035118935328e-02
1.310954108304922781e-02
2.795996371707239452e-03
4.521122557261564312e-02
3.699689798188719042e-03
4.806314944841898196e-03
4.068758534710170682e-04
3.363460463657640034e-03
1.141612222504116703e-02
9.121333999344342219e-03
8.486627190277193367e-03
1.532677112845957923e-02
9.201928618770317814e-03
1.859270360961524926e-02
1.356110598663960200e-02
2.016211030177532740e-03
4.297576423151041984e-03
9.661359312241584590e-03
5.536432371779559380e-03
1.377746428820251536e-02
2.225135570577506036e-02
1.705128160891470485e-04
8.801077295382303718e-04
2.475037986700122372e-02
3.494327988043081923e-02
2.557074427131395683e-03
1.577565282989704804e-02
4.339430962544055768e-03
3.630508259350685198e-03
1.780148055602088705e-02
3.837169420978618368e-04
7.129349646788215103e-03
1.575296581196072160e-02
7.570032696117122255e-03
3.533533564188179408e-03
4.384907597765282106e-02
3.699689798188719042e-03
9.380947612802774394e-03
3.357560461439668478e-03
2.670054945937314420e-03
2.144068626890135998e-03
5.772130207703410343e-03
8.238647561795112151e-03
1.505660132093882865e-02
9.544150574491653410e-03
1.558538242287445773e-02
9.179789044514625324e-03
6.504395574565863258e-03
1.496480751764392610e-03
1.153230633350042778e-02
4.883747906310497919e-03
1.448464355512779980e-02
2.225135570577506036e-02
1.705128160891470485e-04
3.619711929730856821e-03
2.475037986700122372e-02
4.680284248857766172e-02
3.846261277419076550e-03
1.577565282989704804e-02
4.339430962544055768e-03
9.910835975882539492e-03
1.780148055602088705e-02
7.460765610912828416e-03
7.129349646788215103e-03
1.575296581196072160e-02
7.570032696117122255e-03
3.533533564188179408e-03
4.384907597765282106e-02
2.580508206209235038e-03
4.057955284027636722e-03
3.201866008276346882e-03
4.920445422181320139e-04
2.144068626890135998e-03
5.772130207703410343e-03
1.004293598876517674e-02
1.430346651486970148e-02
1.287763404157117597e-02
1.558538242287445773e-02
9.179789044514625324e-03
6.266103825551564040e-03
1.098774700097059076e-02
1.610190454419717365e-02
9.324847819441997587e-03
2.098125019980125183e-02
3.228030908657647524e-02
1.705128160891470485e-04
3.619711929730856821e-03
2.080462333778410056e-02
4.286331395979880304e-02
3.007254753016045789e-03
1.577565282989704804e-02
1.453244976083607407e-03
1.361746577462103619e-02
1.683826604088979953e-02
4.263260908981197223e-03
4.757189691958568778e-03
1.268858695167494888e-02
5.154700912122816420e-03
3.533533564188179408e-03
2.105744020678223735e-02
2.580508206209235038e-03
3.327745788494143250e-03
2.299454286127461389e-03
4.920445422181320139e-04
2.144068626890135998e-03
7.314868163348989261e-03
1.422336963789760933e-02
1.224321979980959318e-02
1.346894289356879298e-02
1.558538242287445773e-02
9.179789044514625324e-03
6.266103825551564040e-03
1.148710503816477435e-02
1.871033442469036481e-02
5.078084064518024673e-03
1.377233830756133259e-02
2.783975677687219874e-02
6.287189178716104734e-03
4.230585669290925013e-03
2.275773732691903709e-02
5.533888772044835702e-02
3.007254753016045789e-03
1.521640078341398791e-02
6.229790078850755593e-03
1.361746577462103619e-02
1.122945574936358437e-02
5.072030527301427290e-03
5.413340113235865989e-03
1.989450466521148694e-02
5.154700912122816420e-03
4.637419110466870290e-03
3.044347390095238082e-02
2.580508206209235038e-03
9.791728607795717812e-03
1.029988435898179658e-03
6.333851754809517991e-04
2.144068626890135998e-03
3.865123125024547829e-03
1.722784240317259963e-02
1.224321979980959318e-02
1.464079856170547034e-02
1.558538242287445773e-02
9.179789044514625324e-03
1.253820508630102380e-02
1.148710503816477435e-02
8.396067490830039920e-03
4.327427924124062873e-03
1.377233830756133259e-02
2.845133459899890083e-02
3.715740098961754084e-03
7.792271572254569172e-03
3.248864119054011707e-02
4.565497679646485230e-02
7.586454525064512122e-04
1.506379347449171915e-02
8.089016583366817614e-03
1.838336512948831117e-02
1.309958485909266598e-02
8.143635004427916130e-03
6.214979514238292389e-03
1.695982326332736573e-02
5.154700912122816420e-03
4.637419110466870290e-03
4.220977912718819336e-02
2.580508206209235038e-03
7.266559757437076293e-03
5.404202492154162353e-03
3.612995732685367160e-03
2.144068626890135998e-03
1.380414115158665102e-03
1.722784240317259963e-02
1.126068975343449095e-02
3.046903322916807641e-02
1.558538242287445773e-02
7.234316910295579550e-03
2.405534079836185724e-02
1.148710503816477435e-02
8.396067490830039920e-03
8.630334020582278859e-04
2.789594409272646083e-02
1.911779060711349398e-02
2.238304642586441944e-03
1.406239880327301434e-02
2.306066032104546124e-02
4.565497679646485230e-02
2.222042483222049641e-05
3.061161533306176741e-04
4.198312529752869227e-03
1.895163066667963220e-02
1.309958485909266598e-02
8.143635004427916130e-03
1.034997906088543432e-02
2.192344158045629599e-02
5.154700912122816420e-03
5.391852160907328190e-03
2.149807012545713186e-02
2.580508206209235038e-03
9.977589476807064567e-03
1.786177241663616452e-02
3.612995732685367160e-03
2.144068626890135998e-03
3.190953191653464645e-03
1.722784240317259963e-02
1.126068975343449095e-02
3.473459973012535396e-02
1.805706300369013320e-02
1.438920444172121088e-02
2.216827169387876328e-02
7.297478880134487464e-03
4.728597984204805510e-03
9.531132383748617404e-04
2.789594409272646083e-02
1.911779060711349398e-02
1.633803687088887513e-02
1.474604831768021318e-02
1.948418759153559832e-02
3.174978071218358816e-02
2.222042483222049641e-05
1.835926033088009640e-03
2.150514395152625102e-03
1.887292029449915906e-02
2.278510284473823228e-02
8.143635004427916130e-03
1.034997906088543432e-02
2.073995585486144641e-02
4.908664697933612028e-03
5.873591055100890052e-03
1.635832721099997333e-02
2.580508206209235038e-03
1.140144284323381385e-02
1.786177241663616452e-02
3.685535727726840793e-04
2.144068626890135998e-03
3.190953191653464645e-03
1.283307440317535755e-02
2.030052549618517610e-02
3.326309926350915630e-02
1.183267471393325242e-02
1.438920444172121088e-02
2.910448926286103577e-02
7.701484381484013410e-03
7.617145404618633382e-03
9.531132383748617404e-04
2.243632756204603021e-02
1.929709238511251312e-02
1.633803687088887513e-02
1.300362079574556018e-02
6.927744660922257464e-03
4.150693385681589881e-02
1.809344167946015658e-03
5.378093450215675961e-03
2.150514395152625102e-03
1.985032724636767373e-02
2.065003044132101770e-02
7.386756193258613504e-03
1.216660676696840193e-02
1.942027839053835428e-02
2.585138133013224846e-03
5.420625663681476192e-03
2.218376760374389176e-02
2.457225963957124573e-03
2.857783419132287756e-02
2.444630330919837086e-02
3.959289261112297858e-04
2.144068626890135998e-03
3.846241463937959473e-03
1.283307440317535755e-02
2.575859458231659696e-02
3.326309926350915630e-02
1.211338470699583475e-02
1.438920444172121088e-02
4.773184135320194393e-02
7.701484381484013410e-03
7.617145404618633382e-03
1.791377610595570880e-03
1.780520373007169616e-02
1.929709238511251312e-02
1.633803687088887513e-02
1.300362079574556018e-02
7.411828058045090949e-03
3.008096696003515619e-02
2.558240330852891778e-03
5.260879846245744909e-03
2.150514395152625102e-03
2.334608380925704690e-02
1.361118622382881047e-02
1.407752888649707601e-02
1.235261466395622815e-02
1.570453219849345800e-02
7.435554195730570241e-03
3.098921647642350480e-03
2.143185210678543590e-02
2.128551481226950010e-03
2.857783419132287756e-02
2.444630330919837086e-02
3.959289261112297858e-04
1.205989238727627963e-02
1.475171287606199221e-03
2.863606352743776340e-03
2.575859458231659696e-02
3.326309926350915630e-02
1.005320099284848050e-02
1.438920444172121088e-02
3.369593682454766204e-02
1.179483795569919238e-03
1.097167504264300042e-02
1.076482792627942581e-02
3.454000500552264347e-02
1.929709238511251312e-02
1.543262780679613422e-02
1.511780684686006571e-02
5.920484144004265273e-03
3.401484682443738083e-02
1.191514277025852719e-02
1.203839596087313141e-02
1.357818474818867083e-02
2.413327191648269310e-02
1.503328954840672631e-02
1.335846568580555636e-02
1.282320382271227160e-02
1.570453219849345800e-02
7.435554195730570241e-03
5.905703552061715780e-03
2.143185210678543590e-02
5.936268774965357264e-03
1.807429964247892623e-02
2.444630330919837086e-02
3.959289261112297858e-04
5.867535199717433675e-03
2.330413755679908768e-03
3.349543869178325198e-03
2.107672894780472997e-02
2.952159799815790714e-02
1.066972921829319881e-02
2.380907744986525409e-04
2.813040825026098118e-02
1.179483795569919238e-03
6.921501100700394246e-03
1.076482792627942581e-02
3.454000500552264347e-02
1.918725419890581624e-02
1.195748459885326298e-02
2.622689146088197365e-02
5.872893577672718378e-03
4.617035854331617839e-02
6.871146716767499371e-03
1.262460873225432385e-02
1.437258721974001355e-02
2.413327191648269310e-02
2.150602691988487414e-02
1.464785968134607597e-02
1.424292239710640666e-02
9.320612814102258517e-03
4.666966880776246898e-03
5.905703552061715780e-03
2.145206702378774088e-02
7.442119299123499052e-03
1.807429964247892623e-02
2.444630330919837086e-02
3.959289261112297858e-04
5.867535199717433675e-03
4.302056782331497610e-03
3.349543869178325198e-03
3.154416428583032422e-02
1.674338970402363541e-02
1.138473796446174552e-02
2.212126174171925169e-03
2.528562482066387673e-02
1.179483795569919238e-03
5.730377542505943854e-03
9.690974063998677654e-03
3.454000500552264347e-02
1.917102200285886182e-02
1.297909321202307675e-02
1.497276183969148411e-02
5.149754082044756716e-03
2.942429258643855169e-02
6.399263429337965006e-03
1.262460873225432385e-02
1.437258721974001355e-02
2.413327191648269310e-02
2.462287852527140358e-02
1.915517078447599025e-02
1.884043383665202909e-02
9.320612814102258517e-03
6.367210908763324892e-03
5.905703552061715780e-03
1.697636125276682020e-02
1.744697440250509574e-02
1.807429964247892623e-02
2.444630330919837086e-02
1.827979252064518972e-03
1.210863163949398719e-03
4.302056782331497610e-03
3.349543869178325198e-03
3.029991086588430457e-02
1.615733967049425360e-02
1.138473796446174552e-02
1.869539830547030379e-03
2.238880845701081423e-02
1.232477248872973496e-03
7.199796519682472029e-03
1.957854850487913273e-02
3.435692265791969596e-02
2.750547522106519191e-02
1.297909321202307675e-02
6.738731876760591620e-03
2.877638242953394453e-03
3.611338046843830252e-02
6.399263429337965006e-03
1.040787146443588815e-02
1.213465337208404285e-02
2.413327191648269310e-02
2.935072574983462607e-02
1.915517078447599025e-02
1.603347677010919306e-02
7.994441656503190052e-03
7.897530111762413388e-03
5.905703552061715780e-03
1.136999678330843401e-02
5.916491247943802927e-03
2.231635913540795657e-02
2.392949076098692743e-02
1.827979252064518972e-03
1.369020891445942110e-03
2.328788806521629468e-03
3.349543869178325198e-03
1.067187205465949806e-02
1.202346797209731186e-02
1.396975855713988510e-02
2.650868903797447274e-03
2.612435818967272227e-02
1.232477248872973496e-03
1.170255865352924814e-02
1.957854850487913273e-02
4.861743946384947113e-02
2.747227845958086917e-02
1.297909321202307675e-02
6.611221813824993097e-03
2.877638242953394453e-03
3.611338046843830252e-02
6.565547931890671970e-03
1.040787146443588815e-02
1.273063800895873204e-02
2.523495153188338308e-02
2.973594644593977737e-02
6.549433879255328605e-03
1.537194443106362600e-02
8.198410337649468874e-03
8.376980278236906621e-03
5.905703552061715780e-03
1.293013279240634583e-02
7.712882137386224690e-04
2.231635913540795657e-02
2.392949076098692743e-02
2.247831692792304908e-03
1.369020891445942110e-03
8.794646670997829929e-03
3.349543869178325198e-03
3.115420639736486003e-02
6.444549596069298891e-03
1.396975855713988510e-02
1.942443082096602380e-03
3.286721174124145051e-02
1.232477248872973496e-03
1.909039508657298795e-02
1.759177629737101317e-02
1.860029596287137571e-02
3.454875397956862215e-02
2.144290755466659107e-02
6.544525874533937276e-03
2.877638242953394453e-03
3.051253945820405628e-02
6.312032009333657517e-04
1.497051384699727913e-02
3.022642877426857250e-02
2.613810277776996982e-02
2.762692502730457536e-02
6.549433879255328605e-03
1.537194443106362600e-02
8.696619430823702285e-03
1.084354494013526141e-02
5.905703552061715780e-03
5.447334293333789407e-03
7.712882137386224690e-04
2.231635913540795657e-02
2.392949076098692743e-02
2.247831692792304908e-03
1.369020891445942110e-03
8.794646670997829929e-03
4.390654738137414817e-03
7.157341782544281161e-02
1.055883762056289768e-02
1.396975855713988510e-02
7.683148069001798086e-03
2.082588844179764087e-02
1.232477248872973496e-03
1.574097341994452198e-02
1.099208680166674328e-02
3.378566618775623309e-02
3.332926674332594569e-02
2.144290755466659107e-02
6.544525874533937276e-03
2.877638242953394453e-03
6.305977570337052696e-03
6.527545643450382217e-04
1.411381104960089325e-02
3.219324517778249933e-02
2.546477393859566604e-02
2.397763474476843557e-02
6.549433879255328605e-03
2.208323475258423471e-02
3.650046352136331052e-03
1.084354494013526141e-02
6.812244660459297781e-03
5.447334293333789407e-03
1.289890956572115489e-03
2.231635913540795657e-02
1.909247204781435586e-02
9.302651319092913873e-03
3.953255644289737150e-03
8.794646670997829929e-03
8.508711329692154185e-03
4.441445388213540596e-02
9.825839788087615406e-03
1.284203822796751819e-02
8.721107846219287862e-03
1.340489975087541009e-02
1.235636676841431192e-02
3.359011631785700433e-03
3.400022719123957371e-03
2.180179271669061003e-02
2.752409498900225404e-02
3.199195952275633165e-02
6.544525874533937276e-03
2.877638242953394453e-03
6.305977570337052696e-03
6.527545643450382217e-04
1.411381104960089325e-02
1.686738291715275673e-02
2.546477393859566604e-02
2.397763474476843557e-02
6.549433879255328605e-03
2.208323475258423471e-02
3.650046352136331052e-03
3.093678572173168967e-03
6.812244660459297781e-03
5.242417162977420705e-03
1.303651769151989784e-03
2.231635913540795657e-02
1.670600654372482799e-02
9.302651319092913873e-03
2.522625367032555951e-03
8.794646670997829929e-03
8.508711329692154185e-03
4.813415384331965613e-02
9.825839788087615406e-03
6.025746871427829429e-03
8.721107846219287862e-03
1.361139394130304013e-02
1.217206690269510144e-02
6.780778536386504116e-03
1.802010360100433570e-03
1.871981681002271233e-02
2.559690285891024625e-02
4.851165753927433322e-02
6.874858404276493543e-03
2.877638242953394453e-03
4.432731609838681808e-03
6.527545643450382217e-04
1.411381104960089325e-02
9.921846402296770340e-03
1.267671976231802070e-02
3.306232179129015708e-02
7.449727071487897805e-03
2.033613130300455929e-02
3.650046352136331052e-03
4.011318252329615364e-03
6.812244660459297781e-03
4.442095006757275366e-03
1.303651769151989784e-03
2.652963535872981254e-02
1.107447887013318123e-02
1.288084145923657116e-02
9.920933766922532260e-03
1.261485408717808246e-02
8.508711329692154185e-03
3.894360021600272448e-02
5.249501166279521569e-03
1.052104429662414041e-02
3.406338856773109564e-03
1.361139394130304013e-02
1.541763157176080992e-02
7.173827650477267344e-03
6.057260560280214659e-03
2.779071369426824173e-02
2.559690285891024625e-02
4.851165753927433322e-02
6.874858404276493543e-03
2.877638242953394453e-03
7.637210243146667910e-04
3.757724262955760512e-03
9.909942695724233142e-03
1.310521460165191450e-02
9.966515875824465479e-03
3.306232179129015708e-02
7.449727071487897805e-03
2.033613130300455929e-02
3.650046352136331052e-03
4.011318252329615364e-03
6.812244660459297781e-03
5.690432332367386693e-03
1.420116308366596060e-03
3.103173899777549385e-02
1.107447887013318123e-02
2.130149820138269381e-02
8.791168145821228602e-03
8.824243867076746184e-03
9.118656123726767704e-03
2.841650841117238438e-02
3.962451294155534647e-03
1.010595175510917848e-02
8.018149113936140493e-03
1.361139394130304013e-02
1.499938846175609061e-02
7.512891859252274207e-03
5.444183803963419284e-03
1.473931296073422575e-02
1.856836594379938921e-02
3.833131311501596777e-02
6.874858404276493543e-03
2.877638242953394453e-03
4.356017370948454467e-03
7.379092333394968173e-03
6.994243319939394236e-03
8.009921166631652628e-03
9.966515875824465479e-03
4.370360112886845227e-02
9.317320020149465892e-03
2.033613130300455929e-02
3.650046352136331052e-03
4.011318252329615364e-03
7.248440948912786112e-03
6.140945874088422386e-03
2.587272303269149212e-04
3.628933456103791699e-02
1.107447887013318123e-02
3.326427415807561849e-02
7.974688131390841525e-03
8.824243867076746184e-03
1.947851198444094240e-02
2.304591083350276265e-02
1.061399333922644940e-03
1.010595175510917848e-02
8.018149113936140493e-03
1.527459921961978398e-02
1.620657158983899310e-02
1.963077358111686710e-04
7.402741965046102934e-03
1.409222520902198537e-02
1.912725805396486151e-02
3.833131311501596777e-02
6.874858404276493543e-03
2.877638242953394453e-03
4.565770334026271297e-03
8.437947584004693025e-03
7.705510035819295063e-03
8.009921166631652628e-03
9.966515875824465479e-03
4.298773594461663405e-02
9.292805088325558141e-03
2.033613130300455929e-02
7.188640472754781116e-03
4.134963060056848563e-03
7.248440948912786112e-03
4.732007249101072115e-03
2.587272303269149212e-04
3.568592161327809736e-02
1.107447887013318123e-02
3.585344138450209661e-02
7.974688131390841525e-03
9.480499001184559266e-03
4.941598255781790017e-03
3.442118205782995766e-02
1.418921002406581949e-03
1.470103001737312759e-02
8.018149113936140493e-03
1.527459921961978398e-02
1.620657158983899310e-02
1.736842569570938263e-04
7.579483508631077067e-03
1.113904982554974471e-02
1.360089149979055827e-02
4.466411951543932529e-02
7.456164822131999999e-03
1.992923509656999506e-03
4.565770334026271297e-03
1.792276357439776674e-02
4.558018994760790719e-03
8.436387377488920383e-03
9.851108642814396243e-03
6.698026331584822080e-02
7.806612320443200720e-03
2.033613130300455929e-02
6.945769845851232881e-03
5.069000522485975213e-03
7.421137813909002220e-03
6.020888378077940764e-03
3.214747889967723218e-03
4.587754413284568511e-02
1.120942441093182584e-03
2.662503011764391983e-02
6.926933736791885017e-03
5.376585041045130534e-03
4.941598255781790017e-03
2.239726663106346091e-02
1.949722113961611242e-02
4.130958945166551474e-03
8.018149113936140493e-03
1.527459921961978398e-02
1.572583406714159193e-02
4.482497032493047533e-03
7.052952873640508380e-03
1.180731605395874892e-02
1.370268245603475411e-02
5.057358541450418521e-02
7.456164822131999999e-03
1.992923509656999506e-03
4.565770334026271297e-03
2.326494157521509162e-02
4.800186574087879354e-03
1.160885436986524612e-02
9.278835586236391930e-03
8.209229361515223145e-02
8.695399820400021712e-03
1.676034233323479838e-02
6.945769845851232881e-03
2.182919802592023402e-03
8.024930482922359651e-03
3.490908832573848437e-03
5.553423195516760807e-03
4.587754413284568511e-02
2.868498914138529338e-04
2.662503011764391983e-02
7.162105245795696504e-03
4.180283774013362000e-03
1.223888765486934316e-02
2.235927280580676108e-02
1.949722113961611242e-02
6.154307690366053740e-03
9.023517824251045885e-03
2.135957161285338690e-02
2.063197020195756473e-02
8.065957466927507410e-03
9.047001489114149184e-03
1.171026147862351194e-02
1.941365988356331951e-02
3.135676213482743030e-02
6.038641348196390965e-03
1.992923509656999506e-03
3.029856728588284365e-03
1.911354706576905149e-02
3.872824379893226657e-03
1.236891262069484201e-02
7.980452482420966748e-03
8.209229361515223145e-02
8.695399820400021712e-03
1.676034233323479838e-02
7.037796843486471450e-03
2.182919802592023402e-03
8.006212418336426662e-03
2.965726759829961229e-03
5.553423195516760807e-03
4.587754413284568511e-02
2.868498914138529338e-04
4.709447513617584513e-03
4.779387257787360427e-03
1.167058320288781766e-02
1.610342219833583305e-02
1.575229294929702054e-02
1.195925334344331153e-02
6.888192475897271690e-03
1.143403686396415181e-02
2.135957161285338690e-02
2.063197020195756473e-02
8.065957466927507410e-03
9.047001489114149184e-03
1.418065967294384125e-02
1.933113757847090483e-02
4.775555201711585013e-02
5.208861077631584714e-03
1.992923509656999506e-03
1.327014251906281916e-04
2.921601709501618627e-02
5.798351626135513429e-03
1.236891262069484201e-02
7.765233883890667113e-03
6.175631440358170243e-02
8.783092461774884979e-03
1.694746991925423843e-02
7.037796843486471450e-03
2.945346917862455907e-03
4.943277679755987870e-03
3.673859392472572909e-03
5.553423195516760807e-03
4.245358527243064256e-02
2.868498914138529338e-04
1.884223615512114775e-03
9.186508497080990432e-04
1.167058320288781766e-02
1.610342219833583305e-02
1.575229294929702054e-02
1.195925334344331153e-02
3.812761704711161402e-03
1.530045887922916459e-02
2.135957161285338690e-02
1.555864499237923082e-02
5.764418064679255327e-03
2.972952410412255456e-03
1.418065967294384125e-02
1.933113757847090483e-02
4.775555201711585013e-02
4.102977461900070115e-03
1.992923509656999506e-03
9.316994356025870561e-03
2.921601709501618627e-02
6.107706140453810981e-03
7.233327241945627928e-03
7.765233883890667113e-03
6.175631440358170243e-02
5.227461331829583863e-03
3.191675490700202067e-02
5.062838175650444771e-03
1.082778604912131709e-02
3.452310968731036461e-03
3.673859392472572909e-03
2.101241436488342218e-03
1.106722892064093515e-02
2.868498914138529338e-04
6.173515155129243731e-04
9.186508497080990432e-04
1.155001116123454200e-02
8.895339295676813265e-03
1.575229294929702054e-02
2.224973896833709608e-03
3.812761704711161402e-03
1.530045887922916459e-02
2.135957161285338690e-02
1.245727872570589166e-02
5.788057809133141662e-03
8.917557783895507101e-03
1.755193839270552045e-02
1.933113757847090483e-02
5.272045112229790248e-02
4.102977461900070115e-03
1.992923509656999506e-03
1.697686444047695822e-02
2.921601709501618627e-02
5.198806420258873101e-03
3.299903356536400961e-03
6.927889407387906838e-03
6.277689643641168327e-02
1.217222919292736474e-02
2.620006890237090366e-02
5.062838175650444771e-03
1.425973898543184820e-05
7.047224386579301926e-03
3.673859392472572909e-03
1.779927637361723887e-03
2.041679396996079476e-03
2.868498914138529338e-04
7.086695649174501108e-03
9.186508497080990432e-04
1.916930669735585763e-02
1.165602544661438651e-02
1.575229294929702054e-02
1.258722509629051078e-03
1.838557295330895541e-02
1.201983439738686828e-02
2.458995832837129747e-02
1.799644643130655919e-03
6.176461892797173274e-03
2.214303446804351261e-04
1.795045662351514582e-02
1.933113757847090483e-02
5.669275466393577934e-02
2.400144744435397329e-03
1.342240890409067411e-03
1.953494337310773821e-02
2.921601709501618627e-02
3.553082833635047219e-03
7.411750498791193180e-03
6.927889407387906838e-03
4.537263372956475832e-02
1.505649979257691305e-02
2.989414303732607081e-02
4.868109733841485647e-03
3.467118411554434565e-03
4.737285863378028726e-03
4.615592390315455262e-03
1.779927637361723887e-03
2.041679396996079476e-03
2.868498914138529338e-04
9.834901822138397351e-03
9.186508497080990432e-04
2.534406408004002617e-02
1.244162998369418432e-02
2.166899405533971243e-02
7.748001274908820554e-03
1.507863551517686987e-02
1.404224292029713356e-02
2.508734744549113993e-02
3.667471125542789978e-03
6.176461892797173274e-03
4.280234033133068286e-03
5.123457835198391014e-03
1.933113757847090483e-02
3.860183229582435371e-02
2.400144744435397329e-03
1.342240890409067411e-03
1.980333353239051991e-02
2.921601709501618627e-02
9.683854636676286765e-03
7.411750498791193180e-03
5.708929100952560287e-04
3.325470532655823430e-02
1.873140295747891676e-02
2.190583967214934993e-02
3.296034902547170450e-03
6.379739522468333077e-03
4.737285863378028726e-03
4.615592390315455262e-03
4.649760690239382321e-03
2.041679396996079476e-03
2.868498914138529338e-04
9.834901822138397351e-03
2.166623219275369029e-03
3.115512724070089445e-02
2.467200219556070495e-02
2.102478228554164816e-02
9.290652654411021838e-03
1.507863551517686987e-02
1.404224292029713356e-02
2.508734744549113993e-02
3.001509693366936210e-03
1.198157243039446249e-02
4.280234033133068286e-03
6.456322302611412073e-03
2.071141145039172293e-02
4.237883219720949696e-02
2.400144744435397329e-03
1.597213790784771104e-03
1.352115191655802080e-02
2.921601709501618627e-02
1.041360634122226805e-02
3.831854156215342734e-03
6.102736655684160710e-03
4.641258049840910147e-04
1.911525016149959177e-02
1.797573293983214734e-02
2.426902047501316995e-03
7.588854063578979667e-03
4.740777934261304442e-03
7.236891178567766113e-03
7.873229532818073334e-03
2.099849487436562887e-03
2.868498914138529338e-04
9.834901822138397351e-03
1.453283341162896203e-03
2.123042440333327771e-02
2.468837354945671581e-02
1.588643296269971750e-02
9.509790779806154282e-03
1.507863551517686987e-02
1.404224292029713356e-02
1.651261377197080910e-02
3.514197824041401241e-04
1.235034409321835586e-02
3.373184276168110073e-03
8.061507851925244633e-03
1.708073027516133699e-02
2.058722624466722412e-02
1.634007565857756306e-03
1.815506799084121506e-03
1.667695682820295733e-02
2.921601709501618627e-02
2.585189599249064496e-02
1.723542109172658543e-04
6.722607112804534178e-03
3.787053513717526711e-04
2.836042821920117807e-02
1.611701231905137213e-02
2.426902047501316995e-03
7.588854063578979667e-03
4.740777934261304442e-03
7.236891178567766113e-03
5.635662163633635771e-03
6.107389546824883511e-03
2.868498914138529338e-04
9.834901822138397351e-03
1.453283341162896203e-03
2.123042440333327771e-02
2.163449689348268326e-02
8.892209819440131946e-03
1.440686105810436678e-02
1.507863551517686987e-02
1.729188891139123163e-02
1.450308206148981024e-02
1.452888148752991965e-03
8.266596898166216068e-03
9.222650573490670523e-03
1.228743924821400213e-02
1.059217957503607623e-02
1.467978580498452423e-02
1.654031932843501697e-03
1.815506799084121506e-03
1.688197788753352871e-02
2.921601709501618627e-02
3.516047105640761339e-02
1.723542109172658543e-04
8.302375722483917170e-03
3.787053513717526711e-04
2.825866577779490713e-02
1.619597787393771762e-02
2.426902047501316995e-03
7.588854063578979667e-03
4.740777934261304442e-03
7.236891178567766113e-03
4.724558762584497515e-03
6.107389546824883511e-03
1.629716097516741014e-06
9.834901822138397351e-03
8.026424662627165696e-03
2.004617945856478761e-02
2.341825191461539835e-02
8.526243713650804440e-03
1.489510262390074738e-02
1.225007411623109041e-02
1.588798642169829065e-02
1.257147074771753671e-02
1.452888148752991965e-03
7.006310596063210043e-03
1.178374498421551689e-02
9.869180240457547937e-03
1.030094865093056020e-02
1.305229328768061671e-02
7.877244269005153482e-03
7.762387857876496336e-04
1.688197788753352871e-02
2.921601709501618627e-02
3.516047105640761339e-02
7.699041387411603016e-03
5.259717758924872290e-03
3.787053513717526711e-04
2.825866577779490713e-02
1.619597787393771762e-02
2.426902047501316995e-03
7.457988046490937432e-03
4.740777934261304442e-03
7.236891178567766113e-03
6.001237934773872434e-03
6.107389546824883511e-03
1.629716097516741014e-06
1.671175314365155873e-03
9.661400773146535184e-03
3.055297140189555671e-02
1.041377399575796510e-02
1.844145035535999649e-03
1.644180579517891608e-02
1.905403661921636210e-02
2.203598858766304958e-02
1.236925379311573994e-02
1.452888148752991965e-03
1.476310640388000736e-02
9.548492190208646146e-03
1.238099725586934777e-02
1.030094865093056020e-02
5.847656929896783394e-03
9.389827605535474089e-03
2.125744288310103813e-03
1.355601243130956021e-02
2.386327263194321785e-02
3.516047105640761339e-02
4.860008434612293933e-03
5.055899891395201559e-03
5.260790285585466297e-04
2.825866577779490713e-02
1.619597787393771762e-02
2.426902047501316995e-03
3.154215753163358213e-03
4.740777934261304442e-03
6.073573773435430798e-03
4.198903034397010771e-03
7.231525350378390296e-03
2.285068289126918062e-04
1.671175314365155873e-03
7.261155691702213776e-03
1.822661845299867328e-02
1.216943609775616650e-02
1.844145035535999649e-03
1.402618563880016732e-02
1.729167331622260065e-02
1.606771243037479271e-02
1.236925379311573994e-02
4.151826392930334925e-04
1.967150106090426523e-02
8.122234379700669221e-03
7.267688243106029677e-03
1.030094865093056020e-02
3.705135049462157052e-03
9.458277895527847368e-03
2.125744288310103813e-03
3.008709225231122851e-03
2.386327263194321785e-02
3.516047105640761339e-02
5.884706260279801149e-04
1.437092012535952368e-03
2.885621240990374030e-03
2.947235726393359831e-02
1.312828623095033120e-02
2.426902047501316995e-03
1.967108047362029627e-03
4.740777934261304442e-03
6.073573773435430798e-03
4.814868634978980780e-03
7.231525350378390296e-03
2.285068289126918062e-04
6.217367946733940928e-03
1.138754004354823254e-02
1.727614860568529170e-02
2.470477391643836895e-02
1.930556287533892468e-03
1.214554384877467377e-02
3.265107528980042834e-02
1.361378844852944789e-02
1.121475032133000677e-02
1.354596988071690017e-03
1.209212443077557764e-02
1.072784557493939792e-02
1.568864445890876674e-02
1.030094865093056020e-02
1.381731964201484038e-02
8.843609238925258589e-03
1.827157161545224506e-03
7.392447484963076548e-03
2.386327263194321785e-02
1.814760125403029264e-02
2.665668404818527168e-03
1.437092012535952368e-03
1.254194907152865121e-03
1.923111685650693431e-02
1.312828623095033120e-02
1.088607148174659291e-03
2.891281238506290124e-03
4.740777934261304442e-03
4.433003875739661807e-03
4.814868634978980780e-03
1.161631004578348760e-02
2.285068289126918062e-04
8.135884391662420723e-03
1.125435014876561071e-02
2.582387505338233288e-02
5.122039821139810073e-02
1.930556287533892468e-03
7.400142761582254036e-04
2.801944101205111615e-02
1.361378844852944789e-02
2.058610901520470035e-02
3.924460361076943793e-04
1.209212443077557764e-02
7.358748928065593151e-03
4.355852381421118635e-02
1.208439461458361147e-02
8.371823135855566839e-03
3.973612020266512057e-04
2.595293121181481335e-03
5.135537646940609505e-03
2.386327263194321785e-02
9.016924462502616880e-03
2.665668404818527168e-03
1.437092012535952368e-03
7.662094549885053660e-03
1.057580510925621581e-02
7.298169093414036239e-03
1.088607148174659291e-03
1.756493428153369993e-03
4.740777934261304442e-03
4.433003875739661807e-03
4.814868634978980780e-03
7.033794297924753774e-03
2.285068289126918062e-04
3.534952303835178864e-03
1.240764305992832738e-02
1.954998907489358118e-02
1.981948893904602466e-02
1.930556287533892468e-03
4.768005748564250156e-03
1.652837635024105231e-02
1.639703354442714062e-02
1.776816721301581123e-02
4.955146439575978164e-04
1.890089771708386435e-02
4.014320589165601763e-03
3.734655066255076344e-02
4.479062226743505716e-03
1.120870616537515685e-02
3.973612020266512057e-04
2.838049891765553803e-03
5.039953670149103539e-03
2.172675606553597233e-02
1.337175341615864932e-02
5.773261613594739272e-04
1.437092012535952368e-03
5.244955717301616471e-03
1.057580510925621581e-02
7.679233192350803407e-03
1.794692278878751331e-03
1.296332689077323063e-03
6.893650129119577308e-03
1.808266291451021517e-03
4.814868634978980780e-03
4.975993985394980626e-03
2.285068289126918062e-04
5.663641054784991288e-03
1.127901973620415617e-02
4.564506099859970412e-03
1.344418601880235237e-02
1.746139083206039999e-03
7.959156901516727806e-03
1.652837635024105231e-02
1.639703354442714062e-02
2.769832892867080815e-02
4.955146439575978164e-04
2.147835563672387954e-02
5.275684324706955870e-03
4.389179851941646393e-02
4.479062226743505716e-03
2.683959241420122085e-02
1.424576034861622584e-03
3.438600009867448428e-03
4.078143471078517560e-03
4.387915969641157515e-02
1.337175341615864932e-02
5.773261613594739272e-04
1.437092012535952368e-03
5.764753759436058375e-03
1.057580510925621581e-02
7.679233192350803407e-03
1.648451722783475428e-03
1.296332689077323063e-03
8.144307284218374465e-03
1.808266291451021517e-03
3.454235500814379495e-03
4.587890844204152614e-03
2.285068289126918062e-04
5.663641054784991288e-03
1.770065869557696514e-02
1.136893281278002557e-02
1.008696059787074668e-02
2.150943488266070583e-03
1.099844011435698737e-02
1.299066084866619571e-02
2.528477437532026389e-02
2.769832892867080815e-02
4.955146439575978164e-04
1.612250447344377655e-02
4.795527347156337480e-03
4.389179851941646393e-02
4.479062226743505716e-03
4.099592468782892185e-02
4.189104289751307067e-03
3.438600009867448428e-03
3.662295265117102190e-03
5.628979087183140495e-02
1.365928042207026349e-02
6.342550417993979457e-04
4.280418191546066925e-02
6.371747370998074797e-03
6.559048682962059784e-03
7.487026908332774372e-03
1.196321577633711018e-03
1.296332689077323063e-03
1.148471566042946236e-02
1.808266291451021517e-03
5.134000705396395484e-03
4.552585334311704673e-03
3.244806230946705589e-03
5.663641054784991288e-03
1.580350127935071722e-02
1.548455266571501648e-02
5.448807888355045731e-03
2.374986516057696513e-03
1.114497650871015128e-02
1.299066084866619571e-02
3.127658960333951771e-02
2.906017191081872175e-02
2.042743545450035475e-04
1.166403131340844855e-02
4.844476209807841577e-03
4.389179851941646393e-02
4.479062226743505716e-03
1.565590718141240956e-02
4.189104289751307067e-03
1.197814114494663920e-02
3.662295265117102190e-03
4.685191576232426713e-02
1.303154691251284282e-02
6.342550417993979457e-04
3.385208097337213257e-02
6.371747370998074797e-03
6.559048682962059784e-03
8.321298180518780022e-03
7.705616682624983000e-04
1.296332689077323063e-03
1.185934925727660967e-02
5.204834728214252984e-03
4.331400979259119981e-03
5.630629987463587303e-03
3.244806230946705589e-03
3.560924340597916658e-03
1.417629890861999559e-02
1.436248044902465812e-02
9.267008012932773098e-03
6.349531846095466531e-03
1.114497650871015128e-02
1.299066084866619571e-02
3.127658960333951771e-02
7.580245149134792748e-02
7.656355607608602426e-04
1.449218479172481588e-03
4.981601112718698522e-03
4.556120332324883893e-02
4.479062226743505716e-03
1.787023332733642805e-02
2.270792472707683016e-02
1.197814114494663920e-02
3.662295265117102190e-03
4.360199414843878019e-02
1.910993766292111776e-02
2.245568971566309913e-04
2.529721084181162094e-02
7.080540116385602295e-03
6.559048682962059784e-03
2.546661733979966105e-02
7.705616682624983000e-04
1.296332689077323063e-03
2.731733102924032569e-02
5.678108593885223404e-04
3.926852136661394647e-03
8.209245029041261146e-03
3.244806230946705589e-03
1.224454140177918746e-02
1.417629890861999559e-02
1.147839738575529185e-02
9.267008012932773098e-03
2.316589590961837947e-02
1.114497650871015128e-02
1.299066084866619571e-02
3.127658960333951771e-02
7.580245149134792748e-02
7.656355607608602426e-04
1.449218479172481588e-03
5.207281461283977397e-03
3.274097859717085834e-02
4.479062226743505716e-03
1.262861129810206005e-02
3.430048367650259666e-02
2.700739008935023472e-02
3.662295265117102190e-03
2.467156695209487063e-02
1.946274490275098565e-02
2.245568971566309913e-04
2.189119236023276405e-02
6.229391443839689749e-03
4.773379685525758892e-03
2.499698397622087537e-02
3.640532879028417906e-04
1.296332689077323063e-03
2.026276446393348793e-02
2.244124681380269600e-03
3.926852136661394647e-03
6.118079781304013899e-03
3.318390376416925462e-03
1.224454140177918746e-02
1.277166392465135455e-02
5.694129448214565320e-03
1.103983482423480031e-02
2.947457676841806762e-02
1.114497650871015128e-02
6.215155765378965920e-03
3.127658960333951771e-02
7.580245149134792748e-02
8.961298391704563887e-04
1.449218479172481588e-03
5.207281461283977397e-03
2.346260694476010045e-02
8.357706215489865004e-03
1.262861129810206005e-02
6.630526923500426606e-02
5.362309456158932675e-02
6.956982431993580240e-04
2.087168835999593519e-02
2.417572673781301709e-02
2.245568971566309913e-04
1.182300883584824422e-02
2.096007181351111637e-03
7.003501097450227225e-04
3.850258045437052884e-02
5.756163564906270971e-03
1.296332689077323063e-03
2.026276446393348793e-02
3.951266602155823621e-03
3.926852136661394647e-03
6.726654752820962133e-03
3.318390376416925462e-03
4.762858053221633720e-03
1.485088946878561356e-02
1.074156258297041464e-02
1.545467200915782643e-02
2.947457676841806762e-02
2.712915932268836986e-03
5.140250405151418345e-03
3.127658960333951771e-02
2.866106527913665422e-02
8.961298391704563887e-04
1.449218479172481588e-03
5.331751130498252854e-03
1.789252714974737604e-02
9.701880065941243317e-03
2.183151691703674041e-02
6.630526923500426606e-02
2.771934049714989620e-02
6.956982431993580240e-04
1.800926507242717883e-02
2.417572673781301709e-02
2.245568971566309913e-04
8.298476037415302570e-03
3.683664838725744795e-03
7.003501097450227225e-04
3.850258045437052884e-02
6.362649796325284962e-03
1.296332689077323063e-03
1.904145296571166379e-02
4.256212046376238456e-03
3.926852136661394647e-03
6.726654752820962133e-03
5.371382611284976696e-03
3.282218057724125768e-03
9.783373240638023119e-03
4.445432930697183413e-03
1.620173467257012001e-02
3.277431353436632833e-02
2.712915932268836986e-03
1.400066468355547645e-03
1.570746750975854367e-02
2.866106527913665422e-02
8.961298391704563887e-04
1.449218479172481588e-03
5.331751130498252854e-03
1.898979907804665412e-02
9.774089514045790003e-03
1.919008877896256557e-02
6.516696511088627963e-02
1.571982758726834031e-02
6.956982431993580240e-04
1.800926507242717883e-02
1.547109036901988914e-02
2.245568971566309913e-04
6.522053873593116127e-03
4.249992504805272416e-03
7.003501097450227225e-04
3.765741412291394308e-02
1.032407882780007891e-03
8.686640075555971015e-04
1.441028227397482715e-02
2.289912760678609795e-03
1.081473201319962246e-02
2.505611288842753137e-03
1.223512770262373192e-02
3.244820683335879457e-03
5.548390495119490812e-03
5.411842026588650593e-03
5.719392398022377436e-03
4.983778908157025789e-02
2.712915932268836986e-03
2.146366107293272082e-02
3.533464012095713369e-02
2.880538817822499154e-02
2.421445765705627744e-03
1.449218479172481588e-03
1.555517326454044537e-03
1.155850458225341632e-02
1.952870639232981431e-03
1.947649505930743041e-02
6.516696511088627963e-02
1.571982758726834031e-02
3.143336671025159963e-04
1.172440404387830107e-02
1.547109036901988914e-02
2.245568971566309913e-04
6.696369218203417767e-03
4.249992504805272416e-03
7.003501097450227225e-04
3.765741412291394308e-02
5.585214560552206886e-04
8.686640075555971015e-04
7.939264430065942624e-03
2.167429424920449751e-03
1.196944067475740753e-02
1.825973400976303729e-02
6.970615260774448360e-03
2.901274471008506630e-03
5.548390495119490812e-03
6.558086990038335465e-03
5.719392398022377436e-03
3.690327126498335608e-02
2.712915932268836986e-03
2.135963914437095934e-02
3.428704543768661822e-02
2.870315800206311302e-02
2.421445765705627744e-03
1.449218479172481588e-03
1.555517326454044537e-03
1.119911459059844301e-02
1.773456241260609224e-03
2.044842223398246270e-02
5.293699445915210633e-02
2.436260800806436255e-02
3.579035998277630532e-04
1.734063379133651134e-02
1.330540573629938883e-02
2.245568971566309913e-04
6.696369218203417767e-03
3.733739512754052133e-03
1.805408121221012928e-03
3.765741412291394308e-02
3.244965406002718687e-03
4.799842809832905940e-03
6.197544076153108268e-03
4.568730987804291502e-04
6.494987646826121119e-03
1.825973400976303729e-02
6.970615260774448360e-03
2.901274471008506630e-03
4.959020532773151732e-03
5.550503028805098098e-03
8.334211652874227994e-03
2.886312996320860441e-02
2.712915932268836986e-03
1.882462370610694241e-02
3.428704543768661822e-02
2.094661502843978007e-02
4.477342733999079005e-03
1.237790440495929994e-03
1.555517326454044537e-03
1.119911459059844301e-02
1.773456241260609224e-03
2.044842223398246270e-02
5.502499367683467285e-02
2.248225812254068395e-02
3.579035998277630532e-04
1.574594425640945053e-02
1.330540573629938883e-02
8.469815713456566725e-03
6.696369218203417767e-03
3.592923321604475292e-03
1.805408121221012928e-03
2.431175925304477833e-02
3.343889463876121605e-03
6.413526573008729130e-03
3.980622022304231879e-03
4.568730987804291502e-04
9.459557659799836676e-03
1.825973400976303729e-02
6.970615260774448360e-03
2.901274471008506630e-03
4.959020532773151732e-03
5.815700387938888515e-03
7.142504085230256920e-03
3.579399466077627656e-02
2.712915932268836986e-03
1.778692722520396410e-02
3.428704543768661822e-02
2.094661502843978007e-02
5.720662361157138540e-03
4.207609829515894517e-03
2.692834175179216472e-03
8.019303016373968349e-03
8.810020511069022175e-04
1.566653719006172799e-02
6.437200560288221241e-02
1.357870108737638075e-02
3.579035998277630532e-04
1.415361325861445516e-02
7.474600013514898049e-03
5.602106554645019942e-03
1.607679948732452027e-02
2.680291650386512885e-03
6.603832599729025357e-04
4.854768036675130571e-03
4.170829612334050682e-03
1.180725739998448980e-02
3.224549728818114965e-03
1.498980086531957398e-03
7.148239393795153412e-03
1.872073336755019496e-02
6.970615260774448360e-03
2.947257777894469327e-03
4.959020532773151732e-03
5.772972631188654641e-03
6.285440349131821321e-03
4.475951080484663613e-02
2.712915932268836986e-03
2.045267460338184504e-02
3.608834995385301614e-02
2.094661502843978007e-02
4.407462903905598819e-03
4.207609829515894517e-03
2.692834175179216472e-03
6.280582330200441474e-03
4.289195685092001345e-03
1.650344534945712149e-02
4.596952390464167232e-02
1.832293306205146424e-02
3.579035998277630532e-04
6.287111977382351877e-03
7.457772071326283954e-03
4.870978086330197965e-03
1.652455327587789430e-02
2.653725046490271276e-03
3.203085130158684658e-03
2.754695265561763265e-03
1.441043241525552868e-02
1.030472291961200687e-02
5.008268088978430274e-03
1.498980086531957398e-03
7.148239393795153412e-03
1.872073336755019496e-02
5.950365053641141870e-03
4.228502580057615090e-03
4.959020532773151732e-03
6.618805077448731630e-03
6.925793702101092075e-03
5.896975813346180817e-02
2.712915932268836986e-03
1.993321946925982052e-02
4.633290285250240420e-02
1.896939468751483379e-02
1.402791137041475844e-02
4.711857086844447283e-03
2.692834175179216472e-03
7.888250152721289904e-04
2.304767646635679998e-03
1.117982782201484837e-02
4.596952390464167232e-02
1.429510194819540517e-02
3.579035998277630532e-04
3.627159968057373438e-03
1.203653632931133213e-02
8.695807762148304379e-03
1.652455327587789430e-02
2.659810878466448321e-03
4.940961027277058007e-03
2.615066008885388871e-02
9.636098577736023144e-03
9.799225359913107947e-03
1.228699524391908132e-03
1.107576777992903914e-03
1.153356048926145253e-02
1.176058669644798431e-02
6.512257722583895958e-03
3.070245221960950580e-03
4.959020532773151732e-03
6.618805077448731630e-03
1.648949144645722037e-02
5.896975813346180817e-02
2.961027703264564395e-03
2.312508501940073458e-02
2.723829487887972911e-02
1.896939468751483379e-02
1.115646351559251848e-03
4.504042584735252173e-03
1.665597650873802335e-03
3.257173910513940646e-05
2.304767646635679998e-03
6.369800213055597585e-03
1.670710703668609742e-02
1.368614484430940442e-02
3.579035998277630532e-04
4.696573854655286540e-03
1.225780376695028394e-02
6.519529153743273790e-03
1.339351824759439993e-02
3.406091619549629461e-03
5.334821823595962270e-04
3.094663306952116777e-02
2.255010239831559127e-03
8.885379273669440081e-03
1.228699524391908132e-03
7.373528915659351146e-03
1.449004089564651446e-02
1.193242544051379556e-02
6.512257722583895958e-03
3.070245221960950580e-03
1.191184015237950304e-02
6.618805077448731630e-03
1.203021906489143943e-02
5.483792009685916485e-02
1.929776787651881625e-02
2.323227239903142075e-02
4.142916469823110237e-02
2.110909691652708420e-02
3.519318370895100669e-03
3.955045292944147153e-03
2.221183991719605580e-04
3.419212774400735844e-03
2.304767646635679998e-03
4.126227795303583079e-03
2.308127105857927033e-02
2.443751182811109215e-02
3.579035998277630532e-04
3.347339027064153826e-03
1.225780376695028394e-02
1.230115622594675495e-02
9.737505724064024482e-03
9.003794794152751232e-03
1.073673808100607599e-02
4.323403478884903922e-02
2.675158729468073149e-03
8.885379273669440081e-03
8.972091632577888472e-04
7.434440171629760376e-03
2.994050456314584219e-02
9.349911429130287541e-03
3.422667015600285717e-03
3.431238088456599333e-03
5.576179867491454223e-03
6.618805077448731630e-03
1.203021906489143943e-02
5.483792009685916485e-02
1.323765358254799102e-02
2.222148042073219046e-02
3.003622950968963187e-02
2.861702221578906608e-02
3.212443435892633342e-03
4.923306413215420771e-03
8.622139504019417366e-04
3.419212774400735844e-03
2.304767646635679998e-03
1.563982089971202583e-04
3.091938751993058079e-02
3.391484342693039389e-02
3.579035998277630532e-04
8.096068822646428076e-03
1.271011722230601035e-02
1.604229202861363196e-02
9.737505724064024482e-03
9.537311457906361839e-03
1.215743428008892943e-02
2.805809966382617759e-02
2.675158729468073149e-03
8.885379273669440081e-03
8.972091632577888472e-04
2.232934277995451966e-03
2.062193633713310659e-02
9.349911429130287541e-03
3.434391185798170432e-04
3.431238088456599333e-03
1.470379945316867970e-02
6.618805077448731630e-03
2.069715003695517946e-02
5.483792009685916485e-02
1.880397189985654610e-03
7.017977142391617490e-03
1.002202773795649732e-02
2.566823815998522940e-02
3.384827584978941997e-03
1.506849912914030518e-02
8.622139504019417366e-04
5.724155864036521019e-03
2.304767646635679998e-03
2.011175956054623898e-04
4.478107851877947965e-02
3.391484342693039389e-02
3.579035998277630532e-04
1.010179778038500231e-02
1.271011722230601035e-02
1.567400755239228838e-02
4.511883872473677892e-03
9.537311457906361839e-03
3.807817471727961006e-02
2.440578993408324196e-02
8.776217114759600479e-03
8.885379273669440081e-03
8.972091632577888472e-04
6.669110995038377877e-03
1.760665866993738754e-02
2.210403047892392850e-03
3.434391185798170432e-04
3.535654883881776418e-03
8.377386699002982787e-03
6.541223570102110141e-03
1.253684392850951644e-02
4.587635657205546558e-02
1.880397189985654610e-03
3.525965298048206169e-03
1.002202773795649732e-02
2.150746105608071501e-02
1.366363266227376728e-03
1.506849912914030518e-02
8.622139504019417366e-04
6.191788873772158946e-03
1.749026523273516411e-03
3.856055652667303175e-03
4.526650160869663542e-02
3.986446530134118288e-02
4.481809133827036051e-03
1.074693474436473964e-02
1.221348043376830304e-02
3.919486198874482658e-04
4.943783013128864520e-03
7.551656883447693813e-03
3.119464355163914515e-02
1.219389188830195467e-02
9.220067928680785244e-03
7.328209383778707189e-03
8.972091632577888472e-04
5.092842022978812631e-03
1.760665866993738754e-02
2.210403047892392850e-03
1.120674042347990888e-03
1.309219406902335098e-03
8.377386699002982787e-03
6.541223570102110141e-03
1.025220071913275285e-02
4.587635657205546558e-02
1.880397189985654610e-03
3.525965298048206169e-03
1.002202773795649732e-02
2.076500560811576218e-02
1.366363266227376728e-03
1.750936830246383608e-02
8.622139504019417366e-04
6.191788873772158946e-03
1.408521119463544691e-02
5.417957954587968722e-03
3.675234493849525996e-02
5.026283270139688536e-02
1.480024852694922406e-03
1.570724120516984318e-02
1.251387845686911110e-02
3.919486198874482658e-04
4.943783013128864520e-03
1.921399806564404525e-02
2.311435302711942891e-02
8.743047915165598136e-03
9.199402064996198281e-03
7.480959693511769412e-03
3.801188442281843577e-04
6.151443764906431091e-03
1.893638717868618981e-02
2.210403047892392850e-03
1.387314857591238210e-03
3.036215989669574684e-03
7.814396463339905868e-03
7.473327789521547193e-03
1.111265064291841291e-02
3.771862404197441621e-02
1.880397189985654610e-03
1.651203130555392411e-03
1.002202773795649732e-02
1.816026946588759211e-02
1.366363266227376728e-03
1.750936830246383608e-02
8.622139504019417366e-04
5.627698923462719043e-03
2.454090048017425890e-02
1.632686128807571760e-03
2.359729379018309786e-02
3.197086428240313027e-02
2.291355003088657930e-03
2.193524446251890817e-02
1.340537498282971807e-02
4.662109895332998064e-03
4.943783013128864520e-03
2.706663959335231864e-02
1.269134423038420501e-02
8.743047915165598136e-03
4.819099353998394265e-03
1.271459807652255622e-02
2.109389236635957499e-03
7.300352070912248699e-03
1.661403953291424804e-02
3.994989124886666118e-03
6.481174124354496455e-03
1.659776966466756237e-02
7.814396463339905868e-03
2.787112528855644616e-03
2.531782134085149710e-02
3.771862404197441621e-02
1.863647053930152404e-03
3.305759997306637575e-03
1.002202773795649732e-02
1.862611439914709302e-02
1.366363266227376728e-03
2.616000046128214365e-02
1.094105992306112010e-03
7.968294325608540896e-03
3.177407932787161549e-02
1.461543701524280550e-03
2.467280934338435608e-02
2.204725150092757061e-02
2.291355003088657930e-03
1.850715741881857335e-03
1.458565512355480473e-02
7.409457629905025211e-03
1.569771180200157934e-02
2.706663959335231864e-02
1.690624094139887151e-02
1.014393127337045487e-02
6.345213656443411503e-03
1.271459807652255622e-02
4.882723664411364739e-03
5.593925418246175132e-03
2.149732267375656369e-02
3.498845850165681337e-04
4.476999484140431473e-03
1.476357308339401250e-02
7.486178992236389856e-03
2.787112528855644616e-03
2.531782134085149710e-02
3.771862404197441621e-02
1.863647053930152404e-03
3.366382521241740537e-03
2.207682028714574862e-03
1.926303242087352291e-02
1.909497980735523626e-03
2.616000046128214365e-02
3.076697289313172143e-05
5.822370320851159332e-03
2.568087329872318497e-02
3.059863517544229167e-03
2.020809498746287472e-02
2.979339504742218106e-02
2.465203420143694587e-03
1.850715741881857335e-03
1.597389420236710461e-02
5.292840444344660070e-03
9.037186629900443441e-03
1.668632617003612192e-02
1.690624094139887151e-02
1.014393127337045487e-02
3.730669860456399534e-03
1.271459807652255622e-02
1.974382345928540894e-02
5.593925418246175132e-03
2.149732267375656369e-02
3.498845850165681337e-04
8.278461929164388639e-03
8.222544596995883318e-03
1.442193448625138028e-02
2.179353361878529505e-03
2.531782134085149710e-02
2.644376624621579824e-02
1.863647053930152404e-03
1.185055322959252620e-03
2.994742413822670032e-03
1.506025477995238254e-02
2.539559810213387094e-03
2.017699257833018706e-02
3.076697289313172143e-05
9.373510603860282786e-03
2.439950064741513991e-02
1.283744469742479147e-03
1.904418200794759722e-02
2.048933768478855208e-02
2.465203420143694587e-03
3.637340690622599230e-04
9.747099967823538713e-03
2.407294759139672925e-03
1.396502815401045976e-02
9.067292563641598038e-03
1.690624094139887151e-02
5.228699114818474020e-03
3.918837810698686669e-03
1.271459807652255622e-02
1.974382345928540894e-02
5.593925418246175132e-03
2.149732267375656369e-02
3.498845850165681337e-04
9.049200317811102387e-03
1.147854828050365664e-02
1.828824795818984397e-02
1.546347227444240524e-03
2.205221046643745034e-02
3.420036010939579013e-02
2.419264724450073244e-03
4.036904407795319227e-03
3.418061500942827600e-03
1.448918604497065853e-02
2.539559810213387094e-03
2.017699257833018706e-02
3.076697289313172143e-05
1.304743736072666235e-02
3.963741311522998856e-02
1.065946987571759520e-02
1.904418200794759722e-02
1.484726888971907299e-02
2.465203420143694587e-03
3.637340690622599230e-04
9.747099967823538713e-03
2.407294759139672925e-03
1.907180498795764748e-02
9.360169468547299698e-03
1.690624094139887151e-02
5.228699114818474020e-03
2.724148855463844748e-03
4.741728224483742100e-03
1.974382345928540894e-02
3.186180955917872898e-03
2.149732267375656369e-02
3.498845850165681337e-04
1.270313167052001049e-02
1.568660268729426405e-02
2.100241252848048662e-02
2.420659785295021203e-03
4.224420299373459614e-03
2.371786322343753806e-02
2.419264724450073244e-03
5.735973476895226547e-03
1.050354619701263093e-02
1.499478799311808851e-02
1.674802015225181767e-03
2.017699257833018706e-02
2.484618685640423846e-03
1.303972810831280013e-02
1.524908077135878927e-02
1.065946987571759520e-02
4.650737308488032962e-02
1.484726888971907299e-02
2.465203420143694587e-03
3.637340690622599230e-04
9.747099967823538713e-03
1.892688879342970410e-03
1.907180498795764748e-02
6.066117138147456359e-03
1.690624094139887151e-02
1.117931893341383466e-02
6.841367196091241443e-04
1.149120823230187147e-03
1.898282940379449751e-02
6.782073985825025136e-04
1.272011180727300461e-02
2.848185144002892875e-04
1.270313167052001049e-02
1.568660268729426405e-02
2.761279584811105955e-02
1.831706809119517916e-03
4.757218902886120593e-04
2.216591351370353347e-02
2.419264724450073244e-03
9.562236361702714654e-03
2.013335422447665862e-02
2.988164544022910499e-02
1.674802015225181767e-03
2.184244501117924009e-02
1.124265236864617056e-03
1.872685417381281248e-02
4.125755724336212238e-02
1.065946987571759520e-02
3.982079189912095252e-02
1.484726888971907299e-02
2.465203420143694587e-03
3.978539400258144024e-03
9.747099967823538713e-03
7.788229473806132161e-03
1.907180498795764748e-02
1.311331580618730827e-03
2.077511032598812479e-02
1.105209715338430383e-02
6.841367196091241443e-04
4.910324136898155771e-03
2.292858253134547053e-02
6.782073985825025136e-04
1.506324781305795613e-02
2.562152206346724370e-04
1.270313167052001049e-02
1.568660268729426405e-02
4.294889741550825257e-02
1.831706809119517916e-03
3.007166394325362429e-04
1.355740518810132425e-02
5.344123947153839186e-04
6.283293011361950134e-03
2.013335422447665862e-02
1.280298430323621381e-02
2.340842024767256051e-03
1.877261401656080478e-02
2.051999850945288723e-03
1.872685417381281248e-02
2.983413663672274466e-02
1.986818664532790778e-03
7.070742181761949241e-02
1.484726888971907299e-02
2.499209540329633099e-03
1.695322492849140597e-03
1.180183588462169891e-02
1.967772624475019883e-03
1.400328087709300576e-02
5.266407775485016339e-03
1.568655721702847186e-02
1.448364809077744286e-02
1.193367748048115070e-03
7.822889098109169631e-03
2.292858253134547053e-02
6.782073985825025136e-04
1.542567962389895103e-02
2.562152206346724370e-04
1.310228257758507160e-02
1.100276087531980654e-02
4.294889741550825257e-02
1.831706809119517916e-03
7.755821993048681029e-04
1.917522131805321842e-02
2.926556518763794371e-03
7.077383653539668154e-03
1.988065851223383418e-02
1.049231521910596460e-02
2.340842024767256051e-03
1.877261401656080478e-02
2.569510408991417666e-03
1.232823016887628874e-02
2.778307719978563572e-02
1.107530529034089772e-05
8.122453297826005836e-02
1.484726888971907299e-02
2.846251741843650908e-03
6.603466383484784402e-03
1.142323766622381151e-02
6.874032535337139607e-03
1.343412902498690095e-02
8.157555295523652786e-03
1.629050428995940450e-02
1.909424642829635546e-02
1.193367748048115070e-03
1.364874319027852174e-02
1.533050131043157613e-02
7.425085435943734775e-03
1.712014828175470113e-02
2.562152206346724370e-04
1.310228257758507160e-02
1.100276087531980654e-02
4.294889741550825257e-02
1.831706809119517916e-03
7.755821993048681029e-04
1.917522131805321842e-02
3.427675310639772405e-03
7.573033451627238927e-03
1.481351197708257600e-02
6.935326318502733206e-03
2.340842024767256051e-03
1.877261401656080478e-02
2.569510408991417666e-03
1.232823016887628874e-02
2.222978959653268416e-02
5.132812630695963605e-04
7.441938742574569221e-02
1.273141032773416476e-02
5.130157755459663349e-04
1.601951468487722990e-02
1.108528282731520084e-02
8.262993489182388768e-03
1.700816057563639405e-02
5.981685189475498265e-03
1.768234969293948355e-02
2.011648604709779728e-02
1.193367748048115070e-03
2.126384832593811169e-02
2.465836312432818922e-02
9.250239063827344829e-03
1.712014828175470113e-02
2.562152206346724370e-04
1.310228257758507160e-02
9.338531102288997326e-03
4.294889741550825257e-02
7.128363945504477203e-03
7.755821993048681029e-04
1.212741632611775804e-02
5.528902717104499515e-03
4.925458646203946002e-03
5.238668522761663962e-03
1.091685628852703469e-02
2.340842024767256051e-03
1.593331612362956784e-02
2.569510408991417666e-03
1.128453770386792648e-02
2.222978959653268416e-02
1.002723983957697074e-03
7.012971857308608614e-02
1.343031692292383922e-02
1.075044852231737263e-03
9.586059902983647130e-03
7.690313347621879903e-03
8.262993489182388768e-03
1.559188503460811996e-02
5.634846995746962094e-03
1.756747149807502337e-02
2.593482269439292831e-02
5.859689497852250267e-03
4.219592167686650463e-02
2.659829780119604692e-02
1.538690225243239014e-02
1.494411448000116868e-02
2.562152206346724370e-04
1.310228257758507160e-02
1.097612368072446026e-02
4.294889741550825257e-02
4.975718708597646339e-03
7.755821993048681029e-04
1.568369596788200815e-02
5.528902717104499515e-03
4.925458646203946002e-03
1.019407114710102133e-02
9.340391055564709055e-03
2.340842024767256051e-03
2.001949994282659420e-02
2.551244206161897704e-03
1.558482549375267423e-02
2.715998877696318772e-02
1.002723983957697074e-03
4.967269041086304349e-02
1.343031692292383922e-02
1.075044852231737263e-03
9.172888903127701665e-03
7.690313347621879903e-03
8.262993489182388768e-03
1.137383151329787213e-02
5.942676517947435844e-03
1.301312123486209060e-02
2.593482269439292831e-02
3.749780546405845350e-03
3.845330629370411618e-02
2.079317019545467646e-02
1.359438007404184176e-02
1.494411448000116868e-02
2.562152206346724370e-04
1.310228257758507160e-02
4.859291615763195599e-03
3.884097729348855166e-02
5.592981801431031255e-03
7.755821993048681029e-04
1.325746526585393908e-02
2.584045693242293523e-03
4.871513788510202503e-03
1.019407114710102133e-02
1.343737763828428342e-02
2.340842024767256051e-03
2.001949994282659420e-02
2.551244206161897704e-03
1.461652177118843640e-02
2.901597658442657546e-02
1.174384127352025515e-03
6.099247759809151015e-02
1.343031692292383922e-02
1.075044852231737263e-03
7.205609628647767495e-03
7.515749260676934419e-03
9.031832655791022235e-03
7.380550286704239821e-03
6.496115994108395651e-03
1.301312123486209060e-02
2.593482269439292831e-02
1.838425088096267129e-03
3.209028413470802615e-02
2.333008565307606239e-02
2.338525845988174978e-02
1.277304531860354482e-02
4.759143064692103638e-03
1.310228257758507160e-02
2.164060801865442737e-03
3.687262841130709706e-02
4.802086252066359653e-03
7.755821993048681029e-04
1.673072868640759076e-02
1.325935833655577170e-03
4.871513788510202503e-03
1.092026609185283575e-02
9.459592204106803681e-03
2.340842024767256051e-03
2.001949994282659420e-02
8.509985534957575926e-03
1.311836817180931682e-02
2.681213340847674736e-02
1.174384127352025515e-03
2.443314039391266540e-02
1.507428322031370560e-02
1.075044852231737263e-03
7.205609628647767495e-03
4.603715081865631872e-03
1.104286461647437621e-02
7.380550286704239821e-03
6.496115994108395651e-03
1.301312123486209060e-02
2.593482269439292831e-02
1.838425088096267129e-03
2.069328640126920360e-02
2.714082854991773167e-02
5.280326200680975773e-02
1.407703650139191173e-02
1.305356325691343390e-02
2.505466615127694904e-02
2.365539131456269317e-03
3.687262841130709706e-02
6.730818171894751428e-03
7.755821993048681029e-04
4.729307262610626256e-03
1.334900143935504766e-03
4.918640657845179537e-03
7.535664278219980985e-03
9.459592204106803681e-03
2.340842024767256051e-03
1.821546629145922094e-02
7.700229970197015883e-03
3.252785056116318241e-02
6.117218769651570909e-02
1.174384127352025515e-03
3.767479825999239806e-02
1.515400577299407317e-02
2.077223836619316796e-04
1.240653429177855475e-02
8.811508286916788085e-03
5.125422401440963074e-03
9.311478155582385285e-03
6.496115994108395651e-03
1.301312123486209060e-02
2.593482269439292831e-02
2.085581405283621313e-03
1.694614465401559841e-02
3.415488423884265046e-02
4.451212979569654088e-02
1.407703650139191173e-02
1.390335006064766579e-02
2.343538135874635719e-02
2.088991776975576871e-03
3.687262841130709706e-02
5.624600124610941790e-03
7.755821993048681029e-04
3.550270199621249553e-03
1.290807892917016520e-03
4.918640657845179537e-03
7.511345716021381944e-03
1.027341857704476905e-02
2.350380017986336816e-03
2.592699403397907831e-02
7.700229970197015883e-03
3.577876554915106200e-02
3.243828932959211958e-02
1.174384127352025515e-03
5.964287774162538303e-02
9.102315634569285718e-03
2.077223836619316796e-04
1.665542491738663394e-02
4.913836010386016251e-03
7.560823496911103780e-03
9.499317757946016891e-03
5.212536512094450430e-03
1.307282876777362754e-02
2.593482269439292831e-02
1.939305750148045786e-03
1.232330501081436991e-03
1.616482422473749375e-02
4.384115610636432625e-02
8.106998967854018093e-03
1.497810130328957462e-02
4.516928609888457707e-02
2.088991776975576871e-03
2.752871460372545431e-02
5.624600124610941790e-03
7.755821993048681029e-04
3.550270199621249553e-03
2.919142741728489830e-03
4.918640657845179537e-03
9.132960442939569434e-03
5.524431781348317430e-03
2.350380017986336816e-03
2.014606942055596067e-02
7.700229970197015883e-03
2.323989333952007630e-02
2.074903011357918242e-02
1.695347251861062214e-03
5.964287774162538303e-02
7.832902071858454177e-03
9.114679675424879751e-04
1.705750963189995445e-02
4.913836010386016251e-03
7.560823496911103780e-03
7.681215186424946578e-03
5.212536512094450430e-03
1.307282876777362754e-02
2.593482269439292831e-02
1.939305750148045786e-03
8.026332815586019465e-03
1.434987494940435926e-02
5.836618153999136027e-02
8.219672159434247838e-03
1.801199038762560031e-02
2.449189472303922588e-02
2.088991776975576871e-03
2.678613076603657273e-02
1.059351495717722122e-02
7.755821993048681029e-04
4.573612206738702016e-03
3.231616724347675246e-03
9.645144777750993409e-03
9.132960442939569434e-03
5.689534074725855275e-03
2.350380017986336816e-03
2.165386734692565512e-02
5.913176929659270595e-03
2.242757514837428329e-02
2.172397697308056305e-02
1.695347251861062214e-03
5.076788856676026085e-02
7.163018461923431092e-03
8.847799453457431268e-03
2.340446517585453509e-02
4.913836010386016251e-03
8.042546112009541642e-03
7.513423544336934011e-03
5.212536512094450430e-03
8.672001010177760039e-03
2.593482269439292831e-02
1.939305750148045786e-03
8.026332815586019465e-03
1.429533497433025171e-02
5.748189727046716657e-02
1.362900412600378912e-02
1.801199038762560031e-02
2.204644900030694465e-02
2.088991776975576871e-03
4.283571524678144588e-02
1.059351495717722122e-02
8.966442304787972453e-03
4.749855059972995196e-03
2.456612383431475317e-03
1.208529085268215952e-03
1.460141062900464047e-02
4.708184700433612827e-03
2.350380017986336816e-03
2.446922809447226246e-02
4.859128339049574759e-03
2.242757514837428329e-02
2.172397697308056305e-02
1.695347251861062214e-03
4.058932960950663305e-02
7.163018461923431092e-03
8.847799453457431268e-03
2.990582218652463112e-02
4.913836010386016251e-03
6.383803289622718563e-03
1.349259525337734821e-02
5.212536512094450430e-03
7.948194828145153587e-03
2.532250412255728986e-02
2.109619893460781132e-04
2.637401472974531657e-03
1.817531855771845409e-02
5.748189727046716657e-02
8.927638079543260760e-03
1.690699819741922974e-02
2.721402380132187035e-02
2.088991776975576871e-03
5.752399855392501676e-02
8.936654818324781674e-03
1.339903771220233956e-02
1.319817103435429878e-02
2.542079714817097047e-03
1.208529085268215952e-03
9.665188018563596745e-03
4.708184700433612827e-03
2.519916002981953743e-03
2.446922809447226246e-02
1.678912689953468776e-03
2.191596535607764212e-02
2.141792080096286549e-02
1.695347251861062214e-03
3.587251070651206047e-02
7.163018461923431092e-03
9.855651837367130491e-03
2.156448262266261878e-02
3.797085500408975065e-03
4.551885492901389281e-03
6.667816371174178219e-03
2.682912337530938066e-03
1.972496950537912935e-03
4.227148273839158830e-03
2.109619893460781132e-04
7.996027691741954685e-03
4.037697584714738247e-03
3.750796430707646623e-02
8.927638079543260760e-03
1.422705400192498040e-02
2.341360673636371306e-02
1.436258081040809199e-03
5.752399855392501676e-02
1.455304794894202690e-02
1.184361282239796385e-02
1.319817103435429878e-02
2.709580933553415623e-03
1.317868788523818540e-03
6.470616934195797323e-03
3.366432590023378611e-03
2.519916002981953743e-03
2.446922809447226246e-02
1.678912689953468776e-03
2.185730402115682036e-02
2.216928569458029297e-02
1.695347251861062214e-03
3.587251070651206047e-02
7.163319023824946813e-03
8.388792448483766567e-03
2.180064959944244540e-02
1.986010453337638121e-03
1.275231247138513754e-02
6.291625201682773255e-03
2.751746697201172889e-03
1.972496950537912935e-03
4.227148273839158830e-03
2.109619893460781132e-04
8.989027419284444098e-03
5.676102742716468766e-03
3.147721413174164179e-02
8.927638079543260760e-03
1.422705400192498040e-02
1.143284134654455261e-02
1.554458367654207307e-03
3.928072759333219033e-02
1.455304794894202690e-02
1.184361282239796385e-02
9.940453802043596604e-03
8.929128339974241185e-04
1.111352980022636133e-02
6.470616934195797323e-03
5.229848658787861551e-03
1.557619217705282725e-03
2.446922809447226246e-02
1.678912689953468776e-03
4.165155103953804144e-02
1.161718950836594655e-02
1.110552291607010827e-02
3.587251070651206047e-02
5.881181051639382089e-03
4.678012519677305150e-03
2.180064959944244540e-02
1.281574431223947604e-02
1.275231247138513754e-02
7.667961885720939348e-03
1.363743050934795170e-03
6.074032912256499550e-03
2.977343847560646149e-03
2.109619893460781132e-04
1.137647968631177141e-02
4.357858415234268021e-03
1.657717481851392338e-02
8.927638079543260760e-03
1.422705400192498040e-02
1.146098341754107214e-02
1.554458367654207307e-03
3.678864558369662752e-02
1.439286139935740637e-02
1.359267450156794593e-02
9.126235016985397366e-03
2.669842659572278266e-03
1.111352980022636133e-02
1.381448758452881106e-02
1.440378664911061250e-02
1.495989228791216701e-02
2.184833142845936382e-02
5.504073059206408824e-03
4.165155103953804144e-02
1.566635813018017742e-02
1.110552291607010827e-02
3.762604779173533281e-02
7.837581644689345026e-03
1.949695878196888721e-02
2.815092876937872607e-02
1.419815469268897318e-02
1.275231247138513754e-02
7.414537683434903846e-03
1.227533770004731037e-03
3.675621540860252862e-03
3.938442793428498581e-03
4.822355787175443384e-04
4.982010425410868248e-03
4.357858415234268021e-03
8.886108413158228317e-03
8.927638079543260760e-03
1.422705400192498040e-02
9.697227364060650653e-03
5.798868999320276260e-03
5.448584607241313549e-02
1.439286139935740637e-02
1.400886969546029023e-02
9.025143275356226763e-03
2.669842659572278266e-03
1.414845377201478724e-02
1.340582632988079198e-02
2.171642036697069705e-02
1.464009769957478821e-02
2.184833142845936382e-02
2.546211655103337163e-02
4.165155103953804144e-02
8.272811327603284484e-03
1.110552291607010827e-02
3.430643682109697779e-02
8.928667248407599552e-03
2.379353825184274060e-02
3.400846491406873257e-02
2.771834387401238969e-02
1.010928169543194761e-02
7.414537683434903846e-03
9.099469208507994945e-04
8.975728273911839916e-03
1.377155799396189567e-04
4.567809565595413752e-04
8.808225869991675311e-03
4.357858415234268021e-03
6.280065671155453735e-03
1.179607076565213422e-02
1.422705400192498040e-02
4.502446202281995200e-03
5.798868999320276260e-03
5.448584607241313549e-02
1.439286139935740637e-02
1.600962684359932484e-02
9.025143275356226763e-03
1.202214266152808186e-03
1.476080600817251259e-02
1.189525340983127281e-02
2.533923745972790909e-02
1.464009769957478821e-02
1.620469718451363755e-02
2.358113816938499710e-02
3.207556643512755878e-02
5.158323500773160167e-03
1.214077291514530435e-02
1.660223240056128008e-02
1.298667479316382468e-02
2.383841656002489567e-02
5.005814879440138171e-02
2.499866845221863226e-02
8.800602404729674505e-03
1.554314711407641346e-03
5.271594062947679293e-04
8.320948049410676825e-03
1.377155799396189567e-04
5.477530761981777574e-04
8.808225869991675311e-03
4.357858415234268021e-03
1.036520755183600179e-02
6.775177902849561888e-03
4.563618693081952782e-02
4.831022551809949217e-03
5.798868999320276260e-03
5.143535457794255750e-02
1.378546948783448793e-02
2.383329298883409691e-02
1.879572495887351508e-03
4.591907337471645353e-04
1.190035570588784258e-02
1.189525340983127281e-02
3.985065005007671496e-02
1.362926463776998991e-02
1.620469718451363755e-02
2.358113816938499710e-02
1.829457901149936921e-02
9.051966600407818780e-03
1.051055418977359969e-02
1.031576483877565988e-02
1.298667479316382468e-02
1.782877091570825995e-02
4.245545712771523622e-02
6.328265012869771500e-02
1.893696024211802276e-02
3.456719302405690357e-03
5.271594062947679293e-04
6.048040489164794795e-03
1.592091308863493064e-03
5.477530761981777574e-04
1.539291329426376032e-02
4.357858415234268021e-03
7.040688824830873549e-03
8.069775026995107056e-03
4.563618693081952782e-02
4.189496006233466019e-03
5.798868999320276260e-03
5.143535457794255750e-02
1.474464438418747469e-02
2.389595958857409358e-02
1.250048543277843677e-02
4.591907337471645353e-04
1.784937093109793121e-02
2.334602797897692567e-02
3.362446692692212802e-02
1.362926463776998991e-02
1.234054037062204574e-02
2.357734408113760713e-02
1.360706859919075945e-02
1.609842939877050363e-02
1.089781597399902546e-02
1.514520522096782923e-02
1.533684098728965196e-02
1.973008992315123528e-02
3.032088664510129358e-02
4.811528045343962945e-02
1.219412791377866984e-02
3.456719302405690357e-03
2.202488223113406932e-03
6.048040489164794795e-03
7.182894321552252270e-05
1.032445384973552493e-03
1.446482559574503030e-02
4.357858415234268021e-03
7.144448570549074423e-03
7.506789378549958563e-03
2.815857187839453796e-02
4.879825233210082283e-03
5.798868999320276260e-03
5.143535457794255750e-02
9.771808384275266005e-03
1.663132960828005505e-02
1.241082254276167952e-02
4.591907337471645353e-04
2.482157988525596909e-02
2.334602797897692567e-02
5.674146676032448822e-02
1.362926463776998991e-02
1.622395064951367635e-02
2.540377397849610808e-02
5.045121247029694944e-03
1.771276412411590395e-02
1.223379233397758198e-02
1.110743227599208204e-02
1.359848806364848811e-02
2.083258863033168873e-02
2.164014063447594616e-02
2.077126113934530532e-02
9.260555991013294172e-03
3.456719302405690357e-03
4.026874414662165447e-04
3.814926601814710647e-03
6.201728726021567620e-03
1.032445384973552493e-03
1.446482559574503030e-02
4.357858415234268021e-03
7.144448570549074423e-03
6.055280705759665677e-03
2.815857187839453796e-02
1.066876859474444328e-03
5.798868999320276260e-03
4.645473961570199817e-02
7.517013075979479125e-03
1.128896014741787371e-02
1.908339180648115432e-02
4.591907337471645353e-04
2.229997592380521254e-02
2.282686118832285421e-02
5.674146676032448822e-02
1.362926463776998991e-02
2.036981807618482021e-02
2.540377397849610808e-02
2.359788568113353052e-03
1.771276412411590395e-02
1.223379233397758198e-02
1.271352213336266954e-02
1.359848806364848811e-02
2.276629775898812019e-02
1.488044248040868919e-02
1.671787697093547742e-02
1.125563202093545628e-02
9.265544640707324558e-03
4.026874414662165447e-04
3.814926601814710647e-03
6.201728726021567620e-03
1.032445384973552493e-03
1.939666506041955868e-02
7.369286588355137245e-03
7.144448570549074423e-03
6.037928190948635074e-03
3.270994496653598094e-02
1.066876859474444328e-03
5.798868999320276260e-03
2.454933846452919677e-02
6.600564736043530549e-03
9.206255775393912266e-03
2.445418036860180083e-02
5.789556800209580412e-03
2.229997592380521254e-02
5.369150189912495763e-02
5.133148566574587818e-02
1.362926463776998991e-02
2.005767879636661394e-02
2.540377397849610808e-02
2.359788568113353052e-03
1.771276412411590395e-02
1.527414777372483254e-02
1.271352213336266954e-02
1.183712854975443873e-02
1.078407802786282219e-02
1.214210563127427790e-02
1.165400203100991697e-02
1.125563202093545628e-02
2.928242548716592300e-03
1.478096793877595530e-03
2.590299210779115850e-03
9.139358192381432169e-03
1.032445384973552493e-03
1.939666506041955868e-02
1.215927828207894086e-02
7.144448570549074423e-03
8.714734690000374567e-03
3.653704125006621700e-02
1.066876859474444328e-03
5.798868999320276260e-03
2.345386838667288740e-02
6.411964117533404915e-03
1.046892816022286857e-02
2.445418036860180083e-02
5.261119319521739661e-03
2.229997592380521254e-02
3.999104352175816141e-02
5.133148566574587818e-02
1.362926463776998991e-02
2.194811967119849119e-02
2.540377397849610808e-02
1.384562635993002826e-03
1.771276412411590395e-02
1.796509390646040816e-02
1.837475474916477544e-03
3.774838100279877262e-03
2.058983309532269948e-03
1.350649974213039006e-02
1.165400203100991697e-02
7.984849418535980639e-03
2.468834863649248083e-03
1.478096793877595530e-03
3.941697879911368677e-03
5.498071610934161975e-03
4.246910439923965754e-03
1.939666506041955868e-02
1.133012593731541617e-02
7.144448570549074423e-03
3.887124514282492421e-02
3.644077745662887419e-02
1.066876859474444328e-03
5.079719015239821459e-03
2.345386838667288740e-02
6.115936171636419255e-03
7.803932197913595638e-03
2.445418036860180083e-02
5.261119319521739661e-03
2.229997592380521254e-02
3.114647412439343344e-02
4.582972899940932626e-02
7.674616259093094625e-03
2.194811967119849119e-02
2.540377397849610808e-02
1.384562635993002826e-03
2.698907073226766012e-02
1.636050406477478070e-02
1.837475474916477544e-03
1.055995682729734403e-04
1.775094479705609934e-03
2.975582490204103925e-03
1.551965587787589550e-02
8.987278107472320560e-03
1.211407068655842578e-03
1.895234416652524963e-03
3.941697879911368677e-03
3.964201641524466024e-04
5.445445364167434202e-03
1.939666506041955868e-02
3.420198188649005433e-03
1.077259890532760410e-02
3.126744581487701791e-02
3.396890544195915740e-02
1.066876859474444328e-03
3.880015847453818605e-03
2.345386838667288740e-02
6.115936171636419255e-03
7.803932197913595638e-03
3.051153567504964054e-02
4.506836026144506874e-03
3.070139182628734906e-02
3.558738575260363829e-02
4.190466298536624223e-02
9.102506367638880935e-03
3.948268503644074973e-02
2.540377397849610808e-02
6.839336305791822099e-03
2.008633192295342790e-02
2.349782971853802208e-02
1.949677526405219248e-03
2.016793407884989037e-03
1.775094479705609934e-03
1.211013211997940750e-02
1.551965587787589550e-02
5.281219430529298167e-03
1.211407068655842578e-03
1.895234416652524963e-03
3.941697879911368677e-03
3.964201641524466024e-04
5.445445364167434202e-03
1.939666506041955868e-02
3.420198188649005433e-03
2.291649521202361248e-02
4.037192033976590849e-02
4.121143077268460408e-02
1.066876859474444328e-03
4.454237003881682949e-03
2.152120037650780832e-02
9.969636088586265529e-03
9.145548182780759150e-03
3.953823760869532022e-02
4.506836026144506874e-03
2.813292230559848520e-02
3.558738575260363829e-02
4.312423064777654025e-02
9.792135054546475398e-03
3.948268503644074973e-02
2.540377397849610808e-02
3.551324211500207773e-03
1.556944202777003905e-02
2.629946131393612330e-02
1.949677526405219248e-03
3.826176596639535230e-03
1.775094479705609934e-03
8.114717209521707733e-03
2.351930203647337181e-03
2.065578880091213654e-03
1.211407068655842578e-03
1.895234416652524963e-03
3.701208625122732326e-03
3.964201641524466024e-04
5.037377405138977922e-03
1.939666506041955868e-02
8.740289697184395329e-03
2.798191959867038503e-02
3.754476989228857503e-02
3.930274164921501029e-02
1.066876859474444328e-03
4.454237003881682949e-03
1.493126585854707283e-02
1.009456063102696574e-02
6.300186224339057034e-03
3.231905446212360311e-02
4.971820181040384132e-03
1.160935215747299978e-02
3.558738575260363829e-02
3.563010716073077705e-02
2.768750694040872373e-02
4.446726646474023770e-02
1.853907655027546217e-02
3.181226602450521867e-03
1.426023652279640938e-02
2.629946131393612330e-02
1.042479579037018655e-03
3.826176596639535230e-03
1.775094479705609934e-03
1.044592691758758005e-02
2.351930203647337181e-03
2.065578880091213654e-03
4.491049725756364290e-03
2.880700821072104765e-03
3.701208625122732326e-03
3.964201641524466024e-04
5.037377405138977922e-03
1.698803300563796886e-02
8.740289697184395329e-03
1.614346170001714625e-02
3.146464239988362721e-02
5.228855515687673428e-02
2.991350612660532808e-04
4.454237003881682949e-03
1.707690296834609572e-02
1.220531954042767923e-03
4.653072472797774306e-03
5.068559786287755997e-02
5.510294939302038709e-03
1.160935215747299978e-02
3.031921041916301948e-02
1.594290093098228028e-02
2.345686460847920887e-02
4.446726646474023770e-02
1.593176118989804435e-02
4.779153671359993166e-03
1.453850069433740635e-02
2.629946131393612330e-02
1.042479579037018655e-03
3.826176596639535230e-03
1.775094479705609934e-03
2.529370979821556759e-03
3.612895580845870182e-03
2.065578880091213654e-03
9.511294957589223192e-03
2.880700821072104765e-03
2.350124625770041130e-03
3.964201641524466024e-04
5.037377405138977922e-03
1.530102821367737218e-02
9.305322471872793863e-03
2.390036453698833260e-02
3.146464239988362721e-02
5.228855515687673428e-02
3.234721123235827223e-05
1.163354265816341632e-02
1.758552520832048702e-02
1.220531954042767923e-03
7.378996132733427193e-03
3.574427498588529650e-02
5.510294939302038709e-03
1.160935215747299978e-02
2.067872954618339351e-02
3.101877240153388601e-02
1.946514995195730569e-02
4.641334569511732649e-02
1.271879570398799786e-02
4.779153671359993166e-03
1.878591564718575663e-02
2.687920267666538479e-02
9.701605487139265856e-04
3.295041022598896134e-03
1.720157763517455359e-03
1.810378186606753995e-03
6.413140024582363388e-04
1.870230099998685183e-03
9.511294957589223192e-03
2.880700821072104765e-03
2.350124625770041130e-03
6.730450554223751762e-04
5.037377405138977922e-03
1.268124434728208801e-02
5.728759347447384166e-03
2.390036453698833260e-02
3.146464239988362721e-02
5.228855515687673428e-02
3.234721123235827223e-05
7.223440814943474925e-03
1.758552520832048702e-02
5.303265297443588572e-04
7.378996132733427193e-03
2.364079558229738656e-02
1.828934389579102426e-03
2.527188136872153025e-03
9.414690810124443088e-03
3.086255631327296245e-02
1.222626174682713354e-02
4.641334569511732649e-02
7.295653763705662112e-03
5.035447475865912834e-03
2.438547911364136178e-02
4.091719786724151708e-02
9.701605487139265856e-04
3.271005673054831493e-03
1.720157763517455359e-03
1.810378186606753995e-03
6.861118735037256139e-03
1.870230099998685183e-03
5.416936787561751725e-03
2.729307462249753926e-03
2.350124625770041130e-03
6.730450554223751762e-04
3.900858260156414743e-03
1.268124434728208801e-02
4.536396276258029304e-03
2.585901254555563605e-02
4.429480471507776101e-02
5.228855515687673428e-02
3.234721123235827223e-05
1.119935266493703695e-02
1.167717016186568812e-02
5.303265297443588572e-04
7.378996132733427193e-03
4.254602818093136674e-02
2.142615784085995841e-03
3.681057828862115827e-03
7.306912290600276090e-03
3.145504829094392107e-02
1.222626174682713354e-02
1.536559621518408802e-02
7.295653763705662112e-03
1.047135873506149610e-02
2.482916511201509885e-02
3.817254599156015560e-02
9.701605487139265856e-04
3.213790727727554655e-03
1.720157763517455359e-03
9.436960262297917207e-03
6.861118735037256139e-03
1.870230099998685183e-03
4.777483079870011549e-03
6.899523507343102713e-04
2.247055759112241355e-03
6.730450554223751762e-04
4.815623805985090079e-03
1.268124434728208801e-02
4.536396276258029304e-03
2.585901254555563605e-02
2.006398908021466213e-02
6.459593360126271444e-02
7.390982506581392220e-03
1.119935266493703695e-02
3.888709155695681263e-02
8.045302947548763463e-04
6.830590829779699912e-03
5.599395909976626062e-02
2.142615784085995841e-03
4.862721060433551797e-03
6.784180153577242835e-03
2.990086468457725868e-02
1.222626174682713354e-02
1.536559621518408802e-02
6.470131964834757721e-03
1.047135873506149610e-02
2.482916511201509885e-02
3.878405047493990732e-02
9.701605487139265856e-04
3.213790727727554655e-03
1.720157763517455359e-03
1.655178440331066952e-02
6.861118735037256139e-03
3.325642972548852397e-03
4.159174659991871775e-04
6.899523507343102713e-04
2.247055759112241355e-03
6.730450554223751762e-04
4.249525189033250515e-03
1.129836713990237107e-02
3.788410646568951459e-03
2.585901254555563605e-02
2.191935416950189369e-02
5.626791305563887124e-02
1.483044612821719788e-02
6.802831828380546085e-03
2.598174533154596483e-02
8.045302947548763463e-04
7.374453138088405725e-03
4.225241307843149302e-02
2.142615784085995841e-03
1.044399146132246603e-03
6.237439741626653322e-03
3.245300040578226464e-02
1.222626174682713354e-02
2.200258263587829416e-02
1.595666168079093450e-02
1.584710252215907472e-02
1.703694761771862992e-02
2.596006657658577604e-02
1.355688740841359038e-03
4.014688720064031602e-03
1.803907388029141363e-03
1.927887016367480985e-02
4.689015370305657168e-03
4.192168407292512673e-03
2.445637170192293923e-03
6.156216852963851838e-04
2.536016218906993192e-02
1.569404685331465127e-03
4.701333584288385284e-03
1.557691460620479196e-03
1.989056208401780539e-03
2.585901254555563605e-02
1.982264026424534337e-02
5.626791305563887124e-02
1.482254705492924707e-02
3.359542908530690000e-03
4.190475074457449683e-02
1.156143881962569051e-03
7.517512521951067936e-03
2.865210896994089401e-02
2.244834377124589608e-03
1.757661712741133680e-03
1.322351880765228714e-02
2.674762603628828839e-02
1.222626174682713354e-02
2.200258263587829416e-02
2.044642202571481798e-02
1.391889993427456590e-02
2.024042233205988750e-02
3.467565089877855389e-02
1.420823094745812202e-03
5.883912886995093516e-05
1.803907388029141363e-03
8.688796549689695170e-03
4.689015370305657168e-03
4.192168407292512673e-03
3.210526928899227507e-03
2.807133549689646082e-03
8.412416936245524501e-03
6.915812978183946517e-04
4.701333584288385284e-03
5.312497363402687509e-03
1.989056208401780539e-03
2.253052847781040341e-02
1.861126255991361195e-02
1.027230419599283046e-01
1.920943270104319769e-02
3.826553784419863165e-03
4.427816182421725338e-02
1.156143881962569051e-03
4.953468109925817514e-03
1.730065983698025195e-02
2.240717104494428877e-03
1.757661712741133680e-03
1.335232830140429747e-02
2.047233491617987677e-02
1.213654603231199836e-02
2.166671460951935524e-02
2.529009814886073321e-02
1.295334558741888763e-02
8.037575293562429501e-03
4.633407856119901164e-02
1.182060623795585554e-02
5.883912886995093516e-05
2.544121471999443579e-02
2.883660059235139059e-03
4.689015370305657168e-03
4.192168407292512673e-03
9.618193584512262084e-04
2.711713628995036755e-03
8.412416936245524501e-03
2.964889189050568669e-03
6.884337295320648933e-03
5.785735302972513580e-03
2.224636241091280942e-03
1.599546096632603956e-02
1.861126255991361195e-02
9.108417933882601014e-02
1.920943270104319769e-02
6.546771379458958887e-03
3.459257606644026983e-02
1.156143881962569051e-03
5.028571862818345325e-03
1.043761433650259966e-02
3.097087526622521953e-04
5.834277965786496475e-03
3.367296082315683007e-03
2.121321854758684289e-02
1.626440414609704732e-02
2.166671460951935524e-02
1.403041398862652812e-02
6.613169065839953620e-03
1.001541949606703230e-02
4.633407856119901164e-02
1.812259736535960439e-02
1.803790112969758759e-04
2.326681767936888967e-02
1.946626863461373494e-03
3.800017637568587486e-03
4.494107636479901559e-03
9.618193584512262084e-04
4.011797149344350361e-03
8.412416936245524501e-03
1.273473067490896345e-03
4.928227013712184468e-04
5.785735302972513580e-03
8.986104836953171665e-03
1.296475365721213441e-02
1.863753548230815196e-02
4.581447768479668392e-02
1.920943270104319769e-02
1.086007045163424160e-02
3.459257606644026983e-02
9.033395596916361011e-04
1.726745784134516709e-02
8.697668839827199516e-03
7.875034523846351220e-04
6.835253521807577518e-03
3.367296082315683007e-03
1.840213878962658131e-02
1.860087536474994488e-02
2.166671460951935524e-02
1.632721867473967831e-02
5.471669647885792943e-03
7.528722015052129526e-03
4.633407856119901164e-02
1.827619075686642489e-02
1.803790112969758759e-04
2.405050485398221166e-02
2.640168351862751204e-03
4.312381416591823217e-03
4.494107636479901559e-03
2.051960174388912841e-03
5.802631571948105131e-03
1.656553326443993904e-02
5.275365975278402050e-03
4.928227013712184468e-04
5.754710455041214465e-03
1.526906848939877347e-03
1.179659778822942512e-02
1.609700929819776402e-02
3.023987032570246702e-02
4.942616315657483161e-03
1.086007045163424160e-02
1.197766618260281968e-02
5.890737900949491717e-04
1.486697938388202057e-02
7.275596077560600797e-03
7.875034523846351220e-04
7.125993691825454300e-03
2.741137536967471183e-03
1.290435810761329447e-02
1.860087536474994488e-02
2.099095356389613087e-02
1.632721867473967831e-02
2.017318995719446714e-03
7.528722015052129526e-03
4.633407856119901164e-02
1.446265042284298856e-02
1.803790112969758759e-04
3.042757193361656995e-02
3.860968273113358530e-03
2.915213762873758788e-03
8.927408109025170360e-03
2.051960174388912841e-03
1.048365276806557250e-02
1.727811942535229656e-02
3.395267244377143945e-04
2.252852185224570990e-03
1.917281603360798670e-03
1.893135059995583805e-03
1.067468199601882481e-02
1.224202244942817347e-02
2.413664319956519352e-02
1.727817881067324549e-03
1.530972714173470077e-02
2.046699265450063407e-02
5.890737900949491717e-04
1.399729822152388087e-02
7.157883077061527599e-03
5.489201551797770647e-04
3.876663998876869917e-03
3.477378056250207336e-03
1.904411919422121374e-02
1.259829755818031929e-02
2.099095356389613087e-02
2.418330228596222639e-02
2.017318995719446714e-03
1.929348448213449863e-03
5.770223984917798032e-02
2.377604753913729538e-02
2.643490827687903968e-04
1.097639745228974270e-02
3.860968273113358530e-03
2.915213762873758788e-03
8.927408109025170360e-03
1.832366330180964370e-03
4.460493177320404290e-03
2.364338586790985103e-02
5.554597620426759107e-03
1.707499364175350158e-03
2.058676658145675714e-03
2.318404523852796249e-03
1.067468199601882481e-02
9.620955801455596812e-04
2.284632868072996800e-02
1.882467081239778007e-03
1.530972714173470077e-02
1.861350550794048028e-02
5.890737900949491717e-04
7.876094839094901351e-03
1.213705949877401900e-02
5.630224970252697275e-04
3.481487848853074760e-03
3.731476097746787724e-03
2.692036254678559226e-02
1.479808243942478188e-02
2.099095356389613087e-02
1.816984238168683000e-02
3.863407105144790570e-03
4.840793661002080681e-03
5.770223984917798032e-02
3.271915677565497005e-02
7.707677219969365223e-05
1.123104964233185947e-02
3.860968273113358530e-03
2.915213762873758788e-03
1.327670138276461353e-02
1.832366330180964370e-03
4.460493177320404290e-03
2.709646391263566267e-03
5.554597620426759107e-03
1.846407889766774795e-03
2.058676658145675714e-03
4.101416951636742587e-03
8.191312077582044160e-03
1.476584149698445883e-03
2.071417875983732476e-02
1.882467081239778007e-03
2.212954691622671249e-02
1.762410759191049975e-02
5.836016147130097462e-03
1.283811123329714823e-02
9.533569020320483561e-03
5.630224970252697275e-04
3.416264318090105924e-03
3.433736154112337208e-03
2.756870031677501054e-02
1.479808243942478188e-02
1.645565915988466549e-02
2.955938410533834326e-02
3.863407105144790570e-03
8.431112922727957565e-03
5.782749493041230981e-02
3.845519105624202461e-02
1.024689005825468041e-02
6.214625778658826316e-03
3.860968273113358530e-03
2.915213762873758788e-03
1.423029592774808366e-02
1.820746934613915596e-04
2.325355079760895241e-03
2.709646391263566267e-03
5.319036949272654483e-03
1.846407889766774795e-03
7.159562422659864096e-03
4.098008467271393659e-03
1.578236007202271640e-02
1.476584149698445883e-03
2.182632399612578419e-02
7.009313770115259412e-03
2.349042864109891771e-02
1.526386549751058974e-02
4.852554761701016739e-03
1.157747822922658605e-02
9.366256186612697404e-03
7.170035584400908692e-03
2.042422504457834347e-03
4.823240623276470705e-03
1.515940570282224911e-02
1.479808243942478188e-02
9.214899039555874555e-03
1.367798008207945365e-02
5.682583874355117554e-03
1.077519998365742901e-02
5.782749493041230981e-02
3.350126859371565374e-02
9.500024765694932080e-03
5.986850617488362683e-03
3.979587755863553747e-03
2.915213762873758788e-03
1.423029592774808366e-02
6.371341649679933966e-03
6.260412947597302630e-03
2.709646391263566267e-03
1.548040504404552074e-03
2.959798844958923605e-03
9.798463400618082422e-03
6.279557298785841402e-03
1.692180822845985866e-02
1.476584149698445883e-03
2.627753538213710091e-02
1.288605788812647972e-02
3.275291262206563025e-02
1.010698042018406267e-02
4.110833791987104739e-03
1.509056650815797374e-02
7.147861797417540998e-03
9.394167130980757632e-03
2.042422504457834347e-03
3.198579917734253181e-03
6.642529196722173589e-03
1.031339225113533410e-02
1.173351962887423522e-02
1.701025008524638740e-02
5.682583874355117554e-03
1.050841821481081698e-02
3.019085642567972613e-02
1.582874713089675242e-02
1.416580227486792173e-02
1.300506734902895367e-03
7.792976592717630255e-03
2.915213762873758788e-03
1.423029592774808366e-02
7.661303933229586006e-03
6.260412947597302630e-03
1.652591580533459975e-03
5.014244914339587716e-03
2.145843236932102986e-03
2.669653760878570349e-03
6.279557298785841402e-03
1.692180822845985866e-02
2.135224900333097808e-03
4.014230376486403046e-02
2.148233266154480833e-02
2.358002750683188195e-02
1.010698042018406267e-02
4.110833791987104739e-03
1.522313215266340308e-02
1.029072849192573177e-02
1.953149699696881542e-02
2.118510549940439205e-03
2.272702415815544899e-03
1.186985596045357638e-02
1.478933157403800047e-02
1.359129528377164137e-02
1.701025008524638740e-02
5.682583874355117554e-03
1.050841821481081698e-02
3.157211508530006344e-02
1.582874713089675242e-02
9.164473564252643978e-03
1.908331592273543667e-03
6.935411908492833746e-03
2.915213762873758788e-03
1.423029592774808366e-02
8.200755198517328121e-03
8.933156334232912436e-04
1.671189121028237787e-03
2.752103054646151421e-03
6.884526046953276524e-05
1.959789396051390443e-03
1.585403787338383712e-03
1.692180822845985866e-02
2.135224900333097808e-03
4.014230376486403046e-02
2.148233266154480833e-02
3.848721275485541410e-02
1.010698042018406267e-02
3.418645327975485416e-03
1.522313215266340308e-02
1.603547754663568400e-02
1.640861503732584867e-02
3.408575209783938544e-03
7.186057097148198809e-04
9.640565464042467891e-03
1.478933157403800047e-02
1.433936470474681847e-02
1.530621585618217873e-02
5.682583874355117554e-03
7.897208845541766123e-03
1.879246975932660768e-02
1.582874713089675242e-02
9.164473564252643978e-03
1.327096351199874395e-02
8.255466660856747296e-03
3.599620207419984390e-03
1.168464406247105535e-02
8.200755198517328121e-03
4.270918304873688211e-03
3.252376846778886124e-03
1.971053440512860952e-03
6.884526046953276524e-05
1.055318048422441589e-03
1.585403787338383712e-03
6.791296272498366371e-03
3.326381542253398216e-03
4.014230376486403046e-02
3.564204108918410385e-02
3.227811307650287759e-02
9.809205700558858848e-03
3.418645327975485416e-03
1.522313215266340308e-02
3.097339289322123893e-02
1.640861503732584867e-02
9.162182271456726507e-03
7.186057097148198809e-04
1.132160584314156025e-02
5.865607440333864969e-03
1.433936470474681847e-02
2.166370250950656537e-02
5.682583874355117554e-03
6.381591860620042939e-03
1.879246975932660768e-02
1.164011781735035597e-02
9.662513564739964173e-03
1.327096351199874395e-02
8.101684354264669305e-03
2.834419740150769147e-03
9.610997334951647611e-03
8.200755198517328121e-03
4.270918304873688211e-03
4.289516836801570907e-03
1.317192758118034511e-03
6.884526046953276524e-05
1.055318048422441589e-03
8.343387090924848232e-04
9.516783454684261609e-03
8.702818386183069216e-03
2.955284208962598302e-02
2.478661909379039144e-02
3.471878673322877779e-02
2.704410633546927567e-04
2.653057339413467282e-03
7.081431804697814469e-03
2.929656088868314023e-02
9.058402952884328854e-03
8.433310032003992623e-03
7.532111578045444381e-04
7.423173398991673826e-03
5.865607440333864969e-03
1.694895463861943730e-02
2.166370250950656537e-02
5.682583874355117554e-03
4.804341821476394020e-03
7.391765984344185816e-03
1.023553690053807287e-02
5.804032157553465701e-03
9.751226945233915436e-03
8.063907209971460724e-03
2.834419740150769147e-03
9.068575265808551111e-03
8.200755198517328121e-03
3.706342512002621780e-03
4.289516836801570907e-03
1.317192758118034511e-03
6.884526046953276524e-05
9.613690966584064346e-04
2.867877254592690259e-03
1.397088438990209784e-02
1.568760065044991214e-02
3.873561692048383548e-02
4.132549008010655972e-02
2.858332876189657173e-02
2.704410633546927567e-04
2.653057339413467282e-03
4.388933018492801284e-03
2.941714328732199582e-02
1.102415744557893110e-02
9.784675047419536670e-03
7.532111578045444381e-04
5.700652194056391245e-03
5.865607440333864969e-03
1.551923845622216191e-02
1.783372953644020431e-02
5.961916476509697416e-03
3.204463656373600713e-03
9.345618071205409605e-03
8.857448105870868033e-03
6.085585458178424147e-03
5.252385040186678677e-04
8.063907209971460724e-03
3.434447283412202321e-03
9.068575265808551111e-03
8.200755198517328121e-03
4.167263441786119016e-03
4.569085723916529659e-03
1.317192758118034511e-03
6.884526046953276524e-05
9.613690966584064346e-04
3.038832801574107428e-03
1.164757785088591652e-02
1.717433352041888156e-02
3.081523820503552155e-02
3.630571839982243976e-02
2.626400291244998866e-02
8.058035652092456272e-05
5.325306080905031075e-03
6.957738104777335883e-03
2.941714328732199582e-02
1.917645993744762287e-02
9.784675047419536670e-03
1.180820100764873402e-03
2.120124852454733158e-02
5.844837492088132691e-03
1.667379405562276901e-02
1.294221233329850493e-02
5.961916476509697416e-03
3.076067533524604308e-03
1.105910318666559859e-02
8.820563694574569749e-03
9.434794669341483100e-03
2.393560088588292389e-03
8.063907209971460724e-03
3.434447283412202321e-03
1.164052026816533018e-04
1.232535560881608747e-02
9.352649145765256841e-03
2.769919701141743650e-03
1.317192758118034511e-03
6.884526046953276524e-05
6.408917458650791044e-04
2.522629344832088422e-03
1.636722513868519441e-02
2.831153705551247429e-02
5.789781239417092842e-03
3.998246703930927182e-02
2.741859180607664898e-02
8.058035652092456272e-05
1.574125972213118521e-02
1.062321320229493715e-02
3.662250128689671647e-02
1.907049398570946630e-02
9.784675047419536670e-03
5.309989569326417809e-03
6.628361745904313290e-03
5.961808244435650404e-03
2.491232650627698067e-02
1.294221233329850493e-02
5.128148077006535605e-03
3.059199202360183591e-03
5.314231350986787367e-03
7.898343410323529004e-03
7.961458597007311025e-03
2.393560088588292389e-03
8.063907209971460724e-03
3.434447283412202321e-03
1.164052026816533018e-04
1.156127737745853840e-02
1.403601455189116415e-02
2.769919701141743650e-03
1.605305867564604805e-03
6.884526046953276524e-05
9.292247679309247749e-05
4.585501306371083524e-03
1.694073817849955227e-02
1.873992129666350939e-02
5.335494051074741312e-03
3.998246703930927182e-02
5.538063341452543337e-02
4.562901279006681757e-03
9.898798695488503913e-03
8.893280919363644177e-03
6.276064388844200537e-02
1.907049398570946630e-02
8.644174870802932495e-03
5.309989569326417809e-03
7.134459498450519688e-03
5.813254641454456730e-03
1.799156121075679016e-02
1.705225174843823244e-02
1.344041961902726554e-02
4.173743709763155958e-03
1.060268190974344125e-02
6.779569691839906591e-03
5.250815444708483402e-03
2.393560088588292389e-03
5.605920682503484631e-03
3.434447283412202321e-03
4.440837319929747187e-03
8.691032530289799496e-03
1.403601455189116415e-02
2.646486198541885600e-03
1.605305867564604805e-03
6.884526046953276524e-05
9.292247679309247749e-05
4.585501306371083524e-03
2.040614314620038325e-02
3.025079665431266995e-02
5.335494051074741312e-03
3.998246703930927182e-02
5.538063341452543337e-02
5.553774345935677710e-03
2.803286204012771926e-02
8.817851569967288458e-03
5.910860780609873688e-02
1.907049398570946630e-02
1.064658583675940490e-02
5.762739041672247479e-03
7.134459498450519688e-03
2.449720913770140132e-03
8.923718869309538171e-03
2.121621965392388176e-02
1.988517142926146675e-02
2.855465913099330261e-03
5.790043115966889663e-03
3.406791598802595342e-03
5.006564243308214528e-03
2.393560088588292389e-03
5.605920682503484631e-03
6.279786988602936368e-03
4.995643275418303747e-03
8.616940881443171940e-03
1.829643299928997505e-02
1.517877881511433017e-03
1.695166173455533477e-03
6.884526046953276524e-05
3.501515547203713080e-03
6.088177671031133609e-03
1.512105824659349881e-02
3.025079665431266995e-02
7.283103287692856490e-03
2.352445156034795037e-02
5.964829833607594722e-02
5.553774345935677710e-03
2.803286204012771926e-02
1.305507253421341919e-02
4.951938562553913348e-02
1.907049398570946630e-02
3.348822589425103774e-03
5.762739041672247479e-03
1.339927960614049202e-02
1.992984943563403354e-03
8.081257843070371871e-03
2.201904124702439708e-02
3.191296742887777399e-02
3.101104587391217190e-04
1.252428679455047655e-04
4.071690381245742646e-03
5.474500784319846249e-03
2.393560088588292389e-03
9.016587310531516686e-04
4.818551966289854466e-03
1.019000374364528901e-02
2.044426743731605611e-03
1.402868073367852762e-02
1.517877881511433017e-03
5.626435712887683941e-04
6.884526046953276524e-05
3.615254131050064934e-04
5.358498169349421372e-03
1.816457540395880615e-02
2.960803744917423971e-02
3.212168831356144137e-03
2.352445156034795037e-02
3.216544410672911303e-02
5.553774345935677710e-03
2.803286204012771926e-02
1.779839570898541015e-02
3.552324810120754961e-02
6.447480850484514636e-03
4.384624916519172348e-03
9.229812362988351615e-03
3.071759047090048128e-02
1.992984943563403354e-03
8.081257843070371871e-03
2.537573958388669379e-02
2.981558476227059301e-02
7.422675135385900513e-03
1.252428679455047655e-04
2.504460497300718420e-03
1.969689912304149054e-03
2.869912663604033774e-03
1.102105508575419550e-03
4.818551966289854466e-03
9.734142400982012666e-03
2.759190616453583832e-03
1.079000574665038223e-02
1.664560239719701032e-02
1.364690942157130091e-03
2.185334162261349904e-03
2.122847543650833307e-02
6.866830514873220430e-03
1.236133132495006483e-02
1.129321848020508820e-02
8.770480413901361738e-04
1.298667023820393625e-02
1.937475296572202521e-02
5.351717088368692331e-03
3.159578562072454938e-02
1.830257134379963471e-02
3.552324810120754961e-02
6.557205503174945264e-03
8.955416704464331384e-03
9.229812362988351615e-03
3.973645004205026560e-02
1.992984943563403354e-03
5.468300491759406357e-03
2.011320052192857796e-02
4.200744565476372677e-02
9.126574931273003302e-03
3.427017596748820581e-03
7.217097981050002962e-03
2.204162693765152059e-05
2.869912663604033774e-03
6.492040832221076044e-04
1.086031322741559668e-02
9.734142400982012666e-03
3.152648302299134592e-03
1.181499410479099239e-02
1.353040587782281326e-02
3.532625629844510055e-03
8.338271207430868887e-03
1.983041196719601690e-02
6.504651369325797558e-03
1.287781508375664997e-02
8.483660853032672783e-03
8.770480413901361738e-04
1.299658949947915011e-02
1.937475296572202521e-02
5.351717088368692331e-03
1.538022853654746544e-02
2.043674014318417470e-02
2.425824856850353900e-02
2.207062093118697735e-03
1.158463481949740040e-02
9.229812362988351615e-03
2.303041294250192730e-02
1.992984943563403354e-03
5.468300491759406357e-03
3.005108758583895090e-02
4.200744565476372677e-02
7.455315152543058599e-03
3.725655571922746601e-03
6.090438441117644250e-03
4.118437250823222401e-03
2.869912663604033774e-03
3.960624781187777055e-03
9.925140336239490074e-03
2.412975857012761988e-02
3.163719129214801785e-03
4.480107485659065580e-03
1.433305843559857205e-02
5.239107731026563727e-03
8.503542323192394073e-03
8.881848856853516438e-03
8.273257110693455277e-03
1.571672000090914081e-02
1.016852107082836555e-02
8.770480413901361738e-04
1.011476049840987802e-02
2.175758603517472661e-02
5.363964532560345361e-03
1.698282354026048671e-02
2.043674014318417470e-02
2.725094932873530634e-02
1.140772573029091158e-02
1.306218560860794228e-02
1.403025028546915631e-02
3.553969378128199463e-02
2.744421602233664340e-03
5.767081069953585749e-03
2.113966594873780899e-02
4.365283110168022285e-02
7.455315152543058599e-03
5.132301989826626616e-03
1.254941057558894152e-03
4.666497069608878043e-03
2.909514294754299724e-03
1.241312295688996349e-03
1.061339650741728764e-02
3.913236697327154845e-02
6.332290444453561595e-03
4.598895465636634698e-03
1.508211431107073751e-02
5.239107731026563727e-03
8.503542323192394073e-03
3.421490743581953944e-03
1.829751102311565417e-02
1.487566069110547902e-02
1.016852107082836555e-02
8.770480413901361738e-04
9.697972420227362472e-03
4.023471136751086835e-03
4.458672746569424666e-03
1.698282354026048671e-02
2.043674014318417470e-02
2.847446687577339514e-02
1.140772573029091158e-02
1.257294717804887003e-02
1.600437291812679963e-02
3.530054101201485217e-02
2.744421602233664340e-03
5.302454664075362256e-03
2.113966594873780899e-02
4.365283110168022285e-02
3.873592653785276271e-03
1.433510355635370798e-03
2.885887087720318163e-03
1.453275491737671121e-02
2.909514294754299724e-03
2.364604038790773730e-03
2.020464564323545820e-04
1.677649750496577885e-02
4.263398407594914258e-03
4.493603894589316347e-03
2.660083451445870162e-02
5.239107731026563727e-03
8.503542323192394073e-03
3.421490743581953944e-03
2.298021062730708913e-02
1.487566069110547902e-02
2.775181779198471893e-02
8.770480413901361738e-04
1.011426756922912534e-02
1.610064239469113229e-02
3.418598418636514466e-03
8.575854140679760318e-03
9.378900481495757238e-03
4.952950852506077251e-02
7.977829582574796213e-03
2.137886153470149736e-02
2.150771778498847264e-02
1.869415891053515660e-02
2.519677531568264781e-03
5.302454664075362256e-03
1.605070330997778599e-02
6.462964430800020865e-02
2.415000180169311807e-03
2.068121184345199717e-03
2.885887087720318163e-03
1.828617375637783815e-02
2.909514294754299724e-03
6.038636766936071945e-03
2.020464564323545820e-04
1.339349295055924059e-02
1.915362373382684461e-02
4.450589399646672113e-03
3.585922048171640009e-02
5.239107731026563727e-03
5.401590411043242362e-03
4.082632059944184266e-03
2.298021062730708913e-02
1.487566069110547902e-02
2.775181779198471893e-02
2.411745067597417976e-03
1.045474130837448223e-02
1.199449937312739405e-02
3.418598418636514466e-03
2.246265232332143869e-03
8.570451194582643165e-03
4.952950852506077251e-02
7.977829582574796213e-03
2.137886153470149736e-02
1.093755817891984075e-02
2.999922926185258007e-02
2.547133686440668232e-04
4.526104343019211537e-03
1.605070330997778599e-02
5.505405392990966179e-02
3.601513403848411940e-03
7.206611019037939547e-03
2.885887087720318163e-03
1.784082878565081479e-02
1.786640467109523300e-03
6.435446745455472572e-03
4.576772658335425022e-03
1.874312316833799674e-02
2.981795771253170982e-02
1.083548000065030770e-02
3.172806023959102301e-02
2.416618941088861938e-03
1.879593292715925866e-03
1.116682271219116701e-02
2.924679824570250095e-02
1.487566069110547902e-02
2.596785532729663920e-02
2.746765430282214343e-03
1.045474130837448223e-02
1.199449937312739405e-02
2.029181293846810293e-03
2.246265232332143869e-03
9.638989548740862362e-03
6.731699591208210876e-02
1.037575710882806049e-02
2.137886153470149736e-02
1.136021284430122243e-02
2.999922926185258007e-02
1.323070556158231423e-03
4.397191453153967422e-03
2.090171501403943755e-02
7.285309989475563519e-02
3.601513403848411940e-03
1.031674153661405607e-02
2.885887087720318163e-03
1.793358706165218766e-02
3.131320676201402968e-03
3.362854057217881665e-03
1.962949010286554018e-03
2.288434360577434531e-02
1.049319992738824425e-02
2.851256371086624899e-03
2.556451350891017493e-02
2.416618941088861938e-03
2.325524231321828700e-03
7.845072458745251665e-03
3.054938859827477024e-02
1.487566069110547902e-02
1.562803538078452736e-02
1.034326763780371757e-03
1.091134053127256962e-02
1.199449937312739405e-02
7.963946047029749412e-04
1.699800369261703146e-04
1.292680811132357506e-03
6.731699591208210876e-02
1.037575710882806049e-02
2.137886153470149736e-02
1.422913438081624404e-03
1.816604557713556722e-02
7.865175302169215288e-03
5.472452232995570799e-03
1.958632888433644789e-02
3.821649957079788912e-02
3.601513403848411940e-03
1.031674153661405607e-02
2.021906636945300720e-03
1.577390218520912518e-02
4.399385774181901326e-03
6.296582896304549898e-04
1.962949010286554018e-03
2.311973181502470845e-02
7.710325818301689942e-03
6.718551981870813511e-03
2.556451350891017493e-02
8.691696294649102483e-04
7.246024262033684896e-03
5.327150338266187744e-03
3.054938859827477024e-02
1.487566069110547902e-02
1.358672111699948774e-02
1.034326763780371757e-03
3.384838006599975163e-03
1.000420537421071662e-02
7.870826442902896687e-04
1.699800369261703146e-04
3.394880869447588004e-03
6.705158352950367495e-02
9.904327365969356478e-03
2.137886153470149736e-02
2.491071047819349259e-03
1.500009715568089222e-02
1.506784171706885417e-03
2.650568912833493537e-03
1.243012515432523682e-02
1.471479313793274193e-02
2.240998455671173659e-03
1.031674153661405607e-02
2.524344169477512299e-03
1.512542580685157304e-02
4.399385774181901326e-03
3.470643722491118834e-03
1.636113241854238176e-02
2.519665585952579612e-02
7.710325818301689942e-03
9.382448745285085212e-03
4.334805221363430966e-02
1.980333930152834016e-03
4.581658013777296749e-03
5.739131037680571951e-03
4.258391165628733210e-03
1.810436627111868327e-02
1.358672111699948774e-02
1.303875735375374656e-03
3.319240411376675123e-03
3.289332768713732272e-03
2.074279160049811999e-03
2.195364319554650966e-04
3.394880869447588004e-03
2.883826305184731403e-02
1.345106816789624904e-02
2.137886153470149736e-02
2.799442697143913854e-03
2.182106336400448446e-02
1.584061898731141914e-03
2.650568912833493537e-03
1.243012515432523682e-02
1.471479313793274193e-02
2.240998455671173659e-03
1.048334553729917545e-02
2.524344169477512299e-03
1.512542580685157304e-02
4.399385774181901326e-03
3.520705649809157713e-03
1.306409698996386336e-02
1.509034521696820189e-02
8.242063293273255500e-03
8.225264064515964979e-03
4.920489667240791204e-02
7.292125436805813737e-04
4.575446858320540884e-03
5.713519409271417340e-03
4.235552691685808523e-03
1.914624002075568376e-02
1.227217971757781773e-02
1.303875735375374656e-03
2.782877241717100769e-03
6.459127236319255234e-03
1.910919224808491773e-03
5.893785371459056566e-03
2.919411459735477346e-03
4.154877098069786889e-02
1.345106816789624904e-02
1.744738104919155847e-02
6.664304388473256402e-04
1.731734513281417420e-02
2.382584193256709337e-03
2.650568912833493537e-03
1.112897882406141403e-02
1.224700066101614207e-02
7.899016851806099637e-03
1.048334553729917545e-02
2.524344169477512299e-03
1.512542580685157304e-02
7.715090253650334212e-03
2.993431957217115857e-03
1.264902611367120164e-02
1.244979910387334840e-02
8.242063293273255500e-03
6.146934535822792985e-03
4.748388299578949062e-02
1.146068946860745279e-02
6.008417547607871646e-03
1.303645932045201586e-02
2.786497548145165735e-03
2.053309328104656328e-02
1.227217971757781773e-02
1.123486916461110055e-03
2.728200675725744526e-03
5.406837158179099434e-03
9.355606593406534666e-06
4.208512231847227371e-03
2.105400621047531003e-03
4.001427041613991875e-02
1.345106816789624904e-02
3.067627723075621454e-02
9.290679224056821311e-03
1.557881532422756427e-02
7.326179464791427939e-03
2.650568912833493537e-03
1.516574067827826389e-02
1.194256857805707159e-02
1.110984748868099059e-02
1.054761892941854379e-02
2.524344169477512299e-03
1.512542580685157304e-02
7.715090253650334212e-03
8.262292895822451883e-03
1.162634291606073032e-02
1.172963817319486179e-02
8.058199772062978050e-05
6.146934535822792985e-03
3.170661355398027292e-02
1.045668154718725276e-02
6.017983484642846007e-03
1.001601078275160886e-02
3.387258692686757975e-03
1.655807251641230188e-02
1.678435360613239613e-02
1.188537994793000072e-03
1.906097071121498274e-03
6.598572700011455516e-03
3.489683061107061836e-04
4.287863406568691305e-03
2.105400621047531003e-03
1.771147670756481260e-02
1.345106816789624904e-02
3.067627723075621454e-02
9.290679224056821311e-03
1.660507583862226230e-02
8.121500032104255265e-03
2.408778588967536508e-03
1.516574067827826389e-02
1.193679576023751188e-02
5.179708139491820754e-03
7.898478356383938428e-03
4.792419727989832498e-03
1.539374367051267282e-02
7.715090253650334212e-03
8.262292895822451883e-03
1.162634291606073032e-02
1.449398414825519427e-02
8.058199772062978050e-05
1.335554716751500941e-02
3.021034693710301575e-02
6.688432186914387845e-03
6.017983484642846007e-03
4.128285861910624237e-03
1.742232962254309028e-03
1.907237215083065068e-02
5.713317551943493389e-03
1.188537994793000072e-03
1.906097071121498274e-03
1.019938484007108619e-02
3.802797719185056248e-03
5.484263612385886430e-03
4.322657120620377984e-03
1.611281108104214294e-02
3.152044042143127556e-02
3.067627723075621454e-02
8.223150903749320423e-03
1.322923902047550698e-02
1.459179511741037424e-02
2.146336747453739952e-03
1.188113648760324818e-02
8.474781819672996819e-03
5.179708139491820754e-03
2.648135208508028277e-02
4.792419727989832498e-03
7.768299455536514971e-03
7.715090253650334212e-03
8.262292895822451883e-03
8.589713744543831658e-03
1.449398414825519427e-02
2.533195806714827990e-03
9.090813052600291849e-03
3.021034693710301575e-02
4.157819039666910479e-03
6.017983484642846007e-03
4.128285861910624237e-03
1.742232962254309028e-03
2.971304188784969214e-02
5.295665645497778240e-03
4.349927419556257752e-04
1.679245512362136658e-03
1.019938484007108619e-02
2.070707720839766106e-03
2.007309010209767583e-03
3.883979936742417219e-03
1.672091483284013011e-02
3.152044042143127556e-02
3.223357861426005139e-02
8.223150903749320423e-03
3.314088325986523642e-02
1.459179511741037424e-02
1.264529567608799719e-03
1.188113648760324818e-02
1.147172035351903645e-02
7.360861902733710493e-03
1.755109880731202388e-02
1.054039267878188052e-04
7.761930564647013392e-03
7.715090253650334212e-03
3.131680072016576263e-03
2.646344822556108770e-02
1.449398414825519427e-02
6.368099118589333127e-04
8.939215074762524652e-03
3.021034693710301575e-02
1.682817129777356910e-03
6.017983484642846007e-03
5.085523482142768198e-03
5.845015498372766946e-03
5.585486288642928926e-02
1.724253639458482937e-03
4.349927419556257752e-04
1.679245512362136658e-03
1.019938484007108619e-02
2.442210011343165770e-04
2.007309010209767583e-03
5.689670975074840285e-03
1.539540789622780709e-02
3.152044042143127556e-02
3.249706517770237918e-02
8.206860449743048208e-03
2.343027717200697052e-02
4.827334893400151566e-03
1.264529567608799719e-03
1.188113648760324818e-02
8.961273427869771366e-03
6.195025307432179378e-03
1.890845193424303683e-02
2.702875778945952427e-03
1.105770747549155407e-02
8.145133479694512124e-03
8.839581520704603568e-03
2.936369403490728461e-02
1.371357019754288267e-02
6.368099118589333127e-04
8.995565334236529584e-03
2.135492509786410600e-02
2.021692694634623973e-03
6.017983484642846007e-03
1.161015342624398955e-03
7.823353904503999381e-03
4.887987574060186080e-02
2.074628847995636793e-02
4.349927419556257752e-04
1.679245512362136658e-03
1.166315527574577834e-02
2.442210011343165770e-04
2.012588897430635064e-03
5.689670975074840285e-03
1.539540789622780709e-02
2.373762497741917915e-02
3.647104731859755061e-02
9.226497310536117824e-03
1.805250942214586471e-02
1.867721641964857626e-02
1.264529567608799719e-03
1.188113648760324818e-02
8.961273427869771366e-03
9.236657819720290458e-03
2.319997404292553980e-02
2.702875778945952427e-03
7.827770778244027769e-03
7.650562482988072788e-03
8.839581520704603568e-03
2.739678331403513564e-02
7.919555814903330576e-03
4.028778214310947681e-03
8.995565334236529584e-03
2.135492509786410600e-02
3.511152600551983166e-03
6.197904501634424711e-03
1.161015342624398955e-03
8.183635155616791890e-04
5.424317903488602710e-02
2.074628847995636793e-02
4.349927419556257752e-04
2.040330951706554631e-03
1.756892777977631451e-02
2.442210011343165770e-04
2.408777714683538445e-03
5.689670975074840285e-03
1.815513051057193739e-02
2.056541832579402568e-02
2.523744657953712334e-02
6.163152510949322649e-03
1.309402645619510766e-02
1.521964793802470066e-02
9.335599253837107781e-04
1.668466578352503435e-02
6.439018867349626495e-03
7.633244777002897753e-03
2.319997404292553980e-02
2.527571144442794689e-03
1.416878339596237130e-02
7.650562482988072788e-03
8.839581520704603568e-03
2.345286089482711417e-02
6.446116402083638952e-03
4.028778214310947681e-03
7.495689624623574909e-03
5.425535669165044983e-02
2.139401207573159158e-03
6.508872214033397524e-03
1.161015342624398955e-03
8.771696985276343853e-03
5.424317903488602710e-02
1.890055244051585051e-02
4.349927419556257752e-04
3.162157497347069419e-03
1.875403111537864848e-02
3.312068684086350544e-03
3.297143967276264936e-03
5.689670975074840285e-03
1.211306424878766039e-02
1.950419907371813560e-02
2.523744657953712334e-02
9.773879956505041045e-03
1.359275620670723217e-02
1.722919921689619951e-02
3.811385150582027349e-03
1.939823803349907672e-02
6.439018867349626495e-03
1.401466866431655411e-02
2.319997404292553980e-02
4.502239670056620326e-03
1.100648014341054290e-02
1.049619415037123318e-02
8.839581520704603568e-03
2.488770544980585878e-02
6.486746101107410470e-03
2.825672131843278909e-03
6.003584082819055610e-03
4.905526305088843408e-02
1.970207377642382504e-03
3.695555336994081619e-04
1.161015342624398955e-03
1.224190048261603568e-02
9.004172613480102005e-02
1.066878936371221456e-02
1.014518013180937088e-03
2.381193731616854537e-03
2.165984657476172082e-02
1.601432587624877432e-04
3.249620153547228690e-03
7.531178306219341034e-03
8.601875151727117128e-03
1.950419907371813560e-02
4.330182408614515616e-03
5.199120262368649159e-03
9.085580227363582173e-03
1.058229390113969368e-02
6.790472209292308832e-03
1.060543472788804190e-02
6.839347671585803423e-03
1.482266683706817863e-02
2.319997404292553980e-02
7.787114606145515219e-03
1.058204821455047996e-02
4.873201556430326042e-04
8.839581520704603568e-03
2.488770544980585878e-02
1.263102979114073300e-02
2.825672131843278909e-03
6.376833413758273457e-03
4.989240821546796212e-02
1.970207377642382504e-03
3.695555336994081619e-04
4.600794318604028640e-04
1.224190048261603568e-02
3.528304574416622763e-02
1.293550064543596764e-02
1.999822064219772960e-02
1.732763007188167174e-03
2.165984657476172082e-02
1.601432587624877432e-04
2.256129595732002738e-03
8.720052715737253157e-03
6.667083292064538216e-03
1.654095411808336608e-02
1.705676575071952668e-03
7.830955224925237844e-04
7.597707790273440856e-03
1.058229390113969368e-02
5.523022070802658702e-03
8.859640367984261342e-03
8.499694132939682178e-03
1.103393790879833927e-02
2.322144181563058282e-02
7.021860244799400796e-03
1.058204821455047996e-02
4.873201556430326042e-04
5.360155430116674176e-03
2.221565739220619090e-02
1.507040986361572570e-02
5.254537554723511146e-03
3.347109114497195167e-03
6.067464178322105883e-02
1.970207377642382504e-03
3.695555336994081619e-04
4.687087022418031995e-04
1.224190048261603568e-02
1.341814152945214333e-02
1.008749092511962084e-02
3.932233896936317835e-02
5.759128448952686302e-03
2.165984657476172082e-02
1.653047563717809781e-03
9.333563515323281892e-04
1.574825858684413687e-03
3.879267581666343175e-03
1.718140901419454303e-02
1.705676575071952668e-03
7.830955224925237844e-04
1.869039852697489124e-02
1.140254051673266281e-02
8.421965191796816283e-03
3.715945733001128556e-03
5.405090597058014555e-03
1.103393790879833927e-02
2.920257206895207278e-02
7.972568407059756751e-03
1.058204821455047996e-02
2.168795524104596365e-03
8.812322751032698742e-03
8.797100983344713354e-02
1.418444652642876155e-02
5.254537554723511146e-03
2.872669650308293764e-03
8.663241388011873323e-02
1.970207377642382504e-03
2.045067597922603161e-03
4.687087022418031995e-04
1.112382665088085774e-02
1.400246976374104266e-02
1.175754681992816075e-02
2.908743990348609462e-02
4.796552173316057620e-03
2.610995263641651548e-02
1.653047563717809781e-03
9.333563515323281892e-04
1.574825858684413687e-03
4.122134426707830049e-03
1.733492960477072548e-02
1.705676575071952668e-03
7.830955224925237844e-04
1.633027587793018168e-02
1.357981619376827376e-02
7.637335378507271837e-03
3.715945733001128556e-03
1.471931700376686442e-03
1.103393790879833927e-02
2.259906605525786177e-02
7.972568407059756751e-03
1.058204821455047996e-02
2.745424211906702903e-03
5.407392679926888678e-03
8.797100983344713354e-02
1.823002458305661086e-02
4.204578138016085154e-03
3.185339104602965751e-03
5.294573965260832016e-02
1.970207377642382504e-03
3.256476217575708654e-04
1.196036520459402720e-03
1.112382665088085774e-02
1.400246976374104266e-02
8.443075591338982527e-03
2.908743990348609462e-02
7.562003023278264166e-03
1.648407449504446162e-02
1.653047563717809781e-03
8.395545523695133183e-03
7.688633839849306692e-03
6.218230722322545465e-04
1.120585898531359197e-02
1.703970369221587729e-03
7.830955224925237844e-04
1.750139956861547150e-02
1.334621608454429967e-02
3.863047494994556724e-03
1.213855283071323121e-03
3.637603505599421375e-03
1.103393790879833927e-02
2.259906605525786177e-02
7.972568407059756751e-03
1.058204821455047996e-02
1.527961983095994358e-03
4.316562802037425539e-03
8.797100983344713354e-02
1.845647462543926684e-02
5.364066534844746416e-03
1.604750523479986195e-03
6.117395045391194053e-02
1.970207377642382504e-03
3.256476217575708654e-04
9.896886947653598960e-04
1.112382665088085774e-02
1.400246976374104266e-02
9.470040936645036586e-03
2.908743990348609462e-02
5.616588931440878035e-03
1.703736065142009287e-02
1.813418559836753666e-02
4.491833424407952122e-03
5.217056168856120356e-03
6.218230722322545465e-04
1.351806071524700587e-02
1.479900712528983003e-03
7.830955224925237844e-04
1.475135299979493143e-02
1.084223658870970587e-02
3.144281358968047200e-03
1.466574570713539798e-03
3.637603505599421375e-03
5.955972442665745555e-03
8.203659952732059168e-02
9.133737233407341477e-03
1.058204821455047996e-02
6.461677967071286638e-04
4.316562802037425539e-03
1.093052503528847696e-02
2.070530473431069635e-02
1.078765533790886771e-02
1.551402483081484873e-03
6.117395045391194053e-02
1.919893619841769915e-03
3.256476217575708654e-04
1.011396688630612512e-03
1.959500761682113346e-02
1.831570705538372243e-02
1.486776249017818241e-02
2.908743990348609462e-02
5.616588931440878035e-03
1.703736065142009287e-02
2.467784305012290375e-02
4.491833424407952122e-03
5.217056168856120356e-03
9.069649170134762989e-03
1.404519119985546058e-02
1.479900712528983003e-03
1.814162332257083848e-03
5.831014984268668988e-03
5.551997109615836729e-03
3.144281358968047200e-03
5.921273298745408087e-03
3.637603505599421375e-03
6.442434120528278685e-03
6.439079537783788665e-02
3.699855350199608619e-03
7.624054316873259303e-03
2.870147561185075816e-04
4.316562802037425539e-03
4.610330448412374230e-03
2.580121822989999564e-02
9.804393378146992674e-03
1.551402483081484873e-03
1.747267899651131981e-02
2.397053089338756562e-03
6.877028180731409313e-03
1.011396688630612512e-03
4.097025458493286365e-02
1.399153701441090310e-02
3.385395967959240610e-02
2.908743990348609462e-02
5.616588931440878035e-03
1.703736065142009287e-02
3.441503808138048764e-02
5.619843573844810446e-03
5.217056168856120356e-03
7.650158989622587655e-03
1.489330930288677163e-02
1.479900712528983003e-03
4.075181386299912834e-03
5.831014984268668988e-03
6.455880209882991841e-03
2.164891657063222792e-03
5.921273298745408087e-03
3.637603505599421375e-03
9.454371849290633956e-03
6.080811335226572051e-02
3.384360894315523432e-03
6.802794263734662610e-03
2.870147561185075816e-04
4.316562802037425539e-03
4.610330448412374230e-03
1.348075554508862926e-02
5.618934547513344466e-03
1.551402483081484873e-03
2.237589771137801081e-02
1.491489523192456729e-03
2.124594638382995213e-02
1.011396688630612512e-03
3.843277630318621407e-02
4.705288727793965897e-03
4.724591659488219797e-02
3.601422125863362050e-02
5.546849929336885622e-03
1.545978033707301816e-02
2.034161769858391228e-02
5.619843573844810446e-03
5.217056168856120356e-03
9.934079759934447140e-03
1.489330930288677163e-02
1.479900712528983003e-03
4.690830619728044923e-03
7.642979762907007799e-03
2.128571017722818981e-03
2.545610994050546104e-03
5.441195638177603010e-03
3.412352955841608994e-03
1.200808053023707384e-02
6.080811335226572051e-02
2.065052453538517886e-03
6.802794263734662610e-03
7.384709766464242486e-03
1.119384944088677638e-03
4.483524271318452964e-03
1.348075554508862926e-02
6.253850149704902155e-03
1.558618546971562990e-03
2.237589771137801081e-02
1.491489523192456729e-03
2.124594638382995213e-02
1.312837815129020563e-03
4.003753884815238612e-02
3.632357690741732162e-03
4.834983290982415582e-02
3.601422125863362050e-02
5.546849929336885622e-03
1.226632570892388988e-02
1.236813736636923830e-02
5.619843573844810446e-03
3.159284605510518078e-03
9.491896002617962371e-04
1.489330930288677163e-02
1.283462015038932744e-03
7.562291082301823841e-03
7.642979762907007799e-03
2.142313827516404649e-03
7.829325310690022147e-04
7.115553120101848761e-03
7.165474324723457994e-04
3.127122349561699266e-02
6.080811335226572051e-02
2.065052453538517886e-03
8.203082718532072812e-03
7.292944912482891319e-03
1.983098067103469895e-04
4.483524271318452964e-03
7.644740840919089266e-03
6.253850149704902155e-03
1.558618546971562990e-03
2.237589771137801081e-02
1.491489523192456729e-03
2.124594638382995213e-02
8.145652793820580204e-04
4.003753884815238612e-02
1.158258621579166640e-02
2.308700869816698170e-02
1.031937874169564298e-02
1.073906151898308681e-02
1.226632570892388988e-02
1.558503606091832944e-02
6.128324202294777381e-03
3.159284605510518078e-03
6.479043416440736364e-04
1.489330930288677163e-02
2.181800083204444435e-03
7.562291082301823841e-03
7.642979762907007799e-03
4.722606092923608764e-03
2.336310166900578723e-03
8.161390261999936641e-03
1.812273969694841447e-05
1.083558744620607278e-02
9.324304411165744433e-02
2.949276111402147297e-03
4.000561069693838075e-03
8.162835160009585672e-03
1.983098067103469895e-04
4.483524271318452964e-03
7.644740840919089266e-03
6.543581659934613604e-03
1.558618546971562990e-03
2.240741806872016684e-02
1.491489523192456729e-03
2.892454251560803644e-02
5.029315720862098660e-04
4.003753884815238612e-02
1.158258621579166640e-02
4.252315059166121569e-02
1.193598175869092087e-02
8.031331913175883061e-03
1.348381566978897050e-02
1.853538804420527125e-02
1.022313167180402896e-02
2.712113601441091312e-03
2.272541925952786118e-03
1.489330930288677163e-02
1.054931151579553434e-03
7.562291082301823841e-03
7.642979762907007799e-03
4.722606092923608764e-03
2.336310166900578723e-03
1.545347137710081573e-02
4.517360095815685025e-06
1.192097027413859672e-02
1.331567862026864502e-01
3.005038275003507620e-03
2.937013467379283316e-03
1.634134567859051035e-02
3.761747509648920035e-03
3.626423774038945065e-03
1.119094713485961450e-03
4.229794753237891593e-03
1.589181715193333866e-03
1.874078978507398921e-02
1.491489523192456729e-03
3.354499241127557180e-02
5.029315720862098660e-04
2.217763429412053511e-02
1.149974390020767033e-02
4.252315059166121569e-02
8.260670266568645101e-03
2.442609045284553637e-02
1.236138074234751152e-02
1.825957599019959257e-02
1.022313167180402896e-02
3.228958940746859407e-04
2.524785759711860138e-03
1.089343324318341188e-02
7.351553264794050656e-04
9.092580262582243555e-03
7.642979762907007799e-03
4.722606092923608764e-03
4.404734629238331138e-03
1.275493601696771687e-02
4.517360095815685025e-06
1.192097027413859672e-02
1.234057834776063345e-01
7.455856499337287953e-03
9.906109272149812850e-03
1.634134567859051035e-02
6.671901615873329812e-03
7.726780566636762618e-03
1.488679595812086864e-03
2.356768531490619281e-03
1.435578428702372067e-03
1.118676100757522163e-02
1.010888610204305205e-03
4.022010068772419178e-02
1.724870330024686274e-03
2.217763429412053511e-02
1.149974390020767033e-02
3.551445689874068584e-02
8.342912281586499848e-03
2.442609045284553637e-02
8.232591777099444730e-03
1.459706459881002227e-02
1.022313167180402896e-02
1.921494394491715489e-03
2.524785759711860138e-03
5.663200260098601689e-03
7.351553264794050656e-04
9.092580262582243555e-03
5.204325989165656599e-03
4.722606092923608764e-03
1.955002356256880722e-03
1.266196447960963103e-02
4.517360095815685025e-06
8.847555124363762347e-03
2.711159550835689352e-02
7.696883471992967130e-03
1.280649344374311729e-02
1.847346941312670576e-02
1.411828326368650896e-02
5.369483762187472406e-03
7.497082617011108403e-04
3.686611848217048910e-03
4.385887608845343705e-04
2.715502522662429242e-03
1.010888610204305205e-03
2.927379418091627730e-02
5.331394229154221356e-03
3.083771732400385213e-02
7.113013600673625050e-03
3.788910512013438092e-02
3.070733425354497254e-03
2.097509063772456939e-03
8.868401950575728956e-03
1.366618066449842503e-02
1.186449641101122547e-02
9.614859623979865946e-04
6.373654962104251601e-03
4.833010281634709041e-03
5.018694461775989601e-03
1.459476566768022274e-02
5.204325989165656599e-03
4.722606092923608764e-03
6.277167332431783653e-05
1.479504953436009025e-02
3.179595208113384502e-03
8.981966915880462698e-03
3.160470238268080906e-02
3.381992099743574842e-03
1.280649344374311729e-02
1.793304256597735499e-02
1.411828326368650896e-02
5.380107232415093539e-03
7.497082617011108403e-04
3.259508547764915828e-03
4.563830353258250400e-05
2.896948036691678226e-03
1.010888610204305205e-03
5.912856899076853606e-02
5.331394229154221356e-03
1.778733603645894432e-02
7.455628524089214469e-03
4.181856699131569766e-02
1.923478643141076153e-03
6.260156722647959929e-03
8.868401950575728956e-03
1.366618066449842503e-02
1.186449641101122547e-02
9.933296824096782881e-04
5.893254973558564175e-03
6.321808035321868635e-03
5.437422736136820686e-03
1.532187615131495005e-02
6.650137202663002241e-03
4.722606092923608764e-03
7.579359309008604217e-03
1.063566134753414147e-02
3.179595208113384502e-03
7.757560261312399820e-03
3.160470238268080906e-02
9.860479003964011530e-03
1.140986480550743379e-02
1.588151323505564497e-02
9.744789433834680215e-03
5.380107232415093539e-03
7.497082617011108403e-04
6.873596981252407499e-03
4.563830353258250400e-05
9.533032409556130640e-04
9.513329870205259036e-04
5.912856899076853606e-02
4.654006340371143191e-03
1.778733603645894432e-02
8.157800873162101424e-03
6.572277959646542767e-02
1.386193851190900290e-03
1.825402359270728372e-02
1.141656225075178381e-02
1.703474637368712630e-02
1.186449641101122547e-02
2.644061881605451469e-03
5.893254973558564175e-03
8.050037160483417692e-03
4.506586746453156156e-03
1.452913498642273427e-02
6.650137202663002241e-03
4.112208637199016650e-03
7.579359309008604217e-03
4.854367723636509278e-03
3.179595208113384502e-03
1.008494516132762107e-02
1.620147431743394068e-02
9.860479003964011530e-03
1.009220097930039854e-02
2.065099990687384313e-02
5.694611550652389602e-03
2.607250988854850626e-03
3.811385513381871770e-04
8.143437755584891427e-03
4.563830353258250400e-05
9.533032409556130640e-04
9.033683825057647887e-04
4.121896152639176192e-02
4.654006340371143191e-03
2.101922967105913226e-02
6.414287294835323110e-03
4.944972160337252759e-02
1.386193851190900290e-03
3.554555184987651106e-02
1.141656225075178381e-02
1.725503105680650795e-02
1.086194404417383831e-02
2.644061881605451469e-03
5.893254973558564175e-03
5.112585329082682331e-03
1.953865937925347573e-04
1.452913498642273427e-02
7.599826131535971849e-03
3.279046272567139302e-03
7.579359309008604217e-03
8.825181550245475570e-05
3.535872621024185869e-04
1.595304498636046162e-02
2.226327659215592003e-02
9.347246296343782873e-03
1.719717775823480926e-02
1.992307308102583829e-02
1.319933394195167697e-02
2.607250988854850626e-03
2.709241572205455797e-04
1.146854791623418482e-02
6.640343074648127029e-05
9.533032409556130640e-04
4.797702623633853802e-04
4.121896152639176192e-02
4.654006340371143191e-03
2.599147184387008355e-02
4.957234238999201972e-03
7.230392707717481215e-02
1.627262527969585348e-03
3.554555184987651106e-02
1.215231206448369808e-02
2.232733665288896135e-02
1.086194404417383831e-02
1.991358382859044311e-03
5.893254973558564175e-03
7.257486842143296563e-03
1.953865937925347573e-04
1.825940659774692373e-02
7.520148990468522240e-03
3.279046272567139302e-03
6.862248619531708532e-03
8.683250282552818812e-05
3.454433835583533923e-04
1.363294860335067908e-02
2.226327659215592003e-02
4.828545224347850252e-03
1.719717775823480926e-02
1.941897900779211705e-02
1.165207974275703218e-02
3.610236284266262613e-03
6.466749832772903522e-03
1.912469727251792789e-02
8.778516562769132607e-04
2.927402595633138253e-03
3.003461032413048612e-03
4.121896152639176192e-02
2.861815317166844196e-03
2.599147184387008355e-02
9.011545470235068911e-03
3.790627660813773725e-02
1.627262527969585348e-03
1.987555001106748598e-02
1.503773496122529953e-02
2.424243399039982885e-02
8.870462898542383692e-03
1.629581088919050680e-03
1.110300444268565515e-02
7.257486842143296563e-03
1.950235590834014071e-04
1.105432732641771845e-02
1.453507767154259972e-02
5.001194561013366444e-03
6.862248619531708532e-03
8.683250282552818812e-05
4.270786663963022090e-03
1.363294860335067908e-02
1.039984660225935255e-02
4.913036497214268855e-03
1.348128732642603356e-02
9.501910845566313712e-03
9.458694404961866253e-03
3.610236284266262613e-03
1.061308724004181823e-02
1.322658222622972307e-02
4.978265591669209233e-04
1.099730818640148183e-02
3.432956582552483277e-03
1.966144732052386990e-02
4.762581259178263159e-03
2.599147184387008355e-02
9.011545470235068911e-03
3.330399704609317973e-02
1.627262527969585348e-03
1.987555001106748598e-02
2.281595198856159468e-02
2.966664906436913482e-02
1.117377566099153272e-02
2.631846809230817957e-03
6.261252947483296818e-03
7.257486842143296563e-03
1.950235590834014071e-04
1.186507029685853615e-02
8.203748356152944232e-03
4.217666658495896823e-03
6.862248619531708532e-03
1.391448729092986442e-04
4.915491512773283167e-04
1.443370941663590402e-02
1.270521336512211649e-02
4.913036497214268855e-03
1.247996854775143723e-02
9.501910845566313712e-03
9.170299067511112831e-03
2.496465334735230648e-03
4.657968790474000670e-03
8.558695782683041486e-03
4.978265591669209233e-04
6.701604788918165932e-03
5.244269847784251842e-03
1.827650076166582177e-02
1.470138640227209095e-03
2.599147184387008355e-02
4.582554836309489510e-04
2.109919409951123426e-02
1.627262527969585348e-03
3.141414818613488119e-02
1.665875372345644242e-02
2.966664906436913482e-02
1.416679295823649112e-02
1.914126465082499791e-03
2.953052573568475114e-03
1.194033254831636248e-02
1.950235590834014071e-04
9.431323509829885043e-03
8.447079931261525926e-03
4.645261414970207857e-03
6.862248619531708532e-03
7.700820035240105686e-04
4.915491512773283167e-04
1.443370941663590402e-02
1.060906418464648004e-02
9.178966535388018849e-03
1.247996854775143723e-02
8.908987835271119787e-03
1.346012792636012284e-02
5.656921641288413516e-03
3.653053826706966628e-03
8.944453940411656312e-03
2.088412659538319352e-03
6.936901105280759462e-03
6.732703476982138287e-03
2.383717221888416449e-02
2.044997449437720334e-03
3.784853911737796894e-02
4.654303480645188514e-04
1.849909384425018136e-02
1.946973940771115803e-03
4.060668222322783016e-02
3.329275100314015023e-02
2.966664906436913482e-02
1.141511465864370432e-02
3.649863704301165718e-04
2.953052573568475114e-03
4.074725557973584399e-03
2.333984429908001444e-03
9.114898653015231916e-03
8.447079931261525926e-03
5.779050034690889903e-03
9.147092902195152683e-03
7.700820035240105686e-04
4.915491512773283167e-04
6.628536046748219855e-03
9.585880694430332430e-03
4.379973048892024656e-03
2.023176387942821758e-03
1.433598472921077636e-02
4.635571451070664983e-03
6.185193857748995383e-03
4.215763210703426037e-03
7.332412820569870690e-03
1.980103283225381934e-03
7.947592969716034753e-03
6.732703476982138287e-03
2.383717221888416449e-02
2.044997449437720334e-03
2.169853617807340068e-02
7.144478259392089518e-04
2.204510217820111750e-02
1.982969862914552538e-03
3.170434294877631787e-02
5.808276546190748596e-02
5.012647531423083253e-02
1.368742552650042965e-02
8.797685708252739410e-04
2.953052573568475114e-03
5.217775651006261069e-03
2.333984429908001444e-03
6.419466966767961233e-03
8.642860538127917699e-03
7.074083193380361310e-03
1.946965079591007550e-02
1.630980505337678577e-03
1.734702951142492316e-04
3.884712045564475604e-03
1.004870999955124328e-02
5.234112420662141371e-03
8.967156065727562714e-03
6.872527131480760110e-02
1.902516596195486659e-02
6.185193857748995383e-03
4.215763210703426037e-03
9.248399912979972035e-03
1.980103283225381934e-03
9.591015681932654052e-03
6.732703476982138287e-03
2.186449637185684802e-02
2.044997449437720334e-03
1.991431090168024193e-02
1.736698868755814310e-03
3.644751414130754236e-02
1.982969862914552538e-03
3.170434294877631787e-02
2.041382462992237523e-02
2.715861382868929932e-02
8.596917221991831962e-03
6.665526096591819355e-03
2.953052573568475114e-03
5.217775651006261069e-03
8.148331503430271405e-04
6.419466966767961233e-03
8.313367429469016232e-03
5.253054667132900195e-03
1.946965079591007550e-02
3.727010377522379462e-03
1.734702951142492316e-04
5.188542796912999980e-03
6.812765616726412267e-03
4.234663072136176862e-03
8.967156065727562714e-03
3.326586219374980113e-02
1.529914093393213922e-02
6.005795990862902549e-03
6.604667855924385017e-04
9.248399912979972035e-03
1.145377462294697862e-02
9.591015681932654052e-03
6.732703476982138287e-03
1.650682958271260103e-02
2.044997449437720334e-03
2.031638904199876972e-02
1.623366736440282239e-03
2.900511220066048085e-02
1.092780332714564026e-03
3.170434294877631787e-02
1.784326826174194303e-02
2.715861382868929932e-02
7.595570180138532836e-03
6.665526096591819355e-03
3.494121025867625088e-03
5.217775651006261069e-03
5.965441218041868127e-04
6.419466966767961233e-03
8.313367429469016232e-03
3.586319291654757775e-03
1.946965079591007550e-02
4.163821483498525780e-03
1.192279980513414901e-03
9.357683581431245484e-03
4.689668725887379853e-03
4.244660859964537875e-03
8.432497279440887700e-03
4.351263844817976345e-02
1.901544195459612535e-02
4.386962995429481357e-03
1.204505859757835917e-03
5.497597831826918878e-03
1.145377462294697862e-02
7.521945508746135864e-03
6.732703476982138287e-03
1.246029251362112608e-02
2.044997449437720334e-03
4.662882163356861162e-03
1.623366736440282239e-03
4.147873947179054471e-02
2.619897039974275130e-03
2.424072204163743929e-02
1.784326826174194303e-02
2.840807411339434096e-02
7.608268149666390021e-03
5.482006940936166861e-03
3.494121025867625088e-03
5.673859425716650147e-03
5.965441218041868127e-04
6.419466966767961233e-03
8.313367429469016232e-03
3.148958746511088501e-03
1.394580316813343393e-02
5.784384581962774899e-03
1.192279980513414901e-03
1.627407016174500093e-02
5.475282352698987789e-03
2.485452194184332216e-03
8.432497279440887700e-03
5.617057169395484051e-02
2.067234923239352068e-02
4.997729796938804245e-03
1.204505859757835917e-03
4.964577798025036209e-03
1.493573040698070384e-02
6.284128198219808559e-03
6.610827244583314215e-03
1.526041044253817827e-02
3.594034977816986092e-03
4.331536378563633112e-03
3.604753793733559385e-04
3.640638356775969392e-02
2.619897039974275130e-03
1.706756610095137155e-02
1.784326826174194303e-02
2.047570142667742843e-02
1.451750330701751315e-02
8.288056500327318013e-03
3.494121025867625088e-03
1.862968411489245024e-03
2.962026225770313451e-05
8.423571210773746903e-03
8.313367429469016232e-03
5.718954101809848797e-04
1.394580316813343393e-02
7.419771336291090813e-04
1.258180836583008312e-02
1.627407016174500093e-02
5.577562418382918039e-03
2.485452194184332216e-03
5.946296034525410529e-03
3.942812132625833632e-02
2.322102305701492786e-02
5.007621530375643872e-03
4.909586483686171482e-03
7.124867637143521976e-03
2.366144365426915003e-02
1.437321188445820838e-02
1.945732369539125359e-03
3.644813574321920796e-02
4.036630060498265504e-03
1.150011389077775642e-02
1.112918675274918515e-02
2.345441755447817689e-02
2.052526953297917865e-03
1.369093881727515005e-02
2.330520858991863564e-02
1.947643965759834547e-02
1.743046930253680515e-02
8.288056500327318013e-03
3.494121025867625088e-03
2.573932037317940534e-03
6.852200544357694469e-03
8.423571210773746903e-03
8.313367429469016232e-03
2.124207197209950979e-03
1.394580316813343393e-02
2.684297832985087576e-03
2.176589521179404796e-02
1.602614563659322811e-02
7.234513467818693214e-03
2.485452194184332216e-03
5.946296034525410529e-03
3.942812132625833632e-02
2.243469227659360479e-02
9.777977746905327713e-03
5.018834872766475205e-03
7.124867637143521976e-03
2.381921412796835988e-02
5.006123082726387716e-03
2.867315552523416831e-03
2.889771472260939389e-02
1.054968084937395190e-02
1.594989906816630595e-02
3.102854727653339348e-02
2.096724797783035277e-02
2.480757180790350673e-03
1.103055568265628658e-02
1.311044281805655645e-02
1.947643965759834547e-02
1.191967493459746529e-02
1.738135594403580203e-03
3.494121025867625088e-03
5.698525437613293117e-03
1.015970438177259821e-02
3.459592438727782451e-03
5.917823236693478192e-03
2.485135235616520513e-03
1.442081713513483979e-02
1.022392278649786497e-02
4.978477625566769815e-02
6.025405166176419150e-03
4.693510484339129263e-03
2.069707838707707942e-03
7.698890516139924103e-03
3.247655823827924615e-02
2.242156177538233430e-02
1.709058915729094047e-02
6.051474845518127130e-03
7.124867637143521976e-03
2.606608838737614620e-02
2.351390202722665121e-03
1.772496488137761256e-04
3.805486455324169626e-02
1.309119397632035886e-02
1.594989906816630595e-02
1.679206581206578799e-02
2.047204052614432987e-02
2.480757180790350673e-03
1.097277482374706126e-02
1.311044281805655645e-02
2.309020900091274947e-02
1.191967493459746529e-02
1.738135594403580203e-03
3.494121025867625088e-03
5.698525437613293117e-03
1.243037085942446350e-02
2.629507084777580033e-03
4.961866551805993800e-03
2.658153394468665536e-03
1.442081713513483979e-02
9.001187058466189259e-03
3.035762215259289742e-02
1.104867250853161162e-02
3.780856141511557654e-03
5.852990332534287188e-04
8.688244546206019131e-03
3.247655823827924615e-02
2.863203671621116636e-02
1.613048270768874595e-02
4.974904987668052857e-03
3.547443972587559918e-03
3.128512494946461553e-02
2.351390202722665121e-03
1.772496488137761256e-04
3.730534684629577963e-02
1.449396995928146047e-02
1.594989906816630595e-02
2.061493545584196230e-02
2.335384567426917676e-02
1.993379237248620907e-03
1.097277482374706126e-02
9.283524239414264051e-03
2.309020900091274947e-02
1.520754133878369531e-02
3.583720969988558533e-03
3.494121025867625088e-03
9.594186301921436844e-03
1.243037085942446350e-02
2.629507084777580033e-03
4.961866551805993800e-03
3.282146944347466219e-03
1.442081713513483979e-02
4.014244899968238967e-03
2.539851287626974582e-02
8.385887102656162939e-03
5.598364563007707934e-04
7.170708979531165844e-04
4.178306455812765691e-03
3.101275021284288086e-02
2.695448612062250476e-02
1.355348753822548623e-02
8.233846896848563690e-03
1.691879807210446354e-03
2.675256831963130494e-02
7.581321475157316511e-03
1.392043520355035029e-03
5.267220572333755624e-02
1.449396995928146047e-02
1.858438607017425664e-02
2.061493545584196230e-02
1.312544699408506495e-02
7.316897019490958484e-03
1.097277482374706126e-02
1.020053983699416994e-03
2.309020900091274947e-02
5.231190634109292997e-03
3.554236714210002885e-03
3.494121025867625088e-03
1.353081115864175274e-02
9.825435762872952727e-03
2.629507084777580033e-03
1.354734163736163316e-03
3.769338373208910506e-03
1.442081713513483979e-02
9.442016263578748361e-03
3.432828349129556089e-02
1.293861831023842245e-02
1.916916661242272588e-03
7.170708979531165844e-04
3.947506345063104757e-03
3.459072531028704184e-02
2.762199110992341264e-02
1.355348753822548623e-02
7.212235574666820206e-03
2.058337715000907366e-03
2.675256831963130494e-02
7.735730727261266523e-03
9.543442310033147663e-04
5.267220572333755624e-02
1.620599394918179883e-03
1.858438607017425664e-02
2.061493545584196230e-02
1.312544699408506495e-02
8.455324703789623975e-03
1.587596298052994237e-02
2.475629294756722526e-03
2.309020900091274947e-02
5.231190634109292997e-03
1.262103972797624235e-03
3.494121025867625088e-03
1.353081115864175274e-02
9.825435762872952727e-03
2.629507084777580033e-03
1.000118633986045880e-03
4.644070898033786365e-03
1.916624929645641129e-02
1.050961209182942405e-02
3.114275406285524350e-02
1.145948830024886254e-02
7.006068005343295095e-03
3.632869567396471329e-03
1.874482354586971995e-03
2.806659924879928436e-02
7.658118200224509065e-02
1.529398511727511970e-02
5.113896198179672045e-03
6.077980026393519503e-04
2.675256831963130494e-02
9.445712330013572230e-03
4.522300730117247841e-03
4.564580518515497926e-02
1.620599394918179883e-03
1.892178552629664168e-02
2.015016233658228212e-02
1.312544699408506495e-02
5.604920226752440823e-03
1.587596298052994237e-02
2.475629294756722526e-03
2.120596415191480441e-02
3.852473747278873685e-03
6.401643922012518681e-05
5.578298994114901273e-03
1.353081115864175274e-02
4.244492853741524407e-03
2.629507084777580033e-03
1.000118633986045880e-03
5.589567687468499808e-03
1.057515286542813973e-02
8.117521805282568864e-03
3.114275406285524350e-02
8.946152179492504811e-03
6.683876057278570829e-03
1.555732085767814066e-03
1.903583610127286942e-03
4.015171669299642115e-02
9.055275179220606541e-02
6.757406295161392379e-03
1.080441887553136755e-02
6.077980026393519503e-04
3.061983751248706018e-02
1.360447188193308898e-02
4.730391860516805838e-03
3.211523242010823342e-02
1.620599394918179883e-03
1.641935651173647912e-02
2.952799520681953158e-02
1.312544699408506495e-02
6.933829512401966204e-03
2.658173147107725787e-02
1.968275277186221084e-02
2.410363768928917502e-02
1.284164790765624474e-02
6.401643922012518681e-05
1.521439700840699141e-03
1.210297709604936031e-02
1.885904045433702686e-03
9.011197950471028575e-03
1.000118633986045880e-03
8.527243088466144455e-03
1.057515286542813973e-02
2.591107991634392267e-03
2.196652782133445142e-02
8.440731012909647238e-03
6.140502482424532553e-03
5.365096222228635421e-03
1.903583610127286942e-03
3.017820240262839016e-02
6.966405151271840013e-02
3.489636211731028930e-03
9.539714423713464841e-03
6.077980026393519503e-04
2.259214712170884085e-02
5.158775754989112887e-03
8.408482374766225106e-04
2.001099034642509281e-02
1.924581168815888647e-03
1.437583522646187356e-02
1.845375602977272073e-02
1.415178097860591427e-02
3.967441791936253057e-03
2.430545193439286392e-02
2.347357195406309799e-02
2.323384473124887051e-02
1.284164790765624474e-02
6.401643922012518681e-05
1.521439700840699141e-03
9.354971165516215437e-03
1.885904045433702686e-03
1.579574380083951374e-02
1.000118633986045880e-03
8.527243088466144455e-03
4.125302766736158033e-03
1.075003069101619982e-03
3.069613729591075951e-02
1.888563116783993287e-02
9.117296300158011721e-03
4.892405994721379763e-03
1.903583610127286942e-03
4.216434050380518661e-02
6.966405151271840013e-02
3.173293665605435125e-03
8.463511361657767920e-03
3.847546906385322131e-03
5.180498907200584841e-02
5.158775754989112887e-03
8.408482374766225106e-04
1.055283129205532647e-02
2.516555555053404461e-03
2.299720511364490572e-03
1.845375602977272073e-02
1.179913324840261082e-02
3.967441791936253057e-03
2.421358483843365564e-02
2.347357195406309799e-02
3.939501285022643101e-02
1.298887752207671456e-02
6.401643922012518681e-05
1.521439700840699141e-03
1.908116335736642286e-02
1.885904045433702686e-03
7.460693606738177074e-03
2.869041079208222572e-03
8.527243088466144455e-03
4.932623661993121474e-04
8.622622706943082558e-04
1.403102501797435023e-02
1.888563116783993287e-02
1.383571934827305429e-02
3.864287517129201110e-03
8.402019709391008763e-04
2.649409652517743796e-02
3.085592290368681379e-02
7.845155695323786753e-05
8.463511361657767920e-03
5.626377662931357493e-03
4.413146950659539020e-02
5.188858926227978181e-03
7.289925820215710506e-03
1.518618709334410011e-03
3.853460505882460446e-03
2.299720511364490572e-03
1.845375602977272073e-02
1.241033674929078665e-02
1.534594878815378344e-03
2.187499924157061681e-02
1.525404641597375571e-02
4.990467157409510940e-02
1.298887752207671456e-02
6.401643922012518681e-05
4.136190447787506386e-03
1.908116335736642286e-02
1.792252872832509215e-03
9.528740920023938063e-03
2.869041079208222572e-03
8.897840395073599445e-03
1.598842817971938722e-04
8.622622706943082558e-04
1.403102501797435023e-02
1.888563116783993287e-02
1.444835720437804769e-02
3.864287517129201110e-03
1.771727225754753110e-02
3.077301017098140606e-02
2.796220340639904087e-02
1.907179949622763576e-02
6.420478836769521157e-04
5.626377662931357493e-03
1.933040812195153252e-02
3.989474186482731832e-03
3.941828157081599115e-03
2.029905471271485629e-03
3.853460505882460446e-03
2.221653141211091947e-03
2.133385966342416645e-02
1.744510510151049687e-02
1.534594878815378344e-03
2.349404758961910755e-02
1.525404641597375571e-02
5.307489176015127430e-02
1.298887752207671456e-02
6.423794640125941868e-04
8.710039385280549801e-03
1.908116335736642286e-02
2.875566049248792951e-03
1.019540199622001250e-02
2.869041079208222572e-03
8.897840395073599445e-03
1.428675602229317020e-02
7.563208741255196196e-03
1.403102501797435023e-02
9.258300633683698086e-03
2.375580156782374636e-02
3.864287517129201110e-03
1.771727225754753110e-02
2.247527738742180828e-02
2.449951246254758463e-02
1.083436426240958102e-02
2.791419679340541998e-04
2.722161835866617093e-03
3.426766164751288146e-02
4.421331018508212890e-03
3.961042105722305598e-03
5.119523618394220335e-03
3.853460505882460446e-03
2.221653141211091947e-03
2.133385966342416645e-02
1.744510510151049687e-02
1.493854382045513036e-03
1.978786866228356492e-02
1.525404641597375571e-02
3.162257890952559214e-02
1.298887752207671456e-02
6.423794640125941868e-04
1.291304655365844295e-02
1.678093500202378074e-02
3.671646559304138357e-04
1.019540199622001250e-02
2.869041079208222572e-03
5.555953175102122665e-03
5.166919138580586962e-03
1.800326554181245261e-03
1.615746296702953028e-02
9.258300633683698086e-03
2.897230784382953672e-02
3.864287517129201110e-03
1.709878864250110111e-02
2.247527738742180828e-02
2.404677652761842005e-02
1.013728879526403642e-02
2.791419679340541998e-04
3.310028708918511149e-03
1.989059043655079517e-02
1.247136560266413376e-03
4.371849028074000290e-03
4.003146548281540790e-03
3.853460505882460446e-03
2.221653141211091947e-03
2.133385966342416645e-02
1.863059950427847083e-02
2.402808404002138368e-03
3.271847588489877612e-02
2.560541120246649649e-02
2.615057274904494106e-02
1.298887752207671456e-02
6.423794640125941868e-04
8.623712993827576181e-03
9.820372298075315254e-03
3.671646559304138357e-04
1.750225410079498181e-02
2.869041079208222572e-03
5.555953175102122665e-03
9.127619664915098685e-04
3.406176896827101640e-03
1.576380658920110631e-02
9.553100575614106860e-03
2.897230784382953672e-02
3.864287517129201110e-03
1.648964730891959440e-02
2.385007950750996433e-02
2.234540523332107648e-02
1.013728879526403642e-02
2.791419679340541998e-04
3.310028708918511149e-03
2.027123989780572205e-02
1.247136560266413376e-03
7.525649851578108951e-03
3.453484413676126928e-03
4.230325632365664230e-03
2.221653141211091947e-03
1.468146653934727583e-02
1.863059950427847083e-02
1.156268074330416874e-02
3.271847588489877612e-02
2.240456485645492268e-02
2.548349641094594525e-02
3.257623101384228559e-03
9.633081429950567272e-04
6.849938430078564636e-03
7.146892086167486516e-03
1.614993125598229197e-04
1.750225410079498181e-02
2.869041079208222572e-03
4.862990934766934191e-03
2.550020987612793694e-04
3.406176896827101640e-03
1.576380658920110631e-02
1.607757256932978995e-02
3.159183018239865304e-02
3.788393019102783733e-03
1.156587491340191690e-02
3.705634018477931002e-02
1.175472806056199887e-02
1.601824991139464555e-02
3.191745166746436276e-03
2.742266646862865070e-03
2.027123989780572205e-02
6.438949104166048418e-04
7.525649851578108951e-03
1.862554768125568349e-03
8.936088391197589964e-03
2.624602777133987555e-03
1.468146653934727583e-02
1.406601912149135422e-02
7.753805895951580186e-03
3.271847588489877612e-02
1.645813458764460238e-02
2.294631370175161458e-02
3.257623101384228559e-03
4.115501684374063204e-03
6.041636942734444730e-03
7.146892086167486516e-03
4.812169250264563235e-03
1.750225410079498181e-02
1.039689757284668024e-03
4.181060479240529537e-03
2.550020987612793694e-04
3.406176896827101640e-03
8.710033394919507524e-03
1.607757256932978995e-02
3.522444892140077360e-02
5.399505527175919861e-03
2.331374844416386066e-02
2.597177538763661628e-02
3.047951155821911062e-03
1.849262304217253600e-02
6.258650147033627612e-03
2.716133355109190666e-03
2.027123989780572205e-02
2.425447731077168267e-03
5.524775062545324820e-03
1.862554768125568349e-03
1.022834410490507800e-02
1.933830929625127192e-03
1.468146653934727583e-02
1.093170895798109381e-02
7.833639461461672573e-03
1.993159697639715691e-02
1.194277188175102422e-02
1.636725409211151755e-02
3.752616173703961222e-03
4.115501684374063204e-03
6.041636942734444730e-03
7.146892086167486516e-03
6.797031544371695544e-03
2.412459323056158345e-02
2.822372242209572786e-03
4.731476289138529176e-03
2.550020987612793694e-04
3.406176896827101640e-03
7.266588372100321082e-03
1.607757256932978995e-02
3.627536155374930932e-02
5.399505527175919861e-03
2.152553449817109360e-02
3.485519386186976265e-02
3.371457405109665011e-03
2.220452423551484700e-02
1.681480233675804181e-02
1.554425509853723381e-04
2.027123989780572205e-02
1.013195140159965646e-02
5.409893266732148341e-03
1.862554768125568349e-03
1.218140082990443879e-02
1.933830929625127192e-03
1.468146653934727583e-02
9.201886647722139212e-03
5.482981257166869016e-03
1.671528307591158696e-02
4.323053064715016644e-03
1.584157589280922596e-02
5.228787004123330515e-03
1.215999005419958132e-02
4.773744658825450696e-03
6.253242918781369564e-03
4.124473269864981084e-03
2.537410002814432727e-02
2.875574459662660898e-03
5.090493736550096709e-03
2.550020987612793694e-04
3.406176896827101640e-03
7.266588372100321082e-03
1.607757256932978995e-02
2.504379229705689519e-02
1.679087212636044824e-02
3.149070336473442505e-02
2.368908192566744966e-02
2.871060005468659745e-03
2.220452423551484700e-02
1.433095704384854813e-02
1.554425509853723381e-04
1.428711376475086565e-02
1.026768737362640169e-02
5.409893266732148341e-03
1.239189073606025270e-03
1.285610327503250438e-02
2.057927633068170562e-03
1.468146653934727583e-02
9.201886647722139212e-03
6.348697229271531815e-03
2.126076135460036598e-02
6.659965135835298200e-03
1.584157589280922596e-02
5.062668465940139972e-03
1.287068403500521256e-02
4.773744658825450696e-03
4.214452247260387120e-03
7.396243918192078187e-03
1.742247075506618212e-02
3.316512471702500603e-03
5.090493736550096709e-03
1.881724098071524409e-03
3.406176896827101640e-03
7.266588372100321082e-03
6.580505413129877912e-03
2.504379229705689519e-02
1.778665503850086760e-02
5.852869997465091900e-02
1.092937607110065074e-02
4.108466018673884342e-03
2.220452423551484700e-02
1.755469243389878517e-02
1.554425509853723381e-04
1.008261438621621889e-02
1.312963231665492322e-02
5.734740189429388298e-03
1.239189073606025270e-03
1.664962257388788794e-02
8.498899512204820955e-04
1.781074210823923795e-02
9.194646477606942606e-03
9.032978436621949200e-03
1.534155319729771372e-02
9.006819628581616555e-04
1.584157589280922596e-02
5.039070204280474141e-03
1.247619188255404306e-02
8.633777946191332348e-03
3.681821135423455488e-03
7.396243918192078187e-03
1.509411949077704533e-02
3.964411529656841106e-03
4.627981533358346833e-03
3.667749041705801669e-03
3.495421524749911350e-03
1.016012329671625233e-02
6.040067678076815709e-03
2.405520485564591193e-02
1.602044439839042655e-02
4.122760290849719622e-02
1.092937607110065074e-02
3.072874468691279976e-03
2.793804876950730515e-02
1.387340827925140699e-02
1.554425509853723381e-04
8.218827902340736583e-03
1.959159714980715158e-02
5.478222201494554154e-03
9.412356739083007013e-04
1.664962257388788794e-02
8.498899512204820955e-04
1.172851467576054713e-02
1.434620501139531297e-03
2.462949021833428162e-03
1.534155319729771372e-02
4.121502293666172954e-04
1.584157589280922596e-02
3.837395974383755494e-03
9.602190474007045451e-03
1.030820969008591683e-03
2.704108316217571865e-03
7.396243918192078187e-03
1.509411949077704533e-02
1.206017928846154705e-03
2.631197971800239288e-03
6.172781846254818405e-03
3.490814030180549102e-03
1.266280158413674375e-02
3.466903048101646276e-03
2.405520485564591193e-02
1.038025737444452090e-02
4.122760290849719622e-02
1.884488914543838017e-02
6.539751072981319670e-04
2.679459518733209172e-02
1.128361615963703254e-03
7.493153227953109523e-04
2.659410126984684125e-03
3.749566489841794914e-02
4.884556707556948763e-03
1.026643775841236351e-03
1.230364213189526906e-02
8.498899512204820955e-04
1.669069151909440343e-02
5.934024206127595444e-03
1.118318281583679033e-02
1.534155319729771372e-02
4.121502293666172954e-04
1.584157589280922596e-02
2.501953488975836720e-03
8.265835732081136186e-03
1.913222733067241471e-02
2.749323504920190425e-03
7.396243918192078187e-03
2.121519317248322586e-02
1.206017928846154705e-03
2.859179371889793153e-04
2.323478254346126107e-03
6.758018520009795825e-03
1.017979007389203418e-02
3.820689832978143869e-03
2.405520485564591193e-02
1.069254333290416137e-02
4.073340310153719668e-02
1.959424884072345774e-02
2.692795561619524755e-03
7.689864051418818236e-03
1.811321274759920830e-05
3.351916706994593001e-03
9.068581113205491026e-03
3.537927590642170328e-02
5.421089760354149897e-03
1.026643775841236351e-03
8.038631333388730760e-04
4.000448028304069356e-03
1.416764475126108119e-02
4.326629056507835108e-03
9.615271589875785258e-03
1.534155319729771372e-02
3.941545251921654835e-03
1.584157589280922596e-02
3.008047838697451570e-04
7.471356846617568763e-03
1.575153832443500213e-02
2.749323504920190425e-03
1.942432420694516345e-03
2.121519317248322586e-02
3.059731238434435820e-03
2.859179371889793153e-04
2.420846711298183483e-03
7.288309306351662548e-03
1.471845777984626125e-02
3.820757563198617229e-03
2.157728279571305766e-02
1.142489425921472748e-02
4.073340310153719668e-02
1.681757306072656499e-02
2.463673889692503689e-03
2.087476776239972215e-02
1.811321274759920830e-05
3.667641951658529888e-03
7.299150845256836655e-03
2.181467569599546477e-02
3.793663375151836749e-03
1.026643775841236351e-03
8.038631333388730760e-04
5.336452601524212594e-03
2.012178925448422293e-02
5.557957176210338510e-03
9.615271589875785258e-03
1.534155319729771372e-02
3.941545251921654835e-03
1.815359406959901958e-02
1.239779871173303516e-03
8.300918999953093430e-03
2.498903712583462611e-02
2.905461239297137902e-03
3.870093873756730828e-03
2.444995337425882875e-02
3.371300275374954861e-03
2.859179371889793153e-04
2.420846711298183483e-03
9.325397842908353385e-03
2.167452761988808083e-02
2.337920373685027642e-03
2.157728279571305766e-02
8.652491230086285096e-03
3.447859151064024130e-02
1.645955878424544203e-02
2.463673889692503689e-03
2.054711748451747838e-02
1.811321274759920830e-05
1.058103575018878514e-02
6.318051546749543085e-03
2.181467569599546477e-02
2.668807453091474532e-04
6.633193966173748981e-04
1.400384319153003898e-03
4.923402695389867550e-03
1.210670068838734514e-02
4.641172984160417923e-03
7.639797010594950519e-03
1.320937745047065515e-02
4.029433552904052203e-03
1.480958410699291343e-02
1.239779871173303516e-03
8.300918999953093430e-03
2.729607426321262187e-02
2.905461239297137902e-03
3.389187395598330672e-03
2.444995337425882875e-02
3.371300275374954861e-03
2.859179371889793153e-04
2.420846711298183483e-03
1.036907159066922934e-02
1.760323538656589915e-02
3.968286292267619517e-03
2.157728279571305766e-02
1.618584897251365562e-02
3.863563593907354266e-02
2.242669408096306660e-02
3.552041192404281449e-03
3.301163982742209152e-02
1.903786905381577195e-03
8.725614481099232961e-03
6.318051546749543085e-03
2.181467569599546477e-02
2.668807453091474532e-04
8.108055877797540681e-04
2.339591701010144704e-03
5.490653933420849148e-03
1.672143855541861901e-02
7.865153662264945736e-03
7.639797010594950519e-03
9.986462632545324916e-03
4.863413870384652830e-03
5.858003234151636096e-03
1.739737233175553833e-03
8.300918999953093430e-03
2.579835354194617500e-02
2.905461239297137902e-03
3.427598894619084124e-03
2.444995337425882875e-02
3.371300275374954861e-03
2.859179371889793153e-04
2.420846711298183483e-03
1.782526232927857807e-02
1.367306454077772335e-02
3.968286292267619517e-03
2.157728279571305766e-02
2.485810744289454477e-02
2.877283937728877805e-02
2.470468629640905356e-02
6.205081604770933297e-03
2.175851851438128162e-02
1.903786905381577195e-03
1.044342225181820599e-02
7.686552760925711471e-03
1.363302827336712424e-02
6.314425001645346432e-04
1.115801292688698397e-03
4.703569441687018016e-03
1.458128642467480807e-02
1.329281212049401861e-02
1.193630337359548495e-02
6.112465891067958221e-03
1.659017566978997910e-02
4.235973010809694801e-03
2.083079282228958787e-03
2.996331637727246960e-03
9.477290824114480844e-03
2.579835354194617500e-02
2.905461239297137902e-03
3.427598894619084124e-03
1.710708263362018672e-02
7.909552534341470625e-03
2.859179371889793153e-04
4.740967114579413243e-03
2.478862345039987286e-02
1.161676576240540035e-02
5.092348700263271861e-03
1.919259492491028063e-02
3.218277051868029259e-02
2.337899470294238849e-02
2.470468629640905356e-02
6.601010126761545742e-03
2.175851851438128162e-02
2.095666242899581894e-03
5.804061913064616218e-03
9.369048036954416570e-03
1.876422404060389820e-02
6.314425001645346432e-04
2.740221320516827638e-03
3.679024950876249624e-03
8.483897782827608952e-03
2.025740669020374696e-02
3.860262420314675147e-02
1.947964084447148872e-03
1.690259368899815762e-02
9.068804372115791060e-04
1.808444192718518858e-03
1.468032475421554746e-03
8.929844361282249926e-03
2.579835354194617500e-02
2.905461239297137902e-03
2.734617571336449456e-03
2.141015248167702986e-02
7.909552534341470625e-03
8.636790154502105646e-04
3.848506139909066339e-03
3.231540996358152340e-02
7.690017427403715231e-03
6.442640673001116119e-03
2.091361637596442571e-02
2.632866462385007045e-02
2.337899470294238849e-02
1.853957679815494350e-02
6.588850164615614804e-03
2.161058345391213276e-02
5.428199725083269339e-03
6.464946649415805047e-03
3.932617368081680817e-03
4.040065209655586270e-02
6.314425001645346432e-04
2.740221320516827638e-03
3.679496652177682500e-03
1.183726301220830793e-02
2.025740669020374696e-02
1.105760063866102760e-01
1.505677682111786946e-03
2.573991754092229758e-02
9.111828727174549076e-04
3.842076311347377825e-03
1.810955401087794431e-03
6.950832554352994602e-03
2.579835354194617500e-02
4.066048735536581353e-03
2.734617571336449456e-03
2.141015248167702986e-02
1.147792402067977086e-02
8.636790154502105646e-04
6.113078223323516885e-04
2.150810857601597598e-02
7.985064724599817698e-03
8.370846284327777831e-03
2.475109254152066396e-02
2.541070655252391022e-02
2.337899470294238849e-02
1.399465717141015753e-02
5.753302602803590099e-03
3.044608698756131118e-02
2.037807705688433890e-02
6.464946649415805047e-03
3.136401989716490653e-03
3.419734392701802295e-02
6.314425001645346432e-04
2.740221320516827638e-03
3.679496652177682500e-03
8.860732553714632809e-03
2.424921974357093987e-02
7.049944957216611185e-02
1.274212971464588721e-03
2.892941005758516149e-02
6.838078738793657366e-03
4.468607533207932109e-04
3.132948259043286804e-03
8.213543782670036653e-03
1.689544516682952441e-02
8.835820284706676075e-04
2.734617571336449456e-03
2.141015248167702986e-02
1.364754196230071395e-02
8.636790154502105646e-04
7.821611956200617832e-04
2.150810857601597598e-02
6.369328952785689377e-03
8.370846284327777831e-03
2.410250405997837325e-02
2.541070655252391022e-02
2.337899470294238849e-02
1.268504291184852431e-02
8.402590344114621926e-03
2.739046588595468387e-02
1.120981208186265683e-02
6.464946649415805047e-03
3.136401989716490653e-03
2.043033165185582228e-02
1.150639256519390974e-03
2.740221320516827638e-03
3.679496652177682500e-03
8.860732553714632809e-03
2.424921974357093987e-02
5.849427125697854307e-02
1.372855260496674227e-03
1.591470975608516580e-02
4.130299546707107139e-03
4.468607533207932109e-04
3.132948259043286804e-03
2.718897030741982378e-03
1.803964013419282614e-02
1.852898435206668838e-03
2.734617571336449456e-03
2.564786634384665781e-02
1.473233692163856967e-02
8.636790154502105646e-04
1.854358104751915870e-03
1.661832969595561371e-02
2.470625064184980846e-03
7.401701645184448515e-03
2.473518186418344894e-02
2.561330400658721335e-02
2.380474332525011130e-02
1.268504291184852431e-02
8.402590344114621926e-03
1.972938155230573656e-02
3.160386150901616995e-03
6.464946649415805047e-03
3.010616568575555374e-03
4.286699081699843483e-02
4.342557812219852501e-03
4.168436065110259388e-03
8.099225962406673279e-04
1.653591842123053671e-02
3.296187331482064442e-02
4.302261783458789790e-02
1.756224756503072231e-03
1.281533904826941128e-02
2.892164672175183589e-03
4.468607533207932109e-04
2.589183889325951532e-03
5.155844265763258327e-03
3.686756469137337372e-02
1.852898435206668838e-03
1.112360836951917231e-03
3.062290534926017174e-02
2.292516892612221635e-02
8.636790154502105646e-04
1.383236521325343152e-02
1.661832969595561371e-02
2.713727182127651481e-03
7.811332478126198180e-03
3.165866556933456810e-02
2.305884442444387089e-02
2.000225991409246284e-02
1.268504291184852431e-02
6.519638811956440794e-03
1.566199104257849292e-02
1.659637497005917589e-03
6.464946649415805047e-03
3.194542830521223710e-03
4.286699081699843483e-02
4.342557812219852501e-03
4.168436065110259388e-03
3.413472728956952820e-03
1.062582040344011748e-02
3.296187331482064442e-02
4.928321098436153069e-02
1.756224756503072231e-03
8.376086146585054459e-03
6.549383219236690201e-04
4.468607533207932109e-04
2.589183889325951532e-03
1.727002724377909096e-02
3.686756469137337372e-02
1.475722538136511105e-03
1.038581090659295835e-03
3.062290534926017174e-02
2.292516892612221635e-02
8.636790154502105646e-04
1.383236521325343152e-02
1.584396871395998829e-02
3.393418236186071177e-03
7.811332478126198180e-03
3.331222594058353553e-02
1.639480988465676775e-02
3.133390425752034109e-02
1.546342436782057600e-02
6.519638811956440794e-03
7.753487776254654185e-03
1.659637497005917589e-03
6.464946649415805047e-03
2.689250430077463894e-04
4.286699081699843483e-02
3.528437575882694549e-03
5.527504308615118628e-03
3.413472728956952820e-03
1.642074153737107037e-02
2.255658760514221012e-02
4.837853409695826862e-02
1.756224756503072231e-03
8.520846644300960129e-03
5.060763217305518438e-03
4.468607533207932109e-04
2.589183889325951532e-03
1.332353934825890318e-02
2.109738153756240617e-02
8.940582589066371072e-04
2.667814189560946056e-03
2.359745393191216289e-02
2.514424994235086447e-02
1.594184462828180087e-03
4.788417472119801260e-03
2.815506549929671504e-02
3.393418236186071177e-03
7.811332478126198180e-03
4.137596265560115893e-02
2.539619873775613573e-02
2.327905095657645945e-02
2.493501923281193217e-02
3.007622384887176110e-03
1.521098894388947173e-02
3.253338433037350486e-03
6.464946649415805047e-03
1.032784442628949251e-03
4.286699081699843483e-02
5.062499802575198826e-03
9.528960785932807931e-03
5.565306865841146942e-03
1.396598257275342460e-02
3.290820828795929659e-02
1.493164135657538277e-02
1.756224756503072231e-03
1.408784991677556296e-02
5.060763217305518438e-03
4.468607533207932109e-04
2.589183889325951532e-03
1.332353934825890318e-02
1.369619184027277489e-02
1.073923904116408758e-03
2.667814189560946056e-03
1.885612852275890539e-02
2.514424994235086447e-02
1.833281499859881758e-03
1.877384764504728574e-03
2.896401656324586529e-02
3.971929351112318818e-03
1.483666029690180457e-03
4.137596265560115893e-02
2.978920169170442417e-02
3.141378430307549541e-02
2.493501923281193217e-02
2.275925934921427425e-03
1.899404952501702187e-02
3.253338433037350486e-03
9.174060235184883227e-05
1.032784442628949251e-03
3.759167473709491836e-02
1.583196711238630400e-02
1.337631429275569321e-02
6.149933654385639215e-03
2.851298782700524559e-03
6.076693624810348276e-02
1.840657130257662699e-02
1.756224756503072231e-03
1.726120075246045243e-02
1.597008927789404786e-02
4.468607533207932109e-04
1.835884788820178314e-03
1.332353934825890318e-02
1.369619184027277489e-02
1.060426270815431008e-03
2.667814189560946056e-03
1.821269541468393746e-02
4.057660939968449343e-02
9.449987219764680382e-03
1.301004675665504845e-02
3.646784098460253976e-02
3.574130167644436543e-03
1.483666029690180457e-03
4.959830297795304876e-02
4.267301181382564257e-02
3.192878566791409328e-02
1.510973749189800999e-02
2.275925934921427425e-03
6.535373646601482997e-03
3.257797548571735122e-03
2.800564441519073000e-04
9.443314551890655533e-04
3.689983585979481756e-02
1.583196711238630400e-02
1.337631429275569321e-02
5.531730627008584270e-03
1.074523678400333450e-02
9.470323910344659313e-02
6.415376243582817523e-03
2.491633126931448901e-03
2.888882423154751425e-02
1.047502504871163781e-02
4.468607533207932109e-04
1.835884788820178314e-03
1.332353934825890318e-02
1.383603255674432757e-02
1.820848478971048498e-04
5.345266227542232879e-03
9.544636592549556736e-03
4.057660939968449343e-02
1.019805531233555426e-02
1.157279541518482432e-02
3.228555508814008601e-02
3.574130167644436543e-03
1.866693766348327677e-03
4.746544508740835333e-02
2.804707730213504627e-02
1.497920278610738974e-02
1.510973749189800999e-02
2.275925934921427425e-03
6.995785381730006136e-03
5.662309510320776007e-03
4.775362637133441501e-03
9.443314551890655533e-04
2.378018775836093779e-02
1.583196711238630400e-02
1.004788007187045959e-02
3.450609502788404281e-02
1.084442478363475265e-03
6.302570354206724068e-02
6.718068605853165162e-03
3.398985683006734704e-03
4.425097590706351947e-02
1.153709416378581945e-02
4.468607533207932109e-04
1.970532943741208545e-03
1.332353934825890318e-02
1.784901682659683492e-02
1.820848478971048498e-04
7.465441950402405824e-03
1.223400322163631371e-02
2.317886248279514561e-02
5.983660422658032725e-03
1.340176021776303024e-02
1.999278162206867548e-02
1.139211497024608319e-03
8.075638597671071922e-03
5.979555241817668954e-02
3.240190048833853365e-02
1.497920278610738974e-02
1.510973749189800999e-02
2.275925934921427425e-03
6.995785381730006136e-03
1.415755444191429090e-02
4.775362637133441501e-03
9.443314551890655533e-04
2.378018775836093779e-02
1.583196711238630400e-02
1.118166587484981274e-02
2.120441359094025341e-02
1.084442478363475265e-03
6.302570354206724068e-02
7.494854329738606658e-03
3.398985683006734704e-03
2.410506097659328301e-02
1.490144972819548892e-02
4.163476007689433447e-04
1.754796648417904746e-03
7.636476404782193556e-03
1.784901682659683492e-02
3.279860673973482819e-03
4.663997833813163935e-03
1.823090269880571490e-02
2.031384572541411471e-02
7.230082342401604120e-03
1.310254288113247081e-02
1.889705907996105938e-02
1.596270753561643101e-03
7.535671140846578187e-03
4.338994312132748998e-02
3.240190048833853365e-02
1.394182065457061533e-02
1.510973749189800999e-02
2.275925934921427425e-03
6.698384575433789095e-04
1.472209797909169657e-02
1.007266808129524821e-02
9.443314551890655533e-04
3.947235372217711841e-02
1.583196711238630400e-02
1.118166587484981274e-02
2.194432886225041249e-02
2.799809769597799442e-03
6.741281060077067289e-02
1.063350161295301653e-02
3.398985683006734704e-03
4.045528430468044168e-02
1.573897589031529598e-02
4.163476007689433447e-04
1.004208208343909496e-02
7.636476404782193556e-03
1.837626259223923766e-02
3.999253796935555230e-03
4.663997833813163935e-03
2.026875575359664977e-02
2.031384572541411471e-02
7.230082342401604120e-03
7.866491332551260596e-03
4.560290392130600390e-04
2.056793607543204883e-03
8.496819626217176277e-03
3.455370237929153432e-02
2.715240519349435000e-02
1.269182545812479537e-02
1.502827415004053327e-02
2.429623978478602508e-03
4.572058516525848507e-03
1.480365555761090079e-02
1.007266808129524821e-02
9.443314551890655533e-04
1.964411442276097625e-02
1.583196711238630400e-02
1.118166587484981274e-02
2.194432886225041249e-02
3.357200268207304744e-03
4.317990450306550404e-02
7.815499776348586169e-03
3.398985683006734704e-03
3.073030867376081929e-02
1.573897589031529598e-02
4.163476007689433447e-04
1.004082564627948974e-02
7.636476404782193556e-03
1.798421040714217115e-02
3.999253796935555230e-03
4.663997833813163935e-03
1.309738741141118143e-02
1.706176344967693173e-02
8.464318081894565970e-03
7.866491332551260596e-03
4.560290392130600390e-04
2.586171137998471981e-05
1.008525095191410703e-02
3.987126306931732672e-02
1.995581278112210089e-02
1.269182545812479537e-02
2.244752560449700396e-02
1.670559000888701545e-02
7.181100782167627698e-03
1.480365555761090079e-02
7.783737685929371236e-03
9.443314551890655533e-04
1.206668237435151378e-02
1.578660788381348531e-02
1.005434085763383736e-02
2.382591490837961817e-02
8.904987086367856935e-03
4.914428448591408316e-02
7.815499776348586169e-03
6.036900349575234637e-04
3.213429290293064178e-02
1.573897589031529598e-02
7.588631744496105586e-03
9.022874832977870879e-03
9.921066304796992419e-03
3.091242424234495398e-02
1.213650748736205993e-03
4.873819248651031777e-04
9.866928713055486688e-03
1.706176344967693173e-02
8.464318081894565970e-03
7.866491332551260596e-03
7.069325034653569512e-03
2.586171137998471981e-05
1.008525095191410703e-02
4.487655089961858912e-02
1.995581278112210089e-02
1.269182545812479537e-02
3.181302140806471085e-02
1.670559000888701545e-02
7.181100782167627698e-03
1.941431317060138273e-02
2.815909331824303832e-03
9.443314551890655533e-04
1.575589574327728587e-02
1.529855816367822058e-02
5.003407461606441953e-03
2.382591490837961817e-02
1.105036178675370372e-02
3.879121696803494029e-02
7.815499776348586169e-03
2.340033615825479196e-03
4.780480266580250381e-02
1.573897589031529598e-02
7.588631744496105586e-03
3.493619782970559806e-03
9.307647303981021400e-03
2.586860798203842460e-02
2.661224082308691775e-03
1.329454137663164384e-03
9.226433589353096737e-03
2.092352526429996917e-02
9.113995548162509910e-03
5.968713761749927516e-03
2.031966744922441073e-03
7.049954638995790945e-03
8.518154796582855237e-03
2.435642847217871221e-02
2.116840269716805181e-02
1.559551011940860273e-02
4.197047255257840143e-02
1.670559000888701545e-02
7.181100782167627698e-03
1.332863043046128917e-02
2.815909331824303832e-03
9.443314551890655533e-04
1.607940482692048895e-02
1.939082035538872845e-02
5.003407461606441953e-03
2.382591490837961817e-02
2.894819607943158526e-02
3.743211093045131777e-02
7.815499776348586169e-03
1.649840139731516275e-02
4.780480266580250381e-02
1.573897589031529598e-02
1.102901629423250207e-02
3.493619782970559806e-03
8.611690949488656072e-03
5.207954598352354525e-02
6.583183026331854495e-03
2.459775770719034582e-03
4.421473648606121486e-03
2.092352526429996917e-02
9.113995548162509910e-03
6.898250332317158035e-03
2.031966744922441073e-03
7.049954638995790945e-03
1.345038627067986952e-04
1.416116959348703332e-02
2.540502994242866894e-02
1.559551011940860273e-02
3.251396561650928690e-02
1.670559000888701545e-02
7.175987250769721819e-03
1.627464150274098714e-02
3.461194235890333645e-03
9.443314551890655533e-04
2.192429639240778272e-02
1.939082035538872845e-02
1.196679384273217038e-02
2.972750797013246418e-02
1.877705809774887422e-02
3.743211093045131777e-02
7.815499776348586169e-03
1.649840139731516275e-02
1.731722882316671930e-02
8.960191914854722522e-03
5.963857489765640729e-03
3.493619782970559806e-03
6.141202688113633901e-03
5.318577456530890202e-02
6.583183026331854495e-03
7.913960700382557771e-04
4.278326293988750709e-03
1.497990111168050198e-02
1.071992622050592890e-02
4.823489716776459615e-03
1.025521352643472134e-02
7.049954638995790945e-03
1.105278566474085511e-02
1.713157424136767942e-02
1.713704966752371481e-02
1.385345410715318679e-02
3.611306969396352318e-02
1.311353673634176389e-02
7.175987250769721819e-03
3.864084702180202446e-02
9.218359577653944398e-03
9.443314551890655533e-04
2.039637607079861081e-02
2.209924389757897401e-02
1.371478902189968499e-02
2.230677506174254948e-02
1.447047084799526692e-02
3.743211093045131777e-02
1.557900589888656234e-03
1.776744088349167111e-02
1.731722882316671930e-02
4.630759753292106561e-03
6.168576897940406326e-03
3.899140554842636837e-03
6.141202688113633901e-03
5.318577456530890202e-02
6.583183026331854495e-03
5.269921513058318380e-03
4.633754036490406528e-03
1.259026861657964146e-02
1.224984799223480594e-02
1.151329767517967825e-02
8.822934606659451132e-03
7.049954638995790945e-03
7.096383141930845059e-03
1.760481535609034753e-02
1.713704966752371481e-02
1.353073881560809717e-02
2.284898586937237491e-02
1.375391831328470239e-02
7.585911198677727785e-03
3.834621957279198134e-02
6.152113323606989148e-04
9.443314551890655533e-04
2.039637607079861081e-02
1.554940948794983173e-02
1.972669307814062245e-03
2.230677506174254948e-02
1.512878674696184478e-02
3.743211093045131777e-02
7.176176643307417141e-04
2.580945327383905863e-03
2.561396658571282389e-02
4.370084939529367274e-04
7.127084008380623129e-03
8.491662913467687424e-03
3.817272381358238417e-03
4.593021604809646719e-02
6.583183026331854495e-03
5.879118203534855654e-03
4.303589585536731106e-04
1.416802229062046406e-02
1.224984799223480594e-02
1.547721735860227779e-02
8.822934606659451132e-03
6.969289035238627160e-03
2.587194089056265092e-03
1.748657303769877644e-02
1.713704966752371481e-02
1.353073881560809717e-02
2.270026827142825748e-02
1.914625915157490421e-02
6.820652057959565064e-03
4.195497179199810661e-02
6.152113323606989148e-04
9.443314551890655533e-04
2.039637607079861081e-02
1.627630663289706542e-02
9.234525106696957197e-03
2.320729364609169093e-02
1.928484007249211402e-02
4.206374333330804849e-02
1.133946911879429864e-04
1.648314695911930194e-04
2.071921057105556574e-02
4.370084939529367274e-04
7.127084008380623129e-03
8.491662913467687424e-03
3.817272381358238417e-03
4.593021604809646719e-02
1.798863692287694035e-02
5.879118203534855654e-03
4.303589585536731106e-04
2.353339049016628381e-02
5.603697802936910902e-03
2.494537858317652165e-02
8.822934606659451132e-03
6.400147634800760696e-03
1.430293667699996871e-02
1.551950603961644790e-02
1.375668163624146900e-02
1.681995694551772363e-02
2.134783029469320206e-02
2.190824988358957420e-02
4.972379441275751044e-03
3.360494696965356937e-02
2.317666054014793850e-03
3.875007764708285167e-03
2.039637607079861081e-02
1.627630663289706542e-02
9.234525106696957197e-03
4.025895800889801868e-02
2.033554856254153956e-02
4.206374333330804849e-02
2.128046529592686736e-03
1.648314695911930194e-04
2.570146275059888297e-02
4.033505665354573250e-03
7.127084008380623129e-03
1.034317830984777739e-02
3.631359856802321168e-03
3.218130108865364936e-02
6.920007399364941011e-03
5.879118203534855654e-03
8.575754997897193366e-04
2.353254235707344377e-02
6.121210206678164359e-03
1.682309264444516866e-02
1.853383486183796808e-02
6.400147634800760696e-03
2.174044656480401613e-02
1.301109538108510474e-02
9.074032098742806571e-03
2.361055192643892603e-02
1.923502223899263563e-02
3.304282294035102568e-02
5.622065050328237112e-04
3.426204298682961058e-02
1.586499301955597574e-03
3.561506687249918739e-03
1.642876695431905870e-02
1.401775536753662246e-02
9.234525106696957197e-03
5.609192047093561340e-02
3.566107040512990489e-02
4.206374333330804849e-02
2.750295705999478754e-03
1.648314695911930194e-04
2.752829385401360518e-02
4.033505665354573250e-03
1.290967521390037898e-02
1.454496390339198031e-03
6.042688573370161298e-03
2.993407384831218293e-02
1.597984000172284272e-03
5.270024945841856115e-03
1.284589596890649624e-02
2.064380950524075803e-02
9.107366943830824679e-03
2.009489575672539913e-02
2.385012793495917480e-02
6.343366427158698626e-03
1.850373892608379867e-02
1.260927888252524193e-02
9.901068614770813098e-03
4.948051149363023871e-03
2.033089933918732703e-02
3.093964382847361541e-02
5.622065050328237112e-04
2.893442026780333048e-02
1.586499301955597574e-03
3.124222021293037495e-03
1.549048421335998474e-02
1.385714847039207567e-02
1.753776521091772456e-02
4.831752080487201895e-02
4.212166496251451564e-02
4.206374333330804849e-02
4.673735536300143226e-03
2.746769414813304833e-03
1.947989453717370589e-02
4.033505665354573250e-03
1.290967521390037898e-02
2.140912116134260652e-03
6.042688573370161298e-03
2.993407384831218293e-02
1.455102330079754112e-03
5.270024945841856115e-03
9.870394996922254166e-03
1.838663418925988446e-02
1.331748231748396301e-02
3.000648045979992587e-02
1.366265814198511577e-02
1.371211898551995441e-02
4.025017971418905910e-03
2.042870924764753765e-02
5.886959689999013423e-03
1.737997239998775000e-04
2.033089933918732703e-02
3.093964382847361541e-02
4.531378989733011661e-03
2.576635810899396972e-02
1.960559590265490912e-02
3.606129052182745556e-03
1.639816371672537382e-02
1.046113442927052231e-02
1.757361335476031669e-02
3.501105082513281119e-02
3.099741344074881388e-02
4.206374333330804849e-02
4.673735536300143226e-03
2.746769414813304833e-03
3.199652048736233156e-02
2.179030702477465289e-03
3.194964854903342786e-03
3.191307562632326143e-03
5.895847542959160338e-03
2.993407384831218293e-02
2.379184114366748176e-04
1.096746733019723398e-02
9.332929605496698144e-03
1.253140034555636460e-02
2.186577990889328540e-02
2.350887177004613859e-02
1.366265814198511577e-02
3.960869189964404125e-03
5.773851661835196006e-03
2.042870924764753765e-02
1.912639139182480130e-02
1.424379649951657955e-03
1.701317427237725166e-02
2.721822499946365340e-02
1.094768909219978950e-02
4.997333711563328729e-02
1.111056181388200836e-02
3.260254562968845776e-03
2.205558760872632085e-02
9.866794257819288400e-03
2.119003251741452196e-02
2.567246480482037602e-02
3.715195339678233760e-02
2.012760061804489548e-02
4.673735536300143226e-03
2.746769414813304833e-03
3.199652048736233156e-02
5.461258091981002760e-03
3.397984923715173522e-04
2.417721462631137672e-03
7.301915872183553646e-03
1.312792141734786013e-02
2.765518213048989704e-04
1.096746733019723398e-02
1.026274825514060518e-04
1.704737520163527101e-02
3.172650864966285178e-02
2.557972529681266233e-02
1.366265814198511577e-02
1.104798813849256281e-02
2.795252911551819944e-03
2.216009552333553234e-02
2.346663804342098703e-04
1.786926229709563316e-04
1.118739401677246517e-02
3.061203685589206427e-02
1.095101693758084374e-02
3.196904123160353856e-02
1.306090447794469415e-02
1.494113724380995850e-02
1.282713161232056087e-02
9.866794257819288400e-03
1.769798578815126588e-02
2.233857152211744107e-02
3.478697297193539262e-02
1.684471111473242674e-02
1.069770014056639369e-03
2.493652118563352560e-03
3.199652048736233156e-02
1.284043846876583607e-02
1.307646524649246772e-03
7.493945433077880969e-03
7.301915872183553646e-03
1.312792141734786013e-02
4.720675857264730255e-03
1.096746733019723398e-02
5.622261914712391694e-03
1.822600783690074208e-02
1.863417170211463178e-02
2.344521268765180008e-02
8.465283374754353080e-03
1.233654743294827077e-02
2.832699098342899083e-03
2.216009552333553234e-02
8.956561401401233469e-04
2.097879776590799890e-03
1.626881698070630280e-02
2.770932702098984762e-02
1.095101693758084374e-02
2.668817981206642390e-02
1.306090447794469415e-02
1.494113724380995850e-02
1.627744447274132727e-02
9.866794257819288400e-03
1.769798578815126588e-02
2.233857152211744107e-02
3.478697297193539262e-02
1.614935584432046836e-02
7.118803544837673178e-03
2.493652118563352560e-03
3.199652048736233156e-02
1.284043846876583607e-02
1.552832983051217770e-03
9.278471413221623526e-03
7.669913580436551678e-03
1.312792141734786013e-02
7.300166979280930078e-03
1.096746733019723398e-02
5.622261914712391694e-03
2.490290002353577267e-02
1.865492439120495713e-02
2.344521268765180008e-02
1.772057983079559224e-04
1.233654743294827077e-02
8.368268367444864353e-03
1.084371955716203345e-02
6.902681301982660153e-03
2.097879776590799890e-03
2.706590685049334657e-02
7.753657042095388197e-02
9.911898675551337676e-03
2.105551446925682177e-02
3.345554892157398888e-03
1.521744971706227682e-02
1.738796122275643868e-02
9.866794257819288400e-03
5.554774882416933096e-03
2.302393869059149792e-02
3.478697297193539262e-02
1.376109304869914222e-02
6.217936726960575367e-03
2.493652118563352560e-03
1.845198285352583900e-02
1.284043846876583607e-02
2.677347063695411852e-03
4.001602590614826080e-03
6.739636468062904645e-03
1.513860131600551148e-02
7.787552793570280338e-03
8.130867377951406239e-03
1.955406558079106176e-03
2.490290002353577267e-02
1.378747135082541639e-02
1.300099316581247721e-02
1.772057983079559224e-04
1.233654743294827077e-02
5.387195123362859862e-03
1.084371955716203345e-02
6.060561716447881823e-03
3.938096572713846270e-03
1.690561779296204103e-02
6.061478985974085021e-02
9.911898675551337676e-03
2.081216168105826797e-02
3.345554892157398888e-03
1.517382060174164195e-02
1.533188094092528125e-02
9.866794257819288400e-03
5.554774882416933096e-03
1.783308966126589956e-02
3.035284534773632220e-02
1.480016405808049461e-02
6.168398849418348442e-03
1.399788131596092864e-03
1.555056947525329351e-02
1.284043846876583607e-02
1.635277408822998629e-02
6.708450946846149579e-03
6.739636468062904645e-03
1.329216200029447424e-02
1.002376710923295888e-02
8.153967858201398647e-03
6.691040435932371459e-03
1.916525389305614308e-02
1.311143494410588542e-02
3.972348241736299579e-02
1.772057983079559224e-04
1.233654743294827077e-02
5.387195123362859862e-03
1.084371955716203345e-02
6.110693872415046829e-03
2.414143429331345320e-03
1.477496478499314841e-02
6.061478985974085021e-02
9.911898675551337676e-03
1.644254895091610408e-02
3.345554892157398888e-03
1.517382060174164195e-02
1.533188094092528125e-02
8.031489852179916206e-03
5.554774882416933096e-03
1.896443809878885570e-02
2.675103808346830300e-02
1.480016405808049461e-02
1.450881376065726695e-02
4.719910181113250169e-03
1.555056947525329351e-02
9.953854667351776098e-03
2.230702705798865218e-02
5.535013519567740480e-03
3.223683908130658970e-04
1.173537628493775617e-02
1.002376710923295888e-02
8.153967858201398647e-03
6.691040435932371459e-03
2.251198791619345510e-02
1.195493907261364203e-02
4.017020498275129803e-02
2.304402497453290899e-03
1.233654743294827077e-02
5.387195123362859862e-03
1.872471795822085519e-02
6.110693872415046829e-03
5.580189318980313673e-04
4.685037397731788011e-03
6.061478985974085021e-02
3.673662610880762923e-03
1.644254895091610408e-02
3.345554892157398888e-03
1.517382060174164195e-02
1.538610200966735245e-02
8.031489852179916206e-03
5.554774882416933096e-03
1.052310302978222770e-02
2.675103808346830300e-02
1.480016405808049461e-02
2.561353660543670002e-02
4.719910181113250169e-03
1.555056947525329351e-02
9.274131547705581971e-03
2.230702705798865218e-02
6.385398415253394633e-03
8.047554121309290903e-04
9.372572899752977874e-03
1.002376710923295888e-02
7.987538254744026844e-03
5.069346357176001197e-03
1.199045726435213691e-02
1.025790355922005445e-02
3.618161298857266311e-02
1.943969239005090494e-03
8.752155605929207161e-03
3.542459517391952604e-03
1.872471795822085519e-02
3.380428136238182620e-03
1.027941504300571712e-02
9.093925584771449244e-04
6.941120739129508221e-02
2.962759405412555662e-03
1.644254895091610408e-02
4.047913370180769056e-03
4.852526123369027902e-03
1.538610200966735245e-02
1.010543602320144660e-02
4.344343924295390735e-03
4.170083233531947896e-03
2.675103808346830300e-02
1.506477247205627312e-02
1.848299560955001669e-02
8.754395755144297672e-03
1.519746269903871072e-02
1.054544303144868203e-02
2.230702705798865218e-02
4.948180682502026188e-03
2.738373944585746102e-04
1.092059163752913398e-02
1.218397860747734950e-02
6.677782960213209454e-03
5.069346357176001197e-03
1.499183434395939991e-02
7.170947950355850004e-03
2.408627005176124103e-02
1.943969239005090494e-03
8.752155605929207161e-03
4.384324229913276125e-03
2.559438534858978626e-02
1.157891832033162288e-02
1.036872082999086737e-02
9.093925584771449244e-04
6.532062649451095271e-02
1.257201180622587091e-03
2.501917203759491254e-02
4.047913370180769056e-03
7.683746832401858358e-03
1.854919726211832695e-02
3.904406827246725137e-03
5.925867130770640437e-03
6.290745185645950366e-03
2.501809180790025983e-02
1.269942053464396571e-02
1.122073087121931712e-02
6.049332604466014715e-03
1.519746269903871072e-02
6.994971618391750134e-03
2.230702705798865218e-02
1.349327738818702910e-02
9.726131068148131942e-03
1.017118991929705923e-03
6.240616857241540819e-03
7.787934574255580417e-03
3.982217968471925620e-03
1.956268342780137504e-02
6.995134192015884170e-03
2.408627005176124103e-02
3.690467455904361364e-03
7.533396015182288949e-03
4.384324229913276125e-03
2.525684836503551065e-02
1.183500920855296533e-02
1.036872082999086737e-02
9.093925584771449244e-04
3.711001157033323727e-02
1.257201180622587091e-03
2.501917203759491254e-02
1.627335572975677040e-03
7.683746832401858358e-03
1.854919726211832695e-02
3.904406827246725137e-03
8.883646407590768679e-03
6.290745185645950366e-03
1.631157093711022368e-02
1.269942053464396571e-02
1.288574842289421166e-02
5.709928431383323559e-03
1.519746269903871072e-02
5.500909204613317616e-03
1.727169743337012009e-02
1.725070889343190486e-02
1.191585975820030029e-02
1.017118991929705923e-03
6.240616857241540819e-03
7.905693603628565630e-03
5.107847402917755145e-03
1.801355848882051081e-02
6.750048713829632369e-03
3.231515809602755057e-02
3.928284083151151532e-03
3.019292918331755934e-03
7.074588978104969991e-03
1.513019795910765242e-02
8.871879964459811543e-03
8.857258933999082734e-03
9.093925584771449244e-04
3.703542007706478456e-02
1.257201180622587091e-03
3.001992133394042889e-02
1.119363067927413649e-03
7.683746832401858358e-03
1.854919726211832695e-02
3.904406827246725137e-03
8.883646407590768679e-03
2.459744191852934400e-03
1.448729244102396098e-02
1.450456026372394513e-02
1.288574842289421166e-02
2.006119973660053409e-03
1.279253884161904962e-02
1.270311982148477443e-03
1.727169743337012009e-02
1.308835158632110085e-02
9.135072392892854692e-03
5.440476631124581061e-03
6.240616857241540819e-03
6.503245399845820895e-04
5.107847402917755145e-03
6.041035983963160237e-03
7.198500405356130644e-03
3.231515809602755057e-02
2.208210313235383325e-03
2.750978561778034525e-03
7.483278416257323207e-03
1.508415942300624785e-02
8.871879964459811543e-03
8.857258933999082734e-03
9.093925584771449244e-04
4.575092457940060919e-02
4.994228124287292125e-03
1.951861929936856213e-02
1.119363067927413649e-03
7.683746832401858358e-03
1.589108650239259846e-02
5.385144579958099469e-03
8.883646407590768679e-03
1.618407864415597787e-03
2.263887995974539144e-02
8.666675197231053090e-03
1.384089764067460843e-02
7.452915081808588610e-03
1.010402954996483110e-02
3.653001890709352533e-03
3.057310270332925378e-02
1.593248002251917636e-02
9.135072392892854692e-03
5.440476631124581061e-03
6.045014025027562951e-03
6.503245399845820895e-04
7.144032725445103107e-03
6.041035983963160237e-03
7.198500405356130644e-03
2.059745774038817395e-02
2.208210313235383325e-03
2.750978561778034525e-03
7.483278416257323207e-03
1.508415942300624785e-02
8.907207522363446220e-03
1.794261584097889967e-03
9.923105694895557535e-03
4.406836855228133537e-02
3.542662523000755792e-03
1.455551839503228459e-02
1.958647001646239560e-03
8.749467726777039947e-03
1.968365863404832744e-02
9.651049642427252107e-03
8.977355799044125367e-03
1.618407864415597787e-03
2.263887995974539144e-02
1.209688207747125488e-03
1.684069068693817145e-02
9.266685466164237620e-03
1.482680654491697753e-02
1.278508856010580202e-02
1.563069923484523838e-02
1.605028768334550160e-02
1.419003640498691168e-02
5.440476631124581061e-03
8.150445153378076818e-03
6.503245399845820895e-04
2.139901006884419726e-03
4.742093619246564792e-03
1.021981371949670300e-02
2.257443500537724412e-02
2.208210313235383325e-03
4.064662203228947696e-04
7.483278416257323207e-03
1.508415942300624785e-02
3.092727741730682926e-03
2.000767003731613192e-03
9.923105694895557535e-03
3.355929786079905192e-02
3.542662523000755792e-03
9.884240810212744852e-03
9.726866227881426213e-04
8.749467726777039947e-03
3.727075887703551471e-02
9.651049642427252107e-03
3.892947010559798596e-03
1.618407864415597787e-03
3.293619260950817612e-02
2.137945091227726798e-03
1.334732880884370067e-02
2.709444773061408379e-03
1.486558968642944303e-02
1.291483022164854541e-02
1.149674283543128048e-02
1.817854242725572972e-02
1.419003640498691168e-02
8.288538129569700263e-04
8.827355646645183851e-03
6.503245399845820895e-04
2.139901006884419726e-03
1.868145571136179675e-03
1.005284198518172772e-02
1.569880106575946566e-02
2.208210313235383325e-03
1.651744090055652994e-02
6.299823321519194483e-03
2.239742533270627084e-02
1.115249977997822065e-03
2.058961639520445058e-03
1.107800916482619760e-02
2.955932349553240523e-02
6.549090638603814393e-03
9.884240810212744852e-03
9.230076545696661505e-04
1.120469285921022427e-02
3.727075887703551471e-02
9.651049642427252107e-03
3.892947010559798596e-03
1.618407864415597787e-03
3.293619260950817612e-02
2.137945091227726798e-03
1.781671524532858764e-02
2.746860195383536447e-03
1.731453143268441713e-02
2.017241485835217021e-02
1.974971136650219977e-02
1.056752431401189636e-02
1.419003640498691168e-02
1.055244007404607196e-03
1.473513830884781543e-02
1.781597731814743568e-05
1.781121111299536087e-03
3.568005058570399360e-03
1.165081318433823857e-02
1.569880106575946566e-02
2.249971197969994046e-03
1.651744090055652994e-02
6.299823321519194483e-03
2.239742533270627084e-02
2.103326030204673812e-03
2.058961639520445058e-03
1.642259332466784044e-02
2.727505241526567356e-02
1.139988659758249534e-02
7.908807616383812383e-03
5.322620729104094069e-04
8.317335296485765112e-03
2.873211507105355098e-02
9.651049642427252107e-03
3.892947010559798596e-03
1.618407864415597787e-03
4.409293392186813126e-02
2.137945091227726798e-03
1.781671524532858764e-02
2.914934871374597579e-03
1.731453143268441713e-02
2.120256839557364131e-02
2.651813861917224138e-02
1.829056683871992800e-02
4.670945995750529038e-03
1.055244007404607196e-03
1.855988964175338610e-02
1.781597731814743568e-05
1.781121111299536087e-03
2.973257802202265102e-03
1.192792749282163556e-02
1.552603193988467967e-02
2.938358244994346280e-03
1.651744090055652994e-02
6.299823321519194483e-03
1.672054991981372640e-02
2.103326030204673812e-03
2.058961639520445058e-03
7.609382133210433607e-03
2.307078985991174377e-02
1.480975787967997448e-02
1.398016012282001994e-02
6.661909778604038594e-04
1.588807112942235145e-02
1.881377077799002706e-02
9.937290285560514136e-03
3.892947010559798596e-03
1.632858174446828346e-03
2.626054422000245053e-02
1.579422459388212397e-03
1.683687825760560308e-02
2.914934871374597579e-03
1.238435034380986483e-02
2.926022504299607974e-02
2.535327837615472882e-02
1.789189741520221325e-02
9.970391708553712554e-03
5.535642012673082542e-04
1.803372094466288225e-02
1.781597731814743568e-05
1.781121111299536087e-03
2.973257802202265102e-03
7.818892906134333395e-03
1.316141884679257468e-02
3.517191538555532876e-03
1.631734837016220532e-02
6.299823321519194483e-03
2.659307628943580193e-02
2.103326030204673812e-03
2.058961639520445058e-03
7.609382133210433607e-03
3.155233402544349586e-02
7.718150925209450730e-03
1.915635393717691690e-02
6.661909778604038594e-04
1.915277676305923021e-02
8.535134044880057780e-03
8.478949183471626294e-03
4.480862995740905914e-03
1.632858174446828346e-03
2.025980770643003373e-02
1.526519617719478486e-04
1.683687825760560308e-02
2.926595072085666580e-03
1.108622816980379608e-02
3.735972385503835008e-02
2.347071371867377743e-02
1.415500886565758051e-02
8.379187922495678550e-03
2.472245581774810269e-03
1.803372094466288225e-02
2.780590433812330561e-03
8.930185478656649245e-04
4.987126771952649085e-03
6.571660165789507992e-03
3.442019411956097341e-02
3.517191538555532876e-03
1.106410394771569633e-02
3.689704324341540418e-03
8.442933876770334842e-03
2.103326030204673812e-03
2.406497563135022617e-03
7.502081733305313027e-03
3.257059765932993067e-02
1.952366321825775314e-03
2.354803021073048272e-02
8.100492301759826264e-04
1.915277676305923021e-02
9.755594049588466390e-03
8.478949183471626294e-03
4.480862995740905914e-03
1.632858174446828346e-03
2.663818225503131881e-02
1.526519617719478486e-04
1.683687825760560308e-02
7.945562812299657857e-03
8.567811761126099476e-03
3.735972385503835008e-02
2.347071371867377743e-02
1.415500886565758051e-02
8.379187922495678550e-03
1.590678588461459653e-02
1.944820817235825422e-02
2.692466132094048937e-03
2.729602317097673883e-03
1.133519602217443120e-02
1.068256114736411758e-02
3.356214174837322817e-02
3.517191538555532876e-03
8.794702566649343495e-03
1.587573235553762022e-02
1.271212688107333476e-02
9.443167390260395755e-03
3.540742157936317171e-03
1.004031239650622631e-02
5.408904330009060846e-02
5.523350152332664499e-03
2.028981111987011865e-02
5.474771808288573897e-03
1.915277676305923021e-02
1.365183924324817402e-02
8.762253457464449363e-03
4.480862995740905914e-03
1.632858174446828346e-03
4.214418714598668070e-02
1.526519617719478486e-04
1.683687825760560308e-02
8.107788913367164341e-03
8.755111088447680920e-03
3.735972385503835008e-02
2.347071371867377743e-02
1.415500886565758051e-02
8.379187922495678550e-03
1.831439498482462583e-02
1.595930686024195355e-02
2.692466132094048937e-03
3.570666411698973641e-03
8.458089832310555778e-04
2.064764653388145854e-03
3.356214174837322817e-02
1.203994312477673148e-02
8.794702566649343495e-03
1.317060021308339574e-02
8.505138554247542587e-03
1.051809744779247033e-02
2.855142764903101111e-03
1.302083338480495428e-02
6.148243645211970421e-02
8.089493368527286496e-03
9.143863328406737906e-03
5.581392765572541249e-03
2.003574970420272591e-02
1.888621863023415628e-02
1.410129772966753348e-02
5.290493553564404663e-03
1.445619485377890208e-03
4.014516024066872024e-02
4.219471654688038836e-03
2.079270518173192278e-02
3.666853088603497235e-03
8.755111088447680920e-03
1.739478515149270321e-02
7.312653649460640337e-03
1.415500886565758051e-02
8.379187922495678550e-03
1.864982557699512017e-02
1.661520839356281365e-02
2.692466132094048937e-03
3.570666411698973641e-03
8.458089832310555778e-04
2.064764653388145854e-03
2.358422148685948919e-02
1.843698388395152363e-02
8.541634722680116476e-03
1.147653412990411528e-02
7.407606629680435137e-03
1.051809744779247033e-02
1.410206033624443727e-03
3.193970665988508928e-02
3.506690599758204019e-02
6.874794507317327080e-03
9.049052419191428234e-03
1.907077022372244759e-03
2.522723528310157060e-02
1.530507671245277986e-02
1.010743322618002510e-02
4.518655200817371306e-03
1.445619485377890208e-03
4.052861528046675099e-02
4.219471654688038836e-03
6.506778292362497447e-03
5.508812768100473066e-03
8.755111088447680920e-03
3.156702752607835893e-02
4.844325889505861349e-04
1.415500886565758051e-02
8.379187922495678550e-03
1.729811251060779653e-02
1.661520839356281365e-02
2.692466132094048937e-03
3.570666411698973641e-03
8.458089832310555778e-04
1.283847462484027490e-03
1.607820885301725761e-02
1.843698388395152363e-02
6.012633539147073207e-03
1.835842730139918000e-02
3.846482614053922319e-03
5.663823318881010260e-04
9.151969986269985202e-03
3.193970665988508928e-02
2.598110658449027943e-02
8.885359843274820424e-03
9.049052419191428234e-03
1.793454243235080613e-03
2.332972341721685494e-02
1.254937811801635356e-02
1.594195462661721074e-04
4.518655200817371306e-03
9.449627105333517022e-04
2.325641166045089650e-02
4.466977183942300207e-03
8.787555284975052949e-03
5.509537910333613293e-03
8.755111088447680920e-03
2.846638193301495243e-02
4.844325889505861349e-04
1.312386715548150180e-02
1.859064930651437714e-02
2.185783841023498236e-02
2.678224463342760570e-02
2.661755898914098563e-03
2.553524448686142652e-03
3.360307053619029233e-03
2.283966254358371292e-03
1.638071816109375189e-02
2.854663131630411077e-02
1.047255073571445871e-02
1.335381956871009058e-02
2.862168300434167999e-03
5.663823318881010260e-04
9.151969986269985202e-03
3.167574472188341983e-02
2.417987969008074042e-02
1.157270406650688296e-02
9.049052419191428234e-03
1.230048282361323637e-03
2.332972341721685494e-02
1.764299981838971312e-02
1.399600895761608094e-03
3.778990188422162722e-03
9.449627105333517022e-04
4.744990004838561815e-02
4.466977183942300207e-03
5.463387694886733328e-03
1.099830075561481803e-02
1.342687193945907992e-02
2.889514291266163243e-02
4.844325889505861349e-04
5.846570452096220422e-03
2.175659054360146866e-02
3.322454297683689883e-02
2.607941174438757267e-02
2.255414518749847622e-03
2.553524448686142652e-03
3.404941683774055910e-03
1.266811327076580035e-02
5.121173947890408223e-03
2.847226941770568398e-02
1.251026261002048320e-02
9.945258821120978726e-03
3.609373620819031521e-03
5.494832462044340129e-03
1.118199808578086533e-02
3.167574472188341983e-02
2.534691848289632662e-02
9.532466415033649665e-03
1.052454118268788923e-02
1.230048282361323637e-03
2.272129246190002227e-02
1.976909491034094246e-02
2.523460324823116260e-05
3.778990188422162722e-03
9.449627105333517022e-04
2.981746591756039358e-02
4.915487977478392133e-03
3.525282485063903348e-03
7.054301786899081286e-03
1.295956100492095912e-02
2.889514291266163243e-02
4.844325889505861349e-04
4.948697659113066374e-03
2.716671893533145407e-02
5.389252248118113486e-02
2.589736026250651080e-02
2.255414518749847622e-03
2.466567359385325557e-03
3.186619666637132559e-03
1.241739705349220388e-02
1.347302620624044739e-02
2.296067570569056485e-02
1.712103464645502171e-02
1.316469888274133040e-02
2.819491617620643788e-03
5.494832462044340129e-03
9.399725955728762891e-03
3.723999046603318486e-02
1.979858434274286288e-02
6.085775254749813123e-03
7.630147595897698691e-03
1.230048282361323637e-03
2.687396951532499551e-02
2.295759680944958747e-02
2.523460324823116260e-05
3.778990188422162722e-03
9.449627105333517022e-04
2.678846893608708216e-02
4.135254607888094562e-03
3.525282485063903348e-03
7.054301786899081286e-03
8.629491450542897679e-03
2.889514291266163243e-02
4.844325889505861349e-04
5.932640969567436195e-03
2.716671893533145407e-02
2.176602416393982886e-02
2.718356313606629451e-02
2.200218435040030354e-03
2.666391490141462733e-03
3.186619666637132559e-03
1.242276945912093589e-02
1.284483707792789114e-02
2.587729113152890947e-02
1.171797345909120561e-02
1.413617029740563136e-02
8.580887361365896124e-03
9.605796935388426216e-03
9.399725955728762891e-03
3.723999046603318486e-02
2.183843871280302662e-02
3.061195703370017673e-03
9.689587062215862176e-03
2.574378183508768941e-03
3.911253208081348631e-02
2.295759680944958747e-02
2.523460324823116260e-05
5.872839125972440302e-03
9.449627105333517022e-04
6.076097682535920586e-02
6.854871287782040613e-03
2.175919587371114104e-03
7.054301786899081286e-03
4.149111382642570872e-03
1.658623616272193041e-02
4.844325889505861349e-04
7.260008660943305381e-03
2.125066039983355276e-02
8.836934598962880444e-03
1.542444367593566110e-02
2.200218435040030354e-03
2.425822158320063010e-03
2.489533615453249152e-02
7.375604458757137327e-03
1.270723379446475274e-02
2.047611894570798216e-02
1.151909592409997192e-02
1.795325809032922645e-02
8.580887361365896124e-03
2.395404843223648828e-02
1.615721326389831652e-02
3.723999046603318486e-02
2.378879567172892395e-02
2.306210439017736258e-02
9.689587062215862176e-03
1.823483957648523723e-03
2.745819760346699528e-02
1.432222518463869068e-02
9.105818197748451626e-04
4.875151291446794093e-03
6.228284193367605512e-03
5.025299754226168758e-02
1.973045986728801798e-02
1.897338724699163676e-02
7.054301786899081286e-03
2.808485168186016651e-03
2.303194319168934065e-02
4.844325889505861349e-04
4.297408169303197287e-03
2.410106915067239397e-02
8.270163887268058150e-03
1.191054122074808146e-02
1.247922952725050508e-02
2.425822158320063010e-03
2.489533615453249152e-02
5.948695859387866797e-03
1.270723379446475274e-02
2.017376589609418472e-02
1.517362048318008499e-02
1.803364273948470167e-02
5.297586226691727851e-03
2.136179665347373927e-02
2.204529518490120493e-02
3.723999046603318486e-02
3.775029345240294570e-02
2.306210439017736258e-02
1.024964513663042219e-02
1.823483957648523723e-03
2.267895974391367919e-02
1.432222518463869068e-02
4.184102761894973634e-03
4.077635046750009706e-03
6.228284193367605512e-03
5.025299754226168758e-02
2.351135391638506031e-02
6.837019339986573352e-03
1.509042297239875444e-02
2.808485168186016651e-03
1.662136525061402165e-02
4.844325889505861349e-04
6.143165473232247570e-03
2.220519026636346219e-02
1.004039124713948863e-02
1.191054122074808146e-02
1.545513422898527403e-02
2.425822158320063010e-03
1.701041474832673539e-02
3.106169511965068200e-03
1.270723379446475274e-02
2.017376589609418472e-02
1.453208202932622199e-02
5.114260612221831204e-03
7.711642056130429621e-03
2.136179665347373927e-02
3.509335756029220710e-02
3.680348585420217117e-02
3.801906179008640585e-02
2.003949784457956587e-02
1.323070063410142390e-02
1.823483957648523723e-03
1.875393114425075863e-02
1.287941679083860758e-02
4.184102761894973634e-03
4.077635046750009706e-03
6.228284193367605512e-03
5.025299754226168758e-02
2.351135391638506031e-02
9.820245875668036362e-03
9.043706546386184875e-03
2.808485168186016651e-03
2.006726766154730626e-02
4.844325889505861349e-04
1.084362277918571489e-02
2.220519026636346219e-02
1.544409527402481296e-02
1.007598112747292232e-02
2.216199484748625909e-02
2.053297885036359238e-03
2.705191841589400792e-02
8.499483318223591960e-03
1.270723379446475274e-02
3.154249806175603299e-02
2.064218562061794632e-02
2.701694003571834812e-03
7.711642056130429621e-03
2.140316733748270570e-02
3.509335756029220710e-02
3.680348585420217117e-02
2.391372841716458975e-02
1.346862548318527447e-02
1.317840083394907630e-02
6.681997287240661228e-03
1.882507166910712612e-02
1.287941679083860758e-02
4.184102761894973634e-03
4.077635046750009706e-03
6.228284193367605512e-03
5.025299754226168758e-02
3.392531099351484003e-02
1.036293580918982472e-02
9.043706546386184875e-03
3.114653632337567937e-03
1.857677345146349634e-02
3.108841944779557748e-03
1.009820672266020097e-02
2.220519026636346219e-02
2.941770532301308735e-03
1.166748911968105464e-02
3.100819984286843148e-02
2.053297885036359238e-03
2.357096307684403494e-02
2.062064171850145483e-02
1.270723379446475274e-02
3.154249806175603299e-02
1.771819923031799082e-02
2.756791193242100896e-03
1.313793015900591686e-02
2.140316733748270570e-02
3.509335756029220710e-02
3.753180791726725557e-02
2.200217503256511609e-02
1.828211115023008551e-02
8.252607569428513368e-03
6.681997287240661228e-03
1.882507166910712612e-02
8.618311055219457506e-04
1.119724361472927525e-02
4.077635046750009706e-03
6.821266119039614412e-03
3.329888645568512134e-02
3.392531099351484003e-02
1.036293580918982472e-02
9.043706546386184875e-03
6.551068495418060911e-03
2.025295312880991822e-02
2.672877923215076154e-04
7.908712941304629762e-03
1.523699433171439056e-02
2.137207515672581368e-03
1.300164735391030543e-02
2.289572021950502315e-02
1.805795545888658725e-03
2.357096307684403494e-02
1.441686043775800008e-02
1.080872540212405621e-02
3.071555276572830381e-02
3.741694958463935572e-02
2.756791193242100896e-03
1.873509372258962136e-02
3.540165127599197159e-02
3.509335756029220710e-02
3.483774513654022686e-02
3.690319693981974208e-02
1.828211115023008551e-02
7.036509430296589845e-03
7.949713775941367327e-03
1.629294686846871620e-02
8.618311055219457506e-04
1.159782823875206426e-02
4.077635046750009706e-03
6.821266119039614412e-03
3.329888645568512134e-02
3.392531099351484003e-02
7.090527216019095955e-03
9.059000165731566703e-03
8.516861209987175788e-03
2.911080268224688211e-02
3.305604874437892936e-03
9.925078837027465073e-03
1.523699433171439056e-02
2.137207515672581368e-03
1.300164735391030543e-02
2.289572021950502315e-02
6.327220039526711484e-03
3.201271294717217275e-02
7.628992729836546471e-03
1.059888598353826705e-02
2.777626044994676094e-02
3.363137334252018495e-02
9.975569922837638007e-03
2.341154542326890492e-02
4.258360246543559102e-02
3.509335756029220710e-02
2.328084070766796299e-02
2.695115409854183935e-02
2.653480060033525101e-02
5.724478859118722202e-03
6.892677981698497498e-03
1.629294686846871620e-02
8.618311055219457506e-04
1.159782823875206426e-02
4.077635046750009706e-03
8.255884478939160692e-03
3.329888645568512134e-02
2.447951508526637066e-02
9.660672289448031871e-03
6.607960120784215491e-03
1.153954563750466192e-02
2.925899832379895080e-02
1.086756581612501049e-02
1.828700284833417733e-02
1.523699433171439056e-02
6.146425384692358329e-03
1.251697806627854667e-02
2.583781775429846994e-02
6.599048529745448616e-03
2.160224986079930382e-02
7.628992729836546471e-03
1.059888598353826705e-02
2.356476725493609342e-02
3.544758477840533051e-02
9.975569922837638007e-03
1.540672886532572748e-02
4.258360246543559102e-02
3.153194212196792912e-02
1.897316539045664635e-02
2.323494018970583691e-02
2.653480060033525101e-02
1.037400204179985720e-02
2.196912090082207836e-03
2.236434433902319621e-02
8.618311055219457506e-04
1.159782823875206426e-02
4.633963654505600382e-03
8.501246442585225910e-03
3.329888645568512134e-02
2.647683961284390264e-02
1.194151831732496311e-03
5.206014888812599169e-03
1.153954563750466192e-02
1.965474269059150694e-02
6.734881099039750213e-03
1.804048939080713995e-02
4.088096061495481714e-03
1.053835808860396732e-02
1.237394825581213803e-03
2.513209515637778932e-02
7.406491264064436406e-03
2.995489142394825582e-02
7.711564180205412837e-03
1.059888598353826705e-02
2.455216925596793304e-02
3.136392704861536845e-02
1.015474230837211042e-02
1.540672886532572748e-02
4.165611611354122501e-02
3.153194212196792912e-02
1.633859984598702575e-02
2.323494018970583691e-02
5.306849982560035706e-03
1.037400204179985720e-02
3.957544820288984647e-03
2.236434433902319621e-02
1.036305818383904606e-02
1.157880936279639776e-02
4.633963654505600382e-03
8.501246442585225910e-03
3.734739534035586700e-02
2.576824672976149588e-02
1.194151831732496311e-03
3.482270244462074699e-03
1.154554181950374903e-02
1.965474269059150694e-02
6.734881099039750213e-03
4.419381285295027190e-03
1.538753461552634996e-03
4.320565272359602055e-03
1.237394825581213803e-03
2.207010825781599572e-02
7.406491264064436406e-03
2.468847816287614988e-02
2.970166184541708082e-03
1.725634910367575617e-02
2.455216925596793304e-02
1.643434783110277880e-02
8.280209624613857344e-03
1.540672886532572748e-02
2.788917940498078854e-02
2.520550880051521114e-02
1.670601694907357382e-02
1.307860669400474907e-02
4.447477655018007743e-03
1.037400204179985720e-02
3.957544820288984647e-03
2.236434433902319621e-02
7.116889482544111814e-03
1.131406085622790186e-02
5.182500320198419469e-03
8.501246442585225910e-03
2.088031051052051043e-02
1.899707152199754667e-02
1.194151831732496311e-03
3.482270244462074699e-03
1.602040460768789504e-02
1.425858957113641454e-02
9.112076186316552667e-03
5.856500320578331836e-03
3.737699107634018594e-03
4.320565272359602055e-03
1.393467910825183648e-02
2.775042766805674646e-02
7.406491264064436406e-03
1.716179606727946325e-02
1.532359038358355185e-03
2.481007536822359139e-02
2.455216925596793304e-02
1.150923129135981646e-02
7.221535056320417360e-03
1.120435561247638129e-03
2.392142618354630573e-02
2.810996467634874554e-02
1.310337781154713097e-02
6.312824316687693296e-03
6.950071448010908259e-03
9.351784430935986686e-03
3.957544820288984647e-03
2.236434433902319621e-02
6.849845161592695193e-03
2.163578607153622546e-02
1.279399684660400237e-02
8.501246442585225910e-03
2.088031051052051043e-02
1.899707152199754667e-02
1.345815174659421160e-02
1.811205228857539450e-03
1.602040460768789504e-02
1.903538208952170949e-02
3.628611379236784673e-03
7.406934145450786398e-03
2.826808654150364183e-03
4.320565272359602055e-03
1.393467910825183648e-02
2.775042766805674646e-02
7.406491264064436406e-03
1.912456465987853391e-02
1.532359038358355185e-03
6.506777183769474338e-02
2.408262105200693892e-02
1.444055736992418473e-02
7.221535056320417360e-03
5.586379630763717991e-03
1.483883503513297800e-02
4.643652888937153250e-02
1.282990556739011662e-02
5.614905249910959878e-03
1.062177755096806175e-02
1.565004410964733125e-02
1.305320114363045514e-03
2.907772323869770720e-02
2.676687440777529570e-03
2.231393997361060672e-02
1.144705144868772041e-02
5.881713721291793873e-03
3.975852160912827366e-02
1.899707152199754667e-02
1.345815174659421160e-02
1.811205228857539450e-03
1.602040460768789504e-02
2.415296109467512248e-02
9.127158155950575169e-03
1.619018487367282141e-02
9.266149914467480472e-03
4.320565272359602055e-03
1.393467910825183648e-02
2.775042766805674646e-02
4.582211149303381387e-03
1.013705257737981986e-02
1.612428511519153375e-03
4.799932936046577558e-02
1.666338676717028788e-02
2.074984825772535277e-02
1.659320077884163247e-02
1.770082552830138864e-02
1.647943080179987974e-02
3.576370873045972565e-02
1.489901259747313314e-02
5.414646986562580283e-04
7.244904222259724441e-03
2.483869141723730675e-02
3.581401376921986360e-04
2.907772323869770720e-02
3.344505060256477980e-03
2.257979782685867048e-02
1.014983154355370704e-02
7.563261557894091110e-03
4.176486244138000875e-02
