1.497254258461300225e-02
1.622059487353811301e-03
9.486868569117127420e-03
1.676246098703682713e-02
1.963909226284396223e-02
1.129241143316463960e-03
6.550958418189010285e-03
2.942593197324330778e-04
9.267736289195194210e-03
2.233568686022556829e-02
1.279116378075447619e-02
8.451886147371187119e-04
1.703474873399112716e-02
2.276319553882197224e-03
9.518291574344235270e-04
4.454519945147987492e-02
1.796326458986408775e-04
2.288841249528099364e-02
1.634599208805811651e-02
9.148933152536231628e-03
1.673949652299142749e-02
3.072577560516513706e-02
1.373930272705909186e-02
3.661734578923709488e-02
7.553639795780279359e-03
2.057247651832636026e-02
6.339236601543439889e-03
1.464644713482737490e-03
9.202849424887004845e-03
5.576309247068779278e-03
4.282666671653402590e-02
8.035245784410414982e-03
5.349355826858403010e-03
1.096028904634349654e-02
1.811517448788946966e-02
1.856577240292972553e-02
1.763721437437058837e-02
1.534302471499424635e-02
9.779385333555131246e-03
1.788649426911633009e-03
1.135701073968255204e-02
1.494307855227419105e-03
2.791711389573819924e-04
2.559905293179253784e-03
1.056380837157900807e-02
5.498006616525264595e-03
8.022922335358857043e-03
3.651276208446808252e-02
1.593937553328760720e-02
1.221952936628976916e-02
1.123197828779768162e-02
2.136270417396574778e-02
4.272568684982010201e-02
1.079065263176970380e-02
2.750632623734848309e-03
1.975259856940212583e-02
8.731821999308825646e-03
3.129954485133769858e-04
1.372639222063385192e-04
5.870008447397702563e-03
3.322870026861162937e-03
7.803188461677552923e-03
2.636557982800225367e-02
2.908419640539792843e-03
7.255446972848142786e-03
7.574098204553843076e-03
2.494534304215675555e-02
3.641221394686131735e-02
6.931111975938250569e-03
8.173535697287270460e-03
8.316120265181494581e-03
1.181384137546854065e-03
4.837860262042002757e-02
5.092658322265422588e-03
7.576781321459580406e-04
3.039460420694944064e-05
3.914308083391113482e-03
5.748399953576789970e-03
1.393017027348894890e-02
5.316088268626355251e-02
2.310671111898342928e-02
4.810474173490072482e-03
3.456451192435949782e-02
1.324947455486112733e-03
1.830730075517591690e-02
6.673299327589046759e-03
9.972500785660084327e-03
3.725221403938822518e-04
4.470076475301025878e-03
4.331945196838535295e-03
1.583639737636680089e-02
1.461507295274309948e-02
7.835988247285112854e-03
4.213788925944888034e-05
3.843901117905525449e-03
7.995433727761278031e-03
1.202624452851608176e-02
2.006883837029803386e-02
5.075403275886458676e-02
5.398659513526268480e-03
7.412406987794530056e-03
1.682925553606046121e-02
1.178947725986435532e-02
6.157266462155853298e-03
2.000266108055862718e-02
7.351126633430569643e-03
5.207952082143779693e-02
1.078489409664857429e-02
9.389451361869976739e-03
6.170557440474741875e-03
2.334317893512297126e-02
4.167168379088136143e-02
3.540581933639830314e-02
6.603604862405791642e-03
2.036265928467785244e-02
3.906624710224973485e-03
1.724072728229521928e-02
3.746830212321479447e-03
2.239814705796280836e-02
3.402925385579125273e-04
1.997855467058719942e-02
2.207375156239323871e-02
1.475978014729449617e-03
4.796073475370796852e-04
6.685090949238159733e-03
2.025115998458809630e-03
5.829358544988881910e-03
6.835141563609529146e-03
3.890361664712337422e-03
5.993094935912209736e-04
3.523558424082632451e-02
8.444474801472635211e-03
2.194831785742136845e-02
8.927082212441851683e-03
8.832899994630591389e-03
3.680414865545478080e-03
4.053830202108690481e-03
1.093161905591320468e-02
2.813594275835455683e-02
9.264850761125721298e-03
3.781050256323837365e-03
1.352884792190322399e-02
3.646081294037185894e-02
3.281892841334997646e-02
1.812062787408600523e-02
1.692437394746453168e-03
2.348946659029198941e-02
4.208179014239279286e-03
1.188412126171744208e-02
7.950511857922823444e-03
8.080273538621537792e-04
1.284714241947717064e-02
6.666051896595148046e-03
8.848637061384716229e-03
1.240761005743536149e-02
2.989428650760393193e-03
9.025004921606141761e-03
2.756324159246598213e-03
1.884113196648942029e-02
1.273709029082426697e-02
1.514547480644898303e-02
1.321439714333945588e-02
1.280360187968831824e-02
4.919201303042998463e-03
2.787894032995680629e-02
8.478991918608909384e-04
8.667767414876030932e-03
6.978634663631454529e-03
6.509710409020467818e-03
9.014872034202651291e-03
9.334317523954296578e-03
6.883758514764991288e-03
8.540867101970866376e-03
8.679790056586053279e-03
2.418078880893125698e-02
3.202421351996124349e-02
4.213232263538316258e-02
9.734932075536981144e-03
2.897611107294208524e-02
2.152546606007256502e-03
2.754698911579250842e-02
2.072259367442055855e-02
8.691731762028786709e-03
4.493344271173310700e-02
6.047156188867735399e-03
1.186642924035436614e-03
7.523669639241659796e-03
6.671054812257014299e-03
1.264104227760387208e-02
9.589047413444821630e-03
3.789496877916968126e-03
3.033949224568147085e-02
2.051219104606881449e-02
5.554492782435652143e-03
1.272772965166092674e-02
1.884363751505479384e-05
1.033533060554351138e-02
1.135729476814973174e-03
8.245838136148727834e-03
1.217326400605260302e-04
3.558237998358460691e-02
2.832388281719788476e-03
2.630586301343265741e-03
8.963508850447854739e-03
1.034587431171692627e-02
9.604051464406251903e-03
4.061615999335624339e-02
1.392116220581671344e-02
1.367160110490423311e-02
5.853796130249085475e-03
1.539147007404436177e-02
2.617630414840380060e-03
3.418900017210314141e-02
4.185898100750734541e-03
1.030264406099729892e-02
6.578346728771138074e-02
2.902888623599963937e-03
1.288486416818748499e-03
7.361081412297258188e-03
2.161902216629028872e-02
1.012150839750790288e-02
7.951369570123306002e-03
3.166283935433231514e-03
1.358213986349295251e-02
2.247509077420572349e-02
6.125020584154391642e-03
3.961390066203704374e-03
2.858955978089227495e-03
3.726713911537750216e-03
1.001842590966171148e-03
1.056968534495506679e-02
5.144352898815242325e-03
2.236689703102046067e-02
5.167393427839507905e-03
1.240875945049727674e-02
1.169732346485343605e-03
1.022176818381642475e-02
2.443813934417276429e-02
3.136734666605185684e-02
1.022027416454109050e-03
1.267462290345622127e-04
1.853893373112448437e-02
3.379121345165599782e-03
8.025643379961842211e-03
1.902316686968993226e-02
1.228402667937794103e-02
2.062290130324397758e-02
1.513773246953660327e-02
3.088502280929502665e-03
2.417419423344272303e-02
1.527635926602434469e-02
9.102219316871716301e-03
2.153722868567029772e-03
1.298877104559258144e-02
3.012374594028388065e-03
3.899362894653167488e-04
4.263704707440961472e-02
2.835044481145510692e-03
1.305418183261597247e-02
3.906858356729461107e-03
6.733279583533592107e-03
1.562864653838880180e-02
1.518091911554570600e-03
4.775551482491664952e-03
2.229148926072385684e-02
2.755645422695254809e-03
6.871722564389679336e-03
2.222410242895951800e-03
2.853608434595570134e-03
1.142916287219315416e-02
1.176259412989474548e-02
2.637289228973220719e-03
5.773036724080974486e-04
2.603804049320684183e-03
7.434123401059326321e-03
3.148572284345941413e-03
1.075164236140030947e-02
4.543892718810581266e-03
6.326014458017653781e-03
1.463231726830355010e-02
1.798256545906490615e-03
1.789323559435566230e-02
1.970088113406082489e-02
8.166227378931320210e-03
1.359397076109297069e-03
1.174225817132007292e-02
1.378650903517519843e-02
7.575085226738656127e-04
1.621265998376318976e-02
9.311392157004307057e-04
8.550343432396360216e-03
2.417293489996031643e-03
6.280167846354127101e-03
2.106078430298541533e-03
4.554771988895517550e-03
3.383077983117596405e-03
2.100632342608362534e-03
4.960327140501952572e-03
5.075019660721085540e-03
5.430353757123539821e-03
1.147614201417573691e-02
1.521113864363466024e-02
3.845898226223588845e-02
8.613775376514285625e-03
2.755840521223480027e-03
6.761368428389524180e-04
1.432276161202769571e-03
1.271853227338816915e-03
6.616501124751955620e-04
6.230152329260513037e-03
1.189730134539598600e-03
2.659122182493250247e-02
1.647500289233433043e-02
1.621969765017261880e-02
3.328962493926756333e-02
3.642159677108472004e-03
4.779587048003922090e-03
2.079156021682702915e-02
2.070815453733948833e-02
4.127547510829181546e-03
5.946731919266790532e-03
2.220991487352097851e-02
2.011085463230395144e-03
4.299403079608173084e-02
4.196742532734866471e-03
4.021885559191765158e-03
9.878433164321222260e-04
4.181235243401960205e-03
2.091205481256563220e-02
1.661554793745107167e-03
1.229173993482523576e-02
2.138682332373445516e-02
5.151162330759137022e-03
3.670339017903597768e-03
4.732982090167540262e-04
8.898969448953523292e-03
3.505755119337647559e-03
4.348713908156854463e-02
6.689789672441874557e-03
3.127572398585237202e-03
1.286035856967750277e-03
1.130400255460798069e-03
1.529649240461622949e-03
2.015056582022133752e-02
1.448823662320934853e-02
1.004031293647325296e-01
5.958414649641522419e-03
1.287158639731727366e-02
9.987036160189532996e-03
1.908468615637747695e-02
5.506691994636623254e-03
9.357300494636226762e-03
2.331804772302397202e-02
3.176106502845212065e-02
1.401975271301017859e-03
3.736305193190818039e-03
4.378482504167175403e-04
1.522676689560528707e-02
4.773928607965921729e-03
2.710311547159577165e-03
6.990753794230532628e-03
1.330815733148945842e-02
1.283118278788480081e-02
5.126742155158201669e-02
7.143245410362937531e-03
2.241400559729059272e-02
8.555890701157394321e-03
8.480905803843693386e-03
5.188727920378062575e-03
4.631444654177920700e-02
9.224118803915364734e-03
6.467873597351696605e-03
1.201551064251483308e-02
2.417386832202700689e-02
1.226268769645534780e-02
3.593503294905561751e-02
2.548679818243175521e-02
2.664681591874190972e-02
3.059470787581278911e-02
1.191957813991320440e-02
4.421473715265945847e-04
1.459525574037253554e-02
2.160961714423371288e-02
1.747892369989678674e-02
4.129721688597914192e-02
2.932293637034352057e-02
3.048865204130432605e-04
2.371636434343237301e-02
4.381835741940375180e-03
1.435857111270870401e-02
2.348739227677626613e-03
1.492186286285321004e-02
5.321314847910492418e-04
1.725342752529766127e-02
6.697615124502739360e-03
8.554362690218336729e-02
1.052689108126026590e-02
3.177111571895529021e-03
5.089578861147349420e-02
4.149261818613993874e-03
7.681296815361610478e-03
2.591068545622485231e-02
1.536561438887413221e-02
1.111192134954262431e-02
5.835269241023896720e-03
8.236998534261725721e-03
2.999029595902323424e-03
4.832720802317152370e-03
2.700606190563744138e-02
1.596146304740333685e-02
3.113273656676805029e-02
1.402706849730121948e-02
2.275354374478484251e-02
1.186160245265119317e-03
2.262323453065341952e-02
1.353973730622889601e-02
3.468424428254893686e-04
6.501572762754235374e-03
2.124455300394153916e-03
4.628907398674673990e-02
1.195807925675373626e-02
9.537275786810907666e-03
6.463009808618337682e-03
1.286874979554931617e-02
1.092065130054436541e-02
1.369735669341129447e-02
8.646271512907220680e-03
3.236371196290777075e-02
2.443979505098029664e-02
6.720177910274795566e-03
1.064311149280657703e-02
8.619594156306861071e-03
2.303300707180329365e-02
4.557493907568122005e-02
1.271370312739515240e-03
5.411468152670405839e-03
9.211042527776502203e-04
1.930542325044195401e-02
3.244994500745046473e-02
6.077784616812825780e-03
1.740374688741984019e-02
1.595866828411367927e-02
1.567403755905007884e-02
1.113301136527549209e-02
5.066213891835887745e-02
2.819152856647924588e-03
2.390214602655524323e-03
2.211430262426499621e-02
3.119115521681667478e-03
1.782429367249447477e-02
3.429329557041040956e-03
5.227903844525678967e-02
3.684067142917316073e-04
2.459543038965124329e-03
3.551853408368281680e-03
4.270459577149703090e-02
9.483822993164329682e-03
4.582351408508044364e-03
3.386597026934310556e-04
3.974045804036970518e-03
1.759200703338269917e-02
1.465185500399775360e-03
1.132507650505289870e-02
1.436919080666835234e-03
1.617654218194376770e-02
2.552249370511476892e-02
3.571445584268963941e-02
2.332564337548312383e-02
1.052418102821512172e-02
1.607744927093534421e-02
7.193875312343685213e-02
3.223867692588967566e-03
5.732730002128273369e-03
2.850654295002087030e-02
4.138600296564515224e-03
1.716630585473757822e-05
3.944562999087936062e-04
2.135186262653936476e-02
2.340088810412681991e-02
1.686402644130522571e-02
6.435235492544786294e-03
1.394295072307437378e-02
2.105133455602477971e-02
4.961901375811095249e-02
5.545991648580311101e-03
2.162430122609887428e-04
7.378403317252039267e-03
1.441723798034596875e-02
2.856879752703626960e-03
1.088929872648852250e-03
4.850810127970974633e-03
2.575672951073370437e-02
2.177574476469976150e-02
1.481298814731177305e-03
7.235728355549940483e-03
3.024186179938550493e-03
4.009379320543761394e-02
3.374974160381778027e-02
8.611858584251709525e-03
1.960801979549765123e-02
9.936218262895805953e-03
1.953324048197613294e-02
5.167718958123905526e-02
1.512872118808514244e-02
4.819376587878732021e-04
8.505883484485310050e-03
1.315643127226895012e-02
3.143946276537741818e-03
8.345974938314099090e-03
3.642221220501416085e-02
5.442413438892422517e-02
2.047666180841808958e-02
1.822656096036031313e-03
9.184300159778877037e-03
9.233002479984086033e-03
1.405282320917437475e-02
6.660946814667239972e-03
1.537040020304535071e-02
1.308645451477881763e-02
1.440209445270753882e-02
9.820565882255284304e-03
1.409424355665854500e-02
1.821665598288483429e-02
2.281625396516242382e-02
1.286369776433739405e-02
4.527721482627641153e-03
1.805087056246190702e-02
4.236215559754693757e-03
1.013957562043918230e-02
5.274915405988821193e-02
5.749647798205521736e-03
1.501273775694995233e-02
1.576219057924529987e-03
2.704654312673550158e-03
5.769247860238935210e-02
6.417022820378957132e-03
5.621328315395916937e-03
7.356827743758759253e-03
4.356123856649313231e-02
6.537334020565742365e-03
2.969196363888012072e-03
2.264697530276842813e-02
2.069746384102347930e-02
5.377001608021292345e-02
3.613110771082889486e-04
8.384594140668636883e-03
2.085275182744044178e-02
9.827667340495747483e-04
1.191605477770997686e-02
5.223754485577720985e-03
6.845129019423175018e-03
9.225072260125942447e-03
8.923720100856302045e-03
3.177457136103803426e-03
2.797292922133210250e-02
1.324934032711590388e-02
1.778538858425306179e-03
3.154225048919781071e-03
3.639685889576300265e-02
1.489381572294242936e-03
5.952131247185245624e-03
4.187415153441538529e-02
9.392451142968549771e-04
1.469614048439587053e-02
2.016696768929942055e-02
2.169401549767854126e-03
1.777297488450171534e-02
5.553633133139217193e-03
1.317233647933489099e-03
4.594124092883798520e-03
1.542236360447334607e-02
8.353016191426990145e-03
1.214920668153514002e-02
7.366467950184756031e-02
2.524247644182884415e-04
4.094296298840826437e-02
2.115035926513755826e-03
2.211446275603959691e-02
2.687823204797681192e-03
5.504613226233556408e-03
1.357619370026061020e-02
1.178880651628349359e-03
1.768818561070396866e-03
9.737071167340806063e-04
3.527337253145072793e-04
4.471052567628606110e-03
3.670941671068553291e-02
4.177852928924429693e-02
5.625816692914308026e-03
1.182679925871007749e-03
7.883702959657776232e-03
3.747804523350686118e-04
7.643975170331177016e-05
3.075481321869085252e-02
8.261373701301448144e-03
4.051992685035029490e-03
3.830994632080073070e-03
1.310438307458974654e-02
1.934023710168508020e-02
3.770972794634627062e-02
4.127321913656929395e-03
5.591648164543203126e-03
1.281530089546252180e-02
3.559630949746313971e-04
8.558234004448559210e-03
1.585366786709992148e-02
1.798664527403306956e-03
2.299602598583773416e-02
6.989794028701126240e-03
4.408800259607860428e-03
2.679091018498986829e-03
4.885112477437206571e-03
1.005883472193508377e-02
1.494817540904035819e-02
5.489897618080387962e-04
2.428626279571633600e-02
1.459076815254699159e-03
7.483446155826870005e-04
1.229499846592739705e-02
1.915478759372026690e-02
6.981166773370290138e-03
2.057037996746755720e-03
9.221491984194019748e-03
8.353220298964068521e-04
1.117614236997100177e-03
4.412385183101118907e-02
2.037446957394156623e-03
1.822497525073111038e-03
1.381794555956571829e-02
1.961678331015011961e-02
9.679794396651382124e-03
1.394128601439292847e-02
6.925006222830269037e-03
6.857052086980323750e-04
2.159491574202136721e-02
1.149129552454305689e-02
9.383415500736106210e-03
5.843644024961545252e-03
1.100248195256812306e-02
1.225343937861001799e-02
9.085669699023158144e-03
8.348193109934953782e-03
6.114540916206966104e-03
5.044692302163559725e-03
7.758952376785956118e-03
5.361371003524019810e-03
3.966679911104240529e-04
3.675849457221941341e-02
1.519725536752771985e-03
3.119306253414359451e-04
2.447648188072486589e-03
1.005603680448085256e-02
1.062518016929595195e-02
4.827467259742104777e-04
2.992726282727129622e-02
4.436527814930491150e-03
1.157767999631474122e-02
2.747378724244803339e-02
8.156941694215671945e-03
1.062376073856468109e-03
1.615649325902064962e-02
2.480460839609265750e-02
1.313179569781967523e-02
2.078940509338015469e-02
1.967272169402577847e-03
8.462314658109681628e-03
5.466856736387071085e-03
7.135732000413622794e-04
3.705572851198107084e-03
5.899585990675219535e-03
4.666782279177430701e-03
1.243576175099593215e-02
1.994024437794428631e-02
9.003540111760258147e-03
9.980490701443864646e-03
1.568461287897291584e-02
1.102859721701005685e-02
1.195081838362550310e-02
1.570070419439975259e-02
3.008945105631920941e-02
3.848678359514069031e-03
8.407685009723091935e-04
1.183747321439018382e-03
1.899220522215833151e-02
1.890732492131153020e-02
6.316512451454295643e-03
7.298144064192438329e-02
6.555594577597361958e-03
2.372365719897961966e-03
3.880628116352823065e-02
4.092277324855055076e-02
1.998783930608706051e-03
1.022309299083952114e-02
4.740753913168531571e-03
2.737744491611661390e-03
4.582080936996425768e-02
9.815879081070842324e-04
8.903276575763643258e-03
5.059112765983221453e-03
6.481183833839019269e-03
3.690835307717951763e-03
1.705107521318236386e-03
1.057409660921375394e-02
6.752812881776541071e-03
5.474039244071615337e-03
4.133719380433266595e-03
2.743555192249370889e-03
4.306700513051398699e-02
1.270903340057317685e-03
1.563420471696892397e-02
5.172964943701979790e-04
1.141806130437988433e-02
4.305918606193502238e-04
8.800588884621822656e-04
2.980639511751270038e-03
8.481524026389082593e-03
1.512061980067424573e-02
1.556612282404046081e-03
2.583976918577682649e-02
9.214194750755095448e-03
9.177805152224025736e-03
4.345326964310979034e-02
1.635386104576723454e-02
6.178751019294602062e-03
1.194504692082190480e-04
2.332749457118810099e-03
4.112508587789890507e-04
3.602295092655373974e-03
1.095570778625124149e-03
1.097355124470401379e-02
4.393212548569000626e-03
2.743589902867928781e-02
1.649271274897490258e-02
3.382667186405604719e-03
1.348453009973170358e-02
2.038851514357154643e-02
7.149595677223910539e-05
3.618774454505685641e-03
3.244781676248021090e-03
3.538319347223105316e-02
6.924463608319259174e-03
6.018727623825794598e-03
1.798311841392873046e-03
1.690310807528400475e-02
4.301522654897338080e-03
1.283995811934750784e-03
4.209991003589595368e-03
9.988204581664621509e-03
3.005451908368116098e-03
3.766310984023268828e-03
1.272925270090679781e-02
3.957417169785919231e-03
8.233633557990564095e-03
2.076901614066968896e-02
1.174173450568156626e-02
3.171643693105845319e-03
9.175122565015340903e-04
2.651607012823764889e-03
4.034454269220104361e-04
3.223469835881134782e-03
5.968314392141233285e-04
2.487760606402184341e-02
5.366415602244454207e-03
7.457567491380949834e-03
3.738880432145817029e-02
4.312858589616812982e-04
2.801535213136630009e-02
1.913513202978635135e-04
5.184959112092217548e-02
7.799562239486527299e-03
8.394148515175035158e-03
8.467490631960722380e-02
7.749026605185881447e-03
5.281043690902880935e-03
1.718624490842933766e-03
2.123836763451773801e-02
1.043448566992053080e-02
4.813862606790901728e-03
7.829501561476607391e-03
1.717481571931443046e-02
1.807549780936653500e-02
9.277173380451255238e-04
1.895346766364583782e-02
4.234017231311530335e-03
9.729397485264466502e-03
4.475316723472726188e-02
4.159363373825291157e-03
1.152726001426408048e-02
1.062908556247102194e-03
5.068244909224977821e-03
7.798939894497440919e-03
5.411393995739641367e-03
2.344359430003671845e-03
2.612282324644387907e-02
1.011430644614436276e-02
3.207023732710704428e-02
2.689012275403597496e-02
4.267130230452709921e-03
8.633198764389098806e-03
1.258179665901016514e-02
7.772142025504774621e-02
6.669066925466243106e-03
4.077795682609876120e-03
4.115933504361987683e-02
2.873976032125703101e-02
9.144613307709501329e-03
2.516096907859352583e-04
2.696659479679526517e-02
3.542767352928757885e-04
9.921827156260078912e-03
5.729993102027646813e-03
2.697159792224316718e-03
1.462242248101526185e-03
1.408871052663587592e-03
1.014593990595193639e-02
9.655633764732735741e-04
1.354205416228872888e-02
1.667693870440480758e-02
1.446699820140090638e-02
5.352755735089755398e-03
2.761666229635499712e-03
7.605874821245079201e-04
2.754717562857379037e-03
1.850724944687971718e-04
1.440348608834720288e-02
8.683328045068562304e-03
3.450690780831111582e-02
3.261221430319825171e-02
7.560122165346942584e-03
6.104024399870360343e-03
4.898748762121129738e-03
5.830383493239912202e-03
2.535400986330811623e-02
1.121715299807258138e-03
3.638431469727403805e-03
1.767557882054738433e-02
2.740558751624204425e-03
1.474299340481351195e-02
5.055200493204601436e-03
2.363596121755323631e-02
2.967016506874760318e-04
2.104800427074751332e-02
4.519448503338870798e-02
1.275538238300887028e-02
1.107058619805989519e-02
1.096510720068999585e-02
1.965265392980425005e-03
7.163249226105421717e-03
1.200321479142690655e-03
2.583054500219937513e-03
4.737245506848852990e-04
4.842509750263645531e-03
1.958364962043923022e-03
1.971611751051025041e-02
6.702295857867681880e-03
1.050819610666209672e-02
2.836859309902302687e-02
4.985404117211561341e-03
6.812116988658402372e-02
1.116884599468232278e-02
9.296923736543252076e-03
3.147652498547375693e-02
9.705093841837675664e-03
8.116172556752726877e-03
4.084061279674590372e-02
2.127739487274836472e-02
4.404068848397924528e-03
2.204425315961024145e-03
1.574233350710995891e-02
3.886545712875268815e-02
7.324430882439950802e-03
8.387212622991076921e-03
9.303679940230158082e-03
4.115611513216635431e-02
6.140859944074955612e-02
4.090211281297471274e-03
1.089854950913366621e-02
5.375913105810553420e-03
2.173160870056773178e-02
4.137490922349086608e-04
1.794561223156317803e-02
2.144536900890266912e-02
4.737245506848852990e-04
2.080301468833187228e-03
1.197340733977704519e-02
4.335867242148011558e-02
8.825145591567030989e-03
1.375168191438889270e-02
7.209854819792272176e-03
5.721458698032003305e-03
3.015140737967202458e-02
2.873535080194182176e-02
5.168880873719933905e-03
2.552151690318118019e-02
2.310303117682783319e-02
4.857500212092486641e-03
3.716460495262267905e-02
1.002482669551188477e-02
3.447778559605990320e-03
9.392955373384274595e-03
1.635384204012560461e-02
1.455102778533354582e-02
3.724689666687290221e-03
1.650975395489611211e-02
1.671769712911661682e-02
4.076638087179676462e-02
2.808904457005612781e-02
5.812081804234633074e-03
2.037948824268665665e-02
1.553296830560825861e-02
2.338830060559329155e-02
6.168969732348247859e-04
2.657211299990514669e-03
2.366671434753842701e-02
3.009755037456136092e-03
7.672424875576774016e-04
1.315287457323648622e-02
5.170044011522067356e-02
1.987049565219394659e-02
5.878641172072221477e-03
1.368669699816263408e-03
2.582052601645757131e-03
9.077954906529989154e-03
2.265544036447691284e-02
4.129423172809353754e-03
4.658925387817209468e-02
1.585892638461141105e-02
3.705391482388971369e-03
8.853590051861738586e-03
1.069322266006541601e-02
2.057228786130874815e-02
1.824803310217999134e-03
1.167697190261690957e-02
8.362705990790208349e-03
5.458067777294895589e-04
3.364661999268135639e-02
2.288520054351210128e-02
3.440908671202771302e-02
1.352439889244976337e-02
3.563520651251390892e-02
1.167400513220641922e-01
1.860181394783688019e-02
3.759269555398367033e-03
6.733993820568592858e-03
7.936546211741758727e-04
4.660866688426381493e-03
5.758764234653847118e-03
8.132527800036424984e-04
1.752272465701713855e-02
2.412971104549375967e-02
3.955764252535260567e-03
4.316908148559936431e-03
2.749619799864916076e-03
4.448775077923147400e-03
1.704352541657206885e-02
2.665910073434380606e-02
5.238856476610638177e-03
3.630977239568256715e-02
5.258879072826613821e-04
7.799966957286980779e-03
1.740733946297553375e-02
1.505843976067801349e-02
5.655516640195471477e-03
7.893996846645611604e-03
9.208287091561476179e-03
9.452656911538348528e-03
5.372062513690743085e-03
3.149180090173545055e-02
3.971194863835419281e-02
4.257928438054146836e-02
1.804651930975226942e-02
5.420602074176569807e-02
5.919022228614745362e-02
1.372392607793759128e-02
5.212484020349320013e-02
3.048731889509125742e-02
1.373788276755826682e-02
4.607243336846622225e-03
3.436079085431296455e-03
1.394318744542699141e-02
1.392167186609314343e-02
2.813421137725291218e-03
8.824127741291799831e-04
1.958351840364131943e-02
3.511159086492415468e-03
9.994914283403752431e-04
3.219438013006884446e-03
2.694284040520018852e-02
5.187368335484436599e-03
5.935031157381977576e-03
1.617596176395597052e-02
1.387144881739514612e-02
3.211143180032711899e-03
1.902383208435429532e-02
3.201244152251558374e-03
1.413828090829617702e-03
2.785359435345233226e-03
6.271927803838362250e-03
3.356213908040257821e-04
1.487397180897849979e-03
1.360526873803274278e-02
2.227061160806746709e-02
8.917823045601949369e-03
1.545368873875718925e-02
1.938088458149666085e-02
5.311311289090762597e-03
3.535203154673682846e-02
2.200035446722588273e-02
2.219464975797778156e-02
1.421075442260611929e-02
7.157974377483838566e-03
6.934845639064067535e-03
3.242655726858655833e-03
1.333353802047814243e-02
5.061040421683048879e-03
2.560481622442436350e-02
1.813466964335343906e-03
1.094360094613911101e-02
2.907877543968101584e-03
3.920782400331125628e-02
1.159883138501918362e-02
1.494258375386010168e-02
3.349313802816090979e-03
8.763838082856342804e-04
2.728164896804936845e-02
2.737898982335506409e-02
2.680442155464876630e-02
1.790692967236095666e-03
2.673041574074273060e-03
6.975198182433469535e-04
1.028822922444116127e-02
3.436939891829112609e-02
8.976373517323455939e-03
1.819542591370335027e-02
1.020577205965090412e-03
3.581013193092476114e-03
4.432909005383493112e-02
8.712747844845519785e-03
1.684848540696362758e-03
9.422597481952761991e-03
9.819768703983782279e-03
8.674530206951476530e-03
3.600665660717879135e-03
4.009506020942346302e-03
4.419608050963627632e-04
8.581934387883440041e-03
3.000159255860009380e-02
2.871580010911856107e-02
4.739552833987176368e-03
3.389848721657283404e-03
1.954751557345162094e-02
5.933803964408579379e-02
4.534361067743951715e-03
3.196004602725323329e-02
6.977610293122552682e-03
3.194635073205649017e-02
1.771560293510100748e-02
2.166744882289870985e-02
4.986746937099338639e-02
8.260339924436959497e-03
1.530062202179548496e-03
7.893043332590297945e-03
9.251939466663326728e-03
3.095257956477459257e-02
5.278655138822960224e-03
1.130544986820982388e-02
1.137707645840910047e-02
1.414314334369147150e-02
2.644258712182695134e-02
1.431862918736586179e-02
3.719955915223704598e-03
2.772992983083783641e-02
2.565238896340133953e-02
7.159474787814021357e-03
2.693159599023255135e-03
8.141771035100549975e-03
1.216107793363903171e-02
1.038303530345937448e-02
1.296195888783313946e-02
2.425402508958898057e-02
3.974874620668526759e-03
2.316018280393076362e-03
2.107377456859845996e-02
3.962153920473648200e-02
4.477710169236771495e-03
1.386934052742422492e-02
1.060786577976615894e-02
3.898442634723943423e-02
1.088935994334444719e-02
8.195377148435243914e-04
6.769662593428536768e-02
3.617394399503884306e-05
1.936189556241389807e-03
7.065270393615221377e-03
3.583808076872043846e-03
9.376559116187340587e-03
8.883388170252835142e-03
3.169128050180322620e-02
1.760046419600380663e-02
1.212804180245964300e-02
4.418807816855015169e-02
8.473715458164039413e-03
1.340535265952567945e-02
3.229077930178500967e-03
1.105584690186072264e-02
6.310800529589067134e-03
1.143302014636194894e-02
4.702135038285774372e-03
8.596736288760294109e-04
5.991233589469607129e-03
9.248416066827422691e-03
1.272927524999947768e-02
3.120521800295808588e-03
8.294234646425389934e-04
3.521060664278001517e-02
1.629831896978004013e-03
3.613987956796000864e-04
8.677564703399039125e-03
6.291316359305832405e-03
3.353452511589931351e-02
3.745000397775730822e-03
2.258281252835807329e-02
3.316713240415342795e-02
2.298593048460223498e-04
8.882252128559059434e-03
5.955887721447479868e-03
8.120612657919430016e-03
1.195687682804498671e-03
3.849448321008719712e-03
1.885953855731673651e-02
2.366282174055769905e-02
7.466679750448922993e-03
2.157356739140011206e-02
6.597624035813137028e-03
2.474889257757676916e-02
1.655850578796618650e-02
4.338317818058015814e-03
8.572052354272120464e-03
1.402878305942565143e-02
6.908195031589407092e-03
5.201647276298375887e-03
1.113671560265441784e-02
9.305434360045345549e-03
3.224814393818928315e-02
4.922012361958350360e-03
5.718203388508733692e-03
1.715892248316974733e-02
6.503788447884898370e-03
3.888533576772661322e-03
8.411024288282355904e-03
1.803786220028166624e-03
4.935462520863741903e-02
7.398504186199689539e-03
1.793482955135199119e-02
1.557164978879675005e-02
1.992017485425909978e-03
7.938010305099222480e-03
2.862273517208673707e-03
2.595374432406013024e-02
3.441444709528412860e-02
9.068609751996539736e-03
4.109369923711586603e-02
2.005904456018046955e-02
2.128651582048660812e-02
2.210159025916106496e-02
1.921431229719022804e-02
3.014994047610616498e-02
8.439459043734772598e-03
1.918276324824403495e-03
4.103084574310088099e-03
8.128457858317006401e-03
7.604466960305757486e-03
9.924576142506042614e-03
1.500194710468282823e-02
7.235507479662355371e-03
2.310822882645537958e-03
1.366140441306318634e-02
2.964632847040226619e-03
8.531407869195338500e-03
1.872432843083617071e-02
6.181201463194714238e-03
2.089242933713380407e-02
5.821213187308120832e-03
3.998792484975658562e-02
1.898616919385208435e-02
8.554260604478310451e-03
2.730949451978931936e-02
1.432869436251283171e-03
1.920298934778236905e-02
7.035256413226229424e-03
2.013167903191422081e-02
1.161307316836785244e-02
1.289797294291086804e-02
3.501420724798966211e-02
2.679405982229220856e-03
4.155215413253090899e-03
2.414180486882984769e-02
1.396206361219876242e-02
4.625595802331675110e-02
6.592119787756246102e-03
1.092635685846492233e-03
6.480115550696816107e-05
1.455187798706117190e-02
2.291545450401217925e-03
9.364269787373731904e-03
2.866084219030386876e-02
5.771169826046883278e-03
5.971951372647176653e-03
1.174225981211504156e-02
1.847864947883857620e-03
1.776413481994912683e-02
1.774648132537521433e-02
9.882082646048517133e-03
2.267756723666587357e-02
4.744878302073200771e-03
1.811298503570104440e-02
4.937220860543891331e-03
2.952704069302222734e-02
1.536007595035792164e-02
1.572490880507245239e-02
2.972770853508246991e-02
6.995098223924168211e-03
1.034871881777935793e-02
9.387875946861461152e-03
1.931886173181149302e-02
2.493977547885294077e-03
2.481733291761394414e-03
4.479974310020932819e-03
1.457635380076297525e-02
8.790947651295710416e-03
1.517875625003179546e-02
6.291448197550519178e-03
2.174367133701508165e-02
1.696092174926899093e-03
1.209401651439173837e-02
3.295823801430838168e-05
8.069355043268049144e-03
9.664512906903826445e-03
1.522583985287543490e-02
7.047912598888825611e-03
2.505317183200316423e-03
9.830375860969678067e-03
1.098016477954636208e-02
2.393085960067994206e-02
5.925776339807332233e-03
8.615073624893504131e-03
1.722417888668639416e-02
1.015861170330499726e-02
7.509438945251399947e-03
4.411726667601815338e-02
2.028469738460428329e-02
9.196515319241260755e-03
2.284074445612205295e-02
3.573289352468601507e-03
2.303433909650258807e-02
9.320452293650777209e-03
2.396735856404808278e-03
6.434032590828784454e-03
2.679552282463765894e-03
2.196382714582307150e-03
1.842134580907954511e-02
6.250401146089460888e-03
6.554201098306958878e-03
4.990488293523746496e-03
2.828391999663540379e-02
1.047432941450100220e-04
8.885138082194529718e-03
1.619826796913905083e-03
8.480479626051208239e-03
5.804219814769389328e-03
2.607171328793747578e-04
2.798826263105231790e-02
2.132929704021055417e-02
1.974074413174644119e-02
1.857131768452991577e-02
2.329534836219934041e-02
5.334826076632041836e-03
5.510099743216943791e-03
3.796143462449275575e-03
3.797991641576572812e-03
5.117271437483419776e-03
4.764580067336993130e-02
5.455116351523892765e-02
2.010489442591667508e-02
2.636584950952752804e-02
1.858935801320951708e-02
1.187211208341115362e-02
1.319906105683919459e-02
9.621169962784559271e-03
2.440361580335640920e-03
4.422543355289199236e-03
1.609783613517747070e-02
1.344421499855069299e-02
1.835797399964974111e-02
5.768150844533005694e-03
1.507023447962189434e-02
2.635716105661359970e-02
8.854028878941447300e-03
3.391401791460111476e-02
4.203329848661955387e-03
6.927021289628569611e-03
6.006631612844976278e-03
7.869443954442827127e-04
3.367859724279038958e-02
2.953792119967275920e-04
1.118666695812962908e-02
1.546141083344557479e-02
5.447260372425598296e-02
1.096826540228252461e-02
6.562928126026233711e-03
2.031038670410378541e-02
3.331585815497961449e-03
2.794340968210505451e-03
3.313034878839991176e-02
3.185641387196522234e-02
1.857374361556989040e-02
9.086173089998903635e-03
3.620838557768763649e-02
6.429761501466261728e-03
1.838675273439081131e-02
2.840460404646775452e-04
6.775089320592740487e-03
7.963847402182358190e-03
1.654070913826377262e-02
4.192413665856957981e-03
1.563178671787648910e-02
5.082726943791988222e-03
7.445174887542954645e-03
2.381249640868624701e-02
2.671342445974994942e-03
1.954492476111151580e-02
8.528241017996093104e-03
7.050513855454539243e-03
7.676113086482633588e-03
4.446989126378973409e-03
6.917493484313240806e-03
1.218090184261583914e-02
9.189807258074000895e-05
1.456010691133390045e-02
1.388362219891260511e-02
1.031288427879292584e-02
1.897985091439576694e-02
1.794598769800624313e-02
5.174494327731937043e-05
2.281606338266226747e-02
2.394217164786761193e-02
3.787605607688346310e-02
1.601810569065684198e-02
1.029086993040842501e-03
3.450253697406226866e-02
2.312868286492236053e-02
1.722827072196643147e-02
2.307136540083400134e-02
6.669170205175061275e-03
9.161887057025849823e-03
3.065218207346594864e-02
1.319850984838431135e-02
8.142299450688667353e-03
9.103747552541095051e-04
6.533376385998956350e-03
1.567189594468606367e-02
3.865918704318198340e-02
2.942757152612340138e-02
2.556750572650982184e-03
3.511119102726986685e-03
4.429841929767287800e-04
9.650169195776273773e-03
8.346751644086278579e-03
3.776128813812919087e-03
1.014984825670265170e-02
3.196311491672725741e-02
3.224297742744534206e-02
6.483944400362743124e-03
5.407692684768011793e-03
5.705704109305743954e-03
8.937138015881617055e-04
4.367020441734568992e-02
3.210376196676299754e-02
1.198782864876517251e-02
1.737786396889664381e-02
8.276002598034784205e-03
3.537043626768021642e-02
5.486517341958812612e-03
1.873813013056365578e-02
6.750705498874679487e-03
1.987013053202041010e-03
2.782210738604129485e-05
1.004089886954828183e-02
4.213460412094492680e-03
2.843801708553818017e-03
2.419710043289870216e-03
7.104257338142987675e-03
1.658407294106953658e-02
1.462887958138782592e-02
2.085110698092222659e-02
4.601857121577235255e-04
1.354569248088434083e-02
5.397731555099275803e-03
2.949457267305794633e-03
1.920702845888299509e-02
1.583881281461724938e-02
5.281937369619787472e-03
1.012545549973858927e-02
1.320015346825561577e-02
5.067435957009913498e-03
1.085152963244706385e-02
9.190231490846469467e-03
2.006279822363770532e-03
6.290057380344611648e-02
5.692014884288758986e-02
1.461212577650953907e-02
2.321670092544832545e-03
6.064778791239799210e-03
3.269829690839243241e-02
3.577027677814036220e-03
2.966069378946797116e-03
5.633676146125031134e-03
6.069795429195579475e-03
6.354523980217768875e-04
1.086054268665974550e-02
4.510137727174205399e-04
8.056211206722927592e-03
9.197442383263908575e-04
1.105351319178323084e-02
3.321348553920369651e-03
8.782277231745433399e-03
2.152443552340390850e-02
1.613637687095913903e-02
6.923804278658960906e-03
1.076255016150195511e-02
3.234844895675367815e-03
4.785836061677883196e-03
3.363722128524969379e-02
6.673863801823689407e-04
5.003343672937644350e-03
2.360249471514754699e-02
4.360028457505676740e-03
1.490969366059366648e-02
3.616567338393825159e-02
9.913875484846148417e-03
7.244837950059092313e-02
9.065459173757301620e-03
1.715906292492195076e-02
8.438924346001285340e-03
2.339441970148244815e-02
1.747832247011754658e-02
5.262317808809315392e-03
6.544626135277862265e-03
1.375457606872557050e-03
7.748582680592312928e-03
2.307838781487603352e-03
2.033639415875532208e-03
1.233780402650495184e-02
6.596043905712407202e-03
2.260693775454828205e-03
4.069958545258190417e-03
3.220579889092335668e-02
4.469083068484309799e-03
3.657711131890427347e-02
6.308355614183966398e-02
1.067317980748293087e-02
1.211170137309692564e-02
8.976102875343231619e-03
1.960743855848962047e-03
4.251251194822221885e-03
1.361726734535582788e-02
1.348128411633299668e-02
3.599226308047918932e-02
8.972496371349957672e-03
8.187760387134210630e-03
4.667712908595714194e-02
1.762803465229221406e-02
1.418327224790671449e-02
2.361634241682398529e-03
1.652073261014782093e-02
7.136228903717553584e-03
1.496054220480495106e-02
1.183466999517211737e-02
2.695797006535575330e-02
1.530522929955901307e-02
7.629644617800367817e-03
1.040470635913854497e-03
1.609817555728269498e-02
1.914577661565709105e-03
1.511271219890271932e-02
6.046723579592697996e-03
3.176074092018088546e-04
6.777864739144666244e-03
3.240973929457652281e-02
2.845964408134107546e-03
1.926547074523104336e-02
5.740342022941254119e-02
2.509551216802332826e-02
1.023698370453519392e-03
1.571496739538291720e-02
7.789756492151108172e-03
3.008095731237982184e-03
1.107130289820147141e-02
2.705350930115477722e-03
3.694180042537363595e-02
1.348406125846399184e-02
1.827563152623656526e-02
2.107926280949297751e-02
2.980926419579883746e-02
2.529010165568024160e-02
2.490070024095024197e-03
2.912678921012843564e-02
1.840274676712030932e-02
3.857146480306371250e-02
3.866601966864818135e-03
1.367955692071991421e-02
1.979663427527979941e-02
2.233538709907606501e-02
7.995492343193615764e-03
6.189255565644966040e-03
5.049769980913901279e-03
3.610402488900173353e-03
7.675254798696722752e-03
4.511604825681365949e-02
8.633111437182650061e-05
3.797923235994255745e-03
1.756414855730206032e-02
4.442147698465904321e-02
5.150766507995682697e-02
1.610339433647678398e-02
2.480092006849697606e-03
9.542309009859646640e-03
4.550868620168247065e-03
2.945887956110588169e-03
1.250869269469255529e-02
2.923730009320654744e-02
4.750176722810163336e-03
3.109529959639593943e-02
3.670384123188094767e-03
7.061851165488373938e-03
1.250192692249958021e-02
6.124308877373160417e-03
1.518470070658314158e-02
1.301161570213885468e-02
3.985128622387890118e-02
4.642693404558480286e-02
2.146414213745346036e-02
2.105959235367999699e-02
1.528574204882394635e-02
1.695941567692309943e-02
2.463263875045785395e-02
3.851398041881613429e-03
3.053196603120221508e-02
4.107076464138430250e-03
1.607327006847929750e-04
3.291530449076884163e-02
1.306128130417090472e-04
3.430688769570471031e-04
1.486257203618685657e-02
4.427252231435980373e-02
3.243584225797339210e-02
3.030943029480499817e-02
4.495272266649539064e-03
7.720723702404529154e-03
1.274182256920775025e-02
2.240018668729645140e-02
6.840546999272709150e-03
1.487557334964408756e-02
6.218965196775269599e-03
7.358245773422820990e-02
6.998228150624091759e-04
5.254032297123057554e-03
1.771146166495846108e-03
4.345563847024287718e-04
1.770610214702039026e-02
3.237012869159627999e-03
6.218366171439573820e-03
6.608459386125926927e-02
8.500896840042120040e-03
2.786028832474769096e-02
6.075849766247892747e-04
1.960787328319163469e-02
1.120406902271903031e-02
8.886387241910789075e-03
3.024695418812604550e-02
4.556886484813607238e-03
1.459275774127135987e-02
4.372304265787381461e-02
1.916607759729238580e-03
3.604649000594206676e-03
1.403897845259620067e-02
2.730835711377398514e-02
1.080889674720671850e-02
1.628426850845284338e-02
4.549053730791887892e-03
7.669950554585490410e-02
3.436970617265762418e-02
1.208848003979469225e-02
9.819488424661178966e-03
8.884543208149131566e-03
1.159511129717598864e-02
3.286536987280675587e-02
1.430951331028353611e-02
8.462338152104757413e-03
1.020669913322088534e-02
1.493142827963890237e-02
9.296721145351672516e-03
4.082744461005254066e-03
4.707708204752426503e-03
8.567668946203138569e-02
9.806159880692708053e-03
6.045587331565327460e-02
6.626988656303959419e-03
1.060686668290295939e-02
1.550494549475345783e-02
1.235393423698656623e-02
4.149645128567595875e-02
6.923395297230504689e-03
2.392783898986053023e-02
1.770659062457147215e-02
1.195688113799553073e-02
2.501549687305966961e-03
1.575280377981850069e-02
2.218710131689837634e-02
1.054067743967821401e-02
3.403162899987068751e-02
3.969074570461960522e-02
5.705884887524387272e-02
4.270704199480549607e-02
1.961641480552545752e-03
9.697232643240891181e-04
3.525981717898394457e-03
1.439811686845330826e-02
6.053808449713080075e-02
1.459433187402887910e-03
6.787760333933308410e-03
8.892149608772907318e-03
4.054211681096085013e-02
6.196818965605232696e-04
2.749016244026888933e-02
2.416981765065858573e-02
1.988958359597181591e-02
5.099617817866630015e-02
5.332174458293499619e-02
1.698702735922008253e-02
2.266468907426925222e-02
4.416143736985112672e-03
3.654367461508163661e-02
8.211596956899484823e-02
2.625036012800970736e-02
1.396019769722372031e-02
3.307939517765468018e-02
3.279344069709557580e-03
1.206235236760384508e-02
1.279836179893299730e-02
1.487613865074570267e-02
1.287903805030665705e-02
4.375594053338482947e-02
2.801462147369943381e-02
3.527079614865621937e-02
3.729267278628291965e-02
1.011660063969590032e-02
7.373275498657456788e-03
1.782694284789301462e-02
3.126276109505965808e-03
5.494736012592928501e-03
1.448235396930385582e-02
4.783755889285288415e-04
1.487384749310151008e-02
1.430023697108578039e-02
7.502973990666509350e-03
7.863336766608103323e-02
2.104609461509748813e-02
3.908013954912525900e-03
3.691448374776438307e-02
4.410419836987700820e-02
9.923311188619424530e-03
1.586032718437360017e-02
3.302683130923090129e-04
1.837749416096405575e-02
4.600224947136052900e-02
8.188073026053066528e-04
8.151016512922122604e-04
1.432611272945036839e-02
8.995088227911892526e-03
1.438203108824539014e-02
9.930039014958598476e-04
2.434940143165108262e-03
4.251692565218930658e-02
3.613983141483977091e-02
4.714073189377513545e-02
2.766029979758993784e-02
2.094052321109014791e-02
1.259587488941964553e-02
4.537246013947351941e-04
9.496982047020770257e-05
6.797005605618388832e-03
1.271062080567030364e-03
5.951166855069257508e-03
3.912365745315606047e-02
1.695946488085258580e-02
1.060183895530416448e-02
7.398665711868814346e-03
4.642471812574373163e-02
4.071828288396828199e-02
2.731676338492890904e-02
2.314016963782759145e-02
2.581011698965282250e-02
1.837784966060246328e-02
1.799652379343753134e-02
6.322369731830762216e-03
2.025773399126456348e-02
2.484292768320796319e-02
4.868409989717130057e-03
5.945046950023663741e-03
2.506365727922715142e-03
2.070128980225656098e-02
2.424967589486524966e-02
2.074072598372081466e-02
1.869450619277279041e-02
1.670499322694243491e-02
4.923049917748817395e-02
3.439151294141973986e-02
2.007895300254549167e-02
5.054265949895704255e-04
7.624486469134963279e-03
3.272427981125483609e-02
5.411494746309749443e-03
4.834994214706123117e-03
1.825791800182847979e-02
4.828080672809747370e-03
1.946914765983174742e-02
3.424710500035424172e-03
2.939923374696296748e-02
4.247863893535354374e-04
2.759842141247623865e-02
2.528919187315600489e-02
3.661571833492961725e-02
2.228303904850210959e-02
2.481580130323171596e-02
6.405873215955973018e-03
8.496376403631178756e-03
1.465925011300387359e-03
7.194524358584230769e-03
1.387414148066994785e-02
6.887263896883523417e-03
1.245025281674482648e-03
2.028714992934772116e-02
7.974949233362921275e-06
1.012861866936060756e-02
1.303248329843028144e-02
1.957502190629851601e-04
9.318331633645836332e-03
3.058329238218295693e-02
5.075850208607183417e-02
2.843293799715027048e-03
1.298085076957839618e-02
3.895619447992500206e-03
1.123413632889279715e-02
9.778547134937226604e-05
5.905494304555610613e-03
1.824430698806540560e-03
1.245456046371220746e-02
2.448040039812818258e-02
2.252451333309268139e-02
1.568806708199605576e-02
2.545918397079889898e-04
3.155313650870232578e-02
8.199435589911413524e-02
2.462041312209349575e-02
1.574653264677614711e-02
8.454887035450942001e-03
1.446756563111743776e-02
1.176767987412220655e-02
1.400757979384536448e-03
2.676913540231351182e-02
2.821744308862917175e-02
2.784917103039098035e-02
1.589969365135212101e-03
1.496439600221722427e-02
7.430648679912860155e-03
3.863198690365686472e-03
1.939448440696641546e-02
1.478795461902298984e-02
1.574033074791325246e-02
5.981644990719044847e-02
6.713968781380598438e-02
1.665722959356833940e-02
1.552144672312835531e-02
1.020846790191340858e-04
1.105147813044648434e-03
7.976035037875763532e-04
3.331207132848767669e-03
2.329764316952623662e-03
1.950307881499120308e-02
5.538966076841924518e-03
5.108769402718851133e-02
2.097266466858428019e-02
1.047067274434839400e-02
4.097648272924351437e-02
3.798436121615032801e-02
2.761247192131446870e-02
1.031855457886380126e-02
1.413131563570641132e-02
4.282231180371687262e-02
1.266866370901102538e-02
1.280238932704940227e-02
2.090721001627663528e-02
2.404770585407271788e-02
6.177704511591043668e-02
2.324605305172680950e-03
8.355661699967027387e-03
1.086920683745773442e-03
2.411353879597595042e-03
2.288886869981661062e-02
1.560049316945849932e-02
1.559066529464331503e-02
4.750435276773551027e-03
1.332187753247362355e-03
4.030354483508954283e-02
2.682722825641361067e-02
1.741395270634098907e-02
3.071841479224454892e-03
3.281123852602315510e-03
1.337866042405511449e-04
1.000524394922227070e-02
9.875885860745350908e-03
2.415490011508255458e-03
4.270998846447413011e-02
3.278471358646668082e-02
1.088960200661970648e-02
1.950791418205974695e-02
1.754255220140053806e-02
6.600627160777114422e-02
1.291181103274668951e-04
1.485352865545097947e-02
3.629378102015551333e-03
7.843900539356608859e-03
3.630212361027206763e-02
6.567508965557107038e-03
2.650898629311160271e-02
1.974507038525221900e-02
7.911835799327237954e-04
1.125539997022822168e-02
1.130511875040796435e-02
4.369995797309650376e-03
2.720854683424517306e-02
1.158098886895833016e-03
1.968565273614766159e-02
1.827707733268107981e-02
3.650341443974739440e-03
4.745113511174765819e-02
2.835495550190112596e-02
5.533788371567841154e-03
6.094033871402843548e-03
3.789032083398822387e-02
1.121909947163245505e-02
4.201643268873173423e-04
1.634605901478029810e-02
4.387904408963580645e-03
5.819819473930441106e-02
2.585356131592587980e-03
4.646476855781969673e-03
2.384875564354196897e-03
3.117701333281568815e-02
2.100659893651309063e-02
3.606109571753343679e-02
2.078948311170551039e-02
1.913885390517320890e-03
1.625082141592495283e-02
2.557130884214335945e-02
9.045086413758694766e-03
1.512577844438485475e-04
8.560248645721706129e-02
5.284856808332839134e-03
9.149351377302524305e-03
6.318443683641560005e-03
8.082101562446934034e-03
3.834797479963440725e-02
2.243612196083229204e-02
3.608444435926776855e-02
1.863971728489520474e-02
8.520066650087157467e-03
1.851475795184392634e-02
1.360171787870565613e-02
3.354117160433151782e-03
2.648398951627885592e-02
3.431397791473884788e-03
1.467395842791701689e-02
1.630264254376843219e-02
4.521346471389934771e-03
8.649117529474236593e-03
1.704563550460212393e-02
1.465019412573555918e-02
9.386703519352548528e-03
3.407436722223976602e-03
5.332767005516034220e-02
2.658536243557552137e-03
1.127136478859956485e-02
1.310034661045902590e-02
7.971746472911628301e-05
2.167331136280506443e-02
2.301423097691706818e-02
3.205871907740422654e-03
6.588786943244856475e-03
2.460249834995962420e-02
9.818477698745553539e-03
1.910571853061404082e-03
4.735681926544227024e-03
3.705608816879536749e-02
2.721885917327645371e-02
1.763484388072369957e-02
2.501206032022518927e-02
3.385517477158506150e-02
9.663297333258567823e-05
1.506865640904777801e-02
1.000256021907372332e-02
1.144666664809215924e-02
6.882068897661954010e-02
2.670940531951263974e-03
9.734756064978526691e-03
3.055748720763376558e-04
1.683317214763204936e-02
8.175485192559044795e-03
2.958232048669553332e-02
1.707066800932208542e-02
8.374938570630296661e-03
7.812710874357904275e-03
2.741121708597053439e-02
8.135367881264815582e-03
6.372212963206193986e-04
2.674270940906139232e-02
7.966345857254829299e-04
3.265695545411916034e-02
1.256722655203767851e-02
1.286388894277022861e-02
4.426809643749763865e-03
4.260361723224226349e-02
1.255164921190707328e-02
2.512702792885391362e-03
7.187604404999981683e-03
2.973800787795769646e-02
2.632206309480063927e-02
2.986100051530138876e-03
2.897206504514764774e-02
1.042716105828809213e-02
3.132423941950466910e-03
1.112799395576434883e-02
6.164453678987128968e-03
1.767609523556686740e-02
9.683936352070402973e-04
9.819200632450945931e-03
4.794237815839052369e-03
9.184044275035775987e-03
7.315221912729482495e-03
8.265633039325119211e-03
3.033574734915979454e-02
3.335816462662117426e-02
2.207733705592868773e-04
1.232146484120055611e-03
5.257119054287141824e-03
8.466316076676510399e-04
1.390956966549985498e-02
1.049318315097329257e-02
2.088501705354680466e-02
1.316073886659080774e-02
2.007481492136867045e-03
1.471987438940566828e-02
6.875432284322916671e-03
4.812953520862083695e-02
4.515579815369992478e-04
1.149978397583605212e-02
1.441886293274501421e-02
5.321695663264103954e-02
5.071251638879030119e-03
4.069902023101307567e-03
1.877069648501095492e-02
7.079962424983906114e-03
1.107544804816194134e-02
7.677941008703888931e-03
3.091063379874169764e-02
1.928105917907978889e-02
1.097103421931516082e-02
5.237239568061160915e-03
5.464843557311162107e-03
1.058815193346822336e-03
6.580228142347269854e-03
3.728119370323200715e-03
2.107242603701613842e-02
3.288183702257629210e-02
1.414585755364568612e-02
1.305134725115493846e-02
5.234048839521932700e-03
4.364124231097565171e-03
1.445264281035076558e-02
6.517372396709200655e-03
1.749942918736625830e-02
1.467927875819829975e-02
4.130186674122977158e-03
4.222675325476562755e-03
2.816848840239108073e-02
6.054939942384461593e-02
9.230237322875423089e-03
3.167912402671682615e-02
2.533083831139217382e-02
5.227934456722753420e-02
1.283253491422194775e-02
1.462521841049084156e-03
1.442445716023970162e-02
4.169721198530183109e-03
1.338465381161809548e-02
1.167375572621364224e-02
1.165423984152168420e-02
2.935628040820578710e-03
1.626111295324203163e-02
1.059830723678157824e-02
2.436295625904282176e-03
6.622064373787393821e-03
4.827553955830989063e-04
3.939159656820116762e-04
2.445928866584422962e-02
4.322230192110473879e-02
1.459316848299065626e-02
1.504589995293660609e-02
2.344080564875454520e-02
5.636578410343692780e-03
6.726184730606446505e-03
8.878693784487752538e-04
1.781932267842389200e-02
2.462361123101582897e-03
2.397813119639025190e-03
6.346140519623276813e-03
3.067940308797248959e-03
3.665758593653907493e-02
6.334638242184503776e-02
6.646466742180722441e-03
9.501820702825555798e-03
4.802148223095664692e-02
1.676473303799956484e-03
1.698115684696852035e-02
1.029897446889079318e-02
1.076583690970549755e-02
1.447392043801435518e-02
1.788149035102090667e-03
1.797908866082498225e-02
1.154626761110912536e-03
3.087910461538154530e-02
5.509348236980605995e-03
2.758665651877580810e-02
1.191196201688827019e-02
1.195440840355081833e-03
6.011382934470935538e-03
2.501105598038724093e-02
5.506307736251790652e-02
1.066755771345565332e-02
2.230963169170652877e-02
1.692877902100184059e-02
9.992630959458445594e-03
2.169210602322069886e-02
5.306577849172291333e-03
2.542185720479676544e-03
4.827375477294815719e-04
6.401318391689277826e-03
3.028308570325287385e-03
2.162516689372282613e-02
6.209786416877268941e-03
2.425254508336632808e-02
2.258496210128999038e-02
1.046243048891412272e-02
5.327202519246883837e-03
1.219317471532888400e-02
2.582710124679976627e-03
1.963530276277465755e-04
1.761686899926621225e-02
3.799389501513065689e-03
2.202126821685497851e-03
1.168314959667784460e-02
2.139604754802229211e-04
2.372447489499266565e-02
4.435403825803367617e-03
2.965700602038114087e-02
5.253007985232417860e-03
3.305672982794299886e-02
1.490449539875009916e-02
2.181161823724065557e-03
1.893017710409785129e-02
1.289844867214810613e-02
2.293458608953535122e-02
7.763625876863565825e-03
1.071395144284351120e-03
2.316129663533874478e-02
4.088061123828630114e-03
7.602767206975821757e-03
8.548198204089370311e-03
2.412627154361406557e-03
2.790343470599603373e-03
6.123154872501048417e-03
5.679700537543675570e-03
1.308878324974081103e-02
2.257842703435832682e-02
8.771190557271303645e-03
4.432021581027828895e-04
1.569844620917786038e-02
7.861231820608700557e-03
2.545603664233063446e-02
1.531072823175694264e-02
4.366465987049511499e-03
1.284052581894282175e-02
2.254128602839764600e-02
2.717931263302546252e-04
4.881237657735031099e-02
1.181812642728221480e-02
1.994463257458320773e-02
1.507232271443618640e-02
3.671838447183273929e-02
6.862768259610799171e-02
3.896665400530643052e-03
9.835478672961413954e-03
2.009891364507492700e-02
2.776607604279764802e-02
6.786263384577559746e-03
1.705595635887686111e-03
1.139165842144951486e-02
2.816807519638949223e-03
1.900973702966288550e-02
6.260441274719783650e-03
3.453265732961674495e-04
2.273547812244154295e-02
5.527923924068135070e-03
1.575963381927296316e-03
1.988185208151716996e-02
5.234368338836031809e-04
2.548540024553308785e-03
4.843788412744344692e-03
4.671880190637561076e-03
9.665733515081557838e-04
4.411792112625061851e-02
1.801769221474702753e-02
9.558325575190082524e-03
1.014675401432445570e-02
4.720683822435465041e-03
3.814114629804694900e-03
3.787027850414900060e-02
5.994696133945816990e-03
1.468498972958023549e-02
5.816622630686179088e-03
1.444202988169441398e-02
1.365636345137285004e-02
6.651174485798549106e-03
1.719956581144558086e-02
2.190986578482333018e-03
5.480710423336455916e-02
2.750528510397680631e-03
1.600497757482492733e-04
1.429806265628809359e-03
2.367098840981568877e-03
8.163997170829658673e-03
6.468093450544465731e-03
6.838469010612998125e-03
3.036404456881314391e-03
1.816304533759697040e-02
1.851193471752797179e-02
1.792182254617438047e-02
9.039985414544695827e-03
5.727805334705429914e-03
8.888074910895941289e-03
1.239733173544318653e-02
1.307572066581141890e-02
2.283997814607810484e-02
4.188236590601569082e-02
2.304817096767540485e-02
8.613038044921323549e-03
2.329374179168622327e-02
2.033508470095432216e-02
2.519870681107817117e-02
4.428810746914986496e-03
1.921913153168905777e-02
1.148931802078398011e-03
7.323022731881810576e-03
1.462314710810139542e-02
1.222663724724646316e-03
2.704596692568227503e-02
2.109881497914306570e-02
6.232204990015606516e-02
9.997852295672397804e-04
4.467883398187689169e-03
6.782617388110252603e-03
1.753378929466341621e-02
1.627220873660655941e-03
1.988536393857799969e-02
6.164517860871735443e-03
1.499618548371455320e-03
5.525740157915189077e-03
5.421361790937900653e-03
6.809425524381620617e-03
1.087761227437653716e-02
1.286898302972536330e-02
1.012932908218040426e-02
9.085608484400105322e-03
1.046093457707505253e-02
2.096351896250948227e-02
3.041163864683737311e-03
3.875969456632594873e-02
5.768071698104768052e-04
1.210772310315270592e-02
1.393125220051768046e-02
3.014561951345168245e-02
1.143706695154218106e-02
3.259713180083039646e-02
1.121173880602990836e-02
2.068473665958468072e-02
1.032806234156380745e-02
2.206326066134473539e-03
8.363246041255295582e-03
1.087305286213170394e-02
7.213882596329841690e-02
2.106894412763067950e-02
3.157660898209972179e-03
7.051218881283477340e-03
1.130607097022546213e-02
1.461648053527329558e-02
2.616788054529747137e-02
3.724799203355580630e-03
6.491594704118152509e-03
1.063360944498593051e-02
3.983317785917769339e-03
4.825551850410059185e-04
4.279424267881212773e-02
1.032675087891738591e-02
3.828966039788557485e-02
4.152332152302300877e-03
2.712170917036512557e-03
1.550052895628220573e-02
2.071515818547987539e-03
1.422330805074487059e-02
7.335594342239580394e-03
5.325573327934814832e-03
9.110637900433815606e-04
2.218408048279604111e-02
1.411183097589974395e-03
4.207869302900493769e-02
4.032204367812398244e-02
1.862629443491506734e-02
9.283732741902400026e-03
2.059336508299640378e-02
1.265867013539065389e-02
1.614945799548284447e-02
2.860142438570263679e-02
2.022759037054780440e-02
1.828706804911212416e-02
1.735481518550942293e-03
1.080743723889768769e-02
2.912171940198558795e-02
2.468597905391687469e-02
2.257053177323933152e-02
1.443114130046905738e-02
3.060634581813423405e-03
7.120228894492500182e-03
2.951922181109750947e-03
5.386056105608998112e-02
8.566917751283932916e-03
7.220206403377657511e-02
1.945206502067409540e-02
8.470547090918201932e-03
2.591533834640082079e-02
2.298270848526334960e-03
4.032415594094437838e-02
9.428559907304630283e-03
4.535539118256060216e-03
8.493796490239215614e-04
1.560068037401024510e-04
1.485956511910285945e-03
1.347361715256483600e-02
2.686290647182975472e-02
2.621691403808600052e-02
4.712165609824523621e-02
2.749150182016967675e-02
8.245773641238844653e-03
1.769677359310194154e-02
2.594141525869533144e-02
1.667407215660687836e-02
2.223044380808556972e-02
4.027243611328081702e-03
6.335921461470191487e-03
8.146537873857205916e-03
2.245315334531604312e-02
1.011233477900574940e-02
5.288849310337637513e-03
5.115327199121239704e-03
2.711469936810472284e-02
1.298725217795956670e-02
4.669090927535837765e-02
2.534643469095997775e-03
4.521564426490465305e-02
6.368455609820797454e-03
2.426067604219444077e-03
1.299107856914880066e-02
4.544828400529853096e-03
6.717311730160839892e-03
1.616154114343787418e-02
2.342530928942457465e-03
3.535801122039404498e-03
1.073963124598208314e-03
7.589071277411808120e-03
1.531611418491432564e-02
2.551878308105139798e-02
6.384289008566966170e-03
7.261447008081314131e-03
4.817200974745895065e-02
3.849631318149512437e-03
1.357256393288110846e-02
2.013014010873598325e-02
1.598096617581770684e-03
1.091260662127791110e-02
1.987522069366670641e-03
6.452657545512677228e-03
5.890631470774503053e-03
1.686786974859171701e-02
8.425252881461052848e-04
7.423364701626534654e-03
2.186313470279367330e-02
1.253892809862794389e-04
4.638394725696286594e-03
2.499620969086409350e-02
8.349790191019629748e-04
3.001381028751309160e-02
6.522708331837950672e-03
8.968173246383826392e-04
7.257380150276437035e-03
3.770666237830016306e-03
1.345961151844464465e-02
1.394465694788280148e-02
3.700606085934971760e-03
6.080928363475880671e-03
4.134358117370430519e-03
4.261323852128334061e-03
3.962110708770734402e-02
1.310492804378731065e-02
3.091292524592549346e-03
1.309203286376684448e-02
1.450303483324937373e-02
1.263827264682456340e-02
2.917153958826414553e-03
1.754975275750715949e-02
5.494762240585078159e-03
2.595513457379591479e-03
4.990370036481252963e-03
1.364971620638222652e-02
2.203671038947875669e-03
2.369104610586728055e-02
6.521744811668130602e-03
1.805511970548758643e-03
1.552570139873815994e-02
9.498791263643913477e-03
4.882985260953377760e-02
5.299228571259567699e-02
1.522616884858638041e-03
2.130271960651184196e-02
1.128885029264160497e-02
1.641978433651338984e-02
7.638533255820549941e-03
3.219543879650033427e-03
1.281999075079792889e-03
8.800974787693434387e-04
1.151702708198842212e-02
5.124535096167510961e-04
7.958185654002341430e-03
4.257491193714602051e-04
1.250929904439714545e-02
3.742687250528840479e-03
1.314313778827544237e-02
4.110411331212929925e-02
1.571236643810444700e-02
1.316854738320522716e-02
1.629142907376492934e-04
2.716368532106058775e-02
1.299301710730080273e-02
4.093817730325488916e-03
1.371588952389376712e-02
1.628417253655521993e-02
3.775266548942630279e-03
2.103889285339119800e-02
9.583724642279614972e-03
4.283283761709454768e-04
2.838452342498999637e-02
5.086748620682427207e-04
3.213179070452949065e-02
3.820439245513458648e-03
3.814824781247763176e-03
2.008876198935631921e-02
2.051821755018329307e-02
8.225811862166284086e-03
1.282601573834521967e-02
8.100713420950214627e-03
4.468562848527888286e-03
7.331900455596437882e-03
4.716528712094531645e-02
2.569455949681164874e-03
2.433034550132191082e-02
6.050270414681677188e-04
1.347109062367773426e-02
1.293310810366052679e-04
1.696896212981503088e-02
5.055472408371869397e-03
6.227403535999617365e-03
1.306409641667031010e-02
3.476796400259667304e-03
2.269736646968840543e-03
1.342461108161851525e-02
1.475392605959040954e-02
6.177931796027803790e-03
4.144120009770805961e-03
6.210155592554333047e-03
1.739062172058741806e-03
4.402210380826637043e-02
6.510538327808203934e-03
8.076356527200075075e-03
6.772838553212353306e-03
1.806063764846204539e-02
1.368152200962430374e-03
6.104479480946968344e-03
4.550148199563282259e-02
1.653860484096318639e-02
8.308305568088484444e-03
8.188337105997560081e-03
1.388621852922340650e-03
4.581403884249711164e-03
1.561045051464273609e-02
2.517222021554696432e-02
1.094057288415020875e-03
7.226677293777794553e-03
5.086043394706886260e-03
2.563418682082958290e-03
7.805892021861778052e-03
1.205072751894707174e-02
1.671655281182857136e-03
1.781107819943745585e-03
2.262698739497029377e-02
2.851989474928717100e-03
4.659732996926798688e-03
4.278204934730451409e-02
3.116233816093869416e-02
1.522881726378802134e-02
2.630241816258468979e-04
3.094330788136045313e-03
4.362289540900211871e-03
3.289190396749380740e-02
1.459442795608870830e-02
1.256988096369683443e-02
2.588099107419358086e-03
1.491001797391845393e-02
5.858676077756357070e-04
1.378401701043008645e-02
1.219338090845897490e-02
1.306379063285712482e-02
1.630772955260563484e-02
3.371245278123541703e-03
3.026388729293545774e-03
8.515559256825989964e-03
9.477797881923443607e-03
2.990440364918078853e-02
1.137782963649836953e-03
1.411427755557259807e-02
9.607694352785703384e-05
5.337771136038733932e-03
1.110820538359116177e-04
6.739992178460524992e-04
1.603335033372969842e-02
9.637438101440460106e-03
1.081040571338933928e-02
1.921298108380212200e-02
2.949949388000105283e-02
3.616379802111992225e-02
1.888134623139316876e-02
1.281633310767253328e-02
6.204502915128932462e-03
4.974910063325192235e-04
1.083450143944195490e-02
6.995373762728416926e-03
1.400644806032318949e-03
4.074019483521196944e-02
2.933525422499597135e-02
8.298275064206012824e-03
7.651961822816942711e-03
5.968744960762813710e-03
4.228387453165345644e-03
2.729003095667546439e-02
1.383846104010513604e-02
1.436799617848835524e-02
2.120468249439960359e-03
5.559225230925243441e-03
8.465341757464750136e-03
2.926671657417674599e-03
7.233702826934884991e-04
5.902882954437041474e-03
1.933995933037363502e-04
7.309568441929214372e-03
4.119824128260946364e-03
1.007077884798053199e-02
8.829585814291031343e-03
4.142067347853883863e-03
1.592448477677810975e-02
6.047615540334849889e-03
1.543552535616592863e-02
3.695667343825409512e-02
9.150059049317040352e-03
1.269467076453987750e-02
7.631223563784252269e-03
4.431072991567440444e-03
3.232094426797285647e-02
2.864618703517983478e-02
5.642205557441094116e-03
3.065875753518383651e-02
2.170093987072784641e-02
3.794224042352520483e-03
1.126154359016841300e-03
9.015616701161015267e-03
2.064991726075998332e-03
1.093485596919989075e-02
1.114599105849121800e-02
1.944441348202038261e-03
1.388216051728603448e-02
6.215354764248132852e-03
2.401137553398141264e-02
1.074982489911967612e-02
1.846883987116509224e-02
6.798522773769827277e-03
2.725297259335058859e-03
3.732007557886031501e-03
2.085149419621769307e-03
9.235498500391427917e-03
2.949209250266291577e-03
9.436220725897689551e-03
5.792396416618483118e-02
2.038306507275985252e-02
2.140277958617490400e-03
9.898738300870502799e-03
7.911696203624974701e-04
5.473879308181382394e-03
5.747360245893820031e-03
1.773657765680494800e-03
1.567407773248172959e-02
1.131141285907587279e-02
8.340743529881530435e-03
2.184827657558088831e-02
3.191911745875837536e-02
6.622235165181255580e-03
4.757776670905631416e-03
3.004915153242641163e-04
4.346793999059083563e-03
2.363250702163879197e-02
4.168756513210952058e-03
1.516540281688092372e-03
3.598731222179068351e-02
5.939500857840109178e-03
7.203296461972032334e-03
9.293927453370827430e-03
4.077400826905136499e-02
6.811983466690537531e-03
5.499133398461855324e-03
6.241471950799963239e-03
1.523153390164231832e-03
7.877610883280906917e-03
6.365336162774304536e-03
2.114718208563831983e-02
3.031618518229170153e-02
1.533973951527515048e-02
7.039183902826980782e-04
3.950002498474259466e-03
1.698755453618061226e-03
1.331071594832839225e-02
8.104234612041818359e-04
1.022976506471493744e-03
5.532736760734491277e-02
1.419229625908443974e-02
1.006786533221735828e-03
8.036699675675348584e-03
2.356336572758966144e-02
8.686895028983914260e-03
8.187204120406469526e-03
9.730291978441063701e-04
2.792942815558428597e-03
1.903757156924902952e-02
2.630373825030375354e-02
3.564163421926771699e-03
2.985697760866760919e-04
3.030548161411857934e-03
1.168613844350270894e-02
1.900419210606964573e-02
1.919193884139363745e-02
1.556962215319990239e-02
4.812755172630845540e-03
1.033953255866814844e-02
1.973416689917639050e-03
9.831009409791667542e-04
1.004657998285586086e-02
1.325013406858978164e-02
9.076248256255185776e-04
1.126177807946936171e-02
8.194472380817649504e-03
1.069497501521615886e-02
2.127383934582376471e-02
2.240927171952159305e-03
3.257349146183313813e-03
9.354557256178702707e-03
4.634662638759965564e-02
3.979308909791140492e-02
2.842680959244595421e-03
6.047077999487934785e-03
1.325173222262292574e-02
7.513030736574045215e-03
4.802446609861557233e-03
3.146917811546621948e-03
4.773270791067448990e-03
6.680077408517668888e-03
2.996774684494803859e-02
1.081061976087974164e-02
5.830880828421743621e-03
1.120157967074887281e-03
6.332455110169136689e-03
3.841729955434671634e-02
6.176479794018277687e-03
4.015376136543645502e-03
1.202244269366386023e-02
8.745286626763043060e-04
4.827436090585386468e-03
2.674620964259721932e-03
4.048304611309925388e-03
1.645980209118724780e-02
2.553751572316268967e-03
6.242857559142768638e-03
2.797713480533054603e-03
1.393164403595644092e-02
1.607611919422038266e-02
2.328476928130950030e-02
1.333471221733195308e-03
3.291743164634836072e-02
2.629022010584033259e-02
2.660688499633457466e-02
4.766140808633892792e-03
4.347393234010316944e-03
2.136501551558624493e-02
6.585941076449393361e-03
2.141720305655885059e-02
1.997632804644480786e-02
5.895954358665769085e-03
9.093974722026373914e-04
1.432671748754548585e-02
1.094318328009269772e-02
1.285279934997891546e-02
4.928763979076666163e-05
3.240276363167220956e-03
3.682807998772026636e-03
2.493643674864422927e-02
2.595650637621078893e-03
3.861936524140358994e-03
8.184267715554183892e-03
1.197156180997350008e-02
1.662425542572476544e-02
2.221913206807472028e-03
2.212198454967947286e-02
2.640880967461491091e-03
3.595716977822801998e-03
3.564774907316423970e-03
1.114327726339838301e-02
1.166263498020296725e-03
1.840950306140519757e-02
3.332206728027190066e-03
3.547554361271898493e-02
3.470127813531075772e-02
3.001282007803057067e-02
1.677767889237764733e-03
3.581393143839404353e-03
2.032522689397056603e-02
7.629534852125864977e-03
2.649427875457895185e-03
5.284002409562896935e-03
3.485816581015672294e-03
2.670241457054028586e-03
6.844188424365656512e-03
5.149566643608563532e-03
1.649318594191393882e-03
1.295136096729140873e-04
4.034862833272652438e-03
3.561539516667183713e-03
7.802193927808988294e-03
2.206940730849387203e-04
1.733248501960283489e-02
2.484217268436708995e-03
9.308840907469974682e-03
6.421213019440441712e-03
4.604164055002852099e-04
5.171735073855713433e-03
7.397913136905792143e-03
1.231900215322175897e-02
2.020743814153659612e-03
2.019591416376551735e-02
1.657107759097750915e-03
7.509125407334091978e-03
2.308446621332093870e-04
8.127821174840243329e-03
3.128566984983711941e-02
3.531246687904545517e-02
3.015871425299104357e-03
1.770722890450525996e-03
4.673038568135490928e-03
3.997114511008274113e-02
5.981977471133548274e-03
1.011658178656875580e-02
1.535119450599679511e-02
1.716124521967260508e-05
1.995648033507655544e-02
1.970715507347656908e-02
3.593343119433311909e-03
4.379075523704981793e-03
1.763242303465672317e-02
2.264102342095418441e-03
2.709544070140243802e-03
2.297900340900908486e-03
1.361077957218580214e-02
5.317743020913741001e-03
8.913486558559466019e-03
6.995055734460062236e-03
3.629161434437491729e-03
5.294942007506211329e-04
5.392479668270965670e-02
2.986446366982399570e-02
3.493255174490901560e-02
1.606010167729991431e-02
2.025882368159094039e-03
6.918415191320088919e-03
3.556967650555879421e-03
7.637594907094508168e-03
2.895910908207490961e-02
4.518052295328003898e-02
1.795704102552238973e-02
2.187250852710848070e-05
3.664930599266046779e-03
2.877363204211005887e-02
2.045402575032836436e-03
1.014971607904180742e-02
4.247404786925592160e-03
1.322497153615978180e-03
2.854610632025770395e-02
2.289536858394207106e-02
3.075128261239561990e-03
4.414671833105543106e-03
1.046565587954417093e-02
8.269567567723037221e-03
3.558649878909294403e-03
1.791864784594704961e-03
1.448117909704619080e-02
6.448073048659106604e-03
2.726018676081037179e-02
1.695135452763974968e-02
1.587725050080988909e-02
1.025980102968944430e-02
6.645329516273104642e-02
1.720097111820233053e-05
1.357959673779082083e-02
1.104142544007165501e-02
5.281814696932719995e-03
5.437523601846544485e-03
3.848863774612075982e-03
1.978896245922305043e-03
3.857757377551267186e-02
2.704778532583566875e-02
1.755945660719464285e-02
8.779732627610470699e-03
2.796040633817763535e-03
5.242655188583662806e-02
2.292495905480569293e-03
1.201996153203270870e-02
1.572864917127361067e-02
2.802049508742611005e-03
1.907431497476057974e-02
4.193429993038497172e-03
1.390503429660024104e-03
1.196873882103441887e-02
1.069790171982967081e-03
4.593480981617730288e-05
5.189249067493763995e-03
2.880065579962331861e-03
3.596500063852280105e-03
1.905582231115127969e-03
1.607061177680657593e-02
2.405909818533170236e-02
9.611203441991345020e-03
1.616886542515086345e-03
8.115543259543207821e-02
5.532189000606565002e-03
1.634553338370500764e-02
1.448896415061477587e-02
1.960758651366808353e-02
3.146913418185651786e-03
8.883172723822102892e-03
7.119928261591565444e-03
2.104735855153687385e-02
3.093869790759343902e-02
4.673527252643848787e-03
2.451475110347232055e-03
1.005128486304404612e-03
3.277636785664850283e-02
3.922172097557549697e-02
1.238138447633106883e-02
4.941773951390802076e-03
1.571595602360810820e-03
6.282527226259487785e-02
1.497311326823149401e-02
5.648732733209777673e-03
1.239957259441522471e-02
1.517711724426525598e-02
9.025317573172018243e-03
1.298851357935335623e-03
1.094649446102152583e-02
9.588990880625043733e-04
3.441255780440148973e-03
1.625934730868694444e-02
6.595117694766536136e-04
8.930987256707434430e-03
1.375564523682639914e-04
2.940821458573912237e-02
4.236494119664029057e-03
2.883263299464141477e-02
1.168690316519895717e-02
6.655900594240884982e-03
4.839730930039237017e-03
1.544634700715540043e-02
2.325079523903890791e-02
2.940854755763070913e-02
2.155171593791100834e-02
2.610400212140411708e-03
1.416230587747981280e-02
1.872312653292521750e-03
7.733020334523603434e-03
3.779467629874784518e-02
1.594008638064365463e-02
1.151177882778678472e-03
2.973391510607295563e-02
1.520640213444393943e-02
3.665796471728328954e-02
9.619477160373148331e-04
9.954488327566762829e-03
1.882888216536343640e-03
3.199174623908872944e-02
7.636210541362644863e-03
2.041328412003264731e-02
2.476752013314819506e-02
2.297912306864298773e-03
4.810458652962196213e-02
8.539013679889247144e-03
1.576123027314277336e-02
1.461047207297245208e-02
3.189878630140337637e-03
4.561841032234273917e-03
3.226914860220444787e-03
3.353254397177742908e-03
1.819016003015568386e-03
6.085634726380620071e-03
4.964214829473682228e-03
1.150586379545252315e-02
1.199553142422793255e-02
2.372590882723757746e-02
8.618052448298352611e-03
2.836326366373078875e-02
4.575257354120598405e-03
1.364274989701261785e-02
4.775835439498715695e-02
1.381711433221889315e-02
9.577822566387145242e-04
1.161102441433944574e-02
7.409856989566494107e-03
1.207866792868566436e-02
4.382382390430818522e-04
7.502276753036836443e-03
6.235630629767481038e-04
2.184813385519590243e-02
2.521661168371381462e-02
6.726112684823959062e-03
4.166389161583875650e-02
7.017628079165900978e-03
1.841780439049382073e-02
9.954287216935897228e-03
3.530368641828942732e-03
7.119635207692301751e-03
5.429393420611679406e-03
6.040935084245643329e-03
4.596031356941743945e-03
7.221033856086588737e-03
5.857573872420402013e-04
5.667929488597863059e-03
2.507265135275819207e-02
1.248691105222887558e-02
3.002588161274479667e-02
4.497082996496995499e-02
4.638959911092407906e-03
1.670048997624730761e-02
5.048499408325546681e-03
3.048874274872437340e-03
6.616335141119400465e-02
1.319770256671048275e-02
1.038418296100599575e-02
2.133828460391706122e-02
1.812596617969173055e-02
6.958694478923931406e-03
8.301318007335137944e-03
1.930816188913126591e-02
3.084061111696438651e-02
2.032551078131940997e-02
1.921610940543783813e-02
3.556701382319320953e-03
1.858036034436395117e-02
2.062545189225980201e-03
1.369756669059629672e-02
4.097565349273190466e-02
3.814392544476897379e-03
1.943802846746516336e-03
2.040570238361030363e-03
8.115876661389820682e-03
2.179250808085006659e-03
4.758604571412282554e-03
5.842210829927925453e-04
8.839046176870360080e-03
1.032992454338296090e-02
8.454162655331528067e-03
1.966826297296869752e-02
6.423884831939929638e-03
2.036201070575225855e-03
1.302974530554470815e-02
1.839472873697960836e-02
1.086888013464363568e-03
2.972263339838155521e-02
4.858174836898994267e-04
9.607236476495575536e-03
1.022735916430091846e-02
2.745880941359741048e-03
1.531170682096771526e-03
1.149169765005666512e-02
1.384086864676684243e-02
7.548974002183013281e-03
1.145080721045007612e-02
7.547720887000545012e-03
4.475311710261716674e-04
2.625873452582676640e-02
3.865390160966337280e-03
1.651930464078669655e-02
2.148809649905586427e-02
3.225070471173764088e-03
1.470526189920386487e-03
1.421733950701237897e-03
4.614808524639992448e-04
3.224862303810631815e-03
6.288338364766726460e-03
1.614003282436030778e-02
2.702215447242277066e-03
8.099821826321879081e-03
1.000479029294473396e-02
5.700337910677859277e-03
2.185682211351055570e-03
2.175404360041639090e-02
1.007847559363862604e-03
7.417363743659179109e-03
1.210383798956114927e-02
3.495706327206686559e-03
9.640635444918966949e-04
1.095767804771987930e-01
7.341640322829218190e-03
8.498892114097919559e-03
9.661771432243562328e-04
3.413102586047453944e-03
2.057967213908942078e-02
1.156599205624745004e-02
3.598809307856268812e-03
3.772326673238009936e-03
4.297215041024843307e-03
7.910918540494096818e-03
1.655094970876117011e-02
3.498960365621637397e-02
5.214739828941413260e-03
8.625993500411288997e-03
5.216911334551526530e-04
1.194438559355720519e-02
9.104776647449394633e-03
1.452502859279383371e-02
7.489257163451588234e-03
1.060327368038014965e-02
2.398864614378879920e-03
1.006664068753043532e-02
2.335106469766938531e-02
2.644658077869330159e-04
4.954780098459564061e-03
6.851772994765274391e-03
4.663877765104176495e-03
4.667862259317391571e-02
5.238377935341100369e-03
4.170379124993959727e-03
1.028381705264706097e-03
1.699684559402635936e-02
2.128466919540750700e-03
3.049632434444746187e-02
4.816391528029498326e-04
1.114785965687848171e-02
3.172324169198159627e-02
1.163836967370204464e-02
1.346028126597042292e-03
6.723141778523818515e-03
5.615361580599291871e-03
2.760398878010559935e-03
2.578521491858883075e-02
3.685803313713932605e-02
6.480110619666945224e-03
3.311833954959414461e-02
9.341756007760430858e-03
9.672223270031079720e-03
1.145761545727229380e-03
1.220539768819654987e-02
1.255830564439208014e-02
4.950100111208006332e-02
8.864398892165196867e-04
2.874723928375265067e-02
1.431834745596547581e-02
8.401797591413196972e-03
8.013826641696026112e-03
2.152568993448275569e-03
2.029808063243924987e-03
1.485984336985533838e-02
9.082094221836050155e-03
1.979802552438202079e-03
2.188158907214607200e-03
7.984298430516897915e-02
1.357075270721319615e-03
1.605301279094589056e-02
8.575204444939362597e-03
1.897437913716843241e-02
2.145769841144938572e-02
9.730435940069420697e-03
3.750825939176725271e-04
6.785076622713090422e-04
4.905212763407131721e-04
3.878835480647082647e-03
3.707694895568057480e-02
1.458795563020783698e-02
1.263990816892109764e-02
3.185215295577479427e-02
4.106322832608344173e-03
1.946900278113397609e-02
2.939515592875101627e-04
5.759790604273055947e-03
5.938565113485419662e-03
1.288178168838877841e-02
4.180426641523142875e-03
2.342308874344865149e-02
3.191388163027339322e-03
1.672462282949863446e-02
1.120815669105815551e-02
5.661497015012902090e-03
3.716701458712785844e-03
3.538051733106241034e-03
6.073568305709040223e-04
4.474723244895647926e-03
1.004548468839317095e-02
3.596132877865563376e-02
1.150016473970147217e-02
9.551497746223075458e-03
3.049948407043402698e-03
1.363397733925353003e-02
2.792742973323249223e-02
3.082940739510420941e-05
2.085164726972002849e-02
1.827705553460313298e-02
8.849305992143768201e-04
1.058855479482596895e-03
4.152468931628865503e-03
4.997406523454376442e-03
2.732572727248378658e-03
3.113314764735075624e-02
1.709768095822854911e-02
3.423202953850106728e-03
1.817167037500878879e-04
5.296909882159101662e-03
2.901910324415685194e-02
2.496058022805502496e-03
5.240424075667852663e-03
1.983037370467723159e-02
3.371672800458903191e-03
3.703236804082463834e-02
1.862907093526152118e-03
1.992959721935557219e-03
2.126384187462812200e-02
6.366718127564752541e-03
9.152384138701244454e-04
2.834664208530861609e-03
5.572021768819995433e-03
2.610583912357644296e-02
1.288615638458658064e-02
6.897727360155694876e-02
8.588240251305020653e-04
1.669241487568213361e-03
5.343962987669028004e-03
1.567863507703699810e-02
5.812186574963534164e-02
2.324464073636409861e-02
8.577174687894694241e-03
1.041303591604439242e-02
4.912001376503501160e-03
4.473444924595840894e-03
1.302069439719507823e-02
2.099478414818568145e-02
5.787222052789649240e-03
3.631795684986121805e-03
7.333165835804791692e-03
1.593133679632796618e-02
3.092585453723112159e-03
2.740249123562289463e-03
4.311542476115610284e-03
1.990484887310847370e-02
2.580921884627412032e-06
1.508971904590866546e-02
1.856306174418073142e-03
5.963250006418871312e-04
1.574275665270176774e-02
4.704918060610451327e-03
2.472372884342046231e-03
2.638988023750621359e-03
1.203310677771008558e-03
7.594158880372155196e-02
2.437432254845389376e-02
1.621647361154487238e-02
1.028090402979716864e-02
2.090509062241670095e-03
1.607437567517344679e-02
2.049230115981938438e-03
1.561592709684132656e-02
1.717950053969401203e-03
1.641636163986862768e-02
7.706573143666725634e-04
1.150724286798667124e-02
7.270841896330605333e-03
3.566148046865447868e-02
1.653429066122428376e-02
3.076637125292776276e-03
8.944049597655578596e-03
1.326366608167750538e-02
1.734006420786234071e-02
4.885571641805646834e-03
5.878223221419929395e-03
2.665883949050284508e-03
1.552423695200663006e-02
2.654852021513090434e-03
3.122477047246670790e-03
4.431574377270198345e-03
3.312887847841722647e-03
1.994852630539256655e-02
8.519867221221397516e-03
2.672993022196198248e-03
1.432969904999853959e-02
8.540873156718037026e-03
2.733874814787132929e-02
7.303349783805973897e-03
3.962791228440852576e-02
8.343216806066306238e-03
1.768302629055252574e-03
2.246096152340145563e-02
3.531007105767215368e-03
3.074189099060001262e-03
4.165864095336364696e-03
3.736911839670791977e-04
2.050308544853296153e-02
1.957958332909194230e-03
2.616036201128820252e-02
1.188947622961320991e-02
1.935803885109187855e-02
2.329072368701161702e-02
1.588828199000899555e-02
2.078375975556401647e-02
1.357177028130500569e-02
2.793807304744993277e-04
1.671586642848568293e-03
1.603207881234599771e-02
2.505213010947244384e-02
1.296615708990624550e-03
2.504342297721083230e-02
1.891876800392624375e-03
2.811720038780961273e-03
1.489569164411963346e-02
1.799225461987701349e-03
5.071340794247015948e-03
8.991070797860704900e-03
7.485654712062660143e-03
2.347165135212672671e-02
4.325453602649214323e-03
4.828443436569461455e-02
4.398985631095556244e-03
3.104546208050439071e-02
3.477776731265221771e-02
4.653459952608733630e-03
2.905996007095097006e-02
5.029274404526775169e-03
7.189250004795491589e-05
9.774718905893593594e-04
8.060117868867424512e-03
6.592338413342217762e-03
9.121918314686946333e-03
1.443692740755666420e-02
2.928676613681542584e-02
6.374819223162979387e-02
1.904093997667284655e-02
8.460321413421944062e-03
1.564947227776801236e-03
2.311983415871603914e-02
6.610851830713103394e-03
7.025382271058431063e-03
1.002268857524690748e-03
4.862471036428470811e-02
8.597396954998125923e-03
2.324890658000244165e-02
2.931629753526183296e-02
2.832629410580901445e-03
1.862477424727442682e-02
7.216711379192486224e-04
4.210499803683001585e-04
1.005593491451302335e-02
6.677812002202103935e-03
7.119328800840395155e-02
7.578279015832289738e-03
9.393875675500073727e-03
1.929029824793336567e-02
2.829614599710620834e-02
1.934853502019059576e-02
7.965707234198054001e-03
4.723317668496066976e-04
2.187403890812310292e-03
3.297577372402386159e-02
5.555164464339465771e-03
2.192666418463287692e-02
4.526889434501209404e-03
1.598487152151896462e-02
3.333524185730232792e-02
4.887952809315750796e-04
1.140300396105805095e-02
1.477784123234421147e-03
3.598777366601323136e-02
2.665141656623721059e-02
7.690879277658324575e-03
3.943881307050997251e-03
3.140366421981672512e-02
1.398812964724000310e-02
4.162872805959201561e-02
1.510063223383143437e-02
1.791561464265591791e-02
1.238955444658606381e-02
6.721426654235162319e-04
1.358467868745984880e-02
7.036969757624758626e-02
1.059725886082346462e-02
6.821879735490113568e-03
1.733920231976308944e-03
2.246935753230238850e-03
1.268393529123942876e-02
7.168423570823831935e-03
8.084572186555980672e-03
7.785219458369945639e-03
2.226833722185236203e-03
1.949742393686611057e-03
2.544722475039370383e-03
2.549318218174810580e-02
1.951012018893417618e-02
4.843251562407315837e-04
6.897030064010531425e-04
2.313607929009971545e-02
6.937181941985281174e-03
2.493065320532663384e-03
2.874936908825593586e-03
3.721857598719274102e-02
2.470309608156859901e-03
3.246175496821700895e-02
2.151472687497684409e-03
2.787418520731675675e-02
9.002426971759590335e-03
1.365639842096518300e-02
2.250198202683588791e-02
1.807187636610743664e-02
1.674690114627464324e-02
6.565763988310411442e-03
1.736454272646202265e-02
2.109834862359441163e-02
2.020986990175731995e-02
9.403310632077336445e-03
8.439809631883246621e-03
3.685340197967457154e-03
1.348483980357458728e-02
1.337111563928013863e-04
2.401475716330794298e-03
1.731516673241097638e-03
8.768433318233183685e-04
6.216702177022933803e-03
5.404711063072508564e-03
1.821071358080373140e-02
7.917936905724825419e-03
4.282887271746076141e-03
6.794510449336048537e-03
4.239159164549971548e-02
1.732895290320649387e-02
5.069665029458440136e-04
1.056218285414653544e-03
2.673289979119071458e-02
7.427566386016143558e-03
8.432331340513228232e-03
1.207535422594912394e-02
1.094100104897941829e-02
2.327626863169310334e-02
2.777267954383327506e-03
3.946858639696294337e-04
3.445364187348244362e-03
1.711340021669664063e-02
1.749252161275473630e-02
2.610367139084001156e-02
2.374406481407786290e-02
6.056892420577822053e-03
2.043125239421348868e-03
1.339971863142386255e-02
2.404028491572823140e-03
6.974438371117321241e-03
1.520322722925547369e-02
2.940097118699043846e-02
1.838805826414725494e-02
2.106573082806524264e-03
2.667967215075611395e-02
6.692833247433494295e-03
2.722107177879504181e-02
6.311965240773558319e-03
3.441648345133851462e-03
5.222303333706726503e-03
3.437165176109596709e-02
9.859630582589182929e-03
1.144017459246644830e-02
1.612250084673686606e-02
1.589770869915069912e-02
1.068474675543946983e-04
1.044924832230263896e-03
4.489283093409532008e-03
1.220304940663668666e-02
1.473018443115698892e-02
6.185559565611808454e-03
4.002073338769143035e-03
9.229210990146148944e-03
1.525948091862492847e-02
3.214284129604754424e-03
2.858158986356676770e-02
2.629672240875466013e-02
3.046147406556376155e-02
3.196265887910228632e-03
1.549173621101002443e-02
8.102707278353714869e-04
2.415427108660838512e-04
2.698715096257683216e-02
7.380441477178526465e-03
3.954495816066471922e-03
1.289205371751268869e-02
2.145067346873777425e-02
2.971582280270678583e-03
5.324009601765546454e-03
1.552440659180129301e-05
1.797689587481587220e-02
7.399304661118807913e-03
1.025074044017225232e-02
4.388448755621171538e-02
6.765455723756012667e-03
5.901558061441316769e-03
3.022811949208569285e-02
3.741903409897616266e-03
4.783222236717017684e-03
8.289876881323744728e-03
1.564087478756739230e-02
1.092434791964597141e-02
1.127608344289713835e-02
4.801427859176449209e-03
1.628962109834503763e-04
5.011562474322646919e-03
7.696307294570696282e-03
8.304237511446602854e-03
4.308479913863935522e-03
2.256763919918381225e-02
8.272126220532381724e-03
3.208255516126506945e-02
8.186719177033330991e-03
8.052771665289001207e-04
2.602220122889352481e-03
5.610679007204411040e-04
9.127326499896913636e-03
3.203685501553565559e-03
2.213562465825965470e-02
2.550172406431043624e-03
5.234130025386276447e-04
3.802391238783082300e-03
2.468347737797970363e-03
2.004905156618123907e-02
3.323139963525735454e-03
3.363721516050235255e-02
1.864101035763303512e-03
5.615360726557942078e-03
5.336558651230322199e-03
6.416031926330346621e-04
1.032735362122435760e-02
9.072622692817524509e-03
3.271448100616538429e-02
2.138694197295880339e-02
1.983623276587755113e-02
2.038651538665692611e-03
4.526636823895843591e-03
8.950498802924946457e-03
2.269332428617746103e-02
3.925003994411126185e-04
1.510246548223432780e-02
2.843223089153248950e-02
1.292986146181632386e-02
6.919095683654102880e-02
1.269152896598781111e-02
9.741737416883132494e-03
7.741834434324091838e-03
3.797910104074772933e-03
2.219532500383777571e-03
3.562270587252856779e-04
6.821148962861272452e-03
2.962213942060934468e-03
2.128696508482917464e-03
1.764284268472100965e-03
9.805745628619199489e-04
1.022186528920264285e-02
2.677030799489539883e-02
3.643386616312674700e-03
1.581488153747336728e-03
3.455627785647420042e-02
2.051018458496017827e-02
2.173622288949204895e-03
3.145308293592163039e-03
9.918708947539489618e-03
3.666576329888185382e-02
2.776725139640847523e-02
3.126004112794728007e-02
5.339148038369890756e-03
2.161054693135033150e-02
1.187072222829628140e-02
9.419677547645832760e-03
2.758439651948839041e-02
1.079656894439537905e-02
1.958372952397896202e-02
3.356430873915669522e-02
4.539474869607057483e-02
2.336467326085322690e-02
1.380760075126518868e-02
1.284110689193319020e-02
6.999375529001799351e-04
1.989056567306281623e-02
1.178523745516714231e-02
8.689649487534020778e-03
1.110175483803546234e-02
2.127177189316124470e-03
1.815941542117253601e-03
8.477265533901070377e-03
4.257108136890680114e-03
2.191072474835269526e-02
4.230148247229037137e-03
1.234264768223133218e-03
1.162583552333687487e-02
6.027408965731683582e-03
4.330446927943812883e-03
3.958866013614189107e-04
1.452531985442985854e-02
3.344873586624313999e-02
1.417750416732063701e-02
2.142510374967511455e-02
2.849725195042417981e-03
3.547808721899546602e-04
1.208172143469267955e-02
1.016014738152481653e-02
3.640278037584723791e-03
7.915944727846686846e-03
5.559176451487461007e-03
4.143931272101664121e-02
3.669058143763077873e-02
3.215213799421779567e-02
4.788668165984388174e-04
1.011754515385951923e-02
4.295945366623026007e-03
1.276478720248000812e-02
2.604748957648948121e-02
8.019244127134950162e-03
1.926115125654326299e-03
8.090242362962848238e-04
9.781863033632834381e-03
1.199272640773520193e-02
6.308501612072298440e-03
7.187889289239078258e-03
8.188366758598965636e-03
4.528455734812855335e-03
2.908055498418183477e-02
1.208302682270578216e-03
1.711819655613941102e-02
2.718052165690781723e-03
2.101087733462000257e-02
6.536322862260239563e-03
4.484165130210927136e-03
1.358450024370497743e-02
1.504308378692668577e-03
3.976138510846207591e-02
3.261155970508888488e-03
4.320998493054901968e-03
8.037153127498074603e-03
1.517581803576256022e-02
9.164138944698425882e-03
1.436725670519223980e-02
4.934396195101831833e-02
2.029468342818142174e-02
2.080422996574734368e-02
2.009377480366741908e-02
1.013854063394924350e-02
6.938801656076062918e-03
2.141586098271788178e-04
3.104229673194870091e-03
3.971429794656260170e-02
9.968230051651594259e-03
2.815208591254204917e-04
2.212568013372158762e-02
2.756360187142252016e-03
6.352148593257537015e-03
8.091017834275376908e-04
7.998632437590332336e-03
2.142072928873375512e-02
8.492646384910922108e-05
3.143106158992289845e-02
5.138917625538647581e-03
7.468699383756233906e-03
5.151523276397081130e-02
1.068859705933387222e-02
1.085013126761442612e-03
3.541008220679845494e-03
1.491513978100424305e-04
7.293475415215116414e-03
3.105756881623328476e-03
2.382505035828027390e-02
8.631666420945772675e-03
8.564670522203710751e-03
8.253852002265981563e-03
4.431390167836228577e-02
3.071857307226820780e-02
4.671762247494635339e-04
1.399501981613183316e-02
9.137513810949926887e-03
1.509474951910942664e-03
1.137473250068547423e-03
2.807737723512701393e-03
4.145609438374275868e-02
1.166904633090727790e-02
3.126042731218375836e-02
4.993198840520081394e-02
2.411484706305248860e-02
4.129129443143894455e-03
2.306685750105320898e-04
1.236645912310857694e-02
9.851113837492112002e-03
8.469681020939971716e-03
2.092449642769254881e-02
9.913764988833780739e-03
1.965391492817689795e-02
1.632052275557854815e-02
2.268794236605979359e-03
8.421832218367009126e-03
2.670791014141240746e-03
2.148302613329081904e-03
9.570778473787466128e-03
6.678914065666952116e-03
1.420704438123666750e-02
7.373103276061245687e-03
8.660869672391066296e-03
2.248021062719959221e-03
4.932853914698180631e-02
1.074436479641193397e-02
2.352594833095211693e-03
5.869776170549550337e-03
8.675618822207655650e-03
4.885715773561630226e-03
5.970616234460525635e-04
1.124001354198832583e-02
1.057006137735195216e-02
9.210089871989643115e-03
1.778638500493358310e-02
2.912830379617467602e-02
2.912903527770631384e-02
6.566962160748125721e-04
1.042910846744710823e-02
1.234653675296319003e-02
9.887246630504529371e-03
2.501655089141961719e-02
6.588172162705895410e-03
5.171778856233333506e-03
2.799165774256938671e-03
3.827193035758312545e-02
6.011142914291891029e-03
4.854083523333825416e-03
1.604798269783180853e-02
2.033724449211262580e-04
1.588156236464013243e-02
3.149310897619795116e-03
2.169168472059071831e-02
1.189698923512416337e-02
2.023170475451701797e-02
8.461271292258404353e-03
6.653785018775044968e-02
1.530531389183234850e-02
2.655569058999837986e-03
4.174299574249014898e-03
2.420094851542564998e-03
3.439356416791421872e-04
3.373354581616049008e-03
1.526135697286052154e-02
4.869376931415099474e-03
1.056898159756031533e-02
1.011899125184627206e-02
8.374604765057656885e-02
2.175609051301562874e-02
3.727762541202567052e-03
6.566816746853762488e-04
2.757979944422623425e-02
8.502347083589715387e-03
2.256962786017828460e-02
6.104398444128114956e-03
1.908481291860630782e-03
1.798118689704378270e-03
6.074283520253855387e-03
1.143871733561221959e-02
1.230636987180924388e-02
4.454673920596002867e-02
9.385459043050058819e-03
4.267508290851883962e-02
3.267185467304273283e-02
1.407273914296048971e-02
5.484667321631201201e-03
3.470057361522594502e-02
1.887851604318170270e-02
2.612907178329103991e-02
5.677868401414203070e-03
2.805354315742256480e-03
1.530148068684452842e-02
1.788086354978381601e-02
6.414334348409257008e-03
1.610788912693465399e-02
3.674117950130785515e-02
3.190645549805588843e-02
1.113288970231446351e-02
1.487839560554119964e-02
3.397448322371690588e-02
2.353177127988770323e-03
4.650159888203950556e-03
1.659240337544338594e-03
1.695278084433632371e-02
1.325411302274126513e-02
3.791485442150303170e-03
1.428269885396955124e-02
1.110351976160731113e-02
2.580243345620104878e-02
9.255138883195873634e-04
6.870219652788544032e-03
2.166715340657164590e-02
3.584528550879677311e-02
1.380920279907529163e-02
1.061054060829708622e-02
2.667067172933177202e-02
5.792547642890787801e-03
1.727704604653733812e-03
1.757268396253638260e-02
1.759508577206933544e-02
7.092815944607930648e-04
1.972653695314748046e-02
2.058634804108717704e-03
1.049852882356777303e-02
6.604399896820472432e-03
1.734643028006187943e-02
2.581494775461483024e-02
3.201901959845870893e-02
7.536824139650484533e-02
1.407561938292515615e-02
7.062790799325617194e-03
2.295471492358410609e-02
4.190441483852326739e-03
3.344284716486234377e-03
8.268248437296212006e-03
2.031123246151191573e-03
1.029303405885413289e-02
2.288936516258777143e-02
9.304920240483155469e-03
4.956709616587423595e-05
2.049798172275960062e-02
1.393700600406180476e-02
3.165805352486259633e-02
1.006958436820393210e-02
1.086690416718935973e-02
1.925257795143709436e-03
9.431038425629882996e-03
1.043638399968375638e-02
2.828700973850839344e-03
7.998660907094327921e-04
5.412550817568632933e-02
1.121672527998333543e-02
1.491381267589526362e-02
2.360259938174270183e-02
1.015251681737775608e-03
1.302598425211758462e-02
4.506229111871529885e-05
1.648865844288308416e-02
6.173318307649899167e-03
2.456047799795319994e-02
1.981942462648405429e-02
2.608168307380077239e-03
1.555674545230167037e-02
9.360024324712742580e-03
5.120290993723021836e-03
4.014756798952785408e-03
5.747789465925185262e-03
1.683385330095104118e-02
1.409352722211271516e-02
1.855351776647988504e-02
1.207379456035377434e-02
1.201060406881578882e-03
5.631105589860671556e-03
6.422968568320264367e-03
3.926633571041628079e-02
5.258656096121653613e-03
1.237629653900965306e-02
3.312069927495132730e-03
2.903567410825398133e-03
5.480533371106947362e-03
1.774813937741953401e-03
1.500466321804364359e-02
1.960355455208837722e-02
6.659613850414693734e-04
3.538016095079987017e-02
1.179467031213989395e-02
1.087013177202106676e-02
5.200974383193330067e-03
1.638343801379392103e-04
8.445580557312114267e-03
2.421810816103261987e-02
1.504531955469557911e-02
1.525158453443168846e-03
2.400133303137839264e-02
2.764156080517886013e-02
3.576235520284520852e-04
2.087226971974647221e-03
1.551749834854475665e-02
3.767374545476638234e-03
1.145439257486522040e-02
1.168410839041825362e-02
2.316401575836919691e-02
2.644436801121450090e-02
1.698480393022380394e-02
7.519911621424117676e-03
3.868566257245999607e-03
2.122216877772269139e-02
1.751178086435106057e-02
8.632644450181381837e-03
5.389016002136685739e-03
6.453839671002446592e-03
2.702993889186246224e-03
7.147499788632570572e-03
6.595504549799606313e-03
2.008099290497304332e-03
8.364967889870600012e-03
3.249610405734848495e-02
1.867638093562568047e-02
4.091303555271081499e-02
3.479711490043911615e-04
1.374359196269914554e-02
9.020768211428525918e-03
1.321193892179089481e-02
1.304601940536340154e-02
2.667994387549397443e-03
3.866700205763114184e-02
6.910376192805670059e-03
6.733681711361146245e-03
5.310751183701105382e-03
2.027981848956295075e-02
1.612467656611094036e-02
3.791486096500750261e-03
2.755401670219079224e-03
2.275431314956699244e-02
2.070233473856454565e-02
2.253282712264961796e-02
2.323388401768214200e-03
1.686584390995536815e-03
2.450885861059945783e-02
1.749618210541462743e-02
1.129729808079867406e-02
1.382199054988725480e-02
6.361735648811369520e-03
1.499946184785410849e-02
8.413581535403887729e-03
2.556028070043527695e-02
2.483040257341747464e-04
3.088047339505585985e-03
1.037347393787548151e-02
3.249466286922865488e-02
1.232801649501436350e-02
9.653018438850444888e-03
2.475252894147943195e-02
1.844257577547976645e-03
1.743527452197362465e-02
1.389724765039970777e-02
3.792062559943298883e-03
2.677719704371871873e-02
1.054457368805041678e-02
1.816050058154225488e-02
1.079585815274285501e-02
1.736484612540902667e-02
1.626579800652167007e-02
9.809182460444945684e-03
1.061914864853373205e-02
5.208298573678051685e-02
9.945158141149025577e-03
2.581385152037721231e-03
3.233999291870002114e-03
1.766903591997985579e-04
6.720450440959724672e-03
2.578837292546192622e-02
5.812990326843086968e-03
1.527345738151398256e-02
5.245490471790167919e-03
3.527127937697910331e-02
4.062051137990853669e-04
1.294243178820945681e-02
1.130663952984627824e-02
1.627136378199544545e-03
5.032914667305798603e-04
4.793491444520366768e-02
3.216869167265540633e-03
4.992096084627178215e-02
4.150829386921416064e-02
1.161924247206577027e-02
1.135937188516068092e-02
1.075365480450672824e-02
7.524955095099396946e-03
3.519010585920794021e-02
4.594982352812547466e-03
1.603641191856660167e-02
6.064755258018507400e-03
7.455674335912097425e-03
1.760530873924483902e-02
4.055107723035161760e-03
1.945584472586906269e-02
1.813950142177485347e-02
2.848444714099281766e-03
8.865098467919966738e-03
2.980922495444351342e-03
1.082349260798974025e-03
4.021152164252472794e-03
1.260048392530996840e-02
2.408590486312028791e-03
1.278994151960719493e-02
1.318306256081164946e-03
9.628360950180376091e-04
7.156205664557997725e-03
1.517827933708401980e-02
2.081486751663503589e-03
1.028639353165118966e-02
8.737751626921320611e-03
3.696160036373393604e-02
7.434712172197161482e-03
5.909326021229285852e-02
3.351558825563043242e-02
5.505592924523497814e-03
1.968245166514233369e-03
2.009943425096732267e-02
2.999598493948947564e-02
6.443440273660695165e-04
3.399929253322876016e-03
3.543365156838062212e-03
5.493526573533896902e-03
1.749092542987742624e-02
1.575417962512163511e-02
2.601473475499109685e-03
3.036687821838043172e-02
1.890145063881407822e-02
2.855799320522038609e-04
4.828661577038368194e-03
2.757492662198365863e-03
1.530855242104556257e-03
6.826946788138334513e-03
3.357904860694239067e-03
1.535171807143426203e-03
1.540706056131443784e-02
1.229465556627368228e-03
3.647395787934362005e-02
2.478032254958300803e-03
3.877754211092605818e-03
1.245212441290744279e-02
5.270741135259436258e-03
2.573840430504873919e-02
2.744185513185667946e-02
3.323340332901852934e-02
9.539139797721002401e-03
7.833594597145176336e-03
6.042263431013585907e-03
7.747162835330128131e-03
5.779031321472271124e-03
3.416823538601675841e-02
8.754303749800750739e-03
1.096040624747547827e-02
1.983638005029289553e-02
6.749048692006107478e-03
1.824900114749941626e-02
2.334691330870071468e-02
1.022582642759606655e-02
3.878852331426287797e-02
2.435119701954272659e-02
3.976227042023419180e-03
1.016345706046206318e-02
8.634376646980766734e-03
8.727516982570560772e-04
1.912603456610763655e-03
4.929981874401235392e-03
8.918287257566218790e-03
4.982708538448396736e-03
1.147805735673005506e-02
3.216717145998884003e-03
8.163246076854542566e-04
6.314472405686841552e-04
1.227355183517828650e-02
1.050100421190290276e-02
1.368613187097080831e-02
3.746752185816960151e-02
3.630928070442725891e-02
1.259999078002908834e-02
2.046217499381775343e-02
1.384191825520445646e-02
4.682614156468496019e-04
7.553249115573254686e-03
2.347922399339592500e-02
4.155862515558976338e-03
2.891364762529041038e-02
3.007292074730792686e-02
8.820020665482725813e-03
1.466863196612070916e-02
4.507708835088823640e-02
1.338768821504999693e-02
4.020221485632603092e-02
2.664104713610353919e-02
2.172818663260792614e-03
1.296653394228199606e-02
5.586426573287536605e-03
1.850753263348901834e-02
1.909671609787980465e-03
9.340438884692187083e-03
1.369248340379120715e-03
6.344931468891494043e-03
8.831820322065695936e-03
5.601545905357489807e-03
1.007904138209824926e-02
2.736746438014451416e-02
1.949455768553695623e-03
8.995989273278250098e-03
1.465259928670328490e-02
1.028682836153131663e-02
2.641124991251164039e-02
6.636907473602484536e-03
3.734325055750809495e-03
9.557308043238255460e-04
2.451240466329204781e-03
1.224768321956602388e-02
3.620718570913711298e-02
2.781459673715611092e-03
3.676599837067247994e-03
2.089660402064282690e-02
3.857491552664269168e-03
1.965319592201057036e-02
4.068563159465032886e-02
2.613568064766189081e-04
4.713064478532807966e-02
1.357841705696475124e-02
8.470588996312936048e-03
6.611418386136793529e-03
3.293349846678253479e-02
3.963087179035888058e-02
1.598558970405092663e-02
2.577060053522324534e-04
1.616078183890867423e-02
5.603801824319288444e-03
6.044720047617638953e-03
3.332757689416156535e-03
2.102311561092773048e-02
2.718237073591243946e-02
6.852776871918389578e-03
2.112205963979471579e-03
2.062391827201547415e-02
1.045686733092471982e-02
3.982702451090805451e-02
5.750414999663252917e-03
2.535101837204221421e-03
3.869100595761067532e-03
1.046903386980625739e-02
7.252253990506316028e-03
2.245762661881241934e-02
6.271298949546977308e-04
7.275860649506756851e-03
2.270468831127632134e-02
4.284856033718858516e-03
2.964928424097041521e-02
4.214760390262883155e-02
2.638538671711800065e-04
1.552582958541383340e-02
1.602718548826989262e-02
7.974056374977814624e-03
4.361158981080401342e-02
2.135577392827615537e-02
3.633378211173850930e-02
1.486419555255804117e-02
7.746243486935117974e-03
7.396068861876764836e-04
2.162925810147632577e-02
4.217611321085906056e-02
6.022767777882557030e-03
4.910113523529343812e-03
3.824303246001904688e-02
1.428746582174213881e-02
5.854578987028997636e-03
2.057639452629549462e-02
5.860560073298232836e-03
2.052021547575832994e-05
3.318172781940717346e-03
3.168499939307722717e-03
1.492103468827467305e-02
1.442465141574814785e-03
5.132667680206814964e-03
7.260991988437789577e-03
7.924085655197095346e-03
1.494851348797305440e-02
3.755050242042046876e-02
7.021972229033870451e-03
9.642586239753340310e-03
2.774572784067307410e-02
4.468374331029113626e-03
1.204609227690016035e-02
2.256037096442762430e-02
1.343520007932506172e-03
3.362546807647161934e-02
7.997402008643883162e-03
5.315780408592255674e-02
9.389702813198475342e-03
7.280224826744551361e-04
2.682435449275796455e-02
1.495394617467609225e-02
4.441767861775402018e-03
4.121834521198352273e-03
5.577760824724102562e-03
3.635272699318381484e-02
8.562446552714823161e-03
9.683448246728572351e-03
4.913696406251659432e-03
1.654132248970815750e-03
3.611640953565402583e-03
3.704850442037185268e-04
1.733871465643034224e-03
3.772102489080239249e-03
8.643850935923971801e-03
2.868708427995384554e-03
8.094298897181715843e-03
9.025298929689867800e-03
2.684890393904360018e-02
5.792387516806452030e-02
2.403245049363993135e-02
1.318007845697204833e-02
2.402085764240161417e-02
4.280982435412209776e-03
5.246600698811405145e-04
1.812340435381372059e-02
7.962726203091449739e-03
5.309808470777364203e-02
1.068897658171194054e-03
3.000599036366521921e-02
9.124496522071713286e-03
4.608686851018863745e-04
1.378670343166011822e-02
8.823556570840832697e-03
2.786922071696498748e-02
9.347815349212963004e-03
7.789869010915444376e-04
1.530497592646843513e-02
1.046933280080251938e-02
1.937203216681360543e-02
1.088045046438165971e-03
2.452578467206793181e-03
2.468706733809809123e-03
8.582144103154019932e-03
2.479602419370313671e-02
6.669601242676594793e-03
1.133440131527627473e-02
1.804317857923673669e-04
2.908547244413545868e-03
8.834189429386189035e-03
1.521155295499766053e-02
4.312503263313002821e-02
3.200983924251578350e-02
2.405687973987510539e-03
6.745374813801392755e-03
4.163248145395391508e-03
1.328806396093252379e-02
2.495420165216264211e-02
2.648380410142994051e-02
3.005008682116460869e-02
6.084816440081164055e-03
2.020569406709561699e-02
5.261643568755421108e-03
1.369525042875903605e-02
6.412129769267832513e-03
2.612386566062637264e-03
2.612433860180278511e-02
2.010463267440515400e-02
7.858410686708011336e-03
1.056280252430629590e-02
9.510721744237192465e-04
1.429554537314109419e-02
4.765602852166407610e-03
1.283161894116916814e-02
6.656574895618046911e-03
2.330185152856755967e-02
1.700448544695036188e-02
5.575184641052590567e-02
7.462236227314595662e-04
4.698623675384455689e-05
1.019253466039633967e-02
7.245768576854192539e-03
2.020711453140863756e-02
2.004586997539210824e-02
2.356765148504094340e-02
8.534718683939016698e-03
4.626898682370348542e-04
3.207927111068035152e-04
4.971145411808265170e-03
1.740708645588275039e-02
9.069320848714125527e-03
2.254837037741910799e-02
1.294010580941583680e-02
1.423911176149841862e-02
5.710657323958344585e-03
3.631990389582237522e-02
2.267720294836210113e-03
7.146818414056621549e-03
9.155221790001695850e-03
7.039277970331637123e-03
4.988752522376650039e-02
1.036455223931911224e-02
1.110985563900065629e-02
3.116412945881504026e-03
1.518972917622795835e-02
1.332181986201461631e-02
4.585222671361266836e-03
4.340661545709317837e-02
8.478325936189280709e-04
1.364933432670688458e-02
3.241076615496107927e-04
5.932995517619383055e-03
7.184940013511448807e-03
2.166985039789199805e-02
2.971328587949331052e-02
2.443842248049559601e-02
2.842701998606099803e-02
2.908804465382783602e-03
6.852676186431513709e-03
1.908127415812677172e-03
3.032529479529526284e-05
1.223396017278609305e-02
9.553487575373550283e-03
1.050315472941466821e-03
1.505913963495866988e-02
1.037725698228994346e-03
9.863226377469086481e-04
5.528197479030183895e-03
2.029451493583275638e-03
5.230595769463287567e-03
2.008650625919726831e-02
3.798974526390073991e-03
2.396716883927537192e-02
2.996425431391579880e-02
1.163460273696400888e-03
1.018498424290195659e-02
6.202214549472243044e-03
1.766729462413788032e-02
2.954971471986357363e-03
2.457550920734095923e-02
2.820810427916848641e-03
2.114266720829043739e-02
4.308768062099895685e-03
1.595059798136237023e-02
2.353861793203364597e-03
6.784327305297177015e-03
1.647195671972118136e-02
1.098634320759187336e-02
1.627484141736090795e-02
4.449098603089132742e-03
2.632435393492533939e-03
4.139485083700039994e-04
6.840821792480025580e-03
2.889469915384055773e-02
5.345048392970851853e-03
8.191002031223663590e-03
3.726162517677341496e-02
1.188243968352956266e-03
4.062647548055143762e-03
7.322492924141084727e-04
9.013372495654824873e-03
6.697614883581038368e-03
1.136128776232495780e-02
6.392239276218425817e-03
3.363539495158929943e-02
2.781119988635558093e-02
4.572008147057958494e-03
1.302201182609438539e-04
1.684481728522020313e-03
9.144883316940727314e-02
2.550262792292627093e-03
1.191476596344741290e-03
8.483194966586310448e-03
2.824179500145620331e-02
7.505631146037649443e-03
2.890056530508582598e-03
1.323974046018645823e-03
1.145514659877450853e-02
5.452472080847547281e-04
1.212604956137910755e-03
1.708999071862801755e-02
2.536754994810525715e-02
3.903444662295019879e-04
8.459906822663093573e-03
2.301834470184400266e-02
1.999567622320376492e-02
2.177009158803669148e-04
4.829240973153563210e-04
5.216584038169359838e-02
7.693136422915874788e-03
8.488853115932110463e-04
1.607225884062896126e-03
1.022048236561727205e-02
9.230631688793676168e-03
1.589828171854555314e-02
2.415652119479541615e-03
6.926594238421857064e-02
2.391647833676026000e-02
2.463661483073959976e-03
5.019533960599512979e-05
9.641831529116859714e-03
2.128771746404728785e-02
2.849326296954173172e-03
4.418391437377430092e-03
7.279689355035215415e-03
1.655008474087235962e-02
2.437797320009095839e-03
9.265751729242573467e-03
2.299431109037555244e-03
2.068643129207194120e-02
2.792834609436336060e-02
2.036157283728360062e-03
4.523017199387774356e-05
7.595785212822233658e-03
6.282173203345235886e-03
3.886152479053488901e-02
1.732020859052475770e-02
6.530469192496589532e-03
9.425178348351076485e-05
1.880743876815995936e-03
3.766547423075219947e-02
8.252386847619145455e-04
5.448660132754704066e-03
3.610367178793692268e-03
2.843394277731504591e-02
7.466872329030455925e-03
2.665497473466625286e-02
3.279085797565465654e-03
4.031553799082111811e-02
3.549318448356557267e-03
6.943891775087401158e-03
4.973701482289261122e-04
1.267284254511048466e-02
2.097337749246876160e-02
1.548938435542486676e-02
3.358260459077758511e-04
3.894874768892572434e-04
1.491710430705390665e-03
5.260305945717186696e-03
4.451929967986451714e-03
7.083731390137968818e-04
2.145765665645306061e-02
8.688118885774835307e-03
1.790333287282756120e-02
5.127392011229704380e-03
1.382829657044010261e-03
1.714659452424885204e-03
2.233790126749560928e-02
9.162571339195220085e-03
1.918267828728337666e-03
1.516952213966092471e-05
1.120711029412594685e-02
5.384139964633180564e-02
2.873342332610254526e-03
7.421749006541566822e-04
2.760328620109216841e-04
4.620862543036285963e-02
2.366527386219176299e-02
9.194958031590590858e-03
3.296119937223058408e-03
1.757916769277315799e-02
5.690866608009530203e-02
5.012056051359902419e-03
1.560839630080408050e-03
7.453821591324962317e-03
2.596105127278362096e-02
1.478205874671744205e-02
1.523382460541446333e-04
1.036279806824532204e-02
8.809901018097046621e-04
1.957931598843721133e-03
9.098913362336344878e-04
3.489382060573065734e-03
6.535843447596367470e-03
1.159755006072891916e-03
1.480421202979559803e-03
5.908548793637160776e-03
2.125591539841879124e-03
1.733859053385537405e-02
2.044307939060825696e-02
3.045248422731260986e-03
5.008016107768940156e-03
1.585230512949597267e-03
1.820722380243390906e-03
2.198219779089640585e-02
1.366731904007531528e-03
8.464925192816726007e-03
7.821040226092847159e-04
9.317010545195601040e-03
3.267758029448624563e-02
6.722662580763213991e-02
1.022593200004370123e-02
2.322385465994419515e-02
1.769382675916440772e-02
7.877464935563311538e-03
2.663047800406324536e-03
2.890273834001766060e-02
2.557975147483881190e-02
1.033083514919916346e-04
3.358111122762836784e-03
5.187013624775721476e-03
3.727015948029958198e-02
2.136092908859431316e-03
1.151753665628359874e-03
1.406212617882085557e-03
4.481130790840675768e-03
6.582713688790741043e-03
2.965906854068370638e-03
5.878366642562627559e-03
2.010494747533854518e-03
7.271330742722402138e-03
4.827961920902128223e-02
2.130698850988163064e-03
3.060477081920510989e-02
5.040519023019503220e-03
1.627021000352848589e-03
1.244713439146814642e-02
7.226465101422708398e-03
8.950045768938440921e-03
7.763513052005573123e-03
3.149582301187060264e-03
1.134607660447210960e-03
4.847245264215894328e-02
6.990842017803127612e-03
3.217651258708456585e-02
3.337982994558422872e-02
8.113475233323657471e-03
4.117028086274737361e-03
2.259497281011371012e-02
5.224712113273382273e-03
1.423710297659844595e-04
1.591954834290602774e-03
7.554980556817961733e-03
7.664825874724987866e-03
2.245915039862609545e-03
9.063983723084814530e-04
8.494455192860191073e-03
1.168291231756160911e-02
1.101571683749901810e-02
4.795395790950242841e-03
1.238551026428990134e-02
2.687234590489935744e-03
5.823394877265755665e-03
3.489035068068367662e-02
4.238696823065963605e-03
3.137468382970758085e-02
1.369339100449225993e-03
1.212653229829441931e-02
1.739318314712589783e-02
5.703745741826270199e-04
1.614291692141563150e-02
6.773881441862691227e-03
3.462318859366255927e-03
1.306434747264016705e-02
1.878201896087577927e-02
5.224515596927471750e-04
3.810829524782337330e-02
3.228430408100932403e-02
1.854459055912759113e-02
3.337278573981228812e-03
2.530098264845711403e-02
1.713038690772745315e-02
5.267800859175805588e-03
1.803260502165498526e-03
1.717178392452473491e-04
2.281548668846782729e-02
6.046403242645619416e-03
2.535838200871636926e-04
1.451391151732853851e-02
8.669108675923402341e-04
5.173118064995305132e-03
4.265003531326730726e-03
2.024918182128568334e-02
1.793420004365647163e-03
1.465006313762227952e-02
1.463346472756149944e-02
1.287158848751798930e-02
1.350512449118059476e-02
4.303520143005298490e-03
4.684090055882897397e-03
2.323396455017872481e-03
3.447698427325699561e-02
2.434455214812669688e-02
1.539489211037747655e-02
6.785113107045200563e-03
1.510984751001787085e-02
6.548384586900798769e-03
8.526657666790843013e-03
1.689871382203129990e-02
1.269074882869251908e-03
5.388941384182895089e-03
1.085467904902294271e-04
2.902838817190792065e-02
1.565508087116723041e-02
1.018343007348991537e-03
1.556615845505473919e-03
2.156661067507477728e-03
6.106099668372537426e-02
1.457003203550847475e-02
4.922628512624946037e-03
4.284860491471662036e-02
1.369659056213971306e-02
1.004062451319826833e-02
7.416796102614343911e-03
1.122795734773636943e-02
1.433006562328552336e-04
1.461552795821816596e-02
2.528644585161985217e-02
6.890193568362101492e-03
7.880004262832010845e-04
1.465741531992654362e-03
2.817439347439435870e-04
2.220078935462605277e-03
1.760176960328969920e-02
1.263512834271701864e-02
4.764031810794051858e-03
1.135189150263674583e-02
1.234870705550882020e-02
1.022094227330198890e-02
7.017029208021877650e-03
1.896844066955376967e-02
6.702392294776006454e-02
1.048799237025569396e-02
1.376490074631691977e-02
4.122027680749233702e-02
1.015208392907447632e-02
4.983543783653926473e-03
7.159178505846131024e-03
5.472386711233730855e-03
3.883942284796305933e-02
1.240469262860540052e-02
1.382655500148305579e-02
7.960348110015412482e-03
3.913469929360344213e-02
1.152091345903364164e-02
1.419369357162699949e-02
1.028997575088752038e-02
1.056758852737278535e-02
2.102860711420611456e-02
4.590671999815811033e-03
2.167360201023284944e-02
1.121827047863363166e-03
2.502549501551019212e-03
6.237726468088122811e-03
2.934966424523854922e-02
4.741578511995985651e-02
1.722651957000654460e-02
1.294386308675744661e-02
1.102788500058046739e-02
8.981218993536842221e-03
1.138701336059717850e-02
2.327979189524740505e-02
1.005596712717431607e-03
7.090642830050800094e-02
1.314968250633269387e-02
5.060959770015667838e-03
3.863993309843313101e-02
9.816705415372595916e-03
6.989918713960931521e-03
9.044691372888612885e-03
1.749302534483745605e-02
2.152886737863774630e-02
1.578511943467865095e-02
3.733547101172814825e-02
1.608067827194973459e-03
5.253772107286594495e-02
3.747395571073904724e-02
2.007141854256758867e-02
2.399440847328145748e-02
2.632147247879725038e-03
1.333994463603963010e-02
1.075894111687449028e-02
3.050451973286624069e-02
2.730634267368917817e-02
8.711274150889604384e-03
1.744031640197179827e-03
1.181088024268564518e-02
1.890206985722668251e-02
2.479526133634488150e-03
1.112234524263759280e-03
9.550209866914807777e-03
4.290968062841737929e-03
4.637610982495470741e-03
4.646730881647099382e-02
1.812217294953405444e-02
1.135863660596782981e-02
3.268427643069053701e-03
1.385518961025883865e-02
4.301399281147517267e-02
4.053237381793919902e-02
2.387583316752791077e-02
3.744584397238063644e-03
3.364961425755080143e-03
3.501119699926186213e-02
1.399100946464465825e-02
1.604959911364170488e-02
8.445761945572553830e-04
3.364407360125549334e-02
4.814307883799603949e-02
3.589453132047684680e-03
1.602074364841877055e-02
5.674074932269113775e-05
2.414198615569817120e-03
2.995389313837803352e-02
1.874282429582361034e-02
1.142157190363588676e-02
1.612042290993474791e-02
2.276323860720031508e-03
3.352633935536560375e-03
1.246628825634948229e-02
1.046985791880568166e-02
7.538498320498548955e-03
1.341054489339545998e-02
2.812418459417643374e-04
3.230893762557538254e-03
3.954449611022700650e-02
2.438496077311599203e-02
1.769121726076848186e-02
4.627002883603631954e-03
1.644420028026641334e-02
2.264726564208169313e-02
1.776402713521877882e-02
1.463347222498450825e-02
2.349544216146498554e-03
1.453956107774346390e-02
3.339066279993013059e-02
1.613293955568313384e-02
1.374335228839892835e-02
1.049728332705241601e-02
2.293519954875742478e-02
4.248486358183786726e-02
2.936808272348045978e-03
8.429927000170514897e-03
7.169198312220699705e-03
1.454593891170507733e-03
5.430777084608918309e-02
1.486076316367955161e-02
1.095397498346365600e-03
1.964415753942699502e-02
6.164042019765966426e-03
1.089250201734766679e-02
1.680098836056296771e-03
8.472497574586205712e-03
1.127292220398572881e-03
2.864776395827482725e-02
3.811662607704969195e-03
1.041243192679714227e-02
2.523268928563768363e-03
1.911122793017172236e-03
1.047348509115970938e-02
4.233938788792264429e-02
8.623595439812274666e-03
1.135534050776258741e-03
2.005557742418337397e-02
9.826726438986233686e-03
6.174697851884462102e-03
1.879440091890226955e-02
1.189958508041520126e-02
2.281351757709393357e-02
2.346482065870720765e-02
5.532015078269711394e-03
1.793719630406354418e-02
2.014734087373201005e-02
4.838113114025056546e-03
7.883425993656685907e-03
8.531527809295379530e-03
2.796125487666693485e-03
3.588387058174194455e-02
1.585812537681114895e-02
5.851531358188380959e-03
5.582893168241166715e-02
5.580406161380646254e-03
1.192889767447828653e-02
1.880675685911316949e-03
2.436132808381830800e-02
3.853265100770911829e-03
3.425930282112600589e-02
2.877019178422407682e-03
1.553178735525043500e-02
7.551121342846564555e-03
6.832568651513546906e-03
1.474128054205749681e-02
9.489323960755864651e-03
6.115644789290528710e-03
1.119788618040508128e-03
1.758743626768542040e-02
7.081758484877368788e-03
1.865168115122817910e-02
3.024508846022070166e-02
2.603835783785732588e-03
1.840608376208828501e-03
3.179821292532620386e-02
5.490131810619742862e-03
1.329950235166123262e-02
1.893620195882213383e-04
4.911554526415725080e-04
1.158699971590507541e-02
2.002470978898516010e-02
1.082740167425657457e-02
2.055002422983926574e-02
7.819630570841614586e-03
1.428113077905302127e-02
1.741345068856527470e-02
3.035964933789046458e-03
3.565996300595480895e-03
1.049299031324335552e-04
2.545522045084547616e-02
1.293218751655215992e-03
3.463479397609643684e-02
1.825145368428867862e-02
1.929413476062160834e-02
3.500380513428501261e-02
2.850822459088498372e-03
9.526259845550943961e-03
3.722708192342421424e-04
1.507294299571903477e-03
1.041288863859605833e-02
2.198627129534580851e-02
7.702517683405856082e-03
2.635208475068337095e-03
3.627387332423665650e-02
6.391351111990271200e-03
1.145866345234107086e-03
1.462015255471085448e-02
9.383299611952264363e-03
9.997987015413187933e-03
9.556742495896192180e-03
2.320041274090957513e-03
2.087036301288653153e-02
4.017824747093406978e-02
5.499910361259856446e-03
2.500253805742896906e-02
1.242134194386427561e-02
1.636218262230704906e-02
9.906547413285459597e-03
4.536564910017266278e-03
1.169037722421764972e-02
1.401211962834285514e-02
7.351937935611221886e-02
9.713574645182090905e-03
1.035052022993444149e-02
1.853521697312251679e-03
1.976482973750972108e-02
1.616411640315935580e-02
1.133939064686426829e-03
4.553565248278403782e-03
1.483057003301546141e-02
7.443044317327136145e-03
1.446672787755454853e-02
2.585218717787907128e-02
1.474883689788190552e-02
5.932585057517784574e-03
1.694093551785267812e-02
7.048695634870221285e-03
2.727070550558704370e-03
1.266540651483541793e-02
2.096167443818002657e-02
1.520194084827610446e-02
1.459636241327258444e-02
1.446388435167743521e-02
4.918916610380043297e-02
2.374630040414587445e-02
5.306750800350819308e-03
1.716660899024477493e-02
8.058676110523962238e-03
4.026284827509224451e-02
1.355607399160272883e-02
1.466067033139519665e-02
9.370614451070808509e-04
3.623958662466895964e-02
5.797608439575388517e-02
4.640990474147413392e-03
1.308441087674662093e-02
1.250960757143434673e-02
1.367463754571394095e-02
1.731393339683560267e-03
7.132164848434995735e-03
1.677388858289002860e-02
5.068174453758181146e-03
9.572005115106120565e-03
2.042430903752495350e-02
5.985821421637151085e-03
2.090091284403090138e-03
2.097954826312063009e-02
1.885543008287132727e-02
1.483246429655275291e-02
1.063188803298800375e-03
1.057667977534804387e-03
7.947112679003767374e-03
1.403076117859331645e-02
8.895747401080017144e-03
1.963067378939180579e-03
2.082688645635894648e-02
1.062730942376981236e-02
6.664678788504839815e-03
3.294131589637863677e-02
1.162017006972441979e-02
8.038693820819838021e-02
3.865787009385359980e-03
3.258735290306900498e-03
1.835918317508774232e-03
3.471728027218836526e-02
5.721397806627934873e-02
1.338597773689504181e-02
9.070160122335997957e-03
4.293301874733016291e-03
1.756839013389755594e-02
1.098274245204270382e-02
1.990500131573806619e-03
3.922347356979650340e-03
2.031039339063504812e-03
2.008788528486859376e-03
1.395510065734110149e-02
5.714302354717457760e-03
2.526769794754120044e-03
2.039526176470247976e-02
7.024282484239224855e-03
1.583020078797589200e-03
2.734486585553537810e-02
7.552729794289128606e-03
1.084235305282571157e-02
3.319156882043451488e-03
1.007931966457226332e-02
1.012241858179006686e-03
2.041882054921322076e-02
1.208773061868405677e-02
5.097659657889346344e-03
4.832075370640772499e-02
2.367353836908228648e-02
4.181784683435417482e-02
1.656001713217263721e-03
3.168678525875819746e-03
3.492219218239309836e-03
7.450707946701550476e-03
3.676119869059540912e-02
1.606633436243445900e-02
1.058779685156292089e-02
4.371265664428789811e-03
1.708220991535415109e-02
1.536156882656079976e-02
2.934861655958046107e-03
5.371921866124443855e-03
5.975321397754857281e-03
1.471854637987760409e-02
3.267106782700536505e-02
1.155461849388700335e-02
1.024891760714739114e-02
1.439348809051050997e-02
7.304941671120033370e-03
2.127742259809563361e-03
7.610643426616737865e-03
3.311468812532809836e-03
7.161362266576545843e-02
1.451780634821261094e-02
5.420907481109718887e-03
2.363575917955055422e-03
4.348974704954825660e-03
9.772871581663091639e-03
4.395710404606021152e-03
8.920334943601157529e-03
7.248499839651277588e-02
6.208911889888295982e-03
8.774136044063112622e-03
1.372953077411248959e-02
1.396042271657000830e-04
2.321077929747514951e-02
6.793559540155123810e-02
7.216132225624288452e-03
9.238417187681913917e-03
6.252733248172733134e-03
2.142869837195172933e-02
1.452393045030695926e-02
1.856177080278628017e-03
1.653474892791162443e-03
2.255055013115576240e-02
3.914564718813466626e-02
6.501870806361578076e-03
8.315893512850102212e-03
1.929713613513970964e-03
2.826786616755660314e-02
4.831989910745037621e-03
2.839167255133371107e-03
1.563676528213798697e-02
1.410728862333652384e-03
8.398482841605967725e-04
6.256956114821864839e-03
1.100716531502226106e-02
3.920443218193830209e-03
4.094461249912841050e-03
1.950502674800359479e-04
2.396796892231512280e-04
1.101071844309071956e-02
1.882022651235695787e-02
1.533474879372564298e-02
4.460235818920614374e-03
9.396375821146550275e-03
1.878643162588389520e-03
1.306644834575366315e-03
4.039909059582646317e-02
1.945325448572390870e-02
7.613233271639232441e-03
1.492660130832176857e-02
2.157363952639888838e-02
3.884217089945418006e-04
1.301942952802224128e-02
7.183825701510251384e-03
4.073873821768792675e-02
4.860737760113777173e-02
7.715831566929804569e-03
1.272005513391679180e-02
5.884028418678674544e-03
2.658547041525725213e-02
4.589052110913637017e-02
3.245179299326119392e-03
7.609959865806309801e-03
1.652502205651622258e-02
1.089088789983305716e-02
2.541740100551340142e-02
2.977068928837624251e-02
7.837502824700614754e-03
4.132652036566333842e-03
8.287408182882358143e-03
7.402548839944064936e-03
1.011084776394249526e-02
2.620962006220322812e-02
2.943750564184650139e-03
8.638594620866881651e-03
2.821481910006427493e-02
4.133526972619126078e-03
1.684210238595173700e-02
1.772143748207756497e-02
1.705403688395657966e-02
6.862487139211402402e-03
1.384739074195497077e-02
2.120432741652253372e-02
5.348895115702828607e-04
1.462828315901248954e-03
5.619547434797736787e-03
2.486646833958547700e-02
6.073654866246528013e-03
1.357306887061683447e-02
1.390450867929855436e-02
4.195270543949223413e-03
3.854163743548455739e-03
4.394279026246049324e-02
3.547282542958572760e-03
1.098405810335972149e-02
8.085130954937947562e-03
4.223158331022209069e-03
6.710585913584007911e-02
1.444469739130177163e-02
3.565399820613106979e-02
6.729372489216286363e-03
1.666615174546560302e-02
6.582809314366264153e-03
4.781877721265015424e-02
1.034509546851874150e-02
5.177096237392556956e-03
8.302317111031222441e-03
1.500699283654186207e-02
1.806795893427526768e-03
1.090714923356917061e-02
1.492722033470458322e-02
6.875213211605344168e-03
4.043909979290585301e-03
3.380105072751884293e-02
1.539541754789867586e-02
9.063798722396456536e-04
9.953288446067951045e-03
2.910236438830159783e-03
1.251689063148670768e-02
3.450926185472951227e-03
2.176650936116361623e-02
1.878964036996044751e-02
5.001709999276609392e-04
5.303192837111061000e-03
3.208163672646219267e-02
9.066518693044897919e-04
1.440987421793357356e-02
7.727701159317084713e-03
2.352513697598049291e-04
4.845682020721062133e-02
2.069041938145175889e-03
2.832926010940070571e-02
9.568606176240512101e-03
3.696833130875549177e-03
2.268858574839855563e-02
5.120628536408559917e-02
3.482324170807466878e-03
1.076380517947440191e-03
6.257913561026614419e-03
4.089369912354223757e-02
9.627878502493686288e-04
1.778554243865324361e-02
1.541507260200450716e-02
5.727309488839066320e-03
1.099903298637137060e-02
9.990776014322851062e-02
7.724408000915401751e-03
9.340594180580539911e-04
1.739254489797172759e-02
8.745312280367099206e-03
2.076010582515219749e-03
2.883439414386684482e-02
3.986812410812296675e-02
1.110606843039494643e-03
4.613168579561806489e-03
5.115560803983127368e-03
2.705179731841636862e-02
1.358439818305752500e-04
8.510080913003776476e-03
1.876459216270071756e-02
5.130087732021910291e-03
3.392392633731730611e-02
1.393442652061180689e-02
4.048315696862792024e-02
5.856294131193425651e-03
5.279349344142412331e-02
2.997212759464017683e-03
4.725304061769639713e-02
2.905866978779381854e-02
5.036302475871754641e-03
5.389680975871918855e-03
2.432274353026492308e-02
1.337106850037518557e-02
7.657939176141796353e-03
1.832364211916521005e-02
2.690719248381858233e-02
9.976000913054497085e-03
1.041156870954699498e-01
4.543395662351851216e-02
1.360060710297184526e-03
1.749424921992496357e-02
1.663439904639958059e-03
2.390374807129019234e-03
1.574732998942053250e-02
1.239536523675056207e-02
4.507502064641573380e-03
3.727037655272127242e-03
8.619106793458472179e-03
2.469610759216866666e-02
3.904090117185302772e-02
5.930350827813498336e-03
5.391015530595800673e-04
1.461315364835578598e-02
6.232218308573393706e-03
2.338040804605224718e-02
3.603888154073461858e-02
4.164637876767762238e-03
8.329801373735806758e-02
9.727793225521273734e-04
3.153862485078614414e-02
2.981518883462584181e-03
4.584945867362105743e-03
1.555765247930407380e-02
1.777215937529271622e-02
9.095113915428011328e-03
1.392737913948262699e-02
2.471610067596607258e-02
5.556317890139987614e-03
3.056878330262250559e-03
3.761523318153126016e-02
1.515463320121364539e-02
5.637389622634317830e-03
2.962610229161584743e-03
2.814086364702476917e-03
1.962447712004609587e-02
1.484408962099774063e-02
7.934144586321585646e-03
2.163288746233933343e-03
6.168148406362019588e-05
1.148832491005207304e-02
4.153642755392542713e-03
2.607206210813948002e-02
3.045384458307459196e-03
7.123591380538861137e-04
4.385538398554080820e-03
1.270155172547034021e-02
1.476310674691674700e-02
2.194758481725611263e-02
4.103697577114006657e-03
5.410988864812339011e-02
6.957323881549060812e-03
1.996469799373563198e-02
9.047583833911691104e-03
1.192781011669389116e-02
2.315647573828608433e-02
1.811432641011272507e-02
4.246298376363347518e-03
1.209053133781067164e-02
5.059765616982615094e-03
1.743463532842452757e-02
8.702949796977001509e-03
6.274295442146578076e-04
2.204163548951972723e-03
3.620947584284481269e-03
6.755219288775357600e-04
2.046151945058402588e-03
2.453503525006188457e-02
3.587262730456555401e-03
1.303518951706384224e-02
4.207153353107999372e-03
6.046659355122770835e-03
5.078521078656613244e-03
6.697879737974820474e-03
1.106968067851033313e-02
8.769841321489231512e-03
5.224899169342517302e-04
1.144034807461703253e-02
3.157476236804152708e-02
1.599937242095913342e-02
2.936752730431518854e-02
3.208797904448602856e-02
3.055814518067716951e-02
1.723876496677264475e-03
4.306918439932834811e-03
5.087361979100906567e-03
7.289364883106167620e-03
9.076060698190689668e-03
9.829652441949751455e-05
2.447557368731658259e-02
2.027802804786017765e-04
1.498394471463471850e-02
2.846722404447898924e-02
1.604930142951365227e-02
5.794030609384158079e-03
1.157010847132647346e-02
2.985808923021516376e-03
5.702717768130794590e-03
1.996123058208960910e-03
2.945635269814070312e-02
9.888239646701291533e-03
2.845537766470200222e-04
1.398487127705975129e-02
6.207902477430742028e-03
8.438947595510764427e-03
2.129332181981656580e-03
2.950253236828465075e-02
2.194158857219039981e-03
2.619151260756096000e-02
5.216477118614525066e-03
1.048531926222334189e-02
2.393479013498224506e-02
3.020248881374328759e-02
3.417704780718343327e-02
4.020566351959457135e-02
3.216745395051957314e-03
4.003288089262436317e-02
1.551027236747130108e-03
1.715609507705543810e-02
7.861386180662729289e-03
1.746348124406734044e-03
8.993837867327283964e-03
4.475735346849002427e-05
1.563768889451064986e-02
4.862071783172577932e-02
6.394879011266565820e-03
8.996865340600328914e-03
1.711600116911301400e-02
1.841108610211665206e-03
1.711820336136076967e-02
3.085370922441883768e-03
1.294934952588827626e-02
1.591862856865281298e-03
4.447820114280817347e-03
8.553860651612314389e-03
4.902257973273763808e-03
8.071227605853270592e-03
2.845402920990127218e-02
3.608639864725168150e-02
3.533502521796509643e-04
7.863503970528082365e-03
1.675417017367533679e-02
1.525000770696468590e-02
2.578592204778646854e-02
2.489640533074674936e-02
1.987854299942654057e-02
3.346022592054770373e-02
9.152179445074511838e-03
5.985262687548740385e-02
2.966302476088629111e-03
4.539999513512083841e-03
6.865797982166106997e-03
1.813044349725692964e-02
1.566956634952595961e-02
2.818032805046305489e-03
1.781729529560893352e-02
2.216466591027640987e-02
4.990627453556950761e-03
2.985172761389004274e-03
8.970571540542858838e-03
5.236097498020771644e-03
7.661901282275072715e-03
1.264006276645520538e-02
2.304474363880109483e-02
2.081387095179111635e-03
1.600241465136806318e-03
7.724061273627115705e-03
1.028574576285003206e-03
3.822673206279801790e-03
3.330062282305472354e-03
7.410848635610412655e-03
2.164302487925042276e-03
1.562691055940434309e-03
1.690414446326627546e-02
2.304516853112802480e-02
4.386328710400295983e-04
3.065853039581039816e-02
1.207777589716132680e-02
1.287407179263518227e-02
6.240345122009622464e-03
1.042901973022624350e-02
7.788930776598585251e-03
2.236891409958887550e-03
8.035360922564602909e-03
1.428907528483586153e-02
2.234222028528046883e-02
8.718648064640333734e-03
5.526288856881628186e-02
1.305666450970681056e-02
7.021694730458942664e-03
2.890957215963044311e-03
1.342845652270629672e-02
3.667055984681665427e-03
7.862701750243743584e-03
1.022624696875140682e-02
6.618390071667272848e-03
7.320845732059436811e-04
4.554203612371181265e-03
2.842391800260834350e-02
1.256637382853550283e-02
2.712858115519928975e-03
6.430497749209671161e-03
2.325515849795003684e-02
1.043916963643807226e-02
5.853716031385299001e-03
3.972656555417550250e-03
2.082042556255285504e-02
2.242099029456279952e-02
7.412450018722825489e-03
1.462424844038423370e-02
2.253902855900430380e-02
1.396327777671292972e-03
3.747341489328073674e-03
5.928387719552938306e-03
7.099900777375862601e-03
9.835246370070369060e-03
2.180505999625703510e-03
2.555894418373978738e-02
6.308687867436185703e-03
6.168829908551904523e-03
1.679892094315071221e-02
2.229945339622944455e-03
1.799598951439147212e-03
1.109962055395701669e-02
3.031222751015905797e-03
4.133790846514088027e-03
7.541917555422288436e-03
2.786028726995672718e-03
4.202703427603101706e-03
6.521233237554803497e-03
5.949133635659088065e-02
1.522228836771010937e-02
7.809079121394334709e-03
1.177059720468106099e-02
1.685676707070233454e-02
1.158566411566539119e-02
1.565694158605777236e-02
9.989915312708055883e-03
2.298144949842848353e-02
4.441758150813846645e-02
1.371704622246052059e-02
4.477490096631189798e-03
2.979440100564769572e-02
1.379310103126784801e-02
2.345303007541284842e-03
5.507936282303078218e-03
2.672325672851220621e-03
2.709289552358118587e-03
5.150730587774409938e-03
1.114630000134222108e-02
9.956981511244243285e-03
2.009815088182380360e-02
1.613985418667538210e-04
1.364572524411601651e-02
4.920965336937699330e-03
1.089964717472186387e-02
4.767252126669111432e-03
6.133560896001340537e-03
7.105247008200647925e-03
4.104809193351156328e-03
1.458149648309501820e-02
7.775449387736909669e-04
4.330029707123241034e-02
1.108378710348748193e-02
1.773871902111550172e-02
4.456312892723467145e-02
1.842772030544860551e-02
1.271125482192003026e-02
1.830265155794055451e-02
1.973467095041024980e-02
1.213590303754378923e-02
4.560673124563837527e-02
5.585183356005959596e-03
1.524572615124008580e-02
5.822031514070000191e-03
5.180192025105841147e-03
4.112418924102018494e-03
1.270280539951059925e-03
5.205813795089006026e-03
3.887408082644712437e-03
4.197510541416637868e-03
2.863340149076129548e-02
6.677076764439572945e-03
3.191997632307470856e-02
1.498370818844454002e-03
1.605759605104201473e-02
9.263772716850530303e-03
1.278096912960146984e-03
5.193785748557275435e-03
1.376307177350512972e-02
2.057016385299084357e-03
6.323129236132658815e-03
1.137497476295561659e-02
3.272506024044047335e-02
3.444508802415775783e-02
8.542211008699784891e-03
8.315356669922955093e-03
3.325201506678566316e-02
2.011643934193856845e-03
9.299722318488901768e-03
1.125937778174264554e-02
1.506873497899692202e-02
1.250577829113524650e-02
1.525591995943947378e-02
6.147125876848526758e-03
1.077264579025095231e-02
1.295879485239952167e-03
3.496172529863249973e-02
2.563903384141170451e-03
4.832106062847323774e-03
7.704770278577984140e-03
1.111140325327550013e-02
1.156413114945415571e-02
6.292904896673640926e-03
1.843500306708415262e-02
4.254539746813817969e-02
7.304842924874726043e-04
3.499005177659118837e-02
4.804593484335621320e-03
9.350250851788149617e-03
2.161186146052071315e-03
3.083284011064527704e-03
7.768537820182001147e-03
3.947100108088592157e-03
1.855588604516641201e-03
1.949924282811624915e-02
1.743720432696333617e-02
3.106926308540152067e-03
5.964982766732249489e-03
4.087199942242077111e-02
4.937084709882078905e-03
3.075560888795228140e-03
9.118486762291499320e-03
1.193486097686495030e-02
3.986074240377657230e-02
1.189987125002425414e-02
7.125212186678588078e-03
3.199647888268771379e-03
9.926662067938779328e-04
2.712545642589274733e-02
1.218074149799504638e-02
4.810940058418590806e-03
7.791860042793374158e-03
1.228938089965891239e-02
1.408482209499036571e-03
3.647025343432353656e-03
1.991302970786054671e-02
1.460572854607325097e-02
9.498775907741674462e-05
2.243530147852192125e-02
1.437878403948377425e-04
1.033059523180219867e-02
4.418799133265672099e-04
1.409662608923820115e-03
2.564263169139465240e-02
1.488346397311830598e-02
6.582695434141458413e-03
4.006149461021880909e-03
8.416080158008303752e-03
1.220435500912715352e-03
9.926720017651526062e-03
1.567065405904558006e-02
2.979613688004595362e-02
2.143582974722563726e-03
2.121321554526029579e-02
7.854785402698497357e-03
7.795630043221105088e-03
1.743016657761229868e-02
4.383743059292135279e-03
1.438343197476081928e-02
8.520864367299055275e-03
2.190622217931909033e-02
1.081485629559068851e-02
9.682209637398731666e-04
5.886530522682365332e-03
2.532902397385877746e-03
4.121894049362407469e-03
7.150018947450527927e-03
1.959899749253527293e-02
6.949554464685855915e-03
3.564418008578328773e-03
9.901292438223218903e-03
6.863661590075333281e-03
7.273820386112448940e-04
2.713037551911427758e-04
7.674871433144757685e-03
1.983737665232238045e-02
1.488078595911646561e-02
2.971017594687347385e-03
1.529663907002257704e-03
1.627937487919483769e-02
3.296302572061214024e-03
6.081812853268810451e-03
1.434636842527500442e-02
2.095610311469781745e-02
6.661844566162890106e-03
4.373771792653198542e-02
6.487520369764332093e-03
7.043460975235226428e-03
1.846687098086325154e-02
9.785983299384643647e-03
1.285369877380136694e-02
6.683825405413018270e-03
1.168537313156855703e-02
7.875418318916492522e-03
3.629348774033293312e-04
1.025603639558009955e-02
1.316034085999367130e-02
7.275901685311392253e-03
3.964069331285360182e-02
1.158439777958688091e-02
4.330276784216782748e-02
2.589053895646809336e-03
1.638562424778392673e-02
1.142334768198460804e-02
2.195225948772515281e-03
1.579229377911099685e-03
1.542270422347050488e-02
2.600375590424722216e-02
7.934431318412071485e-03
2.343006684882745563e-02
5.498265670235424896e-04
1.050570944610571423e-03
1.521941547500606229e-03
3.866668846871886608e-03
6.404440590610366128e-03
1.175444971059820543e-03
8.340438314479779389e-03
6.960143009601861552e-02
4.268305276221484069e-03
9.635986228177731081e-03
1.108314286713502246e-02
1.121600125039943704e-02
1.653732385351207312e-02
1.031221620064155797e-02
1.143417799332599460e-02
1.134276331389239695e-02
9.858298446227211145e-03
1.316927534962111096e-02
2.290891453176608500e-02
6.865398219512790744e-04
1.281988667748026542e-02
2.040131093003771066e-03
5.210641656509639418e-03
3.527411091688390649e-04
7.782094815647256150e-03
1.934129368810878075e-02
6.810710361384176258e-03
3.940386906299005176e-03
1.424246859774286160e-03
1.409485745325734368e-02
1.342475259877889959e-02
4.098400746312392401e-03
1.363886544302573417e-03
1.072384273671247133e-02
1.364435887938891638e-02
9.413334503723468083e-03
8.786274349321535407e-03
9.775739450265193489e-03
7.683398117203709549e-03
8.033513755957816249e-03
2.277174000871724432e-03
1.072274034771660001e-02
2.792437460695355173e-03
9.867644605526608090e-03
2.720858455522309587e-03
1.238640439805330749e-02
5.156169573517082293e-03
1.020952858018420346e-02
2.359057237038396024e-02
1.479094906541096946e-02
2.288633336199549784e-02
3.121176998036398562e-03
1.047760579308462670e-02
1.269888110478147730e-03
1.858955960165345131e-02
4.315077859215202954e-03
1.052363719732954048e-02
1.420784180916036732e-03
1.841596982161936014e-03
1.108840667904672367e-03
5.239133433866827866e-04
2.917433667059480054e-02
6.195075506684168121e-03
2.075207964072462406e-04
7.757575327124829239e-04
2.299897789052222398e-03
1.186008792957296901e-02
1.145431659448422007e-03
1.153750224687084130e-02
2.215116097740881668e-02
8.957297034498802601e-03
8.514658457526396579e-03
9.531773038037487985e-04
2.236678071023506797e-02
3.021546157208385153e-03
1.992655530263798443e-03
5.016992752856272615e-03
1.259127456816983015e-02
4.528458198818287317e-03
8.278315650239110451e-03
3.070958568494255511e-02
8.435963064610235013e-03
3.023221671877736674e-02
3.642258752789977270e-03
1.751728431959571897e-02
3.013639550033746228e-03
2.363204731265116862e-02
3.844749327323085039e-03
1.629836118309683189e-03
6.357492146191613680e-03
1.431503914835786928e-02
5.834521416097247434e-03
1.125385916175933743e-03
1.556308516853836636e-02
4.623685711414317855e-04
3.275504073604699855e-03
5.558281856077916874e-03
7.665623636460220346e-03
2.888506224736390321e-02
1.855707278099569257e-03
2.998996002168706487e-03
1.171081029634024259e-02
1.919534692295141870e-03
1.042400553157177452e-02
4.711255440766887528e-03
1.701106296913525162e-02
1.320214362626497516e-03
1.985834266813822288e-02
1.109168467675382408e-02
1.809338917323566462e-03
1.452646093615039477e-03
3.861341033180926228e-03
2.963102815452091712e-03
8.240836226135828460e-03
1.186884803850427744e-02
1.661151799155155886e-02
2.725407199981500113e-03
6.184875069103232953e-03
6.163547159056671776e-02
6.731304665703367884e-03
5.830861008006560375e-04
5.681954466518110078e-03
8.008925962918432562e-04
1.473843604099064897e-03
3.433968307110131513e-02
4.139928797417382310e-03
1.331458765818951213e-03
4.297225378863471848e-03
7.835577758619640884e-03
7.654787239324825285e-03
9.910336822311011443e-03
4.335042790046661661e-03
4.994083649756436011e-03
7.024221965025688463e-04
1.836317605892983512e-02
1.949078412148074618e-02
9.308675180911499952e-03
6.362187005083699831e-02
3.562243157505451049e-03
8.709029199218397063e-03
2.171139831128085854e-02
2.983656436776686328e-03
1.202647331861918072e-02
4.392558836821821439e-03
1.943112495395821898e-02
1.071937276964532101e-02
4.150355748784969462e-03
6.745360236874323699e-03
2.167551939339135147e-02
5.175060190124515513e-03
1.145303615279888443e-02
4.811702248798872296e-03
3.924216313338004317e-03
6.200312444220127187e-03
6.189004717233624608e-03
9.664383730776191644e-04
3.476908828541643015e-02
2.113902521842896554e-03
7.634169100777264683e-03
7.481731959157050804e-03
1.264912558180667987e-02
1.945303309602187426e-03
8.013409353367705740e-03
2.495508707382279937e-03
7.677517702811221569e-03
5.352781763846784467e-03
3.115840096716607915e-02
1.890658479881888662e-02
5.766164338464371385e-04
4.975716193962954198e-02
2.300141520798597294e-04
4.824003033686732195e-02
1.331706733713127963e-02
2.060715245404496059e-03
1.544886046610893099e-02
1.076063964084822758e-02
7.235651342067125902e-02
3.655448001883259985e-03
3.273039728365125314e-03
9.814934403759594320e-03
8.141273356259227933e-03
4.492917569492139128e-04
3.182280536555401329e-02
8.116916354684755586e-03
6.058762811886071915e-03
6.129026547781998673e-03
9.144818280285193363e-03
1.353024276145276851e-02
2.515235617129586709e-02
4.336141888523761465e-03
3.001443688130163434e-03
1.055157600816393135e-02
1.380270303457238786e-02
1.088065505099782004e-02
2.416629370450662333e-03
2.333893140748033099e-03
5.818285044141835449e-03
7.497853111543531859e-03
2.393519158696357646e-02
3.013284772274217593e-02
5.313458664682885191e-03
4.939173351137329804e-02
5.911473647667623080e-03
6.272010173715977799e-02
4.003919779502752851e-02
1.375468784324183902e-02
1.182493755595171413e-02
9.750643761420306824e-03
3.211477700977891786e-02
8.553794638892379953e-03
5.140179868435386899e-03
1.404940005144052380e-02
6.248226293330423273e-03
3.138824542526603631e-03
4.951716873061540181e-02
5.206108729556085772e-03
3.876275339269629958e-03
1.055302078427212617e-02
1.314027628252658828e-03
9.680522731578206433e-03
6.094225433763337738e-03
6.295119523222755115e-03
1.135524961944377187e-03
1.058789477174018265e-02
2.566765278229119623e-02
9.912189860570089217e-04
1.991944236411970562e-02
3.296618302736537519e-03
1.496717902193298727e-02
4.901874249927003213e-04
1.122424622245526103e-02
3.498200507611065081e-03
7.710080876394216978e-03
6.009984265128854447e-02
2.403753382470172947e-03
5.070800024187211569e-03
1.815773770022660952e-02
2.225407149374848681e-02
7.904883761499736233e-03
1.136187003340834341e-02
3.846398101893444207e-03
7.332979100641463799e-04
1.032410844264620813e-02
9.244088382505163959e-03
9.496579609758800528e-03
2.347490198573594887e-04
1.791673057899000054e-02
1.109013102681940914e-03
7.791189960651368797e-03
1.724237902892743202e-03
1.004174409502647108e-03
1.673870304296921907e-02
1.211442525574186677e-03
4.702993747643662188e-03
6.921681228605307268e-03
1.115032510676078337e-02
9.505447800693987009e-03
1.250164239111042214e-02
3.344561209221161291e-02
1.374010153931878257e-03
4.048667496910748897e-02
5.209640869757127188e-03
7.200097487255217865e-03
1.054020076209349552e-02
6.203072665236390726e-03
3.201936180570955082e-02
9.133370750602129960e-04
1.850171370030438342e-02
1.236990432877206440e-02
2.833704791311560112e-02
6.406806005006449381e-03
1.235974048996069108e-02
8.709352641395223457e-03
9.757563484299397807e-03
5.275711152564701092e-03
8.043441479143906975e-03
8.308411824362966699e-03
2.884730694729351584e-03
1.921723000070124860e-03
1.288073907465042385e-03
8.280620354421605600e-04
4.386719878301113124e-03
3.093617059678529374e-03
6.095546215113593902e-02
1.939298024224424960e-02
7.994343242775192419e-04
6.021972767870226173e-05
9.236185865772492815e-03
1.005358901487462923e-02
1.489306021513591045e-02
3.535303296524848482e-02
3.233045354784665985e-03
2.371583202768422216e-02
2.051361539753891045e-02
8.041203776540193499e-04
2.287016145691098817e-02
8.930846584126990798e-03
2.357743690570433467e-02
3.024124742752479309e-04
9.679222326807995075e-04
9.520559788556422209e-02
3.508499316796510892e-02
1.075502192846817390e-03
2.280663535592862209e-02
1.505219438218000430e-03
1.197688750627462495e-02
6.661441640009427984e-03
5.812693549289517370e-03
1.668370976835872529e-02
8.180484058602711245e-03
1.309652529638856075e-02
3.072437903593266267e-02
2.102298444728815247e-03
7.386154745895802398e-03
8.249474171175281978e-03
5.736795757350752339e-02
1.349725686285761783e-02
4.377352674539685545e-05
2.456918775124135312e-02
1.462896935325933880e-03
2.961669919267724983e-03
8.795706139091093168e-03
3.984985466688535649e-02
3.995946550353222416e-03
1.712995289050806696e-02
2.144942889301071354e-02
1.075648367276880145e-03
2.599469843787827888e-02
1.220958163594350679e-02
2.402694498906707971e-02
7.302971529460370627e-03
1.038034008717207864e-02
3.471466465114025901e-02
2.673369337859839850e-02
3.708633191491271866e-04
7.169464681931045011e-04
7.618448809076222572e-04
1.245064500170394838e-03
9.536309382243384272e-03
1.991894970815058508e-02
2.772087576088389654e-02
2.342414169851655611e-02
8.856464578541231938e-03
1.865848165375581791e-02
1.776151392161852416e-02
9.841453304845468320e-03
1.956383207914191846e-04
3.920648419244956995e-02
1.902955623406612368e-02
1.237023333313734541e-03
1.911831635885213095e-03
3.444354817581844752e-02
3.424772356584941668e-03
2.100207722015451361e-02
1.364338473273028762e-02
7.901689053309060226e-03
1.429745882598892383e-02
1.792964713719585358e-03
1.995050906983847350e-03
6.902368305726680822e-03
7.787993613219093558e-03
6.811343530446684058e-03
4.288492764802580293e-03
6.491250302559510056e-03
4.288015997450534550e-02
5.849100437779579387e-04
3.701930774327986257e-03
1.743090094510704041e-02
6.892596524634544107e-03
2.106897366860854132e-04
3.563770959011023764e-03
1.782297916853660055e-02
2.516214842324915671e-02
2.340013784833662458e-02
2.888371887912945246e-02
7.461611933252821315e-03
2.254312436849153362e-02
1.118605861030140362e-02
1.236850598669713211e-02
3.053663603461163889e-02
1.844887923702753091e-02
3.016805858134706531e-03
6.021783554768945362e-03
2.909565034946577644e-02
1.241529642204228928e-03
5.863428498063598567e-03
1.609965150609649412e-03
3.744534933706235476e-03
7.441490206251011319e-03
8.834698344787587573e-03
1.269768645429584716e-02
1.291952518580202422e-02
1.855529570566866876e-02
1.382888653233802639e-02
1.615643827925852165e-03
2.946753160113943244e-03
4.354189277276601655e-02
1.101282527156774438e-02
1.348800872042090968e-02
6.897947681297346423e-03
2.005271517501061411e-03
7.615006906640076068e-03
1.436609289542605146e-02
1.342028480848031849e-02
8.938897783696265337e-03
1.996799861573730211e-02
1.455568759569802334e-02
5.271910138176157459e-03
1.130351869195585224e-02
7.715357796452165448e-03
1.396651900009954032e-02
4.995921448873352072e-02
1.514949099228837803e-02
4.168781009792968395e-03
8.223184533631614076e-04
3.621233585734183469e-02
8.593233546006960599e-03
5.859151968148157939e-03
1.986439328033475296e-02
5.361138873865959296e-03
3.863052109806958123e-02
9.882556615883249587e-03
1.124425399295527449e-02
1.477747183426594835e-04
1.484267595914667837e-02
3.289135165871257156e-03
2.529062035078947016e-02
2.158224989044020548e-03
2.229034648234400409e-02
3.028716491078467521e-02
1.069982602010616755e-02
1.726730390613998934e-03
2.865934201913262688e-03
8.301366078670003798e-03
1.871750791399583169e-02
1.439199478964464304e-02
1.215770336973908544e-02
2.790313811050759013e-02
5.593234508170190702e-03
1.138689455509554575e-02
2.357648658534954034e-02
2.671765725433402142e-03
2.527421809269578615e-03
6.864363172319646461e-03
2.133114080481839699e-03
9.631530803010216607e-03
9.170587218393323400e-05
1.521293535611371178e-03
3.114259130305460990e-02
6.971243416734148289e-03
1.682038249493351609e-02
6.795271202909292096e-04
1.114906117766274740e-02
6.320917233107787095e-03
1.016207118995088830e-02
1.710283472635733965e-02
8.227103215716714824e-03
8.356353017118239510e-03
1.534747494772075935e-02
4.253220716046487992e-03
2.125327612342833156e-02
1.614506710145190149e-02
4.500847005083883495e-03
9.248002622170410636e-03
7.814853341310792206e-03
8.874071795782813646e-03
3.398848391309675782e-02
1.952295108279074320e-02
2.855412213234407443e-03
2.479293657155008657e-02
1.887920209078267422e-02
1.589567624277199442e-05
1.201425097434643749e-02
1.741110201243471029e-03
3.170493557924112214e-03
1.214024696539018656e-02
4.997691841044498220e-03
2.458648288833545532e-03
1.062555502037169572e-02
2.204550264235870943e-02
6.677564251077542853e-03
9.323151568828544388e-04
2.407870692427569251e-02
5.365596115391397213e-03
4.715266081919158858e-02
7.001880646276712090e-03
4.888980126787592813e-03
9.901354819236441937e-03
1.463124323068042826e-02
2.569059235537924507e-02
3.199327477644081652e-02
3.278669651275351038e-03
2.014217086668314977e-02
3.014102283404013899e-02
2.927566966432439220e-03
1.173293403771692722e-02
4.418368334255925664e-03
1.390171056725552669e-02
1.344799712511106013e-02
1.711188225370510393e-02
1.793311132715873571e-02
3.340242582194818954e-02
3.086370288100624693e-02
3.987765921718343029e-03
1.841162222116919656e-02
8.462372290693360999e-04
5.184038006179114699e-03
9.805514972489095746e-03
3.345202441344580918e-03
9.625390241546537273e-03
5.504653728727382234e-03
8.767522503229218528e-03
7.607442590499637752e-03
4.245177708385219559e-03
3.580674189372339000e-02
1.357600744541130611e-03
5.441949666259615626e-02
1.250607716121620618e-02
1.287652468871500200e-02
8.810249908346709513e-03
5.917705322884327448e-03
2.296034153739312522e-02
8.925005904410603444e-03
2.970665862677646703e-03
2.010532310350744353e-02
5.652440055620491788e-02
2.522328728097431721e-02
1.841870864586678258e-02
7.073274285126671893e-04
6.569318143990935700e-03
3.321189243720022895e-03
1.858292904120618927e-02
1.750504200666544094e-02
1.335520404172237281e-02
1.359752049052450132e-02
2.354203191341076255e-03
2.418941515509933325e-03
8.015757701785293163e-03
8.671478828125186306e-03
1.470129636930565808e-02
2.894398183225054769e-03
1.336255204476371333e-02
4.236364894638695866e-03
9.224193201860138303e-03
9.679278134844171780e-03
7.489443029045971499e-03
2.076474338935008906e-02
1.253257316561365471e-03
1.024175038674791927e-02
4.635678034768747624e-03
4.062610425546025854e-03
1.655157317358870242e-02
3.303119882180755723e-02
1.160507492764464854e-02
1.746141139627029049e-02
1.341540933261183184e-03
4.232420455737729431e-02
5.599366800604135136e-02
3.078044812729286220e-02
3.912550733984363621e-03
7.652705391275800052e-03
8.601556070646424043e-04
5.081189763694250044e-03
4.683836766176879829e-02
7.973241686967861772e-03
1.060418806040257581e-02
3.338685868113028601e-03
2.408633322706155502e-03
1.839800967500552012e-02
5.679726253943798674e-04
3.110711928251397307e-02
3.000777281853136969e-02
1.667814624193814793e-03
8.770453749474375893e-03
1.621093169786834431e-03
4.940993277870557587e-04
1.702311073757701524e-03
1.254348099036555614e-02
1.526694612770335829e-02
2.526479250667958490e-03
2.636725930130576212e-03
2.361771530597117988e-02
1.677566824001403695e-03
1.807385267298502324e-02
8.151979931322807238e-03
8.154891115535833554e-03
2.562171118430297406e-02
6.959075322609455105e-03
3.459299857690171370e-02
4.083277497491610841e-02
3.807461032165895820e-02
1.638662849053979182e-03
3.522950312695188706e-03
1.560706237416741027e-03
2.625392292070805045e-02
5.996816467981268273e-02
7.658804550896363209e-03
2.921064266030567059e-03
1.383915107967984698e-02
2.637784932574660512e-03
2.880532421310449259e-02
6.143193365162811365e-03
2.403308199912899262e-02
2.641787697091833517e-02
1.492126041608985224e-03
4.492620243960042392e-03
1.269829120780797439e-02
4.838089186088986512e-03
2.835663845947571093e-03
2.844255895320649957e-02
6.020244666839027689e-03
7.079465872921784399e-03
8.727447543918293374e-03
3.248065259834677365e-02
3.988422996869293857e-03
1.849736755863864816e-03
2.285401274541148768e-03
1.709415289086037640e-02
1.223376940184527084e-02
1.377198536748355101e-02
4.034266725666207573e-03
3.009583669718381149e-02
3.587911811774890936e-02
9.480904539406354720e-03
8.841838517457838165e-03
1.294040408410724111e-02
1.605062293603908008e-02
2.194491897385514659e-02
1.003497215104908954e-02
2.294009634341650020e-03
4.824459034063824370e-04
6.197478257151198960e-04
9.890740186652249508e-03
5.577145832765077749e-03
1.332329485489255547e-02
7.586450567082602021e-03
9.069199538768897562e-03
5.172659343642384971e-03
1.936924770082860264e-02
8.027672717450848316e-03
1.921844422882974801e-02
9.307432960144523815e-03
2.315741150434307005e-03
6.031283194893815626e-03
6.749367093329241077e-03
7.844772329466473057e-03
6.573880350892227428e-03
7.667836857274547280e-03
1.413487759481069778e-02
7.399415597448480778e-03
1.191473466561506281e-02
4.789663378680642826e-03
3.324375453883313819e-04
3.171329135583330489e-02
3.714858504261246003e-02
7.923366130525778817e-03
3.024051084669994796e-03
4.836972097815657630e-04
8.947322201855758411e-03
1.903937749148117142e-02
1.039607510879740626e-02
8.497345353504137319e-03
1.771418561504269421e-02
1.251087090776637455e-02
8.883363909166689873e-03
9.880263364993700434e-03
1.997062637900643561e-02
2.499068390596825492e-02
1.817128301192830198e-02
4.506040713058859573e-03
4.201838123051042373e-02
2.956001972743017847e-03
3.529476139949387636e-02
1.296738720292626990e-02
2.293401909622815472e-03
5.258829512443406740e-03
4.107391098024550449e-03
2.226715675467515199e-02
2.416173070549219436e-03
1.240119782197072681e-02
1.763280682746881265e-03
1.549485586001904044e-02
8.365749257101135969e-03
5.310460132873845093e-03
1.157291144715076603e-02
3.170272029919104541e-03
1.631893247771767919e-02
8.171308396959281808e-03
3.205769540275592300e-03
2.587704514318589499e-02
4.104604740892956773e-03
4.832819402217136684e-03
1.746629061399060379e-02
6.952018602446358338e-03
1.020179078374879381e-02
1.480205175353714077e-02
2.241674210708575511e-03
3.460334879854049667e-03
1.267678019235534206e-02
6.422707172162272007e-03
7.236881495500597714e-03
3.885165453046748874e-05
1.920978619024391737e-02
1.098584017645321508e-03
5.227888607880768271e-03
5.815333096714815631e-04
1.417920143526457503e-02
5.461657284500624635e-04
2.275811602273465455e-03
2.004016721308174431e-02
1.466744447373071608e-05
2.137032289609513275e-02
1.198736336151650077e-03
1.325708863102077403e-02
4.295150948841683358e-04
9.084241567016461405e-03
3.816811075003759962e-02
7.132153192906953883e-03
3.306857840768441525e-02
1.677098939538361824e-02
1.052280005054243104e-03
1.546753095862015565e-02
6.264924280899681827e-03
4.262903680789885581e-03
3.355351065732018606e-02
1.057020634370981621e-02
7.346959603422418932e-03
1.329778890435942378e-02
1.125375542936058165e-03
8.096117594716054078e-04
2.264404348595991032e-02
2.533852950946527405e-02
1.213388242243952468e-02
3.973595294957486292e-03
4.169833474760253206e-03
3.007427600668922930e-04
1.718784908665118086e-03
2.270529473084077418e-03
2.239175154433950543e-02
1.307180140542134805e-03
1.810746703197335661e-04
2.693558482522788455e-02
1.446558553420955115e-02
2.715800078402230006e-02
1.374016531503850086e-02
8.356008548166983865e-03
3.513179242790299972e-03
2.593009246210243885e-03
2.280503794358437752e-02
4.154829273950905004e-03
2.933773493549619513e-02
2.813825914869051009e-02
4.484878104082025418e-03
6.653257659383855771e-03
6.428046236854265127e-04
4.897419632504815962e-03
3.338602563788849870e-02
2.366662577643615165e-02
9.507574887632670030e-03
4.933779491843520715e-02
3.234074902237722877e-03
4.366735114751264107e-03
4.164254541624762274e-02
9.108340112891646911e-03
6.504837025468584999e-03
3.298470680552244294e-03
7.850267991282444333e-03
7.156851584341007537e-03
3.528961151055597448e-03
4.017171075582796035e-03
7.290299411924890116e-03
8.162271950341831728e-03
7.766478728876660687e-03
6.333224998005038131e-02
3.555346719821222273e-02
2.289293160269745275e-02
2.093381462017516320e-02
3.997226311426006068e-03
1.064359254546369885e-02
5.337569218183357139e-03
4.836867568624655077e-03
1.005129448530477435e-02
7.780578938566876102e-02
5.005510879258514428e-02
3.322678016209659399e-03
3.705747002024143560e-03
3.244231185143719130e-03
2.508533887821272519e-03
9.109241547815512263e-03
3.485096782308351807e-03
3.224007127786653742e-03
1.757626008553378472e-02
2.105991890650926041e-03
5.220429521968267608e-03
1.669907101405039215e-02
6.316175923261030389e-03
1.139268161224894077e-02
1.833584217991526388e-03
7.376567102975280753e-03
4.513482010147631951e-03
1.872557419449641207e-03
2.450029979142387664e-03
1.705326771769909155e-02
1.973342116034506460e-02
4.070975539238633895e-03
3.954869772744538936e-02
5.425461692480223683e-04
9.866662515737137026e-03
3.300689113683756559e-02
3.241309621202390686e-03
9.106063203034354264e-03
1.207179076960275717e-02
2.428518800724396159e-02
1.277410588006689350e-02
5.079788838121046535e-02
2.884822857136423030e-02
6.285459841425611663e-04
5.037139494500380253e-03
1.174423432224226856e-02
9.539236078886863604e-03
1.165262912253686028e-02
9.880261307982500171e-03
1.179138742442888133e-02
1.558190164678871850e-02
1.310872539084679753e-02
1.292814640828382315e-03
4.552475656559072659e-02
3.330049176238757819e-04
1.354096557357164360e-02
2.081190373608233363e-02
2.862087567824531456e-04
1.562602789460283692e-02
2.997362386759329367e-03
2.507026176542394291e-03
2.162468574355846593e-02
8.033176404425638323e-03
8.078718815055551186e-03
3.330182760421943750e-02
2.337269607030307422e-03
3.882791008687790091e-03
4.004514433530681483e-02
1.456837248149023267e-02
6.661712503938797131e-03
2.661190233575784145e-02
2.752353643987806575e-02
1.010151608644663246e-02
3.991677497297241306e-02
1.187646651629201654e-02
1.897771428336834237e-02
7.743294522942445815e-03
1.485726063665693958e-02
8.287023280069014119e-03
1.626856976169876665e-02
7.001396741561438132e-03
4.916121380829713977e-03
1.689067964443994110e-02
2.492214782543578956e-03
1.542610918852715604e-02
3.221272584225139124e-02
7.562803324574175583e-03
1.624460254717302252e-02
1.105845672444918243e-02
2.893767696748953452e-03
5.109027712611085084e-03
4.736222244418747396e-03
6.419468855989520807e-03
8.225074942565916564e-03
4.291365043595443338e-03
6.419438365743724770e-03
3.923234169185287751e-02
1.913630656101701633e-02
2.831929534746224254e-03
1.447702684248156936e-02
1.671456386345845924e-03
9.901584816817250723e-03
4.006822628033975681e-02
1.115315606985414591e-02
3.780596036897157508e-02
2.422686024506767732e-02
2.280510907834279455e-03
2.384001924561230182e-02
5.239012628567678298e-03
9.434142553288983601e-03
1.251323980319284448e-02
1.955636274829124915e-03
1.228505339915871714e-02
2.339302135267656846e-02
2.210735931632293316e-02
1.171563084483271538e-02
7.834743281633341216e-02
3.971317667311880656e-02
3.934658811588357015e-03
4.680501776835194194e-02
3.680923674288814895e-03
3.638347587717472020e-04
3.596124954481977332e-02
1.017957231972674292e-02
4.565642686441655912e-02
3.527876750330296261e-03
7.354466394432110712e-03
1.512440312298616793e-02
2.395572031566509108e-02
1.537590412976018537e-03
1.570475153422409322e-03
1.239914634514652572e-02
8.802130473842133956e-03
2.433118925607779398e-03
2.374732500433714144e-02
6.234210438253322273e-02
3.784831666233907932e-02
2.895630272655396256e-02
2.394025883616091033e-05
1.584612077755405413e-02
1.299911461357135603e-02
1.009503391599195742e-02
1.180049219424647404e-02
8.005830572773479925e-03
1.081954288822171290e-02
5.308815241049126554e-04
2.472750678101922131e-02
2.034386566164380489e-02
4.040158359502252911e-02
2.154844799675589145e-02
2.441011368907484297e-03
3.861699417973148141e-02
3.017088321787125826e-04
2.038302410112487542e-02
1.729630944844918333e-02
3.226292876765818329e-04
3.789809725319560896e-02
2.020303553771172697e-02
1.669694499465359736e-02
3.645939760301403210e-02
2.156418659278051819e-02
1.805299777859544277e-02
2.521878010109353946e-02
3.813826605220956446e-03
1.492590171847833075e-03
4.713995484045566120e-03
3.286449670113847366e-02
2.539807869445785335e-02
1.441700200654776574e-02
3.839426922691712568e-02
1.291160060033307543e-02
1.800553506179024266e-02
2.561359979188281705e-03
1.781034205557312927e-02
1.408329477396105117e-03
9.293841699419533309e-03
1.687812935393240288e-02
1.412004113933045674e-02
1.414616279738737216e-03
3.830625859853265675e-02
1.110042440877191151e-02
1.208330990402389088e-02
6.617858667942733142e-07
2.050250892050693718e-02
3.214306481013778395e-03
1.138694958919765458e-02
2.462220926266867060e-02
1.414090693378584158e-03
1.503905469079723847e-02
3.609256423107284895e-02
1.896124331403266708e-02
8.973802855990590382e-03
7.835183101784309184e-03
5.155170564460943849e-04
1.639547671884220015e-02
1.402515375245246346e-03
1.579728378170289910e-02
3.449920485648512447e-02
2.845355542378246588e-02
3.263163925453120562e-02
2.154817098935118969e-02
9.054517671304705695e-02
2.947048953271431612e-02
2.232445557669611794e-02
6.273810251297574220e-03
1.238626448787987508e-03
1.742149911569950901e-02
5.664606204905983655e-03
2.208101084831748384e-02
2.518963472359442290e-02
8.078080901541320399e-03
6.408270887699143992e-03
2.184989627969988538e-03
8.082075774417654332e-04
3.990832190130791032e-04
1.762211062628777497e-02
3.949690667960031529e-03
2.034276360280470181e-04
2.492157525746790947e-02
4.550202294462830574e-03
3.150534445663294436e-02
2.747001399692440560e-02
1.690740536813921738e-02
7.745066235513620861e-03
2.751677639704699918e-04
9.911606148909728187e-03
3.299632779621022513e-03
1.897072608875702629e-02
3.484641308375882249e-03
2.676008316188379504e-02
7.524785163998518739e-03
3.164493283990441053e-02
2.149059336139699100e-02
5.865453328905001831e-03
2.886692729602204077e-02
1.528495073654206025e-02
2.078958825889251974e-02
5.279460100526335228e-03
1.369244118261325402e-02
7.774719289855590298e-03
2.219048426861849888e-02
2.043519361486124952e-02
1.636774114471263933e-02
7.327671253629268640e-03
1.492182459274160253e-04
4.752456201762086810e-04
1.317235146802913075e-03
9.029179606264519514e-03
5.443693321281636160e-03
8.481057521292858017e-03
2.156096305545946758e-03
3.109759708479054204e-03
1.241957429682230551e-02
1.238992986820268427e-02
3.008022753616055103e-02
4.738799263298766606e-03
8.959300379566617623e-03
4.884503303306579614e-02
4.359830973194206080e-03
1.050129144655816485e-02
1.449047482555589853e-03
3.060500992562495762e-02
1.450483946927481546e-03
3.774933035069082121e-02
4.615878832707052959e-03
2.044757796349848389e-02
1.924695435127233775e-02
3.529007525865961864e-02
1.375422101754033774e-02
1.490406383029189985e-02
7.671046402439354569e-04
2.314089810505981851e-03
1.046481040735905595e-02
2.567139156194770191e-03
1.250947445873181775e-02
4.042572321121856022e-03
1.356126225057857149e-03
8.202595239247677250e-03
1.759368878852821767e-03
5.452680047614342704e-03
1.335639319181473536e-02
1.605385695032647206e-02
1.435142564283828359e-03
1.339653050708716417e-03
4.008438428975691359e-04
4.654379162408234585e-03
1.555130336912444872e-02
8.411982539408800752e-03
1.506776587091289248e-02
2.117411054773244566e-02
9.764253764344955899e-03
1.851539752366348698e-02
1.778182193932348375e-03
3.362987859700884707e-03
3.266162644553451816e-03
1.250118963314020976e-02
8.758626798329383761e-03
1.102195982488169204e-02
3.796179077256518070e-02
1.164369704460416211e-02
8.906094329315486155e-03
1.085198848828871233e-03
1.015364622752605236e-02
1.005134815713332880e-02
1.676093658131627695e-02
2.027719802297846957e-03
1.274450091347811322e-02
4.865605949417026177e-03
2.862513357576360572e-03
6.518486103088161690e-03
1.635427988113889383e-03
1.583116618602906089e-02
1.165867538879072213e-02
1.590928549841535977e-02
2.892471852124875627e-03
8.791348507985680474e-03
5.679694295935331684e-03
4.616998368966170746e-03
2.351586071578307818e-02
6.640210548037064203e-03
2.344719305356486594e-02
1.628959332740541679e-02
1.823177617187236518e-02
8.495985838157560019e-03
2.629785094312886082e-02
1.612748216030011374e-03
3.612661643679549416e-03
7.634227030000466027e-03
1.141591813848160872e-02
9.178563595187025359e-03
1.495641069332705533e-02
2.472338793164662995e-03
2.037979917167773158e-02
4.624683481688905869e-03
4.176780890773420032e-03
3.592610860544221373e-03
1.887791449879626035e-02
1.665273215438058466e-02
8.250714571730752289e-03
3.203202986845939126e-02
4.426942593217481764e-03
4.716467949852930263e-04
9.181366492437536761e-03
1.651954248069745224e-02
1.355748740142568264e-02
1.721932485097014617e-02
5.814932982478170087e-03
4.357365376071141438e-03
2.234984809346169873e-02
8.836289624402672571e-04
1.116639986091125421e-02
2.658598549513136681e-03
3.234989830089556734e-04
2.638635252159344385e-02
1.424183630609528704e-02
7.836891881550621039e-03
6.440158167177823315e-03
3.986447781649742929e-03
6.801829537976549281e-03
1.223048393470539371e-03
6.988534624233723111e-04
6.795293767926527048e-03
2.754692041984088680e-02
2.022164427728619790e-02
8.592348496578718769e-03
1.577353481978721259e-02
2.809131597023377652e-03
3.114925424399814236e-02
4.436050784791659152e-02
1.511515021002390533e-02
2.191475939040954390e-04
1.705031501061454041e-02
3.076069322633666163e-03
7.003694195450004684e-04
4.662090143010974401e-03
6.717177599821530509e-02
7.742459991445418965e-03
3.306224626947742995e-02
5.915580025482028090e-03
1.235923398138440155e-02
1.513122284272220772e-02
4.007271595716200424e-02
1.229397006708875251e-02
3.819430576952238549e-03
7.761582444738231862e-03
6.800138163632687971e-03
1.624329300956203759e-02
1.453259805056309091e-02
1.105932842898839190e-02
1.320042341797672634e-03
3.224372707301118371e-03
1.569750996484809346e-03
8.717306760613417055e-03
1.298539445865976895e-02
3.995765762677085109e-02
1.542068218736705049e-02
1.133203364268937571e-02
6.813716072174809402e-02
1.582136574663428261e-02
5.012893316489107354e-02
2.178367520209593955e-02
1.335987547375748832e-02
5.245028350664901300e-03
1.349673221373882612e-02
5.499999882636294121e-03
7.655459368489024759e-03
2.176764888477381379e-02
1.731562154765274586e-02
3.402834208598517346e-02
2.273180877959155022e-02
1.010555867631164617e-03
1.333433136467227983e-02
2.098127850563730190e-02
6.013716874633184134e-02
1.626109450275082385e-02
5.846541067743276504e-03
2.301021418880160041e-03
2.904120615544042439e-04
1.225939342880943278e-02
1.207889056926198315e-03
1.196932528940040930e-02
2.193305603739051368e-03
5.481881972110861506e-03
5.171681007790112326e-03
1.695638259039788931e-03
3.838556113540590904e-03
1.406168206420015283e-02
1.601784265679356833e-02
1.360997425389860217e-02
5.986084594210835941e-02
1.951610788563597210e-02
3.929730628908938150e-02
1.690194511381087894e-02
8.233785163756203451e-03
5.141244635386879071e-03
3.737378557599389806e-03
3.040291201818645216e-03
1.659759364147648728e-02
4.637012834914218742e-03
5.431267386826281116e-03
1.509629702666377693e-02
7.811177622707768040e-03
1.106840646707266812e-02
3.283153657352590182e-02
2.616040672111971319e-02
1.271213864987742748e-02
1.704738602792910465e-02
3.341642203575518125e-03
3.741621330537115570e-03
2.626887595431981123e-02
6.954864865367118947e-03
1.593037941955843025e-03
2.177742442423563803e-03
1.780352397605844059e-02
1.919101508360280183e-03
3.652086492158836822e-03
8.943168443446537774e-03
1.139706730910818207e-02
2.910088889498973694e-02
1.089018413917294641e-02
1.079600723522958911e-02
3.148420629639322316e-03
1.013947744002697236e-02
4.347098042107758881e-03
5.341409383752469126e-02
1.925691413179202865e-02
3.820060724708812614e-03
1.088235495067797071e-02
3.848196359500977506e-03
2.567202779804328427e-02
9.314363606530917054e-04
3.677232485958418368e-03
1.610091002765123500e-02
4.063040598314329906e-03
7.342549096550689616e-03
9.927848942164153520e-03
1.300055072302612816e-02
2.559827855225202051e-03
1.045559593811752098e-02
8.491311325137824301e-03
8.276362983094191772e-03
2.761719785827491253e-02
5.586318210275300483e-03
6.816807255425693865e-03
4.096572247431846427e-03
2.157312735778235679e-02
3.416844663886812322e-03
1.926877410687831416e-04
8.303301594759764787e-03
3.896123792576575151e-02
1.654448024423762348e-02
1.996263031821283312e-02
1.635688437325833258e-02
7.244008650203898232e-03
1.002789825362758805e-02
1.638230761195900997e-02
2.499298062266185755e-02
1.036762212372024927e-02
7.319745401551495945e-04
2.897942872156351185e-03
2.788031059359315699e-04
2.266974787912062750e-02
7.710175490622947318e-03
9.069574140158333242e-03
4.099660241949124560e-03
3.614851601654479191e-02
2.065295013099417015e-02
1.706065065818493376e-02
1.977294136470381797e-02
3.589751934329847398e-03
1.860820855815179323e-02
7.322708210275271842e-03
2.564587683253098313e-03
9.288947779769645210e-03
4.052637649331427595e-03
3.153888067275137375e-03
2.573099455572050095e-02
5.923234606326285498e-03
2.942652194608409710e-02
1.538588187329264752e-03
3.592273519496874332e-03
8.260795636116154139e-03
1.870216185891612412e-02
6.404658883752301080e-03
1.675033414626703188e-02
1.280811733563190198e-03
8.700658462178306046e-03
1.734218972501432379e-02
1.709767914786833320e-02
1.210753680349275878e-02
2.223998453823549520e-02
1.100210754597040312e-02
1.119194971459145684e-02
1.170726967691859861e-02
1.313729494148371292e-02
2.030017065890376421e-02
1.445693312829957750e-03
3.057562620292914035e-03
4.108725283095997216e-02
1.941003742376927032e-03
2.061191472987956505e-03
1.689559596641718869e-02
5.000210097865365189e-02
1.828912661704327688e-02
3.334029758730185956e-03
9.449619645840557497e-03
2.178964825098648680e-02
8.112208073603813241e-03
2.660646994821809497e-02
2.675780068935570272e-02
2.432589005271350996e-02
2.215852422290416103e-03
3.999129111423152527e-03
6.892349175388327864e-03
1.111836636423395828e-02
1.928823968431857619e-02
9.960719494404253471e-03
2.895594213224570411e-03
4.050128046006558000e-03
2.196123811832803585e-03
2.776807697030283378e-03
4.515739875727594124e-03
2.658163040784407641e-02
6.320772819659278494e-03
2.749512329832011492e-04
1.915295213162040121e-03
1.004394089706714226e-02
8.876789476402895118e-02
6.966942585100382480e-03
3.451238051551069105e-03
3.235729498514666735e-02
2.312080842504225450e-03
2.733074344455496511e-03
1.676919257380445755e-02
9.343284005139130752e-03
3.276479352002209522e-02
1.381989669446300178e-03
5.450600837591745851e-03
1.880860063680902389e-02
3.249841345233872580e-02
2.866650234449803769e-02
1.657603208403857567e-02
5.891286778383122633e-03
3.891395883203548241e-03
2.815666760613566577e-03
4.354390945557719966e-02
2.478714125808031271e-02
4.761678567193872863e-02
1.273355141428054484e-02
9.316539423552384555e-03
1.955214949062333320e-03
2.775459034596332829e-03
2.120071913097508476e-02
1.308941675684491789e-02
6.864935958780592207e-02
1.997014013457141298e-03
1.349390405285106264e-03
6.859096963772863889e-03
1.875173075101417564e-02
1.132300006818179675e-02
1.106405262963405800e-03
7.444173280084080170e-04
7.046412127796682079e-02
1.611949629756210395e-03
5.028822655820848649e-03
2.024609005418528951e-02
5.981901611420625473e-03
3.680176642036432633e-02
1.971651458730437623e-02
7.385989796732937360e-03
1.825967976787386607e-02
2.074278838115418619e-02
1.577250765509485148e-02
4.868247242498173477e-03
1.694194541112247279e-02
1.110028460590666835e-03
1.896483984198722543e-03
1.852124233960068811e-02
2.527970548723421085e-02
5.040612571512324835e-02
1.186009465568585441e-03
1.065859668753393885e-02
1.032432556596451015e-03
1.997573201511376045e-02
7.407915153688745050e-03
1.050691391087404947e-02
5.007173398697620237e-02
1.053349999111645278e-02
2.060804844228059790e-02
1.080996767987910112e-04
1.222791340641831564e-02
2.115148855080638962e-03
8.441894236474581370e-03
1.436572151891035709e-02
4.263379523330283055e-02
7.064412691290106704e-03
1.262418866436746962e-03
2.382745932505855868e-03
8.324566797539029867e-05
3.170629695769584117e-02
1.940777801327552704e-02
5.294678053239206157e-03
1.389385942317132062e-02
3.044212228924582375e-02
6.058940581789191981e-03
9.283844285256078604e-03
1.107679631379978463e-02
7.795283891426699890e-03
8.904721669638848919e-04
8.847947817579037560e-03
4.341344796582329024e-02
6.669832193519572433e-03
5.027003976833257018e-03
1.713631360814944424e-02
1.497238551027307504e-02
1.820514647011035533e-02
4.503749341929592313e-05
2.410831844287650294e-02
1.909566799726224173e-03
9.229945996004325706e-03
1.654148817963640300e-02
3.309756387447483020e-03
5.666562612096599089e-03
2.056016703877163506e-03
2.322455852105082853e-03
8.650986871424379103e-04
4.233786170190215192e-02
2.885742500917029378e-03
1.027422181665596165e-02
4.957830549070158573e-04
3.940479356414133653e-03
9.525542690402890797e-03
2.572568038923169279e-03
4.055901909745884088e-04
5.662778134765207062e-03
3.764665378188254696e-02
2.528542011640613763e-03
5.368605496113446583e-03
6.727810658008157030e-02
1.466492584012899815e-02
3.349885299668527226e-04
2.193058303353366198e-02
2.232131528302692264e-02
1.168898256078093958e-02
8.072056920821676917e-04
3.785186607492621591e-02
2.892594484068234870e-02
5.376615275769570761e-03
9.702510682409756435e-03
2.336718312798317931e-02
1.881064684706768714e-03
1.296044468611677949e-02
2.218200680729372209e-03
1.266639639904451435e-02
6.165965287263219102e-03
2.004916755831730873e-02
3.989750185233818976e-03
8.346695728630089753e-03
1.470766003863285473e-02
1.097101926123849117e-03
7.217414977446082527e-04
5.531527088055364057e-04
6.168287699105800756e-03
4.848292036782525516e-03
1.866259893163125594e-03
9.731299999585135696e-03
1.316508511687905850e-02
1.959033178477413706e-02
3.075319976805064321e-03
2.088103913989424083e-03
3.236975593855555972e-02
9.665662080367301567e-03
9.278362542719381656e-04
6.804518766213069406e-03
1.247215462076197226e-02
4.445923315813350360e-03
2.697600609562568474e-03
8.119595117943474716e-05
4.855904576505144787e-02
4.402923081706828362e-03
7.787698641932752630e-03
1.544043632307690213e-02
6.636538251447103576e-03
1.003886227340470769e-02
1.297889995080314142e-02
1.579483890941724492e-02
4.879679187265889041e-03
2.814987886919992008e-02
4.430093496987377866e-03
3.169705763741332422e-03
3.678343041056684679e-03
3.191237744539069266e-03
7.562491203164321482e-03
5.090333567029636623e-03
7.625489656413807910e-03
1.154727156441876738e-03
9.874826615443851874e-03
1.053389930271421589e-03
3.194994967603408901e-03
2.430124483909313834e-02
4.888042659382801393e-03
1.169741432124768964e-02
2.103448906544975322e-04
1.508833846084987190e-02
3.405058523887158350e-03
1.804956869061806815e-02
3.624045118660651835e-03
1.068191751268310601e-03
5.930066520577112130e-03
2.335445659848275207e-02
8.749924526511455858e-02
9.207425976231087272e-03
1.222718771229838047e-02
1.352555271465902438e-02
1.341141738429836930e-04
6.293116658501976546e-02
4.964020561670624485e-03
2.780655953524157481e-02
5.213480727737952736e-04
1.377481477285157421e-03
4.829081278005726337e-04
2.026537972099277246e-02
8.263146200374138148e-03
6.445920369035569412e-03
3.686060646495740306e-03
4.160408988122732930e-03
2.844188476866363682e-02
1.558397961477863466e-03
2.635271164598734436e-02
3.473677661998514701e-03
5.497955043438033235e-04
4.348486482105623496e-02
4.182141566444281568e-03
1.272494066020041226e-02
1.678833649882990886e-02
2.384943614906632342e-02
9.961641899385594023e-03
2.505120946010952129e-02
2.177875767119546828e-03
1.225296347971693844e-05
3.265973271574953637e-03
2.660506669364699067e-02
5.359862935788867189e-02
1.058507374706282693e-02
2.262295072420438674e-02
2.611976037220040125e-02
1.742525298010447893e-04
3.421033951005780782e-02
3.553452426203633496e-03
1.256410384579687229e-03
1.851987324371692084e-04
4.816960726378577418e-03
8.437236773131240319e-03
1.380467166345559875e-02
1.444788405696852476e-02
4.460394370450557720e-03
9.071796223305979637e-03
2.413020539790850568e-03
2.047685893789479364e-02
4.454409379542074304e-04
1.893095375438118982e-03
9.643129104414933581e-03
1.079825392584927643e-02
1.204054313410600659e-02
5.212192582008986184e-03
5.982157809460367758e-03
7.678272803699088926e-03
2.306321961207728928e-03
1.287907037092664297e-02
5.822887145237794562e-03
5.053799304741217815e-03
6.113307284475533523e-03
8.360200543036030996e-04
5.113056075176675153e-02
2.772411409526873843e-02
8.558004921619618427e-03
1.313221852216396590e-02
8.867157949880591361e-03
1.942595491774724153e-02
4.007635260807633493e-02
4.874703885115834121e-04
3.644042793832832916e-02
3.458608138612496996e-02
1.943543409380616913e-03
1.809561589787673369e-02
3.388416321031867320e-03
3.182279383298375341e-02
1.676219500814558200e-02
6.146850182069894808e-02
1.131876625854918647e-02
1.399264196137548280e-02
1.528453727632750857e-03
5.290212085598051082e-03
1.436502295924878443e-02
1.123634536839919484e-02
5.059636829633203450e-03
1.884646039347749949e-02
1.078881882082931808e-02
3.312642563344295882e-03
3.605281125298689287e-04
1.383551524744881453e-02
1.222385140851149285e-02
1.637776392508713541e-04
3.625331763801635521e-03
1.921555698797543926e-02
1.164636287463835171e-02
3.908360924005908205e-02
2.597552049271691435e-02
2.096012083516281613e-02
2.098289269751043087e-02
2.455708824309091320e-02
2.251211668678559583e-02
6.072694115108569386e-03
8.925744037002886211e-03
2.526082794257276248e-02
2.073839000475549785e-03
1.774188099238547395e-02
9.486732059238795617e-03
1.906137451099071053e-02
1.139826989691043041e-02
2.069682696179394460e-02
2.837205769046415287e-03
1.552120132789398983e-03
2.224456454643014558e-02
1.078795926944093111e-02
2.011507278383504668e-02
3.795228615060800351e-03
4.279817030754569027e-03
1.908321902823946481e-02
2.329913945080534093e-02
1.134845601054361441e-03
3.316157776665537571e-03
3.603225084218545163e-03
3.425357313878208982e-03
2.207454031371222647e-04
4.602907291732350782e-03
1.650191706486560037e-02
2.277258480140788126e-03
4.381881270704504616e-04
6.390780841624513556e-03
5.043783471512902628e-02
4.154209459015975256e-03
1.724094327983574301e-02
3.256795470552235460e-03
1.170440115383623338e-02
1.838235362285382379e-03
1.159020360712500683e-02
1.338870877188849326e-02
3.763863519804688806e-02
1.746045041304197364e-03
2.900176673730899685e-02
1.271765360012258247e-02
3.278979326139373762e-03
2.025736127990279689e-02
5.015514612928552961e-03
2.204625152086053808e-02
7.896577870284537254e-03
3.310531326391834978e-02
1.558693171457247156e-03
5.178526663706937636e-03
3.397438158776960176e-02
1.610972911749908310e-02
1.902081369584748133e-05
5.101436539832086142e-03
5.120727155266173447e-03
3.521006566886221260e-03
2.295262072823989630e-03
5.636873380408087553e-03
5.619639505095240517e-02
2.236555405165934624e-02
2.124886386721938636e-03
1.939973755557641844e-03
2.169394026257707997e-02
3.881839019508472738e-03
1.279083878636195701e-02
2.998015101585726344e-02
3.799719790955710663e-02
3.219492947346960440e-04
1.648452506402845255e-02
1.160224167286973661e-02
1.899919807859266549e-02
2.707963270332405456e-02
3.430386817521545451e-02
1.114701791873599218e-02
2.016064695334215257e-03
2.885540708211178917e-02
2.112339308529961532e-04
1.735250723128102870e-02
1.968978279703722731e-02
1.790704012488628788e-02
5.830408476351703340e-04
1.195844444279294677e-02
1.908884811383105770e-02
3.285868397650952566e-02
5.637258706578902184e-03
2.053219988673428420e-02
2.201614365267078044e-02
1.132336438308006663e-02
5.069327032532260080e-03
1.175409525285810858e-02
2.222623728006457508e-02
2.468251242068293314e-02
5.726310027357872992e-03
2.394264135701304475e-03
4.402241017590386059e-04
6.021174670540628895e-03
3.283739048262036136e-02
1.332883516958708117e-02
3.500726705692813745e-02
1.225276288637738853e-02
6.782647530633243230e-03
2.729064362316171652e-03
2.160524867287551970e-02
2.802669007932135151e-02
2.107507699818612912e-02
3.406534787813710226e-03
3.103778400292296884e-03
5.024170282926256059e-02
6.685102328704885417e-03
4.643097353319070725e-03
6.082602835165202941e-03
2.945954987736208383e-02
9.952090467328918860e-03
1.347245692248850470e-02
5.344824775052173238e-02
1.685165882455845476e-02
3.278695156158115825e-03
7.796781467567502968e-03
6.115033442039665909e-03
4.349262607819103649e-03
2.451388043327812349e-03
4.287864398267154931e-02
5.184933464781465995e-04
2.852903030209710117e-02
1.933609992449091854e-03
2.304310054594760349e-02
1.077195055929786906e-02
2.742407357328295950e-03
7.832923551562363806e-03
4.021839033020769422e-03
1.236606410316715837e-02
3.531666173013523792e-03
2.202892359117736634e-02
2.181135198232789403e-03
9.204828425149903098e-03
1.371226720412445713e-02
2.587734262853479822e-03
1.722200034873239485e-02
3.916406372023642501e-02
1.889808694965179614e-02
2.256248121913636932e-03
6.747910210294933570e-03
4.609963069399156468e-03
9.783039550424687050e-03
1.419237927108897568e-02
1.985500002477554038e-04
2.837883143877384731e-02
2.198913752383345466e-02
1.894055242074179496e-02
1.489748763394511608e-02
8.325071812168269997e-03
7.911211656264582198e-03
5.353829119062056274e-03
3.194275754840706499e-02
4.841535634743080255e-03
7.867238366325420007e-03
7.982213964977374204e-04
7.250523156792840901e-03
7.960500758098683349e-03
2.214946733387325450e-03
1.311610899488969625e-02
2.384279197093793108e-03
3.762988880935290437e-02
4.229564415887812796e-03
2.623451726010525217e-02
6.489420693112125070e-03
3.346550911989465416e-02
8.669446888269573270e-03
3.711241157241883248e-03
7.071354378325371212e-03
1.722597376794430049e-02
1.410695553123135146e-02
3.216283869413466903e-03
4.355217009062908179e-04
1.346571293046752021e-02
4.616227178078409314e-03
2.617823889077238245e-02
1.500141591408859533e-02
1.554159708243196998e-02
9.989351002939394000e-03
4.290521285833402004e-02
5.673310667217887696e-03
2.669106355420869901e-03
2.365455368161369434e-02
2.052712838009906893e-02
2.610312440379789281e-02
1.003160772529718484e-04
1.735760255333181068e-02
4.463501433514161128e-03
2.053864450421018228e-02
3.036991100716293634e-02
2.016893785316484222e-03
1.452420367130219901e-02
7.605048730710741584e-03
3.367070385414556305e-02
5.260197154696848523e-03
1.238266842320332600e-02
4.064889899799361411e-02
2.158822600844820944e-02
8.412464188384911543e-03
1.487357905918508180e-02
3.412047843411175618e-04
1.685357948453116567e-02
1.621508346742574214e-02
2.960254127211627354e-03
4.731492359150095417e-03
6.473062639610210195e-03
9.268493382911578357e-03
3.257506146708897404e-02
2.041448493926245958e-02
4.093888875404911275e-03
2.108803286565632401e-02
4.137184287393524257e-02
4.195322066554679763e-02
2.593695625223182977e-02
3.247116840821361733e-02
1.903871893908871959e-02
1.649952503660406453e-02
5.264505748820973163e-03
2.839799601817880742e-03
2.253664225592023201e-04
2.804613425307309060e-02
7.464544700629339308e-03
6.095722940384896288e-03
1.505950557002744966e-03
4.919837659200009677e-02
1.006397522684024902e-02
3.771827961176997535e-04
9.333273611009124809e-03
4.897280802850251247e-02
2.763889464493079692e-02
1.732939638438190516e-03
8.458505551178600868e-03
1.544639094327744482e-02
1.239527900653488671e-03
8.509575995134518317e-03
2.558959477138599004e-03
1.528732339756491004e-02
1.977096957738712357e-03
1.569787270644645155e-03
4.031944281414011344e-02
3.140009611191874744e-02
1.050650534794253868e-02
1.799640746072535269e-03
3.372324186765218723e-02
1.241789188152265730e-02
8.876725266656223384e-03
5.600029103689143500e-04
3.123074066471351676e-02
3.238057710907320252e-02
4.895903244549136210e-03
8.511085259423319463e-04
3.604974419256514601e-02
1.182705799079005610e-02
7.841617232689099271e-03
9.891281350829551205e-03
1.390722810421447797e-02
1.551926638017411125e-02
8.718426503450803222e-03
5.339158587531886088e-03
1.905728901801454021e-03
4.687706080194113667e-02
3.939402199357504297e-03
1.651583444485942931e-03
8.036712262965411274e-03
5.644411515341819785e-03
3.261353204532880905e-03
1.000198941600361630e-02
6.128274303391297723e-03
4.580045356270662921e-02
1.668936298142837445e-03
1.510007085566318630e-04
3.096936247656438893e-02
1.797104180940738496e-02
4.311703567360065242e-03
1.422761175555670513e-03
1.125750898870214733e-02
3.730237222197990438e-03
4.516472360580392476e-03
1.108080954392258368e-03
6.711329733115918572e-02
4.626413203451271161e-02
1.281806421582100224e-02
3.972234659269040236e-03
3.511942817368429726e-02
1.450194533102685396e-02
2.113367540927401939e-03
1.023821106948586378e-02
4.353166094166766725e-02
6.336609708462137037e-03
3.510380632446165761e-03
2.131797974691745229e-03
2.434837928751813763e-04
1.618553470907508479e-02
1.898810754290414758e-03
4.522085639732786183e-03
7.173650723747063314e-03
1.537896721803889977e-02
2.171829246610625433e-04
6.772402760023070803e-03
1.308264785058770030e-02
4.873052068937394968e-04
4.625446935959541712e-03
4.777203106603764710e-03
2.576224823268235403e-02
1.377289001008642766e-02
1.307799974306211518e-02
6.028766059942893170e-03
1.421688283541029576e-03
2.664552084625873302e-03
5.702433744959639790e-03
3.575351569806800318e-03
5.827249406797816583e-02
5.584449908052331255e-03
8.100193526966933955e-04
7.585211906709899560e-03
2.301518898869280016e-02
4.583410198046400028e-03
8.796976050972260888e-03
1.585565729471358903e-03
2.377680360443118826e-02
1.006543274290151030e-02
1.050625527284605037e-02
3.010329347691515726e-03
2.214780472189481486e-04
2.850333948529384237e-02
3.102431800883945212e-03
1.358170855211328180e-02
4.406383661598594313e-03
4.987110607428050894e-03
1.362450480963654093e-02
2.342438501979801288e-02
6.666642960587484956e-03
3.788467300224538162e-03
2.581492063323880329e-03
1.612391664306170661e-02
1.682586136019796272e-02
1.700325386623922214e-02
2.769000285892564070e-02
4.069139121986362247e-03
7.221382751585602063e-04
8.858362452459826383e-03
4.872956024700692348e-03
2.499395167446841291e-03
4.305977951655858699e-02
5.460960166560045216e-04
3.257622834214572802e-03
3.080116056104718458e-03
4.545798608114839934e-03
4.009575060414966030e-02
6.535525614579741627e-03
3.617047233766013115e-02
2.275414613462083818e-02
1.477778335621556666e-02
2.547687787933657425e-03
6.216137664497942833e-03
6.533042982546971925e-03
5.728082875623717596e-02
4.218071150185843249e-03
1.324212592115368674e-02
1.914211558461671736e-03
4.282470573353717828e-04
3.764466713319620118e-03
9.075402249540958852e-03
1.039156197475828505e-03
1.036872422043651036e-02
2.907928529642968621e-02
1.790154608168916320e-02
1.161992747892288957e-02
2.411015271759674172e-02
1.303326982093289555e-03
6.536626049630440624e-03
3.519150972553794846e-03
3.961845746464817339e-03
4.866847216956071698e-03
8.806302739157584325e-03
7.511370477126572132e-02
1.253557146363628444e-04
5.783943212347021634e-03
4.003989560420778693e-03
5.349793487874309784e-03
3.794072688258905146e-02
1.159220757305096279e-02
2.203005755198900184e-02
2.179482591212891784e-02
1.948140229139174590e-02
5.214788604540803417e-03
3.744434205446402989e-03
7.809505912402609634e-03
1.330332912517737803e-02
7.168860220777419773e-03
3.753496298442330140e-03
1.616797314583261203e-02
8.957458402237754996e-03
4.994513961704485049e-03
8.180566285307522625e-03
4.409455943961343612e-03
4.972564961135985534e-03
2.591588869414289745e-02
3.015324398975777545e-02
1.046161854520454709e-03
8.914332829442735487e-04
2.159511896563787430e-03
5.598066039606554647e-03
1.931558885609901272e-03
2.059851223859603293e-03
2.466775161545065043e-02
9.299629292510613182e-03
7.075311910167386698e-02
4.506625213710718607e-03
7.174932415156757247e-03
1.213665349078569058e-02
4.031426029668105926e-02
1.109153756797098475e-02
1.349704198063995941e-02
1.832531277132102079e-03
1.981301536809370462e-02
2.065557273887936793e-02
3.912584911260809199e-03
1.275246881588327011e-02
2.785681425592093780e-02
2.792297250253632929e-04
2.342891562499682407e-03
1.914097214706330426e-03
1.236705231065659064e-03
4.875846149808718034e-03
4.053786453827834882e-03
2.733388746653316742e-02
1.970932090492183777e-02
4.240607190507977853e-03
1.781383609579806349e-02
1.333975875087399163e-02
1.103763317940742450e-02
2.482335452710055651e-03
1.546623218008508910e-02
3.945658408746312296e-03
3.223846651977642710e-03
1.258649308494953246e-03
3.353411598290291507e-02
1.049218807701766780e-02
5.895835099983105093e-02
1.272194489676842059e-02
2.220566560579215198e-03
7.992552208764597613e-03
4.317980243684303547e-03
3.373741968993976964e-02
1.768392274473578555e-03
3.304884669825224053e-04
3.937792725994224141e-02
6.473488536732038834e-02
2.495491211313868168e-02
4.103310742275010324e-03
1.839086369562130743e-02
1.316609396245315561e-02
5.919175146518793236e-03
9.053942962093232058e-03
2.151902374555501873e-03
2.396845509757717253e-03
1.357312182272459901e-02
2.259288639749178554e-02
1.325853297139064496e-02
6.494221855248311082e-03
2.165922194713608764e-03
2.834089401031445604e-02
7.336271291002892034e-04
7.581562177506334524e-04
1.211450726387960572e-02
4.470438102592249122e-03
5.177907569130155152e-04
4.141891203720013924e-03
1.574710541842854611e-02
4.241728033475210269e-02
3.360735367541897028e-02
1.622616007752234954e-03
3.028152098102894832e-03
1.295244644153062223e-02
3.262664574605686138e-03
5.112821742280179715e-02
4.550455725153019354e-04
6.400022731511989874e-03
2.261506097014548411e-02
2.562297093572381973e-02
2.170007846791107559e-02
2.651228639800909392e-02
9.408555179688440212e-03
6.164543946604614764e-03
3.031217520467633514e-04
1.230275495909118923e-02
9.290540820684359356e-04
1.259946607145989023e-02
5.575756301325719873e-03
1.652713449671890794e-02
2.099581239139443160e-03
1.796395382368796978e-02
1.081138598599344983e-02
1.931375163088319691e-02
1.537047258978909217e-02
2.310122140775061270e-03
6.740598682982459205e-03
2.178213769948409741e-03
1.379338001121702822e-02
4.119813741487485075e-04
2.103421582152741748e-02
4.807869419518244480e-02
1.684620253259197856e-02
1.410757938765197159e-02
3.566689079629226013e-03
8.640919053892338886e-03
1.419245251815009351e-03
4.990698656191347449e-02
1.261252603039789144e-03
1.310187442915691607e-02
2.642884249310419736e-02
5.038307482644011071e-02
4.470583128678907135e-03
6.876282529132662913e-02
1.083951397266869933e-02
1.353448691054313750e-02
2.972964523141245416e-03
1.162810386968506082e-04
2.931018876230986198e-02
5.658042186293973583e-03
1.819294597535089930e-03
1.638659734144931254e-02
2.487952883639652207e-03
5.554274969172621167e-03
3.948013394061616887e-03
4.140377572567484343e-02
1.146554020827176244e-02
8.289686324831223654e-03
9.549752138506239357e-03
6.431897493803278437e-03
1.051659927347989992e-02
8.525975932153822753e-03
1.745847892203652302e-02
2.340259983356808571e-02
2.517698839457906471e-03
1.645776213700805499e-02
1.778087715191856502e-03
2.064364468657076124e-02
2.895748795246502402e-03
3.523623294128609695e-02
1.366861064026210146e-02
4.108864520920997576e-03
3.069139346865574700e-02
4.870987359550667251e-02
1.606094325764985918e-03
2.433312430951358601e-02
5.178525810395044268e-03
1.834824465888191397e-02
4.761880094366972155e-03
3.279008973340770752e-03
1.024160077930185049e-02
1.226395378475815881e-02
1.094058553466819433e-02
3.714112707684904049e-03
2.955597263564333464e-03
1.136254220238609031e-02
3.680039869688697327e-03
3.254835969326390355e-02
1.109291964701007542e-03
4.791610002464249257e-03
7.079157850628674253e-03
5.186939243173514964e-03
9.035117289609408131e-03
1.329844655181429240e-02
1.946293868604181271e-02
5.361588060168053296e-03
2.891342862759885973e-02
1.574079970302413520e-02
2.429797736959139580e-03
1.082600637761376924e-02
1.166289106667842482e-02
5.442761014807764863e-02
1.682065450949307792e-03
8.303328565459344723e-04
2.072347446976516988e-03
4.730280249734564180e-02
2.476639378254607855e-03
4.053436334113316025e-02
1.483630408320263730e-02
1.643938241500219125e-02
7.689327507653118468e-03
2.606702761850236347e-03
7.766242219947686390e-03
2.059654297965890501e-02
3.679487765885454398e-03
2.340115764891598227e-03
5.097805228577532294e-03
2.697432737672210076e-02
6.236377019342098649e-02
3.228528539420458254e-02
8.356087410956829220e-03
1.104304560741185826e-02
1.401010490396812497e-02
7.020278768435966790e-04
3.116027619880221838e-02
1.940792521122908232e-02
7.373125404113259687e-03
5.326023507416070141e-03
1.195326494900642196e-02
1.551779015405681250e-02
4.301954219126522677e-03
1.890012636712918442e-02
1.451651852256161460e-04
5.005674363747854294e-02
2.438546220051560076e-03
7.120234843603420218e-03
1.751996905973111918e-02
8.874096787835322742e-03
1.446426907774076877e-02
2.087952037817630835e-02
2.463191630037329244e-02
3.522297981959855717e-02
1.888441609228197482e-02
7.587349271474854925e-03
3.173632682472064120e-03
3.338989002405834405e-02
1.456977326614678457e-02
7.269201623136191392e-03
1.720519045362135443e-02
2.914007085388631985e-02
3.648051954865610957e-02
1.338241261207287654e-02
2.022746770199562727e-03
3.857118084777542977e-02
3.980862220086697073e-03
1.024575154695313642e-02
1.350654535049233135e-02
6.599375790818194643e-02
5.154470424651617227e-03
2.515134890167008974e-02
2.898573489082959670e-02
1.025906428826946215e-02
1.704456117885704003e-02
5.420255783760525789e-03
9.166374911582012702e-03
2.733911391499386362e-02
5.709501393006615605e-03
9.408011412643794980e-03
1.908462370046468126e-02
5.946325576590414871e-03
2.283325872731203215e-02
1.290286641308395835e-02
3.955593576284352486e-02
3.453861455361008359e-02
8.511059421071005826e-03
1.770763885565586337e-02
7.517888281925767802e-04
4.508097458393574286e-02
1.629608006814619453e-02
1.055834562029901551e-02
1.128656225611392519e-02
5.058203716271479460e-03
5.708192162606558900e-02
1.021537512997112117e-02
7.746911164573509756e-03
2.981053394910336204e-02
1.821297163769140109e-02
1.693509774932018888e-02
1.684026312818500890e-02
7.017268077270667759e-02
1.137364792505109710e-02
2.962299143505021590e-02
4.216980907326161633e-03
6.741563036736038586e-03
2.062901477695149033e-02
4.212119840779773340e-03
2.096582741259206406e-03
2.609099482542508175e-02
1.136270097978041987e-02
1.492184990811431947e-03
2.030206585296978269e-02
1.466416199083247530e-02
4.017725322137807517e-03
1.422472066227174065e-02
8.507392520931272850e-03
4.019749582385485909e-02
9.943888640760265712e-04
5.142439635803025197e-03
4.134707484142271031e-03
2.213273884714571371e-02
4.796313516422718790e-03
3.167336746172755291e-03
1.219227978948014303e-02
1.217027733044000713e-02
2.772447593517231648e-02
1.515411770936510652e-02
2.452500575326191021e-03
2.031486623694291754e-02
3.545496178820366912e-03
1.065116418334534874e-02
2.639927937403278510e-03
2.581634926942698652e-02
6.867201799874191048e-03
1.823549756084611242e-02
3.597126245939857858e-04
2.072445283390364490e-02
1.017904607261557737e-02
3.666339863129704224e-03
7.817810854095630715e-03
2.227038061526373514e-02
1.130967965009243778e-02
3.682335227926819034e-03
1.403546617450356949e-02
3.058892564894524768e-02
2.125680746431916728e-03
1.062683387890744902e-02
1.967975655302132976e-02
3.638536964947821500e-02
1.139750212613583995e-03
8.287588447842678119e-03
8.764028621253742990e-03
6.698713956248490697e-02
8.927109824865388579e-04
9.482573653271379049e-03
1.695552334199576863e-02
2.102307351720207954e-02
7.176931191253742119e-03
3.573844883182681134e-03
9.518592215864455849e-03
1.141947023552521492e-02
2.078882286805503604e-02
2.723508698304950675e-03
2.244600033908084741e-02
4.097886354085254063e-02
9.413415577154502639e-03
3.264553405521861129e-02
1.039883260461417838e-02
3.750527737314207979e-03
7.872236435317687617e-03
2.220959685766410452e-04
9.602224199189086581e-03
4.256732580701651225e-02
1.390304364968195788e-02
2.676697525345245188e-03
7.959173199233301674e-03
1.862161137896206631e-02
1.223504221936269273e-02
1.742026386465713589e-02
1.404347124094233734e-02
5.973539087030297831e-03
3.723508963096516539e-03
4.092003513390956790e-03
1.386396325995722847e-03
4.554917099447011036e-02
2.426537172671627742e-03
4.995650659067235599e-03
1.572938712678201637e-02
4.441850963616667154e-03
6.547419561463933141e-04
4.807357470037096001e-03
5.385940912866905850e-03
3.607322015780778206e-03
1.999523578380150990e-02
2.167372075773848356e-02
1.223238176956543966e-02
4.348049326904463580e-02
1.235190483881439850e-02
1.623496103543538988e-02
4.998515154617675683e-03
3.901049904449626488e-04
9.214415701480918597e-03
5.885561783516240694e-03
2.014562358772659795e-02
3.396463254014932265e-02
3.658523301424606439e-02
1.818878280370038285e-03
7.605941087728010364e-03
8.367464835636495568e-03
5.625175878337891622e-03
5.688009468249905810e-03
3.701882810566650694e-02
3.258069696661098323e-03
3.653644361684590860e-03
6.534293773781345467e-03
1.647201267426335464e-02
2.643480049306617258e-02
1.608943178884173972e-02
1.162765110770475323e-03
9.609652559398246252e-03
2.728397602800808862e-03
1.177803332550701569e-02
1.283503752205748284e-02
3.122710032722767100e-03
5.031698281173817983e-03
3.640691347822852530e-02
1.100853188349886630e-03
1.437365828048795674e-02
3.300809971097366097e-02
1.003050504834960069e-02
5.204846588238326924e-03
4.240501054421852911e-04
3.609938721710057637e-03
2.762091502064336485e-02
1.328299372136427375e-02
2.834418535871525285e-02
2.786550194718587919e-02
2.798757049835477392e-02
2.462952641223442422e-03
8.048411766786868482e-03
6.150984223486520922e-03
1.384258639668820359e-02
1.321386708792504638e-03
1.009974483106562335e-02
3.064447348044312645e-03
1.194539017724154627e-02
3.489768248560611193e-03
1.008265176565780949e-02
1.961886884048096025e-02
3.143680479377831960e-02
7.529520982306019128e-04
4.924424200424031700e-03
3.468263892205150547e-03
4.461699172051538341e-03
1.192865317608205258e-02
2.570935388340185243e-02
4.405132505492471637e-03
2.250009940238972828e-02
1.273699916173024480e-03
1.012623674512179266e-02
2.634859486882370344e-02
6.973664779653852841e-03
1.937801858986885201e-02
4.502311613970785831e-04
8.824919120388009103e-03
2.203596993216044506e-03
3.851808881246050059e-03
6.872795636650112089e-03
1.226357918793986174e-02
3.346505796336549099e-02
5.622231358108459656e-03
1.847297544451032003e-02
1.653781239527644942e-02
3.963886081447715731e-02
4.194063731297699091e-03
1.102031145207115620e-02
3.178822437798713499e-03
7.187595515723010919e-05
1.518127428150021531e-02
6.689581702731996725e-03
6.126764562135783056e-03
2.757936561036569006e-02
3.664832291741141907e-03
5.133679600527067677e-03
4.452311731582694193e-03
1.268273493936746682e-02
3.916668210243754583e-03
1.033297340338309696e-03
8.378363800328234023e-03
3.140535109007906722e-02
1.410974815087356546e-02
1.674456459909473213e-02
3.125869137020812621e-02
8.181032359038812110e-03
2.495355388536437714e-03
2.178289773061515330e-03
4.970721698559939054e-03
3.053641800543135856e-03
8.218221574289238940e-04
7.332137426055608184e-03
1.333343953411340356e-02
3.964092273673796435e-02
4.759107576665659069e-03
1.966432465330554633e-03
4.583300324833075590e-05
2.200854120373316875e-02
1.560826013180135162e-02
9.706880644426792507e-03
1.482199729401044268e-02
6.625018260251046287e-03
9.542280466878624509e-03
1.636927197828936739e-02
9.181931456881790160e-03
1.991521423700737606e-02
1.232227365049940815e-03
3.372368471439561154e-03
6.346839976093926992e-04
1.415971508255926478e-02
1.637909302757315638e-02
7.399955399401267862e-03
1.383098293983628380e-02
2.600558534818434714e-02
2.505335075984267690e-02
3.539089908756840736e-02
6.235106093952623441e-02
8.772336682414703241e-03
1.091755807152062878e-02
1.857078138483255966e-02
6.054853001267937809e-03
1.617309869526941703e-03
1.674948775900539366e-02
1.787362800442647559e-02
8.667968478576910593e-03
4.459374319565934108e-02
7.133412301954447123e-03
1.623406283675323664e-02
1.782033358890285253e-03
5.128535317347582279e-03
3.874395506295451840e-03
7.507209979841040701e-03
4.566789077597660507e-02
9.353171613949589486e-03
2.585027366687258840e-04
7.045986688009175415e-03
2.412385425397715714e-03
1.981231756593571092e-02
1.132543677105753155e-03
3.615448518881278495e-03
6.087839994034126984e-03
9.769765757172990672e-03
2.561302414992412679e-02
6.572709192643464045e-03
5.761061868609429482e-02
1.559742851867711340e-02
2.846615283765710144e-02
2.436333340635782330e-02
2.243418008100918348e-02
1.114164931635935885e-02
4.959803412750578115e-03
1.992160990263565357e-02
8.411014629324793310e-03
1.786944499628106628e-03
1.841940768656784300e-03
2.447543315439467196e-02
5.111886394601524580e-03
3.258999826625141871e-02
2.198344530741563885e-02
6.951248069656425221e-02
3.887208858409523654e-03
1.759629417568699117e-02
5.166334939976118500e-03
1.929261507951965035e-02
1.940234151555868952e-02
3.542126409149450039e-03
1.723194468442167809e-04
1.105869300393102356e-02
1.649270158019425659e-03
4.994245502898123773e-03
1.288166389139974027e-02
3.435626947331557601e-03
3.422030355583161390e-03
3.398307744214268053e-03
5.546433142801453740e-04
1.430802146151285981e-02
5.800933634971584124e-02
6.786397367729429808e-03
3.904458246662805693e-02
3.519152942211591778e-02
1.370964502840251072e-02
1.926529284221479080e-02
4.855484917666234856e-03
1.506612963502835037e-02
4.761134692028308989e-03
1.155249701455162738e-03
1.910671369996885804e-02
2.254456319677797943e-02
1.032408516850514581e-02
4.247694719551003972e-02
5.183413490279131959e-03
2.255017405759675644e-02
2.674452370751118947e-03
2.471002231692227824e-04
2.078591358254440469e-02
3.524869581134196239e-03
7.141887238685355743e-03
9.497750033593699986e-04
1.723194468442167809e-04
8.630234058766174735e-03
1.166667715999574438e-03
1.130302722125905643e-02
4.255153916730067959e-03
3.568101628370927425e-02
1.597655791026044488e-03
2.125123313317960581e-03
5.719197317164147025e-03
1.730874309313993123e-02
2.291614875459507816e-03
1.064769744349105705e-03
3.991772039130006555e-02
2.791649558679457424e-02
8.517800090136206509e-03
9.474948672740240649e-03
2.652911740396602519e-03
1.741819725927740148e-02
2.968622591750175524e-04
2.215119032526958760e-03
6.953053699024804024e-03
3.652995104768145401e-02
1.776217029704216938e-02
5.883621240757824084e-02
1.267641984569276709e-04
3.731147163053877280e-02
1.436766888562499185e-02
1.220910544594941069e-02
8.597836234507182096e-03
3.787428660029024726e-04
2.464570571537720231e-02
3.485591025576133782e-03
1.906979408007932614e-03
9.578261880706581688e-03
3.468183762661758516e-03
4.796330366184315200e-03
6.334170959206321221e-03
3.833808957079979512e-02
3.138773041593794465e-03
1.564150715729330232e-02
5.509248918314384180e-03
9.470598002676779148e-03
1.211133723865531059e-02
8.840349683407085213e-04
6.238342797293319059e-03
4.093533032373924962e-02
1.112587960009378193e-02
1.659849916998468178e-03
3.393386141492588885e-03
1.624700120239057355e-02
2.571416726755935273e-02
1.002273142438047174e-03
6.000472896555959432e-03
3.400524385450473530e-02
2.506656999252758478e-02
3.659384026850284743e-02
1.894491189352406207e-02
5.034996027401162505e-02
1.016361210904957735e-02
3.410313372138285785e-03
2.941577652521485536e-03
2.034343582976742490e-04
1.152695648241574417e-02
7.421888915532600002e-03
8.560094689963521075e-03
1.029307602059315215e-02
4.282468018282662922e-03
5.380986074495305686e-03
6.196799130297749383e-03
3.299799001304823398e-02
9.152091123956106883e-03
2.525977855562655874e-03
1.172176520585882509e-02
2.532702427063281830e-02
1.042424438133735323e-02
5.512195858635205586e-03
2.217714509838803957e-02
5.511690358522098807e-03
1.354680073250997575e-02
6.971001969412153956e-03
5.398273763812464973e-03
2.322703315726277334e-02
2.419530732731263283e-04
2.686757855143173668e-02
5.484797268439619081e-03
1.920373418497981280e-02
1.077248051179961578e-02
3.000309492938636746e-02
2.722736046222860515e-02
1.334728083523616105e-02
1.014860205753997935e-02
1.460311708295740796e-03
1.212321492756483765e-03
4.774210077241925615e-03
1.813075026105766784e-03
5.822083129534582312e-03
8.216215478977058340e-03
7.393578933922884816e-04
7.404918147727555799e-04
1.164466106253790600e-02
1.170551150235544895e-02
1.627385262947974448e-03
9.975525728146472648e-03
6.489104807939616130e-03
2.082567806082621931e-02
2.806721310309944623e-02
8.429380333505145581e-03
7.892133713304306858e-04
2.209008114363759240e-02
4.801499424912589360e-03
4.209882717095976210e-03
2.054869943611527597e-02
1.311554439576259005e-03
8.731999064424568816e-03
1.017727728924808488e-03
2.773768506039026027e-02
1.041350155396071446e-02
6.846984440999016874e-02
2.940845910308215183e-03
1.947507080125017442e-02
3.626478942143586404e-02
6.674079659699153240e-03
1.098316849970316575e-02
3.747046921380794982e-04
1.550824796244430065e-02
1.042885090659022296e-02
9.281401605442952604e-03
1.129376268468469668e-02
2.136676282699111196e-02
2.486318529329254422e-03
1.359307576141163473e-02
1.503555504008389360e-02
1.201811448136362245e-02
1.686208233289142322e-02
2.080746045234018100e-04
5.377666128504432486e-03
1.448713063208142277e-02
2.816171979347514495e-02
2.054180619151099382e-02
1.165867288419832407e-03
5.209668242574638959e-03
1.618978611049162741e-03
1.722437434745318491e-02
1.967690403088064380e-02
7.734784991688748237e-04
3.011562521744610803e-03
5.837671375271569901e-03
1.714352112955773444e-02
2.906225445183896385e-03
5.403100359845770806e-02
1.070271050748980261e-02
2.418885936339117138e-02
1.597294649428182903e-02
4.202955737581338426e-03
6.735403542399374596e-03
8.686723374719719157e-03
9.151305310686377870e-03
2.991187468115086290e-02
9.251421458438358145e-04
6.648979426150600225e-04
1.383371205552068675e-02
3.807551847835165086e-03
8.480268942439752114e-03
1.157237477268965430e-03
7.706091534851937028e-03
6.505873372292636514e-03
2.480304507819081506e-03
1.038712629577447262e-03
7.751714589718168222e-03
4.392241620720687550e-02
3.734945633965696538e-02
5.855626657703547067e-03
4.518093810702636035e-03
1.046737276049107893e-02
2.563378047524717679e-02
3.060364684285860754e-02
1.017026084438953266e-02
1.068574728607253090e-02
2.243431385541561074e-04
6.693931376012215474e-03
6.679522061898575044e-03
4.051623495947624665e-02
1.908969155219874441e-03
1.563400419278544035e-02
4.863806283806469677e-03
2.096086775410453337e-03
5.960560096949898794e-03
5.119170016131569315e-03
4.993499312732532780e-02
1.456478115268199265e-02
1.343647881823064770e-03
2.750712785363736493e-03
2.930834300035535522e-02
3.633786835744697366e-03
7.404331672394455326e-03
3.850251821012543388e-03
2.609195189797985405e-03
6.572745355802808720e-04
2.827487955371162012e-03
2.637841346125565506e-02
1.246834416645133288e-02
1.119352478123691180e-02
1.425429429340337173e-02
1.578395041730358897e-02
3.780719521091752827e-02
3.752032197112035224e-03
1.515806165578059174e-02
3.102389869882141507e-02
1.106489524247774095e-02
4.229523480042808245e-03
4.204485939432151854e-03
1.670298447123677935e-02
9.151664955166302282e-03
2.566753093019886328e-02
5.749267549880754391e-03
1.067840957071781657e-02
1.926400164172331272e-02
4.024095262791712105e-03
1.278253958180985105e-03
2.909276146541392872e-04
4.231204867856900621e-03
7.131952720387023468e-04
2.374610172254953445e-03
2.324066609397899830e-04
1.072992112850643630e-02
1.121989333414967482e-02
1.713115402669342091e-02
3.159194410590195241e-03
4.446859428502346508e-03
4.211700294830929281e-03
1.011020639374141106e-02
3.614091430004756633e-02
4.279152688683246324e-03
1.228644204196089294e-02
3.062485131822023296e-02
1.586328641579770604e-02
1.682551198073915094e-02
7.602206840231485324e-03
1.670950003258593088e-03
6.795716678374880138e-02
1.654530174313139854e-02
1.588543905667413186e-02
1.193892576947234128e-03
8.633009040657991379e-03
1.297459013265602444e-02
2.188226317451723649e-02
1.374421834198790750e-02
4.764082413827064625e-04
1.898095956715493970e-02
1.268721235428203623e-03
2.091650169305318049e-03
8.159104477763592933e-03
3.216840620595099939e-03
1.944835690955260682e-03
4.636225474974504934e-04
5.774844808288420034e-03
2.265101748741489562e-02
5.508746461257534033e-04
2.677559353389569533e-02
1.310216774189201620e-02
1.467081771787513006e-02
1.840818843458659829e-03
2.115150084575114289e-02
2.197547508920513759e-02
3.866139226766356768e-02
1.103108831527145617e-02
1.742246368869449988e-02
3.085726268705932945e-03
7.257223599086974619e-03
1.837068115093817844e-02
1.557319595926320160e-05
6.740821948702152566e-02
2.656444676643862288e-02
9.848302914769142130e-03
2.063839173150845696e-03
2.802105359761029174e-03
3.515209199825633513e-04
4.922800425898715693e-02
1.574528377286745287e-02
3.868617011111066470e-03
7.726866340832212049e-03
1.437145125672145002e-02
1.463120322653475164e-03
6.905575375203325608e-03
1.729143405258257507e-02
2.481510658273292091e-02
1.376068194907592059e-03
8.025964837394971088e-03
1.216444867042185130e-02
1.340251805716577427e-02
1.747252652724539529e-02
4.685618953803768506e-03
3.756107459912325953e-03
1.752263597553675722e-02
2.917335462661110879e-03
2.040574712898566428e-02
1.676861891044752542e-02
4.575435165804926305e-03
1.849531630728283235e-02
6.471246425537939898e-03
1.059239157676398341e-02
1.755317848741895503e-04
2.911632723109837569e-03
2.584140980583429781e-02
3.978155338924077751e-03
7.746019802242870914e-03
7.729868144972504469e-03
5.687181348962169411e-03
4.370754573080932667e-03
2.918708735263817605e-02
1.295969615354092969e-02
1.596966510463535688e-02
2.469784770250327537e-03
1.914541913921651017e-02
7.039932811370382820e-03
3.306048228605129851e-03
2.275317472079649295e-02
3.394222445376753397e-03
6.236791773971107899e-03
1.055932904151278898e-03
6.367022986632850032e-03
1.531915733753547865e-02
2.739690048608510453e-02
5.380147827169725130e-03
3.251583921760330120e-03
3.862144053200454539e-03
1.107519918354295252e-02
1.683841694452785365e-02
3.683294696234711701e-02
5.708031199393811053e-03
1.717754705291314049e-02
9.167375341064085137e-03
7.268434956021498777e-03
6.080990435862728381e-03
2.540214630226791601e-03
2.133249669602996224e-02
8.060583195019142833e-03
8.974616309245409158e-04
5.486307934822617915e-03
1.838834659531915494e-02
9.449389041055297062e-03
1.996452869201616187e-03
2.654316194709197343e-02
3.299203425761331257e-03
4.106806906094783577e-03
3.111358565520960101e-02
3.419586613098923172e-02
4.990264111456935159e-03
2.114220083025572516e-02
1.618354900017418205e-02
4.063129388926199799e-03
1.963933356145790982e-04
2.262428764190605596e-02
4.444542989467863831e-02
1.870337527706574313e-02
1.422745208741657205e-02
7.972695887984781321e-03
2.392182969634197229e-03
2.864175657922226823e-02
4.168344372179960504e-03
1.865401941480687026e-02
7.563583391836589676e-04
1.157804274580696499e-02
2.682084394259230675e-03
7.131623474655316049e-03
1.944294064879255324e-02
8.607793495315650342e-03
4.321901548255402403e-04
4.676673327958175488e-03
9.437642735841736061e-03
3.153351667031988655e-03
3.003428256037494679e-02
5.759263643631840242e-03
1.772218113457002531e-02
3.299763917581914618e-02
9.302866714230861866e-06
1.653551555585001942e-02
3.498829799141611047e-02
1.659971191778217281e-02
4.877611608409188060e-03
5.743428394859937357e-03
3.170214893143875022e-03
1.595182691845103626e-02
2.887674107891976833e-03
6.830891781542152569e-03
2.023622652200128200e-02
2.261317246020403370e-03
1.781151241531878787e-02
5.620551458945488923e-03
4.109312711869909755e-03
3.524654172991982526e-02
1.645843990083016573e-03
3.805652135839604489e-02
2.876835243816808219e-04
3.492853824015007894e-03
1.025675377022881515e-02
2.542832781456491175e-03
7.050228266712728689e-03
6.858322477727295686e-04
9.731149426275486833e-03
2.846542845680341896e-02
1.225880094734957751e-02
1.474341774323031928e-02
3.283224847657390671e-02
3.986082509527423892e-03
2.209007778161771463e-02
2.282131879717826453e-02
5.613353648455976161e-03
2.220342118541214493e-02
2.317065261249806607e-02
2.899241943347647885e-02
1.933124620634104479e-02
4.927829859619006075e-03
1.309116348417556017e-02
8.524459421383048102e-03
7.177922369236873490e-04
7.050532245517549847e-03
1.689472036741195352e-02
3.378878530229923859e-03
1.058098747112202857e-02
1.517507184211835253e-02
4.830590736075982342e-03
3.955509710537448431e-02
3.248329372639752275e-03
4.806038817447639416e-03
4.155707037355833508e-04
2.098574712155812805e-03
3.823951138920058529e-03
2.195383000377129287e-03
5.942413295913886832e-03
1.031320099915159980e-02
2.510598020088943699e-02
7.072576403944251869e-03
6.225248130444330751e-03
1.109622026876175976e-02
3.369631812189138875e-02
4.463913989348982855e-03
6.174369061863534992e-03
2.264276685295950331e-02
3.248738780013207816e-03
3.859762495788968129e-02
2.069739898153900165e-02
3.695218643399048996e-03
1.259780988744768626e-03
1.496830828850129191e-02
2.358607627909701729e-02
7.128059786581610567e-03
1.151071341187012015e-02
4.252091061545039408e-03
4.211795629593225593e-02
3.147546427359358169e-03
2.381175296074351799e-02
3.112352603525478378e-02
3.538548634850754993e-02
2.944746062486182370e-02
5.191579290917425898e-02
7.009693881639511397e-04
8.652468532245605193e-06
4.123751935931226770e-03
4.490327889038851772e-04
5.246327573750164848e-03
5.298037640941351441e-03
3.633301566859784698e-02
4.721144286673316370e-02
1.062505645955215405e-02
8.243322004032039435e-03
2.162844627894161889e-02
1.409116551310999992e-02
1.047939194078907447e-02
5.377312695110301327e-03
1.174483227795918364e-02
2.660803665731919891e-03
2.801194709047773179e-02
2.995842505091744767e-02
4.459153984815517752e-03
1.045942642513130252e-02
1.850406437663493220e-02
8.622980425698065915e-03
5.426391451097089397e-03
7.368987747835079906e-03
2.016016584833050292e-03
9.695229613929381984e-02
3.163782643336398442e-03
3.473183127626342653e-02
2.621509219756198300e-02
5.450118173587223912e-03
1.284341455978460847e-02
4.083645656698754040e-02
1.231121131297910690e-02
2.385825642250986173e-03
7.783602430327498170e-03
3.572084747533132293e-03
4.003148574096219992e-03
4.876101330350789131e-04
2.397261943758688049e-02
2.140889581583648588e-02
1.106297434855034977e-02
2.164568357520303687e-03
4.548578004977283512e-02
3.040431020214420452e-02
4.682971729658784964e-03
5.658594637196118216e-03
1.317253011824060654e-02
1.022836183516995061e-03
4.123256450196572526e-02
2.550542923478392107e-02
1.274967918282582727e-02
9.229042961417122798e-04
1.061841465083990591e-02
2.696517135599629106e-02
2.117216292827813536e-03
5.416736825030668903e-03
2.560798338039418920e-03
1.821491223171686075e-02
7.912707164927385711e-03
2.913140579367303612e-02
3.162450105614909163e-02
4.782478025134387356e-03
4.835484076976174703e-03
2.517729947926784090e-02
1.849555070462407733e-02
2.204435777735352930e-03
2.888941813793846972e-02
4.609104132313596863e-03
5.569572023406783520e-03
1.867503382086678834e-02
1.340381307771055554e-02
3.651190818590761833e-02
4.211629351346352773e-03
2.023254291670434010e-02
3.746042626696328287e-02
3.514691787839151205e-02
1.936074659251175306e-02
1.048444797404217248e-03
4.050451679051880749e-03
2.807392974707640515e-02
4.196372166888111266e-02
5.645573941900471765e-02
6.912421142217697878e-03
3.012465759637503182e-02
1.982283203256468909e-02
2.034532500008365274e-02
2.250788227679790914e-03
1.309550517050443730e-03
2.774451057394765850e-03
1.303640355308641890e-02
6.318546356674600850e-03
3.416011696545828008e-02
3.302248278810333143e-03
1.168837197974777545e-02
2.880621456767349514e-03
2.207598676303790947e-02
1.606818653009792902e-02
1.332791529916292975e-02
1.966526965112894848e-02
1.021231021509412876e-02
2.147073837418582085e-02
1.211817047057241886e-02
5.725588712797153972e-03
3.151477754565407130e-02
3.831601818845278493e-03
5.918496687063252298e-03
1.035467733719124331e-02
1.697228888810013020e-02
1.372788756688560208e-02
8.073080768292470281e-04
2.544218223934630388e-03
3.124779652577363773e-02
2.841806141580638032e-02
2.956166714045333974e-02
6.571970791985674853e-03
2.987453158044541673e-02
9.013430228560451174e-03
3.825022013500305185e-02
1.035743579528334950e-02
6.347240060923985995e-03
1.695987031402565806e-02
4.174516771975151502e-02
3.900200746652921283e-03
1.870520794614880661e-02
8.909593226678960698e-04
4.358750461288689315e-03
7.035653326689128226e-03
2.132829517432459354e-02
1.141323268919128449e-02
2.421714851084603992e-02
5.204887316806371123e-03
2.648670611405167918e-03
1.687998445576339990e-02
5.043925617030271813e-04
3.051407160869445273e-02
2.260352845428131516e-02
1.709930339233054972e-02
3.503541159824190981e-03
2.657010024409696067e-03
1.701358684010827182e-02
9.183808583082576915e-04
9.964497946676493384e-04
1.218369174715439908e-02
2.913070444085656338e-02
2.361524356862497800e-02
5.773394005334345214e-03
1.606730241127541509e-02
1.593595300448392635e-02
7.566863437222544689e-03
2.256857794046651308e-02
6.148918215385185126e-03
6.641952723309037243e-05
1.768735864101982774e-02
6.176284547340338965e-02
2.239201250037883492e-02
2.573819994750086923e-02
3.318380483252955128e-03
1.876991472917331066e-02
2.526727084760687844e-02
2.783344128582662322e-02
1.857735675096319240e-04
2.865630580650838088e-02
1.680887143069045159e-02
1.296654147960661294e-02
9.218655445468248305e-03
1.209836964113123609e-02
7.451851220709992604e-03
4.065576864133703394e-03
2.217549325284737943e-02
1.986441795521379575e-02
8.926354809583854008e-03
2.612011798513768843e-02
1.147068543026852436e-03
2.174920562677524691e-03
1.190519725728051564e-02
2.211419026502646490e-02
2.058047348356720554e-02
3.262987801773781227e-03
1.734824834112894121e-02
1.590002099222755788e-02
1.468386673994042518e-02
8.575726071426934341e-03
4.879453525539981934e-03
5.402170580000966067e-03
2.657757248262580460e-02
3.553184730584117712e-02
4.232609242260601361e-03
2.216157036459987656e-03
2.213825129166760441e-02
4.306480479328479716e-02
9.082981535190270961e-03
3.073035529216776307e-02
1.857735675096319240e-04
3.749863802016839553e-02
4.305323749186234540e-03
1.963792243355753225e-02
6.238379660949215123e-03
2.527780220944007318e-03
1.080218969799191103e-02
5.670270797559498303e-03
5.026768206069706472e-03
6.007496811692308175e-03
2.813086589267156136e-03
1.658351988007745331e-02
9.158408321225570276e-03
2.356605090422118562e-02
1.624682626380973254e-03
2.315274599420259760e-02
3.840282397573207412e-03
3.932875891023633955e-03
3.845619758187450096e-03
2.513459696955013672e-02
3.590548611676670950e-03
3.157691112271589218e-02
2.396450307380173020e-04
3.436210757929201044e-03
4.530917746211857167e-02
8.883884348875633122e-03
1.278798769719196281e-02
6.035603682178021165e-03
8.785153266333859887e-03
3.423611422083428640e-02
2.302498104410893170e-04
6.218635340009243812e-02
1.903945690584859032e-03
6.864298729780367661e-03
4.647859270004110060e-03
2.067905158269235655e-02
9.235624282087745093e-03
7.933624883949677575e-03
2.104334788915885116e-03
2.129047993301253546e-03
5.151065853724221769e-04
7.304635226976963561e-03
1.605484929056348251e-03
2.183848784828279835e-02
3.437217206852526651e-03
5.659565355542856696e-02
7.391516371075840947e-05
2.501384129132683959e-02
4.030960524036868164e-02
8.247230100420166465e-03
2.344263522671770350e-02
7.299926901571625500e-03
6.016349023810554919e-05
2.591712300293201945e-02
6.832421246113988544e-03
1.026366846882398320e-04
6.584748890671059986e-04
7.457466822872619271e-03
2.095513764600245854e-02
1.845494525376620070e-03
2.341327920930880852e-02
1.430868026031990869e-03
4.223387362832506983e-04
2.524077765974946583e-02
6.178639824831431981e-03
3.427429206952727590e-03
1.061188500624234837e-02
1.986096198817813990e-02
1.348885097774651237e-02
2.696390264076996626e-02
1.533565061914115950e-02
6.071990539439984635e-04
7.685787241617947785e-04
1.384317220774190088e-02
7.086062748486695109e-04
7.018766193031102454e-03
1.938779200330164633e-03
5.227726902771816925e-02
1.115637541571901092e-03
1.083322955196874479e-02
1.885673667017245120e-02
3.762008091450618624e-02
1.771623881133238890e-02
1.012742754585281395e-02
1.055614287887455052e-03
1.658607926746551164e-02
2.675410348763746643e-03
1.149167333426594911e-03
3.355987890612008133e-03
1.121360599556742860e-02
1.085037585265116386e-02
7.345106467536894300e-03
1.780796308176595469e-02
1.533043572901337734e-02
1.816521164878425951e-02
5.693064586455486020e-03
1.996712108247844508e-02
8.458445175287144374e-03
2.510758636170817848e-02
4.058280652948079159e-02
2.572282948209683034e-02
1.993034886220287211e-02
7.675715904401164691e-03
9.141394102074386005e-03
9.318525317286691090e-03
7.097667779698902876e-03
1.062228322546049375e-02
2.320067630484748053e-03
7.281325032779033778e-03
1.034901235141966885e-02
2.163828275441051149e-02
1.926865824964220028e-03
2.298271554257187710e-02
3.162697708912490940e-02
1.780440259161763725e-02
2.360071779189142072e-02
7.720957035439058452e-03
2.827004992774276304e-02
2.508071113899173685e-03
5.925085341344331347e-04
1.855148647426060893e-02
2.369646560270733879e-03
1.455438744141521190e-02
4.316555195518256664e-03
2.182052285939609093e-02
2.463762595758737031e-02
2.569847970090416434e-02
5.780292217684303985e-03
8.450357636418003721e-03
2.847875283983990549e-03
4.660157842927650264e-03
5.344781223096396749e-02
6.260444788863753218e-02
3.350674507968863514e-02
1.228365106879162304e-02
4.073626282540885116e-03
1.647072974906009166e-02
1.727689949105925410e-02
2.758971001583407703e-03
3.899428396412010778e-04
1.665577176842625642e-02
6.569758863417070674e-03
3.050691269467829120e-02
4.583835547356894698e-03
1.842932607163308423e-02
2.849615859147448804e-02
2.430894759503088309e-04
2.209282366202291320e-02
4.014172801272905544e-04
1.661846786869259837e-02
3.696947237591106852e-03
2.554574377287350054e-02
1.199945186200922741e-02
5.660478384508726979e-03
2.645855358539212117e-03
9.527347641478507712e-03
2.303208441469051931e-02
2.491229403219254179e-03
2.921669435021703731e-02
2.393412941378089687e-02
1.303080371058562906e-02
2.737789459389854477e-02
7.000909795584820718e-03
4.738898925491347169e-02
1.171065195894995317e-02
1.786999134558101693e-02
6.047439682987925703e-03
6.543271520584540563e-03
2.594259944047036526e-02
8.960194730214060543e-03
9.051666307979273907e-03
4.752619198541939427e-04
1.061931841892776486e-02
2.064580071006820970e-03
5.622209029144133174e-02
1.427584495268069409e-02
3.885725908894109744e-03
3.294208135330684451e-03
8.524225953496490605e-04
2.655028053028079572e-03
8.364755689256611615e-03
3.261096783668652327e-03
1.153457437314762274e-02
7.504118149062875484e-03
2.025027575118567777e-03
2.334380116640443273e-02
1.030966836807127411e-02
1.714814453730759136e-02
1.142523813348077580e-02
9.645458928176161781e-03
3.586958551784905080e-02
1.484654993304530650e-02
5.805138706910168908e-03
1.725094142852157120e-02
1.735986067943270580e-02
4.194989971352291319e-02
7.975278894905542607e-04
1.741895607106726598e-02
8.713208537598601117e-03
9.010995599456964045e-03
5.195000266782845780e-03
2.423087903607325233e-02
2.321958887602142141e-02
2.356992674213657241e-02
3.092437541153041612e-03
2.010578858322857598e-02
7.715030824386648334e-02
1.469011496659560281e-02
2.611318664342285670e-03
6.866668918163031966e-03
8.082225378443230052e-03
3.393062445930704763e-03
2.036835202918676948e-03
3.579019438277014631e-03
5.925067381481335244e-03
7.546181581524290423e-03
3.237348414798679047e-03
2.693638864154230747e-02
2.770263519610130856e-02
1.061301318882253847e-02
1.941370101742937934e-02
8.001978330838654951e-03
6.614041973922005213e-02
4.289184983024222492e-04
1.310543417672228178e-02
3.294255336551595893e-03
3.183148668073019355e-02
1.829498599445727319e-02
5.362611647500429776e-03
2.291294950821606141e-02
1.691251277768544142e-02
1.498414564591474783e-02
2.686082863351011134e-03
4.485547932453737285e-02
2.770852828739097176e-02
1.532585729913952047e-02
2.223596886671837941e-03
1.899161489176876688e-02
3.659339247031954956e-02
2.518030213791102104e-03
1.653331753080617252e-03
1.248879512799444882e-03
8.500634621796826235e-04
5.151353976922113526e-03
2.045760533147927482e-03
7.545779857220795070e-03
2.480382207705218636e-03
7.443335133370601597e-04
2.628920221996353460e-03
4.836933107016484074e-03
1.118348415392607549e-02
2.503219238467839156e-02
1.373532797639474834e-02
1.189826091982335021e-02
7.942225349400758305e-02
2.830903053925151736e-03
2.073807045899107165e-02
2.187774418094711598e-03
1.677429786839529022e-02
3.870517233910812128e-03
1.057946619839323331e-02
1.383696726024917327e-02
2.275905474128256736e-02
3.032466104037547655e-02
4.553193499161820902e-03
2.067858887995027012e-02
5.324017075590102566e-02
2.195120376791962272e-03
4.684351811663771577e-03
1.994047812560350436e-02
3.687982137304737784e-02
1.823789307322933083e-03
1.457273017341565412e-02
2.245462946041278888e-03
2.610092552165347787e-03
2.061585347919949948e-02
6.797715532264395066e-05
1.892411558707175669e-03
3.983846248733979249e-04
1.686884122913682961e-03
1.372302156812110589e-02
1.063483876523520916e-04
2.080132083440240642e-02
2.408202687156214827e-02
1.343681109893172208e-02
1.448614801793090406e-02
4.066310301566358754e-02
1.381460341479969281e-02
5.484615457699450365e-03
1.277055678132309885e-02
7.921230463200262459e-03
1.733850431739547213e-03
8.383488561909985259e-03
1.039576789652959382e-02
7.175683961735569846e-05
3.450776989603007716e-02
7.359934740568267568e-03
3.880463634044348936e-02
1.982547484564468193e-02
1.922618514669500664e-02
4.314417903093259107e-03
1.462209443711159212e-02
1.943331521588083366e-02
1.075348189015961145e-03
1.463155446242685349e-02
2.540074013676413972e-03
2.418237269608807232e-03
9.551700880194215898e-04
3.055225611366760990e-03
9.213798509560344047e-03
3.568659903979757436e-03
1.927314826185028487e-02
1.578586475743602030e-02
1.672933087668743504e-03
1.519454281634597705e-02
2.278730591864471314e-02
2.018167430993825923e-02
1.625427608706534258e-02
3.892111360019223643e-02
7.044464357115658507e-03
6.593526900838208010e-04
1.886590244155086915e-02
7.696273088021128583e-03
4.715824834649287589e-03
5.673759729345370130e-03
2.530269891739233418e-02
5.854352605699034498e-03
3.158984782814344000e-02
2.767648300592491159e-03
5.107048102424023572e-02
3.371046854649740673e-03
1.437472464456713596e-02
1.113880924804057371e-03
1.649681635596785337e-04
4.559476990653832211e-03
1.564220294648542824e-03
2.145350308867149253e-02
1.244732599019986521e-02
1.701863177286722789e-02
6.311507096583270082e-03
5.072810187010274099e-03
1.863972731437114200e-02
1.033816344657526552e-02
1.093883941301323007e-02
1.556416947392315342e-03
5.569973616331156882e-03
1.876041814202037989e-03
2.465035967266901440e-02
4.384296929446796637e-04
1.575936646807261574e-02
5.323828385936847651e-02
7.550909882511001522e-03
1.469231538268498012e-03
1.632032870460272886e-02
4.424919688109530541e-05
3.517301962321441738e-03
4.727642076697569085e-03
2.574689680199497566e-02
8.328296448776055169e-03
1.028650829682695687e-02
9.566987655561187687e-03
1.450364329747803535e-02
3.387293430922250909e-02
7.884963138027053370e-03
6.986878193322795458e-03
1.071683391164715993e-04
2.592979414718408690e-02
8.095844293375682732e-03
1.651066314745457120e-02
4.105761783471332388e-03
1.721770539527662375e-02
3.749355581747455118e-03
8.811049253015422467e-03
1.464500197841669613e-02
6.036223671994802968e-04
7.111422896210238022e-03
2.005077815119847562e-03
5.337913997327592593e-03
4.264181721887402854e-03
6.043932250351577440e-02
3.135083999690939718e-03
3.758862295955267205e-03
4.177164471835972254e-02
3.839605918179022671e-03
1.183415640108772746e-02
3.691264778296445698e-02
1.498808561540572286e-02
7.610824260099572931e-04
2.320060936327197898e-02
1.823620224510628246e-02
2.878119837496689176e-02
1.114654596722908925e-02
1.724691622713924594e-02
2.087829559732426454e-02
2.463145363788467671e-02
2.835024695194998667e-02
2.026482729486512452e-02
3.421932691950740554e-03
2.143624502584122980e-03
5.808522035788667159e-03
2.205740338591090366e-03
9.741127314002073073e-03
2.077057078457364425e-02
1.043037544447962886e-02
2.558446408315868253e-02
1.245129694549798084e-02
2.130838611986519970e-03
2.684152245260878339e-02
2.799939423293976246e-03
4.474182810151201492e-03
7.260007382061007576e-03
5.961426297242021499e-03
2.098235633305103182e-04
3.372489713640991135e-03
3.476641812651058705e-02
1.256027232149702945e-03
1.660557886496924831e-02
2.375186604272219726e-02
6.258229636248346245e-03
1.161929039462412938e-02
9.695586244889096983e-02
1.855883025396283179e-02
1.626177821809466836e-02
6.536936494528404473e-03
8.405132728992854851e-03
1.093942471827892039e-02
1.501863372820191195e-02
2.065536068127499930e-02
2.270081828566859056e-02
4.911302512043748750e-03
3.152414623804992988e-03
5.451778571002041662e-03
9.139228440065080838e-04
9.675349949433741450e-03
7.747980607043079664e-03
2.269367806616174460e-04
2.394148968501599861e-02
1.948604232640319817e-02
5.269173107513235553e-03
3.944464850314117338e-02
2.970235627956681335e-04
3.647308917747261580e-03
4.736643774750309496e-03
1.252242696298019181e-02
5.801211657862456912e-03
2.911221533710155792e-03
3.175041377461516184e-02
2.625646389567877145e-02
8.913049372386839392e-03
4.918005296629979206e-02
1.124493260028487651e-02
3.576673281835833149e-03
2.042649201709006296e-02
4.035953516451049050e-02
1.507976025943073058e-03
2.023880190944457765e-03
1.963705124113629755e-02
1.966965221903975436e-02
2.482721925996965104e-03
2.276521094611088855e-02
1.790484689813149830e-02
5.366392305662139040e-04
3.482034050843602069e-03
7.835773228946469292e-04
7.395903093080235038e-03
4.561298083234355261e-04
1.354899504865584269e-02
1.052202540204659996e-03
1.733090961921558010e-02
9.948939998526043493e-03
2.029180025049108840e-03
5.404596645172489444e-03
1.530714218193674966e-02
7.617060956633470506e-03
2.743077865144825933e-02
1.093999445837642425e-03
1.913621985682050636e-02
2.280684238166502328e-02
4.146489892399116833e-02
7.879054247001074374e-02
7.034486412602302535e-03
2.985424333732763710e-02
2.722107993790998798e-03
1.257671533403735033e-02
5.935833131992006295e-02
4.520195970181084544e-02
1.465863750040692984e-02
8.699769799991954183e-03
4.099330581173312588e-03
3.803386216007838966e-03
4.060726758853086017e-03
2.315435096983011268e-02
1.201537851816755591e-02
1.115711333291448740e-02
2.940634364952180585e-03
4.261406782766111179e-03
5.949138045360395644e-03
6.283212306902594309e-03
2.321280865550136123e-03
1.292942048059082805e-03
1.638546420631286499e-02
1.392920693640771479e-02
3.664802308928631798e-03
2.004054208284681941e-03
2.178427902059867916e-03
8.020561757008597137e-03
4.170392377128535194e-03
9.671031088046865010e-03
2.688001749612006080e-02
1.129421458849573165e-02
5.300964243099515368e-03
8.302016814638754627e-03
6.745736751234378964e-03
4.033136106271129062e-02
5.819063042493436907e-03
6.797687960442480928e-03
7.213716531442007640e-02
1.313995193734820294e-02
1.889891982554419217e-02
4.143410652613368009e-03
1.802657789877967071e-02
7.228067052586138047e-03
8.728902264014834489e-03
1.176594961868462734e-02
7.664424457248166823e-03
2.796697212851407752e-02
1.055448992018857141e-02
9.338443184033522887e-03
1.904213150755418998e-02
1.000887376982277470e-02
2.695439653431599622e-02
3.927457139267464398e-03
5.023804188197812139e-03
1.669986824029225103e-02
1.585314607926336002e-03
5.638215353367936715e-03
2.927917894548236893e-02
1.730858996375589289e-03
3.322033097436550425e-03
4.285926626552858873e-03
4.342429111373330430e-02
1.978326747688765458e-02
1.017948513383616638e-02
1.308282861736704064e-02
3.217766655343407001e-02
2.330348999698699658e-02
1.882759141586317839e-02
1.605101462132314111e-02
2.995956052230320382e-02
7.859178772461882304e-03
1.761002718649661708e-02
8.342308853562067916e-03
2.565364377005828825e-02
6.734544832253788749e-03
1.149218064714444335e-02
7.978200652917582375e-03
5.209994626202529844e-03
4.535994650890992630e-02
1.077102140983309843e-02
1.095141018107352419e-03
2.239769952701135824e-05
2.419943969685678375e-02
1.187198768289495811e-02
3.722045042816216065e-03
3.719269414477900659e-03
1.035789381013103340e-02
3.536609211131046260e-04
2.676153461324442748e-02
2.540000646802525672e-02
1.295191895782369512e-02
4.038388566567288271e-03
1.403300035162832748e-02
2.597003876152556567e-02
1.352332107432820986e-02
8.635669517460009201e-03
9.465476659113156860e-03
4.150800793657017512e-02
1.593956113089586152e-02
1.930394605643337078e-02
3.399449267917686868e-03
1.668602476772870769e-02
5.938208977780657163e-03
2.537091589330443819e-03
8.244567866964281136e-03
2.847536167500087229e-02
5.287730389657080941e-03
2.000465541032290465e-03
4.125178307189834512e-03
1.005546088389250824e-02
4.922367857040707909e-03
3.701005133782623441e-02
2.368684698870939659e-03
3.089723661333130351e-04
6.516539455807383863e-02
1.128679891524852867e-02
1.235988176377252404e-02
6.950953069554227995e-03
2.151045798945305093e-02
8.756243303703972053e-03
4.710999059038458586e-03
2.655779980024162296e-02
1.988557988008998571e-03
6.562061313540042996e-03
1.656057297270681697e-02
3.378910096995201007e-02
1.168617057756477645e-02
1.527378614967173955e-02
1.749921673159861302e-02
4.016926070722062411e-03
1.059756681217652839e-02
1.503834043961874145e-02
7.332410871867410876e-03
8.003320959548837488e-04
1.894241170200050214e-02
4.505292640764135478e-03
1.874694220475911499e-03
5.243476400093042417e-02
1.441410977939598399e-03
4.607255756145929061e-03
2.746911378507934081e-03
3.875318580037426068e-03
2.788128515075878611e-03
1.396621282281986648e-02
2.122033941360352421e-02
7.962462815174958797e-03
3.072708320347748018e-02
4.163651711198416983e-03
8.909836862181642458e-04
6.186831175281744255e-03
2.093171532881318159e-02
8.805615353489976149e-03
9.488932012935224342e-03
2.159593120510570202e-02
5.157145752630134562e-03
6.921015637809876941e-04
8.182748264651233325e-03
1.953714764424742747e-02
2.498039892511173810e-02
1.517903946881605549e-02
1.197408576946474776e-02
4.950465334194881217e-04
3.086907269000866566e-03
1.832025306839599188e-02
1.601992980025284882e-02
9.111951773140163080e-03
3.414253900686233661e-02
1.445781006409127892e-02
1.780783734565702034e-02
1.801584678843682480e-02
3.326282899833584231e-03
2.740438220761916982e-04
2.460475239214436616e-04
1.399913915038168873e-02
8.832825861236553305e-03
6.847709121416831884e-03
1.469889332680570163e-02
1.068321337676182703e-02
9.060392768838351069e-03
4.689668425572906044e-03
1.593183562306326254e-02
1.688883958654331663e-04
2.407978362616505080e-02
1.031863981146117701e-02
1.698967173914596451e-02
2.756453819060708521e-02
6.156765957697048208e-03
1.038374678070380988e-02
1.475138930487763719e-02
2.266173215591754317e-02
7.782626520947226283e-03
8.264375409690594837e-03
1.119102006698164883e-03
6.373201052469327707e-03
2.214410117294604574e-03
4.584251647060792051e-02
5.211840594397830137e-04
6.308884611742933933e-03
7.522837518652152576e-03
1.037351771195741193e-02
1.299672260986323505e-02
1.328584292670022433e-02
6.627544158652905887e-03
8.611383763109825562e-03
5.439236922364589291e-03
1.717589370530249807e-02
1.406013022232745213e-02
7.986707100283330259e-04
1.294171222724203874e-02
2.543216300404031564e-04
7.819728186854167304e-03
2.073611622709377496e-03
3.411566090487344605e-02
3.421880091080310368e-03
1.138625280969658878e-02
3.465197087099197368e-04
3.492544293947046075e-02
4.000991089188628280e-02
1.194650145983167187e-03
1.584595581859943531e-03
1.716727899626480092e-02
1.966612525827596963e-02
2.697614005473740473e-03
1.207551747509270391e-02
2.103274847123022193e-02
2.380788296196813952e-02
1.074357684530120698e-03
1.674928379333744458e-02
3.286482522975737661e-03
3.869270234826980952e-03
3.798805237513692458e-03
6.096066612238860982e-03
3.796543342665739673e-02
3.154191170823166662e-02
1.441655726038754961e-03
7.340718326309428679e-03
1.501097005943422338e-02
1.802521664227031001e-02
1.994138634019182801e-02
5.919871389439010714e-03
1.623965020533921916e-02
1.583516297170623269e-03
1.470092830437093323e-03
1.924162646775329569e-02
4.129734689101811212e-02
4.411827697523695163e-04
7.826629902086477660e-04
2.255518833753996505e-02
6.340923969191283871e-02
3.994931800056208959e-02
3.225048991448898239e-04
8.536755216820188577e-03
2.516958735303221825e-02
9.093411321865581959e-03
1.284631407135389085e-02
8.821600436631271691e-03
2.753515571044612420e-02
4.870743379080458291e-04
4.655106362577604226e-03
8.252473175811705225e-03
7.818268294195882678e-03
3.230513430049250512e-03
5.126309354842097446e-03
2.790877090387338874e-05
1.543568738913012744e-03
3.897412016214612390e-02
1.566599015261486635e-03
2.820902506132217172e-02
5.682156916732969409e-02
5.284681665296599856e-02
6.157683801095924572e-03
1.603737631869972188e-02
5.547642165428027378e-03
6.092814150216036007e-04
1.255635242189468738e-03
9.612920868514351208e-03
2.166178420866626125e-02
2.336234027549463979e-03
1.196776613317132240e-02
1.198725429829552687e-03
5.416509134198377318e-02
8.821095257673564061e-02
1.041238915412992690e-03
2.263947761905759932e-03
9.695273609048260521e-03
1.415496444946078188e-02
6.504134495396923961e-03
5.618738095689352133e-03
1.539740224706863392e-02
7.149483679163258498e-04
5.712852959162278282e-03
1.647339760090626645e-02
2.008564230299811348e-02
7.824614445008325897e-03
5.102057655192476782e-03
3.635438045170248135e-03
1.663631259936251133e-02
1.525714489724472496e-02
8.328575921855626077e-03
5.542870200986342241e-03
7.032779695081786686e-03
2.286464444909456009e-02
3.238054580758195633e-03
5.191459864220553458e-03
5.194208168644923185e-03
6.261403161182489685e-03
1.138310941567615558e-02
1.932402875759012565e-03
1.288727566589690718e-02
1.978657876528302356e-02
7.121518791703480844e-03
8.773766068560546680e-03
2.813832610115288291e-02
3.714544519006994505e-02
1.750101282251290136e-02
4.490969904542771451e-04
7.275742378400482796e-03
1.566816545370559215e-03
6.674024583399938357e-03
1.955907211829590459e-02
2.087168359115914446e-03
1.446815079156849211e-02
1.527635340782815612e-02
4.451643284845916738e-03
2.965435978609360854e-02
3.871071683708195328e-03
5.919178928747530904e-03
1.373823688012790548e-02
5.441348854583263894e-04
1.312475026469593631e-02
1.451240274895782695e-02
5.297012775298045630e-03
8.738380841078988159e-03
3.365804798856673885e-02
4.217539268982817974e-03
1.186709420359117508e-03
1.354464744372159066e-02
2.132378240844115362e-03
2.129409087623383885e-03
1.157038435955980073e-03
1.165580343919876694e-02
5.748365931930652512e-03
7.725997566741756029e-03
6.809417799372402547e-02
5.100815614261663099e-03
4.137372358312498000e-03
1.817591080985555413e-02
5.739776503791520906e-03
2.632293862661554129e-03
6.785888465017948096e-03
1.864803483197771672e-03
2.778416061006509872e-03
3.867631212559888374e-03
4.021658081672509211e-02
9.258426353585249777e-03
1.743452772238242299e-02
1.254519618493912282e-02
3.432912724357467440e-03
5.415783521381994838e-04
9.627553116342422307e-03
6.266767226951651393e-03
1.625164239760192031e-02
1.375834157451698465e-02
4.184262383031511247e-03
5.575088101531541600e-03
1.910595705623189047e-02
7.243762187478314934e-03
3.243093807381039473e-03
1.153198054154252333e-02
2.557303058286216485e-03
1.541568634450822192e-02
1.936664549040603006e-02
8.984970849100472334e-03
2.195089669480946269e-03
6.124450035387145504e-04
6.687458290638924330e-02
7.643664881590806100e-03
2.008375179459356407e-03
1.385639239200950161e-02
2.234695234464421573e-02
2.260049908106990732e-03
1.944024683447856394e-02
1.659512093982295697e-02
2.068653177979773786e-02
4.315593062526467891e-03
5.301300262411645647e-02
1.034701684203007122e-02
1.080288649720275579e-02
3.662270934959872999e-03
8.323974858714099437e-03
2.561456545341068026e-03
2.037419342973888908e-02
7.891240926627636487e-03
1.779073392793067976e-02
7.717806933569226063e-03
4.300297189540501150e-03
1.779079994344143906e-02
2.350145460715130641e-02
6.405319818148678609e-03
2.353409647335034938e-02
2.194228064775036874e-02
2.614139326339597405e-03
5.645973832044697341e-03
8.886856047260447561e-03
1.623580082519444912e-02
1.075578913297695061e-03
7.818960469650552622e-03
2.352575854313631101e-04
3.295686914727742611e-02
4.324433307727262865e-03
1.832499596138020825e-02
3.665277239060391740e-02
6.322897295375650220e-03
3.598531465367021953e-02
1.095414405712635819e-02
2.487984596011003774e-02
5.148412019192751335e-03
1.675359810799074978e-02
2.069048855977533366e-02
2.149730002515543026e-02
1.239211358753749409e-02
8.465316149776445226e-03
8.904389043947146670e-03
1.244210249506034344e-02
1.092920434478539607e-02
6.343534640375401989e-02
5.697957582422337811e-03
1.281260208317095903e-02
5.134431371669853812e-04
3.730743552123431950e-03
2.104961100405553474e-03
5.296925940537728500e-03
1.057271997165610926e-02
3.460088526542782952e-03
3.582144380324441858e-03
2.909498367547586929e-03
2.726557582195365814e-02
6.533735166531018726e-03
1.140212298544875276e-02
5.524324381053860068e-03
3.697620759026176013e-02
7.753547013565146792e-03
1.656476303332045721e-02
3.765037468936256737e-02
4.791801676524032327e-02
1.861428912244893902e-02
1.451875460238196552e-02
1.440071933889420543e-02
3.303288415740577959e-03
1.037265429265713662e-02
9.605378434568018209e-04
1.635506447310762501e-02
5.341316683089890674e-03
1.001417668843033494e-02
5.068302961074303697e-03
2.074147016656833001e-02
8.179782079432453695e-03
7.184888948958476074e-02
1.096801556096956703e-02
2.220493993437465396e-02
8.545160564490750579e-04
5.186767126157679902e-03
7.387569826983460958e-03
4.856201827292910486e-03
9.128758498031859514e-03
3.016917850121419477e-03
2.822505318036152427e-02
6.773679257510554011e-03
2.034183664576658807e-02
1.389311435648992593e-02
1.423289736132070729e-02
1.924646078536927651e-02
2.757649869872764309e-02
5.274988930218115629e-03
3.623644508813314569e-02
2.304627017133632771e-02
9.424256002570670018e-03
1.748343520470590703e-02
1.230777779685968132e-02
2.123606847845898107e-02
8.968312260577414883e-04
2.484791978456672538e-03
2.724983426058827807e-03
4.502057968649743162e-03
1.606410735843094920e-02
2.518643013961220645e-02
4.611001467235176753e-03
6.974909651629463553e-04
1.475518690597470151e-02
7.448316512750549623e-02
3.485572288859466877e-03
8.160686161445458026e-03
1.576572393194541205e-02
4.698937281169920065e-03
8.474627041583887577e-03
1.953154033739848069e-03
1.996005803561980846e-02
1.706616741154424674e-02
2.182930240283554799e-02
9.303311547434665180e-03
1.859237374318280928e-02
2.277509393142090888e-02
7.595469150814201931e-03
8.985643306877644579e-03
1.280739345660204115e-02
1.059757648676400155e-02
5.351491762423638693e-02
8.999602707656598893e-03
1.180437236739829282e-02
5.716309449056106683e-03
4.552734759366549450e-02
4.196951056498929300e-02
1.742877215278871433e-02
6.186996648213313049e-03
1.653811172054320267e-02
1.024973898460743681e-02
1.293713360428043642e-02
3.070579622608426984e-03
9.701427270323994406e-03
2.246627628084850795e-03
1.933031602850627043e-03
2.210702230672437207e-02
1.601923737566287448e-03
9.108218194303040194e-04
2.118498161129965291e-04
1.543639054947440123e-02
1.041807070961813138e-02
2.968364844326889032e-03
6.840608692125261375e-03
3.333051536860254238e-02
1.609049279515882905e-02
1.184142146496212564e-02
3.495226139642657048e-02
2.969108248556417973e-02
1.366054809715257570e-02
1.424802973521971210e-02
2.108378597052377752e-03
6.516155193450905506e-03
2.696378433046764389e-02
1.612517752140434427e-02
2.302712427264345940e-02
6.737372043737111307e-03
1.891373348887331191e-02
4.666907682233484289e-02
1.102468214409602250e-02
7.979985110752589594e-03
5.196967554196869205e-03
9.398640281178382433e-04
5.420696421404505930e-03
5.975846200309206657e-04
1.634550890932402745e-02
9.371704590068568024e-04
2.784381307207215578e-02
4.447856881706729187e-02
5.283911025457230584e-03
5.559990296901385319e-03
3.078793156350176537e-03
1.150959322057496653e-02
1.894008544096643237e-02
1.156191314834692160e-03
1.496105829174770906e-03
1.587775726331915873e-03
5.774578877732139404e-02
1.586643151269098717e-02
1.309089040148052156e-02
5.715471686715772187e-02
1.934232766172440388e-02
9.525504788985318660e-03
1.595122489177636799e-04
2.150053647270126246e-03
3.481464420606844579e-03
1.515985027980168431e-02
4.705729789900060800e-04
6.014136987690932301e-03
2.592525704467914943e-02
3.676566512037943157e-02
4.249011013502147771e-04
2.047233734013596124e-02
4.215297384551480731e-05
1.629309732589962270e-02
1.938701535001649545e-02
5.991499779659815832e-03
8.225385609231508979e-03
8.591225058244156970e-03
1.260484385987168526e-03
1.608222778560252156e-02
4.201660607619917345e-03
1.599305781713465657e-02
2.314906021175372908e-03
4.052265464478438384e-02
4.344467339556672136e-02
3.437747306636145840e-03
1.553419779642244147e-02
1.905794884641861392e-02
2.742593000557465993e-02
2.265044643971006813e-02
2.144376285897128809e-03
5.904286765979924884e-02
1.568526171560783583e-02
3.265970799627621046e-03
4.793504781358447209e-03
4.156035216325802695e-02
7.141173029149030203e-03
4.247456269065144618e-02
3.437642216292826833e-03
9.614011053935755599e-04
1.583843829908835460e-02
5.129014414798559532e-03
1.550957096711338967e-03
4.619364188334165039e-02
3.186154791221676788e-04
7.861301942319254971e-03
1.215151229140649762e-02
7.436604898734919256e-03
1.793985384316106393e-02
3.028198951891105176e-03
7.146225383021134747e-03
8.543240220434331067e-04
4.653117625474339006e-03
1.170129238093513269e-02
4.787478890744979038e-04
1.192215910189288464e-02
4.085296769906196501e-02
1.311796353762475749e-03
2.037242290757353483e-02
9.051606471255375236e-03
5.150961314791441259e-02
2.700443130425212585e-02
2.900853361230422769e-02
1.062974640595307219e-02
9.598044352812206553e-04
9.061943180115276247e-04
6.030865920535288457e-03
2.316774069730673236e-02
2.110735963027264572e-03
4.662150730436335003e-03
1.506911131884836746e-02
2.025021386974698058e-03
1.940313445277143389e-02
1.573072320632333196e-03
1.179474428730028362e-02
3.342812601109380888e-02
3.456459898929821039e-03
2.854113326891108068e-03
1.509425214054142816e-02
1.161989778433423007e-02
5.898666977719631277e-03
5.119608881283153543e-03
2.148212883355686900e-02
1.896310821057143464e-02
2.789342744149570300e-03
1.587343225088778086e-03
4.922433886301904628e-03
4.509717024554495482e-03
3.179637130476392626e-02
8.279634914211821822e-03
2.224533177715918696e-03
7.290139593413572788e-03
2.420097452482925654e-02
9.016390974571110439e-04
3.350583353051989066e-02
7.363367733974632810e-03
5.010789007262123930e-03
1.143571067550039474e-03
2.845588312848852425e-04
2.621135934693474118e-04
9.936309294745544751e-03
1.958945932213423773e-03
3.861068694270112373e-02
1.723407381363938409e-03
4.547620076734409933e-02
1.201369936122843179e-02
7.859525344528550672e-03
6.883142647929340469e-03
1.315147022254764368e-02
2.328083156113797125e-03
2.178106863601000226e-02
2.534424569918549211e-02
4.827712250439636539e-03
2.017309855456321521e-02
1.429368735288589348e-02
1.473560710844000476e-05
6.519761731336195382e-03
1.932669838118319244e-03
1.545404558969390094e-03
4.764415992399014671e-03
2.648940339348938508e-02
2.250015210813699137e-03
7.259436181792135352e-03
1.715922533955681339e-02
8.726762106923064907e-03
1.083978574172719637e-02
6.078997789481566105e-02
1.582306158295014586e-02
7.955428434923954989e-03
4.262980095524307629e-03
4.137063086782947000e-03
8.789009365930709750e-03
1.224850476748615483e-02
2.574842728097028258e-02
1.871556895016631555e-02
6.939931112723857903e-03
3.065831834123857597e-02
6.571836109043219937e-03
5.467735324864685109e-05
1.509894915655058886e-02
1.168108704290817847e-02
7.119828234852810731e-03
7.478217337015733573e-03
2.106246534277669141e-02
5.272457693448149088e-03
4.830122391161463524e-03
4.275528733252906971e-02
1.108309629410282604e-04
7.558062261702705453e-03
1.263450006538814965e-02
4.409219825611240123e-02
3.623204673866616682e-04
1.539632748516015122e-02
6.467801145469598625e-03
3.675656714350756735e-03
4.653683190392323907e-03
8.670360471817956452e-03
8.257048454473336907e-04
2.935958238747116839e-02
1.410722493487446758e-03
4.338952595529885908e-04
9.114162449505219810e-03
1.699788255208418237e-03
2.853565534618926480e-02
4.794306063759085600e-04
4.349089972311050156e-02
1.165879701967971818e-02
1.145600660699981448e-02
9.128659330203750533e-03
5.526302230221266827e-03
1.073670552272305151e-02
1.933438692524947974e-03
1.933105605029445881e-03
4.301473125791700942e-03
2.451258817263714945e-02
2.988848231379162470e-03
1.717760758491004413e-03
2.352662408372715661e-02
2.501660598880832420e-02
1.414785458824945269e-03
8.970509954115087059e-03
5.415383905850990748e-03
4.333775969186026700e-02
9.037666790533024214e-03
1.212322965305874869e-02
4.228254294122955025e-03
3.155470095763123622e-03
6.500050289789711597e-03
6.820806999531865700e-03
7.132486421418858524e-03
4.231602831597849890e-02
4.267614284017562376e-04
1.168036181371763342e-02
1.752890545867668995e-03
6.039303404096921929e-03
3.041653495189449580e-02
4.249065060039983188e-03
5.745839580397532100e-03
3.435337682374318968e-02
3.193582891628084230e-03
8.392525063756605536e-03
1.014087440263106155e-02
8.949161556487932739e-03
1.744522709227126387e-04
9.574000428769356003e-03
7.353528167129644993e-03
2.073781052003292186e-02
7.100276938711303117e-03
2.651781081775882697e-03
4.436436821564078425e-02
1.107234230957744592e-03
3.944786838642560384e-03
1.381686635884454839e-02
1.505851191094489255e-02
4.784362180680105936e-02
4.231432989037602066e-04
7.683863382081995361e-03
1.708348717230786379e-02
7.857154197950419819e-03
1.840297329883868599e-02
2.145242823307480506e-02
5.805867438353562796e-03
2.764182768910537075e-02
6.291874243584728594e-04
2.153724743240580108e-02
2.101328196184444087e-03
1.767752206999414349e-02
4.698032570647611011e-02
1.990759962282025175e-02
8.179210588307391644e-03
3.393755658174592293e-02
1.765566153637123954e-03
8.509796719585172725e-03
2.814808094329291493e-02
1.422486765038583414e-04
1.860117555021281038e-02
3.046278591976786521e-03
5.717729687112101111e-03
1.018138493118992197e-02
2.418430148371893823e-03
1.267455110559126755e-03
2.936662109838273499e-02
2.557420324804618450e-03
3.496132925484214671e-02
1.975236101829030456e-03
1.320821033496252100e-02
1.256859680769447513e-02
2.079349296008793733e-03
6.851673279733126384e-03
8.332259200020090614e-03
2.812078998102107708e-02
3.665589651838462677e-04
4.827466819262466596e-02
5.152207491574661846e-03
4.131618695483691567e-03
8.457346529533261992e-03
1.479499486377006817e-02
6.899691367771468124e-03
2.841045223526765507e-04
3.630342738307886646e-02
6.432130367387668343e-03
3.871652630817860354e-03
5.551190715887799679e-03
8.241531776429481329e-03
1.792476927995872299e-03
2.035133499944515034e-02
4.280628968582247257e-03
1.083905239481973773e-02
4.401836108323861282e-03
5.133269781768319551e-03
7.261049163809968517e-03
2.849223015141133693e-03
1.596716991946649233e-02
1.688600725817200610e-02
1.269154725869482692e-02
4.417123194446812007e-02
5.006800879987137465e-03
2.054627677863709451e-02
2.539090601076005038e-02
1.118611990956659176e-02
8.178542051759375014e-03
4.361582216820996186e-04
4.970007969642022128e-02
1.917450625938298819e-02
1.955749893990636062e-02
1.159327875220642068e-02
3.513583784330240323e-03
5.087780596603872288e-03
1.021979093777150051e-02
7.285686205825617386e-03
4.065324525622162483e-03
3.740387175610490611e-02
3.390849928128224049e-03
2.518339675691036103e-02
5.506269022731338780e-03
7.612367228304121360e-03
6.090899452554135104e-03
2.041728653237106367e-03
1.966449407173036928e-04
1.298760559373961405e-02
1.973714757978992096e-02
6.436948949394092484e-04
2.094134776679816221e-02
2.104216661670755759e-02
1.451026192638719264e-02
8.811844529404713744e-03
3.937225075318941114e-03
6.337368061727559343e-02
4.780777228144419966e-03
5.155353403638747965e-03
3.626757370446841849e-02
1.185293278405328936e-02
1.077080336988468084e-02
2.772973370856298553e-02
2.454937839431480667e-02
9.624099800195871912e-03
2.443100917599173860e-03
2.478396657934679725e-02
3.410794168438224718e-03
1.740947562164436857e-02
1.264689296625435416e-03
3.826253940222077224e-03
3.191402270817011912e-03
6.290565197011312171e-02
4.090500942938930448e-03
5.296480441890533131e-02
1.130027503765279953e-03
1.662213299876563743e-03
1.885941113632396554e-02
5.973182824164859073e-02
1.758494855822993405e-03
5.987377747827642149e-03
1.370713914137200798e-03
1.807556575129781046e-02
8.697020595629495129e-03
2.634021380170079724e-02
2.486597250498831860e-02
7.861598881469797351e-03
4.338429468308081099e-03
4.050398698143313492e-02
7.245931197811800520e-03
2.719267385832327931e-03
2.293855024342946608e-02
2.802783855453658095e-03
1.243620765267038726e-03
4.591352692432161889e-03
1.431138576073906141e-02
1.867257818167631506e-02
4.962591950373737744e-03
4.403667929329551506e-02
1.373903462857706259e-03
2.703036488195107584e-02
1.177056793098223142e-02
1.173080910753502779e-02
1.208289359340836491e-02
3.777528824945508568e-02
1.142586422352697903e-02
5.866900949301263185e-02
3.042395782119899916e-05
1.340988344847280495e-03
9.239562172743513713e-04
5.755021776524121835e-03
1.454913962814103484e-02
5.356150723599823783e-03
3.428373003734068360e-04
3.337391681674723928e-03
1.051552200286862485e-02
7.480948470350001420e-03
4.702407205943474888e-02
1.209441414077409849e-03
1.581645767094254015e-02
2.847691157835028491e-02
1.039331317492923987e-03
4.443348405079039498e-04
1.818132216540605320e-02
1.173609186819722650e-02
3.099429984051487591e-02
1.429530527407012544e-02
1.131243728830149536e-03
2.120865130742781782e-02
1.593511533091749102e-02
9.674373181354282980e-02
2.144197216475614634e-02
2.015326982164625941e-02
9.714123469799197663e-03
2.663017224964767463e-02
8.067909211101268255e-03
4.542841787040803603e-02
3.047213519159416850e-05
9.280913199601058261e-02
6.975313874065297917e-03
2.334811025033474083e-02
9.765165196952415444e-03
2.727832393389155799e-03
3.760498989817437354e-02
1.532941839195072278e-02
1.934557965867438924e-03
1.057048630121877088e-03
2.229151845309116937e-03
2.846266731332374074e-03
2.991979264339768990e-02
1.416577418357949612e-02
2.364861258466697744e-02
5.371391647136876391e-02
9.138918342018187424e-03
6.937357437166547652e-03
8.882430181818435494e-03
4.246773514639812230e-04
3.263065385943403340e-02
3.714088796545527826e-03
2.320751904339450611e-02
3.798524453227337949e-02
4.063772834894381625e-02
3.075724862515780839e-02
1.522597790657213845e-03
1.684195639947351150e-02
1.028637311227894278e-02
1.656752137356824750e-04
1.540647638336405806e-02
1.044118503819154581e-02
4.859568762872665953e-03
4.119196361694707487e-03
1.554529286298053994e-02
1.153632596780609573e-02
1.324736314958849595e-02
8.891390501985633500e-04
1.088675344544086376e-02
5.591466610921358438e-04
1.738637789505101741e-02
2.992250658595286498e-03
3.185848070989830139e-03
1.003053225493659092e-02
3.720915730622597478e-02
2.285863542888659505e-02
1.558989798408060706e-02
1.339035371941153449e-02
5.522702106080499412e-03
1.606667014406978206e-03
1.254876752069453150e-02
8.868948173205612809e-03
1.868551537134810481e-02
1.105745504884824218e-02
2.446877232212121486e-02
2.039515002496703269e-02
9.434582317841382071e-03
1.721537506089487746e-02
5.277325621188885298e-03
4.078518063790381558e-03
3.310453611636086056e-03
4.509051266510107417e-03
2.361376235089059777e-02
4.758878978193758005e-03
1.096632485490503864e-03
5.600869175975892351e-03
2.073637085777494532e-02
7.034785257045570589e-03
1.048829001671528968e-02
5.814017258310388153e-03
3.999992899118195652e-03
1.404188735502464799e-02
1.689652078711054856e-02
9.338227591355037147e-03
6.160428034965165223e-04
1.593291572931120059e-02
2.076425477701828934e-02
2.799015919528620965e-03
7.100472319461315074e-02
5.531032005948364159e-03
1.191033543029040853e-02
7.584608817268492093e-03
1.960270217427668993e-02
2.238466632978517237e-02
3.163710419083565206e-02
1.882614611085439704e-02
3.536176419180799696e-03
5.712176834345985416e-02
1.076086991926719291e-02
9.803914449240704043e-03
2.407320868771030062e-03
8.969094146734791356e-04
7.152200729967800666e-03
9.837687862361809907e-03
6.034298541356244300e-02
1.409945120754544159e-02
1.211432970007228146e-02
8.078395661048861417e-04
2.863139245619729725e-02
2.569122961421071299e-04
1.815482060032826486e-02
1.248575054219298354e-02
1.617063742045402736e-02
1.050059489767538393e-02
1.404991955648154413e-02
1.349698582540442837e-02
8.497833085393207905e-03
1.700033180518091547e-02
1.736519616352097395e-02
7.115953665234903136e-03
7.071684252461721276e-02
2.853776977043132740e-02
8.667539633345001590e-03
9.546517991669395062e-03
5.483862719879845776e-03
3.172678124935119498e-03
6.566267896232925311e-03
1.182127193284782107e-02
1.010956335002279743e-03
6.178321703345367871e-02
3.836473611099173401e-03
1.902461882671479393e-02
7.451070227164988818e-03
1.132689534552419088e-02
8.434156172118224132e-03
6.077191346745911514e-03
2.576268471155716139e-02
2.684094774360217331e-02
8.135941942019487422e-03
2.218522175840692817e-03
1.742336124381604900e-02
1.876725519388034412e-03
1.380759987505940367e-02
1.339430266231081065e-02
1.657093298870445427e-03
2.126930440955525706e-02
2.104017487027328229e-02
3.501197852830649493e-02
1.079645696814324034e-02
4.677313223148592269e-03
1.761048792436971377e-02
3.558747507278572572e-03
3.875632317136795679e-02
3.741953611194875212e-02
2.508708548083603274e-02
1.100646396930357335e-03
1.199280098473920475e-03
6.768624153783643800e-03
4.327318407335407728e-03
1.021521170357537166e-03
7.998203420579365341e-03
2.222269654195968905e-02
9.996957608513871996e-03
8.755761966425471693e-03
2.270943713312767887e-03
1.836816318352334568e-02
4.351147815397981428e-02
2.056280581125315837e-02
8.031789449770003475e-03
7.290653145513377627e-03
1.056690880785993505e-03
7.369006099302296414e-03
6.368574574066734363e-03
8.095243361377112493e-04
6.179391981082050893e-03
5.661554048609811901e-02
1.026299052990267170e-02
3.206287818442926651e-02
5.094298755807393636e-02
1.595748988486607152e-03
1.650189431873842066e-02
2.963973164979026922e-03
2.459223898310706688e-02
1.534837748851954238e-03
1.246537428881473383e-02
3.962814106486362703e-02
1.248758954025295208e-02
6.490025398182985676e-03
8.492119662494362550e-04
4.596485623802062936e-03
7.396920537707251525e-03
1.429684015876028433e-04
4.120718436293152598e-02
7.933276074600648098e-03
4.060970929803925378e-03
6.149995627526445852e-04
7.087502043849952180e-04
2.172947659677489443e-02
9.493792273628351777e-03
8.197936555577876525e-03
6.384282394706838198e-03
1.250725969896425427e-02
2.039731013990449347e-03
1.434274926264717150e-02
6.906031439833562775e-03
8.593920362426317808e-03
1.240211974093596500e-02
2.511226360918102432e-02
1.716240746613762087e-03
3.462923194898392953e-02
1.527290985919250478e-02
2.554149380102836708e-03
2.607533335442708752e-02
1.787978403688685394e-02
2.589603247886991186e-02
1.158909026307345172e-02
1.556325883612012795e-02
1.636398376390444873e-02
2.351341986185170700e-03
1.794238264800193574e-03
1.036257634728151439e-02
4.493534740040508457e-03
6.025535940002834517e-03
2.308906035113950268e-03
4.960348284311260486e-02
6.082706570612618144e-03
5.153501837897415949e-04
8.446422416701045502e-04
5.862858433478355946e-03
1.214856216567491640e-02
2.891261344355253865e-02
3.348430417852521490e-02
4.168733014275304016e-04
3.888626467602149250e-02
2.666666739840188941e-03
1.595006620735124614e-02
3.563331492749503837e-03
2.564175153756647479e-02
6.185716131603674096e-03
3.564373355953046052e-02
1.877789879229964376e-03
2.158443280365395997e-02
2.529138957375301824e-02
8.317498700353729429e-03
8.445859858054859809e-03
7.802891236002937846e-03
1.113316149700602914e-02
3.766651332479232714e-03
2.982419306370775580e-03
9.106784603030564432e-03
1.094440796321477158e-02
4.562211094468054950e-04
1.181227507062108939e-02
1.178310169641790667e-02
1.949625656898342288e-02
1.438193325145043638e-03
2.363112794865838626e-02
1.147617431663463215e-02
6.857014723980054544e-03
1.319816350698111568e-02
5.217615394792307452e-04
1.138483721989624539e-02
3.284867395762507136e-02
2.704772724278992069e-02
1.240431054130683962e-02
4.818915227022443903e-02
3.347114965877874635e-03
8.412174684756081391e-04
1.726429796243661094e-02
2.987937039748403412e-02
5.189459736488798332e-03
1.762316138907950996e-02
5.903555288022378951e-03
3.305927535639599513e-02
2.855854923146308039e-02
4.935048637090862743e-03
4.437082278280321708e-03
2.033040531760983011e-02
8.722359638081607358e-04
6.317062137565112971e-03
2.604231268876060126e-03
5.977210971538815705e-03
3.843790469718783541e-03
5.858814064204475452e-03
9.016624064505108713e-03
2.416641672648205119e-03
5.788083200105362258e-03
2.791411433573169707e-03
2.974504447241353971e-03
1.611845295454820276e-02
1.184001392884879295e-02
2.346684211553656807e-02
1.115325073270119483e-03
1.084370212313137335e-02
2.786601402725290277e-02
5.967508972453912375e-02
3.600460273045162640e-03
3.501776549262488464e-02
2.363315651765639236e-02
2.711782086081242216e-04
8.659239115158926664e-03
2.680927395606857652e-02
2.232069304932305254e-03
8.855836928805156660e-03
6.570600228906387126e-03
4.060288231965485800e-02
8.357218007163763965e-03
9.364287260278754063e-04
3.140727433472104146e-02
3.993474314341138864e-02
6.073525134109648057e-04
5.046074323834536662e-03
6.574514924120138104e-03
6.630131000519435235e-03
3.092561330179739373e-02
7.668379676490210545e-04
1.351631688683745461e-02
8.448046069204385999e-03
1.577393947501901789e-02
7.701499764054640408e-03
1.270013998520215905e-03
6.800416946676310359e-03
1.314765126352838640e-03
6.109337303450432591e-03
4.321145370431257043e-03
3.203155414762416664e-02
2.515002917683772238e-02
6.517901007796354784e-02
3.352371063857486830e-04
2.343463029212553700e-02
1.025033353691205858e-02
7.668002718392403008e-03
2.225348004152346085e-02
3.203866731321917266e-02
1.647930805660050534e-03
1.674063526314068656e-04
3.254240937515238876e-03
1.693357810152127524e-02
5.351574167025209203e-03
7.986010283874252214e-03
5.031364622944279469e-04
3.262133218705959292e-02
1.215788935217709636e-02
2.155644041631203656e-02
3.685114274493350023e-02
1.382674317516083620e-02
4.667122640716407644e-02
3.277678554580930673e-03
2.802239685992433810e-02
5.984094467389230315e-03
8.752400076921396793e-03
5.213090256850067342e-03
1.380000594967695920e-04
1.836164689101565895e-03
1.730393259188574978e-02
1.432344487476538281e-02
5.724553819174365123e-05
2.498196441569643100e-02
1.346062689299038287e-03
2.090826427461311629e-02
5.390818677553412160e-03
6.230644464881446298e-04
5.681405472738810386e-03
5.824884988005211289e-03
1.141320191228450617e-02
1.819815170217031070e-02
2.402977980837123044e-03
1.453404151290699914e-02
1.774009771976924662e-03
1.516831702764568843e-02
1.582482587137895580e-02
1.554071739342613792e-02
5.245365893668639187e-03
3.488827443211960089e-02
8.024940996675134289e-03
6.248359299845770813e-03
