3.298280540718524778e-02
2.233616932826087975e-02
1.360774080822087229e-03
7.896658803371682522e-02
1.307993101642236818e-02
8.471572549844030853e-02
3.982671069854413354e-02
6.195743606871458031e-02
1.781336979353773803e-02
8.263220174087790304e-02
2.416660728323996934e-02
7.298062585255067625e-03
2.448330201474781948e-02
9.259329815456846316e-03
1.308251362020583335e-02
5.286896831080323267e-02
6.353920359330536560e-04
3.662844500134929820e-02
1.356474040917738516e-02
2.534481804470549091e-02
2.503882630145240484e-02
6.402823922417762159e-04
3.808999069844585389e-03
7.325618122068745623e-03
1.728384981289968203e-02
1.923609021034881905e-04
2.952547017987199388e-02
1.948170345204364162e-03
8.102911622696494509e-02
8.320732684219608877e-04
8.819947575889348218e-03
8.465726348865700024e-03
2.173056169644583743e-02
1.869398987314672272e-02
1.164215322009616721e-01
9.484103808571497929e-02
1.568992783723104426e-02
5.367112703471051821e-02
1.058215015927135502e-02
1.535137813789432329e-02
1.935171514585691879e-02
1.510369833600760936e-02
8.647057836883209961e-03
5.457700322724066445e-03
2.004219660454747975e-03
1.307039582498487236e-03
1.544169228583876403e-02
1.391773571657789477e-03
1.701003675819542926e-02
7.357732881190559571e-02
2.503116837438354447e-03
3.359844162556246960e-02
3.902428676321855611e-03
9.792254695989526664e-03
1.517385756817673376e-02
2.032048420365244537e-02
3.705747401520735618e-04
6.756426627829478782e-03
5.589727657976295561e-02
8.243800071375258914e-03
3.762108191029496507e-02
4.436625359414472607e-03
1.831260182358286290e-02
4.602218615218398035e-02
7.965629444754759869e-02
7.795405291118392976e-02
3.450141576579940361e-02
4.483178734708763435e-02
4.171264652175210585e-03
5.104988033078527304e-02
1.098522782593427602e-02
4.189581399280174756e-02
3.658261745483624983e-02
1.647601337847622027e-02
1.554542719509701548e-02
3.801945907476639991e-02
1.659686778581603850e-02
1.019198873521232757e-02
4.048502187690791732e-02
1.184611215744428570e-02
2.239389561819917634e-02
1.337180071810582793e-02
4.449700005544408865e-02
5.037075719575859895e-02
2.200404861121220065e-02
2.313743449295744409e-02
3.876608512323910863e-03
1.222271532666388966e-01
9.302754817977515467e-03
4.759895778442745085e-02
4.317278843863779636e-02
1.282263485025221007e-02
1.274278640809739342e-02
2.588700604517752552e-02
1.375035054710558591e-01
2.782854776403932695e-02
1.744507709245780858e-02
1.418814676321862936e-02
2.652448205706097600e-02
3.289379035820399338e-02
4.275161898404839650e-03
6.743759357315040615e-02
7.231924227225964424e-03
6.201300746742118702e-02
6.076782031522353494e-02
2.890599623650357691e-02
2.305272890649074161e-02
3.356400678842788587e-02
1.280969187538530223e-02
2.284750183790544217e-02
2.951518000713638026e-02
1.068084544464341715e-02
3.515395246130760890e-03
2.785776667383197194e-02
8.070190001240937216e-02
1.222663864527602159e-02
1.276636223953234520e-02
1.112951042952492822e-02
3.515481546246471134e-02
1.207102141667664719e-01
3.600290014856172977e-02
2.258330683759606633e-02
4.651262325494434635e-02
4.436603066081729052e-02
2.652459519959426276e-02
1.963624776087229129e-02
5.957114745145915269e-02
3.854310808194116172e-02
5.416152848394131455e-03
4.663492140404768699e-02
3.922716600804684872e-02
1.659689540646110129e-02
8.273817655705061579e-04
8.505836709388053807e-02
2.149206127078578596e-02
2.294791779173463442e-02
7.689579210840151099e-03
5.384765880728693138e-02
2.821497345866297302e-02
2.122970775584682307e-02
1.538110600162299890e-02
4.992774508942811329e-02
1.508656615159763466e-02
1.990199069828619757e-02
2.243236040717348778e-03
6.909815096910215670e-03
5.238544806957890626e-02
3.314880151462129380e-03
2.171869502763916146e-02
5.940662992263865891e-03
7.927363281072136170e-02
1.539222488852565185e-01
3.356620529080116266e-02
1.703792617153818047e-03
5.522014196835251659e-02
1.159575239324803914e-01
1.810830657560812129e-02
2.425387945509722802e-03
7.232279715350377336e-02
4.089621697660698885e-02
2.180510121836299470e-02
4.568078951337428695e-02
9.860745348852673064e-03
9.960417147326025566e-04
7.531358839615219514e-03
1.473851091728276552e-01
4.978825320624483131e-02
1.735279438610293212e-03
2.359719794180771199e-03
6.053523101021295039e-02
5.667599291621930324e-03
4.030105664083535877e-02
1.892967102192400983e-02
4.283773809819434175e-02
6.050033751179371977e-03
1.770337278161267269e-04
8.728490888009372839e-04
2.545104662862708936e-02
5.287052081679280424e-02
6.663753731314479151e-03
2.577891015723941803e-02
1.173887040330044013e-02
1.113130713048607057e-01
5.458891846541921722e-02
1.293591134152535273e-02
4.829440838864729191e-02
1.087795176640362071e-01
3.519331581761336869e-02
4.139862507263770280e-02
2.486270197685279057e-02
4.148679088357380695e-02
2.749860812966962303e-02
4.306616368559799957e-03
3.407490820653419350e-02
2.683893678104674191e-02
1.129821219289096901e-03
2.685974868080686848e-02
3.663859180223436041e-02
5.846753931007027394e-02
2.294827886580538823e-02
8.188424406836473067e-04
9.412249019071070033e-02
1.524181343186874898e-02
3.611407778189838075e-02
3.610953260352113559e-02
4.563558240614204453e-02
2.823174669666142500e-02
1.667044553479622715e-02
3.996972195831372671e-02
1.879122653055843514e-02
4.124905065842110474e-02
8.974203412512558875e-03
1.255011540007611517e-02
2.463930129862695190e-02
5.610418971669671462e-02
9.215175060814942420e-02
2.834738883885017102e-03
8.636032487648322847e-03
2.651594390476283425e-02
2.650986763421606801e-02
7.257031813413308829e-02
3.090535274562739021e-03
1.943355724459819300e-03
3.845828882404866284e-02
5.065242973520234226e-02
4.671821905177336171e-02
1.020835045368073679e-02
5.708498634260612131e-03
6.592543734318956350e-02
3.837018786300985806e-02
1.429571003393538542e-02
2.188338398780277985e-02
1.606120095771581407e-02
7.603736697147323031e-02
2.181352577647838881e-02
5.299449084021393835e-02
5.930460265798887659e-02
5.060843070087104462e-02
1.987852973134731499e-02
1.880452819002761955e-02
2.009221370301694093e-02
4.194460513722979636e-03
5.266674296528316840e-02
4.302979355741722023e-02
9.564211208981245049e-03
1.225647578524184655e-02
6.201430716533710974e-02
8.034431324508822803e-02
3.217217889314288176e-02
2.214880575009418873e-02
1.592495449225150156e-02
4.388141817012863877e-02
7.247475010223350389e-02
5.375923413592655770e-02
2.680549425181037032e-02
1.376525106127324261e-02
8.030813470202401161e-02
1.069757316205986741e-02
5.117276590972977268e-02
9.554701849949054360e-03
1.907415941694000361e-02
7.566178620677169175e-02
4.075304717848863417e-02
1.221326468521299891e-02
2.259778032715619930e-02
1.276916955587175176e-02
3.376350751102364517e-02
2.499234089609420062e-03
6.706922829752150206e-02
5.387866709538514237e-02
1.764113444686338239e-02
6.562098014526070167e-05
3.846806888362580903e-03
3.942037174589896158e-03
9.946796465771395868e-02
4.755413238055824360e-02
2.997560408683919847e-02
3.682606935389886454e-02
6.580021538634973910e-02
3.417942047714023213e-02
3.103684913143286463e-03
1.114905525552477641e-05
7.773202315613089372e-04
8.257958169346002464e-02
4.902233326099145194e-02
2.715182810103113423e-02
6.514027719162647761e-04
3.398423091446801762e-03
3.694405567783880240e-02
1.448724223459176841e-01
1.023593268879893214e-01
3.386920063983726165e-02
1.979754128824882942e-02
1.300307776615258759e-01
2.609557874289102075e-02
6.359331096151311924e-04
4.532208461648816467e-02
8.868398090775314602e-02
9.020085989755163847e-02
2.674636210379431091e-03
5.556718598430364364e-02
1.241104464978550793e-02
6.461727706588411488e-03
1.058132937793844833e-02
1.531499297764333037e-02
4.519334825897686897e-02
8.527970429317899281e-02
6.818570063406611051e-03
4.137009837467582607e-02
5.536167339716321911e-02
2.772525931969312130e-02
5.874876927786033820e-02
8.313502369421882365e-03
1.054130591299553242e-02
4.068764240089554896e-02
2.003754213631771947e-02
9.631143612758656658e-02
1.051056307875605500e-01
3.289777321400365329e-02
5.095947142868317847e-03
5.262591363551827328e-02
9.329137876141750663e-02
1.417624799193445695e-01
4.051258219388490650e-02
4.592936366461114472e-02
8.111968428243644669e-02
1.188627743323445070e-02
7.890873302674103473e-02
1.852848373937474036e-02
9.926661815719098336e-02
1.442094284142476576e-02
5.426778716365023014e-03
5.296228773963541914e-02
2.306312487597161898e-04
2.493896164942890556e-02
4.156993456046565588e-02
2.238792685038449443e-03
2.083282556771017327e-02
6.262582709875735842e-02
5.265912808361861153e-03
4.310671448316958504e-03
2.277848995245026001e-02
2.082495841699529698e-02
1.860314272814932862e-02
4.364415878948355032e-03
3.262339885274982004e-02
9.331460648704723027e-02
2.725393374636217447e-02
2.963034071857802501e-03
6.726782079968607331e-02
1.988415760683596295e-05
1.247012256654611746e-02
2.579354620704603362e-02
8.971715892500445322e-02
2.583281124011483493e-02
3.313955406848740487e-02
3.342645327634679447e-02
2.156488441861197786e-02
2.685643753296856895e-02
6.002478776976032451e-03
5.251180367599044690e-02
2.134409617556736957e-02
7.753290530808643055e-04
1.501808696558240563e-02
1.701847503627194544e-02
6.245757362222700837e-02
6.922181048042463924e-02
5.231799714816988411e-02
1.414660172738318143e-02
1.022473835687908762e-02
4.327957537590385040e-02
4.060242511802664850e-03
9.964233205354816603e-02
6.958003205065393416e-03
3.544306483836055788e-02
2.544230405524945671e-02
3.501909550281382538e-02
1.061783125266361483e-01
1.773911606836377566e-02
1.234455799563445588e-03
1.387395528458028847e-02
4.931491506444843353e-02
7.041715787460496589e-03
1.378470984756162247e-02
2.998663312302871781e-02
1.049181915108760715e-01
6.857632181910182020e-03
6.120758456651956281e-02
3.809876236124752624e-02
1.406564144368506117e-02
3.766982161196306966e-02
4.495032816711062862e-03
5.277172476133314138e-02
1.522173895294021140e-03
7.567623441460780143e-03
2.663044948708827991e-02
1.863881902981410349e-02
7.605359969616724836e-02
5.168362756215228587e-02
1.707996828820216792e-02
4.686410532499712261e-02
4.580223776324110485e-02
7.136641611230701288e-02
2.850063268570509484e-04
6.571892056949171779e-02
7.467985865745485619e-03
5.084701389774996111e-02
2.841326430182677248e-02
1.839446582669288302e-02
8.822203392204361339e-02
1.707415495290375007e-02
3.427092233064085725e-02
2.385870693181225532e-03
2.303733054418631576e-02
1.242884642764427450e-02
1.700232301798089429e-02
1.361745490761080007e-02
1.040501024443315353e-01
1.604882712472100598e-02
2.474056479014725973e-02
9.899575335480627347e-02
2.359540066257309610e-02
1.605724769122048035e-02
3.208669856129167056e-03
1.216312739021877757e-03
2.649057865343210950e-03
2.125097346715421401e-02
7.492388953346073958e-03
1.112146648351927756e-03
1.168095785588151581e-01
1.859811706170727552e-02
8.439117205783931014e-03
8.638275200670784970e-02
2.840660842467841729e-02
9.521008409138910500e-02
1.737470659180498020e-02
5.485207435494165659e-03
4.635615037406216193e-05
2.737299417206809360e-02
2.476725297103193890e-02
6.944647941997913673e-03
1.980296673006429892e-02
8.562177247247174799e-03
6.400615660474209823e-02
3.427533450852193742e-02
6.332391625638807142e-02
9.300742852642250938e-03
9.062872942666787973e-03
2.957800922408727884e-02
2.404536421404937507e-02
2.268112735137754743e-02
2.479141202202993222e-02
9.927151427309685583e-02
5.953775620109166833e-02
2.549727754083617667e-02
1.940993915237854486e-03
1.977027552987759007e-04
3.016273650422408859e-02
7.706014194646182425e-02
1.373882469624692314e-03
1.891858850917034485e-03
6.883893234960371775e-03
7.499122090311650946e-03
7.732972459288567531e-03
8.587217900305561813e-02
1.638114701518131322e-02
3.581325326500900408e-02
6.154072072777307806e-02
2.383342870464858973e-02
1.021316726793618235e-02
5.296166495042272521e-02
3.410761454058808262e-02
1.068802966881623150e-02
6.068714645462254184e-04
9.225825622440187931e-03
1.276956659778296366e-01
3.222287130306317887e-02
1.796296215928992962e-03
1.224265232309368345e-03
2.550407937402579539e-02
3.131083848919556656e-02
1.124192164621105536e-02
1.838118203945704465e-02
7.362513077626933744e-03
9.871483519292834075e-02
1.886172277319023843e-02
2.899694862660197672e-02
2.239877498679159612e-02
7.666845937050539850e-03
3.729501884829181102e-02
3.728117378873810339e-02
1.310405837494605860e-02
1.233897613297738234e-02
3.978358493449096756e-02
1.285908395870544348e-02
3.626938490613748622e-02
1.073128770399682935e-01
3.053067864601512194e-02
1.409208378952359064e-02
2.456269829009316563e-03
1.119839346352682202e-01
2.838042039870362562e-02
6.177434537106822610e-02
2.708899380715307920e-02
5.276671330960281542e-02
1.336799503880044954e-03
3.836659565265247880e-03
9.026013329953415376e-02
3.586227347916619290e-02
8.537142080773298808e-03
3.308228212513221467e-02
5.069148391441987561e-02
3.482163264858904872e-02
5.211769936245679719e-03
8.215639778981313757e-04
9.489501086508183442e-03
4.256417309958675232e-02
1.285243065792262759e-02
8.252215603946622124e-03
2.383526999902309262e-02
1.033389590835808933e-02
1.145178040222304822e-02
4.240626100477843524e-02
3.120623376963200125e-04
1.985800994378914691e-02
5.966906321413170677e-02
3.109263291855082420e-02
7.556321401546069183e-02
4.408168524209810091e-02
1.723910750675629322e-02
5.652463819664357153e-03
3.488739483693499566e-03
4.267903833127887486e-02
1.950404205990312334e-02
8.536956175717244633e-02
1.963202361073855193e-02
2.368433227577649083e-02
1.880538254342247959e-02
8.984714266726548382e-03
5.648365631822042932e-02
3.341223201883343485e-02
3.089864783029186435e-02
1.290182713799415126e-01
2.044248391873915507e-02
4.436278425422821720e-02
7.170388573959081413e-03
1.183500502175163782e-02
1.505348628252378175e-03
1.709011580830498839e-02
6.087334750598592630e-03
4.205742284034937745e-02
1.477119463207609423e-02
1.589893180648468962e-02
2.776338031497961600e-02
7.649566568113705389e-02
1.397492071373195727e-03
2.694390973990253360e-02
9.420424421405486359e-02
6.142187276726093770e-03
2.130942030442995599e-02
7.610221692658608594e-02
1.808736496128692667e-02
3.073421439984957981e-04
5.052759362079561195e-04
5.704763707734001460e-02
3.529451503800747764e-02
4.700846343187007476e-02
1.093858156618356114e-02
4.926756815223896219e-03
2.214496276325481072e-02
3.798886291840816720e-03
3.983028057209331285e-02
1.344414649110384566e-02
2.773414934099617535e-02
4.416723630842522147e-02
1.502653012531963463e-02
3.079493754751824741e-02
9.556657316753543185e-03
5.634944025536985958e-04
1.448201455298628315e-03
3.902719315944758443e-03
2.272322550956624304e-03
8.626061756130638802e-02
1.599446489788804507e-02
2.520171082339524651e-02
2.762674528098324478e-02
7.156190490316911845e-02
1.584246490327218676e-02
7.953026266773483011e-02
6.844295527183592853e-02
1.563841216488586622e-02
1.754277342250318283e-02
4.672017049208814637e-02
7.376877590345108648e-02
2.180810741293389560e-02
5.570157847914704655e-03
1.653132053757571177e-02
2.830339714575153334e-02
9.913977041555475239e-03
4.206385697167040055e-02
3.620295727930011778e-03
3.836973679128034137e-02
1.248522633830156416e-02
6.189954338141702254e-03
1.538294242033312175e-03
5.108214143818064906e-04
5.156553481473868938e-02
4.095576309839718196e-03
4.855813919275447921e-02
2.543270819315573972e-05
6.931049073669919014e-03
1.624488377006938211e-01
8.411392473655493474e-03
2.978618701254213269e-03
6.227255795529858251e-02
7.905613979342970832e-02
4.362756497117502991e-02
6.774052957140594237e-04
1.017854244877166303e-01
2.839565725196561280e-03
3.420884256365205878e-03
4.333907457070372560e-02
3.492218314077033536e-04
2.991329053037214414e-03
2.522128987302733882e-02
4.244928502028366690e-02
8.121118003306374358e-03
5.373365453008256513e-03
2.795784078570549315e-04
3.851114676243254202e-03
2.553175077779959445e-02
2.676777127857652913e-02
5.141444715094612653e-04
5.036798948039165891e-02
3.286862837795248744e-03
1.484910520728566739e-02
3.546395006592989452e-02
1.495687433864811150e-03
9.805057958737584817e-03
1.833861139713148514e-02
4.070073984024225044e-02
1.884295555162229796e-03
3.881587748359058981e-02
3.214786285109731689e-02
6.270941795190312917e-02
2.329759553423128848e-02
2.303794308350350095e-02
9.531571845153505307e-04
2.203974858483123342e-02
1.680275689273913117e-02
1.209748843174972797e-02
1.066337237711819687e-02
4.385040168031793112e-03
4.361940657389812293e-02
1.717760238785239271e-02
9.830908306131050378e-04
2.528705659925939778e-02
2.669019960913022321e-02
3.314463242337186560e-02
4.308098696931866173e-03
2.232325146467414867e-02
2.798075714717668250e-02
2.721244422334877580e-02
2.895150930963638972e-02
1.953682893029139167e-02
4.949743297601159886e-02
1.833197589200388083e-03
4.066894380880886010e-04
3.991643095667223029e-02
1.205346225801720572e-03
3.378391847626419087e-02
1.159673450827951530e-03
5.265689076515671016e-03
8.800200651847014943e-03
7.913428493083654591e-02
2.046772332374642914e-02
2.753067950310147602e-02
7.314509905142263513e-02
3.920569303464489785e-02
4.179437241303476935e-02
3.213093092048217858e-02
5.504070957023296518e-02
1.225464571961339816e-02
1.059020627717043722e-02
2.568533720751206215e-02
4.049825187211083394e-02
3.539442956669136553e-03
5.671768271189420174e-02
6.528011937091963285e-03
2.880142025480341220e-02
1.339629541011007896e-01
1.731232365633362386e-02
2.086178735074792345e-02
4.857128734503813466e-02
6.655148166504870275e-03
5.427471869964430040e-03
1.334083704055118690e-02
2.974143122056020772e-02
3.585148796573608271e-02
2.832346059586674306e-02
7.684552647103902456e-02
2.849317127918777476e-02
7.243276701806655726e-02
6.051285697387855100e-02
4.089453334023816777e-02
9.230390095879944384e-03
6.056542291819654034e-02
4.500046843601453184e-02
2.044567466356345814e-02
3.786064466419362951e-02
8.063955246275522626e-02
5.903215637318749709e-02
2.188763823700899322e-02
1.103266173875292952e-02
1.156554128967801111e-02
2.209541221826015825e-02
1.876796690313663196e-02
1.849342145995626352e-02
5.338339142102214649e-03
8.340768720488135612e-02
7.378008369250196874e-02
5.614881855675148137e-02
2.820474030010620969e-02
6.767309129963802738e-04
2.236952387816425192e-03
9.194532729617971301e-02
7.698252874555086382e-03
4.529868197761528770e-03
3.424731836921285355e-02
2.828829361578851301e-02
2.775961086515265491e-02
1.308757606562909771e-02
3.678021390525211542e-02
1.288449057160074261e-02
1.731582890589140888e-02
8.760952154081602661e-02
5.673021136038534223e-02
1.345402140496925608e-02
8.021007960986184862e-03
1.019173753933884236e-01
6.178920973741669487e-02
5.249983798621285155e-03
1.159445447057225707e-02
1.437523380427931791e-02
5.963914753719303657e-02
2.529887563232885439e-03
4.865342919288445644e-02
1.981537023429761832e-02
1.143844469497005967e-02
1.308015949196196168e-02
8.466129425220637536e-03
1.106510872573948506e-01
4.248960392482991483e-02
6.468706423260472960e-02
1.864180215647031486e-02
3.596861050597088827e-04
2.747188866790983841e-04
3.396426207980501183e-02
9.671916149570738974e-02
8.797344796263999525e-03
1.189203418583157680e-02
3.916943195447077780e-02
2.150585660564453133e-02
2.113896115905347303e-02
5.705268112758987709e-02
3.030865532433641568e-02
2.819347194362945702e-03
3.689914095214277823e-02
8.955701045278931585e-03
1.486842884472883326e-02
3.815555849777126259e-03
5.424789685431365832e-02
5.418040163174475676e-02
3.056747996220600741e-02
2.213111127682501622e-02
2.776879647758704467e-02
1.224167267212405152e-01
2.689545162510577347e-02
9.500795592086996866e-04
1.602004475306247760e-02
2.297959037290093348e-02
1.399713616809423675e-02
8.872216402099182553e-03
5.964451060765359885e-02
6.720434352825823202e-03
5.650266397596279827e-02
7.515406264448747098e-02
1.226037370330528530e-02
1.257248506445057291e-02
4.212472261025421161e-02
6.778470461938021496e-02
9.951690557160476625e-03
1.833362459602895511e-03
6.782041942068307849e-02
1.126731624434177959e-01
2.646055120495983959e-02
4.218306559440070103e-02
4.379250456109637368e-02
2.258400071770946815e-02
3.318383550852339187e-02
1.042974929147368057e-02
7.907266862272978314e-03
5.115486361285307912e-03
1.394567738866613234e-02
5.158259509214700896e-03
2.749265796824828731e-02
2.476340170568540246e-03
6.070814817497368482e-02
4.704007637773374717e-02
1.594904263904869113e-01
4.633082059094179028e-02
4.464026414766920220e-02
2.246009305405529191e-02
6.450184473004938468e-03
4.755999808547393265e-02
1.267488629321230076e-01
1.018039879455812091e-03
1.640459014973810747e-03
1.918490709072338818e-02
7.647239677564326987e-02
5.133667585789605803e-03
1.027114399631240543e-01
2.103975353246960011e-03
4.965129747956899958e-03
2.737542236799632087e-02
1.511055158992087311e-01
1.006228547418128588e-01
7.521733449724872511e-02
1.707986459531860360e-02
8.790627379783075290e-03
5.919009993115095791e-02
1.190711850468455756e-03
8.732677337600643075e-03
2.859688813962279336e-02
6.771847533669353436e-02
2.662834105749989355e-02
1.515424662665231653e-02
6.032096921166661685e-02
7.703811115017938395e-03
8.002446628992240796e-02
1.130215121060176506e-02
9.885842021696353288e-02
9.000562163810826855e-02
9.507458199115317865e-03
2.522849236085780711e-02
7.263954286999255161e-02
6.662267062377415228e-02
7.091525093456652051e-02
1.039713448394321421e-02
1.823178363932499713e-02
1.267274885167320175e-03
5.318784798141157344e-02
2.661435144609248377e-02
8.470372533415267136e-02
1.324802587990309144e-03
1.943241345202371961e-02
2.621339840490234385e-01
1.542356025670729158e-01
7.410710567048564568e-02
1.295569133309070961e-02
5.403607894772255449e-02
9.625610281597671986e-03
1.320104944647891854e-01
1.719712135028019298e-02
1.476711045553293425e-02
7.907270091511170440e-02
4.161788210025085810e-02
5.228732634204120468e-03
2.562522932996990667e-03
9.056622139676001951e-03
7.475609516658439369e-02
4.547148409718922840e-02
5.289880728328991144e-02
1.099991348776338529e-01
4.567623259413854109e-02
3.657848708203234774e-03
4.934984257683045633e-02
1.286720498414168357e-01
1.494032694056360300e-04
1.108835073919904601e-01
3.668751557099080018e-02
2.685252453246018273e-02
1.537096386144367471e-02
1.180114633937388163e-03
1.032887229505397020e-04
8.023530289085585576e-02
2.108232480355493044e-03
1.386658207370464191e-02
2.350887778509618692e-02
6.995602928663104125e-02
5.810947392210306928e-02
1.307873191806501779e-02
2.524041012988306742e-02
2.245813207494112319e-03
5.430303896638790512e-02
8.084060676419368985e-03
1.051441401509278784e-01
8.838715372575670082e-02
2.507111169168456388e-02
4.393733064878169170e-02
3.268252152488981821e-02
6.504495799983913210e-03
2.891188645770778609e-02
3.425300030582614091e-02
2.674637795832150722e-02
3.579775744210494937e-02
4.850636357623937939e-02
1.493062943738765469e-02
2.963802317892671317e-02
6.377870412797029265e-02
2.035981694581442958e-02
2.238282332120817772e-02
1.877737619096988067e-02
1.612818940348643634e-02
9.814555369661810691e-03
5.837200164492944293e-04
4.145083172632707535e-03
1.886492966198143051e-02
2.368001911781399474e-02
1.743417191752849940e-02
5.430669391665560175e-02
2.110304478837483899e-02
4.644794740618921058e-02
2.605568597912770457e-03
3.359316026999260851e-02
1.755177105939196777e-02
1.332780281511515841e-01
4.004752282819230846e-02
1.064640219246699854e-01
1.089564135576676085e-04
1.397502709102443202e-02
7.029052798199016128e-02
5.401495693497834760e-03
2.544372378800356140e-03
8.990977153301937808e-03
3.752969676232982554e-02
2.156378111153865393e-02
2.105313956157365760e-02
5.657209732804841656e-02
3.662744393563603651e-02
1.026245946685127794e-02
1.061663428996190150e-01
7.797093766365026379e-02
5.558372441147238323e-03
3.576669452333237909e-02
4.151001343398824650e-02
1.293752052211363454e-02
2.866578824983731337e-03
4.804527008468350430e-03
3.567484714326749767e-03
3.607949181549498230e-02
5.120182977549693135e-03
9.104225709438426573e-02
4.181181276930331231e-02
3.337796759059716983e-02
7.533819218777618176e-03
6.952482507493929105e-03
3.682748412236428598e-02
1.505444382430710104e-01
9.220400465447378680e-02
8.103934836911368123e-02
8.294879242247251566e-03
1.487460635836103384e-01
8.179634745826249581e-03
1.837244659822027254e-02
4.235310549265330210e-03
1.306867632061230362e-02
7.726526948779646048e-04
2.322884612012918876e-02
5.095772126617173492e-02
4.652554018135508090e-02
5.261036814905792336e-03
1.785161232743004769e-02
2.357265053520610221e-02
1.291674101367040056e-02
2.353790052006197314e-02
8.872405527108581658e-02
8.507199859090012681e-03
1.288694433880201162e-02
5.931694409897284893e-03
8.929350874251571271e-03
5.360068432932288407e-02
1.544707440847102944e-02
1.895228477416055837e-02
4.775429424751760632e-02
1.398402851946828063e-01
7.966471518229639726e-02
5.357083960173177756e-02
6.497762360033847162e-03
1.356327915176868404e-01
2.111062936121420666e-02
6.549313780935150930e-02
3.291418841720541999e-02
1.309147689127557190e-03
1.013478389233117387e-02
2.032956157963194954e-02
2.380459385117231902e-02
1.683965181352736415e-02
1.472877717156310592e-02
1.867969069756512772e-03
1.146411366727110442e-02
3.389148843753831547e-02
1.042938652784508591e-02
1.366184177668862132e-01
1.889388637769981449e-02
3.158443112876636177e-02
6.649172004636154376e-04
1.721012975732442996e-02
6.329214574956085193e-02
2.261010773443004190e-02
1.100298476691565983e-02
1.269183342192187550e-02
5.849357532237047311e-04
2.251058532460734063e-02
2.696214913982732109e-03
7.345090391992534218e-02
4.496544960624170029e-02
5.307584763054234989e-02
1.185930068546113374e-02
6.567930088881299144e-02
4.090730896632568253e-02
1.523276659467767136e-01
1.250122404379687413e-01
1.268019620151200968e-02
1.227779494841861607e-02
3.070919909379962731e-02
7.630582209540954369e-03
2.349925204528167250e-02
8.145465651153727463e-03
1.126757799488415160e-02
3.577499356575604417e-02
2.646223869554047842e-02
9.798200356213652290e-03
4.580489013277777577e-02
5.000574824613905622e-03
1.077405393474553941e-01
8.143648106968681688e-02
1.332812040765591829e-02
1.759425909346913619e-02
2.600511476758919464e-03
1.588419377370071245e-02
6.542109654171738425e-03
2.041632894750393390e-03
7.801611853765992761e-03
2.855003674921042373e-02
5.307787357325057659e-02
1.150046148376202004e-03
2.580329794118764800e-02
1.144653307352943017e-01
1.489972481915214642e-01
3.639095567828449368e-02
4.012324049941997511e-02
6.543784682944718545e-02
1.128757225495180538e-01
1.143905517369647046e-02
1.085178469111094772e-02
5.936314955890670264e-04
4.945219813594113611e-02
9.398861035180795798e-02
1.888033854052868776e-02
4.034090521845216937e-03
6.841400090195041625e-03
2.450870161164012823e-02
3.687013608578523782e-02
5.302800571643329769e-03
7.988656312391143044e-02
1.270253202170688184e-02
1.013259040015994511e-01
1.353601323115986577e-01
1.647618463055038757e-03
1.477181337285178933e-02
8.571486851928464962e-03
7.296493151580946829e-04
2.681961232287901134e-02
2.620421932485476543e-02
1.400259959965643314e-02
6.716936856040280068e-03
1.054104053583694023e-01
1.168627940410761276e-02
7.087949378572506315e-03
3.900422751813350380e-02
3.858449794827926993e-02
3.921210419825722771e-02
2.190195419028944171e-02
4.197292534218359517e-02
2.806434229260705224e-02
8.074351138909700160e-03
3.629464463642294303e-02
1.729386087538741651e-02
1.985696867902801699e-02
2.350277321498466659e-02
2.836553457873116149e-02
7.893050576239384747e-03
3.523233991495733353e-03
3.406009284404822816e-03
1.765337665599829228e-02
4.561549519225282373e-03
3.887057237096672169e-02
1.582797786251873701e-02
6.913513900276904711e-02
1.162960339490932415e-01
2.677203410889779714e-02
5.605801568748898338e-03
3.629338170259669392e-03
3.840996411517177272e-03
2.487439342979691145e-02
4.971354573427098911e-02
1.886425637007555292e-02
1.369333655692001744e-02
5.273107235908482127e-02
7.890179176391945090e-03
1.774778040034833554e-02
7.274727017678356278e-02
8.538928383872451677e-02
6.416404384525696558e-02
2.643519058097297536e-02
1.864088946677451564e-02
5.475588683271185447e-02
7.277615929500408365e-03
8.956621114331124456e-02
4.949172533478499170e-03
2.220400829483969857e-02
6.294505019279467498e-03
1.780648105752100085e-02
1.381221646689442285e-02
1.942571680422083835e-04
1.300926574397963040e-02
1.620630587622218927e-02
3.709015680340305848e-02
4.062531859411903229e-02
2.316691051472129920e-02
5.136137336608488646e-02
8.457637804427324546e-02
2.779656606940419245e-02
7.860660218802631438e-02
9.560244974927009642e-03
1.857386236532976298e-03
2.426580158148006899e-02
3.881740783196773598e-02
1.884791105291132307e-02
3.606011162747230735e-03
2.671494673224172889e-02
4.213739407572060502e-03
4.732823144198300414e-02
1.944628819461894087e-01
8.423615647198265388e-02
7.402856651123349008e-02
3.282733966024697220e-02
8.427619755696214715e-03
4.936687118239878325e-02
2.899277565131483381e-02
8.102248592131745808e-02
1.579588464672484344e-03
5.589871135889353318e-03
1.024866864095914931e-02
1.913307193124113084e-02
6.067225097113776444e-02
5.018863496464047100e-03
1.615545323663506241e-02
3.830512030741847762e-04
2.347374938975600039e-02
1.744256791180352761e-02
2.459388588239314315e-03
5.775120825323133700e-02
7.298192078370666080e-02
2.800377079822403276e-02
1.529267284059690653e-04
3.348077190046175322e-02
1.870660397583007867e-03
3.918680436476764360e-03
1.314294998492913924e-03
1.519762377644984230e-02
1.941941902876731518e-02
8.885431213028309461e-04
1.145811059724266036e-02
1.669207610637608169e-02
1.055436937216067128e-01
3.505289916532927652e-02
3.507389038365420902e-02
3.292467132985976708e-02
1.345747523761638836e-02
3.520192025414616704e-02
3.324574832504275518e-02
2.222443020657844867e-02
4.556670509569905880e-03
1.289746043184224894e-02
1.658356553992854088e-02
3.142473736263412531e-02
5.051994605636662972e-02
8.211231030177819704e-03
4.426984625085617076e-02
7.981952155268931884e-03
4.012088225190352936e-03
1.605817180124487209e-03
1.410653576001458243e-02
6.857060414236816615e-02
1.687027457098407568e-01
9.380216461840871350e-03
7.089913140508410233e-03
4.998465041757304411e-02
4.786026824821301706e-02
4.847174661361461356e-04
4.116588976781947878e-02
5.203102549026739077e-02
1.222532870169626765e-02
6.363304993051473700e-03
1.042533980166219787e-01
8.584079601574884366e-02
6.753857083345887746e-02
2.581473904167756739e-02
1.064420882981290464e-02
1.837708842949467569e-03
4.178142734962013438e-02
2.013386444487436783e-02
5.440274398141416862e-02
3.039222480802287324e-02
1.010211276488630350e-02
7.426869256192805691e-02
3.014766397360120823e-02
2.974772206390687360e-02
5.407791538269683673e-02
5.593552610836903527e-03
3.314355657531968535e-02
5.962640643488406611e-02
3.797608610460649625e-02
3.400678281782223283e-03
1.845900060356851780e-02
3.907784167912542461e-02
1.053981509184059584e-01
4.568839103525455109e-02
5.006891141581855040e-03
1.042112825567576354e-02
5.744395301744978366e-02
1.237228568965653697e-02
7.551592072435728276e-02
4.721711224783717298e-02
4.860185912382575246e-03
1.254555075238058051e-03
3.604730138546344970e-02
6.199103356774993134e-02
4.226783917914823940e-02
1.446279175165205572e-02
1.184507318591011479e-02
6.965447130465847805e-03
5.757602384926858302e-03
5.319478601381992522e-02
7.287049981266151277e-02
1.237059457842784767e-02
1.071981365910193700e-03
3.429532162626228176e-02
4.340861631370741824e-02
7.025545259657862279e-03
7.579339366832942015e-02
2.504631718890766232e-02
1.743103121267381220e-02
8.409810032762418675e-02
1.013448434090832850e-03
2.322851035192451119e-02
2.315404621371428689e-02
2.556172061625618455e-02
3.662357511954737743e-02
5.859661447659184064e-02
1.071356128743902042e-02
2.530460520944535774e-05
6.694873314159981159e-02
1.047417225304055066e-02
7.819124904373996043e-03
1.918708636984203797e-02
1.144789530717650605e-04
6.661479805701454870e-03
2.700768891696368398e-02
7.768339152975339834e-02
1.110840131094031728e-02
6.121680561458353598e-02
5.134249756825262634e-04
3.807697956455024374e-02
2.555982880128726889e-02
2.797670893823752877e-02
5.904894623530722308e-02
1.114180299425958538e-02
4.513673253286800552e-03
4.910690343302111238e-03
1.121551073338848681e-01
2.039713820035720521e-02
9.432043160642307467e-02
2.539907359950652893e-02
5.024270186384290765e-06
5.447840500494158245e-02
4.505381327971832994e-04
3.360212913995198891e-02
2.002086965373910121e-02
3.041159949544438440e-02
3.675297746112818342e-02
9.486941543263266441e-02
6.977988686146694222e-03
1.861872047082203246e-02
3.303186922720413587e-02
1.716650951507876777e-02
3.540345387662540561e-02
1.512675111158410905e-02
1.205791206384185417e-02
9.602674382975988007e-03
2.697030848774143591e-02
8.411164881137547789e-02
2.005319669781113756e-02
6.137705000928742050e-02
1.317627568705287975e-03
3.733762896333914227e-02
1.405757973222449692e-02
3.929174792314561737e-03
2.109592081818997822e-02
1.049582913424486688e-02
1.173236473903129656e-03
9.301734662295845640e-03
2.550003381092663113e-01
2.557926185612267173e-03
1.093938261896297143e-01
7.461132837343355771e-03
2.264537257648416985e-03
1.928627383392711447e-02
2.109952796143217679e-02
1.183555312672615427e-02
1.326327415163107599e-02
3.787314417488464764e-03
3.337197716583620299e-02
8.717137672309334742e-03
1.315483504518831677e-02
4.318662865970614162e-02
1.327895836295069423e-02
1.097332064917094611e-02
7.243634891633336792e-02
2.712874140198764245e-02
2.328864569252517627e-02
7.720938199106466837e-02
2.198684623262658899e-02
9.108798545564662785e-02
1.804873840306536054e-02
9.919474163532090993e-02
8.547989463204754695e-03
3.327013238875760337e-02
2.660074243108445299e-02
9.634674346334970441e-03
1.995408012272957901e-02
6.814462758001360587e-02
1.292165822444612047e-02
1.411916154833616887e-03
8.969951017934131576e-02
5.708397983244189663e-03
1.244743662774704107e-02
2.402110306094245445e-02
1.616228534239495807e-02
1.305305270460984171e-02
2.623149417988889648e-02
6.300426911826001453e-02
4.047093898887323821e-03
1.133286946012350069e-02
7.235716714051568244e-02
6.170586297866870878e-02
8.087958775918675791e-03
5.661042092156533950e-02
1.277035823251705671e-04
6.852814754509384265e-03
3.208380619058749661e-02
8.659172856676704971e-03
1.819170968957893597e-02
2.772939340448626888e-02
1.951305676905808195e-02
1.327493325521937606e-01
6.005478840918233342e-03
3.297958016783041069e-02
3.685462236248321713e-03
3.729758888367211422e-02
1.159281787624600636e-02
8.033816909691897379e-03
5.529375777346241805e-02
8.137808121881111301e-02
1.405206282772047781e-02
6.567616468620378692e-03
1.716557921304382728e-01
1.591689706926170678e-03
3.095912929706103739e-02
3.818067618022156530e-03
2.219621232472569761e-02
1.264372559220152542e-02
1.364899428414850791e-02
1.319004058244677147e-02
4.220801661446617684e-03
5.322553464691903713e-03
3.071259271591945603e-02
3.842247499489945955e-02
1.469061383064202558e-02
9.134372461214720906e-02
6.426886696340254265e-03
4.400880491148610740e-03
1.089276049569996158e-02
2.081932141176329534e-02
3.951049073860691402e-02
4.835419408285861892e-02
1.450719026150054380e-01
4.899384186936446561e-02
4.122764216908599705e-03
4.171217460323848117e-03
3.402133719543940383e-03
4.075773722934211696e-02
2.140228433775556802e-03
2.916349176798435638e-02
1.717924042753625827e-02
1.846470016408940651e-01
3.297576518973759779e-03
2.006994934538923470e-02
2.390202411416830416e-02
2.673206524125144173e-02
2.985430411226712780e-02
1.491067644833804322e-02
1.906800871958077518e-03
4.286998445506386840e-02
1.763825729291682715e-02
1.041538515703270204e-02
1.476178048499443389e-02
3.324866202897867884e-02
2.142921485631331391e-02
2.417716997896302358e-02
1.197080107724789177e-02
1.082567002894391506e-01
3.629865666749831909e-02
2.716586986848848473e-02
1.198742254224918757e-02
3.226355491951719834e-02
4.885337583860777794e-02
1.875031419669367927e-04
6.980014168363886384e-02
7.959803177455281042e-02
3.656329714803775721e-02
1.842783056623173085e-02
2.258831333970284100e-02
2.838213600667504818e-02
8.669569078445319918e-03
2.555869515208791451e-02
7.971567250146225497e-03
2.418398336087724393e-02
1.547399643503786018e-02
1.318343449606684814e-02
6.015590515951772799e-02
1.545251048781705674e-02
5.215208133998348872e-02
1.852091263731150267e-02
1.794316755350310044e-02
8.788890068932160571e-02
1.181664147962027678e-02
3.247000633436941675e-02
6.843448944280999119e-03
1.798023303212403778e-02
9.458098674957465812e-02
7.798821596351243612e-02
5.369281625730367748e-03
5.674371566378643567e-02
4.132609018176341270e-02
4.903670102523931956e-02
2.023944807318407008e-02
2.797101951087017924e-02
6.398893264262806024e-02
3.798248166461939967e-02
1.542320655337093283e-01
3.710318746822575953e-02
2.670904622090740019e-02
2.543470147865226072e-03
7.236649870092648484e-04
6.665869033470320226e-02
9.528741357090404415e-03
3.462233943377315132e-02
5.518820373582318528e-03
2.961281145486691080e-02
1.211583508250978214e-03
5.176339367665300922e-02
8.441541619749790004e-02
8.677775991996124552e-03
3.150341336438557821e-02
1.650311056548653052e-02
3.262257371458055465e-03
4.379719070174856177e-02
2.361395685853925897e-02
1.651277985498449466e-02
4.724441354342977240e-02
2.511513766962192307e-02
5.906281612875621811e-02
2.547665271764688877e-02
1.049580242239916798e-02
3.381150586289895232e-02
2.514849508371391068e-02
4.277706586301031899e-02
1.583896223417853577e-02
7.163442658234964178e-02
1.092118853943893630e-01
5.569107864162438359e-02
8.547183110267261852e-02
6.690870212672228590e-05
3.009670654920377358e-02
2.811436396932582779e-02
3.489069363124196969e-03
9.289985220973174390e-03
5.779670156583933960e-03
4.606475315678919269e-04
1.522636249497094814e-02
3.426621413226932367e-02
5.132038191359079848e-03
1.480175804790166694e-02
4.389380601772627927e-02
5.179296152523241159e-02
5.339325746881018464e-02
1.964763989417284661e-03
1.143593567249356902e-02
2.037811930222108159e-02
3.629449770433285094e-02
1.120347608953727037e-02
4.265949588149583332e-02
5.200330101890381085e-02
8.760755160513930551e-02
2.555772758469984640e-02
5.883650092369876322e-03
1.186169750800983302e-02
1.497790310370103462e-02
1.057429771542481300e-03
5.459284568137378474e-02
4.336061365652723459e-02
8.022541287489856621e-02
8.208478429517626629e-02
1.057203617708143972e-01
1.253979686329311991e-02
3.793032582312828166e-02
3.117406661498777279e-02
1.362115433361746342e-03
1.268109336736270715e-02
4.932590519136165197e-02
2.154169845522791588e-02
8.156558398186516262e-03
6.103319751673482417e-03
2.353701322910947691e-02
1.404998036657015281e-02
1.668025928055177909e-02
7.682621836062404619e-02
8.016321018177939572e-02
2.056818345862952008e-02
2.362810524736589507e-02
1.808713012138411791e-03
1.025376971992984082e-03
1.688367774841481941e-02
1.271349405806809947e-02
5.320364921073392206e-02
3.609092160206691519e-02
3.515612917489879807e-02
4.551085256244197935e-02
4.164495128990652884e-02
1.744121026267307639e-02
1.229593053802459368e-02
8.458664719274262833e-03
1.898415370467541538e-02
3.552030994155912225e-02
6.242325896332263924e-02
5.889975873248221722e-02
1.354560862823477041e-02
1.754446053883096726e-02
3.555190166939337787e-02
2.680908068012639867e-03
3.904016960485161281e-02
8.010777170392813229e-02
4.287492944773144132e-02
4.070026551303557172e-02
3.526818321143280338e-02
8.094237723008142205e-02
5.369324251475065396e-02
5.383933130187229521e-02
9.199349740512591245e-02
1.180517881749184317e-01
1.299103457913120506e-02
3.022336179507453119e-02
4.069447255744442632e-02
4.476054554889808551e-02
7.964892078295145172e-02
6.085299412698311899e-03
3.497432353957523332e-02
3.515191682568079290e-03
3.790851714336380268e-02
3.060752378399536275e-02
5.452960386654791269e-02
9.964311072226207655e-03
7.135421163152536050e-04
4.946120482658078465e-03
3.515934585763498543e-02
4.158109874455583749e-02
1.857688225890802847e-01
4.979992251475885701e-02
7.182178304319394857e-02
1.322446700389009284e-03
1.015734898526561569e-02
3.768567622689442120e-04
7.051019670178791318e-03
9.989851220381956720e-02
3.798236046978827052e-03
8.241440855114209874e-02
9.425652241480748234e-03
3.581439230612874780e-02
4.063198211536318827e-02
3.864449474961402509e-04
4.456265750317189162e-02
4.215987125071130048e-02
3.048891624680411319e-03
6.551677113321382334e-03
3.299698887430257965e-02
4.328624763107525447e-02
2.684380928899375574e-02
6.867785373026999429e-02
3.084038997719756869e-02
2.555396915157919294e-02
4.518677445480111243e-02
5.067985913320876418e-02
5.239999444957924718e-02
3.929723138501976798e-04
1.774542007763786622e-04
2.022591117626709040e-02
4.167405362091806259e-02
1.058603472314118693e-02
4.766731746177996915e-02
1.102333881266221935e-02
8.615425614237737229e-02
1.684859280580112278e-02
1.334068112761799263e-02
1.341271585205992128e-02
8.563917485848233924e-03
1.019786739713737511e-01
1.406085098204205158e-02
3.668636397232773877e-02
3.092386751629926100e-02
5.128848887536544693e-02
5.763951995692713492e-02
4.329850599895188751e-03
5.701950387736845483e-02
7.795002693005873701e-03
2.841461918869781986e-02
1.173012776637068211e-03
3.522944395011896185e-02
5.191151022656029235e-02
2.800061762121493214e-02
7.999855119562185313e-02
7.485350252386557823e-03
9.037401253364061096e-03
2.534366109853788615e-02
6.387520183378092575e-02
3.464612703340365363e-02
6.527293241601004811e-03
5.003671484466711006e-03
5.481698960533125387e-02
7.198873871542557645e-02
1.108399238786864777e-02
9.750601372603785733e-02
3.016309089961072276e-02
4.624764471121519532e-02
5.199321224993132262e-02
8.771346157515475667e-03
5.109119686207114208e-02
2.483358927065550115e-02
6.778824466433502893e-02
8.971542618979706785e-03
1.581808557698389031e-02
2.091236303133074681e-02
3.042662100668705460e-02
8.667594518682858462e-02
2.332706002139459112e-03
2.376081123744171880e-02
4.057700945692910288e-03
2.828139184819578392e-02
1.555982519167482640e-02
3.532405667423267615e-02
2.116052784535292497e-02
8.528283394183731880e-03
5.130866318230688228e-02
9.733509997476973846e-04
1.406513990534633690e-02
4.100849319267436260e-02
3.816420031401421969e-02
5.689754191231716218e-03
5.427218622217123978e-02
3.329307764741475106e-02
6.351376984994597241e-02
1.059595065629617000e-01
1.172567254166662423e-02
4.247875998328223823e-03
5.346316098858448773e-02
4.673020104572132155e-02
1.188082638743911956e-02
2.960558759728355860e-02
2.987853689808545737e-02
7.834250168646911261e-02
1.167525566465001385e-01
4.526849247876413296e-02
2.969913478343250493e-02
4.462886546236772417e-02
1.336785860233283274e-02
3.950673564010997313e-02
1.122948826847872811e-02
3.403611632547737242e-03
3.304844887022440059e-02
4.102156387234483226e-03
4.847105710842614795e-03
5.764889956074181754e-02
1.219338625242144709e-02
9.240528591499194699e-03
8.410552461486302256e-03
4.840834362016514791e-02
2.097308817897855157e-02
3.601745266660688616e-02
2.306758887440384098e-03
1.107220868938855324e-02
7.043367093568804471e-02
5.317366919479881576e-03
5.699410843171876656e-02
5.296040433486099569e-02
5.784063886412045552e-02
1.063080996964874993e-02
1.203245808742854812e-02
2.961475166137359644e-02
2.539579842971330034e-02
4.653729469159990917e-02
5.745136412790473324e-03
5.445949391460824796e-02
5.797460771290539883e-02
3.088076127756499839e-02
1.783965597005943149e-02
3.178661177697206242e-02
2.485335682089698933e-03
3.236076319515232558e-02
3.128867771961030275e-03
5.859387123452380886e-03
3.240720292003845815e-02
8.243698686314884783e-02
1.773472718306385622e-03
6.889262006847925168e-02
2.536940035126698800e-02
1.370664938673146413e-02
1.040787860108573736e-02
1.169225832737306320e-02
3.771216430316164103e-02
1.844679912354882378e-02
2.406314633484941262e-03
5.030295852936214444e-03
3.840644838348511447e-02
1.324213258550333699e-02
6.786884824777478231e-02
1.323507995745219767e-02
1.619468971711973682e-01
5.782494311710795892e-02
4.994772995267342253e-02
4.639072639031809747e-02
6.930735851266814351e-02
2.594644336453069688e-02
2.557634992013092801e-02
6.652012257672577922e-02
3.634355494793254510e-02
2.094593203455626107e-03
1.162878146910913124e-02
7.014299943553226058e-02
4.478024187781082938e-03
2.103303937190084683e-02
2.906849024944494625e-02
3.058011693233371464e-02
3.394657766555052650e-03
8.783477317737639622e-02
7.522162796055987394e-03
2.243962831032772498e-02
6.255525058710084685e-02
2.385458293742627814e-02
1.123469127325266853e-02
7.915116296957958042e-03
2.702422255638847054e-02
9.944176093561969687e-03
5.879979583299964341e-03
6.222333425545832630e-02
2.471683771880957281e-03
4.493962056410659434e-02
3.880313969052916895e-02
3.519634609092098937e-02
8.361660219162025953e-02
8.001183845593184962e-02
5.440886106139680711e-02
5.060163757197493062e-02
4.193572957619531166e-02
3.478868175885058145e-02
4.412154611788239589e-03
3.841684603910590357e-02
4.080005049082692167e-03
6.658394948028001359e-03
1.606249021762485782e-02
5.372176889098606578e-02
2.449776800167161039e-02
2.492392278582526363e-02
1.202407374007012468e-02
2.045368769203785922e-02
3.367418878220550249e-02
3.755278405054095214e-02
3.050521313882735217e-02
1.292978652113740620e-02
2.192325385937389515e-02
7.352516922611780290e-03
4.507104465005804320e-03
1.486521416063125989e-02
2.604120686220562711e-03
1.292393811188053028e-02
3.836888049533988126e-02
9.451001911867845662e-02
7.905406995057656649e-02
5.039053897526823284e-02
6.606735647957293067e-02
3.471584225760654396e-02
5.893975920056988838e-02
4.971347575494099169e-02
4.229764503259385994e-03
2.017126048533702046e-02
1.563148347847052588e-01
6.815868752155180253e-03
5.497212131345527789e-03
5.171455461232521422e-02
1.460942921183534977e-02
8.401733489165237601e-03
4.066738001287965865e-02
1.667827146256736087e-02
8.924731199680461385e-03
1.639179541648403543e-02
1.824401180566160435e-02
1.352859598032667664e-02
1.714672277708591611e-02
3.325974937388173625e-02
3.626394159575579978e-04
1.040952281880740474e-02
4.168082548342307361e-03
2.984088710621676452e-02
9.488223602278286761e-04
3.421086665368667373e-02
2.722842793367543160e-03
4.527975800458218861e-03
3.875048114837881252e-02
6.671260142237928070e-02
3.913252664276588300e-02
4.120381433504502477e-03
4.560523364783599515e-02
4.578962798258091188e-02
2.851391379429342454e-02
1.853588331292726349e-02
6.790153068080648051e-03
1.214161840680169635e-03
2.833968103955384135e-02
2.236477776270942228e-02
3.208797591367652802e-02
1.590778479938981596e-02
5.128426166980183318e-03
6.709713139055188680e-02
1.744501226852762654e-02
7.643418193533671467e-02
9.425878246308281444e-03
2.891657362899143976e-02
9.319445110757919315e-03
6.546748279537512732e-03
4.164182163291772071e-02
2.903604418373309688e-03
3.265944296596617891e-02
2.097551870383710521e-02
1.573396230328596990e-02
5.127032633524418459e-02
8.185505999309045100e-02
1.405387964745078919e-02
6.281829069360745504e-03
4.312484753191316716e-03
7.422562818398242834e-02
1.323063845707540542e-01
2.914655886496756582e-03
8.526973349192421697e-03
3.887046951277567386e-02
2.407841391400339023e-02
2.927333264226234660e-02
3.103286710051258307e-02
1.664844305041764116e-02
2.068764363912702076e-02
2.151279897927235035e-02
1.150207449756684291e-02
4.439224207219143875e-02
2.002806659188124255e-02
1.284785286422275921e-02
4.248035905455205957e-02
6.156176527557850886e-03
2.965325697093183777e-02
1.302534751198681888e-02
2.672309489468510310e-02
2.328666646478793484e-02
5.651723879965129399e-02
6.697417047873546053e-03
8.679625176710913104e-03
1.731840387796654279e-02
6.586986637554984036e-03
1.028196311515921363e-02
5.235101760283075029e-02
4.002605487186876310e-02
6.462245822852408228e-02
3.396917568193174447e-02
1.010464518013456416e-02
3.272053239565594213e-02
3.395622171678921997e-02
7.403756260555140016e-03
1.538950795405783119e-02
5.670743940878010536e-02
3.131916508199544813e-02
6.971872412848295619e-02
6.681022142260215069e-02
7.564909085007605859e-03
5.887522265993009457e-02
1.343190991540296232e-02
3.200302920062465806e-02
6.249652219223641308e-02
3.831541283914220632e-03
3.010979595629748734e-02
8.290645013487522863e-03
1.298992988276059801e-02
4.245999129586779108e-02
3.846145438583144227e-03
2.283317287368183401e-02
2.756674797801337076e-02
3.326857828448821774e-02
1.059787596380568422e-02
3.441558989454619050e-02
9.508657671144650492e-03
6.026272952291213125e-02
4.758664582003614696e-03
7.077904377579677386e-02
7.058329945582667020e-02
3.387314806147218027e-02
1.943776957981459622e-02
3.746827390065894658e-02
3.681792356785008880e-02
8.207375629970606323e-03
2.589869930422140226e-02
2.354524889563797130e-02
2.120628564566520019e-02
7.774045064333075239e-02
7.027990067554823472e-02
8.457271364461282914e-02
2.138026091552287788e-02
2.643332874376668612e-02
4.927727749298825045e-03
1.386439954591995455e-02
4.217304860774792608e-02
2.967203887451563479e-02
2.397690158263426560e-02
5.033020594527818498e-04
3.190307951692145094e-03
2.921615880427224504e-02
1.858415279561637101e-02
2.473575747962749455e-03
2.791598854878616157e-02
1.145885598676475020e-02
1.309631938997156408e-03
4.621797397030232707e-02
1.696034885325585495e-02
3.262770670748329355e-02
4.137595606956949446e-02
2.765802901109052497e-02
7.437587815905102873e-02
7.525786138009933797e-03
3.728739446806583063e-02
5.948002945900317251e-03
5.125840296724583356e-02
3.404289769797955167e-02
1.887501139686929494e-02
1.418820230522585893e-02
4.222853729405933593e-02
1.292715826990832040e-01
1.036408392398550926e-01
1.668028227135470026e-02
1.224291959445599209e-01
6.700536416586185678e-03
8.819057281673698193e-03
1.256023873698133148e-02
9.558862155246278247e-02
3.682473961596769568e-02
7.350913610033074988e-03
3.680999001375556690e-03
3.231223604788364956e-02
9.693043264842124418e-02
1.137749966817340821e-02
3.669952927053611591e-03
2.537045175750804460e-03
3.626100730245442744e-02
2.926309724037921139e-02
6.207210418351410963e-02
9.870615686441151435e-03
5.376231660347353947e-02
1.948509571101611493e-03
2.401979055201307334e-03
1.219701140350641505e-01
5.922338974967610199e-03
3.379332694802310300e-02
2.686653005217663759e-03
7.935077288880991453e-02
2.452389268354015356e-02
8.046053252121453114e-03
1.059552594995775976e-02
5.190857039245370952e-02
1.314646099680920610e-01
2.426257255302855312e-02
1.335718153677611063e-02
4.173898619778843716e-02
1.247651120270423797e-02
3.642198347697958583e-02
2.568573806880628668e-02
2.285392197332889591e-02
3.789977780849135974e-02
3.332606169183332384e-03
4.402472354207128194e-03
5.505850609072786284e-02
1.263924996326438455e-01
2.014304234660493909e-03
5.340168404631882859e-03
8.315280051297634090e-03
1.097691724741128166e-02
1.033988175556110473e-01
6.087553708238618161e-02
5.088824668640181889e-03
3.016375680946004056e-02
1.275125575191404098e-02
1.025654324017732932e-02
1.144764082218347051e-01
1.837356964003892396e-03
5.626873877495468246e-02
1.507972515980275652e-02
7.717337119233388942e-02
1.680736157837914996e-02
2.097173679526173964e-02
2.593431124154723516e-02
1.989165005802468258e-02
2.947830308734866733e-02
6.497963664739828116e-03
4.857508769679129423e-02
2.970885711884738156e-03
3.213967667635162298e-03
7.490878255998507929e-02
2.862216025615875459e-02
2.341956014048860238e-02
2.699728200963761107e-02
3.766161965372260070e-03
5.171353503067926960e-02
1.064656719562258325e-01
1.713713292060922710e-02
3.559507738898588965e-03
4.936605243996850662e-02
1.044442847745023079e-03
1.174710468227928685e-03
3.854060212365981175e-02
1.170735038353197810e-01
1.712784117889656552e-03
2.706154377374360431e-02
3.927427949833176002e-02
4.943233135828558472e-03
3.787264758125176434e-02
8.983410842081360204e-03
2.910506585499364474e-03
8.413525637660441633e-03
1.135899173611044921e-04
4.101453608760397690e-03
1.467604436510190104e-02
7.793238726154018935e-03
1.228326391654523952e-01
4.908961355468092341e-02
1.082361270723523894e-03
1.181141671476335780e-02
6.164833521842717073e-02
2.115065484962399406e-02
1.442425140848833109e-01
5.123703425529552158e-02
1.502606135068850629e-02
4.213035041042772350e-02
2.559457590736824439e-02
1.984867461618786827e-02
6.063431368027669827e-02
1.726520231393773031e-02
1.389732720962099342e-02
1.691151692724158356e-02
1.079439742949329234e-02
1.678561904321389242e-02
4.340869598932253423e-03
2.592732283263651100e-02
2.253085555351853203e-03
8.532933073534598734e-02
1.840835047073459962e-01
5.710961826185714102e-05
1.187413153537786228e-03
1.429627206214753934e-02
1.500438299368496344e-03
2.690856057691615177e-02
5.651737451561424097e-03
4.645581662164158243e-02
2.712932977758743952e-02
2.430976704557882145e-02
1.690134468442955062e-01
2.446399915975704803e-02
2.231700691010310780e-02
7.964641996106814822e-04
9.529715321658430160e-02
3.675359203073495958e-03
1.909366158016828074e-01
9.941692303511021067e-02
1.032056905198640816e-02
3.696285974283451681e-02
1.835349419673561883e-02
4.443849500299107413e-03
2.822374640532467407e-02
5.736639454801843729e-03
4.838942230608718476e-03
5.619146735782738072e-02
4.894768770744168003e-03
6.556995122704248335e-02
2.132948187397178466e-03
1.075363703490636591e-02
9.506357251064826916e-03
2.441911626023528931e-02
1.292469145214303061e-01
4.563148539461327202e-02
1.092755235166721975e-02
3.085564612183541375e-02
4.787583644971654673e-02
3.532866633135989774e-03
5.925356529455907961e-02
1.120862649329583405e-02
3.526615526231332686e-03
1.952230385889042186e-04
1.366390577251831440e-01
1.248671095045402607e-02
2.437579219716344212e-02
4.733849031331331669e-03
4.411357886871040274e-02
4.439429521169453025e-02
6.023197517998736539e-02
1.274342211833662808e-01
1.667795963652521363e-02
4.938939492442743356e-02
8.617283777850395093e-03
8.735520688896554475e-03
4.199748695907020574e-02
3.793968454350379882e-02
9.620955418266531611e-02
1.153859573532742266e-02
3.822856867932375446e-02
2.225219679703074882e-02
4.344130543567687255e-03
3.972046962274828306e-03
1.674009246937806748e-03
2.518889672558158321e-02
5.343561284598196542e-02
3.360813900483444056e-02
3.676595774236265934e-02
7.231668640530227940e-03
2.894994116104449011e-02
3.586671082350166573e-02
3.700358178236050344e-02
3.130225269443020347e-04
4.058425750316647929e-02
8.257197060660973614e-03
2.491090640998617489e-01
3.948146360960146789e-03
2.647007060697133957e-02
6.931878846310399189e-04
8.338267336271676378e-02
2.081179266962500385e-02
2.261505194297914589e-03
5.491003260865410379e-02
2.827578113363723999e-02
6.029178341267494440e-02
1.982380776755277019e-03
3.999223790321849298e-03
2.928404391668125092e-02
2.488152916955393978e-02
4.819088273640191600e-02
3.197146614025182798e-05
4.105866755200253404e-02
9.909237197082795823e-03
2.171179597446127110e-02
1.370507322482483921e-02
6.289344292786583357e-02
2.241415330170115974e-02
5.129291628294923439e-02
1.337460253287511835e-02
4.858460922321326814e-02
5.607813806410830160e-03
5.051050518013872059e-02
1.752891937328866778e-02
3.162278724784852585e-02
1.778548099840338709e-02
5.132238041550085672e-02
5.103792684861931800e-02
1.208268620821845579e-01
1.433360964102891981e-03
2.732942387276944378e-03
7.955258818571186302e-04
4.263130143909879544e-02
2.802303783108101715e-03
5.304569187775854192e-03
5.773175766915881330e-02
1.407386936042783268e-03
2.854495981476341121e-02
1.073372060471277853e-02
4.371456799665825871e-03
5.407360813280939933e-03
1.506641517219811655e-03
1.343951214735521031e-02
3.319173152290143258e-02
9.670484724987753883e-03
3.994489603643889414e-02
3.096115541899791684e-02
2.655592690619768687e-02
8.531402842641599982e-02
6.838212970950871550e-03
3.713002300759578322e-02
2.938043124418087890e-02
3.054856823387717621e-02
1.200932227192297828e-02
1.001710048733698566e-01
2.324965910528876273e-02
3.152736300221433384e-03
5.421867017147289497e-02
7.202457493973435376e-02
1.653424023245609470e-02
2.106274167310174389e-02
3.663090088450778742e-04
1.046243459598800163e-01
6.759360325273755521e-02
1.001081290555788650e-02
1.028443432000920518e-02
2.367652103646894837e-02
5.886036976126848841e-02
2.015552271700222966e-03
1.788170534964610148e-02
3.865786775424159306e-03
1.844737967878904913e-02
2.086668996595777634e-02
2.815753410415482161e-02
1.417161711588303154e-02
1.282297916124985199e-02
1.459092878783106555e-02
5.397932875973298489e-02
1.518880560528416447e-03
3.661055580985284053e-03
4.149339145360096681e-02
3.160698977396414477e-02
4.487240190961799130e-02
2.131561146656076738e-03
5.056514517876958999e-03
6.047582549221026255e-02
4.915345158339806675e-02
6.100862831847818357e-03
1.900618964088196874e-02
5.014479149727475715e-03
9.131049107638539164e-02
7.907153086904620751e-04
3.030522294674158762e-02
3.267974849475949184e-02
1.027830375864028922e-01
7.711518953781508479e-02
3.233825628377553184e-03
2.058579877215090115e-02
2.025196408689483238e-02
5.152613909758081701e-03
1.560987234924220320e-02
5.755879289096262758e-03
5.190021496895499964e-03
1.680167041806055264e-02
2.668686309950215468e-02
1.823032729747538910e-03
3.621616484207912379e-02
5.793191193894427909e-03
4.687659811330169290e-02
2.109441530929536193e-02
2.625103398314864583e-02
7.268388135981164455e-03
4.043019453496463772e-02
1.128192999708306776e-01
2.648233159343612447e-02
1.001893801726848679e-02
2.486732208784276504e-03
2.813737175190670833e-02
2.618254212321484073e-02
6.023514803580756402e-03
2.460456349265190135e-02
2.827084214619097341e-03
7.033253500683783743e-02
8.858942539781020087e-03
3.967153714369776873e-02
6.647771814665350172e-04
5.703596757905662895e-02
5.987290312992719910e-02
4.931875874090652090e-02
2.583762987304853015e-02
7.100035245465647141e-03
5.825418604897658614e-03
5.386347619162120542e-03
2.470710339754161530e-02
2.488481602969682890e-02
4.221046843076518146e-02
3.247242945235440104e-02
7.420176819386619001e-03
3.261790450381847617e-02
1.039301784674696513e-02
4.355219002322410077e-02
4.862057929586965227e-02
4.672763670915397460e-02
1.726104051429895939e-02
5.330827777803193862e-02
7.984854521895368151e-02
4.780930103842998685e-02
2.334929451533031622e-02
1.716868119251099833e-02
6.017746228210033368e-03
6.932195408144213242e-03
2.994947300018672987e-02
4.332632815260407944e-02
1.233052390780246810e-03
2.391974921673350671e-02
3.252421295185055350e-02
2.659460856891632946e-03
5.992470772539102569e-02
2.889641208413113588e-02
7.183299595912984170e-02
3.806668198610074771e-02
9.286436919847769478e-03
1.861117510866042851e-02
7.027750085614938025e-03
3.370043832477721824e-04
1.023580751155430540e-02
3.447761094303575247e-02
5.176621012133181265e-02
2.891731089910942049e-02
7.170494839304278334e-04
1.404592984883464186e-02
1.576915129311290409e-02
6.224846057405511446e-02
3.901048908436008378e-02
3.090450756548894506e-04
4.394054703346490093e-02
1.819598972271384285e-02
7.512007681234945944e-02
4.191172815667384283e-03
1.732264075614056709e-02
4.805356635638929896e-02
3.904514568074273634e-02
2.169285331239126369e-03
5.009934068598509427e-02
3.102010939083042762e-03
1.779338149533184893e-02
2.842202837024754292e-02
1.575153946937662974e-03
1.056371274440692440e-02
8.159387618801830500e-02
2.129358644799756936e-02
1.009804361130734462e-01
3.723079493324200212e-02
1.500419959255188708e-02
3.300676766162734255e-02
4.744838060123124368e-02
1.962890515337057870e-02
1.270650536507768238e-03
5.791990990843466636e-03
1.391615487618419744e-01
5.357003967960991681e-02
5.258093947504914947e-03
8.783484882594412742e-04
1.271495102244421527e-02
1.447534489571631611e-01
8.698043358570142769e-02
2.519409048703869294e-02
6.439741839378136656e-02
5.618335016733224524e-02
1.203469523379147449e-01
4.170676840127333918e-03
4.475171895534253708e-02
3.779724036856495217e-02
2.177185391748937687e-02
3.365734103812076990e-03
6.492907112814436110e-02
1.749847304424547237e-02
6.577370631919743360e-02
3.700192408606964994e-02
1.189755246726737371e-03
2.733008132202738652e-03
5.414035007547261802e-02
3.890419674195112060e-03
1.088549441818560393e-01
7.097867210056110765e-02
2.361093563462730166e-02
2.435410218144744635e-02
5.503334608767805614e-02
1.358901900201574947e-02
4.779726543635995362e-03
3.765370045421405354e-02
2.206850069711192505e-02
4.105103571198223666e-02
2.979646891626058086e-02
1.939869571559606209e-02
5.457504491589937334e-02
1.051148030758463359e-01
3.285353501728265069e-02
9.643509626447815258e-03
2.327179395761847652e-02
6.570984031633694128e-03
9.730982963396767049e-02
4.403020047633335321e-03
3.545665483045786631e-02
3.245041731408167263e-02
3.811745111888556470e-02
1.929113393872289046e-03
2.213857001442839922e-02
8.974101388281849334e-02
4.537607276472649387e-02
7.910876665105899888e-03
1.174288821464648108e-02
3.759919905798755901e-03
2.016995356856501193e-02
2.857541226853128197e-03
7.193542577204575794e-02
6.678798538422589179e-03
1.113526117698730861e-01
1.356806238335106322e-02
2.174575934075088923e-02
1.247520311819552349e-02
3.110163311779340356e-02
3.844149233279144096e-03
1.900670107142013801e-02
1.995178741246656298e-02
5.590823778857317156e-03
2.312315780973397961e-02
6.448234042892317386e-02
2.312940272331231312e-02
1.698064341553145312e-02
7.134825350436213576e-02
3.368091674178573525e-02
1.155825581713189158e-02
3.939631387186108558e-02
3.489890468591423309e-03
4.956269790023037913e-02
4.078968097000627152e-02
2.692302864078965907e-02
3.375171771238055785e-02
3.007379443010305478e-02
5.187440643974249033e-02
9.517786322497240326e-02
4.269349531308891388e-03
4.296992690942851023e-03
1.130116094334441927e-02
7.783271356524804063e-02
3.397140632394189848e-04
9.746118883696675006e-02
5.680318189879286772e-02
6.841139281521103899e-02
2.571114986446137313e-02
8.910167382849196877e-03
6.102868634661781644e-02
2.984254124203316455e-02
2.640781345518597445e-02
7.321674139567269091e-02
1.739353331552524057e-02
4.534541094455966058e-03
9.213741398247238257e-05
5.308347520842970901e-03
8.996188426235288832e-03
1.145173588360763779e-02
7.360926329992269201e-02
6.967877467672917158e-02
1.557016051171402314e-02
6.166599858057168759e-03
2.044566770144740087e-02
1.127344775044712699e-01
3.642551125277754959e-02
2.421692046381484012e-02
4.490927772911625787e-02
4.981642919197327296e-03
2.769254006062022919e-02
4.839317746964569289e-02
4.316665621419631116e-02
3.745267245773786779e-03
3.282046768499682216e-02
1.111053166151382415e-01
1.767363820794506241e-03
3.198140937714169692e-03
4.453837424220516428e-02
6.515448809548349263e-02
5.885992060942182164e-02
2.718912313528312232e-03
9.939206889972108938e-02
5.989093088616959104e-02
2.992441767276130676e-02
6.872066549455148332e-02
4.217811730806899501e-03
1.405905006602498064e-02
5.854839569549757754e-03
6.095551004072876852e-03
7.040337265926205346e-03
1.040657912647944064e-02
2.618972247357854999e-02
3.539622471630692047e-02
2.106904696248699041e-02
7.962414218585404241e-03
1.131620728597727311e-02
1.046243528508857407e-01
6.262392718244811154e-03
9.730048983791652131e-03
6.053480662377953153e-02
2.842585231437317998e-03
1.159993073061036106e-01
5.248267184287998960e-03
1.857792127730598791e-02
2.272259376886281296e-03
4.187519796743777167e-02
1.679052314730612033e-02
9.652273582322273143e-03
6.991988965678173906e-03
5.574926929795338826e-03
7.625137997544512158e-02
1.966878626577351491e-02
9.534449513836341927e-03
4.944102784286566465e-02
5.466219467722062408e-02
3.327594238410452876e-02
8.295846062660269804e-02
1.435037496496746612e-02
3.271986529192809356e-02
8.088968386029552274e-04
1.483391494304284880e-02
2.130842440955461187e-02
1.547981012422386740e-02
1.402104087908091247e-02
4.876029049172592861e-02
1.260197028264345084e-02
1.607316010883176952e-02
2.359622091529774493e-02
1.003236147396482925e-01
4.655624188097888527e-03
1.474846091209080709e-02
3.133987206858902114e-02
4.808796798441452441e-03
1.325237833716844948e-01
4.242116289343648983e-02
4.065330842123363042e-03
1.862168447478575878e-02
3.518155072560011365e-02
9.398526021328748592e-03
2.700505558175902293e-02
8.880642080108022002e-03
6.081390699331681859e-02
4.996126821892257763e-02
3.742105160114023860e-02
1.226888591415246747e-02
7.397090992273493149e-02
4.122708047746568433e-02
5.423958109625142722e-03
7.154122143036042991e-02
1.083140952017755398e-02
7.270264446923701412e-04
2.221721253075072816e-02
9.707376380052569476e-03
5.434994195661596583e-02
2.638837920180269608e-02
1.784256097524956897e-02
7.693525682060288473e-02
9.295177130144956223e-02
1.456148480501653214e-02
6.837165734476652323e-04
3.465526132251833119e-02
3.921587901745843610e-03
7.815351355075595557e-03
7.882249406615625745e-03
1.908758926693055261e-02
6.075674270053867815e-02
7.502258821729336502e-02
7.586314144077711819e-03
4.207701160299998772e-02
5.965827934797168774e-02
9.985589084353249656e-03
2.305570633824727961e-02
2.097256446637137117e-02
1.401889307295479947e-02
2.852687204239746574e-02
2.626066784614729949e-02
1.394221283055571692e-02
5.755285119285230566e-02
4.985978454614518190e-02
2.881260342371360066e-03
4.124951808178823481e-02
7.987311198297607912e-03
8.453216374181790962e-03
2.951848482518274613e-02
3.054703250663547837e-03
1.084404464477466655e-02
1.764018671405380434e-02
2.722976262982514800e-02
3.388882581799270571e-02
4.409500260559569285e-02
5.263584320204331771e-03
1.028981824838640265e-02
6.271214772762849499e-02
2.472625897386607902e-02
3.419070419141358175e-02
1.804832286192206356e-03
1.153563458771890080e-02
2.841770246436233806e-03
1.558339511105615027e-02
1.268276055811188088e-02
3.271867485960622268e-02
1.260086256471617400e-02
5.173624520520031522e-02
3.395594878826790897e-02
5.971032728221995108e-03
2.265852094152862040e-02
4.935644899443513561e-02
1.728933607867522843e-02
2.049249951312287835e-02
1.619767987797055692e-02
9.403808674054535410e-02
2.359672648838778003e-03
5.299106819990621886e-02
5.308844307994926848e-02
1.634039021734675495e-02
7.408478376561616896e-02
1.844857029274659527e-02
9.476271020187184910e-03
5.844595609720630580e-02
6.070599995327504578e-02
1.189832771991979760e-02
5.818937126778132851e-03
6.698233311536403931e-03
2.456533441496393938e-02
3.291378369315715868e-02
1.566081066969114352e-02
3.675655210468931761e-02
2.978391155543953783e-02
4.446026487967352780e-03
5.012651949251976935e-02
8.676161042283206393e-03
6.861467102733800200e-03
9.584097403378051550e-02
3.542533763004895864e-03
6.111602844263385598e-02
4.807946836242719957e-02
3.060600849315864291e-02
1.593211414682455668e-02
6.364871678800157473e-02
1.287153728952582232e-02
5.945220153443371569e-02
1.520721778521727692e-02
2.287819507207888500e-02
3.875165730419445620e-02
1.085157625312163088e-01
6.895542996604828168e-02
8.483746538438996856e-03
1.633723312868090860e-01
2.818192145635826235e-02
3.702682488476157635e-02
6.284337668892696349e-02
4.998854418306662717e-02
4.746385318073007703e-04
1.556296272749922542e-02
1.215792958884904379e-02
2.402845611889811717e-02
6.723701909967810808e-02
3.920622400706610944e-02
4.773175032445950428e-02
2.817878368000097458e-02
1.997090951111521462e-02
2.602943497153267435e-02
1.710922127568396608e-02
2.247458330075757793e-02
6.285827207288263718e-02
1.241938182932513131e-02
4.035305461423204648e-02
2.111843651330902460e-02
2.627262730418097186e-02
2.496879611671955906e-02
3.625260744548048503e-02
1.288133933850064972e-02
6.901681875352516649e-02
4.067422385375855237e-02
3.691261895958554418e-02
9.691853336773853522e-02
1.094551429842128554e-01
4.292682602157435467e-02
4.017096288486227823e-02
1.147455879522430860e-01
9.170268083022722894e-03
5.693785783272260759e-02
6.578054927578078082e-02
2.808885810095433297e-02
5.503957846206283117e-02
1.442976652122087214e-02
2.266153084327061223e-02
4.455846587216476251e-03
1.429788963898979692e-01
1.606995288800338109e-02
3.165136491998453427e-02
5.950669143304759129e-02
1.753308758023777378e-02
1.947721071327157202e-02
2.267372985957566422e-02
5.614228659327050175e-03
2.991778160087957272e-03
3.136943271849074177e-04
1.135712567442145535e-02
8.646672635030352994e-02
7.421741964974457040e-02
2.819818738214116549e-02
2.448120004026389795e-02
1.708291604566134630e-02
1.100447995965405656e-01
1.055773358576849452e-01
1.940716214350374572e-03
1.146197394761609700e-01
7.173033586507285286e-02
1.211762045180748981e-01
1.050821264265092148e-02
5.197321106798900164e-02
1.259470695462152484e-02
5.628711508155564980e-02
4.573703570480438206e-03
1.919879621678831361e-01
7.431902290827006874e-02
1.664946246519976442e-02
5.746170997888692955e-02
3.099037981154439611e-02
9.187962195153118183e-02
4.428158947716749443e-03
1.105426007916743975e-02
1.017250323778680181e-02
1.489931849319952456e-02
5.827312774144240842e-02
2.488738402162377072e-02
5.490940468095351079e-02
9.604484534472157442e-03
1.322452540473917360e-03
5.989797887023131512e-02
9.001208571426493055e-02
6.018996405886962997e-02
1.459957689575340500e-02
4.130995744682166432e-02
4.619531618019772148e-03
7.930662324449476441e-02
9.089279141827860675e-02
4.939101273807158798e-03
4.176623183624259689e-02
9.069260388438742104e-02
8.339464449596085960e-02
6.193324367138556413e-02
1.813959945968699750e-01
4.570443278886016786e-02
5.055459275115135528e-03
2.641442913922996752e-02
1.157528691516502006e-01
1.490052965533538720e-01
4.180114354691821452e-03
1.303701283567718083e-02
2.456182159957680591e-02
1.321356078455005953e-02
4.109350099746118118e-02
2.004520285708037003e-02
5.829148432255223944e-03
4.711355923925299866e-02
7.436015343257511290e-02
4.803938018409954075e-02
5.802921901363725793e-02
4.283483634399376169e-03
2.439431282953076485e-03
4.706819442886846228e-03
2.593507750274302512e-02
9.319406712519570646e-02
2.863873826478983281e-02
1.810379392553798997e-02
1.239129030492838734e-02
5.450134768028695731e-02
3.288981143477693464e-02
1.214269050752022142e-02
6.939887530346525168e-02
5.523485402055462734e-02
5.942117852363116431e-02
4.984765290200394994e-02
8.905201302018661558e-02
2.731532669831809867e-02
8.325341055347478328e-03
5.941570121124770121e-03
6.762759737040546781e-02
9.969562646333703093e-02
2.948094837908320220e-02
2.240414320052776243e-02
6.182378608254111840e-02
1.129772715553567231e-01
2.879385018940756880e-02
5.473024942158462303e-03
3.830915506247872110e-02
2.953818263484226520e-02
3.711333110638780075e-02
3.228589775476648632e-02
3.143317579605836576e-02
4.312209343695626654e-03
2.374973931428751156e-02
1.991014545151664067e-02
1.325922623531636431e-02
6.277666816684564915e-03
2.019542733002839541e-02
1.089697767895433413e-02
7.020870509178248411e-03
3.543244394215076115e-02
8.278336409276997043e-02
3.879105073799420100e-02
3.726853605067213804e-02
2.242390164207722775e-02
5.083608434994295322e-02
1.802325633037097502e-02
2.907860536748684346e-02
2.776056530750819346e-02
4.718858544272078182e-04
2.473846693888968884e-02
6.686842369167551869e-02
2.238150412756326896e-02
2.155045367473022028e-02
8.842040202893569623e-02
2.299878366529391899e-02
2.250687301099938142e-01
3.293808718598970064e-02
2.557810581884767745e-02
1.350542364929958362e-02
6.817565513306328429e-02
4.840841755956282189e-02
4.509955768567715934e-02
2.975762578420782650e-02
2.874713980168729782e-02
3.061193191633671332e-02
1.276695351508184799e-02
3.740958996426611838e-02
2.143075451669117920e-02
9.768449353866875268e-03
1.472197254506004901e-02
7.082766167573577298e-03
5.852782280678434784e-02
2.365555712626882939e-02
1.177375597287304808e-02
2.467552500853081518e-02
8.769981376067702630e-03
8.512016109122738650e-02
7.153346931278933840e-03
8.169453911775370614e-03
6.069312472348880813e-03
6.448997905513132942e-03
1.885734119681662518e-02
1.172860247473975492e-01
9.972169117023352292e-03
4.437408559843729339e-02
1.538526049948489745e-02
3.410385924266737950e-04
7.445715246448039726e-02
4.278670243990301270e-02
1.989714974783633045e-02
4.228652945844831035e-02
2.120168169443575890e-02
4.720645724214596328e-02
2.065293784345613726e-01
3.753001245508898534e-04
6.839685176771524711e-02
6.424555866329736964e-02
1.704307827929574248e-02
1.880654678137577696e-02
7.678645111360897502e-03
8.182424199663489162e-02
2.349288452491115481e-02
6.515241056713107215e-02
4.985946915577178090e-03
3.502128172910207171e-03
1.636837436158662283e-03
1.646678601229530081e-02
6.271663460363367804e-02
8.087784087983253267e-02
7.984739252722738989e-02
7.629169891089004896e-02
3.868196585446558033e-02
8.410152566531124696e-04
2.008107743396071038e-02
4.721480766181668232e-02
4.355809893665574251e-02
1.997792374608813731e-02
2.324044946534951223e-02
4.267819577518105340e-03
3.166678679183856926e-02
2.563380442094890035e-02
5.161511813670811855e-02
1.384467471215281020e-02
1.093095281667930130e-02
1.049201949112570781e-01
5.266707965258390911e-02
1.518756074510819662e-02
5.243933779017186103e-02
1.151207398537947846e-01
2.916776922392000371e-02
3.930857278809243849e-02
9.212375943004849632e-03
2.346921262880329734e-02
8.870159094241682890e-03
1.247241126264885328e-02
2.731399688574586912e-03
1.435278092972720049e-02
1.097788979531435193e-02
1.137038476702843456e-02
1.324204653139062979e-02
7.231129797298382900e-02
1.048300113876951128e-01
3.128435972372656249e-02
4.606637321260122209e-02
1.616639742065305307e-02
3.644082868623801236e-03
8.297079436342669201e-04
6.351591536408553174e-03
1.008208231480662853e-01
5.740731157294121784e-02
3.517289396329742468e-02
2.528251896601878615e-02
1.333091559492032702e-02
8.002962528636277384e-02
2.951743238016802176e-02
3.306999226818777005e-03
3.194207725549275817e-02
2.950624468218435506e-02
2.826189977370351103e-02
4.954322387816332413e-02
7.092103113301128671e-03
5.060649479118578542e-02
9.454788668443667166e-04
3.080765076679376629e-02
7.155960659757695796e-02
3.857530970446856888e-02
5.921420253833270531e-03
9.160195272007010114e-03
5.477034693440731988e-02
1.578284614030952930e-03
3.129248347567531452e-02
7.746531466836053398e-03
8.782532730263860332e-02
1.059195476218175169e-01
1.189747117481013139e-01
7.126528287365388459e-03
3.607955300323882619e-02
6.021903728744940065e-02
7.271406883542486793e-03
2.756217194416846206e-02
5.063976509072026788e-02
3.336298886106051770e-02
4.230169417817233185e-02
2.123005204612114782e-02
1.316063216188856876e-02
9.070975192048638669e-02
4.772307910802198877e-02
1.729992828983159536e-02
4.120330799546303990e-02
1.960492749923477274e-02
2.541550939050805924e-02
4.436513410623776216e-02
1.301714244071623628e-03
6.437163348326713219e-02
2.339219510701377042e-03
2.419166215731731462e-02
2.224668223488724533e-02
5.437628801686557323e-03
1.188490245282661055e-02
2.454136478976176594e-02
3.576471985815584537e-02
3.183455811971809199e-03
1.829813938892014061e-02
1.965384767747977574e-02
4.647691443335009998e-02
5.686807645467427397e-02
1.772135779772810111e-03
8.917082926948791816e-03
4.140427672805555015e-02
4.308220182253935659e-02
1.184009423569496594e-02
2.755369467258497740e-02
1.812724136504248462e-02
4.668279786855245028e-02
2.787203787653121448e-02
2.624244138000606658e-02
1.534518046150015053e-02
2.267689720190518149e-02
5.193753988453210513e-03
2.097251725846528345e-02
1.218445035875241333e-01
3.295329064200705135e-04
4.622909447380165598e-02
1.182237693376116672e-01
7.512370064038029205e-03
5.663950764119831532e-02
2.531992237178270697e-02
8.398645937787982407e-03
7.748356079398683455e-03
2.598396616988191826e-02
3.974225258018072859e-02
9.497850479217723185e-03
7.839987281229605226e-03
1.691072123787870640e-03
6.286243784846934357e-03
9.109016714256255864e-03
8.364973089759913938e-02
1.906033587680175390e-02
6.059359303168259867e-03
1.692061640204066408e-02
3.509899700721912097e-02
9.747653797331640169e-04
2.628640143087083991e-02
1.593757013133291142e-02
1.536091119037071712e-03
3.317751642546737378e-02
3.005696860486455763e-02
1.328889928647025709e-02
2.355761685175229367e-02
1.245048063079106163e-02
5.075141099890760621e-03
1.654921080898831207e-02
1.164699879102361890e-01
1.768293077687932424e-02
6.605494894605082323e-02
9.579639147537059862e-04
1.998522385435829926e-03
1.235521509553647729e-02
9.064201993217028616e-03
2.135839389448130482e-03
1.332481244774578501e-02
1.835623209470055653e-02
5.622447176945363778e-02
1.111900856883232119e-02
2.250753543202125076e-02
9.187182167664346283e-03
3.060649901815855681e-02
1.559745659253792584e-02
5.892668581920305210e-02
7.904107786088740428e-02
7.711093994306189928e-03
5.440784219549923105e-03
3.338612486848977629e-02
5.751847886884192684e-02
3.117576218008618477e-02
9.513955511482331470e-03
1.134440512639297780e-03
6.866919832111789690e-02
8.741787816971057640e-03
4.586261224106319770e-03
1.553001544817952592e-02
1.651881434959409645e-04
3.208883447795356919e-02
4.726934005736696184e-03
9.893571354655264494e-02
1.496672439968161662e-02
7.177038491556494461e-03
2.050548061828275093e-02
8.394097615372953652e-03
1.960065774921457282e-03
1.982540799582854438e-02
6.417454788487994902e-03
1.847323745353980987e-02
2.093380845308222271e-02
2.417430693284274290e-01
8.765995150352058618e-02
2.152792588472141749e-02
1.385099577922815905e-02
8.050375647681870528e-02
1.306625684484447047e-04
7.727469441479734025e-02
1.748023626295280852e-02
2.797678548634264378e-02
5.162668579161099752e-03
1.808360173985350261e-02
4.816635663563774775e-03
2.445064188538072225e-02
9.468200803804206755e-03
1.121155022457493051e-02
8.468110721292303189e-02
4.458046629996450377e-02
2.194385836079814495e-02
3.632636022738923443e-02
2.108871972688261889e-02
1.497208609836578677e-02
2.591130820790450359e-02
4.510258759842927789e-03
2.019491586357054225e-02
1.237424500071252452e-02
3.344063524984825647e-02
9.298156932550455389e-03
2.388007121812862898e-03
2.937565947537481431e-02
7.730438408529991152e-03
1.962162462364844262e-03
5.965693125538995556e-02
1.511057238642518341e-01
5.582824600083212407e-02
2.722806665479914068e-02
3.858631207965694532e-02
8.819604431038706449e-02
3.874350170844955300e-03
6.087732454228740597e-02
1.847444993392387269e-02
3.524999575182883454e-02
3.711270272029782574e-02
2.175141533666174326e-02
1.255638717455299924e-03
5.086140409614035851e-02
3.390309118561319821e-03
3.967628375436630522e-02
1.658106474228785432e-01
1.171085211696690914e-01
1.191096655763120710e-02
3.221355615711379849e-02
4.246393285855487587e-02
1.378527830043497354e-02
4.997288369271204317e-02
3.501846364711565240e-02
2.270967926826246430e-03
5.533322209741849129e-03
1.198582674199981206e-02
1.798445097660103520e-02
1.189778444997690449e-03
9.559098166770849114e-04
9.025198705117584014e-03
4.308893433827502839e-03
6.601625936262069116e-02
3.703299161680993767e-02
9.976593122131803548e-02
2.554853800430284538e-02
4.065295483572253787e-02
5.775790810213167481e-02
1.947760037029312111e-03
2.695450925409850068e-02
5.759033438832404650e-02
2.685634902050546696e-02
4.170836207793659350e-02
6.708942236095845855e-03
2.688008982982072886e-02
4.544786271165825349e-03
8.073067918188285563e-02
1.420827189299214699e-03
8.490400615397974970e-02
6.907191727210659771e-02
5.793667223492849835e-04
6.077406477955263515e-03
6.148212536995098509e-02
2.507233746863621066e-03
6.004179630432130571e-02
4.688228670993927621e-02
1.894462417098990298e-02
2.806757809987818486e-02
1.376596064770119665e-04
8.440321644126854914e-03
3.941183290368868719e-02
8.173216146467529586e-03
3.031191467157302172e-02
7.043191225632697283e-03
9.060994662160222479e-02
1.007657022144252956e-01
1.893501801224654335e-01
3.870692332660048175e-03
1.825385637104733408e-02
1.135776893521613651e-01
6.753791198379605065e-02
6.049459023462329388e-02
3.137286738647449696e-02
6.754832425363288539e-02
3.835664517240220533e-02
5.082130866424072052e-02
3.715345065940235669e-02
1.714172764046770214e-04
3.897666673566972662e-02
1.861259543778340936e-02
1.715389032369103450e-01
1.614378943951586681e-02
1.361740600252414439e-02
2.387030089026657975e-02
6.452853023636542784e-02
3.058203411231488755e-03
4.627025838220307288e-03
4.451090374405371197e-02
6.956002918036661639e-03
1.546900619797118501e-02
1.577755976197443843e-02
9.471440940361626482e-03
3.485957386555554871e-02
5.106004258688248698e-02
1.415146464386353789e-02
5.254530995655197489e-03
1.942937982766875741e-03
1.033204544827766025e-01
2.315183307996258877e-01
1.885810305660481911e-02
4.577968406207233443e-02
6.501600993850821519e-02
2.298722645734592451e-02
3.748934804971248286e-02
9.210554886513777628e-02
4.887830038157939261e-02
2.799514021151912335e-02
3.742460918209712661e-02
5.778977923235156106e-02
1.714172764046770214e-04
4.736170435727300732e-02
4.621660761489913838e-02
2.207284648016444861e-01
1.500568790910929151e-02
4.183352411417939204e-02
3.872938222650781220e-02
7.480684674086661434e-02
1.772581836380890744e-02
3.266747078077025801e-02
3.067026593531255868e-03
6.052614967804895683e-03
8.344651207809555826e-03
2.068377857021221067e-02
5.371746112678630475e-02
2.634127606576486952e-02
3.497212727679666067e-02
5.486016283733686355e-02
2.422443693142809634e-02
2.622310091979501018e-02
2.866888927836672152e-02
1.610034905077485923e-01
1.207143599248336821e-02
8.428306309042760125e-02
6.807168642674889247e-02
6.553368426037199830e-03
1.722540119395919028e-02
1.243642745527462345e-03
5.019501775485795542e-02
2.657622589241563638e-02
4.262558128506884619e-02
2.894960719628043161e-02
1.567146663813233365e-02
5.901912351206146934e-02
8.491340203165900768e-04
1.120049113967438448e-01
7.723098662703968380e-03
7.832090388645561452e-02
5.675964009608117783e-02
4.007269365404787786e-02
1.045605950602243421e-02
1.093034973797465600e-02
1.034919248058782659e-02
2.042324251765933324e-02
4.392241712097962048e-03
1.026041637923464332e-02
4.598990124948432179e-02
9.251794362850868092e-03
3.948425773850863796e-03
1.295677319525867510e-01
2.225726640566027398e-02
1.098814121581462820e-03
2.635450007750977236e-02
4.660755851087607093e-02
7.656995200798394352e-02
1.415691081865645962e-01
1.015757982441152785e-01
1.020278698049606886e-01
4.260379486500727453e-02
1.806433324771601623e-03
4.262444986712798922e-02
1.218424128764835496e-02
1.327010259909873827e-02
1.273732515426286849e-01
5.947669634451845100e-02
2.125058185410695286e-02
3.618088577443705038e-03
1.197848885420307041e-01
2.657851117185659751e-03
4.416165608083487404e-02
1.031655060717662914e-02
2.462622620374876892e-02
1.009850226248341226e-02
2.920318565228555152e-02
1.111864951231343254e-02
3.737112586736424102e-03
4.010056710604271296e-02
6.967826301778721684e-03
1.328538847243213375e-02
2.762520551933281276e-02
1.655513397551353766e-05
6.767772916724827670e-02
3.818544628107534145e-02
1.486395432397713892e-02
7.154074534172153409e-03
1.160086370699039103e-02
1.113517837229593688e-01
3.904079392665677634e-02
4.268801090719805819e-02
4.138257043109334204e-02
3.176507438810925385e-03
4.027590631415579880e-02
4.037554068722751070e-03
1.186661175417979934e-02
6.379422714348964574e-02
3.341498945288518679e-02
1.275126011085633143e-02
5.347577807072441056e-03
5.343558475146635567e-03
2.439539895049014709e-02
7.427709044882872813e-03
1.330977423841672030e-02
5.255521693979591652e-03
7.846155920184061383e-03
1.572623781075827704e-02
5.654785542800283560e-02
3.021712265641825906e-02
4.427753320558676375e-03
3.073845283052945715e-02
1.929902449563012518e-03
4.433899387800559200e-02
1.980498454615538598e-02
4.260768148435556402e-02
1.127790641032839526e-02
1.854810307523588678e-02
2.651749957870359539e-03
2.354444911932245671e-03
1.662366450101092352e-02
3.960738910551549891e-02
1.363417766886224763e-02
5.119093331550050863e-02
3.977043319917784869e-02
1.047799212608811065e-03
2.344150942690015338e-02
1.083540852118599837e-02
1.123717568169356820e-02
7.791484047076929764e-02
5.335385613126262389e-02
1.137972015178796703e-03
3.669140474237439498e-02
7.857379188092811564e-03
1.420466018305682060e-02
2.032315409338381063e-02
1.054949758482005492e-02
5.942726308968117321e-03
7.358810395267409432e-03
1.652961464303155312e-02
3.970905842023336740e-02
4.807626523499040211e-02
6.343338669235504268e-03
4.850380949102253703e-02
5.522702970966325564e-05
5.938415264670957733e-03
1.150953590216055172e-01
1.796758897181922193e-02
2.895298725881964921e-02
1.107860406755641937e-02
5.466399876094078618e-03
1.390056718796699349e-02
9.194626110942382899e-03
2.869010144190352676e-02
3.675117860114528179e-02
3.064052427575896659e-02
2.906196307291145781e-02
5.557060446175716983e-02
2.347856643852783750e-03
2.532357828864409410e-02
8.310488242642457765e-03
6.707596258521733579e-02
4.799575499866881763e-03
6.313055029860735468e-02
7.146247189812976464e-02
6.415027926262797595e-03
6.504421204584935612e-03
6.695287588000738144e-02
3.548096846652777636e-02
6.246815744845320151e-03
1.750507842638350867e-02
1.220926781352704021e-02
1.031736473789180569e-02
5.989162702761028495e-02
8.274238252674939731e-03
5.904699217979145209e-02
1.508667239357834242e-02
6.528262667516101375e-03
1.561374390122001812e-02
1.261736628118935791e-02
1.659363155784597532e-03
1.100843243494388154e-02
9.118421074414958388e-03
1.498063918091541331e-02
1.247221608824090749e-01
2.156518430754797155e-01
2.795862958021061440e-02
2.558400287254347649e-03
1.729456299112431400e-02
3.152579733117735761e-02
1.135949248701606344e-02
9.362570477631164401e-03
3.178063263293322976e-02
1.089326062363687488e-02
3.923658029978499724e-03
3.529033354333499517e-02
2.370717759502132677e-02
1.950379988104389631e-02
3.035616722343945084e-02
1.731343872013898222e-01
1.567569658286468992e-02
2.048977701915397770e-04
2.231330809721888964e-02
2.015439231771293249e-02
3.226176852521894962e-03
3.610083427889694552e-02
3.117314677298761716e-02
1.816815555832709123e-03
5.625561421564323483e-02
7.974970438890831292e-03
1.014037783348294662e-02
3.693040588052469431e-03
4.764252315612955979e-03
5.032434116507945865e-02
6.541794860951610779e-02
1.534351293880040906e-02
1.352779097158636756e-01
1.071017681509188468e-01
2.070893618305957862e-02
2.378575873092389145e-03
2.115105286747576835e-02
1.350583670924099949e-03
1.439620076159768558e-03
2.803013542922700926e-02
7.370289418087788702e-02
5.180545998883862024e-02
2.016127430571010293e-02
2.718075240823784183e-02
1.774795591022624783e-02
8.728136041862230576e-02
3.027678848567865941e-02
8.249204948808473714e-02
6.797777006236106756e-03
5.549463196691053340e-03
1.328849483867258763e-03
2.363951325268459983e-02
1.221273590796590272e-02
1.737801325492322607e-02
3.807725178118124415e-02
6.716839777627679753e-03
6.512125663682317989e-02
8.704926624149886272e-03
7.901630061191725063e-02
1.403648342038444491e-02
5.937580802753146536e-03
4.314219199015300460e-02
4.865283565321452952e-02
4.049819822739617048e-02
9.603597666393257071e-02
1.342437403232116799e-01
4.748880990242553002e-02
3.398636200401688318e-02
9.228614290318452873e-04
9.850699493307740230e-04
1.015058838938062008e-02
5.064774568303090363e-02
3.627865411053941835e-02
4.713789087559534102e-02
9.198628877508108204e-03
2.905965667662698676e-02
2.168313202913260684e-03
2.564074246494286308e-02
1.081639134677106484e-01
8.632447704656684428e-02
3.282893184252275165e-03
3.902322368611272491e-02
8.555548964433465006e-03
3.198543165423298890e-02
1.274263782557039787e-02
5.194524942291216252e-03
3.811794487544040155e-02
2.697310488421415364e-03
1.264927270608483950e-02
7.501490497262642936e-03
4.496707696136559296e-02
8.770541290638320109e-02
1.592957169664644540e-02
8.497764395495582823e-02
6.353580108122579284e-02
4.033401366911367608e-02
1.174588767970917574e-01
2.064317342003590960e-01
1.999912391684934877e-03
8.880360697887633437e-02
2.589401917176058915e-03
1.873906594402220682e-02
1.512670422700198442e-02
1.281109864752519659e-02
6.069279216422364398e-02
2.787911395681759441e-02
1.132901401033970662e-02
3.083182766887000714e-02
7.708537913246271689e-02
2.847483703423634924e-02
5.834676443690649944e-02
4.510179952714726825e-02
3.180913991929463971e-03
1.051631583911951523e-01
9.117149612158800820e-03
4.964739831802345016e-02
6.705735081521863039e-03
2.533282963641234065e-03
7.510736591440190721e-03
4.148115636585563738e-03
7.855555428812407981e-02
5.899836584901715919e-03
2.957563454188052998e-02
5.532493446687428151e-02
1.548091845455473042e-02
3.803301406681556390e-02
9.298565169007459025e-03
3.781408121831257574e-02
1.229781923543605548e-01
8.465034106855359730e-02
2.270009846364035196e-03
5.719991389420329975e-02
4.465963880728672508e-02
2.736438304608590846e-03
4.414203268047832418e-03
1.440471387907357390e-02
5.732846142089517011e-02
2.968225735005131788e-02
1.023596404937728542e-02
8.566800552412948133e-02
5.275565912626702103e-02
2.602789228851756786e-02
5.656605621743691914e-02
5.543718731170650671e-02
1.129000829922528759e-02
6.216149633743801167e-02
2.191830113097785471e-02
5.400890611662967876e-03
6.791183099188650464e-03
7.991778269246296862e-03
2.915997615147349065e-02
3.850508539848043754e-02
5.401947593364907207e-02
5.000134786803514531e-03
3.588504967662032447e-02
3.055647037707451621e-02
2.089946506026908735e-02
4.778433177062746395e-02
3.906190202539319700e-02
3.075569473477776303e-02
8.767660712699192060e-02
3.176230824071939879e-02
4.270514591741571102e-03
3.203251341962209953e-02
6.013796353469070058e-04
1.905620768075724433e-02
1.238852769204171374e-02
1.272226251513808304e-02
1.671543686096133852e-01
3.217117273823145995e-02
7.967518441511103541e-03
6.894038368360028146e-03
6.462771095688664424e-03
7.779660060302621277e-03
1.750302658500198227e-02
3.226463056438101662e-02
2.657634157480611228e-02
2.316904354887876216e-02
4.505617306948189738e-02
1.584260605608911639e-03
1.078685032180421756e-03
6.161002552733657947e-03
3.102806740128894597e-02
2.165633853403121228e-02
8.121671598535959435e-02
5.335781796522237434e-03
4.538421374311220335e-02
3.430899488765717931e-02
8.837634527268725670e-04
5.569370719887452303e-02
6.617952817077200900e-03
4.648667642827312291e-02
1.287521726571446146e-01
8.346834841993463691e-03
4.581915767676840445e-02
1.286471696372317765e-02
4.051396002991387857e-02
6.332792809482805721e-03
1.011568825115824986e-02
1.607534144233319084e-02
2.414036500190734277e-02
3.780034063874988803e-02
1.068142161539518964e-03
1.586569015757638076e-02
2.974413367571084738e-02
5.346961788974260998e-02
9.015082095689311292e-03
4.514447881966492104e-02
4.630707612504116055e-02
4.426885955846913273e-02
5.292043603848842204e-02
4.467196176711034361e-04
1.088248258719888215e-02
6.043440019751813649e-03
3.975613321676253059e-02
7.980756887319100448e-03
1.169821562488933264e-01
7.074009268992695332e-03
2.095126214439662488e-02
4.472696077276825527e-03
7.802481886581177396e-03
2.467625462126823987e-02
5.754160509729883827e-02
5.268470305380926200e-03
2.950322272655013511e-02
8.753480596789577073e-03
2.383703221176763573e-02
2.190450046377939719e-03
4.612129610938182911e-02
1.045223190679353369e-02
1.045336272783473769e-02
2.705433741431049338e-02
6.389210944923082169e-02
2.666287439834919004e-02
7.841490018414439683e-03
1.823571848017896315e-03
6.858218454245737505e-04
4.778431074392978928e-02
2.675869912541540413e-02
1.515810132812357713e-02
3.607733663730183088e-02
1.388273706091504300e-01
2.636886292077395694e-02
3.306782585082101295e-02
4.275865353793499579e-02
1.080873502091396487e-02
1.313349009106617449e-01
2.659050809260543602e-03
1.084876135814774323e-01
1.256945784787210675e-02
4.642848702630038987e-03
5.216978714464858002e-02
7.672353283451965877e-02
1.032624433440238560e-03
5.030746118837261388e-02
6.170513938764143891e-02
1.014832513880870868e-01
1.780902561877781287e-02
4.346717233292954341e-02
2.773826111891578711e-02
6.360092981445852889e-04
1.450229613827391968e-02
1.228613872490890054e-02
5.146312432006006077e-02
3.444871274840365788e-02
1.606951186568375892e-02
3.633570353654123376e-03
2.881628869627490472e-02
4.391409096559988762e-02
2.902984876994876839e-03
9.857558087572508912e-03
1.397535134774715096e-02
7.300091629626748180e-02
6.135922652581656672e-02
4.791330613220338118e-03
7.055402229193489388e-04
1.293510401015525446e-02
2.405315012176008349e-02
2.672240069412872010e-02
8.700838887323869564e-05
2.121463921511020350e-03
3.788723014180234161e-03
2.036059348193069649e-02
2.383502093738368993e-02
9.608413653479523642e-02
2.324521625203503430e-02
4.645589340907224640e-03
7.661541032622598557e-02
5.480778164255210860e-02
1.826438907757978874e-02
7.545147181850937745e-02
6.616377776839446612e-03
2.288505323942277569e-02
2.767161149348419669e-02
5.605098942433067721e-02
7.786998484281201782e-02
4.040364727764554631e-02
5.793122412188555365e-02
5.756293168386414361e-02
4.932810755544223685e-02
5.217219007060534125e-02
9.761239041015386947e-03
1.298598345038864434e-03
1.545654928293471383e-02
3.544830225394031420e-02
8.563547639600428696e-02
5.743493545409524004e-02
3.809464283181635685e-02
6.237183897161480833e-03
6.170716490203174628e-03
6.439137770879439782e-02
4.424251652201222074e-02
6.721167534448929670e-03
9.267672331330981117e-03
5.427290782383948839e-03
5.316919061291356524e-02
7.602333072970465788e-02
6.871986368413396384e-02
2.462096816839524568e-02
1.132122462808586236e-02
4.988614532861086748e-02
1.153659969082913711e-01
3.087262593773854730e-02
3.259900964662727080e-02
2.806477041487003693e-02
7.280080700469026937e-03
1.119094637185769070e-02
3.400056865826360519e-02
5.025157961175745480e-02
6.562433826556995919e-04
5.060197594096976087e-02
1.552721439972051462e-02
3.677689920799225021e-02
2.664518263763953829e-02
5.118589106129214916e-02
1.348526814727331671e-02
1.336005681269020196e-02
4.050445792139228257e-02
5.528783552670289703e-02
7.149232000121992503e-02
4.722523438332566770e-02
1.617254175929415394e-02
5.281771957024342101e-02
7.471767049877528488e-02
1.157056478420666855e-02
1.826811571422498962e-03
1.269254203546805538e-03
1.774125744273835972e-02
5.377342632674897427e-02
5.612880906682340965e-02
8.890011192058476508e-03
1.849264799476333862e-02
5.183828922970643710e-02
4.469136034434702254e-02
9.539639165211232646e-03
1.289698136779132351e-02
1.336658480578605847e-02
3.039768679384417110e-02
1.307194869470054525e-02
2.087722799733547283e-02
7.096543007693982552e-02
5.942286799546898923e-03
2.869135669210234885e-02
2.490274494136536856e-02
1.319675861244086201e-01
1.841271455767180820e-02
4.857995905560155009e-02
5.575900280241418566e-03
1.460787603435978813e-02
7.679112657420411603e-02
5.549151381348296774e-02
6.270374077650620048e-02
7.696828968396941806e-02
8.326048449497794324e-02
1.456618124972946897e-02
1.326486751194060065e-03
2.004197231219578736e-03
4.411545312689088387e-03
2.141656152352345091e-02
8.510204290927476933e-03
6.388743721272104048e-02
2.679515015185201035e-02
5.369322128071746941e-03
3.223268829359304810e-04
1.405032841646632405e-02
5.410234770299983398e-02
1.445902679592608354e-02
4.822791377592196282e-02
1.060733810512346810e-02
3.120035808256025125e-02
9.084351958677587893e-03
3.960717371803998063e-03
5.520631588183805977e-02
1.876665339827407551e-03
1.369113881644315814e-02
5.625182356580747667e-02
1.519540669837746161e-01
6.571168086812133324e-02
4.970446572340373598e-02
4.286020422812640562e-03
1.042641170676334751e-02
6.147213267085564758e-02
7.662594727562747898e-02
4.033372615555344542e-02
7.381954751890539013e-02
6.676470449092897219e-02
3.561108849435405677e-02
4.807471712984012768e-02
4.294969652974972574e-02
2.318103262032718617e-02
4.139635931212406333e-02
3.557629652354712003e-03
8.315274255166141271e-02
5.723667558648198872e-04
5.310139912361421660e-02
2.572998017586039521e-02
9.644905198007722256e-04
1.900937841329060699e-02
9.570269014622669566e-04
7.436304964536050166e-02
1.489732313509368328e-03
1.355324093733136469e-03
1.242472922851714338e-02
7.361217694926112942e-04
1.683125808332357198e-02
2.284336429778351801e-02
2.721773408347242552e-03
3.027732237506506816e-02
1.755647054667025808e-01
1.648384525004792378e-03
2.673779023071553435e-02
8.046411083260823424e-03
1.749689317833765662e-02
2.746439801596115005e-02
1.016580505661373590e-01
1.174204629532232813e-02
3.999554018901595870e-02
6.132717067611277717e-02
5.006737224682647480e-02
1.849224301972951165e-02
4.100424078806087780e-02
7.054264461557033239e-03
4.706714273294965167e-02
3.101512498799604764e-02
5.499185939489706354e-02
1.938271328906567698e-02
3.059238732182961371e-02
7.905783612864952792e-03
6.454912319828794154e-02
5.428672487373836786e-02
1.993370919462025825e-02
1.010271483734157261e-01
4.275013936241700563e-02
1.154760275993774350e-02
7.181412927412457459e-03
3.311232108385655376e-03
3.802153161328349074e-04
1.013874402496629801e-02
4.134890977463499470e-03
2.668147375401481308e-02
7.249454796767873521e-02
2.080307317737815215e-02
9.183973544366924591e-03
4.721907275167414042e-03
2.526540956369294905e-02
4.599160578623047446e-02
2.868874657044563972e-02
1.599871019000068464e-02
1.580042620729351852e-02
2.910117438713096805e-01
2.084787063152672773e-02
1.326346751876552460e-02
1.967106018129305411e-02
1.622842610108819403e-02
3.020394223389542485e-02
9.639144651742266590e-03
6.439492662607382290e-02
2.855632135666041210e-02
1.115754933193275136e-02
2.109594402061011446e-03
5.334305356593890823e-03
5.747924422270603295e-02
1.573648264748042994e-02
5.883546771039576545e-02
4.269084915030782468e-02
5.209277936750487947e-02
2.091034932709855132e-02
1.879845094315873641e-02
1.488641675421357134e-02
4.005963244692586911e-03
2.401818080476489023e-02
3.861387085832848620e-03
5.132404206007121217e-03
3.142774255209980494e-02
2.176391173525340540e-03
5.096301844072236020e-02
3.997447507033190239e-02
1.223985400793115019e-02
1.671526596036593607e-02
3.292341919103383696e-02
8.058191811003550045e-03
3.723728498422364253e-02
9.282326347813228337e-03
1.090156227662193895e-02
4.967745709199278270e-03
1.749744906205336417e-02
2.939931616950799270e-02
6.200096497149711061e-02
8.262499621205268707e-02
2.313957918309824530e-02
2.441595689481749348e-02
1.575091873567957892e-02
2.304947569875762797e-03
1.358668825786752687e-01
1.423985991274143159e-02
4.303233892100485902e-02
2.153733902493362717e-02
6.823911142921913753e-02
4.440674147987096199e-02
1.292418428847470248e-02
2.421134826143402086e-02
9.503366493391639247e-03
1.389536034061202886e-02
5.348127562068762456e-03
1.060970521696041891e-03
6.507361846798508619e-03
4.587714435526985685e-02
1.368876123764100824e-02
3.440336996186218327e-02
3.145011449896296940e-03
1.652870837162263851e-03
1.847893169286327769e-02
1.408487233654532461e-02
5.636338572765187127e-02
2.215672716143655616e-02
4.019420514742709505e-03
7.877831708875322747e-02
2.982156333103816795e-03
2.592596991584943805e-02
8.384260983756647301e-02
3.206958149432848765e-02
2.955941812815411629e-02
1.918077376592904060e-02
1.629696860774172001e-02
3.653360243229770987e-03
6.558347448825539716e-02
9.773985305957506951e-04
5.118776510816277353e-02
1.069380283710856874e-03
6.538571386214689363e-02
9.901548425350566868e-03
3.283883504262360975e-02
2.812004549476956883e-02
2.009834082693968266e-02
1.281486450409856370e-02
4.569375973808010444e-03
9.779025829074472487e-04
3.491881830603398018e-02
2.609836214739866614e-02
1.685479359593998819e-03
7.813067125114973865e-02
4.715443695064322482e-02
1.663660738966517283e-02
4.080399160483526300e-02
1.689641406720148592e-02
8.524230536100609046e-02
1.034486369021290209e-01
6.347681071464161828e-03
1.458790777496526969e-01
7.325457852872064267e-03
2.206693144746797730e-02
5.627108746548133145e-02
3.893179130296806068e-02
6.336899275284940680e-02
1.180946763998104790e-02
2.242065249195168697e-02
1.136750286787578321e-02
8.378482980844180472e-02
3.841319623323611460e-02
1.001842258038903796e-02
1.634456326325472650e-02
6.419163554282265871e-02
3.529855426927744344e-02
1.528741230218218922e-02
6.257390641318250069e-04
1.085612938455383404e-02
1.462946128654351273e-02
1.060229843823419157e-02
3.085961843518104670e-03
1.520757468269342064e-02
2.140757188827245583e-03
2.069919276010413409e-02
1.540933197988989499e-02
4.003298882404589254e-03
2.347153965860409100e-02
1.550451886039033444e-01
3.142595912124908353e-02
4.466191095184031401e-02
3.522097341226790301e-02
3.423667334791568456e-02
3.629177288243409100e-02
1.947325458942668688e-02
1.070387571114888789e-03
2.468815226600889340e-02
2.743147563473920768e-03
1.617766380703505869e-01
5.063107827965319420e-03
4.203749083087832128e-02
1.451924281837333949e-02
7.984989281933033145e-02
3.687880396849250314e-02
9.679004655279196956e-03
2.824000560967309184e-02
7.771872304299072554e-02
4.741098746079121240e-02
1.968903471021518636e-02
7.960265329561658568e-03
1.168317374702318792e-02
1.269865395989194790e-03
9.998575741916853471e-05
1.059861835391653906e-02
5.289356149228744211e-03
5.127171916062198131e-05
2.582521159730431781e-02
7.119235958370502548e-03
3.819942457094051280e-02
3.605666493235099024e-02
7.877977949879952368e-02
2.263893761810600522e-02
4.056442851979487341e-02
2.294950589302134636e-02
5.936281872071583199e-02
1.084436897737304714e-02
6.122304360983226237e-03
3.775222390895947855e-02
1.354235246442066776e-01
2.206930994821853977e-03
4.901206597548476984e-02
9.278208584775429063e-03
4.909672985085241498e-02
5.192677372873875583e-03
5.484324016957475151e-02
3.473625273119465562e-02
1.560390849641458272e-02
1.674506242212281740e-02
7.887574110626748708e-03
3.365402664814820533e-02
2.245608959904811519e-02
5.854964941676705364e-02
1.793798792476460763e-02
1.905859634963337143e-02
2.766581201734532452e-02
2.250504958386918830e-03
3.306049471056606709e-02
4.956602742947802294e-03
7.845369538896775075e-02
1.111526634062810770e-02
7.052663572873234255e-02
1.436327219008506212e-02
1.128857636212768217e-01
1.945954368496455311e-03
3.285213378331755529e-02
2.725585741702868034e-02
3.140914417184966639e-02
8.448864858570694081e-03
7.341618833893484922e-03
2.298962772347679616e-03
9.779962449043222428e-03
1.427717994037274243e-02
1.040824296126712928e-01
2.662848919859973559e-03
1.364825070427098663e-01
1.383437724078136026e-02
2.433454954017637978e-02
1.858492345316124783e-02
3.053249681519500103e-02
4.207846089626232633e-02
4.833365218228927174e-03
6.081021491134500773e-02
1.959846478948958082e-02
9.339318288514603106e-02
4.314467566978862079e-03
2.454342281979008181e-02
6.061250880142889097e-02
3.757934297486845154e-03
4.621515971306555670e-02
8.133931536524578731e-03
5.001403117502784684e-02
1.373910337578368446e-02
6.367310991669863918e-02
3.077379987992565416e-02
6.267940881086413174e-02
4.390739471666196131e-02
8.630909843968338768e-02
4.497050769398137915e-02
1.037346510356963389e-02
2.007245771095112624e-02
1.816074299940499681e-02
1.026678025929215685e-02
2.271535487536481546e-03
2.373327250761772880e-02
5.504361358548183480e-02
9.126646061850900681e-04
6.193452088232079267e-02
1.881403359106069081e-02
2.938979822104925005e-02
3.650728449389907017e-03
4.789594208573042661e-02
2.127221819103518319e-02
3.789288347393058795e-03
3.611490173760956157e-02
1.399110413574871509e-02
5.079946080242952328e-02
2.698762753771339826e-02
5.452777805981079418e-03
1.532530950020868921e-01
1.229179966182737845e-02
9.409758298517895136e-02
2.008463727120803760e-02
2.429458072659820833e-02
5.835335512126641963e-03
2.744787427153518727e-02
7.630560227636301596e-02
9.083195004118568838e-02
4.929720174023455997e-02
3.086853648396434280e-02
1.657901103155480227e-01
3.282182850115353961e-02
2.480639693432501718e-03
2.501763373716542338e-02
9.379193753183856508e-03
1.326720745014692282e-03
1.089611411925446235e-02
1.705330622558953041e-02
2.376845774650699803e-04
4.356056920487745565e-02
4.334966906294508704e-02
6.441651839274248337e-02
2.631213388863823388e-03
1.758727420655752105e-02
9.151752900263282475e-02
6.830663207785707403e-02
1.780687709238143457e-03
5.702584432918288149e-03
5.091887991658143597e-02
9.149976886747486493e-02
1.396649077473269968e-02
1.569222098764948559e-01
5.647127276784111305e-03
8.959863877543487731e-02
3.251547024763039306e-03
5.477890847684074860e-06
1.999233668879587394e-02
4.139981494258918038e-02
7.716307335908773046e-02
1.099474414111769743e-01
1.210697634319865407e-01
4.332177202528206955e-02
3.797787100962464468e-02
4.067598143376589120e-02
3.482643883514758426e-03
2.624126108830726611e-02
5.250419547347021099e-03
5.898278678248637663e-03
3.396122985509707898e-02
5.380526991530536901e-02
1.007656491503294664e-02
1.864972098627294336e-02
1.879951411633598579e-02
3.688999989935676238e-02
9.552129492938191482e-03
1.064809718856038132e-02
3.818839538889451379e-02
1.077783438849571340e-01
3.930088892605959616e-04
1.364225723336904422e-02
6.525392204779459360e-02
9.593586351555088987e-02
9.587912973809660511e-02
2.127868139577482887e-01
1.909500247665473979e-02
2.894975943461056134e-02
2.315675191827063981e-02
8.935427403511678190e-03
9.578200767248602754e-02
1.432210945295691318e-01
6.252120939596289562e-02
4.350145487074294492e-02
1.843653731193534706e-01
2.257716045133086047e-02
1.750228942030643969e-02
4.591099218400887527e-02
5.498954854606924458e-02
8.000518739935189028e-02
1.055194498409117027e-02
3.295389875013567116e-02
2.965425645705885294e-02
3.386417520168964745e-02
2.232670538580665970e-02
1.457953556129265235e-02
2.238730001197460073e-03
1.027560161519989329e-02
1.555638096670147567e-02
1.077479844878006209e-02
6.588184016813436461e-02
2.181692554423887362e-02
2.035490572437891749e-02
3.262700369206592704e-03
3.240192422967278635e-02
1.887476582597882521e-02
9.023290188508174131e-03
6.044235193391869071e-02
4.389269076890751214e-02
4.035935655077288464e-02
2.255851239415518003e-02
1.425239597139338864e-03
1.421358347982425996e-01
1.343559644449122126e-01
6.346958226527479874e-02
1.342872336949800238e-01
1.809643575951763728e-01
4.839250624277038199e-02
2.217194111710114879e-02
5.340307886678125060e-02
8.200746038629636026e-04
8.107259441798225774e-02
8.373637447070453321e-02
1.930200993652246219e-02
5.805848014371203791e-02
2.802062524328126011e-02
6.604774740728130630e-03
6.296106988881111644e-03
1.901274248736223652e-02
3.171062227733104782e-02
3.317882418739467876e-02
2.184368075800121808e-02
5.989172220870689345e-02
8.849099953588426826e-02
5.232288645443012448e-02
6.900352367188222757e-03
2.391618521378744908e-02
2.341239846350808354e-02
5.912705351975789531e-03
2.120473344812710131e-02
3.781125341051931599e-02
1.346408107523432984e-01
2.678691694832022185e-03
3.635271526544157222e-02
7.298814141734231986e-02
6.241359040430755067e-02
1.216777312642448872e-03
1.176355110084177091e-01
4.922175320782994079e-02
1.102551433216303681e-02
4.918264641665749670e-02
2.261947495132779484e-02
1.667291986728457187e-03
5.440728063951903726e-02
6.226183511123584841e-02
2.766244673961754802e-02
1.054038775890563384e-01
4.059091741983125029e-02
1.539901204687721403e-02
2.014996750674984821e-02
3.560490823761503637e-02
5.038964539371527940e-02
7.112648102142823774e-03
3.102539567902830309e-03
7.527786235093469891e-02
2.392655000621472100e-03
2.697107256459100461e-02
3.674961351583148905e-02
2.368921412596460691e-02
1.698948336048000662e-02
1.778233878582427541e-02
2.050901220580570589e-02
1.873756377509504245e-02
5.962173600331434342e-02
4.344074565470840144e-03
1.901570781299436602e-02
1.273402603146788492e-01
3.730096876158776886e-02
6.158599963220146717e-03
6.868661386556164372e-02
3.719572409024170939e-02
1.480797539250904536e-02
2.745900715762892436e-03
3.930559141711553739e-02
4.960868109500336104e-02
2.581414965173964293e-02
1.155113913119605248e-02
7.877790269066296119e-03
2.112036639226180235e-01
2.929067628887258717e-02
2.039077728296496972e-02
8.682717540901307984e-02
1.979714716559122234e-02
2.353105066656593566e-02
3.689054449658247387e-02
8.444529507925271905e-02
1.259619789903277387e-01
4.707501025587170623e-02
4.491943942273103618e-02
7.042501615117710556e-02
1.438036851120827117e-02
4.062342789048077607e-02
2.308687174265473124e-02
4.534163853686733192e-02
4.941864660685041204e-03
3.379433338243973545e-02
2.144860280221999246e-02
5.180839507080826564e-03
7.431357418740781873e-02
4.189626859780318235e-03
4.215892763696825994e-03
3.339909552792430514e-02
3.849869211882789993e-02
4.012200463635240411e-02
6.858609994497821827e-02
4.371531340064318399e-02
5.532539970557591447e-02
3.144106512121587569e-03
6.803362677457255522e-03
1.212493247558057811e-02
7.506179707846302729e-02
3.456545160173551956e-02
6.348388467565627136e-02
6.366982417591404708e-02
1.036521010837405249e-02
1.682440541158937777e-02
1.108342429297666347e-02
8.439239823094660253e-02
5.843439942005014542e-02
1.886581312287821059e-03
1.749842902037986449e-04
2.526775494638789157e-02
2.483460990415133855e-03
3.569108358482793453e-03
2.213863376024202342e-02
8.968378851291530784e-02
1.981071413981031620e-02
2.156088197668088596e-02
3.320147983796083863e-02
2.515153045600860074e-02
1.052501901585082278e-01
1.897813823388425775e-02
1.963154125115602541e-02
7.863785166815437377e-02
3.753729516810771355e-02
1.491691011990286808e-01
4.780136759292237525e-02
4.889565215337801640e-03
3.484561754870892092e-03
5.483649753551499834e-02
2.840076140882132408e-02
3.812628320931672754e-02
7.610382294120925095e-02
5.279210607809134426e-02
6.820122362521108261e-04
3.209036510009884158e-02
5.260461136458216558e-02
5.408590638494928382e-02
7.331455341251003760e-03
6.290597217418837650e-02
1.125455861264177196e-02
2.864376529962008727e-02
7.972995504233849201e-03
9.411263271202667535e-03
2.345446866554926069e-03
4.500577773728015735e-02
3.413095794239347919e-02
3.176234619362407197e-02
1.131341703906979870e-02
4.087571571801799919e-02
7.669561068419018801e-02
1.428276774900641422e-02
1.669963486931632518e-02
1.617826939733526398e-02
1.016097995654924140e-02
8.176008863776038083e-02
2.037255514695895248e-02
6.616818517993826310e-02
4.607953468748196557e-02
2.538727222006348372e-03
5.046303276144340280e-03
5.000922890193891523e-02
2.585777846888656639e-02
1.300382407329870454e-02
1.387901871649629415e-01
1.442967065219101161e-02
3.748803698293108003e-04
1.102714437534893163e-02
7.665662824311944568e-02
4.617746034715956849e-02
2.357921530536043891e-02
2.639186521116720918e-06
3.421168078303487431e-02
3.630127830713961515e-03
8.682140495415930151e-04
5.616215445751839876e-03
1.410674114603811813e-02
2.734876338794803297e-02
3.095247248087498737e-02
4.368654129492402505e-03
3.421717288162902382e-02
4.136458233723278033e-02
3.880441498735433259e-02
5.988397241461931864e-02
1.059435988288459640e-02
7.808080489145365066e-03
2.639930598209579843e-02
8.746143892194635505e-02
3.141596253930650784e-04
2.979290290887539466e-02
3.416878686488705741e-02
3.223074375370534039e-02
1.056459538051063435e-01
2.249694924602803348e-02
1.444840493589472780e-02
4.228107926994107563e-02
7.851130504906710106e-02
1.303792366694235538e-02
2.504099531279592450e-03
3.321720096187996685e-02
7.406972971282872742e-02
3.988403147413004286e-03
1.596556641447380298e-02
3.148210411107209283e-03
3.923134784043809387e-02
4.435606002219154298e-02
6.488118112723182535e-03
1.082049159238998581e-03
2.281529664149939060e-02
6.596868634568035794e-03
1.446647130699782458e-02
8.187981411157738490e-03
5.286744393308242390e-02
4.415491578845406884e-02
3.573656596524412560e-02
4.716891284098645443e-02
6.413789383335831429e-03
1.686601392581865352e-02
1.356603179642283316e-03
5.299404872265260635e-02
3.245592803225631675e-03
2.757377857740704596e-02
5.733061081721783220e-03
8.731362372891501855e-04
4.691264200774545104e-03
4.242750464848730682e-03
1.154688396506363054e-02
1.310382537500243486e-02
6.811108731091464197e-02
3.570179707746455600e-02
8.032133540977192190e-03
6.081202738801236296e-03
4.312757377592294633e-02
1.209598798135555486e-02
4.463722665037030829e-02
4.785179315552079427e-02
9.000164327184694002e-02
2.938145212643257162e-02
7.080895137042048093e-03
8.314464251905705205e-03
9.935641486455251345e-03
4.729959793032498944e-02
1.096116218987504276e-02
4.255312111683785814e-02
1.896519149492081613e-01
2.169064396187719151e-02
3.348402387324950907e-02
1.885971643415952637e-02
1.634971949370650490e-05
7.255009898643747721e-03
2.493490937160468268e-03
2.099120305636161671e-02
1.588677655597654434e-03
5.239078085103360261e-02
4.711776456677455385e-03
6.932835305022316472e-03
2.980637177035536795e-02
1.409782243238142524e-02
4.669819686373874457e-02
1.958949391091908965e-02
3.948924634749367835e-02
2.535835915614710612e-02
3.224528301543287678e-03
1.139822314107842571e-02
1.063719649270208900e-02
1.014505846664359723e-02
2.962433899313037314e-02
1.328226181073527933e-02
2.388469215155262504e-01
3.614520008205177048e-02
2.124490128956109392e-03
2.173958817199130727e-02
3.513736042894628764e-03
1.294968039583993535e-01
4.892394375299782827e-02
1.395931555970419784e-02
9.404991810917978645e-02
4.999225362384981941e-02
1.202832458700152027e-02
5.034618542236589389e-02
2.028148737514750763e-02
3.845419560299725981e-03
4.385823558722343890e-02
6.243977925485433289e-02
6.593907497636061765e-02
1.065799242737673624e-02
3.089070442302482150e-03
3.661750388281308916e-02
3.836335981585330124e-03
2.651793250256832823e-02
9.905278955072856217e-02
1.088051376437968593e-02
1.007426654059843593e-02
9.823871849072740581e-02
3.605173479467392583e-03
1.835744676264468994e-02
3.535430960942051448e-02
2.251819574763095147e-02
6.534644652342458740e-03
1.046678307986833624e-02
7.374615753472461843e-02
3.437733774121739388e-02
1.443938979824791911e-03
2.547025380409981277e-02
2.767799136483846401e-03
9.111285189734365589e-03
3.480498401320659269e-02
4.546026884838097644e-03
2.337671712650190789e-02
5.791816703927006940e-03
2.288984950762506382e-02
1.420178999596035350e-02
1.106852917977359657e-01
2.518865449042469867e-02
6.701958566820827301e-02
3.425817707954868091e-02
4.024876601751300326e-02
1.405840144614384918e-02
4.475087597882443195e-03
2.833302894012590389e-02
1.807177811250679222e-02
4.098389330049938967e-02
7.905635370535830930e-02
1.201269686382649624e-02
1.215819955600272624e-02
2.186002633419437818e-02
1.793707537310439484e-02
1.542447089057018619e-02
2.231509141039413058e-02
8.226982609078975495e-02
4.873549351397589435e-02
1.091800227943328233e-01
1.281298746591588537e-02
2.001622441566676749e-02
5.899066986853725159e-03
9.111312082226648984e-03
1.823612838825866903e-02
2.685986022769169465e-02
5.333734195720485349e-02
1.059759720789834464e-02
1.926749204719971006e-02
1.989497239650603842e-03
1.172451570982092905e-03
6.410416917669884904e-04
3.460687767591058561e-02
2.640806648604041018e-02
7.852143853057585998e-02
9.742529856899943830e-02
4.599332196667374473e-02
1.863968837656707761e-02
8.107733141328189383e-03
4.114156106513652822e-03
5.667047132557360978e-02
3.298873003085475014e-02
2.385548901376997877e-02
1.330192550049624084e-02
8.066156740979392101e-03
8.295997403106762647e-03
2.094565668038533141e-02
7.733019676240180870e-03
4.999102144015829530e-02
6.356655912134469288e-02
7.922303071485806147e-02
3.503304679225228285e-02
3.479076885732559909e-02
5.171703136827025815e-02
9.868235832028400545e-03
1.222896051066642981e-02
7.289935489628869558e-03
5.359559693494208438e-02
5.550652283611871851e-02
6.873874107327289720e-03
2.292746366303263783e-04
3.647809325253242169e-02
3.786015848459897692e-02
1.019354094248078879e-02
3.085139318287901528e-02
4.741805067632065551e-02
4.944600885342795987e-02
3.594089426868890547e-02
2.215801865514002711e-02
5.144649190395621935e-02
3.278834980133999571e-03
2.325946375568464786e-02
8.449242811919499552e-02
5.806860995629152533e-03
1.042222914941734468e-02
2.424437371418322260e-02
3.608772071553808386e-02
5.724847973238628152e-02
4.711030767848441159e-02
2.677395602967736279e-02
2.455378356424108011e-02
1.419754896528733212e-01
2.778143017361884778e-02
1.297552639871508290e-02
2.682275354551883970e-02
4.893564203603901347e-02
8.741993189098682879e-03
4.092172479377279015e-03
4.617751322209068254e-03
5.697194230636421636e-02
7.001789415108611303e-02
3.400089885907623538e-02
2.470413376137307188e-02
7.780145286634417012e-02
5.175923064889215164e-02
9.889837899679322641e-03
1.429919295067878099e-02
3.543661671695182147e-02
7.463202122050577314e-02
1.470816782781757433e-02
5.848614785598223870e-03
6.675288817959831866e-02
2.439931846847360683e-02
3.538548913280991498e-03
7.154571943239262932e-02
9.430390834582857984e-03
8.335305184402442419e-03
7.627639638413248602e-02
2.181834773052337972e-02
7.232309220870283828e-02
2.188775329405413111e-02
4.670323839616073724e-02
1.806122821119643049e-02
6.138714975522220618e-02
1.130748572137820485e-01
1.571038908219079752e-02
1.499850554407631403e-02
2.613832384372397066e-02
3.590970968757245529e-02
9.399786783103533661e-04
8.720356493090372640e-03
4.693778202133970512e-02
2.997315648207744820e-02
9.378342417469914122e-03
2.295306395578849273e-02
1.113739285459427464e-01
1.733475405140482567e-02
1.948059213669625644e-02
5.151001013985530980e-02
7.367405971219577465e-02
7.517461968429518804e-02
2.099928531456964412e-02
2.038370095342890119e-03
6.164474033769189176e-02
1.813250412054429050e-02
6.936597981669992766e-03
6.469487271581325638e-02
4.110564879203753783e-03
9.610126517799336479e-03
6.031694612620099039e-02
8.760759743428353508e-03
8.412620552337914115e-02
9.021172318701871362e-03
3.482175345918760156e-02
3.478616210266896255e-03
2.745228672037778456e-02
5.879608954357316841e-02
8.194202975277356527e-03
4.360782606625182925e-03
2.907161369367555759e-02
2.672282971483395594e-02
2.876656197994551661e-02
2.477538834555950004e-02
5.852147244970231504e-02
2.593298791169845741e-03
1.055021611442229570e-02
5.798072441192301391e-02
4.184659958891054354e-02
2.981555206758452342e-02
1.353740703157252194e-02
1.260432120614360905e-02
6.155366603820303095e-02
2.449201742659394554e-02
3.279760496071154607e-02
1.970156519773039877e-02
1.018832697846229485e-01
3.291033597093581675e-03
1.578123057945559835e-02
1.858990718731628328e-02
1.570277112028481414e-02
4.350454781234247559e-04
1.548671265116060777e-03
1.218271517141939451e-02
1.952286539659257164e-02
6.127831584369289319e-05
3.100763854337793349e-02
1.664555210160899995e-02
1.271673472955119934e-02
1.000570932251895577e-02
4.598665670956049445e-03
1.278865345140071594e-02
4.113320014265697822e-02
1.690102044322706887e-01
8.956057397058032193e-03
1.067734869743403904e-02
3.571893608564326306e-02
1.202961855734042268e-02
3.332775169080244657e-03
8.586219371944936452e-02
3.806826187898695174e-02
4.371303516378743231e-02
4.829796021256601429e-03
4.722918071314700234e-03
6.416321050614715027e-02
5.834176144665011166e-02
6.054083712421914898e-04
1.633071618694203683e-02
5.384960651822795485e-02
3.310908614524486066e-02
5.862712216906915998e-03
2.147206827637512805e-02
2.644004726754481394e-03
4.321971950698208498e-03
9.846050737623715868e-04
5.154529639447398559e-02
1.138225529929542089e-02
1.483046768803814031e-02
7.820686273728855165e-02
2.855078203929550112e-02
3.595605091982997156e-03
3.304761918257150682e-03
2.680360431177103431e-02
2.335498762521028351e-02
1.508990886647412766e-02
9.341548546945843690e-02
1.956106816342638097e-02
9.880142887522017428e-03
3.152995787579965237e-03
4.793417819894525700e-02
2.095364384851122058e-02
1.271612805159367532e-01
4.213810498692949214e-02
1.082143334196441903e-01
4.063703211339393141e-03
1.927266893876116924e-02
3.142127716849105190e-02
2.019481104984097858e-02
3.435348348795162071e-02
1.069110547669574474e-03
9.261527847990658896e-03
7.066416196856391274e-03
2.305867442985795948e-02
6.290578231640720289e-03
2.108424218580423962e-02
8.200768220624439497e-03
3.698246519817309508e-02
7.615326143798097080e-02
2.153578904335837901e-02
6.850662930548037655e-02
4.718239489223795269e-02
2.629538167386305525e-02
1.287932939955053341e-03
1.182979129395122023e-02
6.239522807900250989e-03
1.145515376405182445e-02
1.997793590452956805e-02
1.003811926553458689e-01
3.484084965942966378e-03
6.399723645390890947e-02
1.019938468506121840e-02
2.917814550871616203e-02
2.726247240189615118e-02
5.087429693638857719e-02
7.553513723783356060e-02
4.521580764677393671e-02
8.557692705785241438e-03
1.442991796835168400e-03
1.426852029323597559e-01
2.598148992638486809e-03
5.878537577101439204e-02
3.855594636659612218e-02
2.539930496215062408e-02
4.179460836623710707e-04
7.337839851984679501e-03
1.518445983192498461e-02
1.401055003386850739e-01
1.097355593657941067e-02
9.383888807057119003e-03
1.003025536951187568e-01
4.022970925844476103e-02
2.663366713111241929e-02
1.618022343424001946e-02
2.517208502991601093e-02
3.030448865340990700e-02
4.394465619182225807e-02
8.087801726506901878e-02
5.156072665685604989e-03
1.735367804782297907e-02
1.342492686157099047e-01
1.675996702170362562e-03
1.829919487328079963e-02
3.613429121596342664e-02
3.680046427310779827e-03
2.997327778149512512e-02
1.439459870357916726e-01
3.993155850310594474e-02
4.716029239064202516e-03
1.953064701561105579e-02
2.662271340082273535e-02
6.958107112501325797e-02
2.726450192987991961e-03
3.921770414704843499e-02
3.774416390745244376e-03
2.766064531493125228e-02
1.458229822695767362e-02
5.302405443340986804e-03
2.189812897931465996e-02
4.950408425127286044e-02
7.660380210717344235e-03
4.262800349820695944e-02
9.598353710824235330e-02
7.979373414498613926e-03
2.588893401357651378e-02
1.085636971260960509e-01
1.758506718019599291e-02
8.384761807404637196e-03
6.440498390029442133e-03
1.915238369788486994e-02
1.533356867869477627e-02
6.851280280998547911e-02
6.626687180998189208e-02
8.560457401185741361e-03
8.917293202570526073e-04
3.219962402623623154e-02
4.495232359604528494e-04
3.621427014142079848e-03
5.995602469409243296e-02
6.141673438583334851e-03
1.172556194650764029e-02
3.452472423024736600e-03
2.299755543361891447e-02
1.297193436268223588e-01
5.775292618464926420e-04
2.103986289288987260e-02
1.736588733232892479e-02
6.341591209045525923e-02
5.859255044541669677e-03
9.558801672087820743e-04
3.090404445705479189e-02
1.236705500341872127e-01
2.136659203491084874e-02
2.041533368279091834e-02
4.415986735945469366e-02
2.900655766183313222e-03
3.484476869140368943e-02
3.973946674821242364e-02
2.282596744439431211e-02
2.955657998538483919e-02
4.773892084883134268e-02
5.011101015313908572e-03
7.990734608973723563e-02
8.411481017762650891e-03
5.750902535718238617e-02
3.207000089270071325e-02
2.107036462191724108e-02
3.080695489945460552e-03
4.963830468133528795e-02
9.962436644956707693e-03
1.762252826227152930e-02
2.488017918737307939e-03
3.831451468466160609e-02
5.147239155677643674e-02
1.138457589107538109e-02
8.629740700868032688e-02
2.501569110651157002e-03
1.299698782084197229e-02
1.820404184902379291e-03
6.250085811925953916e-02
2.380106404696016170e-02
8.889851275674626185e-03
2.964921518444740139e-02
1.172720367422142168e-01
3.277986978116316508e-02
1.187393133843895471e-02
2.413943883101984933e-02
1.037473920005153351e-02
5.257956153522074655e-02
6.279188019378710225e-04
1.033450634199238258e-02
2.014860219833880528e-02
1.674245932875612769e-02
4.344137363419622866e-02
5.799998901444572419e-02
2.721887956153676985e-02
2.181872282545686131e-03
3.390723365834089759e-02
1.745472535317863991e-02
1.252651937293401338e-02
4.722318789904009911e-02
7.236417794620968180e-03
9.773152892237700617e-03
1.192203967612812110e-02
5.496060483613436631e-02
3.085861193630003163e-02
5.986293434088785920e-03
5.965534911267398460e-02
3.810922773406528324e-02
1.575732876321348647e-02
1.802153111342681691e-02
5.179974156126222751e-02
5.387116221909874630e-02
7.204058455498756064e-03
1.156112524833445565e-02
2.944150449867010202e-02
4.067987211121493890e-02
1.109685166449259075e-02
1.819522397329670360e-02
7.262512387279986339e-03
1.173125970631968586e-02
3.278942417620165847e-03
3.006065819560308633e-02
1.667965146228122739e-02
2.076671623783568274e-02
9.503338688049504587e-03
1.041946037427617239e-01
6.821310940980040982e-03
2.845016775105632667e-02
9.896847351280962934e-02
2.130826260041321363e-02
2.302769106384983805e-03
1.384856377674446859e-02
3.080735203660016699e-02
2.349634331827488154e-02
3.573434966384265304e-02
9.486999020543185335e-02
5.081501689054743892e-02
2.126818354983826820e-02
5.891241599841649107e-02
2.557360899512762728e-02
1.358603492169546331e-03
5.418812274820779956e-02
3.934980196299984329e-03
4.461004612429416566e-02
4.031736707505837077e-03
2.073973678939856208e-02
7.363325172870023583e-02
5.951073155785059632e-03
4.479726500307532749e-02
7.317763788034780141e-04
2.272266838775673092e-02
2.334798422744721602e-02
1.952741129364237577e-02
5.245021118419910047e-03
4.992106026614970271e-04
3.401002171804597823e-02
2.615623447473811036e-02
4.513815379533686611e-02
9.103542367525082474e-03
1.658173204365375603e-02
8.005455269878529456e-02
1.156058765721945658e-04
5.832441647249323423e-03
4.827392641621111591e-02
6.422081914822408422e-03
1.200062254900602365e-03
4.332784043383845762e-02
6.756463293900151490e-02
1.629615330379516336e-02
5.113239357451588446e-02
3.979243674005344955e-04
2.917587498093620474e-02
8.175768396766498053e-03
1.311014041740034795e-02
1.291884614643892815e-02
2.747362127831179737e-02
4.129180292257212878e-03
6.266039097492048793e-02
2.850928822873594753e-03
2.644578132564413819e-02
8.076091475554932064e-02
1.551751713030399132e-03
1.471451231132922810e-01
3.513971538628481162e-02
8.122760452278360299e-03
7.240938023558199377e-03
2.075062177984639267e-02
5.249905618108768879e-02
8.383745130799281908e-02
8.821092363768189004e-02
8.400674337721639184e-03
1.943977888945472299e-02
1.012725174924004462e-01
2.471641511758922161e-02
2.478431813536305720e-02
5.020941812493072073e-03
9.595987815000546484e-05
8.590655471843676103e-03
6.258940115418382133e-02
1.647097044373472402e-02
1.135308379459689862e-02
1.963319150774417432e-02
2.993261813214121575e-03
5.764266145978430567e-02
2.651329546992318639e-03
1.675500029591242557e-03
1.424243861103420376e-02
4.558683770666106458e-03
1.261910619341665395e-02
7.990550273081857557e-02
5.619131371352595675e-03
8.098803812284940951e-02
6.985006239287781804e-02
1.372527064229706918e-02
1.776291230391296161e-01
5.860663533125892721e-03
1.186295586631203047e-02
1.227595914239232658e-03
1.889787180994337550e-03
4.976892313685699065e-03
1.943283750696445794e-02
2.075030970156966498e-02
4.747456351780052208e-02
3.394211786945135895e-02
6.337719439854447301e-02
1.898355549635505693e-02
3.351805067992215392e-02
2.431179183009878064e-02
2.102039269948798722e-02
5.352920185519360885e-02
3.924806982672420647e-02
2.391444565570392117e-03
3.410989539573591744e-02
2.483662713218349333e-02
1.334027815754638274e-02
2.478623634125379921e-02
5.662942415578575694e-03
6.091917594516570167e-03
7.921578552009568563e-02
1.175088050941465109e-02
5.140598951418968998e-02
1.189849324571335826e-01
4.877420778148072386e-03
7.099015094789087876e-02
4.525458227963079227e-02
1.225207268242715225e-02
2.302571639853438212e-01
1.343164317109726141e-02
3.471976158910396182e-02
2.569993331227439504e-02
2.120930972115349367e-02
3.770373683160210126e-02
7.305583145048423488e-02
4.564888269191333392e-02
2.747748645221835539e-02
2.958529701130761802e-02
6.007757928044545753e-02
1.303394418629454099e-02
8.656370792111010848e-02
8.430232918445966159e-03
2.492820680304426439e-02
3.163796379224460137e-02
7.242632369350797059e-03
6.416850308292691707e-04
1.033722469374576819e-02
4.569355502231284977e-02
4.329507277131023485e-02
5.554928605564972074e-03
2.672634418613572746e-02
2.380359472921142472e-02
3.034799349626027265e-02
9.854244319707943997e-03
4.879027397853870351e-02
4.716850971675701221e-02
1.146903129147021534e-02
4.157587262367511138e-02
2.995726316034053732e-02
1.676524899402642710e-02
6.479443081185583264e-02
5.762925980322895075e-02
4.031307874603404923e-02
3.414581939929175330e-02
2.607283885478088592e-03
2.830701077678868943e-02
1.752149508336483391e-02
1.711242792161393744e-02
2.280991487582286620e-02
1.050237039929226013e-01
3.979560106774020917e-02
2.398910567588609724e-02
3.768087877692123666e-02
5.026265181975284047e-03
6.711762204071278215e-02
4.432432418844282906e-02
2.944254550657918537e-02
2.317173394110694229e-03
1.794691381783080492e-02
6.700266254344580848e-03
2.170325780562354367e-02
6.457998088966721006e-02
2.560353773181602011e-02
1.181018843425190451e-02
1.202210122429677314e-01
3.185192419509375039e-03
1.198958691847500091e-02
3.462862559869545748e-02
4.803631445366926545e-03
5.732728446921162013e-02
2.365451305948902683e-02
7.949516617307760685e-03
4.254793888774830585e-02
2.891262683889552973e-02
3.760407721761468286e-02
7.413650592020723518e-02
1.273867172656562366e-02
6.703828240191130050e-02
1.733891790343311534e-02
2.225078145372611643e-02
5.706777371750178934e-03
1.162507326193654433e-01
5.315039164332339972e-02
1.112434651275512332e-02
1.948179393194487269e-02
1.881390060908297995e-02
8.121308096679999422e-02
6.650029863104356398e-02
9.585694120818749608e-04
1.040355633979899753e-02
4.013043017180462774e-03
2.896447343732323765e-02
1.618295416115704197e-02
3.002137305758262667e-02
8.661246332899029399e-02
3.590298667845444325e-03
7.778034519066713559e-02
9.107945311626078344e-03
3.646791199490799495e-02
3.876219209336505267e-02
4.038702266723243235e-03
3.488042790614419297e-02
5.648479184883242743e-02
7.060616733242265977e-03
4.139026711134919517e-02
2.896348036703091586e-02
3.766657354285192494e-02
7.233025748204645333e-02
3.830344975816943331e-02
8.289543563721663011e-02
3.936433428726345690e-03
9.099419909596964673e-03
2.143856811149091185e-02
1.966057826883978524e-02
3.171217898360336601e-02
3.332860038373339218e-02
1.648088389414806287e-02
2.867381297588924433e-02
2.270392508234795118e-02
2.085407624651681308e-02
1.232971304016750869e-01
3.637954295069993627e-02
9.327477431111147466e-03
2.543881776813280288e-02
9.499927693251654023e-03
1.566671714705824420e-03
2.157679270853443687e-01
3.726851502869960725e-02
6.466533008658945092e-02
2.153268681196167378e-02
4.818004734906165820e-02
3.070598609251682168e-02
2.023593388698446266e-02
1.860006030423193846e-01
4.203632859591967252e-02
3.869188232069158129e-02
3.902378552761479047e-02
3.283724960250018754e-02
1.075948728689931633e-01
1.711724983653684362e-01
1.050054470409510776e-01
4.952367132490373414e-02
1.738494197662199606e-02
3.166896451132428930e-03
2.771032429831586999e-02
1.052289477966489827e-02
2.299706317474366560e-02
7.625909168376421299e-02
2.086453865374343283e-02
9.029756911477623826e-02
6.683709268177337459e-03
2.110473936821827615e-02
1.910656346828335239e-01
5.148549056479953534e-02
3.675628054314421939e-02
6.399938070911811994e-02
2.877905631688961602e-02
1.485142027205413329e-03
8.155434422766741354e-02
5.720853065778307850e-03
2.550895709812729326e-02
2.692770893671295185e-02
8.022068746426178065e-03
5.761407572080848478e-03
4.226483390942246954e-02
3.509796043931105725e-02
8.813004222455761427e-03
8.985829361494283157e-03
7.324990332393428727e-03
3.719617426318574255e-02
7.267746312934575403e-02
6.664349594331311910e-02
3.996760909237048742e-02
3.964738864047433198e-03
5.074231751137295993e-02
8.550888279937546646e-03
9.615625719818825246e-03
4.646850331982654153e-03
4.195285453150177091e-04
2.848689799357514291e-02
3.663012179387251099e-02
5.928358073598452571e-02
1.507694270589393995e-02
9.976270868261770397e-03
3.446156933140985534e-02
1.175373313890031891e-02
1.392808941443399173e-02
1.261377976397550504e-01
3.159257590869049559e-02
1.183386339747223744e-02
1.112128462735980927e-01
3.507017977368269077e-03
5.276936253973657509e-03
5.924222854702575897e-02
1.753369763455899649e-02
1.058556366690435596e-01
5.449305343258064455e-02
2.204314547032157692e-02
1.504460166779591698e-02
1.408869940255883316e-02
7.504496783437501328e-04
3.133395870301004110e-02
9.661610325722902806e-03
8.432524654576374276e-03
2.452711811430453859e-02
1.138145601103232856e-03
2.894702063780516324e-02
8.518052073456509887e-03
1.750579891003089042e-02
2.344052723091867574e-02
4.754540026627888938e-03
1.469780934381940268e-03
1.300618455675133650e-02
5.025406553276940552e-02
1.053502332391741819e-02
3.918142118975359578e-02
5.716570234551340834e-02
2.362357784034149408e-02
3.294058102742492347e-03
9.724734421443129162e-02
2.978983904501598251e-02
5.890780384417972082e-02
2.923400121323577183e-02
1.395432966410822817e-02
1.601869226993082179e-02
1.026534646757159275e-01
9.577309253431001007e-03
1.885460785524664673e-02
3.792455883709087983e-02
1.352225804535732608e-03
9.398883215302297062e-03
2.174637161428422116e-02
7.589643247232020530e-03
2.264807391439994239e-02
8.428259991588683137e-03
4.571490643629617934e-02
1.659167036536426942e-02
2.937952244482551142e-02
1.847585610656147376e-02
1.044118319963412318e-02
2.619164143787793692e-02
3.905524949244458532e-02
5.307340548254712263e-03
1.412883051308124957e-02
3.338949467924526293e-02
7.931454217201447388e-02
5.735339156890247037e-02
1.157791714282222356e-01
6.966359339406758000e-04
1.489030250409558234e-03
1.363091436108019791e-03
4.115888335842242396e-02
4.440393684931873142e-02
4.985979277577623492e-02
8.510982297075623051e-03
1.773362073036040612e-02
5.537330465866580759e-02
9.306548600835573559e-02
4.204015018741799961e-03
2.293709897983501819e-02
4.286884912649645968e-02
1.565523350873899641e-02
9.387310452052058385e-04
3.401238707849641753e-03
8.318988663659585003e-03
2.114560329236601921e-02
1.147828650451764021e-02
4.234707746621099028e-02
1.249393706091497455e-02
1.239278588380035573e-02
1.032443073531058575e-02
1.973262308771370904e-02
1.564756420116050067e-03
1.715206274959545779e-02
3.556966960511787762e-02
1.758682285121958636e-02
6.127726920699151647e-02
1.210115442032688310e-01
1.768466574445108352e-01
1.445940019608828730e-01
4.794306458081477873e-02
3.177451615589737405e-02
1.252646998493094251e-02
7.205933546459718231e-02
1.908944998548344277e-02
2.619870538235138935e-02
3.585923559356533896e-02
2.813549366974877480e-02
1.043017015341286477e-02
9.394863480122325750e-02
4.208158201686818325e-03
1.038987011524065834e-01
1.547071756669072574e-03
1.010142081219634475e-02
7.374314182870503331e-03
1.262446797600062787e-03
8.535480945516649154e-03
2.080410832399666454e-02
8.690806165283284160e-03
3.844708008085244433e-02
8.304868935015384535e-04
7.815596459247534100e-02
1.884213687231314077e-02
2.884317383920864675e-02
5.005230061234978295e-03
4.391659739221367986e-02
1.012315225077750486e-01
1.548019583293765850e-02
3.629600395745560815e-02
2.513435486984589434e-02
8.418412243693476626e-02
1.444742431966916651e-01
5.379253125569066762e-02
9.390065219278928565e-02
2.743104334650442802e-02
5.451544491778217982e-02
1.072692494348033779e-02
4.534278224467267610e-02
2.215196240620387683e-02
1.507797352798704487e-03
1.870813458113623762e-02
1.220005638730834174e-01
3.562616635901656725e-02
7.201794566768632277e-02
6.045339807850829902e-03
5.789484510119592524e-03
4.327821111046197683e-02
1.629810497940076264e-02
5.076516725551920295e-02
1.876626501547322412e-02
5.073617666629115508e-03
1.926611617015547631e-02
2.154357956248602844e-03
1.587412071597401469e-02
5.233597187649675214e-02
3.123043835285325281e-02
2.644828475910000753e-03
3.554526876745381370e-02
8.336020941214303259e-02
6.062424292294134320e-02
2.785508675633915909e-02
4.183332264087451235e-02
6.728981368470879354e-02
3.796884603397769620e-03
8.328623321337449981e-03
1.301295308969274180e-02
4.007682719042553882e-02
2.383918491729001068e-02
5.098062652788375865e-02
3.819936678929867352e-02
8.971550794849210420e-02
6.702243543727171016e-02
5.309541020368747227e-02
6.021414438282868958e-02
2.136191674297190091e-02
3.251862504342550170e-02
2.224994387642477249e-03
5.018368430192250360e-03
8.891502908908273384e-02
5.849696994528140112e-03
3.539312160839064997e-02
1.156439482556090581e-01
1.716962100839450334e-03
6.170930424255313684e-02
2.140765968796564181e-02
1.876032124757378780e-02
9.809562478148948356e-03
5.105679273218635683e-02
6.502967165690341778e-03
7.368849135318379130e-03
6.042923357611710428e-02
1.790200571340128111e-01
1.948993936670104926e-02
3.493032217382706361e-02
5.201159727122006693e-02
8.071618830469504818e-03
3.350682671608673502e-02
6.087512013171862690e-03
5.347971199139039955e-02
3.281420669339515928e-02
5.942590169015199431e-02
3.292053288666564603e-02
1.010460717252625040e-01
2.289332091146364240e-02
2.153191251405283183e-02
2.388008330185520944e-01
6.572857054396391563e-03
3.730555094872023414e-02
3.721088006670843218e-02
4.132005518968442123e-04
4.163136418079435574e-02
5.799772626923561589e-03
4.038971315459272127e-04
3.536235240620157899e-02
1.907280915045472119e-02
5.786288796909930254e-02
2.420037122806304244e-02
1.390301531411989797e-02
3.435144605255235212e-02
4.482136180175699813e-02
2.380963276367714307e-02
1.635839545960893551e-02
6.021041436101624844e-03
4.523269702446816587e-02
2.402830453233966573e-02
3.642873521997529174e-02
1.558405087420745155e-02
1.422248102948988312e-02
5.067186288077685924e-02
4.116377230570862633e-02
4.266127814804628049e-02
7.249762548093645342e-02
5.712790346252180629e-02
9.116795599589622157e-02
1.988848190461277310e-02
1.359261777354974637e-02
4.053215098721064946e-03
1.110280568879649515e-01
2.278846073449720261e-02
1.200245322918342961e-01
1.377186324988821479e-02
5.700240868126314753e-02
7.070026469142733083e-02
4.099738502786129390e-02
2.739560625309486741e-03
5.886507538384402188e-03
8.228657423016497163e-03
7.636348891898064872e-02
3.531409338861656033e-02
1.423201397389260887e-02
9.634230146609749912e-02
4.123276173371884928e-02
2.631221086308400958e-02
3.580821921218547976e-02
4.621995547686021805e-03
5.050293097726857999e-02
3.555323282545687358e-02
9.953385981454829223e-03
3.266710517884471171e-02
1.301140405898841557e-02
5.714956285274681164e-02
6.499471961181270407e-02
2.528564326102462206e-02
7.566337115752162779e-02
4.728498001865048123e-02
4.523575872118874852e-02
5.593237151066987600e-02
7.528673822563339106e-03
9.840769036861027330e-03
4.634537363906475471e-02
3.654076258564144253e-02
1.747054643284826347e-01
5.882679714206387467e-02
5.343595945875991710e-02
5.681164962320593703e-02
2.654780404946460032e-02
5.263054588231401432e-02
3.735400653615105447e-03
1.742455929160765214e-03
3.251152079210033186e-02
5.335529977856369975e-03
5.410160347614744944e-03
5.191553405408155797e-02
3.863354418259405676e-03
7.131370523595772365e-03
5.058351860392802657e-02
1.706789290578024018e-02
1.569709117929566355e-01
3.741825173015463774e-02
2.819317326861478859e-02
5.818026710002809077e-02
5.739200007958021252e-03
6.402763076379365537e-02
5.176289044528410710e-02
3.060476018049915203e-03
3.039605049325871250e-02
7.066547311384333008e-02
1.466428745459279204e-01
7.445174708493083882e-02
2.848057761453133552e-02
2.348991075975704126e-02
2.554918205286379335e-02
1.990773677996158370e-02
3.099951501854731131e-02
7.470132657711636703e-02
2.252403400707010672e-02
7.663206951258824673e-02
2.304017010080467581e-02
6.068907104565542804e-02
1.471868761361161404e-02
6.020065729159307377e-03
1.689256157318330676e-01
2.007004861238070870e-02
5.201327935810173136e-02
4.695279270413296735e-02
2.795953847206958387e-02
2.034813443568554009e-02
7.751198011991028772e-03
1.843719729924762213e-02
1.157582505312304555e-02
1.992206158378491410e-02
3.099844506912899714e-03
9.058285903805088357e-02
2.780236086637270093e-02
4.302738194688912610e-02
2.608951483484447942e-02
5.542503182245409055e-02
5.479679870277372189e-03
6.454670363153884594e-03
4.566217458374209615e-02
6.328219975055562885e-02
9.316784653604814892e-02
6.104678630987770381e-03
3.153512085024661599e-02
6.409629158630469892e-04
1.894800944462426973e-03
1.590875853881700830e-01
4.148848611843683476e-03
1.938748410098223990e-02
2.015213438957427772e-02
5.639194554750424221e-02
2.717530988608501605e-02
6.259676248478556783e-03
9.172635093098704950e-02
4.442539687620563477e-02
1.593894412044769004e-02
6.521760224447960275e-02
8.998539048560100229e-02
6.106122687414969330e-02
4.774107980804936924e-02
3.422970388505716666e-02
1.478274901559735108e-02
8.545347465075991966e-02
8.781456532083294075e-03
8.571134863507877399e-02
3.770269218245886345e-02
4.165767628736060518e-03
2.088373698399795600e-02
6.023070950725855494e-02
1.622854319259712033e-02
7.692835904236707510e-03
1.026710820743547969e-01
1.142129031228728275e-01
8.201837356533542289e-02
7.534420695472288272e-03
1.076839997240859603e-02
1.330778965934288627e-02
4.232205697708176992e-03
2.175754316658928822e-02
1.555008083088342367e-02
9.370738036531368192e-03
5.878729963202085351e-02
5.942628354878104480e-03
6.968216884516632847e-03
8.577563418031801737e-03
5.509496539821485267e-02
1.843970560234755446e-02
1.026335583195057272e-02
8.957319159601553893e-02
6.757483622998060324e-02
7.933695907556534421e-02
1.338136079716883975e-02
1.044587149177209073e-02
2.681974457619996921e-02
6.773169334721815260e-02
1.980377969856769726e-03
1.180173811081014490e-03
3.107711538537436674e-02
7.508571402967428865e-03
4.672343814128278316e-02
1.051118322513391046e-01
1.221140862768855910e-02
1.862839878297546659e-02
3.165134563803827933e-02
3.429877379820323730e-02
1.828375075348041834e-02
3.689979259874340972e-02
6.034360980461638685e-02
2.182183879872446816e-02
2.238075120381220751e-02
1.522052782475300826e-02
3.333863545025429753e-02
9.722755873591077541e-03
1.030000118017621452e-01
8.814564914436152226e-03
2.008872748543732989e-02
3.042976347533144638e-02
2.084602646024741324e-02
1.648440742067288495e-02
1.622652907346276013e-02
4.537221633093062312e-02
5.852176888641553304e-02
1.663746014619758018e-01
1.990230337000264277e-02
8.677292273569872996e-03
2.147011771889512435e-02
4.441136362114925934e-02
5.192898588329417781e-03
3.623983718297808798e-02
8.165695573341566482e-02
2.148059328586457428e-03
5.117479006828543064e-02
2.390975862078811853e-02
1.738778534788193442e-02
1.666420906043148548e-02
1.528464754117098406e-03
4.122658798700885863e-02
3.401893982316050308e-02
3.463331610615979356e-02
4.088558797210514045e-02
1.218008842687296617e-02
1.103240076991738455e-02
1.929085614455132783e-02
2.177669940785019465e-02
7.552939347424483113e-03
5.044959442244910386e-02
4.964808712325928519e-03
5.095469299409419173e-02
4.751296817896698971e-02
4.931357896049436834e-03
8.106054025600278878e-02
1.328451962666188022e-02
6.592123736135925560e-02
1.956481708877516601e-02
8.389170238523067924e-02
1.865857408092498962e-02
1.176723659689426181e-02
3.457455245889706763e-02
9.449010850340836681e-03
3.339039094627545279e-02
3.923810831515971848e-02
2.630383310680341202e-02
1.145699707397231093e-04
6.196939531911917209e-02
2.679119610248852090e-02
4.076506241026890687e-02
5.199872097021830154e-03
5.340485966156334474e-03
7.213625505210427558e-02
3.807201806418385182e-02
1.290926299665219601e-02
1.903160367827484364e-02
6.414272758873613978e-02
2.037803147640032675e-02
6.398699583424111159e-02
6.752594947308060425e-02
1.446949914715483718e-02
5.592241317175980497e-02
4.117191339407648767e-03
5.392356294728979649e-02
4.161788783548434068e-04
2.410180194718774399e-02
4.059542573929847409e-02
2.420719627057875065e-02
1.426919429141362827e-01
9.261805354907278603e-03
3.750241492194970189e-02
9.471951998158756325e-03
1.287344444455560538e-02
4.040102733032915894e-02
1.314779672086207815e-02
2.648392861826619898e-02
8.822504721842511222e-04
6.419700281257917536e-03
1.661695569267945816e-02
2.671841867876693227e-02
8.179099400873485193e-02
1.554569508075925519e-03
2.042962747831823800e-02
5.736629139152812570e-03
7.867276894456466663e-02
4.015131981845959652e-02
5.212902729112525724e-02
2.312504793761009994e-02
1.012919633786010520e-01
1.945002778658171463e-02
4.492155766457545107e-02
6.926904780051405808e-02
1.022952943387264030e-02
6.823090764630852095e-03
9.565908877273144456e-03
5.629378953359442939e-02
3.003661531140451590e-02
8.493831528471003367e-03
3.558053843728243432e-02
1.002031496072366273e-02
8.877309517795796412e-02
2.675482653048674025e-02
6.293057369395210765e-02
9.675455905074315313e-03
3.237893432724993359e-03
2.782069174723929630e-02
2.148090030894073132e-02
8.249243110490127318e-03
3.155082931987548273e-02
2.758877731429822816e-03
1.440948538992119395e-02
7.984988849014877654e-03
4.511468988912571698e-02
2.413474178121626304e-02
6.064447318386367164e-02
6.819358154939607342e-03
1.259357826330516628e-01
2.278839881430088157e-03
2.906677013857584396e-02
3.422355922361651481e-02
3.714327500721725100e-02
2.656539788319907044e-02
2.843345881367723149e-02
7.887754035782371109e-02
7.411332060429331320e-03
2.419031535879458822e-02
1.598157032865504812e-03
3.842967246062779785e-02
1.373706463834323266e-02
4.487713255518133160e-02
3.952061457361025210e-02
2.027875987614901482e-02
8.678415575446613017e-02
1.128544885831671632e-02
3.833170978821007907e-02
8.305553860061713062e-03
5.392346404823385869e-03
3.280517827607359882e-02
1.154918618734088187e-01
2.086927364044820904e-03
6.354848180612399089e-02
9.963403330612449760e-03
3.728762615821961182e-03
1.792105871096787151e-03
7.548252707297811726e-02
2.311117162132138303e-02
6.092008200714579824e-03
6.814384331098040197e-03
8.543783536670915280e-02
2.115183417386476070e-02
4.109257300999762108e-02
1.676212885766607125e-02
1.729601712447898301e-02
3.636049615528359757e-03
9.422583947839804908e-03
6.765707346597327199e-02
1.110849021802735870e-02
1.352474646246163564e-02
6.861071441382487687e-03
9.995424573087469122e-03
1.016358610511588351e-02
8.591576089949995443e-02
5.473964164393471665e-02
2.927465921788349745e-02
2.197251050218847895e-02
1.399781283445457325e-03
1.386888197435754422e-01
4.594795468169909913e-02
1.531241511485920137e-02
2.919896158861369495e-02
6.709546655543457971e-02
5.209610363035403757e-02
6.995045354233522805e-02
5.542847716995156354e-02
1.024938503031103121e-02
1.463574924283742723e-02
2.888861437484586958e-02
1.987116396562634002e-02
9.899979394642103442e-03
4.543923176707079237e-02
4.999026515206022453e-02
9.353168515191195940e-04
1.737946504373127921e-02
1.690209693801887278e-04
7.185760098045888486e-04
2.913941769234484891e-03
4.046226310381928482e-02
2.344251431800450369e-01
2.930812056633527035e-02
7.353976145707243062e-03
6.790998932284519896e-04
4.637861804926171616e-02
3.740446182197762481e-02
3.431695369975323873e-02
7.995066223478328182e-02
3.018726782116520554e-02
3.177868811153535672e-02
3.535582392880012165e-04
7.294538750551425588e-02
7.471844033112932937e-02
3.923466951887678855e-02
6.212595831769864019e-02
4.883245573332360007e-02
1.871931380778864631e-02
6.647716194890077035e-02
2.372023844652071389e-02
4.183321566898026700e-02
3.360468140894547900e-02
8.542371896978585843e-02
5.082806739922059863e-03
5.283297550390395059e-02
9.735647800733812640e-02
6.869496653882055381e-02
2.491842194221369905e-02
4.322886282058827426e-03
1.045566430012365849e-02
4.412086043051013928e-02
5.953039503591443099e-03
3.304765237319622073e-02
1.014419415434779370e-01
1.647833167773147395e-02
5.365041584013446191e-03
9.521239368759017163e-03
2.493807931229624630e-02
3.646809162955398642e-02
7.544556970915198071e-03
1.386776706723407138e-01
1.538655926956554454e-02
8.191200266374333225e-03
1.818416241000336483e-02
3.184077112883781924e-02
1.219708832153045264e-01
2.431545980706668886e-02
4.227112937403951221e-02
5.163990967834251877e-02
3.036423432739848195e-03
4.617808072633658445e-02
1.247704983808447035e-02
2.876805377010704847e-03
6.700897202213007553e-03
4.142450751264903364e-02
8.729716681663196587e-03
1.366398841814775167e-01
2.678883054909655947e-02
1.445586299586503615e-02
2.202999200703432275e-02
8.109538398970599082e-03
2.729100872031055280e-02
4.196046259107143184e-02
4.833784507295699195e-03
2.425186230450172148e-02
5.171399588957970722e-02
4.705643428233403230e-02
1.800503939027452149e-02
1.602229268519595601e-04
4.464352115018511286e-02
1.295703846187273942e-03
1.059201678153597059e-02
5.512488228014277014e-02
3.360348621702059779e-02
1.042154264553944720e-03
2.298990873152932657e-03
1.919121659730542440e-02
6.624820316369109396e-02
4.278182143663178394e-02
1.682544827327296308e-02
1.047825341803465017e-02
5.483567404399589118e-02
3.795071845853086046e-02
2.050117127450453575e-02
1.892675614621611158e-02
5.707914671567413355e-03
2.855873128597122279e-02
8.808497155226330255e-03
1.052336407925061196e-01
2.909662444729795017e-02
1.848788618523233840e-02
7.212577480327067581e-03
5.907897386798727224e-03
4.522517834853867491e-02
1.550740080593840560e-02
7.211960782263437952e-03
7.319622989711355859e-03
2.449577450711949711e-02
6.260605810201388954e-02
5.347860809271989119e-03
1.562491956960473938e-02
2.491815042027416272e-02
7.524700312610209038e-03
1.989387494865221817e-02
4.578550775711522081e-02
2.810729041710598175e-03
1.309162467321121036e-03
1.420655184502756657e-03
3.135679815531108861e-02
6.058547092510026960e-02
5.308227534300130612e-05
3.333374922554450254e-02
1.632044786529446637e-02
3.128068784972833777e-02
8.825189823434417824e-02
3.901902055683915960e-02
1.908861572572106979e-02
5.195017490761719148e-02
3.426607576088332163e-02
3.580166185561881043e-02
6.248205791747547810e-02
1.741819340648058725e-03
1.536488481583949024e-02
1.358411445535155464e-02
2.317994350480754098e-03
3.315925200592865357e-02
1.707424535243924190e-03
1.781063961363811565e-02
1.131558372015568741e-02
6.030108370243424110e-02
1.085598491322144754e-01
5.105914505637396128e-03
4.249363954704087065e-02
1.431611582547329987e-02
1.216517960991046754e-02
2.086618697786449261e-02
1.178495679986410645e-02
3.545344255251498509e-03
7.755494295734282478e-03
2.623142002947775539e-02
6.747721407851145492e-02
1.770253489735287497e-02
1.934763790820086433e-03
6.828495919501142986e-02
1.253512992170956533e-03
6.965349682797113140e-02
6.408179232992197716e-02
6.980574336529350721e-02
1.816008034172348490e-02
6.474961270329543384e-02
5.666709112254012318e-03
7.282518984204647446e-03
5.081910228742485269e-02
3.684256278454587415e-03
1.967642259605430211e-02
1.909238934617894096e-02
4.608414366293565878e-02
2.687958037212904300e-02
1.926697544124553879e-02
5.197368829503687046e-03
3.629048422345483582e-02
4.993352948449096551e-03
7.457909102161669468e-02
1.028464045712336634e-02
2.944848002444122072e-03
4.242940897275063183e-02
1.541490672940459827e-03
8.741918193246969726e-02
1.339964643336279126e-03
1.898757062524800143e-02
9.317127372108192918e-03
2.390503431727649536e-02
7.016522830804608479e-02
7.167826885724249558e-03
9.873035477543701255e-03
4.228986708470552219e-02
2.418146041483688891e-02
9.193557277293751273e-02
2.793286097842284654e-02
4.416131647304061270e-02
6.032122384502389134e-02
1.114892670204367942e-01
1.561062378082513427e-02
2.275507155022714334e-02
2.663567221646964689e-02
9.717190202821383502e-03
1.126662371410987185e-02
5.665469469444010808e-03
1.528711977366943239e-02
4.123532427763400288e-03
1.005908437233215408e-02
5.512646127104952817e-03
1.773259639518513786e-02
4.426744971053599154e-02
5.858083167076269526e-02
2.334969546452836386e-02
2.524206633440460867e-04
3.167127024616644276e-02
5.935555071377776604e-02
9.006916716090147823e-02
9.077607942306439165e-03
5.258615725965484766e-02
1.669072724765163079e-02
1.607089104968000004e-02
2.620446330909548260e-03
1.679155665717714865e-02
2.933922131366915181e-02
3.884804549412754909e-02
4.999916225751190046e-02
9.635561959086877404e-02
1.629235327361928942e-03
6.395404400997514727e-02
4.522067368056272019e-02
2.612343397390463895e-02
2.551281558252550818e-03
5.175575629014400603e-02
3.351592158888989231e-02
1.247057120417587039e-02
4.195042761932369496e-02
1.087883437428274584e-02
1.007541149965208299e-02
3.925043668764459197e-03
1.023261276145648845e-02
4.663907555976264802e-02
2.274614169071307104e-02
6.813276837766726879e-02
8.523296603915257730e-03
4.934233297194596385e-02
2.844548805733859362e-02
1.862747483179234137e-02
4.040410466766303221e-02
5.337238264283063194e-02
1.247315637267703420e-02
5.573850772523356034e-03
1.386414648928166633e-02
1.292679851275013378e-02
2.874512159505117695e-02
4.385582035562106927e-03
5.982097274180368102e-02
1.338379298726061206e-02
1.146483740594489778e-02
1.251842254942743538e-01
4.218905518161772394e-03
3.998446981356706953e-04
5.022998183945652506e-02
3.748239957767341562e-02
2.344771480283992793e-02
8.134883112664918065e-03
3.226440323202562493e-03
4.986743273436526971e-03
2.130651455247839499e-02
1.015546212098637942e-02
8.382760634954380258e-03
8.668820761857883028e-02
1.077057280297005412e-02
1.348449385112310273e-02
5.305150883620888408e-02
2.647826738849566597e-02
3.562769239113280223e-02
2.736832227765027478e-02
5.225759091764830416e-02
4.547297273929556613e-03
8.798677425022749174e-03
5.781367740294686419e-02
4.451778472658500518e-02
2.123159465486924510e-02
8.521622241072036863e-03
1.579220002099109704e-02
1.330197942705153499e-02
9.069337861375672410e-03
1.496156027339432849e-02
8.952042682494677425e-03
2.402946010401077123e-02
6.514917369297984484e-02
6.738670385634101465e-03
3.145684269351724238e-03
1.656425109945149771e-02
7.977445568911993579e-03
3.806201750350241692e-02
3.789949229144951720e-02
3.229810240978139152e-02
7.652600777153347605e-03
6.761048072873379611e-04
3.951534462775661838e-02
2.618310043766722880e-03
3.816042208254835644e-02
1.842576733953663060e-02
3.490755423481734648e-02
6.973463455792597299e-02
5.894147981349096704e-02
1.019279986383905823e-01
2.388368997938338650e-02
4.961346873179556249e-02
1.184075750964821289e-02
3.396849689791005961e-02
4.095496853962729555e-02
1.394575826510064884e-02
5.989135290925314686e-02
6.506847099978885045e-03
5.188116522446346163e-03
1.256853067581838353e-02
1.139021845908051332e-03
1.011155406263406289e-03
1.278714712457020355e-02
2.137268696151862352e-02
7.982233305801325618e-02
9.253030131337313183e-03
2.616657837816586171e-03
8.289452969755254502e-03
1.753867908528913833e-02
3.015902419775412166e-02
1.241644505512312473e-02
1.799125688678586410e-02
2.839353624042122159e-02
1.077744583269417585e-02
2.438089439960182056e-02
1.228593438588630737e-03
2.725044378755149196e-02
1.599689197352930498e-02
4.791921826404275941e-03
2.930135696096378140e-02
5.996803752360899131e-02
2.669514531112732181e-02
3.858188309178270381e-02
4.965589158525940405e-02
1.996119569670717214e-02
2.193256923461015320e-02
9.021848695628640474e-03
3.981915149982129948e-03
1.242227733108894477e-01
6.292424848538480386e-03
3.230391130684948098e-03
3.356857772671251183e-03
6.626942188682415427e-03
2.425017097252151616e-02
1.342163652838808136e-03
1.066796901981802680e-02
7.214496990346636052e-02
1.591651164402564309e-02
9.161964380838100511e-03
1.668672363879155490e-04
3.525533392743425420e-02
4.842929797741721970e-02
3.700335414151759844e-02
6.333875778882042291e-03
1.089281560789656308e-02
9.110661492850793963e-04
1.818754012162313374e-03
1.205942064639555639e-03
1.351680293826335033e-02
1.419954766271258433e-02
3.196237801967735659e-02
3.732894934937863729e-02
1.778937623637199400e-02
3.031951248352167394e-02
4.101721818563090066e-02
1.390810550475952978e-02
4.674013313737216541e-02
1.670749445362066168e-02
5.240821715199415858e-03
8.248711615624571003e-03
7.227820416078707677e-02
5.127015173815931137e-02
4.215450609955373462e-04
5.029400707658084752e-05
1.944608957538324079e-02
2.545224548333693826e-02
1.846723517068271647e-03
5.030480169453815931e-05
1.147671894397351289e-01
2.651666637975678975e-02
2.790820569153848116e-02
1.981672691966815045e-02
7.100276027300021775e-02
2.257460306256765109e-02
3.984460754624277561e-03
2.037417920408220694e-03
6.703120165926525469e-04
2.830468579780325358e-03
1.274941498311244620e-03
1.094001237999230047e-02
1.253625467107961000e-03
6.940452708321179220e-04
2.722088741523232686e-03
1.336128838254861152e-02
2.021298095565604927e-02
3.794094755963896975e-03
1.101089764333190377e-02
2.818964357595876713e-03
4.455742576093449370e-02
9.149094945262757628e-02
4.708283032083944615e-03
1.411797360098043623e-02
1.628632423683560315e-01
1.474013697864824113e-01
5.899201946175287176e-03
6.173936662182702428e-02
1.389599220541573761e-02
2.430350854631252444e-05
5.318112985253523051e-02
7.960195985965978771e-03
3.046094947798244981e-02
1.349582116521885408e-02
3.845774075565019934e-02
7.206557319418181728e-03
4.013174614575304444e-02
5.085572383348975489e-02
1.900053386954218956e-03
7.434076237356611327e-03
1.772196997139515243e-02
3.831977967405768640e-03
2.175911943482083249e-02
1.571099155572908135e-03
1.785864077533991581e-02
9.608618861837728981e-03
1.899308019423259601e-03
4.049157681106970580e-03
3.399286464564374444e-02
1.228501397985987120e-02
1.067502023995361114e-02
3.079624720624908260e-03
1.313958900046408897e-02
5.538877980888273073e-02
1.016202939160916648e-02
4.172796034286842259e-02
9.710270683655503055e-02
7.099575330538474005e-02
2.329518452700770140e-03
1.442674276575904024e-01
9.061759172480863753e-03
1.678999015874507034e-02
8.057187104729100768e-02
5.068812392925270416e-02
4.467830563090947893e-02
2.176498425386068705e-02
3.277481624970827317e-02
1.227173638164322407e-02
6.654174715488453407e-02
4.002694272605190201e-02
7.369197749972042008e-03
3.775684057360774188e-03
7.922553377911348629e-03
1.271832705310519882e-02
4.575293390885903227e-02
7.802600117291225157e-03
1.530245306485545145e-02
1.002211324124363187e-02
8.916539386311875953e-03
1.206299709001624337e-02
8.306016621399445188e-03
6.510315120277762602e-03
5.665764459562720561e-03
1.307449214050325839e-02
7.172814243129406464e-02
5.627698783552355366e-02
4.439550544525980302e-03
9.896427421584239048e-02
3.848263569771478293e-02
7.977759189061668643e-02
6.159049177462060098e-02
2.446047509020393348e-02
4.100833826399671866e-02
2.278730121611094450e-02
1.049890376568307637e-01
3.419355750002724820e-02
1.170871429551858522e-01
1.166572421413389002e-02
2.949655617946096708e-02
6.230761150153613093e-03
9.407585293311608587e-02
2.837258056878994017e-02
3.916950247225145509e-03
4.441896131475682463e-02
4.354030857590418871e-03
2.747601034719235683e-02
3.483011058191907289e-02
4.966944002394564628e-03
2.578936611940502166e-02
1.649925843180619078e-03
1.764568811218528849e-02
4.772807304022155805e-02
4.475922026837259732e-02
1.785879770773099798e-02
1.259777167562283612e-03
1.004161201074386077e-02
6.092640579238466081e-02
4.776600532166398738e-02
5.390538804513970300e-02
2.541327518486238141e-02
2.936968383083720519e-02
6.976170694117621307e-02
5.797573477316152191e-03
3.802371715535442231e-02
1.491538520986721798e-03
7.532254059095355725e-02
5.068313040497306882e-02
6.897137761230989761e-02
3.044958388818890319e-02
1.081881664081567329e-04
2.205002141499585316e-02
1.844094313013312086e-02
3.646325565769843735e-02
9.895462476656130199e-03
6.438062499683823436e-03
1.243430199674573078e-01
1.315978349324908002e-02
3.735308921142276029e-02
5.778137858489025558e-03
1.195936053255930269e-02
1.293384415894184569e-01
1.653356961046599863e-03
2.819947998441319978e-02
7.027840998291380592e-02
1.986946643467193963e-02
2.585841782604711078e-02
9.093112874430689385e-02
1.915662569892579575e-02
5.732330694044217995e-02
1.060929238783382342e-02
9.554601805274504089e-02
4.956728540962830609e-02
8.213508014379762578e-03
1.045645144030179358e-02
3.991751265588668746e-02
6.882901736509182064e-03
8.410159203988586823e-03
4.452597914379853583e-02
5.657058608658628585e-02
2.276961582208710325e-02
3.097192724470176559e-02
5.000742406164181142e-03
2.161877527817817821e-02
5.905791981462699819e-03
2.455342888048965902e-02
7.370584062067139092e-03
1.018080156890701499e-02
5.293624196301380952e-02
5.770273316491270933e-03
2.941463385230793509e-02
1.149930886004868480e-02
2.212204384126712636e-02
8.201295937553391979e-02
2.382331131100182478e-02
2.370865273597349415e-03
5.719428197245944590e-02
5.673178973678803805e-02
3.350645045377273479e-02
8.155483043203114180e-02
1.988472333945555046e-02
1.199775134427814860e-02
2.644008803686932751e-03
3.343760018214499141e-02
4.612159162446829996e-02
1.406849957379997795e-02
2.853780859810887624e-02
6.253706541646261718e-02
3.758835151459541390e-03
4.278832127046285072e-02
1.773750786891787473e-02
4.145527892318133512e-02
2.063751565190182630e-02
1.588359884366271832e-02
2.323912945481115735e-03
2.115428935180871037e-02
5.688624921150759600e-03
2.050038723521332637e-02
1.020462901967644428e-02
1.636686820055540184e-02
2.670672846681268475e-02
1.965660505595817620e-02
9.727706034193286250e-03
3.092375694061930830e-02
1.657864099226941113e-02
2.531291052348520754e-02
1.764492045989651120e-02
2.733211866833218720e-02
1.379572318134857922e-01
2.560098190161888207e-02
2.307631873108787271e-02
1.071702865782802189e-01
1.964107586122457866e-02
1.856489051388091754e-02
3.162601411113104190e-03
2.733845575017112423e-02
3.729489891684920067e-02
1.275242234351341673e-02
6.151983251736253822e-02
2.447166693971789334e-02
2.539551945859488263e-02
1.915757249774200158e-02
1.897442865447365040e-02
1.549764064266391170e-02
1.636765584431249324e-02
3.773285493789613199e-02
2.254301118240070734e-04
1.928200272019802222e-02
3.130724199652872713e-02
1.148987590662925579e-01
1.824493808275466991e-02
3.064974060286405205e-02
6.699448958163399526e-03
3.180676343942024503e-03
1.623627230060924621e-03
2.440612201282901100e-02
2.844136234477687153e-02
8.531343060343841295e-03
2.354194614286401685e-03
4.082521924782572809e-02
1.059858457511604762e-01
2.015757479824159190e-02
3.726374646077763864e-02
9.626848409282789953e-02
2.088913271904177527e-03
3.319311647905185542e-02
4.155592625156261793e-02
8.221898893565227073e-02
3.468690315871053587e-02
3.788779423201260599e-02
8.688067923064912712e-02
6.047515849130546961e-03
1.264567944331507765e-01
2.054631118412280494e-02
2.143815893122449218e-02
6.336722463094772093e-03
5.494559772875771617e-03
1.964140578763189093e-02
4.317322928501537288e-02
6.516138098846576202e-03
1.130686886744193802e-03
1.235873589344451268e-01
1.385109839128795609e-02
1.738033248622064195e-02
1.029603411618202832e-02
4.013690415995693067e-02
1.522964065683159868e-02
1.656420338842496537e-02
8.369244616816842730e-02
2.887289259544531528e-02
1.718971120104198502e-02
4.920540221946730075e-02
8.696127789600480162e-02
8.133690961543012590e-03
1.251599484168434140e-01
7.338247247629062220e-02
3.369675962483472190e-03
3.344478849142385607e-02
4.044615138951478117e-02
8.068600835946515559e-02
1.862889617931048902e-02
7.776512630512484592e-02
5.074045003673795934e-02
2.116302876880927358e-02
5.367487335394587056e-02
2.236343122203360984e-02
7.294914602123793099e-03
9.566364440104831168e-02
1.317122866189196105e-03
3.619307404105329140e-02
4.495141286890567273e-02
3.196185607852203986e-02
1.120770397900477944e-02
9.186823538843655323e-02
2.079936184934665089e-02
3.286424466842896575e-02
7.852431819402816426e-02
2.584530990986409066e-02
9.220264192783683699e-03
4.144764323687648300e-03
1.107394521284819494e-01
5.448094601070159471e-03
2.069507883399875417e-02
2.782538932842425899e-02
2.540235808816691115e-02
3.292206371719262614e-02
4.541680803322653559e-02
5.851353423544145005e-02
2.734167377969623502e-02
3.927286091738604878e-02
1.845653546685367685e-02
2.514421037380495938e-02
8.066874949705336861e-03
4.015722545820369499e-02
5.619002572140790325e-02
7.279367025321532847e-02
3.568467565531675129e-02
1.332111157174774296e-02
1.659972489900025244e-02
8.931008966822774620e-02
1.979351620675899592e-02
9.933574972165430325e-03
1.277061003619133286e-02
1.141450080824107927e-02
2.049625277145611379e-02
3.618108521208095868e-02
1.148984327574235388e-02
7.357058487949982156e-03
9.804842261769070033e-02
3.303844534190986115e-02
1.003774618963112694e-02
2.722760834133612640e-02
2.420655426587448728e-02
1.405039935064879460e-02
1.501385342067877715e-02
3.992487088548650476e-02
4.640822496206730569e-02
6.038481635592030453e-03
5.767113249613520926e-02
3.045315477890512407e-02
1.109963154865362123e-03
1.584760649787014114e-02
3.515117359886504866e-02
3.583941316278384248e-02
1.507327676869144040e-02
1.065082535761045363e-01
3.780760193649932571e-02
4.863747853554409306e-02
7.225774294064531145e-02
3.994219626601527851e-03
9.390281398885574199e-03
3.994944467057609874e-03
2.002061279953700618e-02
2.420132098804116116e-03
1.078761455007501251e-02
2.889902247390792669e-02
4.514606516642591383e-02
1.936950086246349428e-02
1.769152725257893202e-03
1.564071091974205546e-02
8.899876455925753715e-02
4.001707860308584969e-03
7.754923437635282552e-03
3.715928540138819375e-02
2.540856975514096255e-02
9.881999212428436638e-04
2.135144875125830760e-02
2.747802414325736797e-02
3.701660720282481248e-02
2.284268705830422644e-03
4.848851575455750268e-02
1.596838052785733500e-02
3.540984261283773582e-02
1.824560948376180436e-02
1.437038237899358273e-03
6.467674083908211968e-02
7.606389222682485851e-02
9.226662030553503535e-02
1.481553816231466134e-02
5.671477116263517332e-03
6.436739196200313984e-02
2.141338571908583260e-02
2.142106904952549920e-03
1.462772679250393809e-02
5.517148693439388740e-03
8.525759971395764983e-03
6.655796350075207819e-03
2.227039342039979081e-02
6.612533606404172315e-02
6.794076520246560696e-03
7.589389682354299137e-03
1.004273358178722070e-02
1.917904311425285280e-01
2.279267064455347408e-02
1.609694313044725267e-02
3.023589982106253404e-02
3.263945829163508727e-02
1.533599997288424832e-02
2.510644425565302512e-02
1.134500517427149829e-03
7.591671187554988043e-02
3.369357298953302993e-03
2.973643895759012223e-02
2.079672040616112327e-04
5.745691263830853684e-02
6.766041192960807471e-03
4.530242147183168727e-02
9.610762418082371972e-02
1.262562384506988322e-01
7.834551808803644213e-02
3.262180900166940928e-02
4.854770627719103004e-02
4.362224198055368596e-03
6.002620995564598994e-02
3.370797234505091416e-02
1.515215904454711958e-02
1.574160488551566706e-02
3.730651800192274353e-02
6.993358407717444741e-03
2.999902127535699486e-03
1.825352129925846695e-03
4.802188458758938072e-02
1.936306047521446638e-02
1.148568487871541588e-02
1.659579096820200106e-01
5.377527000716374184e-02
1.674669813210732244e-02
5.422796962637790874e-02
6.171733842987055241e-02
3.578677954929688348e-02
1.817491496233487186e-02
1.419249152582580976e-02
2.742268229103862059e-02
3.699279894995721740e-02
4.418177700984763506e-02
6.716642421039250438e-03
7.250431240578338044e-02
7.750028817167728401e-04
4.411891959244717415e-02
4.090590721729420176e-02
8.786863232129063506e-02
1.031218039752841154e-01
8.000561912460381342e-03
2.441238628893009632e-02
2.246675926828580611e-02
7.350294604246508656e-02
3.266497806764333961e-02
1.315735639636824925e-02
3.886097160594569055e-02
1.480678034063848125e-04
6.227476285443143533e-04
3.551304858719499941e-02
1.147007061401124524e-02
7.477090073698683392e-02
2.574466375766836651e-02
1.650847226897078635e-02
4.105358073741585678e-02
1.809188503567789319e-02
3.729337127185566435e-03
3.731478319365209850e-02
4.153757415180223123e-02
6.668954227242536448e-02
4.778790387281018487e-02
2.224240829629768601e-02
4.264671421280689934e-02
5.622240517166702395e-02
2.853008748529635083e-02
4.264919968104664838e-03
1.519254851129590578e-01
6.477612480965612429e-02
7.269115479063552321e-03
4.673619178699078835e-02
1.627435733791293346e-02
1.295229000507839290e-01
1.967639458308527781e-02
7.173385118925401649e-03
4.169962645319991168e-02
1.666614156952874598e-02
3.844432787371476062e-02
4.983490854076830234e-03
8.413383089527107922e-03
3.940698046376649166e-02
4.069969459776210524e-02
8.831808011138739256e-03
8.059139260636120211e-03
5.174778232281014578e-02
4.209725351442947239e-02
6.446268372142488490e-03
3.750093872277794615e-02
4.979986880840496510e-03
6.937961534774675365e-03
2.222752291451809276e-02
1.449294967366190554e-02
3.877957565621253933e-02
1.362886430803363913e-01
1.652796995041799777e-02
1.733290765130057198e-01
9.668230579002679015e-03
7.125118378798168776e-03
3.996025762352399535e-02
2.619181667113588963e-02
1.041393843036912854e-02
1.029609019179594798e-02
2.283915781044185828e-02
4.955701816764278463e-03
3.544652899901900439e-02
2.282771755826797262e-03
7.760296725867754652e-03
1.996354538445449522e-02
5.366472333515810191e-03
9.025608035361487591e-02
2.211570146893778593e-02
1.723206567241409096e-02
3.668854882585691635e-03
1.159516099506588405e-02
9.742730037169539808e-03
3.556296061033718814e-02
1.415899441704610018e-02
3.340109509647262720e-04
4.737390651914005768e-02
4.463143126337595218e-02
4.257903691042147498e-03
3.148171842137413579e-02
7.302718993673062813e-03
8.229598286354696327e-03
1.446043220475488889e-01
4.980774378128614843e-02
5.571274194947570951e-02
3.136258703639178691e-01
2.596210388118322387e-02
2.569541534945706668e-02
7.715134048683836704e-03
2.899254661645629672e-02
2.919681011330091391e-02
7.792016088463426821e-05
3.644985285570835620e-02
1.251358970139775095e-02
3.045172477523289123e-02
6.848848377495086667e-03
1.164689236460302209e-02
1.125358713423832147e-01
4.788439033478029613e-03
1.000912547543835324e-01
3.677451432896255978e-02
1.127310655029448994e-01
6.164400775308393442e-03
5.848667640517878422e-03
2.494027990009814108e-02
4.913398121368067056e-02
2.281874129178686553e-02
1.854362570411875050e-02
9.883615104766321768e-02
1.203708373016206326e-02
1.200136313220225709e-02
1.265082071771307659e-02
1.826351214609402487e-02
1.632064857171189320e-02
9.071504871623133071e-02
6.676639093120860687e-03
1.088442321680492958e-01
1.244362551257739979e-01
4.278189094070662668e-03
3.863565832664993954e-02
3.886063791878442003e-02
1.808931660180372603e-02
2.890727787422026074e-02
4.584413033140583016e-04
8.302566008473535875e-02
2.252895364200258044e-02
1.873523011769195890e-02
1.077766367717143264e-01
1.653235488911448947e-03
9.095305183168286844e-02
1.516033574839368561e-03
7.934261878683396274e-02
7.842682202173689721e-02
9.678591442652970112e-03
3.667678065239220186e-02
1.192955547448021347e-02
5.509217023345587549e-02
3.119834149575541338e-02
2.295469317097126316e-02
5.060734915941896006e-02
1.215494322241984365e-01
1.831991793834331431e-02
4.099806034051824144e-02
1.764851895340072141e-02
1.819249636798894038e-02
2.380049348632783199e-03
7.538712223028987136e-02
3.947539870253451155e-02
1.775240200332066365e-01
9.828176868766888563e-02
3.385925869199695598e-02
7.328481457141018153e-03
1.318059853506968124e-02
1.559565056433120933e-02
1.898130601412329269e-02
1.423030488389305341e-02
1.238719803773764699e-01
7.492196416440064302e-03
1.149370105464601888e-02
1.172448207341989651e-01
1.981786729154566898e-02
1.057995204927895949e-01
2.692078007338948031e-02
9.501185169844313105e-02
6.757804428064720370e-02
7.427137453334814454e-04
1.106449528157386897e-02
1.075214889374137561e-02
1.396878038314193493e-01
7.467446897361111613e-02
1.750663049551179004e-02
6.540150578736877995e-02
1.622344431118204200e-01
7.543806072915029692e-02
3.955617126365038039e-02
5.536231800153385008e-02
1.968067577739826893e-02
1.537443159280265509e-03
6.083697709712942991e-02
5.168773732109634839e-02
1.909451585261334183e-01
1.496022311700177451e-02
9.261633133359150130e-03
6.503344473176937701e-02
8.590000629005249341e-03
7.783911823260816418e-03
3.363559094383490600e-02
3.826579663880801119e-02
2.145000620920801959e-02
4.065129407366335768e-03
3.688477995256952274e-03
1.578550654416106813e-02
9.704688742424878029e-03
4.618205377658771149e-02
1.249369333622266098e-02
1.093439882776101463e-01
7.735544982932870961e-02
3.291371171186569661e-03
4.505818464742035456e-02
1.778978972260711680e-02
6.301877961349636181e-02
9.087487478781464123e-03
1.882830585909153059e-02
4.740657674562043233e-02
1.297163427276087078e-01
2.050878266824849444e-02
4.074572130333429382e-02
2.496506354774462658e-02
1.848264852827677385e-02
1.870898842078340743e-02
7.121092135411816182e-02
6.587529232381560129e-02
8.435741501085677885e-02
2.295274471545870679e-02
1.183095667170828980e-02
5.538518912004287975e-02
3.065576602103357168e-02
2.332082358331149727e-02
3.260304455836535859e-02
8.981248312676600593e-03
4.444483097862011317e-02
1.710152491720394463e-02
1.872019404329669512e-03
1.791730084300704670e-02
2.001108106913476042e-02
1.325609225103391124e-02
5.297491768544215773e-02
4.738959029225525699e-03
5.797892463343990582e-02
9.941189401866709630e-03
4.799367839358866655e-02
1.845736369822181810e-02
1.359799766208018117e-02
1.294217481062334696e-02
1.224365962196896640e-02
3.376733325615885462e-02
9.459833562677871788e-02
4.329858161446116516e-02
5.010240156085197724e-03
5.497139249411908506e-03
3.164906723951997625e-02
1.824366115576738293e-02
2.151692409703220149e-02
3.703465611276418601e-02
7.465113702695913567e-02
3.964655301930435777e-02
1.102273485877217248e-02
7.333760285472426532e-02
6.017236315050572548e-02
1.267762531284586693e-02
2.658231579328339950e-02
1.282601948439743844e-01
4.511521607919582316e-02
3.004784644676239402e-04
3.136276527777540762e-02
9.915342728756035284e-03
1.895127289789563796e-02
8.770250301059771825e-02
2.741555366838478031e-02
2.747161785601225786e-02
9.747793260501149554e-03
1.507540432539744915e-02
5.728475144900775640e-02
9.026022587600639885e-03
3.167286172597500588e-02
2.193162376350619308e-03
1.448756293460316466e-02
3.913822134751061832e-02
1.530487159504964959e-02
2.189954035482426231e-02
3.026751311618526216e-02
7.728898262156311955e-03
3.513065526136241457e-03
1.414599538947066901e-02
2.952532815403738353e-03
1.625551375742173565e-02
2.618077986079290764e-01
5.903916278005834350e-02
4.080478986113385623e-03
4.025277072639955878e-02
4.915152034949524240e-02
4.810192363653860957e-03
2.091561434790823598e-02
1.082396142082265728e-01
2.990443588978022177e-02
7.737634655460021507e-03
1.128789431956148635e-02
8.546228450858023989e-03
6.026692203539743553e-02
5.175390436061676896e-02
3.852375888237797447e-02
1.484496447539005413e-02
4.815512870315764860e-03
3.112066682572914994e-03
2.183053511151852172e-02
1.765724397992530365e-02
9.003200581558248872e-03
2.395229365084301787e-02
6.229275615658034365e-03
2.503701920560713959e-02
1.233285390310758650e-01
1.255558278407283880e-02
3.637683108637058960e-02
1.185144696942647298e-02
8.457705776381627127e-02
2.774455433939568630e-04
2.954186020226080150e-02
9.614302806257357670e-03
6.734760965245209507e-02
3.361185024503621221e-02
1.223846964533430344e-02
2.033794614912287288e-02
2.655649868303722183e-02
6.514484546715094276e-03
4.277677532811136746e-02
1.742504063415597770e-01
1.724456514921849509e-02
4.652932820364767685e-03
2.084611800898860182e-02
2.978756135281088874e-02
1.326389466162592942e-02
1.512259943780883825e-02
3.855506414759508893e-02
6.640281232886069418e-03
2.471284820717841585e-02
9.256936398336027688e-03
6.485640529292202583e-02
1.446983274870242663e-02
1.005711409800541349e-02
5.404729970229530008e-03
5.729528295453272316e-03
3.646998737953160985e-02
5.627250573614633183e-02
9.342877819682769008e-03
7.872591561749331390e-02
8.800138224686175625e-02
1.338399938973192649e-01
3.722446096743395327e-04
2.689178563074763606e-02
1.182747449974735909e-03
3.509919526956944286e-02
1.722924271797647219e-02
4.966524901462034819e-02
1.366064615993546616e-02
2.866862845964218004e-02
2.566456050663401198e-02
3.325465870432102455e-02
4.253128768101410717e-02
4.753748820722639504e-03
4.315726745582823543e-04
5.257572433826804281e-02
3.355598825890811210e-02
2.887855952994360879e-03
3.349481049323532050e-02
7.884741125229098591e-02
2.841345091663668304e-02
7.115894501017066588e-03
1.730817646493770789e-02
1.170654866976976460e-02
2.837845995547746969e-03
1.532895779088072272e-02
2.193006976735606406e-02
1.790546859156480833e-02
9.821715127321839489e-02
5.401522468045871772e-02
1.090831775345000101e-02
1.676434053872564653e-02
4.931877570331161253e-02
3.787782904264368894e-02
1.168096469211858147e-02
5.579015726907902463e-03
3.551348083241621933e-02
4.532888036225118239e-02
4.546890078437081095e-03
3.740164541272052168e-02
3.052840175790632118e-02
1.885007234828529887e-02
2.605040483420083264e-02
2.334719443613442191e-02
1.431829413853816929e-02
2.026170553139924543e-02
1.182391864962226841e-02
5.685831080630518453e-03
5.341828716273286370e-02
1.599202394560091806e-02
3.909418401808813920e-02
6.416930396299781736e-02
1.272839282199710736e-02
2.913607842426989974e-02
1.271017844251157158e-02
1.366640196696896140e-02
3.397549836978674270e-02
5.580568836654474507e-02
1.710839281212117591e-02
5.097311655338201963e-02
5.369851266004400242e-02
7.980088784302678817e-02
2.628693198657115065e-02
4.926949270636370865e-03
4.066424541737102133e-02
5.676682920528623721e-02
3.158665044253229637e-02
7.336835149997801564e-02
5.163699486478896122e-02
7.182792380634617918e-03
5.734584963446715672e-03
6.187198416001050971e-03
1.372387531236548414e-02
3.036286038058631787e-03
4.542506533381705791e-02
2.744275247142319296e-02
4.781976793595672098e-02
2.596380301097698379e-02
5.355767979782655175e-03
2.968394114735609102e-02
3.680934424504257035e-02
8.164318599594100334e-03
1.258055838912376379e-01
6.795648998992220857e-02
1.193878950358759870e-02
2.965704801139506380e-02
6.781254776230813408e-02
2.330551461680697295e-02
5.704151761786095676e-02
1.083803755956758846e-02
1.910544923266689274e-02
3.715765069574683555e-02
2.606069968259290201e-02
1.249728342683900234e-01
2.041289716543055743e-02
3.519230477869174367e-02
7.893521983282067445e-03
7.110331117988044625e-02
4.173644552877306402e-02
4.820156901509253800e-02
4.894969733816306734e-02
3.280687488270346563e-02
7.260899893741876859e-04
8.942421103396359927e-03
2.342864822026226312e-02
1.416181786317699705e-02
2.125951069680075828e-02
8.352103865912636343e-03
1.394649757707171200e-02
6.972504181684086033e-02
8.367274094719056449e-03
5.085690774246325388e-03
4.926152930073041808e-02
1.011581900644162660e-02
7.418086607212512340e-02
2.791026122797503339e-02
3.834855629598776794e-02
2.720786893248394039e-02
9.306865872563040154e-02
2.250698825591989499e-02
3.265013542433498062e-03
1.173110006666180927e-02
8.706865856950206373e-03
1.087151052806418772e-01
3.999122874790686510e-02
3.629717011896164969e-02
1.141257945363668633e-02
3.044351224792360769e-03
2.863381743145248723e-02
7.484007106652840191e-02
4.828205944546179462e-02
1.429474937636434489e-02
5.147499356430300377e-02
2.291312868501108740e-02
5.345482757398350993e-03
2.915761402206613895e-02
2.271730021314950776e-02
6.592620052150791055e-03
2.019499150997946732e-02
3.806272774109729917e-02
2.187053773410049459e-02
9.107752409980258285e-03
2.258656733771894146e-02
5.658594960165595766e-04
3.160802547946851143e-02
1.390764401045263901e-02
4.849296042332548740e-02
1.786810269754565347e-02
2.941308602837654218e-02
7.363323249855532882e-02
7.101766158186856304e-02
1.247069872476163320e-03
4.667256277758905121e-03
1.736505009680848477e-02
1.785828829792866779e-02
6.681988575336410274e-02
1.039442690958778358e-02
2.289602345486141041e-02
2.680244280342307384e-02
1.181228804406564761e-02
2.416022591793701157e-02
3.748948892910324016e-02
7.291756055622580779e-02
1.131992391775148848e-02
5.024661707632042951e-02
2.293502866926712402e-02
2.792359642629999028e-02
3.845517952451502769e-03
4.304377223073548031e-02
1.368798796932110991e-02
6.927209218859209372e-02
7.272131268127540391e-03
5.440395455061808327e-03
3.029262934457390560e-02
2.658455156500832625e-02
4.783172482314350382e-03
1.782564834176693369e-03
3.664853922226575522e-02
1.190452901323912904e-02
1.426489439862115363e-02
2.123985631745834574e-02
7.528335443747480316e-03
7.352574347201379368e-02
3.052835163660670356e-03
1.547028546897643783e-02
1.411703265051968657e-02
2.348816899673418501e-02
4.425712837541590644e-02
2.023796210027099807e-02
1.569310595425754684e-03
8.413038996715069273e-03
3.316833084678180027e-02
9.959570043598186748e-03
7.768505230428962571e-04
9.529082398184593461e-02
1.349272619919696103e-02
2.317837958776367696e-02
2.071439295167705474e-02
3.386073809473436058e-03
2.798010793003558039e-02
7.789362143647178549e-03
4.303119142931153412e-02
4.018828102720891499e-02
2.851850828514267133e-02
1.532213582036218505e-02
6.861119026153798817e-02
3.439829147112542090e-02
3.573982548445198831e-03
2.001159390223954809e-02
1.666049885298250335e-02
9.588403630163794267e-02
2.896361495177883841e-02
3.733192776783011285e-02
2.176827046944870836e-02
2.942964047244221032e-02
1.666137850252040475e-04
6.470801057698374881e-02
3.100199216379438683e-02
1.171108995257628786e-02
2.272519219620858927e-02
5.963350932246621987e-03
2.645747594387826661e-03
1.363053639229442650e-02
3.795510025896389056e-02
9.870572072611938363e-04
2.197064614410471420e-02
4.487250155111759120e-02
1.423380520768047913e-02
1.184718302601139514e-02
6.210483797936795780e-03
1.980824830374990075e-03
2.806163470736364879e-02
1.881339544205676978e-02
3.253312576215756924e-03
2.285820209956862872e-02
8.801328623225936065e-02
1.808155597224541528e-02
1.858192960678719738e-02
2.630627285673547977e-02
7.892005486692063934e-03
8.643666811162141472e-02
1.544485998580068069e-02
5.889643141500092854e-02
1.568999558416785678e-01
5.961278596985370402e-03
1.326159084279481676e-02
1.166805586475142334e-02
2.597706902987659966e-02
1.120477783074063857e-03
1.472673359084233219e-02
4.735326056376690414e-03
4.814284120297254201e-03
6.773785596793428961e-03
2.734465525294296762e-02
2.643404781203222836e-02
1.604437255196652923e-02
3.711309953860007088e-02
5.601500730353063673e-02
1.889150149775157411e-02
8.951822683807581643e-04
2.949206275439622549e-02
2.189753878868144765e-02
2.528761155104252822e-03
3.346364599371946802e-02
1.225771797561132741e-02
3.093790905851966436e-02
5.790492736034337506e-02
8.780950012566596241e-02
3.392389585242294031e-02
9.553154996866677212e-03
7.507645503583582069e-02
1.150844878131589491e-02
3.657804832467242279e-02
3.616362230083361440e-02
1.714453676119938666e-02
8.130342764045875303e-02
3.187256168325587266e-04
1.084939428786920249e-02
6.051155233029202607e-03
4.930007473674113960e-02
3.577656530751930491e-02
2.500430589384262242e-02
1.166585321577749690e-02
1.776669950508240337e-02
5.435172125168053273e-03
2.297227941455703970e-03
5.878735207782892491e-02
2.969917295883106947e-03
1.551797478862600166e-02
5.616467845228133304e-02
4.156459071187540433e-02
5.955800890258291375e-03
5.238762556324230713e-03
2.388883609748378156e-02
4.108397815809271270e-02
3.334184529238490291e-03
3.715049403417956808e-02
2.125377001237705593e-02
8.741505860832288199e-02
8.400353802517607216e-02
4.964368993634095395e-03
1.072865497974221510e-02
5.514131871215380981e-02
8.508740349769051275e-03
2.010976398262978929e-02
3.941871706551382942e-04
2.196622313897219833e-02
9.072319564978825746e-02
7.052581730913038902e-03
6.216694757287893891e-03
3.020640964697216338e-02
3.514221425274197119e-02
1.738621754576841205e-02
1.309483439828635493e-04
2.126942850305358484e-02
3.262611836375078900e-03
2.212079384407029947e-02
3.255306902638858968e-02
2.477508206828510709e-02
9.028308429494150134e-02
4.334153356865891316e-03
2.587268932589584236e-02
5.658629547725557707e-02
5.307344349050349686e-03
2.961252775111476720e-02
1.421134923490212712e-02
1.041892914250499985e-01
5.874456125610709456e-02
2.621622715397317269e-02
1.124108742520026766e-03
2.835131981882223901e-02
8.052620816610117638e-02
5.966615365089938949e-03
1.195673676158633125e-02
1.287710910840873801e-02
7.733459334500203397e-04
4.516838476167538141e-03
1.314724191528865091e-02
8.479808831548497905e-02
5.333357971407852449e-02
3.686356846248135810e-02
9.079655528431500658e-03
9.799168818058531100e-03
5.295374348187216473e-02
2.417172686229332457e-03
3.468246671891825079e-03
3.000150539576073097e-03
3.665698729277851436e-03
4.178463726654958743e-02
2.319981974410158590e-02
4.677066246875716260e-02
1.931124024147417564e-03
1.340486621805651521e-02
1.506514657522325593e-02
7.514895374570099151e-02
6.315986202572637653e-02
2.881549126975871400e-02
1.670872420787474638e-03
4.498606032444232850e-02
1.691816339424728755e-02
7.816767277294632207e-03
2.325561163113279428e-02
8.513203616954533037e-03
9.655907129759015717e-02
5.609504301514217639e-03
4.259323339825775434e-02
5.223238737095092094e-02
1.206233099721938651e-02
5.654510851944823460e-03
9.870680864889057674e-03
1.766544251571564028e-01
7.007441418116057419e-02
7.151974176081855872e-02
3.348392801447890726e-02
1.980702329107165288e-02
1.248006221201034133e-01
2.219889042994110245e-02
9.615068757281013123e-03
5.299135487163125768e-03
4.041251238354710146e-02
7.129955569943308147e-02
2.725228057082604294e-02
1.892424592368925282e-02
1.064644448901726562e-02
2.204054022724235423e-02
8.587815434121973124e-03
1.031768393414887047e-01
1.279006664444582997e-01
3.766914859288738454e-02
1.178907647677014392e-01
9.862879665523169304e-02
2.009701831365478392e-02
2.392616647585443790e-04
5.306831527761415868e-03
1.690112281903666247e-02
1.615281586083795046e-02
5.531937667318963768e-03
2.511037670745478595e-02
1.079188387745246558e-01
1.915900610894584466e-02
1.436889574633635862e-02
2.008517333715602315e-02
3.103363024573919104e-01
3.721307841382668485e-02
3.920139330929998250e-02
7.861947353970050179e-02
3.260964811834182742e-02
6.661020438299616875e-02
2.500640018291359901e-03
6.994870057508559280e-02
7.342739705789835813e-02
5.216749009632607598e-02
3.379306058252150302e-02
7.446881387094289595e-03
6.071500071524878195e-02
5.891996060585130007e-02
6.543020103907531970e-03
2.625423051059140242e-02
1.160045472750101947e-01
8.476040776463782123e-02
1.583499268531882512e-02
6.767987731799407491e-02
8.824682627887772690e-02
6.435211075145053083e-04
2.679001083276025263e-03
1.362332703013156149e-02
9.776531250839262666e-02
8.480242527174701450e-02
4.245377846163342350e-02
3.888494483654399841e-02
7.628158878085999905e-02
2.682991758161396012e-02
5.883877095088954623e-02
6.315274742787491125e-02
1.042319922359839501e-01
5.536560918592184355e-03
2.508404855441652773e-02
7.526360507502195818e-02
2.489095125146715062e-02
5.307405008995291773e-02
1.221481810872591250e-03
2.000778255039153963e-02
1.085956627236080163e-02
3.372195151358354376e-03
8.608610885682651398e-03
4.766384398358033958e-02
5.322283516778465208e-03
1.277289422267906954e-02
8.669598028809649692e-03
1.570984725833211859e-02
1.200014843814830173e-01
3.788484719882309615e-02
6.694347826980564554e-03
4.429879490565100802e-02
4.101379271141724486e-02
1.484613739356706839e-02
3.260479829999129997e-02
2.388570568468367447e-02
1.490154874493100079e-01
6.715676124446005868e-02
7.625691122884964424e-02
2.040577114294829172e-02
8.606219607333528976e-03
9.726510072683069996e-02
2.501163064589729743e-02
1.387044084119704312e-01
3.545670335853505495e-02
4.741911633725217831e-03
3.941115954673463095e-02
4.124203919107389399e-02
3.976539018460674424e-02
7.300621791136746586e-02
3.696184963387733058e-02
5.628424783573018897e-03
3.249769213799612571e-03
3.691046607636617322e-02
4.066965310924387789e-02
2.784433511936710778e-02
7.442515477399450075e-04
2.842071045673780563e-02
4.383112226552217383e-02
7.012809123920771270e-02
5.462762343402691179e-02
5.505098433839616945e-03
1.027593972030882256e-02
4.615489149034825156e-02
1.152124029167977959e-02
2.990437030564607052e-02
1.816535554606635988e-03
1.101848710769309514e-01
3.331660000801132948e-02
7.931753231700892914e-02
1.891401491955356784e-01
5.053777668201549222e-02
5.809858116208530682e-02
5.679965534930219578e-02
5.651851161911476684e-02
6.932551475936032936e-02
1.538995726484768123e-01
3.289244548254022238e-03
8.879718286974587482e-02
6.104894269286038899e-02
1.323674534199849664e-02
6.891931440340612336e-02
3.055287586773508535e-02
2.890021443418329394e-03
1.658329700996636485e-02
4.792882100722641037e-02
1.397187660360525198e-02
2.014124836578910782e-02
4.125342300610705323e-03
1.417177113073157541e-03
4.559045251008596138e-03
4.935312748875543554e-02
4.615754540959824369e-03
3.051533858717148107e-02
2.581184949258824579e-03
2.630306575651415041e-02
9.049003901856266657e-03
5.155681734082448106e-03
3.387068982464903899e-02
2.897559490545156130e-02
3.305466665346777633e-03
3.867782621290533074e-03
1.691598993950790830e-01
2.476172310129976309e-02
1.086711800828332602e-01
9.676080342842159621e-02
3.302219413749096083e-02
3.932710837240763202e-02
6.126684397649525410e-02
1.181624189677315390e-02
8.048711319307874645e-02
1.057323433743244251e-01
1.906698565346397894e-02
3.839852866247625562e-02
1.152718378025041485e-01
1.944718889483373556e-02
8.067743532055612725e-04
1.102453815363114466e-02
6.532994856223672125e-03
3.527666669219825524e-02
2.985144489335206375e-03
2.158548769218312895e-03
8.856794986673237335e-03
4.306553680601892670e-02
1.059766700023180575e-02
3.556662060034808392e-02
5.226128802213679536e-02
7.440726490893292966e-03
4.718372969175793630e-02
7.637429437060551211e-03
3.943137384632609821e-02
8.338544688900353247e-03
5.492365684237166673e-02
2.417932955030056841e-02
8.782688344954076021e-02
5.491389963235920879e-02
2.018958565600905558e-02
1.551111372567918756e-01
1.970938847098886726e-02
6.458336484180586534e-03
1.103289735616867079e-01
1.690559317102295622e-02
9.529944472530722799e-02
1.908399106623168973e-01
7.872550780993972652e-02
3.083357991699395284e-02
1.015065715033109522e-01
3.246239035180861765e-02
1.371853464933210989e-03
9.256534211189510614e-03
1.449486954036080348e-02
1.984698894456373222e-02
2.711554066610099428e-02
1.854222177866272220e-02
2.203422135917147695e-02
1.191988154437642958e-02
4.793635914932178888e-02
5.849154653983389823e-02
1.139879943675805966e-02
2.183572500197514255e-02
1.436560768087785309e-02
4.977448805083559483e-04
2.331955181030088281e-02
1.561369246601085337e-02
9.795624988723269227e-04
2.121049421762422060e-02
1.106458205305571180e-01
5.693286408019878481e-02
1.025829905826955435e-02
3.084508044657159262e-02
1.395341064849880269e-02
6.951756350978627319e-02
2.976410608302580002e-02
9.010397661819188886e-02
1.739381410589361243e-01
6.124354280524713090e-02
7.157915858217399341e-02
8.324252560670981904e-02
4.763961193250539072e-02
1.431438787734508680e-02
2.003367766106048387e-02
1.328401570924573824e-02
1.954266494953501437e-03
1.055600630662703251e-02
2.435781831492082536e-02
2.839872994943182238e-02
1.384978643011985922e-01
1.020404248150057203e-02
1.066552135413637373e-02
1.350809978484243112e-01
1.787102412190776785e-02
4.215635083564353569e-02
6.255541603298364617e-02
3.847977167478857513e-02
2.464221846520170400e-02
5.360522103170101138e-02
3.159012531340297386e-02
1.395778461590626261e-02
4.714480346386619447e-02
7.644680242229293099e-02
8.273733276760665556e-02
5.752696750761458755e-02
2.888716055190311549e-02
1.134670661996566299e-01
6.240346618841451955e-03
5.233498983607584587e-02
7.055566403684802868e-02
9.208864672848261768e-02
2.815317480926241012e-03
1.384530214565112341e-02
2.377878288273221549e-02
1.763933059866990352e-02
7.778144826469793327e-02
3.202547095226286611e-02
1.685139209743043241e-03
3.645034311013452960e-02
9.518906147878428148e-02
5.456275405395730888e-04
5.372205514834016427e-02
1.091555932353565836e-02
9.004198230878363018e-03
1.313073725564258554e-01
1.600349524224028985e-02
7.699158098174679887e-02
4.231914537983350044e-02
5.496442249044940914e-02
9.908022344972600148e-02
8.336833420734010222e-03
8.701531156591593708e-02
4.198960390415644450e-02
4.226956971094526436e-03
3.987850705871700402e-02
1.284648168526947853e-01
4.738979554591311177e-03
3.038733040413447301e-02
7.586116232429850059e-02
1.008469485200156057e-01
6.022659125712501171e-02
4.277649768352338039e-02
6.738772073954987785e-02
6.920240835587074257e-02
2.357557357380280633e-02
4.769201861561486733e-02
8.485142771476310297e-02
6.792438565092819014e-02
4.532173221798919960e-03
3.680521653798304177e-02
3.799182168605848807e-03
3.810082145094091655e-02
9.757561303356851456e-03
1.380453002282789124e-02
6.866089885433170059e-03
4.158648332986140950e-02
6.637853569220128480e-02
4.550226764908879562e-02
5.745886778428953290e-02
3.529710141838661441e-02
4.510678407338881285e-02
4.308126279338215375e-02
1.287874993081892724e-02
1.331443471862251149e-01
1.849035707803968476e-02
9.880154676966110272e-03
1.599615075004090850e-02
1.302510549964037145e-01
6.515910582499676723e-03
7.721128089263631922e-03
6.346067602212765446e-02
2.600174803139806284e-02
2.898233008327556412e-02
1.543026319344852938e-03
5.612830739234048877e-02
6.299761723006362668e-02
3.912600712651623930e-03
4.048329983386477621e-02
4.685130070891889431e-02
2.094510019760530833e-02
1.449780952266618329e-02
2.576403759369046836e-02
3.215906562501823218e-02
1.638454457797991915e-03
2.720429509633196657e-03
9.585859104800434349e-03
8.248152322783777052e-03
3.727884142309359494e-03
1.224956228961321114e-01
2.690923936168036767e-03
4.367402384112293451e-02
3.371564291583087347e-02
1.937333805260560426e-02
2.393575630619423564e-02
5.099665103806350075e-02
7.119615406408377756e-02
2.793766248268890473e-02
1.345347382462988572e-03
2.345574156378740262e-03
1.171352179176292085e-01
7.615461448341073053e-03
1.268543839140715696e-02
5.763011558109574356e-02
8.252567556946185934e-03
6.736778655998347520e-02
2.293995937996650553e-02
4.003851497809074456e-02
1.444151659337976519e-02
4.862353433939788777e-02
3.400930943395970296e-02
1.523490095263795863e-01
1.862022986491825363e-02
7.162198231517886288e-03
2.521928146820978656e-03
2.622373961217121588e-02
2.920857730294407206e-02
1.804075779372445176e-02
5.327250831014447574e-02
3.029003411824021663e-02
3.496909191403868578e-02
5.372402138958540241e-02
1.297586407801467126e-02
7.246429180395129455e-02
1.048010231957636346e-02
9.161935176274310644e-03
1.973332287542910873e-03
7.390496662433156116e-02
2.726607568529553632e-02
4.932567007885010901e-04
7.131701683461080972e-03
4.193252915076838699e-02
1.244485353255556960e-02
3.719304373931180824e-02
3.386904623681265963e-02
9.642700621818676987e-03
3.578273804505491262e-02
3.175471840736975027e-02
4.197136922376069890e-02
7.628179242601221266e-02
5.359204456741447839e-03
3.557065127909333352e-02
6.520928609186728286e-02
8.378409814310129600e-02
3.104821615542041613e-03
7.760184767232987044e-03
1.991246056782730242e-02
1.069432733148042991e-02
2.325753486862050523e-03
4.138615835940885612e-02
8.826663931681636571e-04
5.738331756898611830e-02
4.984095627232251052e-02
7.220234386050269904e-02
1.701438299117789821e-02
6.064744312846886282e-02
2.157785401690165764e-02
2.902018367567475721e-05
5.765764629191857948e-02
3.838809235899014877e-02
3.045208815174554884e-02
4.517818158590328204e-02
3.864942228609233310e-02
4.592301202550572170e-02
1.603021519398281358e-01
1.085158861704221475e-02
1.835613675640962103e-02
4.141371550626049558e-03
1.875549628569764954e-02
3.649481026336159201e-02
4.428376189357933340e-03
9.348843142428783087e-03
2.326264231896477044e-03
8.511450054901309459e-03
3.136691011241142524e-02
2.350334936129216956e-02
1.667837026232686301e-03
3.308463317919127511e-02
4.523775924879095550e-02
2.894582331220224569e-02
1.967447088694845511e-02
3.682813073872542864e-02
1.537606233341638588e-02
2.627626510693833323e-02
6.303756795907755617e-02
1.212248797024483571e-01
3.104593377937409776e-02
7.510125867707130587e-02
2.169642828807908166e-02
4.373184073853841891e-03
5.774251788942949375e-03
1.380401963302722301e-01
6.848435196156130167e-02
3.169719068362132630e-02
1.882106583641689201e-02
1.651901669680717888e-02
1.070605058491960609e-01
1.293815879655712577e-02
9.319002555916285069e-03
5.302250691235230184e-02
1.843641388263318748e-02
1.021169604864280607e-02
1.183026062493899161e-03
1.173275019648722939e-02
2.515390989966581961e-02
1.558734310748612767e-02
5.091057971251641834e-02
4.101563851060834043e-02
4.409887155883144205e-04
2.966507570334303914e-02
6.177382838749165966e-02
2.361742780575943126e-02
7.894632765235540250e-03
7.608296485367511963e-02
5.041231269159236750e-02
4.664271926829040987e-02
3.291544759461777214e-02
8.051982204234910123e-02
6.680301050883091785e-02
1.225924056124778373e-02
2.344513470361839561e-02
1.157622546289716232e-02
4.173786252814850467e-02
4.168235351458134119e-02
1.363193534938234378e-02
1.093488270414185587e-02
2.921077718154176453e-02
8.573872262807345074e-03
1.699944459930144425e-01
1.485496285911982496e-02
7.963555885742285706e-03
6.630270113591830126e-03
1.695078245078843887e-02
3.181323207357749511e-02
1.837089572842698360e-02
2.030788585660797674e-02
1.016132980210547876e-01
8.810340406633643262e-04
1.458859818120228080e-01
3.417032189092875788e-02
1.703677959614194326e-03
1.801283871251409263e-02
1.581893752148636617e-02
5.339083973517162740e-02
9.565518854093395251e-03
8.036071784803661133e-02
6.043105661973657144e-02
3.113325447015187486e-02
3.493496652673360597e-02
3.606388423091687334e-02
3.678075080559967125e-02
3.904447263806713579e-03
3.710556965697307114e-03
5.260311218308652559e-03
4.634662788022573740e-03
6.570230763562327769e-02
4.041201957773827430e-02
1.676229976974680236e-02
2.607338008138861823e-02
8.280804413175392453e-02
3.299469156460176078e-02
7.902958325127829031e-02
1.202328710314817806e-02
6.464074591711478635e-03
8.368389962577070518e-02
4.810843280589032628e-02
1.626592068334020008e-02
2.147453701920904248e-02
1.412035315245204758e-01
3.777063112771570502e-03
5.695029295724509527e-02
2.840761787090699715e-03
3.162347811247357299e-03
4.278583931474275182e-03
8.661104858035333087e-03
9.848443930420253123e-02
3.133588926268372765e-02
1.288734461690396738e-02
1.004633890728870577e-01
3.650472055104782808e-03
2.021430685823418644e-02
5.248764780593925122e-02
2.444020035261533497e-02
1.503938244398983146e-02
1.255374690473803900e-02
1.670907819573907299e-02
6.966397473331040202e-04
1.140465633472929063e-01
1.000137049414211859e-02
3.299354513610726347e-02
1.639378666154678657e-02
5.858429650816616985e-02
3.734899132543509359e-02
4.477826623765900071e-02
1.726134048643628363e-02
1.061335551172255462e-03
9.274197633733224921e-02
2.529133848218159328e-02
2.657996294275496475e-03
1.192365657613935793e-02
1.301763851676331074e-01
8.724349427192405748e-03
4.806079939348777141e-02
1.057713844046352485e-02
2.152603801088491531e-02
3.173934399054133271e-04
3.000100726233410203e-02
9.410093175329162229e-04
1.203563719111326070e-02
1.139874660743557394e-01
4.113754127259822146e-02
3.488791564243680192e-03
1.297424750338625147e-03
7.550984123680171134e-02
1.333678028523785884e-02
7.091080367976647369e-02
3.812327733620221593e-02
6.282814521364176938e-03
2.557482826243683699e-02
1.002748717248258190e-02
7.861131150032547518e-03
1.295158510669830801e-02
1.987249814353558158e-02
2.818630279255162491e-02
5.823489037767418802e-02
2.728086416252700069e-02
7.023552380897249425e-02
4.167291443037812737e-02
8.399813378451605195e-02
6.473624337793341954e-02
1.200644610302276961e-02
6.500230010718910639e-04
1.618527058492310045e-01
1.569961293765403595e-02
3.832910609569535609e-02
2.788648285215426098e-02
1.175845512204463927e-01
2.191544686564600442e-05
2.900043060377353876e-02
1.080122753656830373e-02
6.656803229414474596e-03
1.389661677605855961e-01
5.600122628222346799e-02
8.372521557890351060e-03
2.043241426850916226e-02
2.082245032120789291e-02
4.184778143950105417e-02
2.169297492294957556e-03
4.105653534751439737e-02
2.381916237099064235e-02
2.868273512008817638e-02
2.640625281005726244e-05
4.955505503924521188e-02
2.070284168330632779e-03
1.059812648528302426e-01
3.740839130529170775e-02
2.873185118602746002e-02
1.946590428671588630e-02
4.707011255494459451e-02
3.287505849309110134e-02
4.531026868202193275e-02
5.025348232065587895e-03
1.158343100899899072e-02
2.568113315835379371e-02
8.485380046729056047e-02
5.013027075056943060e-03
2.688088403516748076e-02
5.839925986652912127e-02
6.905838035948393128e-02
1.001438315563332737e-03
1.718718892772738704e-02
4.563992413245514246e-02
5.730285942724920589e-04
4.867945734655765994e-02
3.590946312497166060e-02
1.311620333917098286e-03
5.632955740723685767e-03
6.863935045171029592e-02
1.027423553011671403e-02
2.185297488729587290e-04
1.852571114655318305e-02
8.533398787529835813e-03
3.789911323304021723e-02
1.902553912373284792e-02
3.988375851243516207e-02
3.914347082337502580e-03
8.662185913818853944e-02
1.897169113655596678e-02
7.544874237575442850e-03
1.428988913593311205e-02
2.667442445707996629e-02
4.736616751104727810e-03
5.308295792703390803e-02
8.223921631540190291e-03
3.078355755772674979e-02
7.042880054926287103e-03
4.578985641511482130e-02
8.275053642968920389e-03
1.709673628728934636e-02
5.743406801091069380e-02
3.155026155158503764e-02
1.892119283492519483e-02
5.319395314322064583e-02
2.504986185056567310e-02
1.282053740240263195e-04
7.434583816456774574e-02
7.637978533710923501e-02
2.839808435808357373e-02
1.092475577845167939e-02
2.216957416131879605e-02
4.726117205680113731e-02
2.184323244038782405e-03
3.352238063495244225e-03
1.540521975075616334e-02
4.231544940921587450e-03
4.932566035488165912e-02
7.192900034929869402e-02
4.550562783604132286e-03
4.645147660340497031e-02
4.504427141087456038e-03
1.218026977555513972e-02
2.044977377068806987e-02
9.104761689654505830e-02
1.107327729142561223e-02
1.048873196856866807e-01
1.598693485419496949e-02
1.321999182792629041e-03
2.556649786084726206e-03
2.394774870547555778e-02
4.880195135021365982e-03
4.871160881792562652e-02
9.377196110239149895e-02
2.761790110417298647e-02
1.085488496270265724e-01
9.572596075633675594e-03
6.807023048501260887e-03
3.113613008340206448e-02
3.581184988832603056e-02
6.324087068495468089e-02
8.590654781393185918e-03
5.722953618862602204e-02
4.508322013760741875e-02
7.764353856893217720e-02
2.300986867526180757e-04
3.385750120574161637e-03
1.115470112488700302e-02
2.547170315336156829e-02
3.689201157979790646e-02
1.477818626636451249e-01
2.705080301451016217e-02
3.038369513593348892e-02
2.729961452197550431e-02
1.843739424266118559e-02
3.268614604765948672e-02
1.366258341390232389e-01
4.634430746966493320e-02
3.598483587941105066e-02
4.735279422574683456e-02
5.245492232956450174e-03
5.105504354784149400e-03
5.293123642265971929e-02
6.338340834578508332e-03
2.162473238798997416e-02
3.674288949450901787e-02
5.763633949497973946e-03
1.055942607985965453e-01
1.227146848146501087e-02
1.326088199859676992e-02
3.122699009808211495e-02
1.809016560496454901e-02
5.599468719851465048e-02
2.624818159893040764e-03
6.410782840942087779e-02
2.745537766249454836e-02
7.106318375870417092e-02
1.564912186549661036e-02
4.992736106798974401e-04
1.884233994860217559e-02
4.796781603674366706e-02
1.391620874660405051e-02
1.144770556196268163e-01
2.711283922003491012e-03
2.543902986888134377e-03
6.029435910825071271e-03
4.288864643362082230e-04
1.197698632224245691e-02
1.258494080540356608e-01
8.812386866413030040e-03
2.148666055214501491e-02
7.271272247992821222e-03
6.121610455224368169e-03
1.771035196971280229e-02
1.596088080063899281e-02
1.405002646847396466e-02
2.487015241804681545e-02
5.651570971610182792e-03
5.420986194401292840e-03
2.965803544063193645e-02
1.490727652968390146e-02
1.751187529236821958e-02
6.253661736990401288e-02
1.383605235530306621e-02
3.477886871269011276e-02
5.360101982133623488e-03
7.317880134879713172e-02
5.072555896948252596e-02
5.278747618894887028e-02
3.328089171062244278e-02
1.880406077553363475e-02
4.119492786602861611e-02
2.607702173060927678e-02
7.991996841911883434e-03
4.945957519048557738e-02
2.485773053134660016e-03
7.174767871954656345e-03
1.581960721308423024e-02
4.784879612688783951e-04
3.008454513018987003e-02
3.492820432910031386e-02
4.531219251257753711e-02
1.123063775382871221e-01
4.029058303742000247e-02
1.037437698806757680e-02
8.084853064392678174e-03
1.713742352514480843e-02
2.355539821259688971e-02
2.462617888390087120e-02
2.670644485501388887e-04
7.420165877711123667e-03
3.677237230536242740e-02
6.130797656514934760e-03
5.460359440936374265e-02
8.621272737834265176e-03
4.043767931455026499e-02
1.062225231995798415e-02
1.797379606834473634e-02
6.397507977039101901e-02
3.290165792879443107e-02
3.920052310712127119e-02
7.293062473031448889e-02
1.820566374706614199e-02
1.968959577157114796e-02
5.370576068973530182e-02
9.880102934158085937e-03
7.683012025439552722e-03
2.433976800910863519e-02
7.937478495559067287e-03
7.387421461318484199e-03
8.403403597497950683e-02
1.437058570294780235e-02
5.378078365254775062e-02
2.881661005624814101e-02
6.609235180360524542e-02
2.733123940909669425e-02
4.002836956678869351e-02
1.580858721514636495e-02
1.633389578978104023e-02
2.951143694317780175e-02
6.349127498929935109e-03
4.613634428525619641e-03
7.963699936122645845e-03
4.195554624640318586e-02
4.806994982708025395e-03
7.351420996001781054e-03
1.638410057681045917e-02
1.515751216634174739e-02
9.980521156936381436e-03
1.378195638476399920e-01
1.920012380830533605e-01
4.187329423646431181e-02
2.719346063907538552e-02
7.013069407526567600e-02
3.055651023983434883e-02
3.227463241504704983e-02
1.222005493326720482e-01
2.170344304097390070e-02
1.430112036590274957e-03
2.272102733311968936e-02
1.466843606642058082e-02
3.735203648278854344e-02
4.524437523968032754e-02
9.443948730919797530e-03
4.790847915487056463e-02
3.204253636910510405e-02
6.100301366604124476e-02
3.125324871421664152e-02
3.329372948950232169e-02
4.856035756254559188e-02
2.652146522150226893e-02
2.009104137005388729e-02
9.904183319716512376e-03
1.233197264750051855e-02
3.387781107489722804e-02
5.268566949613943950e-02
1.041323073208720029e-01
2.315541997551624070e-02
1.742924208702159236e-02
1.849468830518029294e-03
5.641709923248244135e-02
2.166956042159962417e-02
7.888073895010933034e-02
6.250252755492527457e-02
2.743850259984438253e-02
1.814099055266621408e-02
3.738419833458295205e-02
1.728229548657959219e-02
8.047445821612918271e-02
4.640590577314574611e-02
6.028997098071456687e-03
1.148548874820132931e-02
9.035814121947205457e-03
1.404797330999314579e-02
7.789207734024506356e-03
7.008992816621290034e-04
3.922493399465223907e-03
2.055560074671732712e-02
5.347770805797644189e-02
3.995560446914769512e-03
9.390349621043139750e-03
5.470628460539997406e-02
1.760856387961379048e-03
1.200346857539964091e-02
2.959078941610366470e-04
6.756726104178227901e-03
2.536156025866108388e-02
3.798972361617938137e-02
3.659262323310367993e-02
3.065610700682443179e-02
2.162471214287958743e-02
3.900840964084342777e-02
6.337741178969796829e-02
2.304505808814776707e-02
4.421777765075941835e-03
7.009747677447664138e-03
7.989599671747765752e-02
4.093926787690298219e-02
2.343087655377338804e-02
7.120424774982298151e-03
6.642373277068312765e-02
1.286251699855884417e-02
3.273775350840426451e-02
1.577240104013408542e-02
1.730693352569558779e-02
2.241324570502735425e-02
3.335370057530777366e-02
5.835388000126054929e-03
4.704909735893976139e-03
1.065016061973675029e-02
4.952672048019814838e-02
9.177646176690493207e-03
7.866867324891566385e-03
2.459169703164220885e-02
3.438017867669215799e-02
2.889294242965341486e-02
1.007221514251457548e-02
1.924699949151748024e-02
2.726320303123228733e-02
4.587964954663421857e-02
2.353734406263199852e-02
4.254839328379500518e-03
1.704042938122923845e-02
2.311133016927030548e-02
1.241535279543824408e-02
1.372085599675296891e-02
2.796980713977654034e-02
8.120508862751979473e-03
7.276440883020546257e-02
9.708437806354996980e-05
5.518523233280875351e-02
2.860678268539619540e-02
5.639416349922161953e-02
1.668900962280873632e-02
2.131758400550754634e-02
6.340222850785919538e-03
1.681793831055877764e-03
1.188314572992802548e-02
1.548607605543726728e-02
5.583105117229874778e-03
6.823599134277019695e-02
6.458847979424676977e-03
4.132716855166725101e-02
2.455807301859815051e-02
1.597264804847760289e-02
5.044847382428295501e-02
1.857219317210340170e-02
8.993907211023405290e-02
4.224379214588871306e-03
1.380273906506873302e-02
8.264494677803747857e-03
7.995860832735660062e-02
7.065249622720126341e-03
4.277203549306461683e-02
1.194227070050504248e-02
1.248466731108204865e-02
8.349361514476329182e-03
2.374476297873072406e-02
2.237478988155571988e-02
1.122528486887283163e-02
3.706943103716107274e-02
9.564859821246302074e-03
3.906312046559710927e-02
4.892475073993865498e-02
1.468318105270240703e-01
1.341732189290860237e-02
9.247026117834443795e-03
3.753744244990114831e-03
2.916947111769223333e-02
1.237149380725591913e-02
4.005065310231665371e-02
2.236542499149140467e-02
1.314113691568226938e-01
2.322390914333337039e-03
6.634776369212773417e-02
5.149152853925474671e-02
9.259275659267025491e-03
2.271947344876415475e-03
2.907458819679331272e-02
1.231764036725111894e-01
5.457719892954990271e-02
8.202671545926189592e-03
2.231456865935100425e-02
1.792914885288414417e-01
8.696944644599607921e-03
3.796994973228874637e-02
3.417004085074263481e-02
3.492211197569537393e-03
2.490790874569176819e-02
4.461876480722479221e-03
1.162145846789515782e-02
2.564263620106324582e-03
1.626855620136191671e-02
1.141131191492038288e-02
2.335462986844573374e-02
1.232614672157750640e-01
2.857339683433592070e-02
2.195880512574680324e-02
1.941832875067597830e-02
4.045358206597769041e-02
3.841000725903534474e-02
9.051173985186358739e-03
2.182976647440150464e-02
4.208715159386179627e-02
1.497484818285766683e-01
2.581705396374173525e-02
6.356344316626806601e-02
7.824945533768352945e-02
8.611929510229882068e-02
1.798850435957396673e-02
1.349829885448035512e-02
1.666989776747898333e-01
1.360792664768215310e-01
2.868062531042608193e-02
3.306185611964950616e-04
7.483573255221906417e-02
3.175355717924631394e-02
3.101599941113122871e-02
5.429855785532045065e-02
1.117971068842966292e-02
6.514607436393077267e-02
7.680200703823365782e-05
2.668934924900313865e-02
6.660537751277369536e-03
5.895424654314349727e-02
1.870657630159156329e-02
5.104398677451463251e-02
8.655928051738615014e-02
4.664249522526441039e-03
3.887364124522107306e-02
4.263211456220797335e-02
1.866392485470784804e-02
1.089757572267424646e-02
3.144251326522434775e-03
5.133838365397949688e-04
5.829192188636495020e-02
4.229329328594738646e-03
3.542416235600272245e-02
2.250487900841154076e-02
4.690837913993537583e-02
1.685182296009629654e-02
1.373288494201191715e-02
2.190409556408350750e-02
3.467792421641532896e-02
1.017108484932947032e-01
9.537009056597819251e-03
5.015222867983677724e-03
8.262194882552802155e-03
1.176758482421460215e-02
5.758043652897014419e-02
9.657568688005625790e-02
1.595168364739334155e-02
1.395275017938750819e-02
1.587029622389437081e-03
1.389232950218588156e-02
1.998851682628347351e-02
5.496393154410428999e-02
1.796734026654986383e-02
2.560271499810771317e-02
6.792846179533611195e-02
3.433885052788207548e-02
1.044028947105389571e-03
5.069162668853384457e-02
1.800921010862014948e-01
4.013686179859490832e-03
1.349649378425796242e-02
1.594635396352814954e-02
1.036532091401400762e-01
8.291294253947936732e-04
5.182893556946257391e-03
2.527881189700765044e-02
1.599229928546538892e-02
2.149999217576713251e-02
2.264021630056266884e-03
3.508494133379398000e-02
5.035240349058521525e-02
1.525363135486325350e-03
2.520735275587398724e-02
5.693398990820250360e-02
1.801114125488382373e-02
2.824527358663668844e-02
2.118971965754904568e-02
5.533259454392520926e-02
1.096472906262817466e-02
1.744906587993251545e-02
2.888761622114850713e-02
2.232064457239817112e-02
3.675240325087988230e-02
1.489699713473731646e-01
8.795179591891862103e-03
4.097038875304916117e-03
1.437766882418590186e-01
1.883035075029101252e-02
8.116159260191525837e-03
1.148973993326548176e-01
1.604722525597621074e-01
3.545452177482214667e-02
3.506078170372950442e-02
1.133554651310597905e-01
4.009347125283586888e-02
8.512584357673781341e-03
2.515681825597151922e-03
4.379761924129466077e-02
1.797341957023407266e-02
5.518029278152299100e-02
5.728036844733138538e-02
9.899059148004908659e-03
1.509377603736650891e-02
4.244767387224656838e-03
1.068427163961625098e-02
4.492557869118513764e-02
1.359781037456996022e-02
1.561956251837933254e-02
5.594358899862024101e-03
3.237809659441859278e-02
1.664928995530562048e-02
3.831774834113905320e-02
5.400185856387675759e-02
2.770526066611962018e-02
7.944990913296179347e-02
5.941542394503528113e-02
2.341349590283176019e-02
1.084978851269625955e-02
1.132032695651476045e-01
3.229382562289836306e-02
7.242172686535075510e-02
2.623760620127155163e-02
6.428662522609654428e-02
2.394886683579924846e-02
4.190681590980868676e-02
3.673282369775982686e-02
1.261046417351699700e-01
3.793356567925573741e-02
5.320073339617251151e-02
3.128037880926556880e-02
4.415516693265569836e-02
2.682597190048943703e-02
1.280232771059626115e-02
1.065228562194803566e-02
4.506666644810247702e-02
1.695865225580005242e-02
1.250362523501653139e-03
7.205528966870938454e-03
7.884148225973504343e-03
5.727164500476458753e-03
7.974251626801244497e-03
3.091000289123990719e-02
8.995987185178709600e-03
6.117768563783164415e-02
1.505042484763859378e-01
9.544412388232365041e-03
2.043504144759243635e-02
6.102002337433840018e-02
8.024782031668850624e-02
9.937371881580430583e-03
7.431113383732326771e-02
6.141775454964570891e-02
5.119025675020290322e-02
1.873517623112450417e-04
1.597595472348432508e-02
1.028642838551603253e-02
7.591219064753090828e-02
2.889413863200565938e-02
1.352959538155357189e-01
3.813047535708523339e-02
8.232554136740932726e-02
2.876145062497939553e-02
2.099826607380411714e-02
2.016852592333423858e-02
1.397264005297744853e-02
8.248681615128646005e-02
2.756877396685874018e-02
1.352740249769994463e-03
1.769666713519712359e-02
2.250318265250209754e-02
2.234288158786421757e-02
1.608049133417343776e-02
2.972855811747986479e-02
2.536551082915939476e-02
3.274555534448910649e-02
3.287803432895307354e-02
8.631909665118808750e-02
1.201079915347577284e-02
3.700614804891901727e-02
4.581509530181086115e-02
6.179698903737938787e-02
3.115405692268768609e-02
3.950363835216186281e-04
1.302143387961157417e-01
6.323057002675136484e-02
3.230995301414633231e-02
1.119330936364151124e-02
2.942331877290411263e-02
5.419880739063368674e-02
1.616423994448996579e-02
8.800465928166605056e-02
5.905705046763021215e-02
4.807471622020248470e-02
3.960232431969467302e-03
5.442311480905118876e-02
8.890429115756860734e-04
2.683585285689321642e-02
9.195999386426825795e-02
1.383076756174640015e-02
9.449323738738571107e-03
2.483748016416871540e-02
1.301652209382351405e-02
1.754589950556589839e-02
5.591811214468387498e-02
7.734254416024586611e-03
4.364809380801146915e-02
3.803020409180385419e-02
8.830487825971459342e-03
2.954145576403282430e-02
1.992219033371658843e-02
1.025806295880618696e-01
7.989002755681359758e-03
7.299329294289431599e-03
2.627843775383608554e-02
9.120198399428819380e-03
6.333582457718989200e-02
6.076414541532574459e-02
6.976531702570476501e-02
6.392847003790655402e-02
6.147804353193835752e-02
9.733424400690840472e-02
3.605234193855361147e-03
1.060132577659927272e-01
3.778449884473883413e-02
1.088922942927635432e-02
3.793934948872199064e-02
1.253430655753346445e-01
6.604748284726486007e-03
3.359253184601015962e-02
8.791241700589909336e-02
5.505640345522404104e-03
3.017467236417861742e-02
3.160594173742639623e-02
2.901466702771805795e-02
5.060060644591850287e-02
7.016388637343377865e-02
3.800028365517071904e-04
1.669390252027179167e-01
1.654774260807117398e-02
1.906299813287302275e-03
3.392654417400598615e-03
5.522120357962006371e-02
5.689194068190137066e-02
2.855045960955084061e-02
4.390136307327444087e-03
2.349020585390401011e-02
5.109187129381746739e-02
8.931480991913553352e-03
7.771593351657288262e-02
4.579892138997469775e-02
2.195009495645978623e-02
4.109949930448130589e-02
1.143331160511418254e-01
3.074201257398477896e-03
1.303895977669134731e-01
4.402252248866332651e-03
3.435091351523068132e-02
3.933761725730955394e-02
7.533396240169042135e-02
1.196185698998942191e-02
2.275358407153216418e-03
1.278388889639126558e-01
3.165239350168878862e-02
1.356953104731228876e-01
3.164132271250201522e-02
2.760704757204063275e-02
5.604029763442531370e-03
4.694194455836989133e-02
3.330244828845564664e-03
1.437972653816208327e-02
2.078155946460728126e-02
1.658898730055613155e-02
2.096645751997071316e-02
2.496023343129599725e-02
3.375980561967360100e-02
3.643045835669275062e-02
1.604853850430359302e-02
3.950155980192869565e-02
9.381451946062506833e-03
1.050612385097517143e-02
3.368750305542466544e-02
8.074619259882968858e-02
2.034823794565684268e-02
1.360061273678134057e-02
7.233458084479853570e-03
2.025173699632624655e-02
6.618693863538015199e-02
1.761326684124726871e-02
2.288998668484073032e-02
1.384345354852059562e-01
3.896566045031013559e-02
2.085005105357902802e-02
5.522248842847588164e-03
7.822493371916192095e-02
2.202254760125400834e-02
6.143072436010726250e-02
5.767524113952334636e-02
1.109207003600131136e-01
2.113393215997084670e-02
1.857077114245368754e-02
3.273354204761469519e-03
1.636533021533771032e-02
4.600374324209538512e-03
3.669618723214054107e-02
3.813614277527842267e-02
2.704981924970239343e-02
3.704126152895916013e-02
1.941756574942056501e-02
1.784907483943219773e-03
2.515245547650169639e-02
2.134224460424719028e-02
1.819004262875546785e-03
1.481381052805595677e-02
8.860040365479535107e-02
6.764893250596350216e-02
3.001866463644182678e-03
6.516101853849848302e-03
5.291872251308520417e-03
1.379382258392861105e-01
2.926898088287421471e-02
2.223765971518708306e-02
3.415126535540610048e-02
3.987116140783789064e-02
1.855753940173707900e-02
4.932542917499160157e-02
1.026455069449881130e-01
2.126466739127692851e-02
3.698733613720515956e-02
7.776517878586922117e-02
7.836555394019639742e-02
5.525515157588781201e-02
1.093171119548748405e-02
2.105529396259230718e-02
4.607073355880421210e-03
7.969649691535518610e-03
2.916481686133732751e-02
5.665379226409118785e-03
2.469178159688886071e-02
5.528381734143862636e-02
4.198760336331048421e-02
3.422774407812610026e-02
1.372628210948799443e-02
3.436230462103942451e-02
3.474964388181789321e-03
2.528599497532698151e-02
8.330776378191673270e-02
4.599977765977660005e-02
8.164498772228440115e-03
3.386382003835142207e-02
3.623800350260366482e-02
7.229943258947817142e-02
1.179858169502267032e-02
1.181719554912308290e-03
2.148305930500835764e-03
4.244594439014116177e-02
7.117128412745299393e-02
2.677428944197819682e-03
6.472175279315425800e-02
7.237263601448573613e-02
5.021404536983787442e-02
2.187725162763762277e-02
9.807206368610363323e-02
6.100231106387207433e-03
1.963847344376327270e-02
1.705340261751217557e-03
3.254264567995091700e-02
3.676771981401154299e-02
2.208047056741664627e-03
7.472762813537696391e-03
2.416872571605703859e-02
3.768951324951018422e-02
1.785223695929769039e-02
2.329174943703427730e-02
1.567831905403646586e-03
6.053623200071109323e-02
3.053518468827578700e-02
1.497380590554341084e-04
4.466170504495352300e-02
1.717934845063990440e-02
1.323828155712483690e-03
3.537694329443830110e-02
6.442592071833609657e-02
6.640183258734244642e-02
6.261859951409674829e-04
1.580558295966457208e-02
1.773896556947521588e-02
9.403103522957700910e-03
8.463291568495434278e-03
1.889276533064303265e-02
7.493408221139753744e-02
8.313936146304411190e-02
2.456431002076244971e-02
1.325490629137487594e-02
1.053527676842724581e-01
1.349734617343551456e-02
2.844697033887030532e-03
4.033446174691541174e-03
2.248049626393928621e-02
1.377983967987591318e-01
2.112913754422186471e-02
1.789339040468820516e-02
9.902318353289685932e-03
7.966251240600655259e-02
2.947954438487274814e-02
2.387847393951033834e-02
3.790358970017841667e-02
4.289408308298197497e-02
6.178689388692081702e-02
9.954047742921065534e-03
9.712910167667844832e-03
5.136112009078591667e-02
2.694483924005391939e-02
2.753496536331196537e-02
4.747292366253880874e-02
6.533113110043990701e-02
7.818407755172014639e-03
1.358592435291714612e-03
3.467178121840517463e-02
3.716620983775904830e-02
1.445501112557404100e-02
1.161936766535120666e-03
5.208781594746309668e-02
7.461061508008837162e-02
5.371175606424093141e-02
6.622224205557122878e-05
2.760331414456401386e-02
4.614739293629073827e-03
3.339263268543784385e-02
1.329679147360368630e-02
8.502577523617108057e-02
9.314122482820408333e-02
6.711218561673165661e-02
2.445662567118855879e-02
1.904359125509936038e-02
1.348932747090898776e-01
4.988100738342694795e-02
1.290839156411334454e-02
3.166325396275537774e-02
6.894319758897245187e-02
4.239652394859827478e-02
4.370299010794536504e-02
1.776463496037657824e-03
2.459999270162241056e-02
4.995443745147017806e-02
5.959201644275596843e-02
5.995852060063703443e-02
9.826416164329715430e-02
2.735403866542818543e-02
4.902906845804527042e-02
1.488530603379946068e-02
6.149776391393954600e-03
1.024369385782417791e-02
1.235046867086329186e-02
3.951428149841014481e-02
4.549675614065894907e-02
4.479956359465567944e-02
1.578835764347670534e-02
7.490895994447159187e-03
2.846521936786692783e-02
5.295826791403206862e-03
1.117503079308899278e-02
1.390728683615533035e-01
2.201487562555588806e-02
5.722115758997486229e-02
5.925580220788194755e-03
5.225973033982878047e-02
1.374046591441030751e-01
5.116845491792428730e-02
1.153632067058656119e-01
8.016222203613163066e-02
4.757890269946321582e-02
3.152206307975561478e-02
3.145067677800410938e-03
6.803418815639608250e-03
4.829819209261587004e-02
7.975532804104706885e-03
1.769649747742762375e-02
4.278298766993802321e-02
2.553535799863148603e-01
2.427313863725685458e-02
9.786450887244809230e-03
5.214478399329841585e-03
2.805559003733623311e-02
1.869166951611949540e-02
8.634179265311833773e-03
2.670046547113489460e-02
2.418424752254483279e-04
1.472390658686523537e-02
2.877687517758858657e-03
8.879956276736095458e-03
4.386252970408412166e-02
8.849324079834627182e-03
3.604158551112255759e-03
6.878813002458790404e-02
7.183657279065708452e-03
6.215698768798732371e-02
3.648244965635401293e-02
1.188901885340190173e-01
8.858321256248656572e-02
1.014696083529395207e-02
6.843091013068912376e-02
2.744878823335426127e-02
4.737617719548456799e-03
8.221070660382689965e-02
4.187758595444143750e-02
5.264343090469782854e-02
6.848186174928902470e-02
5.601160989915961869e-02
9.581649816192527869e-03
3.202070063633459529e-02
3.564053812911744945e-01
1.202621765392159793e-02
3.298662159469992194e-02
2.013496354291016699e-03
2.299545549207596129e-02
4.035416883364216500e-02
1.119831115197105625e-02
7.112923236800326732e-02
2.837814676752939847e-03
5.710805480039465865e-02
1.792598136126016817e-02
3.285079042193610362e-03
3.732948035615905880e-03
1.511338193274435263e-02
3.220038517657867246e-03
9.950371254381268349e-02
2.919198558524217779e-03
6.802912557730837750e-02
9.997885233283924922e-03
5.995851741782248778e-02
2.111952603200054415e-02
2.511781339844850608e-02
2.242651374843276577e-02
4.323930338961542996e-02
1.942646387356533047e-03
1.876205286915085327e-02
3.774398314506864117e-03
4.222043818313127306e-03
3.842419940389094069e-02
4.156369093164000855e-02
2.045443197330030008e-02
5.647490973152867119e-04
7.635480629303981193e-02
1.951327055108427466e-03
1.740766225982785798e-03
6.669002681726936884e-04
4.220052335521974965e-03
3.028623709746695869e-02
1.078316055684222161e-02
3.330265693493313084e-02
2.338441857801226015e-02
6.303821656443885091e-02
9.284112113436871622e-03
9.263761304682711917e-03
6.295059895876897738e-02
5.340711824842568622e-02
6.804978933725733606e-04
3.001900816399361016e-02
8.211238879833394552e-03
2.744352414080614144e-02
7.887102697784684202e-03
4.571044837188151244e-02
1.440751257496642596e-02
1.164240351102154847e-01
3.426631500756514848e-02
7.563859779492049240e-02
6.025170491966005959e-02
2.872520955030367223e-02
2.228349154164876306e-02
4.484316486536379237e-03
1.149198858501366063e-02
8.031549323808866159e-02
1.779730884358005777e-02
7.649064381464352851e-03
1.765323989353827505e-01
6.966592343073937932e-03
2.670760938626607489e-02
1.699932502951194066e-02
1.026948778880533847e-01
1.317192268741717853e-01
2.999931244256554344e-02
4.209797203327237530e-02
6.743220976505709396e-02
7.378864978252308582e-02
4.205358338581624555e-02
6.230078891094745740e-03
1.420814400573751010e-02
1.099266135141018785e-01
1.083652088426990782e-02
3.966276808349550320e-02
5.653732335778131196e-02
2.998683088027664922e-02
3.298396514421023107e-02
2.690518587735026695e-03
1.602402836360081184e-02
9.573709953897303893e-02
2.633612469069496372e-03
4.780940739360954594e-02
5.123541391403445278e-02
7.264193786964170951e-02
4.568819589870737330e-03
2.039700880364633817e-03
1.461635136616539279e-02
3.481066668108732248e-02
5.607143799419163008e-03
7.507623742368171871e-04
9.014650274548927089e-02
8.357765645369254204e-03
4.333585197201674649e-02
3.641662094034098934e-02
7.957038702249877304e-02
5.374940714190220431e-02
1.752059014235825274e-02
4.906157790395117985e-02
9.772112336575093650e-02
8.688417689652275233e-02
2.685825240250451496e-02
3.259065686747816826e-04
6.263844868852817133e-03
9.720824471661228261e-02
6.735984056658265301e-03
8.594202494925633901e-03
4.337401547678155361e-02
2.610803283308062162e-02
9.793168236682090258e-03
5.075734279870805499e-04
2.310209952895884294e-02
1.732388940259453267e-03
3.927265758581127697e-02
5.637967620710970101e-02
3.505826132542753937e-02
1.743516656162163309e-02
7.428280988104649096e-03
8.220778160228920176e-03
2.432730343276447854e-02
1.819571143535027302e-02
2.505174785227948231e-02
4.003695644794325048e-02
4.516927565250404564e-02
1.374795947218216460e-03
1.269315470301205992e-03
1.385707767501417539e-02
7.254072163474120649e-02
4.995679491737918532e-02
3.248690772806495097e-02
1.466563243946904238e-02
4.966814308537559342e-02
9.622593267108356385e-02
6.296378543038205766e-02
1.725182372098493745e-03
1.916611402322029173e-02
1.439002427746409185e-01
2.429672844191761109e-03
1.977720900792430403e-02
1.303311271237212951e-02
7.369149471577979976e-03
1.090417268925773092e-02
2.509721388567850292e-02
4.192993420068680255e-02
5.608506294484837638e-03
5.358490883254279913e-02
7.273473829068580199e-03
2.567253365014140337e-02
7.026459680334787294e-03
2.752101789950042385e-02
1.846930392224167827e-02
1.538961709976479492e-02
2.162337057048773631e-02
6.354735338924766275e-02
2.445703335437936221e-02
6.624922039271159344e-03
5.264491372067458055e-03
1.253646444554019565e-02
1.341669651300143526e-02
1.262189164276545095e-01
1.863580453839517453e-02
2.087327969558475799e-02
3.196217093485986122e-02
3.102634086943921454e-02
7.970201184080642764e-02
1.761012841790195876e-02
1.328201801168116258e-02
2.194631589550627426e-02
6.525282438242417660e-02
4.706604289745651426e-02
4.184223068958990710e-02
1.186680723326865618e-02
4.761206183295611793e-04
3.698610383038786198e-03
2.099647271374796564e-02
1.007448072398361011e-01
1.509811436802544794e-02
3.851633960230774374e-03
6.473910779635452806e-03
1.864523349707899319e-02
2.118941896162585600e-03
1.763281017993115901e-02
3.123785673439703064e-02
9.046943008044214599e-03
5.629804552717150579e-02
2.139843996928320058e-03
6.174439388698170494e-02
1.379952738834454296e-02
7.497986748380413083e-03
3.944302517848097267e-02
3.105114888568305531e-02
6.656976433143968475e-02
2.702770080284391113e-02
7.514169240169762953e-02
2.200783253410625029e-02
2.439027356833809931e-02
7.134304922135066562e-02
3.397395697553645677e-02
6.582733385608253128e-03
2.229906808578512034e-02
1.412661160388933301e-01
6.041572620886958428e-02
1.961655197324427280e-02
2.470246289852765648e-03
2.615872630110902680e-03
1.202019371033244237e-02
3.043832436188529181e-02
1.035045544510084237e-01
1.594168539461812001e-02
1.790538900042139281e-02
1.978241055290577005e-02
2.987555070204303553e-04
3.445954413436587427e-02
2.864318988457397602e-02
7.611154186247704075e-03
1.181991231097020718e-03
8.277668263833809492e-02
1.416166025459487596e-02
6.096892921461659343e-02
2.045913858828553311e-03
1.243991897634256008e-02
5.964363714477988188e-02
1.969610415915729051e-04
5.099329560636556291e-02
2.229984794007601467e-02
8.785376383238829856e-02
1.317814754619864304e-02
6.166388731449128774e-02
8.039867157511094986e-02
5.343367634384606907e-02
1.213963610929610915e-03
1.975507986277760461e-02
6.456417847497235296e-02
1.328012146494093881e-02
4.756440273363499172e-03
1.589915392427191515e-02
2.232861337358059764e-02
2.168028822861703484e-03
5.980061456756310262e-02
3.643722668660203876e-03
3.521950471543951189e-02
1.857444391138271533e-02
5.049901774365313928e-03
2.678216825909695425e-03
2.106598912243343516e-02
1.116463871085756655e-02
1.183068652808704456e-02
3.291551383810788906e-02
8.510153274955065128e-04
2.885044923626099711e-02
1.026956440095931795e-03
1.850401243708219012e-02
2.387898686001236823e-02
3.750125285047834628e-02
2.092639155180751193e-02
3.866626597365460660e-03
3.140973616108746341e-02
4.385846269588881963e-02
2.735717745330341899e-02
5.758956858919160593e-02
5.324234933417788806e-02
1.856036333993610343e-02
1.996072163209353795e-03
2.507029197005838234e-02
6.486156143635393723e-02
2.079340613938496229e-02
7.270773545750702782e-04
2.410069053278424134e-04
3.080344798729338016e-02
4.656878086259293170e-02
7.979868023077267558e-02
9.815846622744268946e-03
1.735345949720017156e-02
3.051170268380198891e-03
9.567756087466456130e-03
7.756800283698025988e-02
5.888707698860375095e-02
2.295329612685196100e-02
5.684322396744420636e-03
2.482187889994717442e-02
3.064882676938558703e-02
1.259450615146273655e-02
3.223966178065188013e-03
1.906424541517005855e-02
2.440285624687656835e-02
6.368233995561511929e-02
5.531624392369779639e-03
5.040680684460376905e-03
8.943119503591561922e-03
8.026814577954018148e-04
2.271530148890638784e-02
1.646495752107336730e-02
3.939911117423157416e-02
1.309797870126055974e-03
1.023067401568781079e-02
4.913116626681856072e-03
5.506971243083680356e-02
2.470152866641420891e-02
8.002759051926927950e-03
9.465400653078213586e-03
1.239509069028435148e-02
1.151135382560472403e-01
2.053535659972463567e-02
1.956735724148478406e-03
1.244168253921221212e-02
1.341149544746812056e-02
9.115529587426501879e-02
3.465334111939418621e-02
1.290991363878207787e-02
3.875941376311430042e-02
1.298750659533936050e-02
4.581706594416844192e-02
6.755053618163663065e-03
1.344807239379958858e-02
5.133984948806260412e-03
3.197678613841570261e-04
1.539762377660107151e-01
4.389661523905007134e-02
6.831370509357245768e-02
1.151607941785084271e-02
3.317119799202029526e-03
4.242885706364386139e-02
1.659877272955440422e-02
6.457768581399958574e-02
1.876156708165777065e-02
3.547266323143408173e-03
2.145597286896137185e-02
1.181175872465086221e-02
4.318654366305426512e-02
3.154995866093380369e-02
2.516809882523800626e-03
1.011351339563696869e-02
5.110038196266413618e-03
7.916662739431014340e-02
2.135116744485360263e-02
4.162000063723568857e-03
2.649230745013783986e-02
2.317330337464873838e-02
3.958028982668249790e-02
2.622841775302667267e-02
1.726676082061395778e-02
8.319425692073528777e-02
6.134046873178009701e-03
1.300071250808772921e-02
1.110798862080585210e-02
1.669022152414395901e-02
1.201490985956780652e-02
1.249850271623023992e-02
5.441331320796415072e-02
8.553230065534395132e-02
6.418540996871028789e-03
3.460467430510125869e-02
7.771575333690661225e-03
8.200142028741194689e-02
5.981305346070705208e-03
5.467119991776839272e-02
2.264364496879778255e-03
1.508890383048517095e-02
8.682838539970975933e-03
7.148749201707178119e-03
4.680623319364335400e-02
7.874164619985947466e-03
1.997904279290731167e-03
1.804750561588043534e-02
8.948495779359230684e-03
8.274445200764340980e-02
2.437325418005851715e-02
1.752586446381192500e-02
7.914064902957165804e-03
1.993777463793359322e-02
4.985930270290726829e-02
7.093319754968813173e-02
6.033778820847339464e-02
1.386491267501311075e-01
1.755187045905166887e-02
1.207808748916822106e-03
2.383149858841543400e-02
3.975145062745821800e-03
3.497816754247121129e-02
5.395820736269702281e-03
5.577977805399272904e-02
2.076985099187476924e-02
2.112477662776179529e-02
2.254685542821540170e-02
5.874893564839999381e-03
9.388861098815576289e-02
3.119300884885405772e-02
4.544701876838791454e-02
1.814760207425238775e-02
1.380295912583029763e-02
5.561193405069914109e-02
1.000483309263481418e-02
1.918753573371238114e-02
3.021691568280762685e-04
2.278122076959480935e-03
1.637222473884700907e-02
1.461225244016959787e-02
9.058069893912948367e-02
7.757941455029858380e-03
2.456630849234170411e-02
8.194312962840642756e-03
9.959960238185811693e-03
3.150380916427726607e-02
4.882693500243716692e-03
5.909827047122523380e-02
9.402523003136858959e-02
2.589410955320049779e-02
1.114281246938965408e-02
3.493906804571127178e-02
6.472134803422187332e-03
3.410507664230889857e-02
1.921893817696660942e-02
7.937854496782835445e-02
1.321494245977309495e-02
7.329228326475206723e-02
4.076952592470028253e-02
7.959269006217843667e-03
1.043082294622758588e-01
3.307549353750707452e-03
7.118219678219553370e-02
4.802019132382586049e-03
7.717513340363763019e-02
1.850682198231358780e-02
1.037266459390061638e-02
2.505225498454617672e-02
1.325087156429000101e-02
6.747786449481131543e-03
8.672800437581951183e-03
1.440320864207699468e-02
6.510424835649289421e-02
1.805707565598705863e-02
3.158685497821082933e-02
2.815603527739223705e-02
1.051967863738830812e-02
2.722635669226313587e-02
9.602182040556791337e-03
1.867951670226162056e-02
1.790009095620223589e-01
7.931273398697413768e-02
1.064596734134146822e-02
2.057548029687745333e-02
9.967821440253418763e-03
1.234095147220867425e-02
4.758180750790119706e-02
3.296522396737923410e-02
3.785109885876823677e-02
1.167033383645053705e-02
8.396296801695715684e-02
7.315851065318769442e-04
8.489790618978369785e-02
5.827217015963022557e-03
5.225618378267882919e-02
2.418787579721051739e-02
1.664983505468666247e-01
4.357292779419438301e-03
1.979975555850667715e-03
2.367384848928436036e-02
3.021878146412307342e-02
4.965893129692910968e-02
2.154436175109244317e-02
5.371755993300824164e-03
3.072086657831676546e-02
1.323478332543055573e-02
3.564149673662616105e-03
3.247968293727690470e-02
1.379662800879069909e-02
2.990905894900722228e-02
6.971906067398936369e-02
8.964789035936782113e-04
8.510956595738011776e-02
7.421576907694754643e-02
4.461378922744129588e-03
1.166126806729811047e-02
4.090227441397952662e-02
2.700526542724898411e-03
1.459274281661163304e-02
2.896950488027202897e-02
2.133606972470364696e-02
1.534980534996245941e-02
7.430416338430900769e-02
1.386325950534276347e-02
9.512162836084389617e-02
5.013094560082520350e-03
1.568352581956573844e-02
2.854589613879086538e-02
6.725427115450308135e-02
2.029519483205695016e-02
4.151368344004847943e-02
2.771677206508060820e-03
4.738088463125249630e-03
3.164517845337910806e-02
2.540422051065974532e-02
3.559471915095878403e-02
4.883937785643788221e-02
3.699462739044957066e-02
5.014235981606258649e-03
6.623648421831591915e-02
2.922395706776300534e-02
3.929186813004896528e-02
7.839401856699351745e-02
1.832189048168705869e-02
9.291066052833311939e-02
3.085319556614124839e-02
1.300383942539415708e-02
2.970030558321085784e-02
7.435338689767562181e-03
1.227986984811778176e-01
3.232305896243505006e-02
5.483260571424769525e-02
2.482988892179951654e-02
2.744793980259465152e-02
5.495412824231969695e-02
1.527615204111246183e-02
6.779714383002954925e-02
4.885213614463940895e-02
7.594539837317150488e-03
1.210383548876592386e-03
5.252434979441929913e-02
3.381242180396669406e-02
1.782770442900347141e-02
4.483344269822606316e-03
1.011168195526586898e-03
1.597017252078414967e-02
3.302226223183399832e-03
2.892089917741979058e-02
3.779904650574669039e-02
7.560056106124188324e-04
4.205021399522408838e-03
3.965181677472387478e-02
7.298203190531277022e-03
3.013236583317233791e-02
5.120984907207241921e-02
5.279859137602603558e-02
3.056957507890533526e-02
1.084926187622331506e-02
4.300711293220439713e-02
8.733263048545349821e-03
4.155441651775293628e-03
5.414907615798495583e-02
1.305554104187554854e-02
5.457939495337883751e-02
1.370813178546520864e-02
5.206502835949591672e-03
1.327367982597216223e-02
2.622070829739397979e-02
2.724414672459880490e-02
4.354674647200434956e-02
6.030327950069219733e-03
3.201024646126968826e-02
7.908513487691797017e-02
1.236500721473917097e-01
2.084306586107923659e-02
6.229972059002035489e-02
1.988870957912482890e-02
3.133374398536733357e-02
3.456557117519405697e-02
7.739781562185388264e-02
3.686054921000735118e-02
3.225538777771524979e-02
5.094883222030727188e-02
6.578733417154643270e-02
4.394694525153065162e-02
2.461465670002110223e-02
5.293946912256332349e-02
5.549813766482701582e-02
5.270555920767560493e-02
1.762973443116655839e-02
5.298119559285299762e-02
1.170120851786969965e-02
9.359195889522921308e-03
8.367355059819159280e-02
9.696189173017941143e-03
6.643647498085505920e-02
2.160590863036574230e-02
1.118981751980720196e-02
5.494957645372479382e-03
2.281274305810218270e-02
6.375595316917234689e-02
3.944769299591477374e-02
9.573875112810883992e-02
1.500368405958601992e-03
4.207284179608682118e-02
1.262159496281318183e-01
1.756839441399111676e-02
7.275066795570589440e-02
2.688151674056298013e-02
1.246858361684741179e-03
4.941705901029828929e-02
9.673006011273879712e-02
2.272524254475709327e-03
8.019723181105373189e-03
4.038199767040604599e-02
5.433522337235402455e-02
2.437305293986234689e-02
2.701628258636206564e-02
4.660898426867900179e-02
4.722304441428101796e-02
1.990197564052764018e-02
2.711225456627318689e-02
2.573856468334939640e-02
1.624175320818743370e-02
7.849212112555362109e-03
5.411919945641980451e-02
5.411369460635986894e-03
1.661607758874784069e-01
2.224803291921334178e-02
2.157444942421883616e-02
1.406899612801348898e-02
5.163242051890336998e-02
3.089742724645288402e-02
4.816259191356114799e-03
7.075205472913184690e-02
1.848918302839740874e-03
1.160685939519369436e-02
6.122212608468377559e-02
1.867158415938729998e-02
2.029700835335828540e-02
1.484238875360186297e-02
2.886973434282527617e-03
9.338493645729833981e-02
8.065492791045578147e-02
3.140446329072475729e-03
1.108289103726713305e-02
3.083261567337356249e-02
8.273405088571321453e-03
2.522859906368608504e-02
1.497081887008648235e-02
2.198202635087456724e-02
6.438789876900678777e-02
1.541955284854396035e-02
2.755023582137356569e-02
4.057720258408555047e-02
2.223481248241821612e-02
8.351470082885455171e-03
2.889680243544321889e-02
2.821219992438428123e-02
1.266383085823153398e-01
2.855239911546939013e-02
3.409629340073921239e-02
9.605822054124345255e-02
7.731395326942452906e-02
9.639830075040574722e-03
2.241002680032427863e-02
8.227390985162119641e-02
1.810011237418786278e-03
2.401628390254956572e-02
1.301495002731217487e-01
2.235607332118355259e-02
1.739943367846116806e-02
4.322737478287261292e-02
3.245292032802535309e-02
5.676724429902076097e-02
4.807554671338726271e-02
1.048998998601208960e-02
5.820577083597665638e-03
2.893318263357344197e-02
5.146860965482631667e-02
7.270727242799247120e-03
1.358381865691040552e-02
5.822499547215437277e-02
3.739549081642996875e-02
5.335587990328971748e-03
6.397848986957591078e-02
2.643931885570968698e-02
3.638254158432861068e-03
2.085649696884815663e-02
7.821396322917338606e-02
2.492139250896449609e-02
6.887181589461811859e-02
4.242964816313444902e-03
6.339512082410445060e-03
1.156838155376063854e-01
7.453561359230367889e-02
3.545226633635711888e-02
7.714663017730927219e-02
8.671571991679340174e-02
3.291769186317593243e-02
9.437446773118374210e-02
1.444171253034861879e-01
3.262932299174065021e-02
1.266008121193731503e-02
4.898864130498919306e-02
6.152724006333359225e-02
2.518534814106190844e-02
5.637758959374971485e-02
1.465116471761619688e-02
1.409551556625937563e-02
4.929044140139424851e-03
1.527621672792996849e-02
3.094862463105876177e-02
5.415463103935037881e-02
3.586197305744937003e-02
1.879122965771641562e-02
1.763858610824112216e-02
2.672611844320486180e-02
2.069195383363179111e-02
1.017922977689707416e-02
4.148996743327521344e-03
4.836236247055679394e-02
8.058297760309821034e-02
2.335616152111355537e-02
1.873107218997301787e-03
4.812590452380875218e-03
1.207986169356388417e-02
7.373361280279505658e-02
9.586601441494471687e-02
2.182473514532473277e-02
6.591335299333936359e-02
3.234280109265967595e-02
3.349492727373361289e-02
6.464922536417132271e-02
9.868167994024623635e-05
1.068153805051628991e-02
6.201849356022810789e-03
9.333207069050152016e-02
2.277164403321896638e-02
2.729094570951222723e-02
1.307974811601597849e-02
1.778799730136832249e-02
1.382482050202672903e-02
1.416353234162685999e-02
1.136727415281459097e-02
9.679915346945741628e-02
2.321472034568336160e-02
1.402607455113466170e-02
2.335151970986226733e-02
2.535031287989605864e-02
2.797535715346642637e-02
5.713236942888511027e-02
3.396834576031175501e-02
7.397868908410529243e-04
5.626741729274466197e-02
3.129105671868515071e-02
6.974384813042449477e-03
3.314623552958553127e-03
1.647929711689559082e-03
5.875011556696048409e-02
6.421320874612501672e-02
6.860930964821237987e-02
1.281411354255313113e-02
2.411067875851714143e-02
4.376290362062230585e-03
5.837542000950032839e-03
1.933377618452271351e-02
1.858963344147257502e-03
5.572644032286959426e-03
1.047644455073525604e-01
5.564953282138944413e-02
9.251070682681961435e-03
6.489201773728526558e-03
6.741152819294549126e-03
4.039767885134708941e-02
4.293309596442231035e-03
1.753661701801353945e-02
6.499814003863836620e-02
4.563484747500710231e-02
1.182196196278888570e-02
1.103351054690522998e-01
3.243890334114239021e-02
1.845792053893030235e-02
1.625314106728789620e-02
3.224541434535258683e-02
1.500865135913025464e-02
4.624995153649998081e-02
4.775114378742249810e-02
1.704428202419470961e-04
1.458643107523242312e-02
2.151682895406860710e-02
4.917385486918142423e-02
1.721562662652991182e-01
2.114402732803543489e-02
7.456031378247404001e-03
4.830746377668462821e-03
9.386334808209338687e-02
2.575969279348928540e-02
3.107070282489731231e-03
2.841974686187616686e-02
2.268430300068294964e-02
1.623435114015464587e-01
2.283379409581479808e-02
6.111654736748345362e-02
4.128619427202738501e-03
4.915293380600072037e-02
3.760652516055284361e-02
5.650619572068605462e-02
3.679744192358481991e-02
1.071164010492322988e-01
4.158807950921025731e-02
6.975883948440592119e-04
5.752972303932042675e-02
4.987586951376965505e-03
2.732750375216108640e-02
6.766434634555354433e-04
1.141367534360227809e-01
6.649534877606511074e-02
4.374128663520483740e-02
7.803379073117719389e-03
3.051191985248492486e-02
1.080898377234795413e-02
3.440857314816905821e-02
6.440347967302101351e-02
7.032266606566353606e-02
3.612751233669386774e-03
4.095272744218018436e-03
8.288844664721690958e-03
7.078841510659047986e-02
7.236547949688264952e-03
1.348028626537984762e-02
4.203352532793714486e-02
4.265364854326246513e-02
4.626518544040469222e-02
2.449312586482721432e-02
3.292332318816474507e-02
1.761926031746465643e-02
3.478250869990799632e-02
6.732791799051944526e-03
4.345381024428114636e-03
5.639123968948708820e-03
1.613983133083299847e-03
6.937249926022016899e-02
8.214291602452045149e-03
4.440889580421728683e-02
3.515645583607600322e-02
1.675987303104525122e-02
4.400155299302120626e-03
5.682785983905827565e-02
1.118084113460893064e-01
8.495933408813272081e-03
1.978765403827257782e-02
6.361999696416362204e-02
2.476027807995582336e-02
2.408266122215938637e-02
3.487583595292063909e-02
1.756049074451628347e-02
1.200753817104616150e-02
5.336600352235199712e-03
2.520111336439630201e-02
6.324149788114057091e-02
5.434624176719913755e-04
4.346917844711813139e-03
6.295324090254742627e-03
3.143496700639497599e-02
3.073474599215096636e-02
1.484238594222867663e-02
1.531150938159717145e-02
6.084805916918446106e-03
7.183030778421436655e-03
1.068700917230617706e-02
1.198321734791661999e-02
2.388368754863836457e-02
2.779658696058019685e-02
3.221409035851462849e-02
9.838655662376682987e-06
6.881128584616669208e-02
7.898334363877429834e-04
2.006852144675365379e-04
1.155678640278589610e-02
7.034720487638854158e-02
6.288647388225972190e-02
4.578021324048074658e-03
6.590986335423562256e-03
1.110824049053149160e-01
1.967242134979291582e-02
1.632093287600073356e-02
3.663971547183769717e-02
3.483227148686227764e-02
2.398161079124877006e-03
1.017773745768394203e-02
1.156488947043995442e-02
4.839032163991996427e-02
1.483034650584359564e-02
1.026454144063925281e-02
2.243670565669183409e-02
5.021820376578251671e-02
1.555137695000325011e-02
2.590736230112591909e-04
1.120607535722135603e-02
1.386557605863483755e-02
9.679081528094123088e-03
4.315873887137293419e-02
2.359421734580514907e-02
2.856394000087783026e-03
1.307991249213587559e-01
6.072069691813143655e-02
4.684055749927321100e-03
6.994915505004917211e-02
8.267073794341023296e-03
2.078580395642197140e-02
1.942335824692107554e-02
1.159788622687795978e-01
4.498527310583559646e-02
9.596669972558511535e-03
1.955477566468952211e-04
7.101188912600912839e-02
3.894690802495238968e-02
8.160548246909470407e-03
2.587210387580734378e-03
5.611683743696997684e-02
9.204863898735451272e-03
3.988548086324535114e-02
7.911715992281388721e-03
2.013688985057269717e-02
7.164289909552071581e-03
2.592508361640324249e-02
2.154241408350615616e-02
7.039516287937154504e-02
4.647190272299810132e-03
2.628833745957525475e-03
3.347255239468365645e-02
2.354962477447582886e-02
2.036745259239703017e-03
4.311630237478518424e-02
1.617324460932258179e-02
1.969181827919180491e-02
1.319044055881994360e-01
1.119778473606383579e-01
8.591671955489633972e-04
9.557800162230437047e-02
6.850919083049224201e-03
4.252401905427354023e-02
7.283794483974047329e-02
6.648278815185253154e-02
6.896437423016840707e-02
4.883279647367667203e-03
6.468103998009618744e-03
1.729681940048233557e-01
4.887880821916310015e-03
9.372646823907994015e-03
6.614483438877222753e-03
2.249126660625299506e-02
6.472608955705855087e-03
4.444420407056152295e-02
1.397417655210859977e-02
3.493374099710483405e-03
2.687270807851124127e-02
1.668151313078287262e-02
3.418582702362868431e-02
4.664545929442835692e-02
9.631593198855634141e-03
4.566619358228665541e-03
3.325152584126704614e-02
1.960761668529143950e-02
1.125634483541346209e-03
5.381337098125175446e-03
6.807287316010560141e-03
3.114552781442170293e-02
8.199576896804409987e-02
1.020691917487345363e-01
2.826902457624425047e-02
7.900049164518264944e-02
2.070164104891044493e-02
3.078773612283706301e-02
1.577968849519407329e-02
6.903572644037661576e-02
1.721014140960413358e-02
4.137831131912900542e-03
4.587942669274192725e-02
4.869884624048658600e-02
9.500374970033491698e-03
2.929411333894807110e-02
7.140789769088766448e-03
8.798582343460201183e-02
4.127424356625560009e-03
4.732633012969477554e-02
7.770656279521120577e-03
1.791762943917223419e-02
4.053429909235121975e-02
2.443133262994778843e-02
1.032635984463572444e-02
9.129937281770042490e-03
3.753798100240821056e-02
3.519440758601004304e-02
7.276708493986208670e-02
1.502923971584786689e-02
1.367662581906867701e-03
6.880876334767824232e-02
1.014270037342848707e-03
1.688156258960746975e-02
6.816442160377064741e-02
4.081852812287787430e-02
1.152393871491068089e-01
1.264847314015529051e-02
8.705637361318414869e-03
4.919144179762471869e-02
1.573403986527774703e-02
1.047444139283733866e-01
4.926877834886301405e-02
1.162667148237292621e-02
1.334806119556614101e-02
2.219695859102616131e-02
3.423980093451075082e-03
1.763675596376511681e-02
7.590813523996673383e-03
4.610993187539812188e-02
7.286091457254655762e-03
5.905855418667742621e-03
7.045602580498976780e-03
8.748990878734988486e-02
2.220913638005931126e-02
2.712629135316444503e-03
1.166159685736645538e-02
8.332876463000888842e-03
6.749789685648144300e-02
1.908937724777640121e-03
2.976194454324480876e-02
1.818059135857849618e-03
5.057446067461788056e-03
8.778242297770692121e-03
9.207642373275417777e-03
2.105496933568774820e-02
3.096178168891047452e-02
6.333899944227150414e-02
6.040654830405604858e-02
1.950234716492835890e-02
2.856868317045587954e-03
4.758883227925107123e-02
2.097954120314562965e-03
7.710772634347762278e-02
3.679990907774769587e-02
1.087264393898711851e-02
6.796420322804749836e-02
1.966278466932659674e-02
5.617705786229856835e-02
6.032017482428701782e-03
1.385715023065924728e-02
2.792204269071824757e-02
2.159488635830935505e-02
1.810578330463524788e-02
1.346731216141564165e-02
4.004445962133854064e-02
2.929549778925432529e-02
2.987453355156451107e-02
6.402220563368310469e-03
7.161993481486352703e-03
4.393467105888887447e-02
1.815685570230595250e-02
1.429848709043284316e-01
5.629170562942202583e-03
4.442939580128626303e-02
4.603870898034954917e-02
7.887250182148096422e-02
1.735725892016675223e-02
1.123087456723975523e-02
2.960783110289798639e-02
1.889257555043351577e-01
7.386871783287701776e-04
2.980652413644089768e-02
1.786034250316722791e-02
1.661659694521854663e-02
4.716107693973891485e-02
6.137616320247037127e-02
1.054000795763412705e-02
4.564208373464748864e-02
3.183529714220991597e-02
4.558478211994592549e-02
3.151317402451114802e-02
6.693631566863700311e-03
4.982663066388153678e-03
3.199139183094865807e-03
1.425696676305818478e-01
3.833928605943606738e-02
5.936341491571485267e-03
1.256141385148127898e-01
4.912340554855246233e-02
3.739415141855630120e-02
3.013730043308544826e-02
5.677912345643532088e-02
7.650688491359854820e-03
2.260223160048521057e-02
1.320578713232338497e-02
2.361744020200489194e-02
3.145515774978949186e-02
1.604880677773095829e-03
2.511253464659170265e-02
3.133126863980767972e-03
1.964955098656484198e-02
6.651502846592549645e-02
7.147806663296471172e-03
4.327196229542980277e-02
3.461213552699585194e-02
1.795042503550758201e-02
3.653586025927137854e-02
3.534057686182794783e-02
8.061138929311911089e-03
8.480434900957756553e-03
9.110108576184713230e-03
1.411283801172315971e-02
1.933200166300652612e-02
1.243451834962392387e-02
6.278589165781887568e-03
4.294589904641921835e-03
7.359212382406463138e-02
2.771438707678183788e-02
3.007762042384898304e-02
1.155496196398012321e-01
7.334229128428962352e-02
4.846721837222080220e-02
2.989023960400442881e-02
1.273856866512611263e-01
1.158240860620947388e-02
2.280184287269523130e-02
9.715024447434426891e-02
7.287083042222107510e-03
1.473840144836530419e-01
4.444433819747711789e-03
3.666883167537047378e-02
2.334709408141749480e-03
7.905675254036154120e-03
9.077342493476182883e-02
9.436672343168556187e-03
7.107923680386322302e-03
4.061622144693938924e-02
8.345565501504641215e-02
2.006186672833825194e-02
1.600263067689387531e-01
3.868356271470084484e-02
2.657151921033429343e-02
5.199880919665150064e-03
1.317358618852306276e-02
2.409263409492920505e-03
1.535148469901423396e-03
5.064765352425507072e-02
2.113489560443847226e-03
1.220555102617869314e-02
9.381352281705158253e-03
2.823162994310270124e-03
1.117924942940265176e-01
1.808808592429565765e-02
7.950405143401055585e-03
2.447156932904380727e-03
8.431169806720593962e-02
2.306724253649847581e-02
6.942128251800970540e-02
3.325315467422768761e-02
4.063713000534917991e-02
2.078709269723679962e-02
1.248644708243008827e-02
6.294683846502048714e-03
1.178718600358547031e-02
7.066513749889026530e-02
4.174931206694063035e-02
5.148520336580244758e-03
1.345392544257134268e-02
1.275862790217687781e-01
6.663969217819137869e-02
4.578926628612830715e-03
1.446133925554330402e-01
4.970832811345055925e-03
1.908862576773838471e-02
6.711578723603492391e-03
1.083816178175849715e-02
1.516604639624709143e-02
4.161528810376874388e-03
1.016882441654348990e-01
1.557821009004502731e-02
7.416217720483883613e-03
8.259573848130368975e-03
5.311688753409683772e-04
7.939608219333199601e-02
4.258658906469486166e-02
1.871376460837190225e-02
6.103041273575499082e-03
1.541352186500529776e-02
1.284104143560656046e-02
1.066198453394315432e-01
1.973269082669267330e-02
2.286492010976114327e-03
6.273476450688946285e-03
1.973881514546916432e-02
3.787190773722547144e-03
2.198648596493501389e-02
6.049875789139445154e-02
6.623349214205072680e-04
1.297950852324247610e-03
6.216360442423948113e-02
6.277303141199105929e-02
2.632193912026526555e-02
1.272198655016245489e-02
7.379343690016475221e-02
1.132276903912439459e-02
1.136621182740973207e-02
2.962776141424635148e-02
4.445940827921711358e-02
7.909365724450689861e-02
6.371929624756572132e-03
1.078746780344127382e-02
3.816188944670869526e-02
1.087715069577407240e-02
3.095979778657955220e-02
1.222768557491561194e-02
1.567056413401733961e-01
1.157479461315807229e-01
5.586720667072988741e-03
6.032359648973723010e-03
1.025808409163928014e-02
2.868802632823689875e-03
6.111530482620705640e-02
5.241621277914445404e-02
3.744694115370279970e-03
1.956642032791500174e-02
2.167318780733770711e-02
3.431270132387714833e-02
1.189935423009983589e-02
5.863423496648374061e-02
1.896737866291340821e-02
4.341280952826231249e-02
4.780385645666779260e-02
1.685576960666278906e-02
2.970854652155695969e-03
2.893234030759951614e-02
4.461233632124222276e-02
4.453560111410969496e-03
1.388007380449769040e-03
2.418029354616035506e-02
5.744084415783291472e-03
3.694471523593109707e-02
1.464768992144352411e-02
1.461738063170849901e-02
5.196008985194896374e-03
2.629483595131107757e-02
1.379825721440643138e-02
4.349677404283432830e-03
1.062086000818196485e-01
4.964458798579467896e-02
1.897740112143890892e-02
1.767454843157567103e-03
3.014946524146413023e-03
3.653410499938691131e-02
7.396229054360957400e-02
6.703485809227338610e-02
5.909315263902313251e-03
7.349212316915064436e-03
7.561780604550802365e-03
2.208475095624423679e-02
1.477439414389719249e-03
1.129224285959165575e-02
1.056032818779658461e-02
6.210185775191685853e-02
5.606782333306504357e-02
2.663176742372288033e-02
7.164828133969472490e-03
4.388900795519719289e-02
2.779138859779457793e-02
4.647313772791657194e-03
1.304568564427715030e-02
6.995436328729723319e-02
2.413932611015929403e-02
6.813491867232365773e-02
5.663350362251025338e-03
1.270174563760344266e-02
9.177531552493137235e-03
5.841955062752007821e-02
1.195366588037724553e-02
6.214665826343058336e-02
3.885534917723783288e-02
1.493179467451081523e-02
2.135210002178934349e-02
3.581534042401904316e-02
2.230916036283119019e-02
4.301747722703645749e-02
6.437325320188466704e-02
5.705075391388585160e-02
2.039715379183582034e-02
1.253459843520571271e-04
1.802069474453573891e-02
6.460993644899026486e-03
4.382084069202653656e-03
2.865141718475463020e-02
5.245175516341608890e-02
4.716879419173162363e-02
6.322132676681989361e-03
7.090299888609452594e-02
6.070648330540606707e-04
1.366420530088061913e-01
3.177093348570039777e-02
7.851700813702516477e-03
3.991947738345810737e-02
2.499298117591110951e-02
3.867451371208315697e-02
1.056753340144832021e-01
1.847299510861648286e-02
1.119542762901779530e-02
7.710967935638304675e-03
2.983354685774790294e-02
2.843252135882392249e-03
1.255479109977504504e-01
8.990457515893804374e-02
3.775308906987769400e-03
1.807936620790609114e-02
1.199772903602586843e-02
1.168635786547819744e-02
5.162814208574111052e-03
1.929742930972297432e-02
1.401949642962548037e-02
6.771396456433252664e-02
1.814857230018203024e-02
1.428660184129898481e-02
2.577329168457526479e-02
1.282180730367163575e-02
2.659028877995258007e-03
4.660642236394116344e-02
1.860872517857582731e-03
5.269201848740977072e-03
9.763044131310812113e-02
1.906859320840101346e-02
5.566327628318659682e-02
1.123164479806277628e-02
2.549077657770813798e-02
5.484534169056649866e-02
2.209365269642079438e-02
9.727434968269135090e-03
6.412863846993625827e-02
4.324273044633910462e-02
9.242307475130225047e-03
1.836305149193569186e-02
1.885396067259224526e-02
1.536999309008829293e-02
2.735638806017397229e-02
1.133405575862812542e-01
1.837149381265722192e-02
3.988678227911128527e-02
5.147766028076495443e-02
1.059326868231260654e-01
3.351727143977792020e-03
1.858266113266556635e-03
1.080258300917100178e-02
5.670098767557148201e-02
4.660346393473635551e-02
5.242265167789823127e-03
4.721049082854345685e-02
1.156699771060462970e-02
8.214860847683136402e-03
2.192719251796100555e-03
2.344797207384462581e-02
3.630735350626870805e-05
2.006860120166402417e-02
1.802078993229039999e-02
3.777672344814672623e-02
2.746469677889869926e-02
8.769060702223659826e-03
2.990741936630435596e-02
2.101117754698799550e-02
5.310896095494024860e-04
3.193912369404790230e-02
1.077947646186471625e-01
4.439368905251395853e-02
2.042741946943475717e-02
9.602501813392352870e-03
2.685389235991078941e-02
2.186736839139585831e-02
3.600802232686586141e-02
7.930439312714612082e-03
8.306083322895466137e-02
8.149307225331513249e-02
1.436112316880116813e-01
2.966118359347784741e-02
7.743418552294718815e-02
1.004256801191385703e-02
5.798033842618547512e-02
3.533438452075096659e-02
2.174460051538439770e-02
5.854094774692631016e-03
9.532099833818438381e-03
1.021912498968262188e-02
3.220621233797353600e-02
4.880279751686852907e-03
2.164988024495428931e-02
5.057771632642932974e-02
3.367883529958358435e-02
2.696324434515937063e-03
2.373942019404506193e-04
1.785171202569069832e-02
6.119881846840929257e-02
8.135480800585914718e-02
9.387817835631194138e-03
1.505865073157527240e-03
4.205228955546883030e-02
4.096733370287291426e-02
5.732436022559461719e-03
2.626838975533726805e-02
6.022422343442440651e-02
1.020440227670112721e-01
6.089474547868993504e-02
5.569125772598036705e-02
1.047501767157548724e-01
4.858834999016362760e-02
3.909830330626445916e-02
1.161754116103441425e-01
6.589322175031667173e-02
3.611919804075702789e-02
1.023427700260700346e-01
3.989928080793643528e-02
1.371979248869824135e-02
2.977958116187415932e-02
1.546930507579036274e-02
1.063944048615455412e-02
1.862051089607265342e-02
3.260682924118082915e-02
2.804968350834932331e-02
2.846121033888558693e-03
1.444723567383345703e-02
9.666872239668576616e-03
1.587533323138990565e-02
4.597466618352821777e-03
8.339662876800621460e-02
4.846904663576831473e-03
2.047710728955726839e-02
1.474695225518292407e-02
1.626052047193476263e-02
5.674176569515299029e-03
3.677672478479349083e-02
8.511148902796902838e-04
5.929013452801278061e-02
5.206181586362693126e-02
2.876176776136932234e-02
5.407410403916312891e-02
4.702741815919936341e-02
2.561505370520636773e-02
6.898249866673327249e-03
6.225780514812717659e-02
1.689011062052612339e-02
2.844293051356158036e-02
3.875342724144605067e-02
4.918065371102389727e-02
1.857503060264132505e-02
3.695285850570747058e-03
1.815038802676329291e-02
7.623285933959771110e-03
1.752531010272506337e-02
6.749845415207308963e-02
4.791404578538757675e-03
3.146966614219547098e-02
1.240424078693673493e-02
3.052640179693558165e-02
4.033375064519006958e-03
7.803418643566522456e-03
4.639107881531404770e-02
1.369710130002719378e-02
2.381847444352248530e-02
4.745567174212501210e-03
4.225413305392732716e-04
1.087948662211772784e-02
3.669877158383644256e-02
8.349649004993487181e-03
4.827767109914438137e-02
6.321857283591569843e-02
1.938541670314071833e-02
6.832924032422135752e-02
5.194693858372888967e-02
1.509309153269991835e-02
2.660512931357651017e-02
1.437548387403355700e-02
2.677755392362778097e-03
5.692193752900937681e-03
2.595905212799979114e-02
1.412099276418616288e-02
5.050823969485243592e-02
9.088075872473712347e-03
2.786420946227448348e-03
1.559167646728784606e-02
1.080219496068532403e-02
9.204973425465284853e-02
2.076314758482955547e-02
8.104387892560679929e-02
7.370521525869307838e-03
3.261891292217748706e-02
1.366875154494459621e-02
1.496195124180094670e-02
6.491111144453988457e-02
2.242873108262032067e-02
1.745517911435312888e-02
2.812466947142216664e-02
1.353554112253893549e-03
2.229331909149030559e-03
1.605226296326794921e-02
7.519294248051475345e-03
3.844452666530145946e-02
6.476166556129418772e-03
6.884751317064943463e-03
7.408308932801146995e-02
1.538111994707311303e-02
4.010054518668623030e-02
1.796844917931646191e-02
9.232339384206471322e-03
3.199754635908435424e-02
6.090923703135430606e-02
2.907417043865343984e-02
2.904954677782959141e-02
7.296308239406484701e-03
3.978663500033677129e-03
9.472729413364237849e-03
2.303420657009335598e-02
4.582372688566821450e-02
7.297657946530083928e-02
1.683601307365913818e-02
9.787707854140262342e-02
1.771688415402718209e-02
7.391838168039959953e-03
3.770867804486990882e-02
6.292674394062738874e-03
1.280742104856644470e-01
1.093899690308085780e-02
4.635218788496617975e-02
5.684870740268225045e-03
8.716157037920047729e-03
3.056350857523863762e-04
1.613330156792867551e-02
2.039264136742046513e-02
3.635917543461376911e-02
1.769198190894460260e-02
6.435770402159747550e-02
2.649713917335658198e-02
7.632448107218274547e-02
6.290188582546482610e-02
9.707960980391746805e-03
3.936816557428786389e-02
6.071109756921030248e-02
9.238614206770169590e-02
1.257218148616751248e-02
8.302177827836501600e-03
1.005557425395498666e-02
3.297723030425366020e-03
5.188206331128708548e-04
8.762533706613555295e-03
1.753431326467046192e-02
6.113370418326929956e-02
5.126699168251965671e-02
5.739948938649777621e-02
4.441113995395852554e-03
1.323989659569278082e-02
1.891629496650459874e-02
1.649326460873236019e-02
2.972263238721871426e-02
2.901625292468794359e-02
3.488032394365353506e-02
5.115022637027850233e-02
1.643740302724590319e-02
6.088146123529415872e-03
1.797515183208763662e-02
7.143233222362747881e-02
5.863715749408424105e-02
2.815793527052526737e-02
3.059147401008179348e-02
1.842224821269433481e-03
6.999661935052373107e-02
2.467391667484782405e-02
7.012139379694835167e-03
8.725695463349674927e-03
3.269887599233954611e-02
6.101499422286676272e-02
2.275738527564826960e-02
4.596980920102244905e-03
1.222139488760871917e-01
1.339042781257744619e-01
6.685330037085004951e-03
9.036405734814265123e-02
2.244210648581160261e-02
3.181531531795080137e-02
2.461452030948618058e-02
7.578310027179138708e-03
7.415271443747905797e-03
9.326070914375191034e-02
9.843515068331010198e-02
2.753067212579216050e-03
7.678006729012354370e-02
1.230328203821721977e-02
1.215153750181639444e-02
2.738546603751984207e-02
2.310817738065378685e-02
2.188292364321641620e-02
1.814166421761338049e-02
4.324118484392135836e-02
7.782276713031469062e-02
2.867330062759931332e-03
3.863434964614757827e-02
4.506662029020838678e-02
6.783444744832156648e-02
2.682548312787446515e-02
4.047067300276319113e-03
8.484358434347305522e-02
2.985282328148140471e-02
8.898066237042336762e-03
3.115836854904881215e-02
9.108625372891298103e-03
8.065161693985678504e-02
8.993317975233908190e-02
1.661152262333232335e-02
1.486772970606115886e-02
1.138607035223440297e-03
7.847806798824378746e-03
3.241600760948134402e-02
8.467515271161994012e-03
3.466892222884280540e-03
9.541044468342500806e-02
1.609567757997360307e-02
2.069556331904812835e-02
5.708718827135444984e-02
3.095038938104786863e-02
2.743248817952206181e-03
1.106974113362153844e-02
