1.752720265885987852e-02
1.199137295047872018e-02
7.162695585241405857e-03
3.826742528915932050e-03
1.279992152826982255e-02
1.602929131076111235e-02
7.444340844211855615e-03
2.561208502463615741e-02
9.522886631985777450e-03
7.342518829638815248e-03
1.187083945527129484e-03
2.766589162768389593e-02
5.218323561469263849e-03
7.940660872729604636e-02
3.704679678710395829e-02
1.930681657692931430e-02
8.248170729996333328e-03
2.847352445969897339e-05
4.700557823541559772e-03
7.271473073001035424e-03
6.701216020614138291e-04
3.766995597306170562e-02
6.338892273614149184e-03
1.850568217476598540e-02
3.163461067739983118e-02
2.874448473507784131e-03
1.345898242935004898e-03
2.000228503710675676e-02
2.376080661575970254e-03
6.468198391344930076e-03
1.591322932377794291e-02
1.664512746406182284e-02
3.890054759326227324e-03
5.660708219947807596e-02
3.243565600613348976e-02
3.029748251639029569e-03
1.484098002262189755e-02
2.016278147608676491e-02
1.506838962089535744e-02
4.352802067854685125e-02
1.718854038296103656e-02
3.523273565840317686e-03
5.446350725598461499e-03
1.249436850328728907e-02
6.590047624909481719e-03
5.499990970820570896e-02
5.456489140203132221e-02
5.114767993826528115e-03
4.946639979733227777e-03
8.082161868104176250e-03
2.521370939644395140e-02
5.462190274074678331e-03
3.712085553090338236e-04
2.231892395986484479e-02
1.733053517659279702e-02
1.727053074694581344e-03
1.515369305733770509e-02
1.532309609353518960e-02
1.000226335745098283e-03
3.861980256269467032e-02
7.562131997902296968e-03
7.864857337010677449e-04
3.363817676342872875e-02
3.869729195175308778e-04
3.627373668101273319e-02
3.640599058589749637e-02
2.300324160895195896e-02
4.117584137478345202e-03
6.016888974404084947e-03
1.821117023948094077e-02
1.522291731122834418e-03
7.907817907970368654e-02
9.759439227159704203e-03
8.724520905433770859e-03
5.354735320670461762e-03
3.832267771175023457e-03
2.326992313057529155e-02
2.180338769403825094e-02
4.017774405744480026e-02
1.098432842281090588e-02
1.648936815260449579e-03
1.926538775857406655e-02
3.616219358977083853e-02
4.639343254975125848e-03
6.055456694945872409e-04
6.205056140230872513e-03
4.205993401922862931e-03
5.094740096276642420e-03
1.370781141778573686e-02
2.980429892307399908e-02
1.104629076031870931e-02
3.861128350370854334e-02
1.415192291255022716e-02
1.150327878921397935e-02
2.105963066379053922e-03
4.021085289945466705e-03
1.161186561313098768e-02
2.428504913692993566e-02
7.712794522133362835e-03
1.386631461090235065e-02
3.723232435331010753e-03
4.313140679172631359e-03
3.983356081566763723e-04
2.043535694687034082e-02
3.153884312133183043e-04
3.300803690203363804e-04
2.543509101902316841e-02
2.038287938532932098e-03
2.012740967909314865e-02
3.596168351584847628e-02
3.122774794294198852e-02
2.497738706578412488e-02
9.219858490867739731e-03
2.703409107423523222e-02
2.662945358299621118e-02
7.626705840589498298e-03
8.073997175371558713e-04
1.256389821706429405e-02
2.867402428401382222e-02
5.143434235439302282e-03
3.667863245243025046e-03
3.372265944848205216e-02
1.627743171698157326e-02
2.945084967028292755e-02
2.912057394069490074e-02
6.553973767399708106e-02
2.448920164960052392e-03
2.767291389849628816e-02
1.717918269778804033e-02
1.520044365063718574e-02
5.563011680900088567e-03
7.052291194914066252e-03
1.186603248207620739e-02
4.198042024362514529e-03
4.094426992347256766e-02
3.825060721227706295e-02
1.509481852980294921e-03
3.410057831364707737e-03
2.810658059862035721e-02
2.572779360582213258e-03
9.704267796841865856e-03
7.258139013063456824e-03
1.663985631669775977e-02
1.762252190317496400e-02
4.020407743392719058e-03
9.054046054746828220e-03
2.679399890228509676e-02
8.719381478621557324e-03
1.705368449818193965e-02
5.627020246550467480e-03
5.308574109380767569e-02
2.885971351599392158e-03
1.574416154679428304e-02
2.332298699939755471e-02
3.177962539450906315e-02
5.517896918571935094e-04
7.493119947921153372e-03
1.004561611492428841e-01
7.284813119292007921e-03
2.515213674279616340e-02
2.048983213893672273e-02
6.687916464463343133e-03
4.829892472682581137e-03
2.840856070424944285e-02
4.153891327816539372e-03
1.288425923872683161e-03
4.152168847396393858e-03
2.722098872164408975e-02
5.038858430780320495e-03
9.836816587836097470e-03
1.113400286110940995e-02
8.861698194478833529e-03
7.555417643983895759e-03
2.040565342190400061e-02
2.722062224956794951e-02
6.618402951412276879e-03
3.454829653659654155e-03
8.768299162194436933e-03
2.547274309315217949e-02
7.138047489572395439e-03
1.673940532652918797e-02
1.334029431658913765e-02
2.345541815379880227e-02
3.275157772147762290e-03
4.978980046750347555e-03
1.488507217319563064e-02
3.938154773178054700e-03
2.699732751494321459e-03
5.193300793775080040e-03
1.742105431682243119e-02
3.586170778019467931e-03
7.284653587341276618e-03
9.722679997603246235e-03
6.752148429543039510e-04
1.087808543602450558e-02
6.706967287363638230e-02
1.366315108627355612e-02
1.084091019497136071e-02
6.593379321911260749e-02
3.958475337509593378e-02
1.174886283092836919e-03
1.749836723456599588e-02
1.324754218115625770e-02
1.866165610078584017e-02
8.640522097741571220e-03
1.248119164397249728e-03
3.844110385858687425e-03
3.741912545141736022e-03
2.954123201865999949e-03
1.199418234364102789e-02
3.068754469280338473e-02
2.387930827845444019e-03
8.833592711228221636e-03
1.316682096380906997e-02
9.433479494587103734e-03
1.299486347753493407e-02
2.064668962690893728e-02
3.285429174871142173e-03
1.589524139026105010e-04
1.744775887268746814e-03
2.133647100233328903e-02
2.089000274195602913e-02
3.113863321783090325e-03
1.019694192592311179e-02
1.140376312415392751e-02
1.740664314709830518e-02
1.925524325328498154e-03
1.005060512595761513e-01
1.758229675233132644e-02
1.441630169312185100e-03
1.953272758698215358e-02
1.878649484942772341e-02
2.114432954183705776e-02
1.567085703412498740e-02
9.139642282071099022e-03
1.106850927840379332e-03
5.644241103146182062e-03
3.110346032217015458e-03
1.662248564838852407e-03
3.134548912945787132e-03
4.470800348620193598e-02
5.522887901127961768e-02
5.991217495033446597e-03
5.242792601729599766e-03
4.270344973854894866e-03
9.108725806600131980e-04
6.300260887048152181e-03
1.418828261172833810e-03
3.082606109880910161e-02
7.603776197062031214e-03
9.543574477670789188e-03
9.101052719445465108e-03
1.729376179019200682e-02
2.266491746465989360e-02
9.132787851211209007e-04
6.932239792698503822e-03
3.296091412497022775e-03
1.713605291990840176e-02
2.548622542214650302e-03
4.843849419488355235e-02
5.102604334742465858e-02
1.010259197157432551e-02
2.753516762806814885e-02
1.229146949145013684e-02
3.519251234779839643e-02
1.601643636576704360e-02
2.024147257695909329e-03
2.438753732790636432e-03
6.293796314941725416e-03
1.975627019912948659e-03
7.699482423944503315e-04
1.342198362446378208e-03
6.112092648799181960e-02
4.162320792509693196e-02
8.252726835740770150e-03
5.429349038814618167e-03
6.513388609373695765e-04
9.807891877574647505e-03
4.481306574372382993e-03
4.622299335369166318e-03
2.216288714138127044e-02
2.724639568427756307e-03
5.846204468537230525e-03
3.855506973097887723e-03
1.584115055178449485e-02
3.455256976419720377e-02
6.276632358786532473e-03
1.138221864312568415e-02
1.833843170894789570e-03
1.671526287194772392e-02
2.704490923878556490e-03
1.882255628326339608e-02
2.374161759338784192e-02
7.719191276713830915e-03
9.655949672167929432e-04
1.757775225593827956e-02
1.055271727198676610e-02
4.269606410535876570e-03
1.645684287427770856e-02
1.952466218778940721e-02
1.114891895299015973e-02
4.663442980952007405e-03
1.559976247440009178e-02
2.366353751652603560e-02
2.824217607908479158e-02
6.300088837894274318e-02
4.050659911399944954e-03
4.820976025349628900e-03
8.914755376830405323e-04
5.602699409778486364e-03
5.562387796922638357e-03
2.258767746380827002e-04
2.639121634532315408e-02
4.940082971183186976e-03
4.544796850550671813e-03
1.769133554179794926e-02
1.087061915352087113e-02
4.270812728418198201e-02
3.116791965424215664e-03
1.658858663798860184e-02
5.244668214758571242e-03
1.720398355377727312e-02
3.977823286001786612e-03
1.358841696226334092e-02
3.565765466710344670e-03
5.313060903732593626e-03
9.504211218697598482e-04
2.253065780398686574e-02
3.142900825832685430e-02
1.483466816662899757e-04
1.172088314721386054e-02
3.229084850132846185e-02
5.722206628589118771e-03
2.296019913228504114e-02
3.797701634115711877e-03
2.090225375555957582e-02
3.181248671045254495e-02
4.621197124013827484e-02
7.374831294547632907e-03
2.629773956840395291e-03
7.042644108088634211e-03
5.273039509631064978e-03
1.132030195576368484e-03
1.484420448806142954e-02
4.236887769678215898e-02
7.298308024972621072e-03
8.500882934066086166e-03
4.295994291057676079e-02
1.176623681877006500e-02
1.619990963146761276e-02
1.926173140015870547e-02
4.815861397295602073e-03
2.695769650310851293e-02
5.968467208205036414e-03
2.317709203305750448e-02
1.941440004290006377e-02
2.624054671229014007e-04
7.207985867515010435e-04
1.737441940177661057e-02
5.753270239740575914e-03
4.329079727548102580e-02
5.617460254345498123e-03
3.111556793001135635e-02
3.001899305839811349e-02
9.807039609863309193e-03
2.157037983841321102e-02
2.051486527419561084e-02
2.139369996321765360e-02
3.439250312583668617e-02
5.554834388930941953e-03
4.936049434809523101e-03
7.094389478849721584e-03
4.923861471942818889e-03
1.295269546047789818e-03
2.696019584931151278e-03
5.110563632908433386e-03
3.247828758955390027e-02
1.025073679299798660e-02
4.619540944294030227e-03
3.575939475976112891e-02
1.214545502282200068e-02
1.326763740484260268e-02
2.035907316109697440e-03
6.253182740865317890e-02
1.598020378769025168e-02
9.713528723079428717e-03
7.528824226897545824e-03
4.265838755702784299e-03
2.457648991361814465e-03
2.299139102879209709e-02
7.487602062257659417e-03
8.915125908098798721e-03
4.752627076335615153e-02
6.913141879941696148e-03
1.237401720885903354e-02
3.223591550791287536e-02
4.863222350741261066e-03
5.809530187560526387e-04
4.598317944876412905e-02
1.102694400949066206e-02
2.388507599951697827e-02
2.053365904830867922e-03
1.037930642649436547e-02
2.085979070088039150e-02
4.669484515402583247e-04
5.807582018498048948e-04
2.964135564278671392e-02
2.365769694084935999e-03
2.293251531988074743e-02
1.315811100285687457e-02
9.856239080123369023e-04
2.101892904464233713e-03
3.543222662793893071e-03
2.315019940162256831e-03
1.351742725812931853e-02
2.965972105203535866e-02
1.213431247568038177e-03
5.497637922318842491e-03
2.115557914534163357e-03
7.824668171239106129e-03
8.984045543429625483e-03
2.436114698864567246e-02
1.302431183227283421e-02
6.845453069607503396e-03
4.018518572394941951e-02
6.955207694948197655e-03
6.465065857289955045e-03
2.118819349263129093e-02
1.071587491386494749e-02
1.679527746256691094e-03
2.325610734222331721e-02
9.112955395939689729e-03
5.736122643394301127e-03
6.816906297289173494e-03
1.671333468119651222e-02
2.408414315191901439e-02
1.439674063007026408e-03
1.064131740104827008e-02
1.051189859962990691e-03
1.074301805553413633e-02
3.274079609147419623e-03
9.455851898054271065e-03
8.378290127745404575e-03
5.496864796955255872e-03
7.125754850891728373e-04
4.523108938243251397e-05
5.219138243752792158e-03
2.118613284926973428e-02
5.116175945944103146e-03
6.930930429271071024e-03
8.524991483585158888e-03
5.747937556881328215e-03
1.086786440992787602e-03
1.838972682833161371e-02
1.807292229412801529e-03
1.478480804864994863e-02
1.470676309331247697e-02
9.484943356068142872e-03
4.172373408324750801e-03
9.515544105209614370e-03
4.986295262697094076e-03
5.282081353004113022e-03
3.078189923681831294e-02
5.325569202315807819e-03
4.030447324722045629e-03
4.910227797595923677e-02
1.404761947293613200e-02
1.068436179484848723e-02
9.383458292066541861e-03
5.413556861810484011e-03
6.988744178859132225e-03
7.172012097830525110e-03
1.718710419244790823e-03
1.980741172509052628e-02
1.784845445856140383e-02
7.311975079673106725e-03
4.464218976823690344e-03
2.721140756086009270e-03
5.168591275522172943e-03
1.190335893446157339e-02
1.079502711846234975e-02
1.147268119048799363e-03
1.898013592092134827e-02
9.759764823514979065e-03
1.532212502824306481e-02
1.084863931534547736e-02
3.342055939551902451e-03
1.556866300015000495e-02
1.423018424983214271e-02
1.430119416074330033e-03
2.250819835712320784e-03
1.464714922707574182e-02
1.033064718744182257e-02
3.294199045696397446e-04
5.001250326497721360e-02
1.037494047911546174e-02
3.929700305618506750e-02
1.797961848074645236e-02
1.357229953501561462e-02
8.844388503449064458e-04
1.753401047099257745e-02
6.842524319036699665e-02
1.892626253654333332e-02
3.518271709982253442e-03
3.327774961761663375e-02
6.904745884005739597e-03
1.812689066310801261e-02
1.506080100004705824e-02
5.778267788122048651e-04
6.967904832839981466e-03
7.522195154758792336e-03
2.187946821092991850e-04
1.907628227581866648e-02
2.523970009582125404e-03
3.056644911153048871e-02
8.311032579521310595e-03
1.666431578578127931e-02
8.045233886127317949e-03
1.019216164022661818e-02
5.323880434915037596e-04
1.193212785594580105e-02
5.732496620236552341e-03
1.264429796824206951e-03
1.076156457013693543e-02
3.752900525874918250e-03
1.420052993151689133e-02
1.946555545372422730e-02
1.312724925863086728e-02
2.577720294509744381e-02
1.109424309864523277e-02
2.472069235190673276e-03
5.391491355729019150e-04
7.682371744854648785e-04
4.399519191222736603e-02
2.477555505610589542e-02
5.994128653813260953e-03
3.448784505025431942e-03
7.318070236153642952e-03
3.447885408160379639e-02
2.283351089967495390e-02
2.354636658400989513e-02
4.065427304288681855e-03
5.754136806937495095e-03
1.148594752656278625e-03
4.318350320149808019e-03
3.583905039569837067e-03
1.444106859045654785e-02
8.038167262744295646e-03
6.660201748115400500e-03
4.059263677843559515e-03
2.108372756451911550e-02
2.749391001372578601e-03
1.323288446499034168e-02
1.336212303935802558e-02
9.717153605457752585e-03
7.742911550556088457e-04
7.759539641762145789e-04
2.530609752026714843e-04
1.622603556517435847e-02
1.139467127370874522e-02
4.736315256742772151e-02
1.626626173724643812e-02
3.723004267098870175e-03
4.811925131357126448e-03
4.120913715888560591e-03
6.141872433033757073e-02
1.068373538611379868e-02
4.472496578226032443e-03
1.287711689092108439e-03
1.196051333612045339e-02
2.469275156787745229e-02
2.211811913038888577e-03
3.734173641145508565e-02
1.323055992360329391e-03
8.236798826840363357e-04
1.275983184443387278e-02
6.830543628728543738e-05
1.305469524275968633e-03
2.854674112284681740e-03
1.866103943331061041e-02
4.163666817951732282e-03
9.972376120097549770e-03
5.891327798825708728e-03
5.998224309365704845e-03
1.008475825879067908e-02
4.027670985007404322e-03
3.528269192703769284e-03
3.666623993798449714e-03
2.727356084347978913e-03
1.714587503351005376e-02
3.264904892679680593e-02
3.698907690642116303e-02
3.150507461081882704e-02
2.201081185376914384e-02
1.113721440966870813e-02
6.601155338939074246e-02
1.658654071780792105e-02
2.865048251337969434e-02
1.266450305891183821e-03
1.475907274221852951e-02
4.399503098403725193e-03
5.657734671757119749e-03
2.389327027416334945e-02
1.226915134436382246e-03
8.025256114606926089e-03
2.685726115880535461e-04
9.351977526003384111e-04
2.159045869524794242e-02
5.149621385263630086e-03
8.300676160191006181e-05
3.153849250065871891e-03
7.232040724054448685e-03
3.130696165217347702e-03
4.662022732499345942e-03
8.121544574463322036e-03
2.184206418817842554e-05
5.775020333224670580e-03
1.300217507013415189e-03
6.335798492569830534e-03
3.262744174931637986e-02
4.771628343652628904e-03
2.117815999069457347e-02
1.003226607938820583e-02
3.411721222950882954e-03
2.782352098917078784e-02
2.233448121722608759e-02
3.708388911207721739e-02
1.252765817840005048e-02
3.124238140951648979e-02
2.190574720038511447e-02
3.054756788531546099e-03
2.842973854966270725e-02
7.108487517447987375e-03
1.266867872986957976e-03
2.161071920109819584e-03
6.969156548543289573e-03
1.772391488219728865e-03
1.830697791140606379e-02
5.518364229642291723e-04
3.231941799645750985e-03
6.415232217071685158e-03
3.744486486601075401e-03
4.999643492323570595e-03
1.967371451529925652e-02
2.217618203927965419e-03
1.302253446274121568e-02
1.508092038741395968e-02
1.808648175128837153e-03
1.055623217976065691e-03
8.875856450120483965e-03
1.171857622034328666e-04
1.247589235044080022e-02
3.354275791709219329e-03
1.799239735410932198e-02
3.816355667894198722e-03
6.376143132678918982e-03
2.182468071455993114e-02
9.982636715798466967e-03
1.765230016243878042e-02
2.325341931912354443e-03
5.479378020045690828e-02
2.850386199640132442e-02
3.331254893391370504e-03
9.409486734482563203e-03
2.598228840230283956e-03
1.322098752577145243e-02
1.009082992175345151e-04
3.992548265258919274e-04
3.249524377968074969e-03
5.523719083153133536e-03
1.325193960940388577e-05
8.280602491888323230e-03
2.807212197913627402e-02
1.041588004140849098e-03
5.059615620132595394e-03
7.086532926335209481e-03
3.935600868418268755e-03
3.175519842271228022e-02
2.349211086299574786e-02
4.949424257736262031e-03
1.116256830026189639e-02
4.803264958053253715e-03
3.422846373391073491e-03
2.169648646914833570e-02
2.613764441684014207e-03
4.123864223803171830e-03
2.060487801065388725e-04
3.588289951360814495e-04
9.141152530056071562e-03
1.964605521103383878e-03
1.371509386132485284e-02
6.186102198850006520e-03
1.118780444222598411e-02
3.181455846794767339e-02
9.854648199022432355e-04
2.208917422726151478e-02
2.666313697631030391e-02
1.740114299030798024e-03
9.715776080640179183e-04
6.656936829751317151e-04
1.612068373752576292e-02
1.052205099604368657e-02
4.614222406955036798e-03
1.885605587057198693e-05
1.565275684245427679e-02
1.620103814625514088e-04
3.868886738345064975e-03
8.558811761692264319e-03
3.767094479380395967e-03
8.958129773783464825e-03
9.985354909917013369e-03
6.464828120663926488e-03
7.596315775942006146e-03
3.414945056051961469e-02
1.067132986708779936e-02
3.789854205171949708e-02
8.244226324882499707e-03
1.342686968196954954e-03
1.404815464981493817e-02
3.082597677888349909e-03
2.297087379496025924e-04
8.526161965666152059e-03
4.413246868308950271e-02
3.872286470654820196e-03
8.776064486176141100e-03
5.049215313936266519e-02
4.077671097273940365e-03
2.061050669870502852e-02
7.774110208997883111e-03
4.303470884510805089e-03
6.727209832454671655e-04
4.060672440359186161e-04
3.149453530595582723e-02
1.426134858480350431e-02
1.811637120819621291e-03
1.604274663413826629e-03
7.592136596416027006e-03
2.307029929758761672e-03
2.057247228686310235e-03
8.416042338622167079e-03
1.252756767860171332e-03
2.270132467502170015e-03
1.549061904533171295e-02
5.475952496169701755e-03
4.110194275753353485e-03
2.035120109754231729e-02
2.343184821059116768e-02
6.837152003254003824e-03
5.662280531697080899e-03
8.939325824739363310e-03
4.742590378848632673e-03
2.355286496145730241e-03
3.837035353096407073e-03
3.936923368370116860e-02
4.462020734207684802e-02
1.037364963559612649e-02
2.039140426517613638e-02
3.094808781701921183e-02
7.105368089920809441e-03
9.059284929921640472e-03
9.376787608862463194e-04
1.937442051281501251e-02
9.334513724138225957e-03
7.285885704482825131e-03
2.279307441858085398e-02
1.235306448483619764e-02
1.233799311107316825e-03
1.067020910153982337e-02
2.155338638513531243e-03
8.729364168765199605e-03
9.184618925489810952e-04
1.392718375025045995e-02
7.234527797181325437e-03
1.904632980530162126e-02
4.361356505478464901e-03
1.493006704495461814e-02
1.491132333572828261e-03
1.435531301129461257e-02
1.060703356874339795e-02
2.919738438934327968e-03
4.646389417533371494e-03
1.075145306626588623e-02
8.019865454156087023e-03
5.812601170859620428e-03
1.896829013725034613e-03
2.155827470157313606e-03
2.801223075486774725e-02
7.482414618303823671e-03
3.147180085973090048e-03
1.825200615777161639e-02
6.282437298025654593e-03
5.340249361432068340e-03
7.789887022528113386e-04
2.817788524279634527e-02
9.632110096535816818e-03
6.445237938003233608e-04
3.000318616496826934e-02
1.743463104616686105e-02
6.324408634032455557e-04
5.996597641417412451e-03
1.885946193569996293e-02
2.246485024191187570e-03
2.006149324787623919e-03
2.984864220638304769e-03
1.973285386387262086e-02
8.507209172481166454e-03
6.933077853613587097e-03
1.700872892974297085e-02
6.221155800324321486e-03
9.575978578276477665e-03
1.065061465382909252e-02
2.210256722008229965e-03
7.770732520034536947e-03
6.280600758066415962e-03
1.282677101685817354e-02
5.969238105426167770e-03
2.031646437587892370e-03
1.559989861735279395e-03
2.848109614414462767e-02
2.415101045710105632e-03
6.351008204478886948e-03
8.953358562829832890e-03
2.570062059662077750e-02
2.125155938855679497e-03
2.860231477002544748e-04
1.802641432367834556e-02
5.552090178437441882e-03
2.816118642123834840e-03
8.693733742656348240e-03
1.028510291894338749e-02
3.945468108883198183e-03
1.669733806271288951e-02
3.554406068134905675e-03
2.912183216591494352e-03
7.090510046323364804e-03
1.937657148809007746e-02
3.092189123889986860e-02
1.281801709081982141e-02
6.169005457279656823e-03
3.397258690852946600e-02
1.023357908269675876e-02
7.118892290421179221e-03
4.700851128899332862e-03
7.306814426096106332e-03
7.665147202853990309e-03
9.504536098211117685e-04
2.880571855545863494e-03
5.422411605147266743e-03
5.460542235370482306e-03
2.484415204373754266e-03
1.521002617068026308e-02
6.501373825606986817e-03
4.475557738489133359e-03
9.771727214976612050e-03
3.980156624120861908e-02
2.520404025497140210e-02
2.796014369937076510e-03
1.791168833463843701e-02
7.800697139877592681e-03
2.866357977300816161e-03
3.899150662218867081e-03
7.305789306761394097e-03
9.908694220021451587e-03
9.456175922524614683e-03
4.351562847433928377e-04
7.228697571706499056e-03
7.982266801618766606e-04
1.949590491028573014e-02
1.582487001524536530e-02
9.390663799721745905e-03
2.025364716971893297e-03
9.255657309219562923e-02
1.172617245151465551e-02
2.959710975290188312e-02
1.007108628973431633e-02
3.082790895312683983e-03
2.824885126712108757e-03
1.811323786107023673e-02
5.279247472352520745e-03
2.124364238685796935e-03
4.233970459248631406e-03
9.612669793535050938e-03
1.347298365573098428e-02
5.179614711054512932e-03
4.939596624605998090e-03
3.317225849816149777e-03
2.509214705877894219e-02
2.071661637646142126e-02
3.596871912032939544e-02
3.600756867829184305e-02
1.748928674931619215e-02
4.904983548559289919e-03
8.351326325275764718e-04
9.212873257859049980e-04
2.847498811235318894e-03
1.299164471452052792e-02
1.667070624166826220e-02
7.295806068889135881e-03
6.285029818044105682e-03
6.060805141510014482e-04
7.582863219933691501e-03
2.912340089828205011e-03
4.743774192180522445e-03
2.857436962415771733e-02
3.186379563184738029e-02
4.118854011609248550e-02
6.240753147225460047e-03
2.022128299587179056e-03
5.572728482913904061e-03
3.280830709826636216e-02
3.344711766428446614e-02
1.744615110147887263e-03
3.001910467970882960e-03
4.626578559795205964e-03
1.355884262211054861e-02
3.449821030083707711e-03
1.696345478499657403e-02
5.121536999466750999e-03
3.433840777003065170e-02
1.232159262049358980e-02
5.243895897311350723e-02
3.001610086840616337e-02
1.165162934462533190e-02
1.015685282326135412e-02
8.645605829756082203e-04
7.536121741253411742e-03
9.687611951301057511e-03
1.333108577862415767e-02
2.084868654945291888e-02
1.846191228163551051e-02
1.473898050147339628e-02
1.214359565256725379e-02
2.217044772325099319e-02
1.459374351108281165e-03
1.780917577538131819e-02
3.127456856954920206e-02
2.692197669542617522e-02
2.862544967203858870e-02
2.283306654821933360e-04
6.133301160267598529e-03
1.146311753035268548e-02
2.293790590823900979e-02
4.089646735209227085e-02
4.567286814816249457e-03
9.522973167124703514e-03
6.884421792084198521e-03
2.054188352294822328e-02
1.237989830352679080e-02
1.030260716936055518e-03
5.210792291454099251e-03
2.263837016331895699e-02
2.695582504941902713e-03
2.520583173429666660e-02
2.544979165811911762e-02
7.074759607456918876e-03
1.069613507646479528e-02
5.631622320230390139e-03
1.163037774417095133e-02
9.664752378813029968e-03
4.062544248975079667e-03
1.570962519724843076e-02
4.466172351011220981e-03
6.375892790847444147e-03
2.841303464998991626e-02
1.515126695303212548e-02
1.390778717672306285e-02
3.656103750689202597e-03
3.174439840789316375e-02
2.386029526413420074e-02
5.353091463484373203e-03
6.696992331134544833e-04
2.621322350423396612e-03
1.206186785290759740e-02
2.341057942845656964e-02
4.112226127313836632e-02
2.587986576833179592e-02
3.087617101693414939e-03
4.014837988713534055e-03
1.605241294207111020e-03
1.617251737029793898e-02
3.297232762930806839e-03
5.510187211821475015e-03
1.481465118868809799e-02
2.735319103565046241e-03
1.029435282266804100e-02
3.568825844644719913e-02
5.816366284258390161e-03
7.946300992450534839e-03
8.835416993156904389e-03
2.546853437950247212e-03
8.264279301916879761e-03
2.001503214763830814e-03
2.823698850236196906e-04
3.865137791374151366e-03
9.201950688990698235e-03
2.902224735780147002e-02
3.020251925778986990e-02
4.368214663361756622e-03
7.385157655857809735e-03
2.441979379570080599e-02
1.225554097357816133e-02
3.873096391454125542e-04
7.410325056615343214e-03
8.139566754696066914e-04
6.756502027712990924e-03
2.288661251940179303e-02
3.992968289679490329e-02
1.434933361680875916e-02
9.628930322446464449e-03
9.465930080807099731e-03
6.711481298060002071e-03
4.860881205140342269e-03
2.533089957496222761e-02
8.412124480836606633e-03
1.532130370666440200e-02
1.140779238135311568e-02
3.265977069065351297e-03
5.420421664240016035e-02
1.270126251251178437e-02
1.225348441861361104e-02
5.208916934348467587e-04
3.195284137680553648e-03
4.488774402724294080e-03
7.686928975041348866e-04
5.027034167032873313e-03
1.934156437982046924e-03
1.446401714493285827e-02
1.366355376480533901e-02
9.137884826637122232e-03
1.518676391866720723e-02
8.281256005048299312e-03
2.497524418462770956e-02
1.166001458215108061e-02
1.087652936343585716e-02
1.550617944054519942e-02
7.421025327209925318e-03
2.412718322180343929e-03
8.934806597900534636e-03
2.351627156149466852e-02
3.306549302227488468e-03
1.866398216217464087e-03
6.300898845713705752e-03
1.547250250236993641e-02
2.166965449519907272e-03
3.847358418739270369e-02
7.547384372922148754e-03
1.365883949238043578e-02
9.098309879100876033e-03
1.116643517839179846e-02
4.602049298961817525e-02
2.126887943072889794e-03
3.090140034182131679e-02
1.673718719172935000e-03
9.289898644685663787e-03
7.000714910896930696e-03
5.386770881326150874e-03
2.564967346728977068e-02
5.169062602439043405e-03
7.655214580385293240e-03
1.780603615173397426e-03
6.374499673358711288e-03
1.627922818075090011e-02
4.645191897473126968e-03
5.842100440054311811e-02
1.265252372957640162e-02
5.072255374313324600e-03
2.190127538390794666e-03
1.197022743844994297e-02
1.373431491494137881e-02
5.310012302066861346e-03
1.218454499713453321e-02
2.519190341845034889e-02
2.157230993333682234e-03
1.816069182051588231e-03
1.564534872651636779e-02
1.193817739486775949e-02
4.413869970703909740e-02
2.060937386734048096e-02
8.895465098011048899e-03
1.297961410991874120e-02
1.770578732829732743e-03
6.461388426371985662e-03
7.034674499503928546e-04
5.697217915986415443e-02
1.359787818189814486e-02
2.603790343581560002e-02
3.120843798685931508e-03
7.419207021438343000e-03
6.771751628611988316e-04
1.639504944170163238e-03
7.838906789930672608e-03
3.898736498644303668e-03
9.833518626628954748e-03
1.026891418134381548e-05
1.538405262445423187e-02
1.101583700594316317e-02
8.637462713761555333e-03
2.375592625386356137e-03
1.859217450063516130e-02
6.837506188673847518e-02
7.463990546926042857e-03
5.871656900582816925e-03
4.105798155526127480e-02
1.769321225697084374e-02
9.849593387378488898e-03
9.928571031614073089e-03
4.816218143312023942e-02
2.099899751385986106e-03
3.633473248563501290e-03
6.187501190158013753e-02
5.757478479966309654e-04
1.720143552402612214e-02
2.121352283710104848e-03
1.336173579136804013e-02
1.993784836227368781e-03
1.180647666097660170e-01
7.868966046159185657e-03
3.331809701472301932e-03
4.035472241954554174e-04
1.400507397715361826e-02
1.850079569677000324e-02
1.494396595461850927e-02
1.165255486470410939e-02
1.139169993565353027e-02
1.242092462960557239e-02
6.816104333333931550e-03
2.036593298139231789e-03
1.865240385345084267e-02
7.210939779437073455e-03
3.964513204419510550e-02
1.535590871516405095e-02
3.404332418006055655e-02
2.721374242783672695e-02
2.417433463150633812e-03
2.564500190778084415e-02
8.880654393927499973e-03
7.732841953558191456e-04
1.864284735596821729e-02
3.251024548860856865e-03
9.366244504539059101e-03
5.124350823691625062e-03
2.040892023004563238e-02
7.203434830692932722e-03
2.089807098399999730e-02
1.470808740796938907e-02
1.347535877351130860e-02
8.937495525265968035e-03
1.958281054376311350e-02
1.236653791184603654e-02
5.257477820821532255e-03
1.968678935375866787e-03
2.444877369284899349e-02
2.711643859240982571e-02
8.709948373647934117e-03
1.527678708405270621e-03
7.918401117512442744e-03
9.356737600747632583e-03
2.770917183546170448e-02
1.689339022164015533e-02
8.511428435527598063e-03
6.269961665070195207e-03
2.403506272524178269e-02
9.530804152548599112e-03
1.425758053132599248e-02
2.021507624442407669e-02
6.701864603452763539e-03
6.827918819821410940e-03
3.298622661471734344e-03
3.805675149299345139e-03
1.056867317913294177e-02
1.711146740068302669e-02
1.230176963404364977e-02
1.209372078855068533e-03
2.937104610841007740e-02
5.449840980791029188e-03
1.284804900185343435e-03
2.237189416380229098e-02
2.185265840439296406e-02
4.052062310842687032e-02
4.017410155561574811e-03
4.321977790672351660e-03
1.871319675628477404e-03
1.341828764892081041e-02
2.455593780085698480e-02
6.878385069676797026e-02
2.012544315570400505e-02
9.191091311736118014e-03
2.815704221422640069e-02
2.006379677831267305e-02
1.213789108342555427e-02
8.910223027969541715e-03
3.692139446599866561e-03
1.509675012725241903e-03
8.526454769114778093e-03
3.633811989874058401e-05
2.949587840725940296e-02
1.787815444753386137e-03
7.180860091946135448e-04
2.282860374753364896e-04
9.071656733168261336e-03
1.572391857673128418e-02
5.973093429883830421e-03
1.345556103684638662e-02
2.301204278014187463e-04
5.729594188117878226e-03
2.323321306221810476e-02
3.321695032128296060e-02
1.684580378126147339e-03
2.206902100630187685e-02
3.088389103496665816e-02
1.002545023756635546e-02
7.442888216835076738e-03
3.283806284821177285e-03
8.918534502557792787e-03
1.096157597190961473e-02
1.460037372067169575e-03
3.853680112217608422e-02
1.102505805247250802e-02
1.092558424349960103e-03
3.012590503841895608e-03
3.403274577416019742e-02
7.504997111845487096e-03
3.126537911265996235e-03
1.001364848601927864e-02
8.282334969380661382e-03
6.345042066703091357e-03
1.463264116972126314e-02
4.508295199405009702e-03
3.487956634909126531e-03
4.076189012466488806e-03
1.874634981956026930e-03
5.485775075160241772e-03
3.840551169945126755e-03
3.482478248336510866e-03
1.434166991008006820e-02
4.652467817866474606e-04
1.838395340291914051e-04
2.689841317328222486e-02
2.268683393030111392e-02
2.826035572691711073e-03
9.756480424893548831e-03
1.435900739680483554e-02
3.363179407269643352e-03
8.961614672699793130e-03
6.757344577748413544e-03
1.562904784980600863e-03
4.993334408420500858e-03
5.926784223640292962e-03
2.189860469688892364e-02
6.184622936896351161e-03
3.912212375606811260e-03
6.727824306101866381e-04
2.710200211849966498e-02
4.939824616079721738e-03
2.491276771037200313e-02
7.947590247188567394e-03
3.423861291504033677e-02
1.874934366927070301e-02
2.759416548948193104e-02
9.802459495281528809e-03
9.130191031241760222e-03
6.899565582157204252e-03
4.064698996993527935e-03
1.417031276512948842e-02
7.883232573860008557e-03
2.227339854635025131e-03
9.968909514558380036e-03
6.753513702040899423e-03
4.628791202013691521e-03
6.039269037804587473e-03
1.967479170781125802e-02
1.406193952778074345e-03
2.235868752666063386e-02
6.161032330652899819e-02
2.844652671732669953e-03
6.708383130592410204e-03
1.105096762157000562e-03
1.351904607773310452e-02
5.483998326595767268e-03
6.161881346292891193e-03
2.376496007514771955e-02
2.357917435900475089e-02
3.421223982331295446e-03
7.122747430603825619e-03
1.930055348086156738e-02
5.750271441414302187e-04
1.404842001350805475e-02
4.561585726661964921e-03
3.913118655567603132e-02
4.846365632872971091e-02
2.415728627743782275e-02
6.939135610167641161e-03
8.997745943054621942e-03
1.431817213114528614e-02
5.255892063713593285e-03
2.656622928046574461e-03
5.068445650002119385e-03
4.766659840127227682e-03
1.215136846359538784e-03
1.877972301493333225e-03
1.296497352380846131e-02
3.508246334876265193e-06
3.170341974829906598e-03
7.009132610366601178e-04
1.113829253735666019e-02
1.703409050865779123e-02
1.424962714653013260e-02
7.340501964146405219e-03
2.327839152387180515e-03
3.516232352830879482e-02
1.952754820766426300e-02
1.375975985067378130e-04
3.573128293913307302e-02
1.447656368908194560e-02
1.624546586232872292e-04
6.183927380727307840e-03
6.083192791568051844e-02
1.135338759435474201e-03
1.631367245498573093e-02
4.616216448035750236e-03
4.981418985970129804e-03
5.816247646565122706e-03
2.743907178228459712e-02
7.125883297860706109e-03
3.299602885428652710e-03
4.447326597583876190e-03
2.843327642958306915e-03
1.420312436028821346e-02
1.556911087559629918e-03
1.063620352533183044e-02
3.821468426133441641e-03
7.970958396795055356e-03
2.385806550961377189e-04
1.610493808083370351e-04
1.254901710776245606e-02
2.058607726491867504e-02
1.329994723235905160e-02
5.447768868119353715e-03
5.452263112459962424e-02
8.450159200436067539e-03
4.295192009656663250e-03
1.422353799458399293e-02
7.148501157984234883e-03
2.362970689943329292e-03
1.714783114323939484e-02
3.140345093936691701e-02
4.669037995119962141e-03
1.129997931751316066e-03
2.008966682244063204e-02
5.021712515187027812e-03
9.977984210845385060e-03
2.232981091536478946e-02
5.252759539706631023e-03
2.736562977376080785e-02
1.337887392695490466e-02
1.163938327501297387e-02
2.682236396204929277e-03
1.484221355121295369e-02
8.608519077520122506e-03
3.158956130963747749e-03
1.678423716284017410e-03
1.261548789458386693e-02
1.043921477120951860e-03
4.863686757132943024e-03
8.238400259809243453e-03
8.148539536820310208e-03
1.548930262021795332e-03
6.760836487427200614e-02
2.398325868525516893e-02
1.811722184400250697e-03
1.985494617317669006e-02
6.204322753822570299e-03
1.752759046051719991e-02
6.154734707337472695e-03
1.408539317654608231e-03
6.938269136979395221e-03
3.381531737304017265e-02
1.901377186913839196e-02
8.842225746782457919e-04
3.482560640953031531e-03
6.913073832400657565e-03
1.940102429375760093e-02
1.050044496775608257e-03
2.087921217796163270e-02
2.018306784077776757e-03
4.529789804633466838e-03
7.861116005616719353e-04
1.489578071708173336e-02
1.096576829727205493e-03
3.378719396107361661e-02
5.576634641796578140e-03
1.955430178109868189e-03
1.144304937631441740e-02
7.401761629767171329e-03
1.975866031178343495e-03
5.395079038703797653e-03
7.038123211180996597e-03
1.550224833474880479e-03
1.096241277913518556e-03
4.067085383145294109e-02
1.064449718009534765e-02
2.068766122314862760e-03
6.883108212653654863e-03
2.043935330537311260e-04
9.034217841902315860e-02
2.830147577100058584e-03
5.493661553517622739e-03
6.039417747926057942e-03
2.071035100079031584e-03
2.551525142500953719e-02
8.459986687665975447e-03
1.494984897555085360e-03
2.162334412709845249e-02
2.194988471369247601e-02
1.839432210695881448e-02
2.132595826528780464e-02
3.160149402888669246e-02
9.021873753535244317e-03
6.645785833063505739e-03
2.184116890635964120e-03
1.401414143084806939e-03
6.363849808034310884e-02
1.510322851032904271e-02
1.497480538272323580e-02
5.552397740487188642e-03
6.762325765443649023e-03
7.666148125944634295e-03
1.172943091659863976e-02
8.459181747001926974e-03
4.459040535584956645e-03
1.151656390568861141e-03
1.566651435266474407e-02
4.978672649910370271e-03
8.652899496217933417e-03
9.613983076248560841e-03
1.233192706118373290e-02
5.015192395708577972e-02
7.526972574389016648e-04
2.693463418838581980e-03
1.726258303911378661e-02
9.293767889690524031e-05
3.018634975910179999e-02
2.866308178318340005e-02
7.143868365558601885e-04
3.003051428704954853e-03
1.428858683913723782e-02
5.294509968241304168e-03
1.499795414905280219e-02
3.771632539628288344e-02
1.226675490928639048e-02
2.205005822089545903e-02
6.975727301032224464e-03
1.214947203924161834e-02
2.262316632552695966e-02
1.231148708451868662e-02
6.096666683512156314e-03
1.644023811227950799e-02
4.938017926688938533e-03
5.265073035121616007e-03
2.346804795990483153e-02
4.303885063551675665e-04
1.229221540033044457e-02
9.871336986523836232e-03
2.531344395975141867e-02
5.515164718288324136e-03
8.384467353379419091e-03
1.266427228533868916e-02
1.495063767245546904e-02
3.700966716782051052e-02
2.349665883740908665e-02
2.845218938881227590e-03
4.228995926615372256e-03
5.409516276364709393e-03
2.862575216086833338e-03
6.986767831671646112e-03
1.918159217473344898e-03
1.163310721504910543e-02
5.998921163821862267e-03
2.416446278459150748e-03
1.005211838201181419e-03
1.076507892615459830e-02
6.497071654677456440e-03
5.175986114207323241e-02
1.348548486390718781e-02
4.158502832829711129e-03
3.755011284475214678e-02
3.822696651698260888e-04
7.141838712246590878e-03
1.852393407012077175e-03
1.449674790522975307e-02
9.147968397648944400e-03
2.567300193383143664e-02
4.654815258822713776e-03
1.264794949488782898e-02
2.721665637793804771e-02
8.331744633829480523e-03
9.084202067034799141e-03
2.558267093772766468e-02
1.989657618931017433e-02
4.263770930946554627e-02
3.764613154769313672e-03
2.919002653079885018e-02
4.158942799685756524e-03
2.128902637880680099e-02
4.534508897757003748e-04
1.557036530028012462e-02
7.324591332447137615e-03
2.080648951235442717e-02
1.454560192045424583e-02
8.050163876034313604e-03
1.708299233219436053e-02
1.376833674322305683e-02
8.528693096538468577e-04
8.335626884787781729e-03
1.258051713510947509e-02
2.670335898339257219e-02
7.573178863998467243e-03
2.706342290453242483e-02
1.903294531684136467e-02
3.761108569854043713e-03
6.436532836343232533e-03
5.066424859206381318e-03
1.181520459554127010e-02
2.146118004713345323e-02
6.327557265162427752e-03
1.064670357770344800e-03
2.218566656645061530e-02
1.469184781547371726e-02
9.498251094403158123e-03
8.633530667896047867e-03
4.404784080726707046e-02
3.482831237671978053e-02
3.140736824810280020e-02
3.340138120957038270e-02
2.466309616890959011e-02
1.734049440052941315e-02
8.772099302081552696e-03
1.230381862486690236e-02
1.852812734517836693e-02
9.721902172899140465e-03
2.121329579155201844e-02
4.674792589885334686e-03
7.647938437770589702e-03
4.409485048379001293e-02
7.986297463784311143e-03
4.677915663189971193e-03
6.208914520078750304e-02
1.988544968278143504e-02
3.335143205834566887e-03
3.205879913455282615e-02
2.495086145625299845e-02
1.128574953544932147e-02
1.730914899641248714e-03
1.184300290972483414e-03
1.164053405923433718e-03
2.957541559711431012e-02
1.102649221114212694e-02
9.473146633097668037e-06
7.418085567008657517e-03
1.699351782255593187e-03
1.112785717358869171e-02
2.705963487540443378e-03
5.802236974542814701e-02
8.159138498115340449e-03
3.468647160030640525e-02
2.663438599706044116e-03
9.649996004876404063e-03
4.366694038137395109e-03
5.138208783830857870e-03
4.573608844632877368e-03
5.919591358326051211e-04
2.367057615608528232e-04
7.922791462591470546e-03
1.424539221128058065e-02
3.093921303427423983e-02
1.388553850891554968e-02
3.368098468391035952e-04
7.068701505532208260e-03
2.482902622191407449e-02
1.115903274361715759e-03
2.815046040716147335e-03
1.085937080199382912e-02
2.400819619183257314e-02
1.503867535539062279e-02
1.160551509586023322e-02
2.842418318346247134e-03
4.780995937444980359e-02
2.102142033868599838e-02
1.027237357764378134e-02
1.006182569371028013e-02
8.073551079794304836e-03
2.272815835454986000e-02
2.710381077080369419e-03
9.006968420319248769e-03
2.518966679647755003e-02
3.786513360994440969e-04
1.504461268436899264e-02
1.229428941010729352e-02
2.581098529085803367e-02
1.064045280237326321e-02
3.440710908248836852e-04
1.782215753849832746e-02
4.813226116158997661e-03
8.643737425889395226e-03
8.465788196847373603e-04
1.786100128998730635e-03
1.006069819422397878e-02
1.094687636273888875e-02
9.210502061115594108e-03
2.746417443118041174e-02
7.133458751559349116e-03
1.615496388541547146e-03
2.412506310787338164e-03
1.419026007755432028e-04
3.082010212063274190e-02
6.102728933243248277e-03
1.415236340041169756e-03
3.158862298116673836e-03
1.174371860518095764e-02
3.826071612992833215e-02
2.354982223981290021e-02
2.209944258878199924e-02
1.190941969080869852e-03
2.119140937654228826e-02
2.577245672205048278e-03
2.171085126807775767e-03
8.191702740675519540e-03
1.779142124869782793e-02
3.674083521675002018e-02
9.909929643176298292e-03
6.282238247396786102e-03
1.203415876926861201e-03
1.394935885464809733e-02
3.605971998133720297e-02
5.588396364333551858e-03
9.218980898475356497e-03
1.868913994611630727e-03
5.030513230642576564e-04
7.762490809811125637e-03
1.198990483598342920e-02
1.606574795306451794e-02
1.956686404780696303e-02
1.254776092556339484e-02
1.477929392651338575e-02
1.711771751604598130e-02
6.583631898156291906e-03
5.664926788437859087e-04
3.962193605599993035e-03
2.137027329004032028e-04
2.227788723767347781e-03
2.684420882743371317e-02
2.387087564019436947e-02
3.571605817106455333e-02
1.298939857439497915e-03
6.544165892473751377e-03
5.844241880867202983e-03
2.440106486083830351e-03
6.646763979452664783e-04
9.050868445694278466e-03
1.965278580392131741e-02
2.388133326455897654e-02
6.584205385341434201e-03
1.042729358445026316e-03
2.076528504440114040e-03
7.679706065812544336e-03
6.793540258077303273e-03
3.561582518814508484e-03
7.723401590369484600e-03
5.083978334921426812e-03
5.201821204446706662e-03
1.503348753806920714e-02
6.801216133824995042e-03
3.849307695789241923e-02
2.152232593271814938e-03
1.268612549081630549e-03
1.096270430101608032e-02
1.473452926361464368e-02
1.198391234470211168e-02
2.810789643599565304e-03
4.294889841622064226e-03
1.789343887964072160e-03
2.684228998986259995e-02
4.110635902667404695e-02
2.563052144063391116e-02
7.540967173317975059e-02
4.624440104407630606e-04
3.690210326372121361e-03
1.818783249991779913e-02
2.700715656499630760e-02
3.066336691874907427e-04
8.563862923389061604e-03
3.180805337556367497e-03
1.412300214132231752e-02
4.384166369646614637e-03
1.299847718848463202e-03
1.047636611329140835e-02
1.667956239745856800e-02
7.847510004268793901e-03
1.143828488815769318e-02
3.829839306866635734e-02
4.749232289693792325e-03
7.058727993621172203e-03
5.369344942454535446e-02
1.693186647398092423e-02
1.357131487415235219e-02
1.553568242579050906e-02
2.682255421509478072e-02
5.003815252761333737e-02
1.323783905795669624e-02
1.307514777582108670e-02
6.732150726420296424e-03
1.014188258033271728e-02
1.646792258909278786e-03
3.913916114463706492e-02
3.765822896652579882e-02
1.863234882771878584e-02
1.014540391234363889e-02
3.630444940140507143e-03
6.005123646367002688e-03
3.102934457569216792e-02
1.482540997913093378e-02
1.121565966180218879e-04
2.744576573838330459e-03
1.399618829859918846e-02
4.374912860877956493e-03
2.142169687168988569e-03
9.638979408885433101e-03
5.463835183682102734e-03
1.919583736914489596e-03
3.670771274926236394e-02
9.813424497462908819e-03
4.503583285004630204e-02
2.960090704974902964e-03
2.480263162189049429e-04
6.369588049069949132e-02
2.730095819403332777e-02
6.932674324764836332e-03
1.483692033037444652e-02
1.171687088079024358e-02
4.431650244381778875e-02
5.445764586951622362e-03
2.358052932545519342e-02
1.393180055209610607e-02
1.537108914674333200e-02
6.552035874634754703e-04
1.256072997692369783e-02
3.451113976509426889e-02
1.127293462813582468e-02
2.161722276787275687e-02
2.285533013257762258e-02
5.701958188207518824e-04
1.192290571508382649e-02
5.455172842549390819e-03
2.858708960349867073e-03
6.932132636170303640e-03
2.531419511149987644e-02
3.175911759234955733e-03
3.559331071112130720e-03
2.371328373543587359e-04
1.005398600250636057e-02
1.087667040654917601e-02
1.756649078973119421e-02
9.472525244471147188e-03
2.756161714499819407e-02
2.051925077207761294e-02
9.032018750127455975e-05
3.245147146934723725e-02
1.400675992111853271e-02
2.824340892192838542e-03
1.904763589650941905e-02
2.041180376631458737e-02
3.863216266808174038e-02
6.004469370882753454e-03
1.936406248716095180e-02
1.625428164109492604e-02
6.208848148219881131e-03
1.126601839106008106e-02
1.902001318852003780e-03
3.004684842337261574e-02
1.816464800672922680e-02
1.497374084996162119e-02
1.210295492242075346e-03
5.781663563918026244e-03
1.136854318600587915e-02
4.614137053454580965e-03
4.889575101151262884e-03
4.697763354424234518e-03
4.299551867942749336e-03
2.618298792402612516e-03
2.956000761537231139e-03
5.799998751644389744e-03
1.054324787364224400e-02
1.171575613975545972e-03
1.578248297529541780e-03
1.386517623883744797e-02
8.803265802770439755e-03
2.004823091936189586e-02
1.311933456804052962e-05
2.242427348441650842e-02
3.891949295032308496e-03
1.136425941720361869e-02
4.282090156043352400e-03
3.399696629540774340e-02
1.278694777469253224e-02
2.167657523982011343e-03
1.435791699937207302e-02
1.414412853923817381e-02
2.708946473090231323e-03
2.590584720961897416e-02
7.522674684880655688e-03
2.474916902650552142e-02
6.018128093630892295e-03
6.448068578581239718e-03
1.521016080759741984e-02
2.216507780542614423e-03
3.208394814035236075e-05
1.296934984897226729e-02
1.891566509971409973e-02
1.187523572356635054e-02
6.781484435149522268e-03
7.939711974103768471e-03
1.091763417893428997e-03
5.908660887068222303e-03
5.828331399528715456e-02
1.228844075531076128e-02
5.385000066325053118e-03
1.334767967062540361e-02
4.269771225411227167e-02
1.797233555946243719e-02
4.309677813326612261e-03
1.981041391378302735e-02
4.510526968000590220e-05
8.328980512863360872e-03
8.916388647116565980e-03
3.393958015725410948e-02
2.927859161042623351e-03
7.297467564776174802e-03
9.940338348111546485e-03
1.138889762630493352e-02
1.955067564734495281e-03
5.846985795210261211e-03
5.226070103350978144e-03
1.877305410334611374e-02
1.500968188520278301e-02
7.494502570254379416e-03
4.869779841862499278e-03
1.046110973107637274e-02
1.255608191278810397e-02
1.392574917267857051e-02
1.661054778207497057e-03
1.459826394735236690e-03
3.647192387807880049e-04
4.298188533550520267e-03
1.444040773094476407e-03
1.645568911278836102e-02
1.794136886883843443e-02
9.952052451021075816e-03
3.327297958596625582e-03
1.875290947464937352e-02
3.407855275217075430e-02
9.428668386288560632e-02
5.522097671131277752e-02
5.714352828979640808e-04
4.855961477378743091e-03
5.879420027066567522e-03
2.153143432472169345e-03
1.606802527226594557e-02
1.733627660806931828e-02
9.965802999964820316e-03
1.073200503116113549e-02
2.435638782938095992e-02
7.566194049837358243e-04
6.996249913475632333e-03
7.173663391710507174e-03
1.003501630648840140e-02
1.105658348155080101e-02
4.768625861659981507e-03
8.005936043495738216e-03
1.384257322825984543e-04
2.793544573889211041e-02
5.060222612610396076e-02
1.558757423097288132e-02
5.412603108949952998e-04
1.308306384095529219e-03
9.429370006743893057e-03
7.870020989061170995e-04
1.450544531703568119e-03
1.305124708290255177e-03
2.150467317278898643e-02
1.138818349548797321e-02
1.084890294258967526e-02
5.243075141590208994e-03
1.613270345700456437e-02
1.777732394924913528e-02
4.213830433115971913e-03
4.297921944439841123e-03
1.651863836129711938e-02
5.174317002767211265e-03
1.584729172324308294e-02
1.331684734146274147e-02
4.254977703482447707e-03
8.972440192076300974e-03
4.306793853092157065e-02
4.536081192560697389e-04
1.673849168109654926e-03
9.452980278057228000e-04
3.942778169274451308e-03
9.578913447056910252e-03
5.036677646546620750e-03
6.707128159301435459e-03
8.638655044027941307e-03
8.514113486430772634e-03
4.757362837625100926e-02
1.126901358775591992e-02
4.840070168889636093e-02
7.097182839116440017e-04
7.912193805704112459e-03
2.768939911198784604e-03
3.233628453542755979e-03
6.112479458769309523e-03
4.505553132274982275e-02
1.562593238162424472e-02
1.150525784478459435e-02
7.595785828505610335e-03
5.988418758164642738e-03
1.815970713001684861e-02
9.379327573438803189e-03
3.916512719685945852e-03
2.313576866776302990e-03
4.448430818629833805e-02
1.806289246256610748e-02
6.885711261286113494e-03
1.047114112030592733e-03
7.099469401247735303e-04
4.490920609590502016e-02
3.659396890210053332e-03
2.567083754856747807e-03
7.314427926896346216e-03
4.341043239882984295e-03
4.332205943094032119e-03
1.623159200527044509e-03
1.556571167992883142e-03
3.825624981045206568e-03
3.447355846607264365e-03
3.183111306093210080e-02
1.014030035569951985e-02
9.544795118486971985e-03
6.456770564402036089e-03
2.185482508794329287e-02
2.386570783325109996e-02
5.273569584676987901e-03
9.113772504003254948e-03
2.015626909405446310e-02
5.931785617128921065e-04
4.231930686312748713e-02
1.915461693046410438e-02
2.928584642571445840e-03
1.999092008488424083e-02
2.323558148051577121e-02
4.292521854052674599e-03
1.098906500934281223e-03
2.444091387858509518e-02
3.809075824185275023e-03
3.384043947580220660e-03
1.039063329032167970e-02
6.374205825565430229e-04
1.898904081879149858e-02
8.520029105446372264e-03
8.239273267895480188e-04
3.245813840528112559e-04
1.478051918442006667e-02
5.658739838272208028e-03
2.144610141009939755e-03
4.758440584595530903e-03
5.383519252270161162e-03
3.638148717724430138e-03
3.243987407354128986e-03
1.435385776986511028e-02
3.459502384755580844e-03
1.748313109621607922e-02
2.254967045809345635e-02
4.197096340444950863e-03
7.218233405973704421e-03
1.154311593444206849e-02
2.167634136601898770e-02
4.864128067310189221e-03
1.387779449774325345e-02
1.234318803337727810e-02
6.260656747649683343e-03
4.249664342406720384e-03
1.646954633553945890e-02
6.795333300492426704e-04
4.784160592853358394e-03
3.200704176897324008e-03
7.768701007455245874e-03
7.925770632303102622e-03
9.634865393336891973e-03
4.306404467166002718e-03
2.134543312423850710e-03
3.500058376420314699e-02
1.645934714762578924e-03
3.725247652561191822e-03
4.084687222727605496e-03
1.221439575684201903e-02
4.659601463890349071e-03
4.950243094104309419e-03
7.408262480062847641e-03
5.231339991928377758e-03
4.330649068463887121e-04
2.400190361485638954e-02
1.895387688621189351e-02
1.653062270960448804e-02
6.372916920946328917e-03
8.592348155459358580e-03
1.630327545053703725e-02
4.138383525542141742e-03
1.142332527755848467e-02
6.163568742433710342e-03
1.339796220656914311e-02
5.170086115046971902e-03
1.020143475328335984e-02
1.018859105398782841e-02
1.591686040708716054e-02
2.182440244157908896e-02
6.332428196128074040e-03
4.443501513036197600e-03
3.659313016994045469e-03
7.361098127539491068e-03
8.208286473867778751e-03
9.005107798126911825e-03
7.993973295611685875e-04
1.484878586295754373e-02
2.635562717338848192e-03
2.775120419756631207e-04
7.879554654710517123e-03
6.781645600451318215e-03
4.979702445312189814e-03
1.168066952042625187e-02
2.223177656347603663e-03
1.256476199121432311e-03
5.306244285785298095e-03
4.076005256183435482e-02
1.198734611192038731e-02
1.903224026444925651e-02
1.039514565684608247e-02
4.896810316377802133e-03
6.475249605483007244e-03
1.078934960523780795e-02
1.380074877877152974e-02
9.334461965740146333e-03
3.090789988107745662e-02
9.428022949543535258e-03
5.791912101604748675e-03
5.833779851654306197e-04
2.219492252316554795e-03
7.483977421482278063e-03
5.689830854965367488e-03
4.732736181748603554e-03
3.051167441261390953e-04
2.080963255853138238e-02
2.119502296442541886e-02
1.544282802072469152e-02
2.925890772008769847e-03
2.806774156145881022e-02
2.309197705189047767e-02
6.295858282224250577e-03
6.182760228161901517e-02
2.605306336532892098e-04
1.476213686553216496e-03
7.001092602659916321e-03
2.998423545367737836e-02
9.813811217402939810e-03
2.102830515894403562e-03
4.701744414338318578e-02
5.665367613351037640e-03
3.295964356669497074e-04
3.055211454809752050e-02
2.909585810034535230e-02
5.607901955118095930e-03
6.979135782177809527e-03
1.875853325176370795e-02
1.878502040446024257e-02
9.541236575933975672e-04
4.468816866821429326e-03
8.534268802162594397e-03
3.964162578828540895e-03
6.258862897200271128e-03
1.288160524637681215e-02
9.921684716310209123e-03
9.633139882635720352e-04
2.640844960470592646e-03
1.442594439066078454e-02
1.605862140450376591e-02
5.682172227898695666e-03
4.966456935959662373e-03
4.411656642336440198e-02
1.539118597275512465e-02
2.329872460466618153e-03
8.393610463729483939e-02
2.441755210405057233e-02
7.309309215207449896e-04
1.748018941511554972e-02
1.740392599461381556e-02
4.731206297883022022e-03
9.198648670900267874e-04
1.108407930542584796e-02
5.141974334972953566e-03
3.089880849437558891e-02
3.949681936194547605e-02
2.607926785419214036e-03
5.860327624440532512e-03
1.525370636049570502e-02
8.829082161460631573e-03
2.810703373996795498e-02
4.536297273768087092e-03
5.303805671370599717e-04
1.376800495477665219e-02
7.420639613459057565e-03
2.884509244404591041e-02
9.200680010870296993e-03
1.124637455718490581e-02
1.256478567647339485e-02
7.198491968034029242e-03
1.746558302218409854e-03
1.161628723970960751e-02
1.663744574316350019e-02
9.512393484772395684e-04
7.794403235626941318e-02
1.803247093279050726e-03
3.133750268512147663e-03
5.835071533730904619e-02
3.741316091403898078e-03
2.789262472402660210e-03
1.663558717916860732e-02
7.142047685223770412e-03
8.490915729445996582e-03
9.630519087080270657e-03
3.432028487515061035e-03
3.431366522759629351e-03
4.388347417572947481e-03
1.316182671990926562e-02
1.557343610702963555e-03
6.025193790763251622e-04
5.189989071429707695e-02
1.283941327012654877e-02
2.200085498570165596e-02
1.207332691769583133e-02
1.771541851968589515e-02
3.966990837504770495e-03
5.311946831497982996e-03
3.173235646699200385e-02
1.888610835851926156e-02
5.671647452343068531e-03
1.118494269426769522e-02
2.722672618415510407e-03
5.636338987369675022e-03
5.796792881143982695e-03
9.196691583236715761e-03
1.107649927902949923e-02
2.865215575009509921e-02
4.883183079936639914e-03
5.278292368866305956e-04
2.584454425419727489e-02
5.369644054829955486e-03
1.875352162216206015e-03
2.196395945261735150e-02
7.777045308312163785e-04
7.810964290051560996e-03
8.982963451534655211e-03
1.656925683661843868e-02
1.093509346602585929e-03
2.609570125296233750e-03
1.602028543224636586e-02
1.185979228330288557e-02
2.132852858720371905e-03
2.282647496766705003e-02
9.204536944414705435e-03
1.532594703301847286e-02
6.353430834037793878e-03
1.737198730434956831e-02
3.897166959404205905e-03
1.936123567555491851e-03
1.972258831880255997e-02
1.890970945285784868e-02
2.353712214179064233e-04
1.398302362288993822e-02
2.349942095134918696e-02
2.944925759870117149e-02
3.462487410221847580e-03
4.090869864390250799e-03
7.032787771474110702e-03
1.989489831182968127e-02
1.017883413068610375e-02
1.113546473852848953e-02
2.814071544749834758e-02
1.065263886830695658e-02
1.175088032626472878e-02
1.746734723482903581e-02
3.702750960105262099e-03
8.968180787089295725e-03
3.418743818094913123e-02
1.562943929797946940e-02
6.073277898744230269e-03
7.938466760081409196e-04
9.223594988937518571e-03
2.700723408718782442e-02
1.453054469407096677e-02
2.634933117834738908e-02
1.117310504382730378e-02
2.810638701585756877e-02
1.411692377808173443e-02
6.304182795144478227e-03
1.607661595274758812e-02
1.950288679297328132e-03
1.186777147102123856e-02
1.570663280217848498e-02
1.003432120875490455e-03
2.281338325267589714e-03
1.325508167325085626e-02
2.237732540872921193e-03
2.596367909800137170e-03
1.049165314926056407e-02
1.315862923807462059e-03
1.709804512066998711e-03
1.145884494051496033e-02
2.523507455995154317e-02
2.314349930082447090e-02
2.155212918759646587e-02
1.543790221278058122e-03
3.870263323617929851e-02
6.577183843880091141e-04
9.800755731382171376e-03
2.271420203825966905e-02
2.923413702499759459e-03
6.244039878600585354e-03
1.095937770890621776e-02
1.306731485263182280e-02
3.003390442271319793e-02
2.833520805565079015e-02
2.266366526436970619e-02
1.184125559289343939e-02
1.181708808230751834e-02
1.918158127992757381e-02
1.489524867321972805e-03
1.800741404716584698e-03
5.314886905785922398e-04
1.160492028532892662e-02
4.374470040281564637e-03
3.728366828134098941e-03
3.091168779726578917e-03
5.251185854219354117e-05
2.516173427082588933e-03
1.340669835220949235e-02
2.617986611799418082e-03
1.241816335282637344e-03
2.699069595212837472e-03
1.743487232399695830e-02
1.193351720982641084e-02
2.391571054039540178e-02
3.427719921121418628e-02
6.251617800632682659e-04
8.082438203789168649e-04
1.127844339047843689e-02
5.111746559793926836e-03
2.845150719713371301e-02
5.229541443001639589e-03
2.555034552447119599e-03
1.513789074021537617e-02
3.979771822260259884e-03
1.733423785700082681e-03
1.662087124839913346e-02
1.624790333345513954e-02
1.784419368335657397e-02
1.284225552051756168e-02
3.685060351282386237e-02
1.297929231118782716e-03
1.846984907876648291e-02
6.657012342041840509e-03
8.359844344828322102e-03
2.842049818267288266e-03
2.602284586407207362e-03
1.895817744668475482e-03
4.675806380065812388e-03
8.892809635552745631e-03
3.425818316715257064e-04
1.481842477437169889e-02
8.838153854524771758e-03
7.004233890105333524e-03
4.887767076144708400e-02
2.896386846842387980e-02
9.297299749825474469e-03
3.395399961268230626e-02
3.152735391554425861e-03
7.342992147617079593e-03
1.302908229001029095e-02
1.509583441069217713e-03
1.313002887548523831e-02
4.887027509295310303e-03
1.289524573069843888e-02
1.324533877255495637e-02
4.851594500471879956e-03
4.632716565697332124e-03
8.786077639849006887e-03
8.998775255419727559e-03
1.379686177201058274e-02
9.547700060103645262e-03
1.288593632063544762e-02
1.071978928369282311e-02
1.625381304555790704e-02
1.081754192736123985e-02
4.942795001657595329e-04
4.363228861629609920e-03
3.936292700605421857e-03
2.795673343154910125e-03
3.950771866340163294e-03
7.770935412436375499e-03
1.516867312730795121e-02
2.128891124246553961e-03
1.449024171723229965e-03
1.638542008419394125e-02
3.331912683463037622e-02
2.968201329865714083e-02
1.825354776174109746e-03
5.607672614786893446e-03
1.919622703231201521e-03
2.028529967460970113e-04
1.060543154628629768e-02
1.773755900687324760e-03
2.808084990696175717e-02
9.819334261204843220e-05
1.135823354247839784e-02
1.721446492066000533e-02
1.784910179655019996e-02
6.770427701986142695e-03
3.653267502474603565e-03
4.898697133149673179e-03
2.642664887129291332e-03
3.426009117758669828e-03
1.063543127064215180e-03
1.612864154009555767e-02
8.876893528601598540e-03
1.208244366937149747e-03
9.617870705600486611e-03
7.085642990700566357e-03
1.642941327199589491e-02
1.650536003189583337e-03
1.392889119426829643e-02
6.019619193739269777e-03
1.350076351103334828e-02
7.084396495648660752e-03
2.259664837972925194e-03
3.177606601752052534e-02
7.116757002743923609e-03
3.313047372633848991e-02
4.668904241690981227e-03
4.843423469118751656e-02
7.393625095592442839e-03
1.250644075086107358e-02
1.716428488923786751e-03
2.944180724243520425e-03
1.128343426017623663e-02
1.275351381479421925e-03
6.086526305689632550e-03
1.260460035863723328e-02
1.212398271761208103e-02
9.350000091084569379e-03
1.069119320758364633e-03
4.764683267664352948e-03
1.927728220930353606e-02
1.717434641719009850e-03
3.014575153348145187e-04
1.714703064419054873e-02
1.717622636992054141e-02
5.193732485391473058e-03
8.909077992127589773e-03
1.005598877418624124e-02
3.547975938753526737e-02
4.370568753106901516e-04
3.304371544337504282e-03
1.405226020331262066e-02
5.532235435799524870e-03
3.870418516596203784e-03
8.402251917880905084e-04
4.523745229928250594e-02
2.904316311563047426e-02
2.134179247466369556e-02
8.917842560582705733e-03
5.241778745875674828e-02
3.401521909258950482e-03
1.174372146652396739e-03
4.664585595746717321e-03
1.431689852532586071e-02
1.556151110061567734e-02
2.533979802610188820e-03
1.033967682834845657e-02
2.613548259773155677e-02
3.387515770472513538e-02
1.646910295157712201e-02
5.139777063676818913e-04
5.626163289217138083e-03
1.999420125519302260e-02
1.009813322343820069e-03
5.765438899941457626e-04
2.474255828506265534e-02
1.103591446630388176e-02
6.827083404423412577e-03
2.507815461064352540e-03
2.340323249518621099e-03
2.386626431376294086e-02
4.613545023009629070e-03
5.831700572791424092e-03
6.434241981503985124e-03
3.502321140022138929e-03
5.459343023651915677e-03
1.783322372128573778e-03
1.510548668232928639e-02
2.239422199364565075e-02
8.945523839264619970e-03
1.090559064245591112e-02
2.731095233159134064e-02
4.686891149443884672e-03
4.058894449477263092e-03
4.096708467297772212e-04
1.089591722006655501e-02
5.431822075677754207e-03
5.862257465500162780e-03
1.742801609286039055e-02
1.062162467430655122e-02
6.322347657716036011e-03
1.295501763135618184e-02
2.232833681626123206e-03
3.626152296819224255e-03
3.250374397858132869e-02
4.858593044755302355e-04
1.949372966939231025e-02
5.065137703625238741e-03
2.211950043953586284e-04
4.218106082413131119e-03
5.699203933831813867e-03
2.591077775382110565e-02
5.961886411407295305e-02
4.229290467166852644e-04
9.933897869045052193e-04
9.065789570785506846e-03
5.946596478565538066e-03
1.561261517146312575e-04
1.421525965527963009e-03
2.090739198903344281e-02
3.515144176085277516e-02
2.095037018228325040e-02
2.005222155853214616e-02
2.933726991122088262e-02
4.618106587888935743e-03
5.403868051866631689e-03
3.287753549391143892e-02
6.676307072064341722e-03
1.177429305050956346e-02
1.035812160311944119e-02
1.644943287389123709e-02
1.106555441354548606e-02
2.068322027244112390e-02
3.853631609174103939e-02
2.841145986327844701e-03
2.658863958588275622e-03
1.148904413476669814e-02
1.078316939133260738e-02
9.535073023517463831e-03
3.441029030144294142e-03
2.028725060171368555e-02
4.943140428116354380e-03
7.166243650437011635e-03
3.404450770002259014e-02
4.532988385537389808e-02
3.246093969531776285e-03
8.590724134693774466e-03
2.092042834569324793e-03
2.516276457435190003e-03
4.697596420806483472e-03
8.001216158335555835e-04
1.404915389075909148e-02
3.376837064166732412e-03
1.135156248831186571e-03
8.481235259171129165e-03
7.394925212161711225e-02
3.413990290368092411e-03
2.506591655399969393e-02
1.444908112142795874e-02
2.113701563638001324e-02
1.844915290646732126e-02
1.995582241883373225e-03
1.313825079152971566e-02
1.044698498794958182e-03
3.549038579245085510e-03
3.877078584925128246e-02
5.247900894175215429e-03
7.339089142913435455e-03
3.207246403755766723e-02
7.120142777236444787e-03
1.332961024143529058e-02
1.306830801932262406e-02
3.942926878500610521e-02
5.183819825071420140e-03
2.118111781095159685e-02
5.583151894742585317e-03
3.014020251970983208e-03
1.094696795865238159e-02
2.491840131841106115e-03
1.336816299333975881e-02
7.911320495637837527e-03
6.693200971314459263e-03
5.528217442414107285e-03
3.101266689469908341e-03
3.180405877456285446e-03
1.303361996937255247e-03
1.213426849614069637e-02
1.861055285750196769e-02
4.909487575194385750e-03
2.224111044546381658e-02
1.180010234026321325e-02
2.725004314322647826e-03
1.739807852128139737e-02
1.467943840739494715e-03
9.136612230851048899e-03
4.061509981958765642e-03
1.594982119868672277e-03
2.436575835095100909e-02
8.344362182895626728e-03
8.669124160658566586e-03
1.860548104448070741e-02
5.413544192508021845e-03
1.382682764357145988e-02
1.349050936521540428e-02
1.921427844478011682e-02
7.680372382348459731e-04
2.774597283547640403e-03
3.294506997769018012e-03
2.585362785565968949e-03
1.459844868317945570e-02
3.875187866865639590e-03
1.900412594380863907e-02
2.854262890936366120e-03
2.144186062385769909e-04
7.646621847462335697e-03
5.375654966080951024e-03
9.808993599259865914e-03
3.774088861123224906e-04
2.212289480038915398e-03
2.764124627927795966e-02
1.446707550490767061e-02
1.893468154018652580e-02
9.724632085066586135e-03
6.450395179274804464e-04
2.506274548574544819e-02
1.218535034768115661e-03
3.605965965540518996e-04
5.352046897805278966e-03
1.380900196700612838e-03
5.546001859435361475e-03
1.017708666580606665e-03
8.428857836838693496e-03
1.945429609581274255e-02
5.857871426340175575e-03
1.412929193415003726e-02
3.568906174185852709e-02
1.865891664500691702e-02
2.240654717794320419e-03
8.183077919458683208e-03
4.918186745079177781e-03
2.386687235561944787e-02
1.975283632939495854e-02
9.113002115674291581e-03
4.352706245554994330e-03
1.635048667835148350e-04
9.008355235834434455e-03
1.947323280557317071e-02
5.741734022401481785e-04
9.850400087935128404e-03
1.547214836452662223e-04
1.158450004706096208e-02
1.523619592629901244e-02
1.799758549700385124e-02
2.066691364214540139e-02
4.474541168509371669e-03
4.308685286129584034e-03
3.684970803218338975e-02
1.779733398532813704e-02
6.865561967989691067e-04
8.150791836190933448e-03
6.055600119626693492e-03
3.033091443913768503e-02
3.607558093224044662e-03
1.126824239757643481e-02
1.394390542251235272e-02
7.515495915707532011e-03
2.961645142611557188e-02
1.536552382513251686e-02
2.230547293502344389e-02
2.329468861987094713e-02
8.547807606739850350e-03
3.076039549189666517e-02
1.779519570235951059e-02
2.201892597799548577e-03
6.993589471081223218e-03
1.297882047184718314e-02
1.286644742142090819e-02
2.489238593426574761e-03
2.958893452381755954e-03
1.182681682211913360e-03
4.627199002782918236e-03
7.065645778248893019e-03
7.896152691606966173e-03
1.335531726122424212e-02
1.622208746271632321e-02
2.256837502021550798e-02
9.837398099476256028e-03
5.166532456613005808e-03
1.674478252705755010e-02
1.428022380293925836e-03
1.101059836697611954e-03
1.068913934756129079e-02
1.539625080287257072e-02
1.308005091069994880e-02
7.716197632890418184e-03
6.249036520216137876e-03
3.124054472306179650e-02
5.258508230819352626e-03
6.886702193977374716e-03
5.590497977608672661e-03
1.978076107307257664e-02
3.084559870320193950e-02
7.875811091754870985e-03
2.637872827866957065e-02
1.168133055968743027e-02
1.805876923294506137e-02
4.095631918192484469e-03
3.155085801830551789e-02
7.898012863115928817e-03
1.785697801963804371e-02
1.247130420190735878e-04
2.527282067715068414e-04
6.581848989625099268e-05
3.212660070172831950e-03
4.187562762408766903e-04
2.015811357599569739e-02
1.343950167793016119e-02
1.342018169897690391e-02
5.211851598160197052e-02
2.338566010196909545e-03
8.075316064406617977e-04
2.557153928314805612e-03
2.044636915289157683e-03
2.563739522203003010e-02
2.411402941882387352e-02
1.189624883393498520e-02
4.896126162594291106e-03
3.296512472929124388e-03
5.336970534415277911e-02
7.886445807551252171e-03
4.676857229599436228e-03
8.958411411219438167e-03
1.819837134950979055e-02
1.284176371484405457e-02
3.179786486627259740e-03
2.859945708964079306e-02
9.812227711934254359e-03
1.109025075756330143e-02
8.986403857513591831e-03
1.210303189048289596e-02
1.798282818841624719e-02
5.587373926972311056e-03
1.519067730397553016e-03
9.670943324844860634e-03
2.946009248842584860e-04
6.335282722579466987e-03
1.058442895704491023e-02
1.787446341258268345e-02
5.993417354674054898e-05
1.716648050090489527e-02
1.476543107772535640e-02
4.141520772435965114e-03
3.252959669250129852e-03
1.189902295948588179e-03
1.258562219724503571e-02
3.376874344605756972e-02
2.011773387929833776e-02
6.772088413524611147e-04
2.402904306274585705e-02
2.733440112757511836e-02
2.511348168632959038e-02
8.080796767308976239e-03
7.948998805217974417e-03
6.592587243998276891e-03
5.506843448959208853e-02
2.164751181647232847e-02
1.289285208576924219e-03
2.843890797032299841e-02
5.692022188934285458e-03
3.598531991854705264e-02
2.919707150523511308e-03
5.944853295795048120e-05
3.293818301613993249e-02
1.440725685826643385e-02
6.375333337971788965e-03
3.320826914152193859e-02
3.170892132534981929e-03
6.190327413319431440e-03
1.822521317529496310e-03
2.445189735141712478e-02
1.097714454093893632e-03
8.280007650449131007e-03
1.820239559928404222e-02
1.536186562057000396e-02
3.753793534995700579e-03
1.113268108350698969e-02
1.081222038948731652e-02
2.665580249491715514e-02
4.268959514569282965e-02
5.074414745298017060e-04
1.874540625030758634e-02
4.258133916489138804e-03
8.775595347501378984e-03
8.499368462897416562e-04
1.783575436612502840e-02
8.726188043221743199e-04
1.054412226147889882e-02
4.863502765908855191e-02
5.752304074679746512e-03
2.396867120281589991e-02
7.458679860185002397e-03
7.576425846950046901e-03
3.164911597222206004e-03
3.545195738337024883e-03
2.350161601866324751e-02
7.933683029461574207e-03
1.144793130619041477e-02
2.021885321274173586e-02
1.203634824655111860e-02
7.305933143333213919e-03
8.133165112076509023e-03
4.212178219685117769e-03
1.162523249994372107e-02
1.081174265822636670e-02
1.425559687001746144e-03
6.732969183846371219e-02
1.532410540404213588e-02
7.149582919171369733e-02
6.193349183662322233e-03
1.544504442211688464e-02
5.575917947624058763e-02
4.266106189570907994e-03
6.674435884334898976e-03
3.094900115987191114e-02
8.237011479724821311e-03
1.096266927454094681e-05
5.064037044919922348e-02
8.097897631673761643e-03
1.392741126199161655e-02
4.255512715851834937e-02
1.649902027255387149e-03
4.941829512844111288e-02
2.701136752564812366e-02
1.315256391592519065e-02
1.132488152042652324e-02
5.956254399406986887e-04
9.432733766344483101e-03
9.288492451721593046e-04
2.310047603138366042e-03
2.848806045098094264e-03
2.885369727350996227e-02
1.448547910727825128e-02
5.139629887952868945e-03
4.620751775556548868e-03
1.690329085626125077e-02
3.156283389265955586e-03
5.979525035602159533e-03
3.316288415953769220e-02
6.420470272287467917e-04
5.572265861215897065e-05
4.372019034015242438e-03
1.836055615894706394e-03
3.188937716172218773e-02
2.680634334050728367e-03
1.643625216594517963e-02
4.020200638990014536e-02
1.269808124299835056e-02
3.477723890138408568e-03
5.435479334828328263e-02
1.344911659876409440e-02
2.506353595047127250e-03
3.323874847291397733e-02
9.703332935747235183e-03
3.563813796866906192e-02
2.376553937407100206e-02
1.233432866667709404e-02
4.393895994509993547e-04
2.559073063792013589e-03
1.847296300165962579e-02
1.710416935293444232e-03
6.231387556351513160e-03
8.112394973101113779e-03
2.628400336769323720e-02
2.479600850045870358e-02
1.426802881616784802e-03
3.311892391104968598e-03
3.166220409696297866e-02
3.259707927376915854e-03
1.429502652056914222e-02
1.870889817703642877e-02
8.432911793538781092e-03
1.053248089865341068e-02
3.451215945281214947e-04
3.240316409531145136e-03
1.495337904081556722e-02
4.009998175725051558e-03
1.336417566650404537e-02
6.371578468920670313e-02
2.204553982249053516e-03
1.492977001799422436e-02
3.231039689753453792e-02
4.730176936657601305e-03
1.000973536497348770e-04
1.800826753895557603e-02
6.843683926894651021e-03
1.313598405200637129e-02
1.307434616180751935e-02
3.917086248529585979e-03
1.075320770138800397e-02
1.590222598900320472e-02
3.749985885038272654e-02
2.456567770971175568e-02
3.820969139010517435e-02
9.147355300409935885e-04
2.886587676052601928e-02
3.041906699116255983e-02
3.078313506087214727e-03
1.729370358660678453e-02
5.557706351308173455e-03
1.167876803664949243e-03
1.806095247436297416e-02
8.245114754160908638e-03
9.426670538075674569e-04
5.860438708312994127e-03
3.283059461156005721e-02
1.957475339207440101e-04
7.226837632884675067e-03
2.515973209287917633e-03
6.981852368796537776e-03
4.759904707901545240e-02
1.249691329264388494e-02
5.958961400455507762e-02
3.942711035376198631e-02
3.768218623743560536e-03
2.401189921159112284e-04
4.607458189576173896e-02
1.992635208247020215e-02
4.521544811721176990e-03
1.474126221194660587e-02
3.755567793776196095e-02
6.013013452125976627e-03
5.664142068793552934e-03
1.125291324575133055e-02
1.807315222084605183e-02
2.095657242668945777e-02
2.026652052222646661e-03
1.245015177871863256e-02
1.810986902328276874e-02
5.564094879175687444e-03
4.380872308685545419e-02
1.332050264671885177e-02
1.133025516980218361e-03
2.281174735433471115e-02
1.220602477447988755e-02
2.074093836475393235e-02
8.446124567535524819e-03
1.203344181053827427e-02
9.643229749823501590e-04
1.490876949890802480e-02
1.128498665901215420e-02
1.319942333912688115e-02
3.261017055588390223e-02
2.507309061081000167e-03
4.626130587859567794e-02
2.417833301510510097e-02
3.380047322509395664e-03
5.079150404652265846e-03
2.972999473181672792e-02
1.832721708038075048e-03
3.637198241939994421e-03
2.390369819426588563e-02
2.443885234359894146e-02
3.352094667696554203e-03
2.097681370569516590e-04
3.797453577275214376e-02
7.732621107245246823e-03
1.042389503317761069e-02
2.402556905304072121e-02
4.241628012649910351e-02
1.270563753555081950e-02
5.958754788106375433e-03
4.776008636760210868e-02
2.683220022556797799e-02
5.275342354014410373e-04
1.097892186186429433e-02
2.799891697338964189e-02
8.278444641356835082e-03
1.865081274622700652e-04
1.165194091529189041e-02
7.978632913568404345e-03
1.123171638157122523e-02
1.259807540492807222e-02
1.143602260072686810e-02
2.216173261360067717e-02
4.599450352665479871e-03
3.751420376181049954e-02
5.972533639762113433e-03
2.899994325132730557e-03
1.126881930120936584e-02
1.166570850115380455e-02
1.153878868247855231e-02
1.414447817346385552e-03
2.076391684876076338e-02
2.062456087630324710e-03
3.506980732881729949e-03
2.606078313135765101e-03
6.890839325700769125e-02
3.598727159747002000e-03
1.677385175812436818e-02
3.323576917851785162e-02
4.286277821944563249e-02
8.359078353733746108e-03
1.238496182392742964e-02
4.373640705243978487e-03
1.421924005096950744e-02
7.601714262921782303e-03
2.823051181957054317e-02
4.304097799176203470e-02
2.536268486923830626e-03
9.878585079837309130e-04
7.984359628587256799e-03
1.444107109444476081e-04
8.826425324141077416e-03
2.152057981662724301e-02
1.153783930870690665e-02
6.193688340106738924e-03
1.761169428679851962e-02
2.331300028693241225e-02
7.357765943151023044e-03
2.649937049625201643e-02
3.085188031614142720e-02
3.367818305295118553e-02
8.666458253863798186e-03
1.784682824961362005e-02
1.533456373249311895e-02
1.301456851310687363e-02
7.341114500975933627e-03
2.290122856886263672e-03
7.539202723748333890e-02
3.213572502017331828e-03
3.779942560529721274e-03
4.272214288562582035e-02
1.958903113699719811e-02
4.189493412744297804e-03
6.560975038390847933e-03
2.093752273133545061e-02
2.183533558729454371e-02
1.755131984582489202e-02
3.211979383266672095e-03
5.370730530889900739e-02
1.084588403050402994e-02
9.986736478267699280e-04
5.701202954849500515e-03
1.656289786464551494e-03
3.089219975778491334e-02
1.873533390231523280e-02
9.974975209988553096e-03
1.217966773169091091e-02
2.512628781678255801e-03
5.095147910986760377e-03
9.511596150805698424e-04
9.460649958765985669e-04
6.626151595276824624e-02
3.471236133600863472e-02
4.566276198159153338e-03
5.966057562245562912e-03
2.548398423604412294e-02
3.967671219328311460e-02
1.575966365590277668e-02
1.749256462943442336e-02
4.548509656903205328e-02
2.584292807760470156e-02
5.062189393039118537e-03
2.583537427087251315e-02
3.383714147867658562e-03
8.176121932096484801e-03
2.388690169939605354e-02
5.272935442286862812e-02
1.102228564856769927e-02
3.920327319219039583e-03
3.037329447356258011e-03
3.157165400668290878e-02
9.889295451300194467e-03
6.661957793743116842e-05
9.980362264672092837e-03
1.995519461415881050e-03
4.982700424746107359e-02
2.535574356880890366e-03
5.471564358358001201e-03
8.163367168072449553e-03
2.239826341953884969e-02
7.138843047588955965e-03
1.109732120722440067e-03
6.030059691657044946e-03
3.406236701278132772e-02
4.464096918358016752e-02
1.632513605376519072e-02
5.508241648884595887e-03
1.930323561747166947e-02
1.054255774832050380e-02
3.262630701308059239e-03
3.868444645171278951e-02
9.230618178752115002e-03
1.672162880136629157e-02
1.209289257337479995e-03
3.459889511719076161e-02
1.677035615525932985e-02
5.137496123380172475e-03
5.732614602999386993e-03
1.297542522033342388e-02
8.352931931380447664e-03
2.730665706269876786e-02
8.154962166323928563e-03
2.137401776669509840e-02
3.847012002733512549e-03
8.961951710522397113e-03
1.255743258240162030e-03
2.836377792542184306e-02
3.729915661751950079e-02
2.464823495103826700e-02
2.405030265482389559e-02
1.997049653615491031e-03
2.863564634420690327e-02
1.361541857668799012e-03
1.776116607957728757e-03
2.906095405856436598e-03
2.222527547050090306e-04
1.674769818360655541e-02
8.744172596607377793e-03
1.408163963609100622e-02
2.353422810468551191e-03
1.775869119568262988e-02
4.402333508690030664e-03
1.932350086253206353e-02
6.884715270514107227e-04
2.539766594975144832e-03
3.262878928122625068e-03
2.181727741030501169e-02
7.035917886993129158e-03
2.510044749069444830e-04
1.489796707231761524e-02
1.541499786814958840e-02
6.000983871238851561e-03
1.468536730455615412e-02
3.479291551099583744e-03
1.131487171618631229e-02
2.711668251759974391e-03
1.257505093111086630e-02
1.520292766699135427e-02
3.513423639254132161e-03
2.349366624805471204e-02
1.868228815368199250e-02
3.260080469470169606e-02
1.068303509075183705e-02
3.480049262132817178e-02
1.668340103753655074e-02
5.440970965028108473e-03
6.250339572736150762e-04
1.249905484795459445e-02
1.224316718808626109e-02
2.581833842541096311e-03
1.140089466288929029e-02
1.018942773663170098e-03
2.326781378118368548e-02
1.035590883409672099e-02
3.505033219366372049e-02
8.132336314445081510e-03
8.924467679428151057e-03
5.439835091294014519e-03
1.492960839828808006e-02
3.094702512091972169e-02
1.699168554981436707e-03
1.397551805226150690e-02
1.937521926523935040e-02
5.429259234185817087e-03
9.351960237073766308e-03
1.740547496157515001e-02
2.672304527323192055e-02
8.885368143404842947e-03
1.100226986931296044e-02
1.500490005457666073e-02
6.899207238067294043e-04
2.722842828719640104e-02
1.180438290113784358e-02
3.714294860131777364e-03
9.326739962522971605e-03
1.376755574464015065e-02
4.461458994599303701e-04
1.164446562960949789e-02
4.991493099130127342e-04
2.745030348561734723e-02
9.690905490663710709e-03
4.105799705467776117e-02
1.434287588141293021e-02
2.360564761187983890e-02
2.729182110500378775e-02
6.176440360899524730e-03
2.535770238294577511e-02
2.604513582344269995e-02
4.839406513190169269e-03
1.147983504865798636e-02
2.759797158853702359e-03
2.793100386747924060e-02
2.168915971623346789e-02
4.643312077461962672e-02
1.595270822541720174e-02
6.571950705607147378e-03
5.341675697305575850e-03
1.468681701238850473e-02
8.413963930865105481e-03
7.865383047901505775e-03
1.563839657980560516e-02
1.853377341873016504e-02
5.782085662507845201e-04
2.643601201752997926e-02
1.032402780020233446e-02
3.749319622289263611e-03
4.558923772520644124e-02
2.176227418897210344e-02
9.177911521205945125e-03
7.226485512013242941e-03
2.620104568268475514e-03
1.491009910512516509e-02
6.363502081428194096e-03
2.404023564368733268e-02
1.942224864537715756e-02
1.475246432066249641e-02
4.341673745984038491e-02
2.823431117929265689e-03
5.476392707367964963e-02
1.061136078176297057e-02
1.192639006445478898e-02
1.339201350571235342e-02
4.436305002984988755e-03
1.882604999277255609e-02
4.915543644643312338e-03
4.793956270378661039e-02
1.292021692989678457e-02
1.827718802180981067e-02
1.000738675390463669e-02
2.990690452915045153e-03
1.792596721002071014e-02
6.202369364489361547e-03
9.751761366891979754e-03
2.109506271378369657e-02
3.536707377830433652e-03
1.714021569981677429e-02
9.696473932242944890e-03
1.430129539338330109e-03
2.163703733748110689e-02
6.352499142708159692e-03
6.588602930747887660e-04
1.592964567154784607e-03
1.585330007050664985e-02
2.244969764773769791e-02
3.206549348870781167e-03
2.262546322967747339e-02
3.623333326393257670e-02
3.361163727107477350e-02
2.601836955452853720e-03
6.749255833781893366e-03
4.809031665893345742e-02
1.538343144966827997e-03
5.957871627962665374e-03
4.223074742565110368e-03
7.527631167002315528e-03
1.065005448582648749e-02
8.467294251103192268e-03
1.765098929306781889e-02
1.080995631563073239e-02
9.062315533988616820e-03
5.629376075875666165e-03
2.766511548254979753e-03
4.599320059340774453e-02
9.921871583644948853e-03
1.023258587218725015e-02
4.973442987733989878e-02
5.398992402074458824e-04
2.159548536853410361e-02
8.458189408527123226e-03
2.982877715909413446e-03
7.444223827736552723e-03
6.967048492486492550e-03
5.814559163400074898e-04
1.847228889253613171e-02
4.445973898436500482e-02
3.319441850120093910e-03
1.248867698689007377e-02
8.121550129971432871e-03
1.373267840163865453e-02
3.650580540223111181e-02
8.236068373457396119e-03
1.385637331678978360e-02
2.447070563509629038e-02
1.226815534009339549e-02
3.846699081885168736e-02
1.493087144972877166e-02
1.177603539089550760e-02
1.304702656043678181e-02
1.875262644071328325e-02
1.259124356400152453e-02
1.432495581338773943e-02
7.497559650991567071e-03
1.944432336780017867e-02
2.947159707974406420e-02
3.279204532805923833e-02
3.746508475165926527e-03
2.324024026303685500e-02
9.273570572351996777e-02
9.403223800952298025e-03
2.537113549833452594e-02
3.075113525266762789e-03
3.915215615789611331e-02
1.661519086909731338e-02
1.670517369197547586e-03
3.391199234367448315e-03
1.130350928712276284e-02
9.113805212732677824e-03
1.406419407249141426e-03
6.493286133479034272e-03
1.580547359087603257e-02
2.332193845025973961e-02
5.301074991317636376e-02
1.097610633642228349e-02
8.356260103438270873e-03
1.153753892385548860e-02
4.215991942317667135e-02
7.509401203445800754e-04
9.107216839778704484e-03
2.002434664364199923e-02
2.779016599376603683e-02
1.987605325994208638e-02
5.530589076855278036e-04
9.075924526329106137e-03
6.430965714167589942e-03
2.432051500576980219e-02
4.880824888118470706e-02
2.931292905840329061e-02
3.243477627944964074e-03
3.034892980750330052e-02
3.055993757268208114e-02
8.300557896240651212e-03
1.686098126991492779e-02
1.238935352701165185e-02
2.324245181635427662e-02
8.645460608820244863e-03
6.468461751452119282e-03
6.656338059271996524e-03
3.344035169874714532e-03
1.840728409933531720e-02
1.408939740985448621e-04
8.843930060543164079e-03
7.739638159962490375e-03
6.181322509168061391e-03
3.311833418406490148e-02
1.729489353868590013e-02
1.854586726600113838e-02
1.187382127638810653e-02
2.346733916214002735e-02
3.215432884000346287e-03
6.350057615333631368e-03
2.983119187099613628e-02
3.158080402489497895e-02
3.391705647571647414e-03
2.318183218717143404e-02
4.173673033469977797e-03
6.747591650382916625e-03
3.766001470412209257e-02
1.423387697360898631e-02
3.028102358840531472e-02
1.357226137935900641e-02
7.895915157732194545e-02
2.607965396986528309e-02
8.161443466831435484e-03
2.707691324880755028e-03
2.225920993012728277e-02
1.350661964924801048e-03
6.398161261069023470e-04
1.453920747080268347e-02
5.452774069213940644e-03
1.687561769834942937e-02
2.268191611926302295e-02
2.855058400174649222e-02
5.968395008560865855e-02
1.849402486322481581e-02
2.136518850811904013e-03
2.186135827727032910e-02
9.199191671814689608e-03
2.210598422162817975e-02
6.166080797281696391e-03
3.335622366889276491e-02
1.739098080563648493e-02
2.543387125138163452e-02
1.694665128679032420e-02
1.093114376031725787e-02
2.167123845642470945e-03
1.596084154721342380e-02
7.552810873623550317e-03
6.411222896828236081e-03
2.357775722246945732e-02
1.562464884662383841e-02
4.012183500434396421e-02
1.906725758354464381e-02
2.079739162720387752e-02
1.053954032934414919e-05
1.278101038988840171e-03
6.210182207495473783e-03
2.463210659735986727e-03
4.121146064513969698e-03
1.227550693429397405e-02
1.946307446670656827e-03
1.622815430733766905e-03
3.141504421230199851e-02
1.308427143220969660e-02
6.325652776825739336e-03
3.756567314219443066e-02
1.242613302013123935e-02
3.902837596024221443e-03
2.631032959115873690e-02
1.858263792271521928e-02
3.316272982491209192e-02
1.338487748041563121e-03
5.117551368963910857e-02
3.563963980576807106e-03
3.358996875157269774e-02
1.904297086611718773e-02
2.062654537680708253e-03
4.313691321204229587e-03
6.102924191026553105e-03
1.014827425931285471e-02
5.640576021354086478e-03
1.236150065122511429e-03
1.753940743981542705e-02
1.108099211386077455e-02
5.132016779825586406e-02
3.124577019078104284e-02
2.964275165504407644e-03
2.637756533036904327e-03
1.267392827807426944e-02
1.405535451574922712e-03
1.740829255874127082e-02
1.685130103852443967e-02
3.725849605134598508e-02
1.046125247717707291e-02
1.447620995875724056e-03
6.295162660071053351e-03
7.198575970458077206e-03
4.658719531129167091e-03
3.805399316355683077e-03
3.002774036174157574e-03
1.593740885080097494e-02
9.763241613857219156e-03
2.513764558409326694e-02
2.800412971183312109e-03
4.976828110573579267e-02
6.009060417256738805e-03
4.342102315707761090e-02
3.983467190379021833e-02
1.071334573528310435e-02
3.807915000884075623e-03
1.171670540136680524e-02
9.068090287091844226e-03
4.675302615010963267e-03
9.634606580744050491e-04
1.057532784519087804e-02
4.749256848698250877e-04
8.136956168927453326e-02
5.123881836109752536e-02
5.050958906783041373e-03
1.345208318274569975e-03
2.178499828296832919e-02
1.052882424401342665e-02
2.065408191628420598e-02
4.170303644150124417e-02
1.750411369737812223e-02
1.416150360981448426e-02
3.146590160746176590e-02
1.924951216872752835e-02
1.660476039279480849e-03
2.075567611680193339e-02
3.084622414534057833e-02
1.158798054611401111e-02
1.494048540421045838e-02
1.908625845589042094e-03
2.033243613421141169e-02
6.933871654422933684e-03
1.510802747215703352e-02
1.082042462967323232e-02
2.713193902986244660e-02
1.926954269624746308e-02
1.032920276809623505e-02
4.637847532329616648e-03
2.289659673369720538e-03
3.871969074032100000e-02
1.093049402895436215e-02
1.127218185413187985e-03
8.367720381719621556e-03
2.573577214318759077e-02
4.533329563254061279e-02
7.374117622031295394e-02
3.840913264680292927e-03
4.773525838619164380e-03
2.648285863903122872e-03
7.404726324080736569e-03
1.889116193531138049e-02
3.990388244890321658e-03
8.011127065468442998e-03
1.759663130469244635e-03
2.186178348950526887e-02
2.114859239555957199e-02
1.768031111701642497e-02
4.252614846210993338e-02
8.196321586606844511e-02
3.047907447764241703e-02
1.178571601537659747e-02
2.793032866745758045e-03
1.880889791496754421e-02
1.242240981704594060e-03
2.714940554934215655e-03
2.064466210220883280e-03
1.016019232229645360e-02
9.397874141561997005e-03
7.597619029541676297e-03
4.270032732541232529e-03
9.200801341628130070e-04
1.445037205676044309e-02
1.858249960670900133e-02
6.608554452537719094e-04
2.007373267356729260e-02
2.476852019545286443e-02
5.930148373651752264e-02
6.486116950081685650e-02
4.284726492205273921e-03
1.047204438485176310e-02
2.580935499590250592e-02
5.551186605204917052e-03
1.145749981084902280e-02
9.376961260274534193e-03
3.570519013748729709e-02
1.341210849665534777e-03
9.791956093072717165e-03
1.478632594982542091e-02
2.286380972137441476e-03
9.025091353570225891e-03
5.869027400047485687e-02
1.163176403834071011e-02
7.873570460740005050e-03
7.418438812553617562e-03
1.776731496668699367e-02
6.407209507755624520e-03
3.506955384710033763e-03
5.607267105919697472e-03
2.110220462428631996e-02
2.117356235243041812e-02
4.921324940636214243e-03
1.152436563313241711e-03
1.353240772253260643e-02
1.173683202639269965e-03
1.004141970871775397e-03
6.971362500944836438e-04
1.690569001861287265e-02
3.027689671688822345e-02
1.841896029138036586e-03
1.128679022836550673e-02
4.839680448114172355e-03
4.477449578568335267e-03
3.248164262126146395e-02
7.576164142916036459e-04
3.986195757275814294e-02
1.232458543169448646e-02
6.084871710910945940e-03
3.065077384474442987e-03
3.405861541013583543e-02
7.990311624535366072e-03
1.293195221175659840e-03
3.420853358013993626e-03
5.088349371536934895e-02
9.743107551091503143e-03
1.271734420834136695e-02
6.143878038763726790e-04
1.802967753365387893e-02
1.004995881894593657e-04
2.182148931534805096e-03
1.699365571887916093e-02
1.391265128300460396e-02
5.010976770789302148e-02
8.631424639614537070e-03
1.463673531316486004e-03
9.229629280981060946e-03
3.361583397124195960e-03
6.880159582382756878e-03
6.261662351959033403e-03
3.172695989070044992e-02
1.707138986504435491e-02
2.825776749612765853e-03
3.170032524501038666e-03
1.581049650774988408e-02
2.097244412430244748e-03
3.751066430227326109e-02
4.077194948969766614e-04
1.108295001463870111e-02
6.897070731798201834e-03
5.486247305154830743e-03
1.082890890580741339e-02
1.802274412250899627e-02
7.904088842746848087e-03
7.162687877632224753e-03
3.395365833519668752e-02
2.501162832989729801e-02
3.097785840367973595e-02
7.393831999871064431e-05
8.360479971423664253e-04
1.291844792269442564e-02
1.032195438498949291e-02
9.049761310789185970e-03
1.159142856792530832e-02
3.603304615654710774e-02
2.418696199827197191e-02
5.681984215427376625e-03
3.106151748955012296e-03
3.388664315618704348e-03
1.479302570600105407e-03
6.325532454639109375e-03
7.562202448604364233e-03
2.944488833668786748e-02
7.587726318305169915e-03
9.694950793136439260e-03
1.646123589962900568e-03
1.188872293096006338e-03
7.109617183170408028e-04
5.944335819530621040e-02
1.264105643346102349e-02
3.556011858827985272e-03
8.169336328933247959e-03
1.541471616223008545e-02
1.664508157057138088e-02
1.261482918910176824e-02
2.690536261225441334e-03
2.807999025933113207e-02
1.414284690112253134e-02
1.531695633588660982e-02
2.312041897238400687e-02
2.645112412170737282e-02
5.004192647396765725e-04
1.592535611214421221e-02
8.080904957447003489e-03
1.785262597810036156e-02
2.653998774006441352e-02
1.702949972909959322e-02
9.796569615430301969e-03
6.061999996746954278e-04
1.349511580579611930e-02
1.494781964491900123e-02
7.563657957435262688e-03
1.522170247577944550e-02
9.419062329208863042e-04
1.608458566783353694e-02
1.968469738675771193e-03
3.106256226506248167e-03
9.332243666552626077e-03
2.540107349184413370e-03
1.427456576806629233e-02
2.435620017268811527e-02
2.081753378376266506e-03
1.500896296098903904e-03
2.570618803540426073e-02
4.961158625260465166e-02
2.557700039141038231e-02
9.711549465053644775e-03
4.943097599302764128e-03
1.527696095259160544e-02
1.185369249409787100e-02
4.986138944878062279e-03
3.179193747574197981e-02
6.363315325138663159e-02
8.198839897625783898e-03
1.246260420644048836e-02
1.135257878646344157e-02
2.550503346297001289e-02
2.735882042589442634e-02
3.115640969250793590e-04
9.828622080574979381e-03
9.328464487743604039e-03
5.319027427124532401e-03
9.907672467994902560e-03
2.168609983953856749e-02
4.685845818504895920e-03
9.656382794480441317e-04
1.018370126765101580e-02
1.513269368994456243e-02
1.813924128698131411e-02
2.460424262769518068e-03
4.672617859055143430e-04
2.258680459286532133e-02
1.771802970027828300e-02
3.068289827256015512e-03
1.076612469411861173e-02
2.861682579652153474e-02
3.386499242298458140e-02
1.152639777503561974e-02
2.780759148926969723e-02
1.708384090990840154e-03
5.285104319059375812e-03
1.763196685671942696e-02
4.529385530418414407e-04
1.602692991135881012e-02
3.411374876456865768e-02
5.063521066465508091e-04
2.166633062397943857e-03
4.207576630183670202e-03
2.389425279629783447e-02
1.110371202346802089e-02
4.667134852639782429e-03
4.138581468214608261e-04
1.492144745107194803e-02
1.583076944761565436e-02
2.739338536095904230e-03
5.969633344206668607e-03
5.796533563788776496e-04
6.958186580806196859e-04
8.949429084556861577e-03
2.023773946177656602e-04
1.148166481560273025e-02
8.226216738079750700e-04
3.457252250245463308e-03
2.417734706519493112e-02
2.651207991500348707e-02
3.175286905181851083e-02
5.666105959998341511e-03
2.865421998424784802e-02
9.640830353225045973e-04
5.612320901611693794e-04
9.551436270594000286e-03
3.827999744881810645e-03
3.927032574978143661e-03
1.298069118128997862e-02
1.647361536188893597e-03
8.490698339365986350e-03
4.635033584946443574e-02
1.439308385173308780e-02
4.114276000805548381e-03
4.043332307655786223e-04
5.145773044033055688e-02
2.475392388181416395e-02
1.773286728731039361e-02
1.590552402533374973e-03
4.594621734020753155e-03
1.820997437900836319e-02
5.520538551214043341e-03
4.909722586784442261e-03
1.332295573875601560e-02
5.921984058819416280e-03
7.436172410663612932e-03
1.642046349847511161e-02
3.214737162625376510e-02
2.003037707006440418e-03
4.960218979193428343e-03
3.607592780487575701e-02
4.435086787426002417e-03
2.565256325469605914e-02
3.028853371951429480e-02
2.789733843000959806e-02
9.936943776596943168e-03
4.914938204056132007e-03
1.353340506330968224e-03
2.372506269014949126e-03
6.817208798178041838e-03
4.269708798933769499e-03
1.180604324745275350e-04
1.159966935245125563e-02
1.054228426553318818e-02
2.364986319956734195e-03
2.779452304186807651e-03
1.055802779534598113e-03
5.260408478283083722e-02
1.305693167119456946e-02
2.198036631427217197e-02
3.251685075244544788e-03
6.807164843835247434e-03
1.512254213729584407e-02
1.426013619849501868e-03
2.533104983305443144e-03
2.151445353980686870e-03
5.870731411471822453e-03
2.455229053486255100e-03
3.978115385706883916e-03
2.222488594226514763e-02
7.561658861056710923e-05
8.991911250724682336e-03
1.012611138601663893e-02
1.403707670294774244e-02
8.221429295900667400e-03
2.553513106302330443e-02
2.043528148965020885e-02
1.864129119962934511e-02
1.364934845785758903e-02
1.594457024822989663e-03
1.046809008879381539e-02
5.865119576921417992e-03
2.768753848600765885e-02
1.163537299247425008e-02
1.250180473446094176e-02
7.025645426595006349e-03
2.890277710834370656e-03
7.086889168948097562e-03
8.674621385561659404e-04
2.573556404298230418e-02
2.374327356736856062e-02
2.201209033829054293e-02
7.923476077818309565e-03
1.081471882182552177e-02
2.688772014997307946e-02
1.764170452801721266e-03
8.307657087967717721e-03
2.251044437077058796e-03
3.066485224964578260e-02
1.679152526925682936e-03
1.946486256587954752e-03
2.772908455337215472e-02
6.621019164646527871e-03
3.148662443773401695e-03
2.330041613347453482e-04
6.510796981039491949e-03
2.673585192069519167e-03
9.160282331118886276e-03
8.397035238412143068e-03
4.413413314605172354e-03
1.848807451759323581e-02
9.814737239289628504e-04
2.872233556129022251e-03
4.490974380543830830e-03
4.745101950993728043e-03
1.351471556483161904e-02
4.157421373527227064e-03
6.590468692543052787e-03
2.402800605800237740e-03
1.949870205077289947e-02
4.886972344572351398e-03
2.849456176906321400e-02
7.597722730407012980e-03
2.185502343820285021e-02
2.779009172218484258e-02
2.251705057906434534e-03
4.724031834929427742e-03
4.709196919731472968e-03
6.487363212302636739e-03
4.242410653984589851e-03
2.848023126634207508e-02
2.935751503993477146e-02
2.672143118542980207e-03
2.138391724004192959e-02
1.870877446667021035e-03
7.644805374218658842e-03
4.785388041725815306e-03
3.896252079162000528e-03
5.694639661673120412e-06
8.832450783865830254e-03
2.519008534252176450e-03
3.274073998559334352e-03
3.275111424191112092e-02
3.267718585877689430e-03
4.021454284175321990e-03
4.758581095797768598e-03
1.433402972956371139e-02
2.279498241386355289e-02
1.904442756038252516e-03
4.954010760175915282e-03
2.571562526287874718e-03
5.296780684776029348e-04
2.588499264809087860e-02
1.195090007386629197e-02
2.800988940300929483e-03
2.771947714201273508e-03
1.882879700978567356e-03
1.126791388597201543e-03
1.626107881289424670e-02
7.356174716887134771e-03
8.467865948456762548e-03
8.024673820104730182e-04
1.744304744015192504e-02
1.519615247796202336e-02
3.705441251643154955e-03
2.365650493980339317e-02
1.765931891395224052e-02
3.991338961815169700e-03
6.161322381779631673e-03
2.186894395514884376e-02
5.666437585697412307e-03
2.215377592561578509e-03
2.603793070338427870e-03
3.199991148824106804e-03
3.550064740584606832e-02
5.664098595642733276e-03
3.935628080441251793e-03
5.637432305445560718e-03
1.351763051050590761e-02
1.378721296775307567e-02
1.495735001144103682e-03
1.597611012015680851e-03
8.193212966567980232e-03
5.774359839804007327e-03
2.705336358447431658e-02
3.028939763890245787e-03
1.441166065227600379e-02
8.048756282666245238e-04
1.776981776367865529e-02
9.167757925290702034e-03
1.298333743449359839e-02
3.703520578627896541e-03
5.155942331310103648e-03
1.829826781943924216e-03
1.261447950215395346e-02
2.254435030740756588e-02
6.584078562341067961e-03
5.082823317871437707e-03
3.942326630507815566e-02
2.583277240470638683e-02
5.474091952656501281e-02
1.756412509445866299e-02
3.106458477289223211e-03
9.679146209275802867e-03
2.948779153130141602e-04
6.709482068994169872e-03
1.883537397192849502e-02
9.311481921921532096e-03
1.044869080373368037e-03
1.638312780341877328e-02
2.083765903855511192e-02
3.083002591939554282e-04
3.054890024769377731e-03
8.763380356560641557e-03
1.600361866400308933e-03
1.515548516110438310e-02
1.642870620321025543e-02
3.977224685631792350e-03
2.841341453814263951e-02
1.807566362293860527e-03
2.026840705372708051e-02
2.303942850399025299e-03
6.819413856236460937e-03
9.882055526916688065e-03
1.066566795384474298e-02
1.268955350240303856e-02
9.649267941076421218e-03
2.221514656858603054e-02
1.091675709231193156e-02
7.193199798907660460e-03
1.417381840671926366e-02
3.200546116791430640e-02
2.687411411880891166e-02
1.676593090174862549e-02
5.116129808540213590e-03
1.539880712973742613e-02
3.444979146435628303e-03
3.481151873546064514e-03
2.628494365723883092e-02
7.689361883910850355e-03
1.266463898389333636e-03
9.819425631292059975e-03
1.724456455772659796e-02
4.580645524980039851e-03
6.111908186534443371e-03
9.007270091781530673e-04
2.746203852031176094e-03
1.608236251136666364e-02
4.511249876148823792e-03
1.135803015782353015e-02
1.623160040886615935e-03
2.837866921951722951e-03
8.165694890776381554e-02
4.754580789451064854e-03
5.535323179222013945e-03
1.092839307802021161e-02
2.472003743054455166e-03
2.096034930770498267e-02
1.456087338262878651e-02
7.490445698272545777e-03
6.964959574067513745e-03
1.087983263808290323e-02
2.082199391527287443e-03
1.086700590552162893e-02
1.458421317526806954e-02
9.992021484362231115e-03
3.153032963482912954e-02
1.963187489860317159e-02
2.397543172251055330e-02
2.289060000346030202e-02
1.474964891071876838e-02
1.818260808310160487e-03
2.099176506613811138e-03
3.019972514123606816e-02
1.461608780364127488e-02
6.769666423935619820e-03
4.744673597670294798e-03
1.939293757321079031e-03
7.946558636336229636e-04
1.403547754706850267e-02
1.142049947061098657e-02
3.157374428049078419e-02
3.893306724080333042e-03
1.477530943436298821e-03
1.040901497511105209e-02
3.406482109364582234e-02
1.487976575124061451e-02
3.399189195841086780e-03
6.861983067791651951e-03
2.600010633016454006e-02
1.800413940859725559e-02
1.347640750489401519e-03
1.988498140762872540e-02
2.083132146766199580e-03
2.367233875662755685e-03
1.417477925431545084e-02
2.257252127264856162e-02
5.723962214588853605e-03
2.153378370136522363e-02
3.365040925902498120e-02
2.389514896577881950e-02
4.024660875721815939e-02
2.369671435960704620e-02
4.242933200322838994e-03
6.951980108280534677e-03
3.324518436045424685e-02
3.416343373776854764e-02
1.926662022446407399e-02
1.090145725659378987e-03
8.431591258132493244e-03
8.131080552123155086e-04
1.329599630333124123e-02
2.255200009382720468e-03
1.756290604235313801e-02
9.586817178481379931e-04
2.078140324036662975e-03
5.001049499477792058e-03
3.126726437140252279e-02
1.137792788554660255e-02
1.677250741337822648e-02
5.361726511322576980e-03
2.707264400752783934e-02
3.255343789236361546e-03
2.013430588937318438e-02
3.273206732374252248e-03
8.642196608913108730e-03
5.362401722325140820e-03
2.559661715164841811e-02
4.485154200426786503e-02
4.447085666680776483e-03
7.067529054682560909e-03
4.671388133137729243e-02
2.513382935809052240e-02
8.970945780131030223e-03
5.555614665738986893e-03
7.539183977331772452e-04
7.721852650499003157e-03
2.260670748228418153e-02
1.721290591788464386e-02
3.765771130595042381e-03
1.782823050349742477e-02
1.969905145408167718e-02
2.378692489595422496e-02
6.230599029158232979e-03
6.930292204992647212e-03
1.172674269575880827e-02
2.344824896273910685e-03
4.601721414106826544e-03
2.482171428879033880e-03
2.385764853734657909e-02
1.658609784306203094e-02
3.385515107380542010e-02
1.172610370772126862e-02
9.807222191612972872e-03
6.459623454700951645e-03
5.778695458294677741e-03
1.308052269887643310e-02
1.098691871440528149e-02
1.983804282634008334e-02
1.442181894326583988e-02
4.273894310272421948e-02
1.852717910962823657e-03
2.882622704673272473e-03
2.255131928885227566e-02
1.093486116076836275e-02
1.328754324846639304e-04
3.693235182078622586e-02
8.632696020908492418e-03
2.956853171678784642e-03
8.368741374187733603e-03
2.161606357454429889e-02
4.385711542720327483e-03
1.112482248584678590e-02
9.240217331480593196e-04
4.827237366952860653e-02
2.268018822997404718e-03
1.513485156923266572e-02
1.476122377556697216e-02
8.852060906975014326e-03
1.026393504884887814e-02
3.225979627153043386e-03
2.800177030139287468e-02
5.960385746813648411e-02
3.812487781267151488e-02
8.512541066565737502e-03
8.472172863543205729e-03
2.244309442954926966e-03
9.018368793432630925e-03
6.061926027748250345e-04
1.462010392761547983e-02
1.106651917780756417e-02
1.459226956281614584e-02
6.839608808488065184e-03
1.955378166931129313e-03
1.624916114729610915e-03
9.333891936821580790e-03
1.931557366572704201e-02
1.284910422381857660e-02
5.752557608059032102e-02
1.437909704090479905e-02
1.164826040956026300e-02
1.843608466734682205e-02
2.163899710286860956e-02
1.026989036923935117e-04
1.009412915896444607e-02
2.144900952644501844e-03
1.798615430910197738e-02
6.285486659478901894e-03
1.624060847911335329e-02
8.597237226182233294e-03
3.351694810135513909e-03
1.935079469699546584e-02
3.719985696353849888e-03
3.332961706582213135e-02
4.293852134415954147e-02
3.135676072900961397e-02
7.997532943924677909e-03
1.549082241793300029e-02
3.159790059789377437e-03
3.207287565227451287e-03
5.183426686865195455e-03
3.212655140948629529e-02
1.174365941859266405e-02
5.647327043772784605e-03
1.181066125054609436e-02
3.935242055855912163e-02
2.561882040408502634e-03
2.035598528984404465e-03
1.631248496919653762e-02
1.653925365447284773e-02
1.969386116951507906e-02
3.433275528741148303e-02
1.059077239656974062e-02
1.089479026944917620e-02
2.638321151397859596e-02
1.888305057772834278e-02
2.393498751430727517e-03
4.333310686819256789e-03
1.841562229624251618e-02
1.229982298651385864e-02
2.477441382734323766e-02
1.720686019550170254e-02
3.598458979636662280e-04
2.114398322394906576e-02
5.058975960183035789e-03
8.412697429161212007e-03
5.040724949210219005e-03
2.229589755242614157e-02
1.598063998677169001e-03
1.641500319930199597e-02
1.669476464861430892e-02
1.280940809396434801e-03
9.251733019745300712e-04
2.577649951885524135e-02
1.250342231252593930e-02
1.742388771525375454e-02
7.969570171814840606e-03
2.255141193801576960e-02
3.516253991812625518e-03
4.021904792253739799e-03
4.296395208184149161e-02
3.023263633374294670e-02
8.783319946343490919e-03
2.379514667707127717e-02
4.706535211411882330e-03
1.338952471105827983e-03
4.487901173417414846e-04
2.131858903448489648e-02
1.434229541962494733e-02
9.183384014231537121e-03
1.306623048688374325e-02
2.580563192940338747e-03
6.162500332577579981e-02
7.305823151325973805e-03
5.536019859064307200e-03
9.995368572200753060e-03
1.204835268787487297e-03
3.589900047219867808e-03
6.777599937175025988e-04
1.633266116044388566e-02
1.032752628512848339e-02
2.831664238591737048e-02
5.898364827491875059e-03
6.697546910958654398e-03
2.303708086115829196e-02
8.188735274325866648e-03
2.811208233105492657e-02
1.422867381547516900e-02
1.446749401179290087e-02
3.164533886942744265e-03
4.589795616193156208e-03
2.937981003750229393e-03
3.356111624455959674e-02
3.956060014383545875e-02
1.094014362766732897e-02
6.375423274629732871e-03
5.295680121356494824e-04
2.056602761802026058e-02
1.746252793798550550e-04
9.018835961272037016e-03
1.422361249908300762e-02
7.158157767163568844e-04
2.172214580826073785e-02
4.175038703427259856e-03
3.276081813240164231e-02
1.609685665024387577e-03
2.939464679907473343e-03
2.449424679392952012e-02
1.583120708509847333e-02
5.770426132059074120e-02
4.688351075344572051e-03
1.966452003029593026e-02
1.721224229672692341e-02
2.374095876779106287e-02
4.096775407302868932e-03
1.963031634454262542e-02
1.251093183647087811e-02
2.122808597749917953e-02
7.974942608191475102e-03
1.073828400585792597e-02
1.627042441400857256e-02
5.681296511229041481e-03
1.764446624340532815e-02
3.386113514039675899e-03
1.187793604074829576e-02
5.688091567608348498e-02
2.862410374204697044e-02
1.658735978191859485e-05
1.397566411042577839e-04
3.726914411430166940e-02
3.179105702582286398e-03
1.089327583076561863e-02
1.217018767846517538e-02
3.591453147451797827e-03
4.077737625306736974e-02
1.110339900421245321e-02
2.757563353598399547e-02
9.264289908605704768e-03
1.391835235138878628e-02
8.791760038253149806e-03
2.423387874876955367e-02
4.232789667026364694e-02
1.055527764450674144e-02
2.402677094822270806e-02
3.380311322393440149e-02
2.137286249267793259e-02
1.188842083829617577e-02
1.646490967370610806e-02
2.411514983783332941e-02
2.449224014582918052e-03
1.745295257407801851e-02
1.130295819173353540e-02
7.201156135350205226e-03
2.131148436582473542e-03
9.349762151550769507e-03
2.408061443076605322e-04
2.038853153957360942e-02
7.547355489355473193e-03
1.598933662834760988e-02
6.707656616860745635e-04
1.301256633756577019e-02
5.799464694947277510e-02
1.354164521073840562e-02
2.075413107968826498e-02
6.155593157183212455e-02
1.470500062994927956e-02
2.228654352989227483e-02
1.722059242369927343e-02
6.128046746042933868e-02
4.842311499000110514e-03
1.751493292187226297e-02
1.903630096636362359e-02
4.751643602068134076e-02
1.944840414876521789e-02
1.643204442055005337e-03
3.095687325450556873e-03
1.020295794233810286e-03
1.904690334382339034e-02
9.767662038840378702e-03
1.195333045948361594e-02
1.862071388011470735e-02
1.188577402535686244e-02
9.270728449296121790e-03
1.216407308558927402e-03
4.840981601654393250e-03
8.912691280145603259e-03
3.708406628507444208e-02
1.333651418605358817e-02
1.281990520900219872e-02
5.533325178825222387e-03
2.563982540170265528e-02
8.239205992866004136e-03
7.961652905795627358e-03
5.947085880751049047e-02
1.770135024796493789e-02
1.081538439223928179e-02
1.125252734106855779e-01
7.310522119297105034e-03
2.074833189897230812e-02
1.076926399286738667e-02
5.891572150568984839e-02
1.223400087351418294e-02
3.647249548560888531e-03
1.427385010255206692e-02
1.458568699931429499e-02
1.781582315646896425e-02
1.389173768830038146e-02
4.238386116002434457e-03
6.831505408891253624e-04
9.390806696381650068e-03
1.384921942579082736e-02
7.604568735920313322e-03
9.510634800545455028e-03
8.980909635906000194e-03
3.288643413368859490e-03
5.337843504666019145e-03
2.237575990077801322e-03
1.154526611421969814e-02
1.760794351817049352e-02
3.873200730200792447e-03
1.956501054941740467e-02
5.082554984617394973e-03
3.023615113894012607e-02
6.626051601108320227e-03
5.721459533930472671e-03
2.274733295544293515e-02
3.274290784831234737e-03
1.492900621242565160e-02
8.755601986434233264e-02
1.571682973797759036e-03
4.482917816640650394e-03
4.773280300709613864e-03
1.202890241751087587e-02
3.368962972312611326e-02
3.155837381355267555e-03
3.736665219186832004e-03
2.145121167562517167e-02
7.338063348241907237e-03
1.117985042305501622e-02
4.708549264183146087e-04
5.198256289802756502e-03
8.694101033270833223e-03
2.555455311705523078e-02
6.615943199937640226e-03
2.657629498931202150e-02
6.531694073330651662e-06
6.048555586807925766e-03
8.486157007689140372e-03
2.023119031279627632e-03
9.223296948351909774e-03
6.795969484594280297e-03
4.184490398818263047e-03
3.347580812156306790e-02
1.355942353549989023e-02
5.861378608013750879e-04
6.508744336548424880e-03
2.953488753687809332e-02
3.153370154920345086e-02
7.103799704068497131e-03
8.719847485921554051e-03
1.878201344130943362e-02
6.689987358245460094e-04
5.301671755202868978e-03
2.022603323532384464e-03
4.052068113762446327e-03
1.630437282359740309e-02
5.404577259516370885e-03
1.454291313119682443e-03
1.166968109424221592e-02
1.706568954504122590e-02
8.969457921852858062e-05
2.919383461580180548e-03
2.615580185212694128e-02
2.430117471593749162e-02
2.548330255657838342e-02
1.949649586850618795e-03
1.271664847223477959e-02
2.563693205299087327e-03
2.426219668558904710e-03
1.645701434898876742e-03
1.388573543741743622e-03
1.942659626360741798e-02
4.664045291735294252e-03
9.375428451634715624e-03
2.734905227145600221e-02
3.777799301705584648e-03
6.320295731131611063e-03
9.852296716098342053e-03
3.408816833642060867e-02
2.520534549517916903e-03
7.360995631727458924e-03
4.091587859021818784e-03
3.188983540643856862e-02
7.530708634445437699e-03
8.192530965234938803e-03
4.081092850385366431e-04
4.518242503392451426e-03
1.209062521595544691e-02
2.175656431628302662e-02
5.598468451940728438e-04
1.798576295339564257e-02
3.269734441645199413e-02
3.547783600137341398e-04
1.076829753774214901e-02
2.204874209098412960e-02
1.603084823953307772e-03
3.890556919097026140e-02
8.882948296502157781e-03
1.077130769191212561e-02
2.239665528719137107e-03
2.124971417285128998e-03
7.731783390339499323e-03
3.910258029128400870e-04
9.101910214041993713e-03
1.723108657632645493e-02
6.654141772794262312e-03
1.605958391565334015e-02
5.727811838720359844e-03
9.376808128202119424e-04
2.632225518110071528e-03
1.191402956926508605e-02
3.513542834384215940e-02
3.039474566741621683e-02
3.603471924387264234e-03
1.408556292436971211e-02
3.562357649808584048e-03
2.171275466152827391e-02
1.210002408762462199e-03
1.784102143117372030e-02
8.620956364909079447e-03
3.429573993010727462e-04
2.781785488019921943e-03
3.735656098464920638e-03
1.199222997887065302e-03
3.661016044797002489e-03
1.830678591638485245e-02
1.725738941804003113e-02
1.511721738001698193e-02
4.261201066137562665e-02
5.708439196385671661e-03
2.314329065040315186e-02
1.797143520711601402e-03
2.568207729890981117e-02
5.193339005154638810e-03
2.011059763715521750e-03
1.058370599174401558e-02
9.879078246437481003e-03
3.167974867158872970e-02
1.370239563713552752e-02
1.025430182370841090e-02
3.647414755037249601e-03
1.884961144235179631e-02
8.930452628252613309e-03
6.759153773327170045e-02
3.674039673741101575e-02
4.138943559155302751e-03
1.354797158716319026e-02
5.897861643362768344e-03
2.383769108369260606e-02
2.574456714459575409e-03
8.272343088121194080e-03
1.007809862740751718e-02
5.511068426724241923e-03
1.273245835185554675e-02
2.937154211933794279e-03
2.571680267264953024e-03
1.911984794319758832e-02
4.125268567774958983e-02
2.980030553591794806e-02
3.473582465906217484e-03
6.913058074547789866e-02
1.071840496961233916e-02
4.755204894315073240e-03
1.853533654486062832e-02
1.631164823558083760e-02
6.558983362587100102e-03
1.199185189205628776e-04
7.970583469007842814e-03
1.004315144285888341e-02
4.853065079331640719e-02
1.326287003714532800e-02
3.489477419680028086e-02
5.024547635071811152e-02
8.749726294029466778e-03
3.917082575303021397e-02
2.782826301979559117e-02
4.253427585201169370e-04
1.933749796763647652e-02
2.864493919996803292e-02
1.937432061072025952e-02
1.805021803612037734e-02
2.994203349400731407e-03
4.799545997434588596e-03
1.951755003527676571e-02
3.260679049023726753e-03
5.746134508222297543e-03
1.740121636117111749e-03
4.858129372429315085e-02
2.589509782159131555e-03
2.455050021791133769e-02
4.007472069334060139e-02
1.736595256221929937e-02
5.207024297566086035e-02
3.137603403284334319e-02
2.827468073217079617e-03
5.793768046894439208e-03
4.046993547799634244e-02
2.202957041511209579e-03
4.165324313425243508e-02
9.200804250370267848e-03
1.571792390639741022e-02
1.441307985577265291e-02
1.471543327672897999e-03
1.756294685155767102e-02
1.236615035494887174e-02
1.359254020735918556e-02
9.507097910472718863e-03
8.596362715373027930e-03
3.530097310993522870e-03
5.231527070780721267e-04
1.186789279477992384e-02
8.776885572838503090e-04
1.136637411066363651e-02
1.448651622060582664e-02
2.876365246721023297e-02
3.464829062249536254e-03
5.523719666829105673e-03
2.392005468365609316e-03
2.704493578156077355e-03
3.631289668295602235e-02
8.560727215492974773e-03
1.456225357353072535e-02
1.778183342770729355e-02
8.050848859863402041e-03
1.781551322995092793e-02
4.407444219320983195e-03
1.697081710524813922e-04
1.640571233083015952e-03
2.491892190501062559e-02
1.428779916125309975e-03
2.788579299431010947e-02
6.602461305504421507e-02
3.797226071916499218e-02
6.140606940500571362e-03
1.403677426758261938e-02
1.261657822192743588e-03
7.033686582390780498e-03
2.197242957581637887e-02
5.335448935255790795e-03
2.494296588857529764e-02
9.504458913812312629e-04
2.286340336584757882e-03
2.165677442644699593e-02
2.764808151500826316e-03
6.357546769760261986e-03
3.923888575378669565e-03
2.145625316287020148e-02
4.030766317462881367e-03
2.211081049998771947e-02
5.819844689743298299e-03
4.999171658873134694e-02
3.633290995171926246e-02
2.916018090122118878e-02
2.340142391310867306e-04
6.023342166484575710e-02
6.637187812218106261e-03
2.061791769464908775e-02
1.922289949100269846e-02
1.052792006125461213e-02
4.636460473032935105e-03
1.277606957614477352e-02
6.085788197443548885e-04
5.312175336076219168e-02
8.045015297777219354e-02
5.218617505548910074e-02
1.043795344772080816e-03
1.134970317144396237e-02
4.194496078897905385e-03
8.741509805696151894e-03
5.314247711822814302e-02
5.864991223950614951e-03
1.963742916527844162e-03
2.757500971230868181e-02
6.046794803292784154e-03
1.789372400711267130e-05
1.827308041402562339e-02
2.895324651395955740e-04
2.370788398488834700e-02
3.085799810446413285e-03
1.051986329309313913e-02
1.704895828620883041e-02
6.188367286663384176e-04
1.366616038801780203e-02
2.089117331126208107e-02
1.790883433040919848e-02
1.312481205368149981e-02
5.264348955234311733e-02
9.317517466084005578e-03
5.510004881621169068e-05
1.980872029432549988e-03
6.854785597740339388e-03
9.449688684845561695e-03
2.869160863619037508e-02
2.124536419552876601e-03
3.918966621005793433e-02
4.582636051713104286e-02
2.972763102136849120e-02
2.595556197826010686e-02
5.786104486702215235e-03
9.976432938279360813e-03
1.506249510053084273e-03
2.726839568138077902e-02
3.699295466429616298e-03
9.187706531098297630e-03
1.328209028919805426e-02
3.098854506489845048e-02
1.522375222635736092e-03
6.391785085609690865e-03
5.421305400415816350e-03
1.007605454738754250e-02
5.617301281614461676e-03
2.409479684033710711e-02
7.605902918441752661e-03
2.385546696712548438e-03
5.658696907433001522e-03
9.310068303460462824e-03
5.936436522148051155e-03
2.645238454276398893e-03
5.018998789266794491e-02
4.455313310869485344e-03
1.491843388528591927e-02
9.181157495329460294e-03
6.966257005933639869e-03
2.274941191191876683e-02
2.323975855963328341e-02
3.829742152892208137e-04
2.663299634369068261e-02
3.461977374125767282e-02
3.010970477781158353e-03
2.925601071422448407e-02
6.735531163349448014e-03
2.563219980250240615e-04
1.134121060453677395e-02
3.941120171720357418e-02
2.198963209454344453e-03
6.626076217342367902e-03
3.537638917265328864e-03
3.884031109341832405e-02
8.602681270846686268e-03
2.622376226410431943e-02
2.689459618551371528e-02
9.596088192969668904e-03
1.330202022271011891e-02
1.480676021205769473e-02
9.033084023468722010e-04
3.488405545393614970e-02
3.479557620280120979e-03
2.197795132386743538e-02
2.864248944390676566e-03
7.925537240810257011e-04
2.174150721223427896e-02
7.447958305075857988e-04
3.204672404909154892e-02
1.981248031529833642e-02
2.024369607353461616e-04
1.878486721101640944e-02
2.009263936084156738e-02
9.017731533163026933e-03
2.316998070004366514e-02
1.658412290594795876e-02
7.003706142058106765e-03
4.342781692053585690e-02
1.065347864096148969e-02
4.714794554042731414e-03
2.626486560812833597e-03
4.189414560806133808e-02
8.562352101870829985e-03
7.650135608749681487e-03
6.091702982159294920e-03
3.192755485733980714e-02
7.706693053132548411e-03
4.156859742434608485e-02
2.928971565475930669e-02
1.546290924534198842e-02
1.766468277471628517e-02
1.896776101132485043e-02
1.396748412341750067e-02
2.426548945931321366e-02
1.420775342980863491e-02
1.603806823592250110e-03
1.233974876756610377e-02
1.561606952630500630e-02
1.529568664117622948e-02
1.930951195457253355e-02
1.178256485266531567e-02
2.725766209471527576e-02
8.373426078192242397e-03
1.256745696312973337e-02
5.139476187231933543e-03
3.763601019217912950e-03
3.608560701820159866e-02
1.071084197023791477e-02
2.740933157373715706e-03
2.474373572327912343e-02
1.576488958975140464e-02
5.010099233761958204e-03
2.720033159214878954e-02
1.427133055732008292e-02
4.576838483862024839e-03
2.805941191090837242e-02
1.451336602262471133e-03
1.266221384028686989e-03
1.296571912382790681e-02
2.119084547224049653e-02
8.552456725783920757e-03
7.229982142086082732e-03
1.045182787928145181e-02
4.683689439402723836e-03
2.228667014138600161e-03
1.086955499506729508e-03
5.233029442350628502e-03
1.126963236085589716e-02
7.090972518384083129e-03
1.198321560471485303e-02
3.489627184483638789e-03
1.005866555236285126e-02
1.745209898680714217e-03
4.163160159348936601e-02
1.504562619279218964e-02
7.174414312765112905e-03
9.756508495033174716e-03
1.833728759388898732e-02
3.418359699694764088e-03
2.338368351264413433e-02
2.305832659682616539e-04
3.477459244881377087e-02
1.346123889571983721e-02
1.916491735321811454e-04
2.177487486964026914e-02
1.715392803751092377e-02
9.449139358706833830e-03
7.589892430076704277e-03
2.337582977282414223e-03
4.078793041630422028e-03
1.155910168444605930e-02
2.029344265695868371e-02
1.104910395407799652e-02
5.316815907150539491e-03
2.177315516505645698e-02
1.516302070829899859e-03
1.773643346543465546e-02
3.183053586521683576e-03
1.173397096036344484e-02
9.400562797077155475e-03
2.061701924693164038e-03
6.992532678512808526e-03
4.837094705597764360e-03
1.028067129145410555e-02
6.711863544685640545e-03
2.733305383091225865e-02
1.408357767431157176e-02
2.587081473927653821e-04
1.150096866519326709e-02
3.143586338630396937e-02
5.829348291570671942e-03
2.408107829619811346e-02
3.446698831958475151e-02
3.649757902586887870e-02
3.366569233194079136e-02
4.869702488213207767e-03
4.771248812994701577e-03
1.472934039780210078e-02
1.609422591543044345e-02
1.389143198587803121e-02
7.770318242742674936e-03
1.374622017431556022e-03
3.786084336401671600e-03
4.149636006413094831e-03
2.907816709294597929e-02
2.360793514274502417e-02
2.899644785990652604e-02
1.339886531004834055e-03
1.977841293440896903e-02
1.333276335920705741e-03
2.183100840113250118e-03
1.806513993980444436e-03
2.269128929604631584e-03
7.758010461723488516e-03
3.761780128544144671e-03
2.166864595283871792e-02
1.623600270314772345e-02
5.709564097351850498e-02
3.137734654035769649e-02
9.274473618932597974e-04
1.544778847280263434e-03
2.286609934339910513e-02
6.673812795165524892e-03
1.830508162239875142e-02
3.522946928787039356e-02
2.964036653572995478e-02
9.893689379170953965e-03
6.316636303291963198e-03
4.432287903347823660e-03
4.678539521962935335e-03
3.113024174818893562e-03
4.127387375301951565e-03
1.091339535685289554e-02
6.339501146759643491e-04
2.368488465737329102e-02
1.471651462879096893e-02
2.410947538069553586e-02
1.645901660684339490e-02
1.452088541094270595e-02
2.064924606265101242e-02
2.600465525799869684e-02
1.455537550138794045e-02
1.208927836133820649e-03
9.592268165022170556e-03
1.120714632341433988e-02
2.252147507247969672e-03
1.014107800850190012e-02
2.569601655434696624e-02
1.266488309654554070e-02
5.692258825004466172e-02
3.812371333405681698e-04
1.108722082603180942e-03
2.272132897103911614e-03
7.737515318694229705e-02
3.614800790694190288e-03
1.167699589955477173e-03
1.451186588458279296e-02
9.685463542870344222e-04
4.894661719187266835e-03
1.963618062690496852e-02
5.640614706135929635e-03
8.833374835087693180e-03
5.666765317786474909e-03
2.990437748352803640e-03
3.335997664101803765e-03
1.054583980727785220e-03
2.759829830049477604e-03
2.710665640965782830e-02
1.289585809093218675e-02
1.331362926316301222e-03
2.047131348878793514e-02
1.112962676361595876e-02
1.533523018572235594e-02
3.512356553660937741e-02
1.438674903004482676e-02
1.800747533083420227e-02
4.028359428461327635e-03
8.568958252801926745e-03
7.364998356665833357e-03
2.408845760362679847e-02
2.073972936226600727e-02
1.253814080918023120e-02
1.542970563033479060e-03
5.822532585910886703e-03
5.151699948132861320e-03
4.944120087398080898e-02
6.018037294618493183e-03
7.305971155605330350e-03
2.456679975158367751e-02
4.538346007125526257e-03
8.475309345426867980e-03
1.781373310524921039e-02
1.660908777483251827e-03
4.513847948153315061e-03
5.535390514602509318e-03
4.350518039213526790e-03
2.466130921742749199e-02
5.386608602052237252e-03
6.811403766140277684e-03
5.641186680911992879e-03
9.217267444149725153e-03
1.498444444319884305e-03
1.721561706289280111e-02
1.115463080064245209e-02
1.695486487818984814e-03
1.986145515357527758e-02
2.647262463222090512e-03
1.262909619208229042e-02
1.265303635650177720e-02
1.838090802311414043e-02
2.462988536960036140e-02
1.542946536475964248e-02
1.349325264564270321e-02
7.537028581273861813e-03
3.224424186977430107e-03
4.434066033812298843e-03
4.740316845076978508e-03
7.208942131032106126e-02
2.063139359645093512e-03
2.878014712229482776e-03
2.089484153819798698e-02
1.287132888769176170e-03
5.452591994026294991e-03
1.968429633465294121e-02
2.897107653408993039e-03
8.811023171944350543e-03
6.694391275945297051e-03
1.913951816863985198e-03
3.334102725449630822e-02
1.319226136527565894e-02
6.501670212546359177e-03
2.689163307304022130e-03
2.165479773862413748e-02
3.133008569333353525e-04
9.108743188228424909e-03
9.248570927189897137e-03
4.158272871352963057e-03
1.467240778878120717e-02
1.616210471256097165e-03
1.132610910799601578e-03
2.355325059733351638e-03
1.055600014603789993e-02
2.598951918850025272e-02
2.349250563382328932e-02
6.313283248212571419e-03
1.656034627959082628e-02
1.451348134731260398e-02
3.623279007549263381e-04
2.926194232182712743e-03
4.232279878697543796e-02
1.762065906703600814e-03
5.551843722423965150e-03
6.944584041333755169e-03
1.998067160931466663e-02
2.644910235052619178e-03
5.347212929184849695e-02
4.700295485952335831e-03
8.308988194030954288e-03
7.834656199883171385e-03
9.956387947863597210e-03
3.672046297916552529e-03
5.620757587652321433e-03
6.920117437709292357e-03
1.706909839092772205e-02
2.076993568823721353e-02
1.208764744215960968e-03
8.054564730887130500e-03
1.694678585965209844e-02
3.634747831912278886e-03
3.295137992724587496e-03
7.726830461626471060e-03
3.870696478252914907e-02
1.363787119671293867e-02
3.757554767457509624e-03
1.149679925420782692e-02
2.948793886417049037e-02
2.753577897010445197e-04
1.483991329691698551e-02
1.563624479314353055e-02
9.816902282383882516e-03
3.292784682539374314e-02
3.372768659618902154e-02
5.200789042823429631e-03
1.564727362464146676e-02
1.730745310863860201e-02
8.698608455290055691e-03
1.961281608999720927e-03
3.111155563558335585e-02
4.170505477055976018e-03
5.181054770192141876e-03
4.363557755690617400e-03
3.009322215610239770e-03
1.004785890490656267e-03
2.602179959695090361e-03
7.834433485290295818e-03
1.187525413956366793e-02
1.695686677844656168e-02
9.997475513550809975e-03
7.834206015788521341e-03
1.015882404894382415e-03
1.005209124874731873e-02
2.858121184942804052e-03
3.012210752855151025e-03
8.073818662948336819e-03
2.805724342954755198e-03
2.627961269829581694e-03
2.614571932042853483e-03
7.634224644582758047e-03
3.442954277811965513e-03
1.117625408034824200e-02
2.941672287785399020e-03
3.439958497922040743e-03
2.140710814262740055e-02
3.784257980164645874e-02
1.380680015064154192e-02
3.352458586741308838e-02
9.767463776859356892e-03
1.372138075169462151e-02
1.592412865591728800e-03
1.691839212404640594e-02
5.975695857515215571e-04
9.629483812596324743e-03
2.642088311879493487e-04
1.435836225597223424e-03
1.323745958178902150e-02
3.680218594870818261e-04
2.189107036322197018e-03
3.416392675718702213e-03
6.293722070750585804e-03
1.623315960363090615e-02
2.442943303272530550e-02
8.705326771837537669e-05
1.936025761748818436e-02
2.812789489351836397e-02
1.854089817231006909e-02
8.598816371410350837e-04
1.816423780829850817e-03
5.330991616576396044e-03
8.345630900706446642e-03
7.203546954165915457e-03
2.249748522944426676e-04
1.583121562576787766e-02
1.116088629459737955e-02
2.828428496355776811e-03
7.272877970492471617e-03
6.950908075653646975e-03
1.116898197449458195e-02
3.428521374569402924e-02
5.631319199229854050e-03
2.174754755429330472e-02
6.990862145017495005e-03
9.649645117306543049e-03
2.468648312373533660e-03
1.695995179700648947e-02
2.968170813069867520e-03
1.844283475672370623e-02
1.297422248449292895e-02
8.348443784461411291e-04
1.165952226395941104e-03
1.029800029138194101e-02
1.660530048620692534e-02
4.185045688962079485e-02
1.141323494800028935e-03
2.479487797367755167e-02
1.593948239001950068e-02
4.829534306029429139e-03
2.966790997265066065e-02
9.238385610269756604e-03
6.989673933920689114e-03
8.992384894310125054e-03
5.396517631525123843e-03
1.821569589642948322e-02
9.124846663258971008e-04
3.833952442430604152e-02
2.237138297315316958e-03
1.721700738140235620e-03
7.937490214727952603e-03
6.858358067457787782e-03
1.747140315154471421e-03
5.716548052564886240e-02
7.045309369127309915e-03
1.927874240957793556e-02
2.243584378620430003e-03
1.231596958211801478e-02
3.440847855629609181e-03
3.610958508663847204e-03
1.536399239276474600e-02
1.637148187155100174e-03
2.427018490898564737e-02
9.777944085332257104e-03
7.597798569646855085e-03
1.101395835657388925e-02
1.043747276900634097e-02
4.140398608547174453e-03
2.914091915900295874e-03
1.925210700330306363e-02
3.179836801174575067e-02
5.460323618763791506e-03
2.068370179691177840e-02
2.409503586243255668e-03
3.465613179730300808e-02
2.012024906945704406e-02
1.860471206206367953e-02
3.182619069724083177e-02
3.082971026530798714e-03
9.693249149611771892e-03
1.240059877180396848e-03
2.816415259081935657e-03
1.967901994573016677e-02
1.342998354860219269e-02
6.675586154678999490e-03
2.707683639841711176e-02
5.253197088678349634e-03
2.214754288292976325e-02
1.378200144592880635e-03
9.221113222433099249e-04
1.086037764924768431e-02
9.759731831995249393e-03
1.818342148698105776e-04
1.112004601746328578e-02
2.147071064653861133e-02
6.822213111292370000e-03
5.166038778695349054e-04
3.803650826251277900e-04
2.365945325823384099e-02
8.337191157177787151e-03
1.068192539792164192e-02
1.247887023631017410e-02
3.706558351599541223e-02
8.393566706640619157e-04
9.580085545574646561e-03
1.894683487430794816e-03
8.297879812199541322e-03
4.430720538140807060e-03
2.059061966496168392e-02
1.438620145450406930e-02
5.321661767057899069e-04
2.048107568446057639e-02
1.357313010820956900e-02
1.211507681573450318e-02
1.062343838127012378e-02
8.989715115945227930e-03
8.624296367683817466e-03
6.322329358003952668e-03
5.068936495845263734e-04
2.459529402851398303e-02
3.275227778568379818e-03
8.213725552019988593e-04
1.666225881465342729e-02
1.761900318240409644e-02
2.175076692469198048e-03
2.375112698132534825e-03
3.479107798722031603e-02
2.708833185147474076e-03
1.673128484635957175e-02
2.091869472386960818e-03
2.068433848810951117e-02
2.628528407047118348e-02
2.805652609012248069e-02
1.908193080163304162e-02
7.188360109940357401e-02
7.985827922803848122e-03
2.347325637586274941e-03
3.170469153256313434e-03
2.903644717538543703e-03
2.129212715445791271e-03
2.722806670261359793e-02
4.110495366981282636e-03
8.360579785889936388e-03
1.290378535067990967e-02
1.148893003565283275e-02
9.117235626406386406e-04
1.163133134021422828e-02
1.241102737900702177e-02
1.396374775970806587e-02
1.562563809796211310e-04
2.302365058197055475e-03
2.118422401787006457e-02
2.748482622084861930e-03
6.829005381479772221e-03
2.428846552178731688e-02
8.012444703227526721e-02
3.258637464594319171e-03
4.515764638050410486e-03
5.699072729613037860e-03
1.901175359648414956e-02
2.911179818242514566e-02
3.860684388581900328e-02
1.650444915994242479e-02
1.240526732883308163e-02
3.973738731985226869e-03
2.352842134204238475e-02
2.850494412436628891e-02
1.017348909637845033e-03
3.162684052079379679e-03
1.711370269393850535e-02
4.095471177911497000e-03
3.445698253439110920e-03
9.798728484848192449e-03
4.935089543793748021e-03
2.493060077212548575e-02
5.734610809315751796e-04
1.495522917273976217e-02
4.370401901047781847e-03
3.225853705389426871e-03
3.987069664225058839e-03
1.841188504613624349e-02
4.593993248956493650e-03
5.912785126329897327e-03
9.037344585648008494e-03
5.656174245575663895e-03
1.869833429700867335e-03
2.262425156938919352e-02
3.368870773918858363e-02
5.134980249926706861e-03
3.810200468919144531e-03
4.410819576685900967e-02
5.358069751979290495e-03
1.308733195269372318e-02
1.548052986045846298e-02
1.430000302857833798e-02
6.445804205487586439e-04
3.415574679344751674e-04
3.363795771890904646e-02
1.102280183715659972e-02
8.121145323634382934e-03
2.824533617188252493e-03
1.942835091137382758e-03
8.094230383039285187e-03
8.841883339221194571e-03
1.461885131496599294e-02
1.154853670115946630e-03
4.235754955679559355e-03
4.352768774224443152e-03
2.032332474692082492e-03
1.265403866244834558e-03
4.140674695641366129e-03
2.126104764827840138e-04
1.550165058910026039e-02
1.673518169877646379e-03
1.153506740995569047e-03
1.165548896211714841e-04
1.075238095471373403e-02
7.870009843091605936e-04
6.801439162039769892e-03
1.984027791457344814e-02
6.997378303616377110e-03
3.732193080095562530e-03
3.069552393586172379e-02
3.779820058801413099e-03
2.171420294102004503e-02
1.001669470538513185e-02
2.456044181207393817e-03
1.252488012637243721e-02
1.544219296734968948e-03
3.113553813844401746e-02
3.146335013483142484e-02
5.477802697768984451e-03
2.983987157085502169e-03
6.045980068261604980e-03
3.147562985829126248e-03
1.209608878118495490e-03
1.301345042080824174e-02
7.881212821600522278e-03
3.098628348254394912e-03
2.500651971729151921e-02
3.892270226062385582e-03
3.889698062217338687e-02
5.289640310607197915e-04
1.610855417530424744e-03
9.409541096250150644e-03
2.224478959370712432e-03
1.913768418737941610e-02
3.585666887704330036e-02
5.395158490567630513e-03
4.707298829916884732e-04
1.520626746411571362e-02
3.446810577338653252e-03
8.456921724166188009e-03
3.640949774990153310e-03
2.989044805366771265e-03
7.996493368500267110e-03
8.349360944509427382e-03
8.075640049638375256e-03
3.477531774646836979e-03
4.931548920639429456e-02
8.688051004175812060e-04
6.424421696136452253e-02
5.271152767497534752e-02
3.095935595723125523e-03
1.301059092815086242e-02
3.340042552268442447e-03
1.661081445353707747e-02
1.380851117155902598e-03
1.248369078928479939e-02
7.314924396320466454e-03
7.206067631141793153e-04
2.968522802481252457e-02
1.624151698620025439e-03
1.245930482535199946e-02
1.119860071209568923e-02
9.911291788319268395e-03
1.161515688562207022e-02
5.341120168068924645e-03
1.198616993768646284e-02
1.189919713547195508e-02
1.821919550714900735e-02
8.239893341734716783e-03
2.582289461173449541e-02
9.315418635260100388e-03
4.650489881593009370e-03
1.300711859444769226e-02
8.479703293740167500e-04
2.196355633468850127e-02
1.345762793805727053e-02
1.697214746702601501e-02
3.809923874150645748e-03
2.632996348169713841e-02
9.697510303903734974e-03
2.254181693586050639e-02
4.446278773841523535e-02
5.258681427731531910e-04
5.674954405502232770e-03
4.828565449101854604e-03
7.614977156739713426e-04
1.834002339971272169e-02
2.625852520987997929e-02
1.582870138630707718e-03
2.178584302535461863e-03
1.158714756254657953e-02
6.840027651139357970e-03
2.085643833636955172e-02
4.541306703483086182e-04
2.032685286466002356e-02
6.654763505843260679e-03
4.189976207795000594e-03
1.734096773814984560e-02
2.676773991948100742e-02
1.540506192232003746e-02
2.541064940380984710e-02
3.620811811803891639e-02
1.229203829995641553e-02
8.548744399643190550e-03
9.177228155152202665e-03
2.679889180133374765e-03
1.671689332668166092e-02
3.571985417432459869e-03
2.882897172831919846e-02
1.416603347638498676e-02
1.824956890605231724e-02
1.713909805487469351e-02
1.057319067163418197e-02
1.298989227470590327e-02
1.286480449227924566e-02
6.480849724533936651e-03
9.633836938263973249e-03
2.268103635749844568e-02
1.857858443066742749e-02
3.814631965741899396e-03
2.097391478283885252e-03
6.459270957731053781e-03
1.683131159320493467e-03
2.092056581855621100e-04
2.739462708552512296e-02
1.102382300365159148e-02
6.305438842851793235e-02
1.951883752537139985e-03
3.574289701332440065e-03
1.785762746739472107e-02
5.456875168801107040e-02
3.803830351933214921e-02
2.194874614580351324e-02
6.775095723777433028e-03
6.039892772051509359e-03
2.371016680603999470e-03
3.661827345135927614e-02
8.892381108971003645e-03
1.473196846528765196e-02
2.068162247597222364e-03
9.701554885949911777e-03
4.334007819967873945e-03
1.427628985076687118e-04
3.699074778221924514e-03
7.803136301074591920e-03
3.684232919964833264e-02
4.171029943668566609e-02
8.761667128685301023e-04
9.197011713979966890e-03
4.164765845505740902e-03
3.483107378391771952e-03
1.485889492020598095e-03
5.952279212740290218e-03
2.837636227885055595e-02
1.125372205759370831e-03
3.768437798938961778e-03
4.148901192450043379e-02
2.657354162379651358e-02
1.791977923193273370e-02
4.143796259146103472e-02
2.311003308855715151e-03
1.303667481135847676e-02
7.291442452646662749e-03
6.657069998090348051e-03
1.295229651293465511e-02
5.411452529889317076e-03
3.841051778502667987e-03
8.751161711111322961e-03
2.063628467397483901e-02
6.464576703383087541e-04
1.550320205595711893e-03
1.016487982332113169e-02
8.950607769609519523e-03
2.446413751157650550e-03
1.397484173727775447e-02
9.486251774002852494e-03
4.342649107840872158e-03
2.761033400390586548e-02
3.216155206295333996e-02
4.883298398920981644e-03
1.904287938265893793e-02
7.551667085597584331e-03
5.895423104188349250e-05
4.785209626213775616e-03
1.393343204377961095e-02
1.962435207275634030e-02
1.164605047107282465e-02
1.192582088465477148e-02
7.428909031022729037e-02
3.354082873304221890e-02
1.051421072561267364e-02
5.890411730613116792e-02
5.948279570844011710e-03
7.452783271340211735e-03
1.215253620877773319e-02
1.860394281721517926e-02
2.781112093654069042e-02
5.997376253390342138e-03
3.394630357291371012e-03
7.611135764535635097e-03
3.996019818758950182e-02
9.284031209949574967e-03
4.458260748026087600e-03
5.523709856811916466e-03
8.615986460574385011e-03
1.210633080951691899e-02
4.576098690189569357e-04
3.196332333254049002e-03
1.369450133483561365e-02
3.155512174492446087e-02
1.985555706999687572e-02
2.347466133091410251e-02
1.305663612738917900e-02
1.285929213257660988e-03
5.766397951838330739e-03
6.945843110120237737e-03
6.289364010473679628e-03
4.137675687152478354e-02
9.967665558416986815e-03
2.719631261561037544e-02
2.059059752842750529e-02
2.409093335180696044e-02
1.421683450055386683e-02
2.043725446009971025e-02
1.745836409338817358e-03
6.331174555935837472e-03
1.109116612298302607e-02
1.818973704359525337e-02
9.185162487963003525e-03
5.620417831307930427e-03
8.999843594348602011e-03
1.411156773370098559e-02
3.392952880032795715e-02
1.722104292263023501e-02
1.756983880359842126e-02
2.169718565683243037e-03
2.468286449703224750e-02
8.565424611522948900e-03
4.250718816044270904e-03
1.567948939743653292e-02
9.787160272161830876e-03
1.512779697033699716e-02
4.155163567405996405e-02
2.877343859276824262e-03
2.638702511220630820e-02
3.017252164372512778e-03
3.851845258616162348e-03
6.591422018857939075e-03
3.460706527652235992e-02
7.193039729328519483e-03
2.355716294519717702e-02
2.722434653898667817e-02
6.531057142769268464e-04
1.758508058853248956e-02
7.660523479604737680e-03
2.695153395370834815e-02
1.408944323477460611e-03
2.739446824538346870e-03
2.298632931653280670e-03
1.331668863906447162e-02
1.226550839636350240e-02
4.131225900369031589e-03
1.685909095333788799e-02
3.177285916428951307e-02
2.066364911356322227e-03
1.552026752567462614e-02
5.068723111115708453e-03
1.150755476758221971e-02
1.431323991430299286e-02
9.336447296352445510e-04
1.500935215813787617e-02
2.677033105806414948e-03
3.551473962877561841e-03
1.296044906557604001e-02
2.159782757855581783e-02
8.339621797189885472e-03
2.001623499390462607e-02
7.434643378254114990e-03
3.513262820246609418e-03
3.762827389939991940e-02
2.398920670263497007e-02
8.792788427990916311e-04
1.355548514829463258e-02
3.733799954686767286e-02
4.922082185954006900e-03
9.481445214239259817e-03
2.324445194823483718e-02
8.288668405905808001e-04
6.405626584857340711e-03
2.492180520389679355e-03
1.759382400630065887e-03
9.796886906614749729e-03
2.712035928761342366e-03
8.676584385072853151e-03
1.639570460980763200e-02
1.956233927591937566e-02
5.438361136207367497e-05
2.739463760258443667e-02
6.912832430075723129e-03
2.120894175834387753e-03
2.793037329401434031e-03
3.116014748105111129e-03
1.194871213434075229e-02
3.706372523218842262e-03
1.708555440237125023e-05
1.133101240936074117e-03
1.986490512940882608e-02
2.151455762744849606e-02
2.163529562041213022e-02
6.533744191061976320e-04
1.969966979009430894e-03
4.807225325845793096e-02
3.186604665036054870e-03
1.896074797734821973e-03
1.348469993360340742e-02
2.407069006008576845e-03
9.378444335724253622e-03
6.840473081311381799e-03
2.292303776552810993e-02
4.546743548460376733e-03
4.897531470817759885e-03
5.640876995600985731e-03
3.914632345113955997e-03
1.576858052175326985e-02
7.261678682266721127e-03
3.362507904055525576e-02
9.215029674013825237e-03
5.224697996065768429e-02
7.290532485118884909e-04
1.047186336300919701e-02
4.804856175250588057e-03
3.218624928158834303e-03
7.762963612065492368e-03
3.294784400848805792e-03
6.185969356594968327e-03
2.905044849627546558e-04
7.539877237551726938e-03
5.075357800938260985e-03
1.112540296842690936e-02
1.631128419354976530e-02
1.342362838259594619e-02
4.218812896831210593e-03
5.564765090547982469e-03
2.522329261061302674e-02
2.652415420840343457e-03
1.323547811199017946e-02
1.851064170210073648e-02
1.462745850544622597e-02
3.332434218455312871e-03
1.043942580432644443e-02
1.943681303223719972e-02
7.841788279282469257e-03
1.888292007993941021e-02
1.396078163369889741e-02
5.285799811507942321e-03
1.784625259583807674e-02
7.784549358046288781e-03
3.065883482888069611e-02
3.182736683881168954e-02
5.369143195501399624e-02
1.872098541089543822e-03
3.195096739349839038e-02
3.837686252612903127e-03
2.275556602052039926e-03
5.068659131140584168e-03
2.634915907172080338e-03
2.165201950934879729e-03
1.195117166403977631e-02
1.617288280066273357e-02
3.252008125450428500e-05
1.519839303860681841e-02
1.544582313209787519e-02
1.043839573004449149e-02
3.330853243403446642e-03
2.118040907296054112e-03
2.194466253073215634e-02
1.035710879575545140e-02
1.376022184201573101e-02
1.042378132667367771e-02
2.033571359256798605e-02
6.476972307940399853e-03
3.346923259332520995e-02
2.702333820275149706e-02
1.028409640049825560e-02
4.165229549416874649e-02
1.555465919267543656e-02
1.324030930152673285e-02
4.213414439735883518e-03
9.230586974672883027e-03
1.794465422993592532e-02
2.269904382192186251e-02
1.276429707730135019e-02
2.737688878118385571e-04
5.408272966880820626e-03
5.826569513502376230e-03
1.649894974710657686e-02
5.459814695959965339e-03
1.895068882911710509e-03
1.472699701693417837e-03
2.577560160981443721e-02
1.114378156718173057e-02
1.375366428676800395e-02
2.299329189300195614e-02
6.183933303004423600e-03
1.154664357959784421e-02
4.095684065918384076e-03
1.255473259971993244e-02
3.841845077366005945e-03
2.945146522443722013e-03
1.561748784500780612e-02
3.415106136948308380e-03
1.321943748753984238e-02
5.601591081817264284e-03
6.028953219978881554e-03
1.169700565176101659e-02
9.151501750848453978e-03
3.004640241976783144e-02
1.767171926439774568e-02
1.947904295794817761e-02
4.272411706908627385e-03
3.977036238564751053e-03
6.470987401241558301e-03
1.120933886716914477e-02
4.510976442988948350e-03
1.481075318577171687e-03
6.497314529564967092e-04
9.428436781917671344e-03
2.115927906127546693e-02
1.944273418809490395e-03
4.899788285542707941e-03
7.309259171975848735e-03
3.371288993032073300e-04
4.209806339332774344e-02
2.145211125544735364e-03
3.531176568854192677e-02
1.564064040331659446e-03
1.214607232364484091e-02
1.583485446110907907e-03
2.208506155895077760e-02
9.615430912691872931e-03
3.925869443355976297e-03
6.562007263969146797e-03
1.854668318361416077e-03
2.515838299248582786e-03
3.057855942868028826e-03
5.780242206136314287e-04
3.759223739137926117e-04
2.286839758494647878e-03
2.293062148388784124e-02
2.215589228702679464e-02
3.901795011292768373e-03
1.026719829002203585e-02
3.707690923051971260e-03
4.566216098836704124e-03
1.479925325583515520e-02
5.829148505496355853e-03
2.371426685267000872e-02
6.356129911964181547e-03
2.425412816606877658e-03
2.347502347994191198e-03
5.871707748336302962e-03
1.340523029848958089e-03
2.393567350106533959e-02
1.115716057947095663e-02
4.190917071268682875e-02
3.312921442209095652e-03
1.981433132573050954e-02
1.548517334883529883e-03
6.997959063274807046e-03
2.327918493870713423e-03
1.840135637147063616e-02
1.162491468502637078e-02
1.228276656284174248e-02
1.422699226053775884e-03
8.492692243282959352e-03
1.676792532696840324e-02
1.036278287748325887e-02
7.122916674902289406e-03
2.548195945737286722e-05
6.780891241955848414e-03
1.955416262370837308e-02
2.447792040841159644e-02
6.353960181835781318e-03
1.171627174966374287e-02
8.550465269939048693e-03
8.167425784967596858e-04
2.076844222794511571e-03
9.877812788873412478e-04
1.174734034719026460e-02
3.483561519090605518e-02
8.450469442176722704e-03
8.543188087110492601e-03
1.803226136704589710e-03
7.759126860238408155e-03
2.136550124783097651e-02
1.116185704719395953e-02
2.506516408039779348e-02
2.234411330818696778e-02
3.820659516313640314e-02
4.938160707163952862e-03
1.926700044425476085e-02
1.437123482367760972e-03
1.628624759223989971e-02
1.131897812719156928e-03
4.066341865353791454e-03
4.299824565663156774e-03
3.192236465649211929e-02
2.738405440440487559e-02
3.668651473480352698e-02
2.459403036846228088e-02
5.516921086228792487e-03
2.176038160393939380e-02
5.069884682735208842e-03
1.633593670389191232e-03
1.369751622250664838e-02
4.947037255473352158e-02
9.994939383979148384e-03
1.917369379532437093e-03
1.309021669556729994e-02
8.458865680635634099e-03
1.155077933209087623e-02
8.570824585171799362e-03
3.000550231779013435e-02
1.276081871256516502e-02
6.511028659358212428e-03
3.670454679419035866e-03
2.479443952080728937e-03
3.637057756967834732e-03
1.980500517814240760e-02
4.758796729522469376e-03
2.059404363104410524e-02
7.123018726703354668e-03
1.881218200750775157e-02
5.385413674424471484e-04
2.215009901277763607e-02
4.598087069883958697e-03
4.275777539462458782e-03
7.897784403217353311e-04
2.299784512417896512e-02
2.490199113580657264e-03
2.455483835513452839e-02
2.397301400950323930e-02
1.194594017180911419e-03
2.677157551079053371e-02
7.042720787976856434e-04
5.718492125309798278e-04
9.405793343591411365e-03
1.382217627204902592e-02
3.241353029715678472e-03
1.007058518272067882e-02
4.850414410889763994e-03
1.991085186710606254e-03
3.867899148162168895e-03
1.478363630020010453e-03
6.806962753186417484e-05
9.888019145464124748e-03
1.402571102462181994e-03
5.801499529053728670e-03
6.949138549262988927e-03
5.231054724334292805e-03
3.384010244213207785e-02
5.488819298490278317e-03
2.906602512944025593e-02
2.262700941901148871e-02
3.964045746472695531e-03
2.206952309346475391e-03
7.463053960756053581e-03
5.950409228785185495e-03
4.404701282659235009e-03
7.505891800268544786e-03
1.151192665238456522e-02
1.244340172274646661e-02
3.069110929646946123e-02
1.979936355094031285e-03
2.806674731537329298e-03
1.260181348107155402e-02
7.135117118494307964e-03
1.448198426422160970e-02
6.240758157209244650e-03
2.689146978620378381e-02
2.957470776288474018e-02
1.186312854675732748e-02
1.472855343791803183e-02
4.333478295989451681e-03
5.401307958001902790e-04
1.476140674771165076e-03
2.481822969702886239e-02
4.544447698046925020e-03
1.326287285328946186e-02
4.315776810485975543e-03
1.011899321111080913e-02
8.600679726917316234e-03
4.873011463661344744e-02
9.661415947983486435e-03
2.489619515504637795e-02
9.164979835440918016e-03
2.602944451093738149e-03
6.135929709198927051e-04
1.544200239474597183e-02
1.397057763258888977e-03
2.902737371810859904e-02
4.470384156054081105e-03
1.678234270097238301e-02
3.442731577481077804e-03
3.637454966651831878e-02
2.722513812141948934e-03
1.077286978167195548e-02
8.715206804064630497e-03
6.601802943419093211e-03
2.479989629513086602e-02
1.829795366843546892e-02
1.213691951166452621e-02
1.623185349367497338e-02
2.382444528502107584e-06
1.396759149142217694e-02
3.057990981231505784e-03
3.742870183875120563e-04
7.109560691079149647e-03
3.252269988027484821e-03
6.537767518204082827e-03
1.475392254318839969e-02
1.385077408970005614e-03
7.770522891985126579e-04
4.908945883885827872e-03
3.539950284507811101e-02
1.150142301462550934e-03
2.808873067943420607e-02
1.941360300009832909e-02
2.794999514523988093e-02
1.387641202010955928e-02
4.426833870181634892e-03
1.062417544808250125e-04
3.653678216504247650e-02
1.505486305802859271e-03
3.638569330049615594e-03
1.244609622016611865e-03
4.283393576127170199e-03
1.189236619251460986e-02
3.026512648869502265e-03
9.340081948289965293e-04
2.679269912761263889e-02
3.029979020455209407e-02
2.471465002159157348e-02
4.582862449563063906e-03
1.971367814903712129e-03
3.531114376921732669e-03
7.452623527632883799e-03
6.640248750126930694e-03
1.238155205250800195e-02
5.142088607458617650e-03
7.910010759912450978e-03
8.046550424154474968e-04
2.048330830456641591e-02
5.210864520267513046e-03
2.629903628026749804e-03
6.255979101028765268e-03
1.551228286456549435e-02
3.385642218564699664e-03
5.573825206754814791e-03
1.715473360400504230e-02
1.044652579618493039e-02
1.238753997442248490e-02
1.112303042867027886e-03
6.603128240692049400e-04
6.655705358240740499e-02
4.302508344329964741e-03
8.317465616627354877e-04
3.046321426479416724e-03
2.003778851932815422e-03
3.211560566032851255e-02
1.239595117656684328e-02
5.032346854486636004e-03
4.058115538218030199e-03
1.213305594193779535e-02
1.739298360907706037e-02
1.984433183474244335e-03
9.114952770616698008e-03
3.190809111778810346e-03
1.424069794546018418e-02
4.067190782364391022e-02
1.659568173591880608e-02
2.937172913718932854e-02
1.762838957023661352e-03
1.214077924962730795e-03
3.546753502451313600e-02
2.561739094100443093e-03
1.221774787282156908e-03
6.111492186296715173e-02
1.781276838908791432e-02
1.908919682546230279e-03
6.681527298349285854e-04
1.410724821189033619e-02
1.437767044226671842e-02
6.021788676245605661e-03
3.794843170842965643e-03
5.293599102533411843e-03
1.613947114307210523e-02
1.289185743648241234e-02
1.776357195802144573e-02
1.935630114786244735e-02
3.952132429189390318e-04
2.213869313649631521e-02
6.654068913716885969e-04
4.357681204829079447e-03
1.617966077368088867e-02
2.048806819169292706e-02
5.449175791917419340e-03
7.782159427900817508e-03
9.921568820657505894e-03
9.932249202880744088e-03
2.279925954169078131e-02
1.532892032318738246e-02
2.940526471378632906e-02
1.894235238416658307e-02
5.401862419392154148e-03
4.808673275413442340e-03
4.919538835478857314e-05
2.147415974424263241e-05
1.852836133086728856e-02
3.458007277688775194e-02
2.462699220984213705e-02
1.405183835720633448e-02
1.183972400196227001e-03
4.730046591013104679e-03
9.439049463479195698e-03
2.252848464232660650e-02
9.750983184017975730e-03
2.491204479554076645e-02
3.436799363976444834e-03
1.516006962824308774e-02
5.812267610630902914e-03
1.547669758817021499e-02
1.859491159800040830e-02
4.495668566583593123e-02
2.505385921631558127e-03
6.382343672679341440e-03
2.061664807441275504e-02
6.894096352808468803e-03
2.316492674329763760e-03
7.213370477761131203e-03
6.735959016585586767e-03
8.164480330545838965e-03
1.506311335328422082e-02
8.336940102025637220e-03
3.997546465194437570e-02
2.076757378036088453e-02
1.116154875810497840e-02
2.529826464435838348e-02
1.199156702678409389e-02
5.606398189498002643e-04
1.316864479515530637e-02
3.302460339364138298e-02
1.543750622208140723e-02
1.494261980321937022e-02
1.390551491636849574e-03
1.593885839602204868e-02
1.313104833608907257e-02
6.765918015289324600e-03
9.147888602414399467e-03
8.227081823884419692e-03
3.892026173008862264e-03
1.385580489192172679e-02
1.772985303960639245e-04
2.714089359346196981e-02
1.124435640218084467e-02
2.516182782488018271e-02
4.666001914157942576e-02
3.259541942875998979e-03
3.208447341319355106e-02
1.141969641133408139e-03
1.975335191318448869e-04
5.324072514601814292e-03
6.419450461606523127e-03
1.618676957667402119e-02
4.225631035674780496e-03
2.227339754841801966e-03
4.359479914225626584e-02
3.286838995285440435e-02
5.826835880336613677e-02
1.937441789169901986e-03
8.672267293290174262e-03
1.676681380279352457e-03
1.554131209564911693e-03
1.074682801719709264e-02
4.629873484402252312e-04
4.026018710997700950e-03
1.706510474542093612e-03
1.150693491478508440e-02
1.298574632789322066e-02
1.696759119547187195e-02
1.935524500931738896e-03
1.334404137893810492e-03
1.353798505879974350e-02
5.244368725159681555e-02
1.595813906841486024e-02
2.400272454466508346e-02
3.704800903655948441e-02
6.003237851216051968e-02
1.438463364240674842e-02
6.122514632690974172e-03
1.238150068893664052e-02
2.212378225018925976e-02
2.493883825312320779e-04
1.209453389536072759e-03
1.173555490835987564e-02
9.189344758243267117e-03
1.991338984229907433e-02
1.187119478858994666e-02
7.533108568365054838e-03
1.822931727710499009e-02
1.156021468737100377e-01
7.042609904068658500e-04
1.150596553014108202e-02
2.327076657037800440e-03
3.242586662340820464e-02
1.526709501899570524e-03
6.909979187371311296e-03
1.390394495922248237e-03
3.369260923913343624e-03
7.975730760909086059e-03
1.372047624355787233e-02
1.208550233591667786e-02
2.031013522530864673e-02
3.902631681051836610e-03
1.476378551184832737e-02
1.599095735285491898e-02
5.742404430052690288e-04
2.609943661322729550e-02
2.873028073876721794e-02
4.605161745217571656e-02
5.493863444059871731e-02
1.015951794277935243e-04
1.304119966348838908e-02
1.712468770306178889e-02
2.089221285088903920e-03
1.152377498149707467e-03
9.720996116835143100e-04
2.526668764257963481e-03
2.459527345212142793e-02
7.175851693818992294e-03
1.156517536478424753e-03
1.590736263194704458e-02
5.391237439150585453e-02
7.062039531133371649e-03
1.741330536077405691e-03
5.789832152230738396e-03
3.397033025876017298e-02
8.244418093869516212e-03
1.169378107963151350e-02
1.350930163130556125e-03
1.382459951405510742e-02
9.420700380661572310e-03
4.398571182654317444e-03
1.086962166656016068e-02
4.345356163420559074e-03
1.781072845217692574e-03
3.934214008537076541e-03
3.285545165369684051e-02
6.805817053841161160e-04
3.944380766548290056e-03
3.539808578050560733e-02
1.152211763924944343e-02
4.501137810468650025e-02
1.359291657563530681e-02
1.037511550721040982e-02
6.477211756303677404e-02
8.554131893553706262e-03
1.092012680718387752e-02
5.139293035645135788e-04
1.064173715305232956e-02
2.366216185982832065e-02
2.697690498734826164e-02
9.954365135548768131e-03
1.290677271721182504e-02
7.304136116541028179e-02
1.365673345135914873e-02
1.903042432035024698e-03
1.514455760073030177e-03
2.651750597584064725e-03
6.273328372590144392e-03
5.635403115947077227e-03
4.519197450046877340e-03
2.985041603924356440e-02
2.591472329811318927e-03
1.514136198848267841e-02
2.301565802119349621e-02
1.911886329316512655e-03
4.822815228910469834e-03
1.537465134085803931e-02
3.011262190370172544e-03
1.048273457868825927e-03
1.005351779211269324e-03
2.636685100079038183e-02
1.575383069682254403e-03
6.182128323919067886e-02
1.655168776723923985e-02
4.124211767666665501e-03
2.535516664072611642e-02
5.921830490219899719e-03
3.745864952981656920e-03
9.596891286586141509e-04
4.386446294064146739e-03
1.606792358756279834e-02
1.703678115035905244e-02
9.674188479316532877e-03
1.471388471300858272e-02
4.369157237721738030e-02
7.609353965097641684e-05
9.691354330970191472e-03
1.074258409148841006e-02
1.546801572858687648e-02
1.269739935558366131e-02
1.186433987693920333e-02
1.029238955110351513e-03
1.547277972939973059e-03
6.287276293969180224e-03
2.136237445725811673e-02
1.103538537876885481e-02
1.847957509221081866e-03
9.508855969632225291e-03
2.213725536211378492e-02
6.863364996029673940e-03
3.913881838499903322e-03
4.326487360750887884e-04
1.229987872644925165e-02
1.427184484912222794e-02
9.738161849674294851e-03
3.331173350368962782e-02
1.400981225553855902e-03
2.543937585849933083e-02
6.292029697483078436e-03
5.482126967211397271e-03
9.107799665639187622e-04
4.861673180779199285e-03
8.182245992557332648e-03
2.897760166044366717e-03
6.396594959238386877e-03
1.588579621423007182e-02
4.566596504191457184e-02
8.896357817683575933e-03
1.793468508184788146e-02
2.653278115754799382e-02
3.944209981050677931e-03
6.683874223747705498e-03
1.063678821969150576e-02
5.030934058278086277e-03
4.821131552244433544e-03
1.216729972026907303e-02
2.625744595413379706e-02
8.545698674391352667e-03
2.413364806868037969e-03
2.275760182433084200e-03
3.032692793915141988e-03
3.222096596721396502e-03
1.159403836141002092e-02
9.579553772625086505e-03
1.247567154387050313e-02
7.156515871960640422e-03
5.951644000997095493e-03
2.154340262021146868e-02
5.148847474026121973e-04
3.085867959335407418e-02
7.301673894245660872e-03
5.616725070882438303e-03
4.209364237369040383e-03
2.297092797214780879e-02
2.117012672394055078e-03
8.077494110999148408e-03
3.401601074896758170e-02
8.228513391700800067e-03
9.028573234739342701e-02
1.288907125734137758e-02
1.189044693741759043e-02
1.417167892937223547e-02
1.467994169596134255e-03
1.033969607753003513e-02
1.113669801704555984e-02
8.795758170914966950e-03
3.549129709768491202e-03
6.959868417283580216e-04
1.382986747306784968e-02
1.503005826629158666e-02
3.025817160056018442e-03
3.412358126135488223e-03
4.783624175536493536e-03
9.903508752032155402e-04
6.204480699947662395e-03
1.650692862249358156e-02
9.204667659027726198e-03
2.896098452985149119e-03
6.962608478902521277e-04
1.184658261598217459e-02
9.813489498378529310e-03
2.162389818998822558e-02
1.450123302574425621e-02
6.661657315626722323e-03
1.285097967509549275e-03
1.429362090830377241e-02
4.711298740500156901e-03
5.330630559870063769e-03
5.664918696717027857e-02
8.873025639281353211e-03
3.786639705810162376e-02
2.117696676354181851e-02
2.640047044041587618e-02
5.838513589015262815e-03
8.216963444099334435e-03
6.717552430441070706e-03
5.983901489040075600e-03
6.062501038460606749e-03
1.108538999120677743e-04
1.325465422853074060e-02
2.696285468008605829e-02
4.744697526473732468e-02
6.598153383159284513e-04
1.632437608406041296e-03
2.790176594339150926e-03
1.986102011968951010e-03
5.546212859848224756e-03
1.098903682332658983e-02
2.127328149171325844e-02
3.249438308854200354e-03
3.257441224359508558e-02
6.401717153274639853e-03
9.305636046754536816e-03
5.736021239978385689e-04
2.990113947040630438e-02
8.459147559465564348e-03
4.940523387214837935e-03
1.256272310404430576e-02
1.002836836368046873e-02
2.961182664917363927e-04
5.184001708171038364e-02
8.570057333654019192e-04
1.889670569094263272e-02
2.091774151482322930e-02
2.019031159576595291e-02
1.805998537356221650e-03
3.727675358023554552e-03
2.024032167443698751e-02
7.307052757108689622e-04
2.018119654259187962e-02
2.684058493661229880e-02
3.263830469019546408e-03
5.235454317988022521e-02
5.389688622892532116e-02
1.171626954304798643e-02
5.618999010347808937e-04
1.653273239013530391e-02
5.044497542432917377e-03
1.730281379601650293e-02
2.507570254090201595e-02
4.863895108955198360e-02
1.255309912374810016e-02
5.753389564027922704e-03
9.963592761744580889e-03
1.904551231671551548e-02
9.868672143886118506e-03
1.695071704386504410e-02
1.234454031806570852e-02
2.254853043160737376e-03
8.435563958658900616e-03
1.495737820994153672e-02
7.814807340209915798e-03
5.445392200015906209e-02
9.986960644070284540e-03
2.391944358968480303e-02
3.952613574289656762e-02
1.086988519116411506e-02
4.217779641784574762e-04
6.315708275977255110e-04
6.515718924884317254e-02
8.193570749740614056e-04
2.238658204279118241e-02
6.479393502119628820e-03
3.983096141351266835e-03
3.082539125523618695e-02
2.643809267931955531e-02
1.651391518404409647e-02
2.147017978278458004e-03
2.050962620954152604e-02
2.692737348187883642e-03
4.063345491344221017e-02
1.523848226123791609e-02
2.618494873193015146e-02
1.630414025825066907e-02
5.420352231337893095e-03
1.164587644921343500e-02
2.894097104608495119e-02
1.062503809281961295e-02
4.709250061336343884e-03
2.372210922764129287e-02
5.051384786483000162e-03
3.178838678687478936e-02
1.495432115945077856e-04
3.242466598470345601e-03
2.964337741028713960e-02
5.908046730083325523e-04
4.759978253110579149e-02
4.294912696026531584e-02
1.056318201754005703e-02
7.960250498968641023e-03
1.612884863471644205e-03
6.919451797718200597e-03
6.041383966283501994e-03
1.734444477343996538e-02
1.116397601125010408e-02
6.923955581690897573e-03
3.515795815162010146e-02
8.957737744443946062e-03
1.999585475873942586e-03
3.637687519284534335e-03
8.238284324813056891e-03
6.525831051423375273e-04
7.155486403836998355e-02
1.453009933917188100e-02
3.132126383380111345e-02
8.128702591624086329e-03
1.000585673187922957e-03
1.023108780592949657e-03
5.016576578440919143e-02
1.104441777888503368e-02
2.220789280994971138e-03
4.596162928117317886e-02
5.573137864034578837e-03
2.319725837899727638e-02
1.957353756444971983e-03
2.453110891480099476e-02
1.462022598056775431e-02
1.686207029440230792e-02
5.590493501889358396e-04
4.334714538080193524e-02
1.287258444329724034e-02
2.504510514836426685e-03
1.548717263811496235e-02
1.021740699160182154e-02
1.583797558956034218e-02
2.506521700082852550e-02
8.105230802050139571e-03
6.259857409833526239e-03
3.626243707710033459e-02
1.270433305966174251e-02
2.858957694729291968e-03
1.749971080054894129e-02
1.735794936850907320e-04
1.007388482572672654e-02
3.516542194336343130e-02
2.815086184064733137e-03
4.610510022848356149e-02
8.381265587294441100e-03
6.446199744631377071e-03
1.073275128659489409e-02
6.079975594097669980e-03
1.582217388649187484e-02
1.256285165199455198e-02
3.510372117808190084e-02
4.015349407861977353e-03
1.436383663427247661e-03
2.608676146560203087e-03
1.585352624026063056e-02
6.240446410960068246e-03
2.445729285102238998e-02
1.814237219792039571e-02
2.392153763840966854e-02
9.538745810200180766e-03
5.637844833228322639e-03
3.097723355692718131e-02
1.229896378978891439e-02
2.138435514154877690e-02
3.706672386267990255e-02
1.720319117303470424e-03
1.418940558420948850e-04
1.944549754643951772e-02
9.409128289164122444e-03
1.979164581126344885e-02
2.251980024990657414e-02
8.556020920857844089e-03
5.832231933476952207e-03
6.069665040243317489e-03
2.702883393665399953e-02
1.549413269134948361e-02
1.811081307426737688e-02
2.237287149983325715e-02
8.443625947303853158e-03
1.529456061644721317e-02
5.498291532987793426e-03
5.599232729211428214e-03
2.204319694340615629e-02
1.724393463478472721e-02
2.803116242017714057e-03
1.065199250288694638e-02
2.515477694433438174e-03
7.462878981429346692e-03
7.093504758313794178e-03
8.567954500459967759e-03
2.219279225164925637e-02
9.860520316877211325e-03
4.121850058715750831e-03
3.016063059588046380e-02
3.620748161526278486e-02
1.388348901883689618e-02
6.646707673822422301e-03
2.601833637347877870e-02
2.613664355627340861e-03
2.370795679083719312e-02
1.681939263298876325e-03
1.837809283667285465e-02
2.662408547053043625e-02
4.607278697344291060e-03
2.492883499408934944e-02
1.615261952350241156e-02
2.609252752921833313e-02
1.091375018922580847e-02
1.246338184144499608e-02
3.227227643541279167e-02
8.629594692608884288e-03
1.225744949956512897e-02
9.429080151712024294e-03
9.588208547275978849e-03
1.700098976467546291e-03
1.347190581903747603e-02
1.968327638191517959e-02
4.315698477081950091e-05
3.439098833306654390e-04
7.757250620470841629e-04
2.300940305275029144e-02
5.098497616631965379e-02
2.256836113975943525e-02
1.842885791882553290e-03
2.068623195432155171e-03
6.076428394719883552e-02
2.835908451929106122e-02
3.984304514251683221e-02
1.525109884648873440e-02
3.159946704444560259e-04
4.523515232358564335e-03
1.725182995337312328e-02
4.346834217664669216e-03
4.657823504026512018e-02
3.405093337125904979e-03
1.309674984888100496e-02
2.713800850342781498e-02
1.405662182440085839e-02
2.833884170299904789e-02
9.766417456987027540e-03
2.884274081050534552e-02
2.244547594393599826e-02
1.034866147487905133e-02
1.407721275958681399e-02
1.822766058173395237e-02
1.476062657785102809e-02
4.271898598640347378e-02
1.914353399494494318e-02
1.885220725771585837e-02
6.330652737533217639e-03
4.004454064710174024e-03
1.102646777671537504e-03
2.282344852031651175e-02
2.690835672945031398e-02
5.737875506427909944e-03
2.454045639791151232e-03
1.020738348866067832e-02
3.239943677284485429e-02
6.862201579060100282e-03
5.323942153930520671e-02
9.368351212999663502e-03
6.774178595798268851e-03
5.160990305680110413e-03
1.282221450002074548e-02
2.696310381455744101e-02
4.372983887810508175e-02
1.044278148192454361e-02
2.239039232165083992e-02
4.229740246224271416e-02
1.659886262253169008e-03
4.347159666091406083e-02
1.451294704333023697e-02
1.962940375304141755e-03
7.393654726179400838e-04
6.247990688759699762e-02
8.126952554847109017e-03
3.480856382363454321e-03
6.409481018480735898e-03
2.901778878828437797e-02
5.018418664044762070e-03
4.453337132093405926e-02
1.641953467086798915e-02
1.059805548436685424e-03
9.548787349989013018e-04
3.478766445059185142e-03
1.700747613397719446e-02
1.222625521628185018e-02
4.228440168011594197e-03
1.286098524818590945e-02
2.112502090797753473e-02
1.039405770523908583e-02
6.774504703907318487e-03
2.454026253502582244e-02
6.650513796468228434e-03
9.320476370213881534e-03
5.695561717369570023e-03
1.560412282864413920e-02
1.832717693803457074e-02
5.361130202439553377e-03
5.949529627346343552e-04
4.230659620713407565e-02
9.133998339091939367e-04
4.865380371999670356e-02
2.348982461281578366e-03
2.606723890417000575e-02
1.728323743864965123e-02
3.501401794314182997e-02
7.796309783601306637e-05
1.618762834465816911e-03
1.000361371335860977e-02
1.194472584554909927e-02
4.887239173614128102e-03
1.927026602686827267e-02
3.888870073620753591e-03
3.666992544366778212e-03
3.443898600778958624e-03
1.888710457880101931e-03
3.403114162703681916e-02
1.905559292491417834e-03
1.554820715973917467e-03
7.003422285612061378e-03
1.190233732084125529e-02
1.019773609569779235e-02
8.457795525116365912e-03
6.160478683099785552e-03
7.150015404905061753e-03
5.741428299964565149e-03
1.618442813856993748e-02
2.156302734372834984e-02
9.445610174905092263e-03
8.169962676797948645e-03
1.318305077378031584e-03
2.407367957758324573e-02
1.105823039765884298e-03
2.714317098547892187e-02
1.003066874189568330e-03
3.127746850926116373e-02
2.805881096166036592e-03
2.690487800901974341e-02
9.999635871462107112e-03
1.046443342847085123e-03
9.914466235655498838e-04
1.627203278419055155e-02
5.682314701070635514e-03
1.034180307533773963e-02
9.893214534921923597e-03
2.341721957533900861e-03
5.556937111737836506e-03
3.746610757977620818e-03
6.454280202597636323e-03
1.130245314037645055e-03
2.468331992116370305e-02
1.476609337033439389e-03
1.496030155277901577e-02
3.023339387157925745e-02
4.219283351999486564e-02
3.083945072994924604e-03
3.174651934182539607e-03
2.108001329579928425e-03
1.179731717040283408e-02
2.022458731796210329e-02
2.131545217460339113e-03
2.258379071184446474e-02
7.721968610633861245e-04
7.386741125837078007e-04
1.431903929374423422e-02
1.241014652273775450e-02
2.762181786040541522e-03
1.847342034109154124e-02
2.176667926143750417e-03
5.564089859743407904e-03
3.942480192976910436e-03
1.634838437396404689e-03
3.798512579906185987e-03
1.488711463175792843e-03
8.035344231530393636e-03
4.994855241462911599e-03
9.297622584590138628e-03
1.150264717991201016e-03
4.453239473603823155e-03
9.501627866528462169e-03
1.198125751396264364e-02
9.023472530948761783e-04
2.647787498555546210e-03
3.001551720241834795e-03
6.824108786802258499e-04
2.774829086517552681e-02
1.520102035224141397e-02
4.388639372824822832e-03
2.133166204195790193e-03
2.487127699873978651e-03
3.087769443215673468e-02
2.056385055576040281e-03
1.676098233670310963e-03
1.588950120840534885e-02
2.134153333042454470e-03
1.517390195061167450e-02
5.151461005329028425e-03
1.872424360527473464e-02
9.237902635550101355e-03
1.761638406226982007e-02
1.306931608098713810e-02
1.160639089413644659e-02
1.391607859734141778e-02
4.954017276854065510e-03
1.540528010840866262e-02
5.225791505054694711e-03
8.670256136791390164e-03
1.151018540572053793e-02
7.557556191774505994e-03
1.454538813282684265e-04
1.860095034424762497e-03
4.985623848834734931e-03
6.074554959888177862e-03
1.132522643529479227e-02
1.424670685463834408e-03
6.380326190534221613e-03
7.426633946394594829e-03
1.468374673425816741e-02
2.004656033474899735e-02
1.253604994450879459e-02
7.260920089257673002e-03
3.339337965581869183e-02
2.104425137521714895e-02
1.498788275564957341e-02
3.609425238464844966e-03
4.024233510978107026e-02
7.221090328007674294e-03
6.993829162993589130e-03
9.084630825113307329e-03
4.526548327548582037e-03
1.101519785395720444e-02
1.713008186888501788e-02
2.765493016234226581e-03
5.250628388145992670e-02
1.125768756594752208e-03
1.676081576877078497e-03
7.175476374946879177e-04
1.740323775080168320e-02
2.178537531293340754e-02
1.286727068579745364e-02
6.002194618535972200e-03
6.020536372136744974e-03
6.230262521897843818e-03
6.681026505027224532e-03
3.961162214462113709e-03
1.745418782240797800e-02
2.266769997631927665e-03
1.598582745776080255e-02
1.405793156747815048e-05
3.964199782702741703e-02
2.863906398066968714e-02
1.183839696771266971e-02
2.864198027840596239e-03
2.104835563728898670e-02
4.924081615920238714e-03
1.581819891261504463e-02
8.311785569259669271e-03
9.569524898777208299e-03
4.962518000770265759e-03
2.122420165905130642e-03
4.424112779614245566e-03
1.331373393435415949e-02
4.711159510477534729e-03
2.004890023627991374e-02
5.320030759236451384e-03
1.651635185866549144e-02
1.756337740553306700e-02
8.020135050690256964e-03
3.333643166927107836e-03
6.910558514719739726e-03
2.198675683897948624e-02
3.204399540674120889e-02
4.309929272718703193e-03
8.719935664844406797e-04
2.563466918226411234e-02
1.664939649190000023e-02
4.004317025404298749e-03
1.453714684882529556e-02
2.294404420731950035e-03
5.915031460334299607e-03
2.060633462327987608e-05
1.527045172950746224e-02
1.390693535854403695e-02
1.978374282771887954e-02
9.421211973602287848e-03
7.625935221143877868e-03
6.366027463582441329e-03
3.276327433669354999e-02
2.399135819116333598e-02
1.718539303758392575e-02
1.439941449750306579e-02
3.665589323122034685e-03
3.972305791079959979e-03
3.742928750167739960e-03
4.540023235039455582e-03
4.649254828432525244e-02
9.597899033534208410e-03
1.048330691236122256e-02
2.809742924706950737e-02
8.753780632943117257e-03
1.750827687477212943e-02
1.070319887689368844e-02
1.302316190940127488e-02
4.080898139419083387e-02
2.168873710114603386e-03
9.658882380435912518e-03
2.533518322313473015e-03
4.545224090138555093e-03
5.180353138674454253e-03
1.589928834020234646e-02
4.657694178148325502e-03
1.421953850812070902e-02
2.441576502616248437e-02
5.308212880434867026e-03
2.761861307223701344e-03
1.177319141567800473e-03
5.647266274059399571e-02
4.557798651442983295e-02
1.042174537705754800e-03
7.196096280809818890e-02
1.120460381809206853e-03
9.279750810965792587e-03
1.151094583066551713e-02
3.197226474400075708e-04
3.155158060612578679e-03
1.219801817446153347e-02
9.137710379647431824e-03
2.316217490919742286e-02
2.250105057868963948e-02
5.430251803695204660e-03
8.685385244805591057e-03
2.224651516337240731e-02
2.258734807103693343e-02
3.982993872705826652e-03
5.390054990696977605e-03
4.637059325760786201e-03
6.639593123175576567e-04
1.478132759685841548e-02
1.609784181329359382e-02
1.180449109431868510e-02
2.217125812602877000e-02
4.276669695796949874e-03
1.356794995416638755e-02
5.141870650131460593e-04
8.674201299554663500e-03
3.262635808787256626e-03
2.715459450210595815e-02
4.634964697800912745e-04
1.462956952336930648e-02
1.763756486930720402e-02
7.172103605552378192e-03
5.244436335877695338e-02
3.195065479658018570e-02
1.271092058691671890e-02
1.746235484974035038e-02
8.525219165443386968e-03
1.641962687714314945e-02
1.029368449923833730e-02
9.619465698972330323e-03
3.243272306848841990e-02
2.543515297819810145e-02
2.592992891885578105e-03
3.559803960796399311e-03
2.936857042549374103e-02
1.879714513278835791e-02
8.896161352390194801e-03
2.889087112888075876e-03
7.551038011318269606e-03
3.304344819500067837e-02
1.880001519262682746e-02
2.304802258425319578e-02
2.933930386467940507e-03
1.280794727766137661e-02
3.727474012545453977e-03
8.675204070028296258e-03
2.938408696276471888e-02
2.371849746627380934e-02
6.996995838087808131e-03
1.169940184600740118e-02
4.473303066083143820e-04
1.550867186959575296e-02
3.107476606297907701e-02
5.684423801672441184e-03
4.384726194146124079e-02
1.372750514911205005e-02
3.266722718641808937e-03
1.475076504784414259e-02
1.927047755261371634e-02
3.099426480768630726e-02
3.629253175593112613e-02
2.218833597773914312e-02
7.420539279770082403e-03
1.733897570973638030e-02
5.314363616175533239e-03
1.755828106958851054e-02
1.961770968886990610e-02
1.837137575442415738e-02
4.498675713662471723e-03
7.612216312952512637e-03
4.215243441485846607e-03
1.462439996703661718e-02
5.742231811492572169e-02
3.688739340638479136e-03
7.440753367391420708e-04
1.181745291614658480e-02
8.951792514355129751e-03
1.272352298313191195e-02
7.007568147632822243e-03
9.904333419350781070e-03
5.174066777239944015e-03
7.139913566368422115e-04
1.445496301021123933e-03
1.453657408351290842e-03
3.451317719726506444e-03
2.348447978658440086e-02
9.427156683341080673e-03
6.137022596579793168e-03
2.197614162730230844e-03
2.452032674553563524e-02
1.850065275708832543e-02
3.167618705475572227e-02
2.666913454960353688e-02
8.513313761275714125e-03
1.591488102323810466e-02
2.002581618503929128e-02
5.105068080209785794e-03
2.352807251530748128e-02
3.216312003000718761e-02
6.765885100166404813e-03
1.265843955635017129e-02
8.696679324596732000e-03
8.739785896772419042e-04
2.906182703178032678e-02
2.722982457352144184e-02
5.256014480436313821e-03
1.003762760699474996e-02
1.253314544591639657e-02
4.430526383030004151e-03
1.603727798619221379e-02
1.063979948762802316e-03
1.935334733184582851e-04
2.546216323470915088e-02
6.585011466427159038e-03
1.090061993265486334e-02
1.567427136605761134e-03
5.402627259454596820e-04
2.576334453545218311e-02
3.317428473208851748e-03
1.262172553661830045e-02
3.032102632236539225e-03
1.066786269876702359e-02
2.518450278648019791e-02
9.882847704184832133e-03
1.329942938339413738e-03
3.471728870705494564e-03
2.253561050888619466e-02
2.436951191186384480e-02
9.968813851963744324e-03
1.260544660180345534e-02
1.920697930939564702e-02
1.478378889718238998e-03
6.071577447699802454e-03
9.838549809799824672e-03
2.464908084295108250e-03
9.557057311948348108e-03
1.722651469047754152e-02
5.029291431793677172e-03
9.518825531609078445e-04
1.953431765843669128e-03
1.440797372556463715e-03
3.223490635782073118e-03
5.151016253479442746e-03
3.469676828067260691e-03
2.774309603699226523e-02
1.009807675637134066e-03
1.706207499162889357e-02
7.456011892063088564e-04
1.324425064981992828e-03
4.750744546891950970e-02
5.461126843244165641e-03
5.637483836317456684e-03
4.500042874640028910e-03
1.094573062209428307e-02
4.414853879626845154e-03
6.807942712389802517e-03
3.873983791765139243e-03
1.899422835592541603e-02
1.199138275765353895e-02
2.034566859556559068e-02
6.163388330249331033e-03
2.156474260898574857e-02
1.927015282587723685e-02
6.827459848511314294e-05
1.019605952820946959e-03
7.285868042569948466e-03
1.897044643927671415e-02
8.297075980289447816e-03
3.130382738308951432e-03
7.816534612795137532e-03
2.382190700699208033e-03
2.536136361561316943e-02
1.320772542209146250e-02
3.570565904097126961e-03
2.247611127139105894e-02
1.189239720437309383e-02
2.151815676705755645e-02
6.025888829666795413e-03
6.759397065701307564e-03
1.964531987413701414e-03
3.421712043692202998e-03
2.669703416662649181e-02
1.103005072238916369e-02
1.289893624703188774e-03
3.307739575533468618e-04
1.010043387750396079e-02
1.189919438083221134e-02
4.168726579195553700e-03
1.303918099207959300e-02
2.583041584680525679e-02
1.909115048542658899e-02
1.699189803657441197e-03
3.947619926002159801e-04
2.550027990233844424e-02
2.188077282959931952e-02
1.881671275592985276e-02
5.132587821008109674e-03
5.552939407651072412e-03
2.848892497220441994e-02
4.173203015938934529e-03
8.881970410407048072e-03
1.739252384351561154e-02
6.263614287169585668e-03
1.065263328792713342e-02
7.871558353818874226e-03
5.471799555484175431e-03
5.698248924427396986e-03
6.774933131123359042e-04
2.534062494410964025e-02
3.020066187819293174e-02
1.681096339764594216e-02
4.119313224116086247e-03
1.199086264008234967e-02
2.202382517910712184e-02
6.804953787704376422e-03
3.166587514781588238e-03
2.540522151039574430e-03
1.188015824980790530e-02
1.674171553802878548e-02
5.154743175043280043e-03
1.009989151894567436e-02
1.115640579238995692e-02
3.352746753317609185e-02
2.097970611102856903e-03
3.915793429879451358e-03
6.795980077849938378e-03
1.078459848679279992e-02
3.417544768353931051e-03
1.614612560025281696e-02
1.752405654027521312e-02
1.535312482392235320e-02
2.923883287786151197e-03
1.918055753334861179e-03
1.293626899026234511e-03
3.023618462340297176e-03
1.082470834580165700e-02
2.306263381575023724e-02
1.656628108091341006e-02
8.623488443816497775e-03
2.417232659273328699e-03
3.500428266213001516e-02
3.922700717684474148e-02
2.407809890312472695e-02
1.215852809329055068e-02
2.445061783313171380e-03
1.432036198773872608e-02
1.877660963066935668e-02
1.532690480119532420e-03
5.022923175888191483e-03
2.992785925381808571e-02
1.563659725083868871e-02
5.089278725283767971e-03
1.775426556037584770e-03
2.584714738087763239e-02
1.021711408731388812e-02
1.296628764977743667e-02
1.008553672080068908e-02
5.687540391084728447e-03
3.752088542297794121e-03
2.792018788511343302e-03
2.127480314986198578e-02
8.280793644068850171e-03
1.139637005594990385e-02
1.026625240521369942e-03
3.392945800160235888e-03
7.579020824863605052e-03
8.629752266396048532e-04
6.909617620146092307e-03
1.671667591522228366e-02
6.733088609418418427e-03
1.527529146488841149e-04
1.673024640383570169e-02
2.802439160665082599e-02
2.689250568434359279e-04
9.666904058722685170e-03
7.689423702328978746e-03
8.587122538430404196e-04
6.357882831688482436e-03
3.260070574650965336e-02
1.521260678864556903e-02
1.165979476849149377e-02
1.136545947023188605e-02
1.453095862205518868e-02
3.101130160780359198e-04
1.287743416903830776e-02
2.506976625283803637e-03
1.942578770484015057e-03
2.058523448401409356e-03
1.578209505034494642e-02
1.031767742310436050e-03
9.632470859407115532e-04
1.275199122300516366e-03
3.151393167008418542e-03
8.341981606549158171e-03
7.103053649975890615e-03
2.116896785993224988e-03
9.890379573881700331e-03
6.007285145949838381e-05
1.670652908814564304e-03
1.903833299367444984e-02
1.103659781141966799e-02
1.378110785741573467e-03
2.246283681940989749e-03
5.877334174415592416e-02
3.106387204611723088e-02
1.090383520189027941e-02
7.262903592928148661e-03
1.566236442292671949e-02
2.709967315427734905e-03
1.327345362010029332e-02
1.871745109788022429e-02
1.389318991073706412e-02
2.082925444358201938e-03
2.026057228249866782e-02
2.259302934745248057e-02
5.767539659666573448e-03
6.517190743480390062e-03
8.221838886187524814e-03
3.115542782210316275e-03
1.294255487378072680e-02
1.197566975172272008e-02
4.495810075617907159e-03
1.053501899759588800e-02
2.412520106457518611e-03
2.823404910901330771e-03
2.439019897817627271e-03
1.704550246665139171e-02
1.300323644665035694e-03
1.135882219212919469e-03
9.487128312883029435e-04
1.990334827964432979e-03
2.192686927536150604e-02
9.875272016258467705e-03
2.918490264183574686e-04
8.447111895684426136e-03
1.713900981982909022e-02
1.653835729198793389e-02
2.877941791377659764e-02
7.453221096238950294e-03
4.901241189111175262e-03
2.875293130910656133e-03
2.034174734933918635e-02
9.355730491181917657e-03
3.004043181539968466e-04
6.702925671271779684e-04
3.019831053852779779e-02
6.564204837469010505e-03
1.506798051457120501e-02
1.834937270993912406e-02
7.049494962433976164e-03
5.540102602568753448e-03
1.257685659793898042e-02
4.541106783882351700e-02
4.327471599347952613e-03
2.823516319368328184e-02
1.453203558056490388e-02
4.793535307232379972e-05
1.566187950851002236e-02
7.819517649636459344e-02
6.333601129651258814e-04
6.563309324891103413e-04
2.534210900223018374e-03
1.165690633350432038e-03
7.158445844379987197e-03
1.118450678558185682e-02
1.088639780504730044e-03
3.962975826996669587e-03
3.045803636463469827e-02
3.423647955555098737e-02
1.067389772197504041e-02
1.516648168593129169e-02
6.984587609165148446e-03
1.137820755936218980e-02
2.111520110872291273e-02
6.904711240025862042e-03
8.272714413940766452e-04
1.111518307518313126e-02
2.736703041183780397e-02
2.005786336323266833e-03
6.330992718319279622e-03
4.104824290558892197e-02
5.847396603272673500e-03
2.197252246932058367e-03
2.259385544749011390e-02
1.506829452547198134e-02
7.533709476476128063e-03
3.375094758034899098e-03
2.329250469375923269e-03
1.254554598650980436e-02
3.021460200516461192e-02
4.862881157397433429e-02
7.130027442314917701e-04
5.160129230415996457e-03
5.706638962914432206e-03
1.102011657472641397e-03
8.565592296188789118e-03
4.004571686748573112e-03
5.591529243263015231e-03
1.082503029329571868e-02
2.174904052388912379e-02
2.818484199566947956e-02
1.855123850493209381e-02
1.780313710433693158e-02
2.554709057933311420e-03
1.762625298900030724e-02
1.192556790828732186e-02
2.483288816962125889e-02
1.550380385100323666e-03
3.204191189281358279e-03
7.200595737113416051e-03
1.527360354297367662e-03
2.359958052150503555e-02
1.418994651895412245e-03
4.631823014396014085e-03
1.977366344344848315e-02
1.956737064403833021e-03
1.353366978077463929e-02
3.321935823284043188e-02
7.325845433818622618e-03
7.995560682596302912e-03
4.658120151831061581e-03
2.588890328780127717e-02
3.215298996801213560e-02
7.517452180970839865e-03
6.251629845681640901e-03
1.526539972083508501e-02
1.785635579595179490e-02
2.696316649860950893e-03
4.627065040243249355e-03
2.290651155242520547e-03
9.017752585443163105e-03
3.134913034971215789e-02
1.124363988454791553e-02
1.338415943500550001e-02
1.894512278202814884e-02
6.982457967583146491e-03
7.813759478614810960e-03
4.762371201529511447e-03
1.650646322115991577e-02
1.465770270819236054e-02
2.314517038607316439e-03
2.978569849884284831e-04
8.169718880454281823e-03
9.422535874902493447e-03
6.828295266447216572e-03
3.413918399574762674e-02
3.678978161806914504e-03
2.374972340497368689e-02
1.965949997176306627e-03
2.069086852388977039e-03
3.506529490118447112e-03
7.398050349845893339e-03
1.207448877149285699e-02
2.693333751419878241e-02
1.173167662342013660e-02
1.469127283882095542e-02
1.205608438652578177e-02
1.045300363612775701e-02
2.139735848957093761e-02
8.701509151890879715e-03
2.142144599837660784e-03
7.818633632699044378e-03
4.870688022359027577e-03
3.451863874703312018e-02
1.276404934249625311e-02
5.083930594866111624e-03
9.491232309391563204e-03
8.319292793392857321e-03
2.028557898527041242e-03
2.002155741162659278e-02
2.420370779182374685e-02
1.254491397478355030e-02
6.228489126585263352e-03
9.980564537318345128e-03
1.683019708215531193e-02
2.141955966152585614e-02
5.941069196891674183e-03
2.607102263399830450e-02
8.551629465190960233e-03
1.586622012191481190e-02
5.815430175747857144e-03
1.208735843417438859e-02
9.481467026524696001e-04
1.400727312012305971e-02
5.961450799137214818e-03
7.579095209386763239e-03
2.860415038252431957e-02
7.817125705461063986e-04
9.249634624997730287e-03
3.883024406517127363e-03
8.062425967766486540e-03
3.274257581000215855e-03
5.864386619276532042e-03
5.864614592953605685e-04
7.083311535349034321e-03
2.120862622860797755e-02
1.803624935511078525e-02
9.503517934046103437e-04
3.040364709626906109e-03
1.533699293607981330e-02
4.382891972003036089e-03
1.085891996723046225e-02
1.569991620864630288e-02
9.738249570816134848e-04
1.370611848238785513e-03
4.938259169623052981e-03
1.156437229200005939e-03
9.876900821647723039e-03
1.010605342269170828e-02
1.084918711589525145e-02
4.860356904249663566e-03
1.540299253469693333e-03
3.447004477689120938e-03
1.736085998956448523e-02
7.087141195087948327e-03
3.913324440411850361e-03
4.329400524190330640e-03
5.088583016783705323e-03
3.912560882317051014e-02
9.541487493479694146e-03
8.343168046484253711e-03
2.373382090285651100e-02
2.101757496026419696e-03
1.192112545247576635e-02
3.840369974837388057e-03
7.363340362730284513e-03
1.522184786159882196e-02
5.308650219534312431e-03
5.932299503179134029e-03
3.481190752757224501e-03
2.057938847716080967e-03
9.003819521039863744e-03
4.603547187605057725e-03
6.443273673072081806e-03
1.323424178995120937e-02
1.203913925137088149e-02
8.868391422007978683e-03
3.043347453020576326e-02
4.510057878519834612e-02
8.370058107730223712e-03
8.588193945813600225e-04
7.814799406181799010e-03
6.275903619290690988e-03
2.606311151112540060e-03
1.531274542125462927e-02
1.963702958874299215e-02
8.167663262718511362e-04
6.056020206207315612e-03
2.249736088296040194e-03
1.075097195236792216e-02
5.216565348170317667e-02
7.312344490399481575e-03
9.897928529568795347e-03
4.026417176778075702e-02
3.548823135055176672e-03
1.039495768697051847e-03
3.930712718662893353e-03
4.116720853958845405e-03
1.183807734252258215e-03
7.566655224492287862e-03
3.042747402399237355e-02
1.442808035206231444e-03
2.275043560542577836e-02
9.422687042397629581e-03
5.440149435764392478e-03
1.646580356338253961e-02
2.463816185909582790e-02
7.607815874867014314e-03
1.179611938167456943e-02
2.403240578653565579e-02
2.540047044151403158e-02
2.875368657711829465e-02
5.767073976922811908e-03
1.585945890148444254e-02
1.232549101688011628e-03
7.825457985408110217e-03
1.291507996319606749e-02
2.617482135583210773e-02
2.100401202200251338e-03
2.543240344202342407e-04
1.870627979772186700e-02
1.299519212145589658e-02
1.390527937833091997e-02
9.311659159017373830e-03
2.903896111323344201e-03
1.101699311820889676e-03
2.500505955228394736e-03
3.740122901034601769e-03
4.468998924762428160e-04
4.327919229606428872e-03
2.778733448310407705e-03
1.630814787734468328e-03
4.204726425594286152e-03
2.401706731736728481e-03
2.652509200168922179e-03
4.795452291441300308e-03
4.290419381317049294e-04
3.629297198498468609e-03
1.369319057724468179e-02
4.775918212571859944e-03
1.384033081805948959e-02
1.474061198415590329e-02
2.093585377017009863e-02
1.322369273256828598e-02
4.079853754858220674e-03
3.287871639395768125e-02
2.233909567668940568e-03
3.125880213521470274e-02
1.210633153867237723e-02
1.301879570286726580e-02
1.155367662791039092e-02
2.098419257894001272e-02
2.916069484419876040e-02
1.392131152131377385e-02
1.563645683626863417e-02
3.214665922172233598e-02
1.753902948326177894e-03
2.060576965516062228e-03
3.316709422548573538e-02
7.826379652629625316e-04
1.341008511946208820e-03
6.883632871109786507e-04
9.731862397978501694e-03
3.369435218620678470e-03
5.514856015979540879e-03
2.422204664066871654e-03
7.530541309371324536e-03
8.226926989364901494e-03
4.360081038021216410e-03
1.622337746288603222e-02
4.721828775191733683e-03
4.976808663027685806e-03
1.700868481394112244e-02
2.322277827139573522e-02
1.643552910843759304e-02
1.522283557546211252e-02
1.663818538836010080e-02
1.880799691227765316e-02
1.704906628501864224e-03
9.045399228869079045e-03
5.060285416689038612e-03
1.284912596094467049e-02
6.254761159407831728e-03
2.193583530752866301e-02
1.377446312112420336e-02
3.209128758287103575e-03
1.656350354769496255e-02
2.117500115681142381e-02
4.416099632126718744e-04
4.918133718500106513e-03
3.829681453038964734e-02
1.730661826161318181e-02
1.247525021412432961e-02
1.068830839207700074e-03
5.436455374784522621e-03
3.799479264462771698e-04
3.818483074354148826e-03
1.580739455455851261e-02
7.272160140927895824e-03
1.196118577844382941e-03
3.748525964378357934e-03
1.951702899787672099e-02
3.266983758229286862e-03
7.703777993016343827e-03
6.115840648591556322e-03
3.350640789678738241e-02
1.893405685292025992e-02
3.019236199808291235e-03
1.289932537150704703e-02
3.333661248577353409e-02
9.781491825340852750e-05
1.567046075529658633e-02
5.066899023680788809e-03
7.388287520304003334e-03
7.425919007336674246e-03
3.178052032498118046e-02
3.733313024267846669e-03
2.575282412115766431e-02
1.958363756448114074e-03
2.455909213784387979e-02
6.032988740770880813e-03
1.141578517874891705e-03
1.002328918129267825e-02
1.705051293608828011e-02
8.888020637191627535e-03
3.179207360168881565e-03
1.258934706644847246e-02
8.248822368636904261e-04
1.740716395536324318e-02
1.118012803121911161e-02
1.301133542221737452e-03
4.629149595886464241e-04
5.670917599735239914e-03
1.141469069116888765e-02
4.132404551211010975e-03
4.422875409050990719e-03
6.711872786115270773e-03
1.967102115750469365e-02
1.626474460293525839e-02
1.323314188257656079e-02
2.327091344188816913e-02
7.982562948261662239e-03
3.849135794738961329e-03
1.632414043455312352e-02
1.175735491449308306e-02
1.560985708968692974e-03
9.276192820686412002e-03
3.600943501522205908e-02
4.061317133277287696e-03
9.959351829299131070e-03
1.007054878494294085e-02
1.336308976610968077e-02
8.847741831581228469e-03
3.801632947642102911e-03
9.433749234485987872e-03
7.186577766458526403e-03
4.285909482520151859e-02
9.372397628647586437e-03
5.548542192000724405e-03
2.241197051577377246e-03
1.605180683111335008e-02
4.734460149530071715e-03
2.456984671533761488e-03
2.318443215066193219e-02
1.066850428520017130e-02
3.196606792494451760e-02
2.172359395391366271e-02
8.609074789111050355e-03
3.591400798440523567e-03
2.022329261640085085e-02
1.093789081173545709e-03
2.651061817638291143e-02
1.460802010076468586e-02
1.397399917957822812e-02
2.273311556023967228e-02
1.098103263570391654e-03
5.300738568576982522e-03
1.138361087697127572e-02
2.632740449059500776e-02
4.206117115049367444e-02
7.126157187799712564e-03
5.039888150977318501e-04
9.320908471495137348e-04
1.529793168525071453e-02
1.452969912297112122e-03
1.456552982001473560e-02
1.823502544129313591e-02
7.095051866794200440e-03
8.356884599131900529e-03
3.135777837968083993e-03
7.658456249674532035e-03
3.221212068729934711e-03
2.160469372858808343e-02
7.455893075574562129e-03
2.368522888658017994e-02
1.321874820490002642e-02
4.545423940934132517e-03
2.478294392703986326e-03
2.592529626679045129e-03
9.751454334353229676e-04
1.150427542892171022e-02
1.346261624121113804e-03
2.996017681030998647e-03
3.523614414680908274e-02
3.407206065126182955e-03
2.748258346394066159e-02
3.957201490022401597e-02
1.030903914616294490e-03
1.207083777992807617e-04
6.991381951964481707e-03
3.358405944096931606e-02
2.137115039742921649e-02
1.027090718911051470e-02
2.069158939669880296e-03
7.973786475461855719e-04
5.677901297396290708e-03
4.462147760748771778e-03
1.692736001895675871e-02
2.233893135552546955e-02
6.663369015226242725e-03
1.421161809171095532e-02
1.526681398037543422e-02
3.077053219007003237e-02
1.588198038443597304e-02
1.168662576224338903e-02
4.336700322553395208e-03
4.047229490152109282e-03
6.790678459505836671e-04
2.059249414574497450e-02
3.918860134396573436e-03
1.662267764162347590e-03
2.703970294276341994e-03
1.429985881697735592e-02
1.049076015100800299e-03
2.555828786827664661e-03
8.269231230145716871e-03
1.760984681545297789e-02
9.945612909378641342e-03
8.925703786269924278e-03
5.636818743692305692e-04
6.324552341104374559e-03
1.071078843428753188e-02
2.974184333950790141e-02
3.195251290435355274e-02
4.349641065022021025e-02
2.121155829389480274e-03
7.856856434438922940e-03
1.325892639655468566e-02
4.365925687079082532e-03
4.144732209111072138e-03
4.988801093080987535e-03
1.083542918948405057e-04
8.480785040324012591e-03
1.673743422179937643e-02
3.072303521393615622e-02
1.551873458706377711e-02
1.301318196717196791e-02
4.315326520810181844e-03
4.522704356163379825e-03
6.625565085508086649e-03
2.342837732184845090e-02
1.093767282006409373e-03
3.396248968596977946e-04
2.316933265744995640e-03
3.117441210571154225e-02
4.158595708011464387e-02
4.265002776140136564e-02
2.074868888829781155e-03
2.037183466989667124e-02
5.867859383658776198e-03
7.002906295531532987e-03
4.575521743430132487e-03
1.186823610990819095e-02
5.633939035146372926e-03
8.716468698546557189e-03
1.679626804363181999e-02
3.205742898278039765e-02
2.285086412139190892e-02
1.400855174806358086e-03
1.025615568730786631e-02
4.739902020411788409e-03
7.248591888851633330e-03
5.844652527975980304e-03
7.332745612928688594e-03
5.767513878868322022e-03
2.150396950951366168e-02
2.903144301871760785e-02
1.909324698423436883e-02
7.801989616449827442e-03
2.131316023973773774e-03
4.391087639389737451e-03
8.016466751236539859e-03
1.263065864744473792e-03
1.200928056922186127e-03
6.286219791111474081e-04
4.513074710878793930e-03
1.123551721452822894e-02
1.973705320019246076e-02
4.303036080358619425e-02
1.118349092098288450e-04
6.050766410766718340e-03
9.686645443939871647e-03
1.003694930996692006e-02
1.297433844344671877e-02
1.017171445703134863e-03
4.268141618883024291e-03
7.901288549395934797e-04
2.142599011394143854e-02
6.436586654428316442e-03
7.307791415172934339e-03
3.649905301215167555e-03
8.547390271951654100e-03
3.085500704324220175e-03
2.077937169404151657e-02
2.513869098446178812e-02
2.791141042150762502e-04
1.394460328297358193e-02
1.731273645047889248e-02
1.276801459006159795e-02
2.425624198379540755e-02
3.178474076318967782e-03
7.371023121551994149e-03
5.418677130902577188e-03
1.209518699764310611e-02
3.546306854400442694e-03
4.913658685931864695e-03
8.465424155255943340e-04
4.446341697430533819e-03
8.786225637217081122e-04
1.870586664618045097e-02
1.693264750987682338e-02
2.930867435730195609e-03
4.324963151543421286e-03
1.469436816994162259e-02
1.560626942169593065e-02
2.664857193595297422e-03
2.446534146134088112e-03
6.498043042312237269e-03
1.202691078609495956e-03
2.394899134387932019e-02
1.123254935185475506e-02
1.104858270250761061e-02
1.881369115290140856e-03
4.715053722161019652e-03
4.877090907173405564e-03
4.242228306892611989e-02
3.507264869357022696e-02
9.514914429784196263e-04
1.712530728266433225e-02
9.316363685700825362e-03
3.081186198303969420e-02
3.955809699136373161e-03
4.040967616537310264e-03
6.840746272791225352e-03
7.456969135464758258e-03
5.022879275446206701e-03
5.985187956404477636e-04
8.126241213499969633e-04
7.179416552743164703e-03
4.734126534847898568e-03
3.804305745433131901e-03
7.788426516175323173e-03
7.269211787306982878e-03
2.914211304900078160e-03
2.651743149983773473e-03
4.301100827211266214e-02
3.870050753628703072e-02
7.036739499682165624e-03
6.079908528600214135e-04
1.427634360537093777e-02
3.629007228860591135e-03
1.845519281714165516e-02
3.853747689406787982e-03
1.503345608015770225e-02
1.013955088668516691e-02
5.211123044953681199e-03
5.400519091574757652e-03
1.968729451857224519e-02
4.373697231640165384e-02
6.990840629824785976e-03
2.074707764687416973e-03
8.750191145261623088e-03
4.006638030883705875e-02
1.986403908439043908e-02
6.539232652460565468e-03
1.825076140506405251e-03
1.976832161810067670e-02
4.124441030441388517e-03
2.331731578082582752e-03
8.731310830053448657e-03
8.763239923415627741e-03
6.152808701743108996e-03
1.077188472480487477e-02
6.660524062285424346e-03
1.559970305201129406e-02
3.249102373529379976e-03
7.021472238744033180e-03
2.685662034553615990e-02
2.082733589349997777e-02
2.019566314220367503e-02
2.887302771804982349e-04
1.052893959550026126e-02
2.037029003731774535e-02
1.094798902835760965e-02
1.647778946113434041e-03
1.330513289928087145e-03
7.905763864884920306e-03
2.726072092110976789e-03
1.694086249603305241e-02
1.922325344875255859e-02
2.738258078584469152e-02
9.681524305177923242e-03
2.905431420141504906e-02
3.858306092492817807e-03
3.222529347979572606e-02
1.862345636037163535e-02
6.032426072601614411e-03
1.921156853696650083e-03
5.187669508057348583e-03
1.510526765835074753e-02
1.288595678597252367e-02
1.145712670715995016e-02
1.924865446658156204e-02
3.763736375012875085e-03
1.630618304382233305e-03
1.717753670748295436e-02
1.390616719874351176e-02
1.600996634296727701e-03
6.294717015925152710e-03
4.078725617230420653e-02
9.416582874009331652e-03
2.470542511562408283e-02
2.011703051372654930e-03
8.193477095343149399e-03
3.899717239837285909e-02
4.093181244832354466e-03
1.955170690605818190e-02
1.383433462760342778e-02
1.000531499396824925e-03
4.455560576958880747e-03
6.037670617313219829e-03
2.062050590980747666e-02
4.888003473207172545e-02
3.341762163649994455e-02
3.279891874475659996e-02
1.455362451599717666e-02
4.528073761492231591e-02
1.345008918251386788e-03
5.625292177581302580e-03
8.515673157858390067e-04
1.648032505247490993e-03
2.459926937992150398e-03
3.249745698733606802e-02
1.799185823851457908e-02
4.948841119811842743e-02
1.021262057475161560e-03
4.722220880969978454e-03
6.881808388721042009e-03
1.798487338834415389e-02
7.718925205044378790e-04
2.610674517953039727e-03
4.145358943267217489e-02
9.430937936258831228e-03
2.029746299664300993e-02
4.620891606227044493e-03
1.595248549390780590e-02
1.699606544707196049e-02
3.366337425885761181e-03
3.120954234113410952e-03
3.784140027152247537e-02
3.826647009383291314e-03
1.907898101354325859e-02
4.586248384942254522e-03
1.068511301499666232e-03
2.004185818128585012e-02
3.069313484084479349e-02
1.647084085068335063e-02
2.224670691840002767e-02
1.827983722296477875e-02
5.075322742102421347e-03
2.606806376395570668e-03
1.274628870296128438e-02
2.176876069228633574e-03
1.263820509696725672e-02
1.782702146375557406e-02
1.255538463285095149e-02
1.625440659438995294e-02
5.164021352867115278e-04
2.512721409331993960e-03
1.824678581708064073e-02
5.721915904109638185e-02
9.560416760083435828e-03
6.572054061705582401e-04
3.019678650305782780e-02
7.740835855454725883e-03
6.170096488596987436e-03
5.788414209372542280e-03
1.979035997375764439e-02
8.678101386416919860e-04
1.795139191850130683e-03
1.111810442860732169e-02
5.363262523413914185e-02
5.795273442972832985e-03
1.172089972486076333e-03
3.675332611658639441e-03
1.937378957138800525e-03
2.682623445983528185e-02
4.159685171734042036e-02
8.237638534446048433e-03
1.868839755579054795e-02
3.151216480284692312e-02
2.850538294194134015e-03
3.165705170062729085e-03
5.141893605252094782e-03
5.357344118624191194e-04
6.236793744394345668e-03
2.305665188795703868e-02
8.096273407568928011e-04
4.395883081518345628e-03
9.593266975914789552e-03
2.604924869614072807e-03
2.663580076486240372e-02
1.535559065275543880e-02
7.694746656837679003e-04
7.869777950523015875e-03
1.944199364013666012e-02
1.326115443994285367e-02
2.729220602803334459e-04
1.438971697241990880e-02
1.835348465041138771e-02
1.001379932441623898e-02
4.028786500382131042e-03
1.677729050177054898e-02
2.160444099853083694e-02
3.633107491120644156e-02
1.113395773330645711e-03
1.331669558834919567e-02
1.270240750956951742e-02
1.682927329792731352e-02
5.312885694411732373e-04
3.804162744757842024e-02
2.464832736057774934e-02
4.173832733057444844e-02
1.233318394699275608e-04
1.794920631312808433e-03
8.613676507832353224e-03
1.463775582430188122e-03
8.633063192488509355e-03
1.615289292497443935e-02
4.685320931520794291e-03
7.410665707150803500e-03
3.080499627859354522e-02
6.177521763026638454e-03
1.052594233304351631e-02
2.492693902053565169e-02
5.379456448772618367e-03
9.460297199045061139e-03
3.813740067928579613e-02
1.299017491256028965e-02
1.335543868929734562e-02
3.368644852171039962e-04
4.332206784730640442e-02
2.980980265465974638e-02
3.570198024071876558e-04
1.984855705486991695e-02
8.314472559137633598e-03
1.969868984193056533e-02
4.620104848972753087e-03
1.027825453497911712e-02
3.177451473740967869e-04
3.375239564832385741e-02
1.065533880885228494e-03
1.288396122255319222e-02
1.638183481716266876e-02
7.996884056977857091e-02
6.713187887157271057e-03
5.071106373497245856e-03
6.522878443351832860e-03
8.758820645442378858e-03
2.881754991232836349e-02
6.488413831061834100e-03
3.541950772449153559e-03
5.239021724025841840e-03
3.099366324339743531e-03
3.271384929374131917e-03
2.265478473722833119e-02
2.009080438733280155e-02
6.139653564508277921e-03
2.165344092301116352e-02
2.122588310515094445e-03
9.062702704897633924e-03
4.029170446740983069e-02
1.143524640147570298e-03
8.552851232430569439e-02
6.380033309546651564e-03
6.543068857409873110e-03
1.531288835395934467e-02
1.528176978477502161e-03
2.519188308542232718e-02
1.573870530592381620e-02
6.101734587400754750e-02
5.794290154828721576e-03
1.632495851131605252e-02
3.908347643454591208e-03
6.890932282309011024e-03
1.877331526415090823e-02
6.053259412903281428e-02
1.118996746275008856e-02
5.180981086905088462e-03
1.441180210300227471e-02
1.372717309034248573e-03
4.746862527357032652e-02
2.192161963002696445e-03
6.445572515305766047e-03
4.346821460698611916e-03
4.104289621363147247e-03
4.973514854413129717e-03
2.847352425547324331e-02
3.972228856452611478e-04
1.708540176817921474e-02
1.408370744121878806e-02
3.569683716320716863e-03
4.394205849104200132e-03
8.912338028637752096e-02
6.976445647619008289e-03
1.894062140246420556e-03
5.260817766653679006e-02
3.848648936990230716e-03
4.716107676162609175e-03
5.931240368811285801e-02
3.028264353228395100e-02
9.441773370437542712e-04
2.407744113460009647e-02
7.878633590239485229e-03
2.535497893185178347e-02
1.122223879533936972e-02
5.940962158794922676e-03
1.079433993608113623e-03
3.767946130767907409e-02
2.320709454871221211e-02
3.598434364762358173e-02
1.832313778775469804e-02
1.038252528080969850e-02
1.695649132753661303e-02
1.663760426816477799e-03
2.437754838629153931e-02
1.225983997154867725e-03
2.479680437835411408e-02
6.464203890918382434e-03
9.213727506804282250e-03
3.487224754532070210e-03
1.451578226054694130e-02
6.728064263650676557e-03
3.208828847679834253e-03
1.395610526682755301e-02
2.119240616070175789e-02
1.177975933659467477e-02
3.499479487121054649e-03
2.210910410419840433e-03
1.193005020183063574e-03
1.072458765320225688e-02
5.294151780053215489e-02
4.591126975374464070e-02
3.367993684370170458e-03
1.282716174309530763e-02
1.955903284179129342e-02
9.134423487110692949e-03
2.842063085112046111e-02
1.408449809433860896e-02
2.192107273831372938e-02
1.995919333258453637e-02
5.492301901778131115e-03
3.995098074431185919e-02
8.329178432422316286e-03
2.403189863227880863e-02
8.623714882903352197e-02
9.146768024623880625e-03
1.164561317407112120e-02
3.942804174651829731e-04
5.328369693963757453e-03
3.066377459187134835e-03
2.932731601204074945e-02
2.299679223169760409e-02
1.513426433779025901e-02
1.370726457915292899e-02
4.768264301480301150e-03
1.030934782460976758e-02
1.152920288664937599e-02
7.473676214087710511e-03
5.431910094487901741e-03
3.789403847421612265e-04
2.223489509741735301e-03
4.778962502453465433e-03
3.639973747402353715e-02
3.884669314522250227e-02
7.486253316079211420e-03
2.870173459997583248e-02
5.417154671943204616e-03
3.811903836812571833e-02
3.267948750382278136e-03
6.799594239125378303e-04
1.940685630392444128e-02
4.137020503845563295e-03
3.167102666332971203e-03
1.867973916914956491e-03
8.455906568329616887e-03
1.097325088497991090e-02
2.487569398172006022e-02
4.176229589544343951e-03
1.249188999724761516e-02
8.625492112661947708e-03
1.344454373019245662e-02
6.012453269085058991e-03
9.583919093722047255e-03
1.621243339312175222e-02
1.733967442557126162e-02
1.709806329752221535e-02
7.740457364751739296e-04
9.877204400732860629e-03
1.656933954282214030e-02
1.967519397336227327e-02
1.842067615132540141e-03
1.029248165997261044e-04
1.736511923489540699e-02
4.528120124360332857e-03
1.165015167220777824e-02
4.051427316960691527e-02
1.839886631866187450e-02
4.753947024265775534e-02
5.950082093899343796e-04
3.568277830297032771e-02
1.807288291701428847e-03
3.524201493524133262e-03
6.864376619784718497e-03
5.407806437322353055e-03
1.396839255337397473e-04
5.493011638702811894e-03
8.738617501367777762e-03
9.327489521622784469e-03
2.488711169911930754e-02
2.011107938425812230e-02
1.456449005113270856e-02
3.038519771082711513e-03
1.755780339276740917e-02
7.052775715551276928e-03
2.312952557646089091e-03
2.279148128005991161e-02
2.180823645091831478e-02
1.730859367120033201e-02
1.109300866640859466e-02
4.840477729032935730e-03
1.811467895376613416e-02
1.221333602128517326e-02
2.115306591649694992e-02
9.814433402541452439e-03
1.278170269948554309e-02
3.749348956850712383e-03
5.626355215653709718e-03
2.317844033475167584e-02
1.859808645663872315e-02
2.819448292041699250e-02
1.675853597590861062e-03
4.319756480347878430e-02
1.570476437533196989e-02
2.258779195249955782e-03
1.982485407015838544e-03
1.730728169596715965e-03
9.177882262582912065e-03
5.154704085121791096e-03
1.471949871892164891e-02
1.540785279604499304e-03
1.844480108590083878e-03
7.086794089716680692e-03
9.425405774842306184e-03
2.248354836882211251e-03
2.325821717914862072e-02
3.717942307743014787e-03
2.160785908900017885e-03
6.713764542546881223e-06
1.341229099415303973e-02
2.122929766662271303e-02
4.620181458356058951e-03
6.853249782856975052e-03
2.656757483818671453e-02
1.319962109159535969e-02
2.431160796373099328e-02
4.061869419229864608e-02
1.508472948509149286e-02
3.102600285284506584e-03
8.901463401505261414e-03
1.974583586304852478e-02
3.846854021324361272e-02
2.960857505058468904e-03
1.386978269573929147e-02
5.490060613725072924e-02
1.724693898532822164e-02
1.412355107274900629e-02
8.141384805404340216e-03
1.933006284430046490e-04
3.624198285902473921e-03
6.857719394470729486e-03
4.317304371500784235e-03
2.694842250937250824e-03
2.192868700647476830e-03
5.904239362005512734e-03
1.025857842949307562e-02
1.521529442539935884e-04
1.086554919249389448e-02
4.126957958130914039e-02
7.612736864864692171e-03
2.092160483098020815e-03
1.228141866648735023e-02
1.488512076281840388e-02
5.146733093510650302e-03
9.929880856823766755e-03
3.715323504452602843e-02
9.970258902170230086e-03
2.869162447120837331e-02
4.003725617460539288e-02
5.459936700642438467e-03
3.896218215599768844e-03
3.942155944958577671e-04
3.067002288155592366e-03
3.755623228272374908e-02
7.027127055518837123e-03
1.199153604373634496e-02
3.130139202408052657e-02
4.936215461255458181e-03
1.340375209747009591e-02
1.944395067262856547e-02
2.604418769874298697e-03
2.835026369355375317e-03
4.186523235637687468e-03
1.000564265876476011e-02
4.154539095265521662e-03
1.083382094027946288e-02
4.886677524322731794e-03
1.016176854464739127e-04
1.192667391199433123e-02
1.975268441212991999e-02
7.834146698348519455e-02
7.230956818674114800e-03
1.175089623607863780e-02
1.969607169850071463e-02
6.646946115528627394e-03
5.635695882704542733e-03
1.324461192710329333e-02
1.997319653948572207e-02
4.196455913140124949e-02
5.729236037608667620e-02
6.056542433336631337e-02
6.036991153130159826e-03
3.369643614912683910e-02
9.381776584513321082e-03
1.213729220144294831e-02
1.692132220049825247e-02
6.179575138691109464e-03
1.023333881149757034e-02
2.729457476616490436e-03
1.083797657522325708e-02
1.238416530092043000e-02
5.167509600670541769e-03
5.970306066570328120e-03
2.574824513634244375e-02
4.491606192467976003e-03
2.214651839547287018e-02
2.143723291866453037e-03
3.087349205393072858e-03
1.565055943968718041e-02
4.616922542113099937e-03
7.524153980504100225e-03
3.865716278310548509e-02
4.922950934064365680e-02
1.297127702317137088e-02
1.419804985899812515e-03
2.311892500092958824e-02
4.625681948456574974e-03
4.304834858853813159e-03
3.043220001036550312e-02
7.479076904982264341e-04
5.332615253582927844e-02
9.555954755162357483e-02
1.902566699227085240e-02
3.504151200137330807e-04
4.068151464872565154e-02
2.633055484004735713e-02
6.656638707713078557e-03
1.312917485967098410e-02
6.166804251690453757e-03
7.890674602352432121e-04
1.698167188005673955e-02
1.243729623471974063e-02
7.950049025407702682e-03
1.163394974161250685e-03
5.141110749929761470e-03
1.562593253156499551e-02
2.163442598130236975e-03
3.889557959261501219e-02
9.639989986219895529e-03
1.300389939948912166e-02
1.597714804696014762e-02
7.317666045733520197e-02
1.557201352644483738e-03
2.308485800881792185e-02
7.270740579820238192e-03
5.747118961416141855e-03
1.543353899871023616e-02
8.887879975975728625e-03
2.832084395071596608e-02
1.342593686598373033e-02
1.554261726320313453e-02
1.188580903143084122e-02
4.039005520183062969e-02
4.297803788628594412e-02
1.945183929730867449e-03
6.929713790371395607e-03
4.534042932040983909e-02
2.246037816383501806e-02
3.748612610650467469e-02
8.481954106766650958e-03
1.215126843697535153e-02
4.703056706968425371e-04
1.363734146726960222e-02
3.555501244198937955e-03
3.026120708981901164e-02
9.772209368189566092e-04
4.804033484179699026e-03
2.907588958074204186e-03
3.795879227309636225e-03
2.260403902355420658e-02
1.434925559723811486e-02
4.734637398068371542e-03
2.258665077866918447e-02
1.434427283512609667e-02
2.161349344798294686e-02
6.820877484091716729e-03
5.534305470541633215e-03
2.238166791346071771e-03
2.444218105357396503e-02
1.274989606765455225e-02
1.517753737689394450e-02
4.343429110419303255e-03
1.593671350769246264e-02
4.332815990056094677e-03
2.591665280329539384e-02
3.297254562063423045e-02
2.129921687625484228e-03
1.822770660955305017e-02
1.194495303103692077e-02
1.237442627490615080e-02
1.619966730075619865e-02
1.657187437744184894e-02
4.218713006507479255e-03
1.317099380390394708e-03
5.863239648281585656e-03
8.506001126949451832e-03
4.257673912045256692e-02
5.398162560784633759e-04
1.848728993294450687e-02
9.605659817393561589e-03
4.059340057415026549e-03
2.966920005014996725e-02
1.444525117196185544e-02
2.398658620779680391e-03
1.786730183314295603e-02
9.472702816492529349e-03
1.339325312388937178e-02
2.007205972805011646e-03
1.674338752839344552e-02
3.035281886799337178e-02
1.578866525584339455e-03
1.315422541492566183e-03
5.323792773806414712e-03
9.255262580726050792e-03
7.949554476617833043e-03
1.120951550478402683e-02
1.157953447229249228e-02
2.720313190356516905e-02
9.654400685898075797e-04
1.311594029699556310e-02
5.960020637889256075e-03
1.876199937075671148e-02
8.550347058892538224e-03
1.399920963259715032e-02
1.766031884315302780e-02
1.610225486577868126e-03
1.473830931119501919e-02
7.865179459290279340e-03
2.948934509195298009e-02
9.636818552485122008e-03
5.039253715730111945e-03
8.467983975735280874e-03
3.443506386039522221e-02
1.064161918694634355e-02
9.681157732322576842e-03
2.117780052386713553e-03
6.820443619209624365e-03
2.566316001939284580e-03
2.225312282165515035e-02
4.099686591583877326e-04
1.342093340737499085e-02
1.368062042436789597e-02
2.620178782762806746e-03
6.262074710699985260e-03
4.349375805794831844e-04
5.261086904498415290e-03
7.182695127619242656e-03
9.968456365355730583e-04
1.317333517001605114e-04
2.387295672720980352e-02
2.551371462931181430e-03
2.614253663373066958e-03
1.577654005669133514e-03
9.735588744968349043e-03
4.938186398309788588e-03
1.075857896786142250e-02
1.405667735614927333e-02
2.996928359411056737e-03
1.379888645882293256e-02
4.843707002498883092e-03
4.228053853504246812e-02
7.192838627574842797e-03
6.862981355888659457e-03
6.707659652594441524e-03
3.088344472636262578e-02
3.563530086657036577e-02
1.344924907883334776e-02
1.337710959458442671e-02
1.481695188324505356e-02
1.102732524357575086e-03
9.732528545114204482e-03
7.499169760963895169e-03
1.268632392644835488e-03
6.227802336337427691e-03
1.153102429723165331e-02
3.276998629185623457e-03
1.407767143524464581e-02
7.397737866304382112e-03
9.115301220778183194e-03
5.101559680890856152e-03
1.941511079644987411e-02
1.457317067092030356e-02
9.785049407637878838e-05
7.431516622799183742e-03
1.773577510144292227e-02
9.000026356517316917e-03
4.953874881261693865e-04
2.151020315154080799e-03
3.218143793480350567e-03
1.336029604155340549e-02
1.178335131136909464e-03
1.274004696050027099e-03
1.674287289172050885e-02
2.980583579929815298e-03
3.838074351669700651e-03
7.204223592156215605e-03
2.534784860028441861e-02
1.952000712846584801e-02
1.559480615277598209e-02
3.182003618907483077e-03
1.602498885691169437e-03
2.788714287314583012e-03
1.457044339458159286e-03
1.448704335293558507e-02
6.481721537624244786e-03
5.923724683626020379e-04
1.084886265269910562e-02
1.335197558478854948e-03
6.933880031896795873e-03
1.493836679701850828e-02
1.291217243690060378e-02
2.741568819159559411e-03
1.163223653927706810e-02
1.805261940539897025e-02
7.736403731517934104e-03
6.668824907474143852e-03
2.301417585211130989e-02
7.033638488285735672e-03
6.347396006621198322e-03
7.121261129736972291e-03
8.389470093127775890e-04
5.515587747844082761e-02
9.185890247264650536e-04
7.126543585089049199e-04
1.147087068451700317e-02
7.886110729342777140e-03
3.217378174109888737e-03
1.047055131615993312e-02
2.990302249024108516e-02
5.555525858793897154e-02
1.099341439319383336e-02
1.398172991917096507e-02
8.250401214848523609e-03
1.286287039733786594e-02
2.968700368624318901e-03
1.801933261524622191e-03
7.172879152564616383e-03
4.443734821544462199e-04
3.259754967888131745e-03
4.616673388009706787e-03
1.032444410567869529e-02
1.627667233329169183e-02
1.374366360182940026e-03
9.327539464209643957e-03
4.571975094388412708e-03
3.213565070309422345e-02
3.648343516550604012e-03
2.991702839017595233e-02
2.216229329278153123e-02
7.220963723394037415e-02
1.108684552080011106e-02
7.138314068853117422e-04
1.267919784687005988e-02
3.138423489957489765e-02
1.099872354931953795e-02
8.653395004656640882e-03
5.208085498312546927e-03
1.015764126720495805e-02
9.979322847796448168e-03
3.492740167277061814e-03
4.714662029139823907e-03
1.772265737211482090e-02
1.295403574175875774e-02
4.246228565835039742e-02
3.132620495507665304e-03
4.900450352037727733e-03
8.920384162958948371e-04
1.694392819851531576e-03
1.138259942781612299e-02
5.637166686678544633e-03
1.839825040896496920e-03
5.833541349779659477e-03
1.274108083868681629e-02
9.248920475100164823e-03
1.171381782450709678e-03
7.316969490099802312e-03
3.958544253883249098e-03
1.003881594836191285e-02
8.335369506726229144e-03
9.672143725616769161e-03
4.785381579850464528e-02
5.022608520390033082e-02
2.287660642132694627e-03
1.617925641113449747e-03
1.987605428146168446e-02
1.306088871967125628e-03
9.329370805416853027e-03
1.090811271192371722e-02
5.026571090599262111e-03
1.561683062225117545e-03
5.575771149371312393e-03
2.098968943606381067e-03
1.100179440227469670e-03
3.791002013533212311e-02
2.055544280929599323e-03
3.086670056605986256e-02
6.109242211120620089e-03
5.524423194093568135e-04
4.336044059502011661e-03
2.099620042345350275e-03
8.770573543303138847e-03
9.606393121353064279e-04
3.212119165049076228e-03
1.913707137754714488e-03
3.710176592321058620e-02
9.526972332991660158e-03
6.648298587129751469e-03
7.720099747547881468e-03
8.563495677586503360e-03
3.760716743465677969e-02
9.563991339601372182e-03
2.582263681585741238e-02
8.711881956054563086e-03
1.512933093695026723e-02
1.766159289860048075e-03
4.047820681535627130e-03
2.236756189658589689e-02
6.889578874558920443e-03
2.116422874767460039e-03
1.031071504212680186e-02
1.651015553878099063e-02
4.438648484600259125e-03
6.377535780145599312e-03
3.171978779730526884e-03
8.659556204011530436e-03
3.625152271323525688e-02
1.962812979042853623e-02
8.571558789095589173e-04
1.934987965585046807e-03
8.099998623814814655e-03
3.224330047670756309e-03
3.943969414772468401e-03
4.871813446002367862e-03
5.778131721515178051e-04
4.728914688285454533e-03
6.673909780109416739e-04
1.745245421996938218e-02
1.168081292068437298e-02
1.516627319591862949e-04
8.085149870528791872e-04
8.484062379330556446e-04
5.478499738640451450e-02
7.610761116617697879e-03
3.080048515586908051e-02
1.262192102290371487e-02
1.548148635409558882e-02
4.882601259268888778e-03
1.023456338238411950e-03
1.814169998887095459e-02
2.078787692067952941e-02
3.037647211878064663e-03
3.541787411456612938e-03
4.904707789264942108e-02
5.715500896099835922e-03
5.485590449132082477e-03
2.227223579192540246e-03
5.222690042797630341e-03
3.541832873194632886e-02
1.907636112196273203e-03
1.197526466781278533e-03
3.440968528950397783e-03
7.522280379359570779e-03
1.819316484231551373e-02
6.795373457309060797e-03
1.171501342454571090e-02
3.904251743202656177e-03
2.375351595068955768e-02
1.657505801244541985e-02
1.253061634261972909e-02
8.790043227656590616e-03
7.144274443703607647e-03
3.842402442670597631e-03
5.584433496997956436e-04
3.262712681357961969e-02
6.484595282248470371e-03
3.820115776214796921e-02
1.720062553029021168e-02
1.258829655620218035e-02
1.196172313303927454e-02
4.270699292490889344e-03
2.699723004649043356e-02
1.698853678432958592e-02
6.852514112112690313e-04
1.676379540922949204e-03
1.392504617148697735e-02
4.995556567314561602e-04
1.113534292426992915e-02
3.155589048181410994e-03
1.019421606982238299e-02
7.540436630010752955e-04
9.156374292893381533e-03
9.912761996091191269e-03
3.155133736929167931e-04
4.812431658416870331e-03
1.995688753700453413e-02
4.052243539342457708e-04
5.255448135715453002e-03
2.382243387336563031e-03
1.019805929470770159e-02
1.573699566822167953e-02
3.017577154284313903e-02
9.674514862819115144e-03
1.394820657473640028e-02
4.796813147885693740e-03
2.886978725777423344e-02
2.723387893930603876e-02
1.077888141741758198e-02
4.199814805055671063e-02
1.143359654636276479e-02
9.473935867651946119e-03
1.304589052022071469e-02
6.744124096814011447e-03
3.197209894899692012e-02
1.329847338294325686e-02
3.000036389086759708e-02
2.165077922539640227e-03
3.526773035725398742e-02
1.567174277824093936e-02
8.936551994451692911e-04
5.218036808930652179e-03
3.082224992639572263e-03
4.125884820575853379e-04
8.994127576906971178e-03
5.889907958068041349e-03
1.196023462945109209e-02
7.892314991977235697e-03
6.213498657863337354e-02
3.568586569599237895e-04
3.594703680781848303e-03
6.688715245987179002e-03
2.686565148511121069e-03
9.489723815590177247e-03
1.191795915814748003e-02
1.692184960396857923e-02
7.216352917499753786e-03
6.475073608482145339e-03
3.858698918676733286e-02
9.174240781916753740e-04
7.463479112363778298e-03
3.255459307446878330e-03
4.970037825627014738e-03
3.733623670624557078e-02
4.916283588026273965e-04
2.005578970233394889e-02
7.151939809821726557e-03
1.530964828882423745e-03
1.223186280496353466e-02
1.910811925598141642e-02
2.505569765830961693e-02
2.370117453949350042e-02
2.922670319919865381e-03
3.883005077990470122e-04
3.831135987714500302e-03
3.279488472989727788e-03
2.635300327577004727e-03
3.325739936743765755e-03
1.456378316793098364e-02
8.840965481808455220e-03
3.777747728707334801e-02
4.797065077565476274e-03
1.510856009809886935e-03
1.167803944287578062e-03
2.023125255884273589e-03
1.429602094996071902e-02
1.059879539073759445e-02
1.732155059456985322e-02
5.887974591715954692e-03
9.128985983925204384e-03
2.191936910900210700e-02
1.604757670837203554e-02
1.223130190172195750e-02
6.308604645921445445e-03
2.813999168556059055e-03
7.402130147008946504e-02
2.922796906218621052e-04
3.296420355332004004e-02
3.141226665747486220e-03
1.203812971321036474e-03
4.195539730275390372e-03
1.390600299458787797e-02
1.315871444630426976e-02
3.755860764745368868e-02
4.348141268661137419e-03
5.093035609567406197e-03
5.232229377474734329e-03
1.729826494735137036e-03
2.143451580637846174e-04
9.965326002809929418e-04
3.295687516944850043e-03
6.779646057268891302e-03
5.490091539550399913e-03
6.298752877783612633e-03
2.422379769975797209e-03
4.369516204817733458e-03
9.707252871530232946e-03
1.032446787995430423e-02
1.493623557476295161e-02
5.540495739301630647e-03
1.373986759038422524e-02
7.757719191077219745e-04
2.766497671904799560e-02
1.650152479352801418e-02
2.228229779257345083e-02
1.034536117241916311e-02
1.115373110768915974e-02
2.119587064643910571e-02
1.711733629667866116e-02
1.701174134621762785e-02
1.002987927078459462e-03
1.138406202808628538e-02
1.063354668205176295e-02
4.874560815904238273e-03
1.796148423900398305e-03
9.435068021224589374e-03
4.128685918896938395e-02
9.051084689985288778e-04
9.252203970308179801e-03
8.101133086241765410e-03
1.841982261129133762e-03
5.962666549310009084e-03
2.215196833202365267e-02
5.613577819998488184e-03
2.857067285011978888e-03
3.479630552116051712e-03
3.736208069142253532e-03
4.568588043269502727e-03
2.585801150770923942e-02
4.447826801935814839e-04
4.325251312639594170e-02
1.605287385282982981e-03
1.342507167583974551e-02
1.193421334452812038e-02
3.146790620138419786e-02
1.683015575943264813e-02
1.791615727109258094e-02
7.095483615827105975e-03
5.648527880136049520e-03
1.999305800315375956e-02
1.307013250389818873e-02
3.329859746436305418e-02
6.576352633554272999e-03
8.472066323110458846e-03
1.222374215755293175e-02
1.641872354917831706e-02
7.857007148556967996e-03
2.445564020669629968e-03
4.175275958553260891e-02
7.250809807650142498e-03
8.509558775973877567e-03
1.466332482779326291e-02
1.461829614265002138e-03
5.779356051871522085e-03
3.977776995749283256e-02
1.558402787786263921e-03
8.111076694366352660e-03
6.800892793067708081e-03
1.836051987192271334e-02
7.835193874721599686e-03
1.270979726687392758e-03
8.499907103876422343e-03
3.518910590814338518e-02
7.228681483621383214e-04
4.285642291783144098e-02
4.279872933062590229e-02
3.120269225952054110e-02
1.256334008590764178e-03
2.331768758104461707e-03
9.009075709808264318e-03
1.126885736794643739e-03
2.574035945997192945e-02
2.116952587940171965e-02
7.126320247923480233e-02
1.865979844282182609e-02
1.578438534904886420e-02
5.125490557060703029e-03
2.598936922576032538e-02
2.975025524473420488e-04
1.619210711369021422e-02
1.907446754008923495e-02
6.220684060218806266e-03
6.001220422218938449e-03
1.352501842788265268e-04
6.230195804863091977e-03
2.405680615803271888e-02
1.825973793561772376e-02
6.109505627742004528e-03
1.433557272253075526e-02
1.377794819455344447e-02
1.112521519092474209e-02
1.978785083185581953e-03
1.140089899381502118e-02
1.872848827357748158e-02
1.274872271594219494e-02
7.853386052605292045e-04
3.235003982301025427e-02
4.560072976370865144e-02
3.194884854930084284e-02
7.999473667461646717e-03
3.567462417095229599e-02
4.256494050118424591e-03
6.186506041063886269e-03
3.804542060510617690e-02
7.700103387217121023e-03
5.312362924904577566e-02
2.651575601263175819e-02
1.572477826973006990e-02
1.902089713873287777e-03
3.018171738056043413e-02
2.093444877671191660e-03
1.393554270581996019e-02
7.567734717356296333e-03
2.156481055484483350e-03
1.795035012472817604e-02
6.172436959100755308e-03
2.306583812148396348e-02
5.093378205380830366e-03
3.003403861931185775e-02
1.679279755906619431e-02
5.834321869656643525e-03
1.228694862885788006e-03
5.885292492636452766e-05
2.957663752489305374e-03
1.087761736937039193e-03
3.811447455924010276e-03
3.592871592909054404e-03
4.900394346769748090e-04
1.727924094244756223e-02
3.051576538648245393e-02
3.112606852763709353e-02
2.981725882514323078e-03
1.110123282983875234e-02
1.084738473979080658e-02
3.976244689503458107e-03
1.789029946983215769e-02
1.560065756939138168e-02
6.378974975685464122e-02
1.016196239857514692e-02
4.588379901297601725e-03
2.784851995722805590e-02
1.545196016401615031e-02
1.533254215895964254e-03
6.331628485381360708e-03
2.549734029794862872e-03
6.966062090946363583e-04
2.021953174255547783e-02
1.648562125329938385e-03
1.111230570487878669e-02
7.006221953283971703e-03
2.894688558167602885e-02
4.607554857633438042e-04
1.148373900156202977e-02
5.260747570498744245e-03
2.106622872079140854e-02
9.657214736837650693e-03
2.016182674668500364e-03
8.172736991695725428e-03
5.674387397873427268e-03
1.980820036321640637e-02
1.832492542963790050e-02
5.732103322656494082e-03
1.646259593243224600e-02
6.709356843925821240e-03
1.729564117949569657e-02
4.160806486958488690e-03
5.839698871838916103e-04
1.373585126636399367e-02
2.846856764751532105e-03
8.014489395914472722e-03
1.453484987842118548e-04
2.593063090595718045e-03
1.633229861146166806e-02
2.279931841514413332e-02
1.494021867716325983e-03
4.689101427974655921e-04
8.053545185442892440e-03
8.304180334446721601e-03
4.367894040599468175e-02
3.685168972692467321e-03
2.909673746485937074e-02
7.950522923889147275e-03
7.207879047817466502e-03
9.670136898304787509e-03
1.249891869723109006e-03
3.593160328998070731e-03
7.850094847162994438e-03
1.427369943014369057e-02
1.488605840228851389e-03
3.880834287344127765e-03
1.658882850780000681e-03
2.820080517683322061e-02
3.806460355748374561e-03
3.650979118885802621e-03
9.315794682320594627e-03
5.847375302022955398e-03
1.141423687897753000e-03
3.540134440394950011e-03
1.704165684119442626e-03
2.619024134642519014e-02
1.889544255506343459e-02
1.745180254304577738e-02
1.403574087392953605e-02
2.601284820005649468e-03
1.730118063012378929e-02
3.487339260989891221e-02
4.690710457835053568e-03
3.059944707131089132e-03
1.189677409710053479e-02
1.881396226154860053e-03
4.375529747943988912e-02
1.940864710268134716e-03
5.850120852620901285e-04
5.052111555390783465e-03
5.190535687065558554e-03
8.574325854926449775e-03
1.446491078838103850e-03
9.468541290742010785e-03
1.238035018567486614e-02
1.613208343057624672e-02
1.172076306680229149e-02
1.602436260811004182e-02
2.954920852084533343e-03
3.103329547640461608e-02
2.627082418576409412e-03
1.540715681883859933e-03
7.780669885388907629e-03
1.155646048222761825e-02
2.132502768476585847e-03
4.017594253278092276e-04
5.378452205132907768e-03
4.162731912000679907e-02
3.374930863686771698e-02
4.070869643457685101e-03
2.444128386345383042e-03
5.415676421150966225e-04
1.136393174882262616e-03
8.156143524957221169e-03
7.359484144747963086e-03
1.572725018242466730e-02
1.584464284114706079e-02
1.451777258898393624e-02
4.047740957618922025e-02
1.646379879703111036e-03
4.664769522107667030e-03
1.648810509810614069e-02
1.423613357901836601e-02
9.487931703671405662e-03
2.008665003610187426e-03
6.417372695547245848e-03
4.387922551885970780e-03
3.143139094208310252e-02
1.650774391065978203e-02
2.282435925268647137e-02
1.441780450124658351e-02
6.820866783980202887e-03
4.136273273952556159e-04
9.299032509857544683e-04
2.822755095663065719e-03
8.249223733352573085e-03
1.833868363792276034e-03
1.742560728898398179e-02
4.962094955716809738e-04
1.416642499088139120e-02
4.240658056896409039e-02
2.221255317792295188e-03
5.998284931339472985e-03
3.838169308204144280e-03
6.551624779546325744e-03
3.287537344739565985e-03
2.795406043694638465e-03
1.777343808260221578e-03
1.252903946961348228e-02
4.428627277745604551e-02
1.887321365055603245e-02
1.036802008268753253e-02
1.262111013844355832e-02
1.888737217234348967e-02
1.127380252723433202e-02
4.957442284690340151e-03
3.526653353714661655e-04
3.412920516919694825e-03
2.780656514869300072e-02
1.681599305010446702e-02
9.818972017907609887e-03
2.777241504187129978e-02
2.905654548434292474e-03
1.532201478180242327e-05
2.513896748889250365e-03
1.004978295922453156e-02
1.094873522744189802e-02
1.138766569222173300e-02
6.955294846915814275e-04
2.105449954892285591e-02
2.722659701777151858e-02
5.482031613723062011e-03
1.565118380915021118e-02
8.535966303221426132e-03
4.302322248968816834e-03
7.434228421060689110e-03
1.081441275316552368e-02
3.868404490709576038e-03
1.156590600190967461e-02
7.062619166307254441e-04
1.313258961266050573e-02
1.170772890091000690e-02
2.845848455392595289e-02
1.332371897625898513e-02
3.408733085362788181e-03
2.118345075282147827e-02
2.089524742713214762e-04
1.979980712309929031e-04
2.126558549731146289e-02
1.432371270378553219e-02
1.863081884232926921e-02
1.320495304977056805e-02
9.137715995517674619e-04
1.761433414147314455e-02
6.692593051643573251e-03
5.970032591586048494e-03
6.034629523527131056e-04
9.135928842620853058e-03
9.769455720632570783e-03
1.233554038056271229e-02
6.485811617244188233e-03
3.349244535154805719e-02
5.701585714131485183e-03
7.133930783792435601e-03
5.399770227651114890e-03
6.108879645465593519e-03
1.035792683171546553e-02
1.752329092660673791e-04
7.588751450646503971e-03
1.333794641198217910e-03
3.087582251696546418e-02
5.478261449986495009e-03
1.110039485294126230e-02
8.616619229233979729e-04
3.261329535477664604e-02
7.273215239548812836e-04
1.995589461224291702e-03
1.873025778040338443e-02
2.886022675938397074e-03
7.212566922318759677e-04
2.054045620838458597e-02
1.447503842552352524e-02
2.975336908924883228e-02
1.551794544552778307e-02
3.862809322732095856e-03
6.952639271348063851e-03
3.136102126731453010e-03
9.210169373963284639e-03
1.059604540103283726e-03
3.993589183078779213e-04
1.395359899798220490e-02
2.038526026427333118e-02
1.314891808089522530e-02
8.528619765856004786e-03
2.512292260098805338e-02
2.077973489243972044e-03
3.186528962593450365e-03
4.962261267126203031e-03
2.196268555659183774e-02
1.883448476528932873e-03
1.340194986532834004e-03
4.337416283880797530e-03
1.246173249951833609e-02
2.095018856737692649e-03
1.347854823308022691e-02
1.916968320560626451e-03
1.190031208009300484e-02
4.026074738540797240e-03
2.768781013218676867e-02
3.418334060328129947e-03
2.828313748129716865e-03
2.044897735893570420e-04
1.166402216209254383e-02
3.109490805373268940e-02
1.376277560776824858e-02
3.163103213073049230e-03
7.843517708727924809e-03
1.848552993817663415e-03
2.001144540978157076e-03
1.962223153220024260e-02
6.873123686667795273e-02
8.153118108794018062e-04
2.780977721428183266e-02
2.493797725146660454e-02
5.216127376182703133e-03
1.077439928868003521e-02
1.703352052898491828e-02
2.340238270252733080e-03
6.543638844672405863e-04
7.811984817955449148e-03
2.590949367290487290e-02
2.194793373324812908e-03
4.636336368981208017e-04
7.482217445867710148e-04
7.869131874700476675e-03
4.863619650582060895e-03
1.377928570613589157e-02
7.071381774200640943e-03
1.269331491266619330e-02
3.316346785912315225e-04
2.869664192533282268e-02
5.651692034322681676e-03
1.313948519493342553e-03
3.001083023423330859e-03
2.918102958055476641e-03
1.937104483813414935e-03
4.717076447551551109e-03
6.296641153314590580e-03
2.022803832769053817e-02
1.789084587641620594e-02
8.744524358727778432e-03
3.204391699700250007e-02
4.641694834707850437e-02
1.276323661592524382e-02
2.672898520196359887e-03
1.779400481018433150e-02
1.224252499601385241e-02
8.461707316577936344e-03
8.495969245397956213e-03
2.036331709688472130e-02
4.141281391793900403e-03
2.252231634579313080e-04
5.224884003225481466e-03
1.177479758123968143e-02
1.363243182118327023e-03
7.215524787332991408e-03
2.092993770828908105e-03
7.475322302467687571e-03
3.650552047732787131e-02
1.360311636165402460e-02
1.685769144383163914e-02
4.186437830790561447e-04
1.685924972502318361e-02
2.258507494388506051e-02
4.256395940657603516e-04
2.314070053038257135e-02
2.876685781775568593e-02
1.705983728975055125e-04
4.676324787292010163e-03
7.681474389465447507e-04
3.175693867126458403e-02
1.209384461583257533e-02
3.715300831044946600e-02
3.954749098552308439e-02
3.105649948253304260e-03
9.628944103632214313e-03
9.951248280261068904e-03
1.386504499869666701e-03
1.104503964686499168e-02
3.940012208529446863e-03
1.616073617650516658e-03
2.174487225920916644e-03
4.726589327758853702e-03
9.562061100813267628e-03
5.756964800215137040e-03
1.203804120866217714e-02
8.703864299793327708e-03
1.214863629328693205e-02
3.223201460330513916e-03
1.285612650171443459e-02
1.318479542264351830e-02
1.505926483240043953e-02
1.123107898858431361e-02
7.089695774134829181e-03
4.648091714893557574e-05
2.260928563522447005e-02
3.903174795641138183e-03
1.786162691037137748e-02
1.549734826869973540e-02
4.244552663210219776e-03
1.488235043522014370e-02
3.755430170964502851e-02
1.862229130095779256e-02
3.302922613954286518e-03
2.895451686177454020e-02
2.835547439655135976e-02
5.466090228892854161e-03
2.164758029912708381e-02
1.112903039854211233e-02
1.927066277750744128e-02
7.259614260912000509e-03
1.313167298821617257e-02
6.714790553170155510e-03
6.282375335363191843e-03
1.650873953907456464e-03
7.144264824157850469e-04
5.567915688922774400e-03
1.069888330222302369e-03
1.117805484017437949e-02
4.329408336077894548e-03
2.531755662965189807e-03
1.605739188025898795e-02
6.933334201669574468e-03
2.290816274942184677e-02
5.577634641254752140e-04
1.990299598510563914e-02
6.391196519198893110e-03
1.698413158941547083e-02
5.308816267915757343e-03
9.214884281240967590e-04
9.089478408352639691e-03
1.192456773675138262e-02
8.443597776235756830e-03
1.857188230511987864e-02
1.430383128061527703e-02
2.757101106188084710e-02
2.051005158686888818e-02
9.053233621129624237e-03
1.187353989689876252e-02
4.372031059413751530e-02
3.160269543190412367e-02
1.858926194329595452e-02
2.819129770870265270e-03
9.053404293980729656e-03
1.614783170260507619e-02
1.289628318138878044e-02
3.317154285207231379e-02
9.419093179274962840e-03
2.299886623982476744e-02
2.597363795597670746e-04
8.189982206530560180e-03
2.208969812284158202e-03
1.014014220230190569e-03
6.376473700381742743e-03
2.222668799616091782e-03
4.642237298064291751e-02
1.024416371165834394e-04
1.641162848334183633e-02
1.999317185986296264e-03
9.186819059209579011e-04
9.349094191578549533e-04
4.336972224069729487e-03
1.117144116370982765e-02
1.748472909387378815e-03
2.114357451718543862e-02
4.046053692241605160e-03
1.249642506236474208e-02
4.682561379248002809e-02
6.214879374934173528e-02
4.525381603711593065e-03
1.787661669279003857e-02
3.755669311928903908e-02
1.579168318218062209e-02
3.377915831986616491e-02
6.514561898264702514e-03
2.216568426480465190e-02
1.587721152904945920e-03
1.993297961570154875e-02
2.534894590358771280e-02
1.125519253387251631e-02
8.926068042392940396e-03
1.381343187190183994e-02
3.779287412481247693e-02
2.401921101690985064e-03
1.319196763205181255e-02
7.936661807914895811e-03
4.543676751290646847e-03
5.044226415068295971e-02
9.943110445376681511e-03
5.451140305728092300e-03
5.392836335745932602e-03
9.277086602546098446e-04
1.045415871230926698e-02
1.359908478236937415e-03
1.512155570139397942e-02
1.304469765879316678e-02
3.530881323211603677e-04
3.785560491276744426e-03
4.137896418171028469e-05
1.574682380281963376e-02
4.412675524529289378e-02
1.389073444258766277e-03
7.082071262333578150e-03
4.718427899352402310e-02
2.785877927750141873e-03
2.173861273378704939e-02
5.151173625850130611e-03
5.677888022950687563e-02
2.021213723940335633e-05
5.378747906097033904e-03
2.385025731127404791e-02
8.924639887777604738e-03
8.474509919703082650e-03
1.047504210559680252e-03
2.337201570009311835e-02
6.424853899894803107e-03
1.259756177791685784e-02
1.233926012862435542e-02
7.053046604795702550e-03
3.904682735510064256e-02
2.014215902120336955e-03
2.182197883452641207e-03
9.888793177974791043e-04
5.412824131932122973e-02
1.793803552359961306e-02
3.505129820953814535e-05
8.915076517079074947e-03
6.737676696723822467e-04
5.689558060859394722e-03
3.972766181379951828e-03
1.016349326614256025e-02
8.356619006565344648e-03
1.620287399680521087e-02
1.144461502863316528e-02
6.839358829776796996e-03
2.249340499817392355e-02
4.063003693548018769e-02
1.794157069893421996e-03
4.630888084383745322e-03
3.080478183825553426e-02
2.084013250384252058e-02
6.352008874360194624e-05
1.602204115709214864e-03
1.906794479887069602e-03
5.731827306857758056e-03
1.064228604398538211e-02
3.868319638391681109e-02
3.906296876870513773e-03
1.013635491147365543e-02
8.312408022616693537e-03
2.557045133597784289e-03
7.841317421432972279e-03
1.297920504343285167e-03
7.478020312242484625e-03
2.581734418855299862e-03
2.310342558344119154e-02
1.186413777001450037e-02
3.633534070769513843e-03
1.773621527835724312e-03
3.844770983065101504e-03
6.083826474981925830e-03
7.034110771256381345e-03
9.815140349200916423e-03
5.282068066457890412e-04
2.027972799257837452e-02
1.589517422632090102e-02
1.778710234965738199e-02
1.456698360692911323e-02
4.479908821868047730e-02
6.177507474913903826e-03
2.979285250524499329e-02
1.368237978192901952e-02
1.322698919919409327e-02
5.728074127418803473e-03
6.430917192597342992e-03
3.200002442099580437e-03
6.550204198531087846e-03
9.490454247488663841e-03
2.619329407541690080e-02
5.284485819287193867e-03
4.684360484928551567e-03
1.842523566099862550e-02
1.480733168412393976e-03
2.899801206470311362e-03
6.706742171918298953e-03
5.023557906568568154e-03
5.942794214129102845e-04
1.403436330804791812e-02
4.320133922965500341e-03
7.490402951444239538e-04
1.540408063384656259e-02
4.272777099512414106e-03
2.248377045626706594e-02
1.004193900382075941e-02
5.489969016822901504e-03
5.440530710154792456e-03
5.022615660630242590e-03
1.925985858156259445e-02
2.713781003176807954e-02
1.622925452093246929e-02
1.931325101050436477e-02
7.423265185605103407e-03
1.170562519969309614e-02
6.203128707185675064e-03
9.363176320566858613e-03
6.972179751790831201e-03
1.432181452031008537e-02
3.032398425739842637e-03
1.312044858253823970e-02
1.189944008482408597e-02
2.216629039152594703e-03
2.055634964885755256e-03
9.652073891912174922e-03
4.544264474262298820e-03
2.154508685340553176e-02
2.177640258233472150e-03
2.199021292194418623e-03
2.759496544692616703e-03
2.998951742032495912e-04
4.600887860215405537e-03
8.454049232383869031e-03
1.958166825827167140e-02
2.304792199052164980e-02
1.200938112105300222e-03
3.447769320148118787e-03
2.167119539578885382e-03
5.224018409250756959e-03
2.228228215174342820e-04
9.101160058585129869e-04
2.619120228017039753e-02
2.035805990687345607e-02
1.679598809107345214e-02
1.596236461266865164e-02
3.132254412056769896e-03
5.772893394944090747e-03
6.530894860898570943e-04
2.401163270199602705e-03
9.646950106790383450e-03
1.447027473753149593e-03
3.270779794015602534e-03
1.334926426090155861e-02
1.175522489418749997e-02
1.295236095076985955e-03
1.360014390582454068e-03
6.686913921590923425e-03
8.581672700469417103e-03
1.658788088784187223e-02
6.748844301151257080e-03
2.164414211029028548e-02
1.168756394256360506e-02
7.612384039581954719e-04
7.653633505887103006e-03
4.217799343220222583e-03
1.393336370516437203e-03
1.721376582179745193e-02
1.465884154208441786e-03
6.197239421041628865e-04
2.728840176486016511e-03
6.155381536601502515e-03
9.446773896498658618e-04
1.002248238535060482e-02
1.684065317297060715e-02
1.120872720992025645e-02
9.316589384544554306e-03
1.537192073500323261e-02
8.784604100793243220e-03
1.212761981501020263e-02
1.418482510408660725e-02
6.401292745222236617e-03
1.863193584198742647e-02
3.525828727984087890e-04
5.488949749643061947e-03
3.927495098894467906e-02
1.359682252919111774e-02
1.851194089158231942e-02
1.055967604239960861e-02
7.053113425488338750e-03
5.834529340093541627e-03
5.394748382474652201e-03
7.883023143022593188e-03
9.423388830456349077e-03
1.947759288489092286e-02
5.572700560718639798e-03
7.290623824572827101e-03
2.617317133997629913e-03
2.699489016265184307e-03
2.579511022116396865e-02
1.002086586967933582e-02
1.004424547590525730e-03
1.184758491172581418e-02
6.349659461872002135e-03
6.603494198514367822e-04
3.659269672599802653e-02
4.838924426002486068e-02
3.020564975632747742e-02
1.553938662054860260e-02
7.457784519812152811e-03
5.719083072629870673e-03
1.892529864075952889e-02
9.257879985928923680e-03
1.150519443189500918e-02
1.219162710028625154e-02
3.631202331370511367e-03
2.629977788887935888e-02
2.378735292924443259e-02
1.907296629328641621e-02
6.068385631897309576e-03
1.350151912263906039e-02
9.710069294330433282e-03
6.961362469866000727e-03
5.724041061412762921e-03
1.034793291174485041e-02
1.107178202325387328e-02
4.832888058975096969e-03
4.442235182664009893e-03
4.626222249813495557e-03
5.420951158369123613e-03
3.701321928978464071e-03
1.837263570252971670e-02
2.375763168274679787e-02
7.252155082003862614e-03
3.799555960389596008e-03
4.417764731962403255e-03
2.210826582269135622e-03
1.176522599904250392e-02
6.171462746283008782e-02
2.438249189236578462e-02
1.312359591215997087e-02
2.027562672765665340e-03
5.607178509799311261e-03
2.251471908572221479e-03
1.229576662875004819e-02
9.990011538268913846e-03
9.756206063066350659e-05
1.273154909841633584e-02
3.573879823420106350e-02
1.338016730331246032e-02
1.138728984018162749e-02
3.173253112890852060e-03
1.528135004223547463e-02
3.011038182476287808e-02
8.699466480174524591e-03
5.847567188446664219e-03
9.135993701905147091e-03
1.210585422117742629e-02
3.093646262656517439e-03
1.109807279852385170e-02
3.732171502327399221e-02
9.560247351448059039e-03
6.040362924128971772e-03
1.291079372626920477e-02
1.924516042567262636e-02
1.241464598526146115e-02
3.184019608045113997e-03
8.896433233953230518e-03
8.753871545227550482e-03
3.102020560143654154e-03
3.141553392609574419e-02
1.516679097587789529e-02
4.567535310786305369e-02
3.198423890409790972e-04
7.018676903113027672e-03
4.988544589174094199e-03
5.707659879072740292e-03
8.901062185861709219e-03
5.161032770620538161e-04
2.490198770511502582e-02
2.159359480289035210e-02
4.798080902494594388e-03
7.155238724265359888e-03
8.399632226043472760e-04
4.610397228033046024e-03
1.891690784795335353e-02
1.468903206331446769e-02
3.165185215828694048e-04
2.237121415454438114e-03
8.874628826732225070e-03
2.822994925629203171e-03
1.774755515540695026e-03
1.963287582207685206e-02
1.984261221271749892e-02
3.279880679542304146e-03
2.253030867671176884e-02
7.901604198655867370e-03
4.799181950827518736e-03
4.434311125693324480e-03
5.782892266377107418e-03
1.014481879555236693e-02
8.243869536335741034e-04
7.490043001311751970e-03
4.409073555286090879e-04
5.269513336837254591e-02
7.457433129689093956e-03
3.907815474903320041e-03
1.860682460855459268e-03
5.871416906415833845e-03
6.018190237196898926e-03
1.188564239017237886e-03
4.538310132068268041e-03
7.853829366313300545e-03
7.989847208519279542e-03
9.536113247864798706e-03
1.533315305188722236e-02
3.217449908574436870e-03
2.657218296785320705e-02
1.778313719992972997e-02
1.722813833816925350e-05
1.155964433976704522e-02
1.295052308092610807e-02
6.744475767423241050e-03
1.276585301075040119e-03
7.356338439217704334e-03
9.941175095771904308e-03
2.967292643647065613e-03
5.039480784812255809e-04
2.304117340155537475e-03
1.289365229412263274e-03
3.414394680126936390e-03
5.709650541647149150e-03
1.142445490019139767e-02
3.238148172629635568e-03
1.062719431474751708e-03
9.731929120196849275e-03
1.444943189595494087e-02
1.352758766611125360e-02
1.273077247090341306e-03
1.014069656402898263e-02
1.613623610433305433e-02
8.622443843258262297e-03
5.593658768452639679e-04
7.011797404920446300e-03
2.075238990855582388e-02
8.237430716924924387e-03
3.788557606529797429e-03
7.511802464629139565e-03
5.342945812491768295e-03
1.299831255340233409e-02
3.547133245754838238e-02
2.352651891587366744e-03
1.634890208047390381e-02
2.896186779256544955e-03
7.120932265213290521e-03
5.717955689563201938e-03
1.918957184638315008e-02
9.068656292721660739e-03
1.577993497000176014e-03
1.114981055701883168e-02
8.955945230839366597e-03
8.103545996565824847e-03
9.910100975135524223e-03
1.152901534746373149e-02
1.352790963897752829e-03
1.017304030215324985e-02
4.986682568819248741e-04
2.685164492937167080e-04
1.593497874084335783e-02
1.955238804008344045e-03
1.910228029522764367e-03
4.374891335322199371e-03
2.598343410983753460e-02
7.397544360818399285e-03
2.135217088105613101e-03
3.529005495429338168e-03
3.418993711055831608e-02
2.474082703081052770e-02
7.960228345755607920e-03
5.921253954418627050e-03
2.257378831479413955e-03
3.015466703072583812e-02
1.141126095903335913e-02
5.184120798800942453e-03
2.108648498391624965e-02
3.429383510122075481e-03
5.759426430525371211e-03
1.032129233054330554e-02
2.845504587607943642e-02
1.311935083029917501e-02
1.583238455087467760e-03
1.540594959007163603e-02
6.165542617166265560e-03
1.599637197091791779e-02
1.234228604598197263e-02
7.436581816948202930e-03
5.574458236993986085e-03
1.710865270611599404e-02
4.349029825021014095e-04
1.111179194507940253e-03
2.213328851120155427e-02
5.122353666967578018e-04
4.080327716493502982e-02
3.491045993857663787e-02
2.469896860093145213e-02
4.278890980602793881e-03
7.933122807384397970e-03
4.872477044950565897e-04
2.158906229398661891e-02
8.909437690899746354e-03
6.623304066681919532e-03
2.229938818453445007e-02
4.096995080141111606e-03
4.008971245101871500e-02
4.009858539796495522e-03
1.420792758989105481e-02
1.880903572849704480e-03
4.595673911743765327e-03
4.057547688765674593e-03
1.518482361434643664e-02
2.740427934359408041e-02
3.791582149536589647e-03
1.772784648124521838e-03
7.731925636878236516e-04
3.084549947510960982e-03
1.497452778976411398e-03
9.654651987595547213e-03
1.678539973018016145e-03
7.632665590238197142e-03
1.508641577505908001e-02
3.405970094427553801e-04
4.662180651534428982e-03
7.644848069500179144e-02
5.942915026195863190e-03
6.785501289744468208e-03
6.223413636758995914e-03
2.543720839491898054e-03
2.203930648695095335e-02
1.060572447169646527e-02
1.630651892573128578e-03
8.997324896128410313e-03
1.005369113271107825e-02
1.120701812088608675e-02
4.469486979068168497e-02
8.892712557342925817e-03
4.719428817968692597e-02
7.407564236248387335e-03
1.550885973491166608e-02
2.897860926361249881e-02
2.202912924157574698e-04
3.427556254452415740e-03
2.133401904548675593e-03
9.646612199101640278e-03
1.455409935301740093e-02
2.728071514832930075e-03
4.941040695051344446e-03
4.799534195853969593e-03
5.887401485133805096e-03
1.269798687509456070e-02
1.861642925773036861e-02
9.742855906779784858e-03
2.539824772527469326e-02
9.276292396247137750e-03
1.831713935782158797e-03
3.184814656323732562e-02
2.621915104248987577e-02
1.013710898873087379e-02
9.829317679219498963e-03
1.423809638426102100e-02
4.645439499284824414e-02
1.979400248123903971e-02
2.948476906043907657e-03
2.286983010806139388e-02
9.850678620107661265e-03
1.134873269019761113e-02
2.653449653236952810e-02
2.254969003817693107e-02
4.448291791904915304e-02
1.267101077836115322e-02
2.432752926364355889e-02
2.276017350017315449e-03
1.269939336781241053e-02
2.352972021251092949e-03
4.465373922342445387e-03
1.716611294311017749e-02
9.038820395808236374e-03
1.954092348615994387e-02
2.372677680655098809e-03
1.030321644478809570e-02
1.037352372921972535e-02
3.745874030842156338e-02
3.909969322875846837e-02
9.414115027286571249e-03
1.356190834231425432e-02
3.955796932555162571e-03
2.470562879540704609e-02
1.515569126927542899e-02
2.154851120120087823e-02
1.911835806193456014e-02
5.038567999226806204e-02
3.704339349128296655e-03
8.134181323547595710e-03
4.733551160793458834e-02
6.114170716634040673e-03
1.386407702134799004e-02
2.041562251685618765e-03
7.481916384311955437e-03
3.564443604488277614e-03
5.802727061401612152e-02
8.647968132645879324e-03
2.937032072307039360e-02
3.099937955015874894e-02
1.458558035448793457e-02
3.908492311161609889e-03
7.810171835840248877e-04
3.137941350098115423e-04
1.585919911145501626e-02
1.895844457067766275e-02
1.657820586888709979e-02
1.213765052947978623e-02
3.804896674122568850e-03
4.987251777923017507e-03
1.131437304742400132e-02
1.799574093847804493e-02
1.083190896701308713e-02
2.514864258098241379e-02
1.015462703577907702e-02
3.768565168551724076e-02
2.080312762493607276e-02
1.288481695342631305e-03
2.681083911864570735e-02
4.326562872553105232e-02
3.539804149834523822e-03
1.612556646654296835e-02
2.429569913224583974e-02
2.025187327102641321e-03
9.730258663209999381e-04
3.197051794339803368e-03
1.593566005164530688e-02
2.492976105326174911e-03
1.593020451970943857e-02
2.055753415863847272e-03
2.116831669248595005e-02
6.512419615704387321e-02
3.362499965218198467e-03
1.770572679385128828e-02
1.589037525505255372e-02
1.880513581186587027e-05
6.212079440282410048e-03
9.709609933687055744e-03
1.546990916823316568e-02
9.805764373615969559e-04
3.370531501514148313e-03
4.259423874803713872e-03
1.875814813110819601e-02
2.343937615494015581e-02
2.097195548735297441e-02
1.834551204409417408e-02
2.993240397115781368e-02
9.860945333024683651e-03
2.044289019690925455e-02
6.708952608130764293e-03
4.244588819529450385e-02
1.608922781585120365e-02
4.930251521161206282e-03
9.167261815273285847e-03
2.571477716475811803e-03
4.875130176305514373e-02
1.049821336963392866e-02
3.689982397672268016e-03
1.248221026504736826e-02
3.269003227001733743e-03
8.459640180509337554e-03
1.272537361981193084e-02
3.852328871581077625e-03
7.434488021694046767e-02
1.521262485117269581e-02
2.910318114362645328e-02
1.320644934039587153e-02
2.484009941860726260e-03
3.475800460392123453e-02
9.107490536589928076e-03
1.561329023330921585e-03
5.403702769832385150e-04
1.126047624686676157e-02
1.581363898311888283e-02
4.300505755463376878e-02
7.021748712874821552e-02
1.823533260069172806e-03
1.414644510602455427e-02
8.748410939840512573e-03
6.293264527347982792e-03
1.650835118602912450e-03
1.190082869016077707e-03
4.996910923052850367e-02
4.653520885824997955e-03
1.500814654010144923e-03
3.072434626985575193e-02
2.361142307180115474e-02
4.521671414086630980e-02
6.895389927238374655e-03
9.430952638897432613e-03
1.128417996804759876e-02
4.549992592274207208e-03
9.023793694575064570e-03
1.341764927787890416e-03
3.202640195391566469e-02
4.354057625721980546e-02
1.420938583471675898e-02
1.549211721747540196e-02
3.276204612482490341e-02
2.684327351961301924e-03
7.004977580793199897e-03
5.620006405686479509e-03
3.806458886044486456e-03
5.427530488063075052e-03
6.525139442387670879e-03
7.908510297601062389e-03
1.634634637962682768e-02
4.654200491684284957e-02
1.910447180855126461e-03
1.226132350012409077e-02
6.613558800248061677e-03
1.207706619057542438e-02
1.390342744571184362e-02
3.858707012002083464e-02
3.376123995641715225e-02
6.455005054071516132e-03
9.456902264399240018e-04
4.003639938495291012e-02
8.755981611576438717e-04
5.031142777624306173e-02
2.039122959643123109e-02
2.951731132227108576e-02
1.849883264877291017e-02
1.180165634365069015e-02
1.145318511714807710e-02
1.048924407843057453e-02
3.386821864355457623e-02
1.817851237721727908e-02
1.145309417203332902e-02
1.305385610822720061e-02
2.863818141898616387e-02
1.182103266972812233e-02
9.728293387245984247e-03
3.596521239483316083e-03
2.374010773295408272e-02
2.705643487164057642e-02
2.049625072805506473e-02
1.887420449214744292e-03
2.832209426352703258e-02
2.008607835634440911e-02
3.460643718977305869e-04
2.687131534564830490e-03
2.233393245060975169e-03
8.166078671082831891e-03
6.393533797591555157e-02
1.624566020809684735e-02
1.468421415045343022e-02
2.312733254068020938e-03
1.083358371715367752e-02
2.942801270709688444e-02
1.028059332188629299e-02
8.570126114838714018e-03
2.302376216643552999e-03
1.368618130982952180e-03
2.309565304018078996e-02
2.517060066433237514e-02
4.336527381364569875e-03
2.865194807471161710e-03
6.643844927450632230e-03
2.887832053808805401e-03
5.993726377195723876e-03
9.552068944272440118e-03
5.457487074708414210e-02
4.437195550353061416e-03
3.753851904098889393e-03
4.358608420430022320e-03
1.520359136298557456e-02
2.370928715249463834e-03
9.073671873596486984e-03
6.542744916640631098e-03
2.181867536763458515e-02
1.102315295261472802e-02
4.718431318124051768e-04
9.568527399480077772e-03
1.337536722522088620e-02
5.237152583004261314e-03
2.482190322602158099e-03
1.053947137820589013e-02
2.415292549583330541e-03
3.868956150362527768e-04
2.331706975635173401e-02
1.886186371845159984e-02
6.246892935263328138e-03
1.116702079028629446e-02
7.199590387321551203e-03
2.851199939676064832e-04
2.946355539628094794e-02
2.380302711665511356e-02
7.597507887292190981e-03
5.262870400954919661e-03
1.039157516282780518e-02
8.298607133720558443e-04
1.273227983580400326e-02
4.021766330984230878e-03
2.381163010635513333e-02
1.182360881835945940e-02
3.336584360635177354e-02
4.795504007969343847e-03
8.364486131449196116e-03
4.171820631658848186e-03
3.026085912200004308e-02
3.435463661619705782e-03
5.295982301400397468e-02
4.357238119836201462e-02
2.727974752287975167e-03
1.456879258511466040e-02
7.313354894202898568e-03
2.658983910869112087e-03
1.789094173781583929e-03
4.878040400072086724e-02
1.916535874278611773e-03
3.582445797406135987e-03
2.285420240620706853e-02
4.801701337235605993e-03
1.112276990323931604e-02
1.476458412690918008e-02
1.540631136838041364e-02
1.093384557177603036e-02
3.060727695789670910e-02
3.638095994662638583e-02
1.715542727361026032e-02
5.890989884712125729e-04
2.744006283885935121e-02
1.303395653990914753e-03
8.537712047312981042e-03
3.032797444616201765e-03
6.894090764693230899e-03
2.575544934569913569e-03
3.444913196923114762e-02
4.892539591974935653e-03
1.460669376256891298e-02
1.109770353074353982e-02
2.932746302624634083e-03
1.226215919790108085e-02
1.834312514298058056e-02
4.029293105325065100e-02
3.480344430167954875e-03
6.464300705958658799e-04
5.982850180116697225e-03
4.701943477401611393e-03
7.534933571172828387e-03
2.657219992467135805e-02
1.669275574073790860e-02
3.226075322611543506e-04
1.331164523830613350e-03
1.517737866686013834e-02
1.805276174820096696e-02
6.563812696841822558e-03
1.677028759724644158e-02
5.662062066305018591e-04
3.695799847369474200e-02
3.104258415622016768e-03
1.113684457348601727e-02
3.864000056627995075e-04
1.991516531929690345e-02
1.676806129976777041e-03
1.100068328360902584e-02
3.314131420987997175e-03
3.113544626345594521e-03
8.625848041686489526e-03
1.532983927919429404e-02
1.564732402514118492e-02
3.385885787828114141e-02
7.240333519076245367e-03
3.211907655434702129e-03
9.777083886390491169e-03
3.250836933677229978e-02
3.546327385583466357e-03
1.078167979242267496e-02
1.299036081902307273e-02
7.019803221189414681e-03
8.123248193043471413e-03
1.940281805322245645e-02
1.629265405359911836e-02
2.612649021633784222e-02
2.661969558084833695e-04
1.735750855566205869e-03
2.595271203035279250e-03
8.992694665941766002e-03
1.380709284158128033e-02
6.425609906619509162e-03
3.175126998505936604e-02
9.795274729224083543e-03
1.228769635264151741e-02
1.254517679664495650e-02
6.950299014341826398e-03
1.933572404469243930e-02
5.024026733544668596e-03
3.671115728194766607e-03
3.326982409453602130e-04
1.166588678704825067e-03
8.506702215216186552e-03
3.857563229167733365e-02
1.511445120547109423e-02
2.305753223252732936e-02
4.419806289816237063e-03
9.974673085278199305e-03
9.540278715252648034e-04
3.087624230310946280e-02
2.220592469797937410e-02
1.316418374407993946e-03
2.518274388614026235e-02
1.534581915173881955e-02
1.940264392338895624e-02
1.062062649848177082e-02
5.178486476270918043e-03
2.127043086560903226e-02
4.709801686502907044e-03
1.658172321719700304e-02
2.653029114632464436e-03
7.201237001787982178e-04
6.832378134629890631e-03
1.386478498942344487e-03
4.908437207420797421e-02
7.753459368081111469e-03
6.729684814865011938e-04
1.015767301028449449e-02
1.155997351969353937e-02
1.091398365891767990e-04
2.154996932371293361e-02
3.623833020286306404e-03
5.391308627110396635e-03
1.340915717434855957e-02
6.903193728573952213e-03
3.992305128066472170e-02
7.932234660757458977e-03
3.840640005134917431e-03
9.202077567694972107e-03
2.827114746083406790e-03
4.086038054608454213e-03
1.598281903205625576e-02
3.091809632387108875e-02
9.424615533635608694e-03
5.693758698053144607e-02
1.795769205151188930e-02
1.946581555439128031e-02
2.353881233259057584e-02
9.496482389485066261e-03
1.188077236589531009e-03
5.744252131401967471e-03
2.384448715794632717e-03
5.530543614359992310e-03
3.280703899843969568e-03
2.284645811401723667e-03
1.749123656630474991e-02
1.517309692965428114e-02
1.359801049316436417e-02
2.818124514315338558e-04
1.150051419639702005e-02
7.681799009657975380e-03
3.185521619807489373e-03
5.469613636565947429e-03
1.181694210022509080e-02
8.264828603586526351e-03
1.633908556262260794e-02
1.640008328319120939e-02
2.394909741681675031e-03
1.677985774100820837e-02
1.156258435869757240e-04
5.799825239761585358e-03
2.752907705037901942e-03
1.429944596447128499e-02
3.889257381180327017e-03
2.162110926093523122e-02
1.096872545707094568e-03
5.127814149468151034e-02
1.135482360978563865e-02
2.755584532299926170e-02
2.482460131410594087e-02
5.749066831492030336e-03
1.437915158371999569e-02
1.804641809196802504e-03
1.373982800051635512e-02
2.361134870085083298e-02
4.391555751970968244e-03
9.659014869359482461e-03
4.753669746899974458e-02
8.395263221998147327e-04
2.240051873209757127e-02
3.328667548211910326e-04
8.792196780607625800e-04
1.824988235560232736e-02
1.393306973296169760e-03
2.991651747316845245e-04
1.160562610006440551e-02
2.839053923684485559e-02
8.021470468420784095e-03
2.227276049502598110e-02
1.219684504023405697e-02
1.340711823264607513e-02
4.182897793112720988e-03
5.521037424619552533e-03
2.050400838992365998e-04
7.601451905937204982e-03
1.847234287306756409e-03
3.134547087639843327e-02
6.076015394906046814e-03
1.958225614013143698e-02
5.052382025622873668e-02
2.546518707255813335e-02
1.751853532543175967e-02
1.317377661015447544e-02
3.563436057288593001e-02
4.252870988992897734e-03
1.151054515067538933e-02
7.701722459565374726e-03
1.366013632923577603e-03
2.204191480752559079e-02
2.208880825848564405e-02
4.283167395295012052e-03
2.235577326425122746e-02
6.317132956692658730e-03
5.631819923940571335e-03
3.458989604533568157e-02
2.282322699424882417e-03
4.865642968999569704e-03
3.478807031577016429e-02
1.038401128694133729e-02
5.429643161656048413e-03
2.331281203980812081e-02
3.973716995003089003e-04
1.292257295122001270e-02
3.273630998535184689e-05
1.354587965984085235e-03
5.483720966639560150e-03
2.173560158292937861e-02
3.305534158993342960e-03
7.835449096732594043e-02
4.298921106510445247e-03
4.851110657155155437e-03
4.183691257230285482e-02
2.064084587002360666e-02
3.944375059574296849e-03
5.797449333141151476e-03
1.548821439410825659e-02
1.396417159941384760e-02
6.826334911363042199e-03
1.228893717464009036e-02
4.367454395467177015e-03
3.873509573830657970e-02
9.680032785499436201e-03
5.248015280375315818e-03
1.221315150209775074e-02
1.688710872255583251e-03
1.794032026270620667e-02
1.944958258999112538e-02
1.160139335583051934e-03
1.419961513239620388e-02
7.953458194513891161e-03
1.199014731102666757e-02
9.406732258094510288e-03
1.591361638539033271e-02
1.642458169432651355e-03
3.903674871293203157e-03
8.410600587152129715e-03
1.286255852990254855e-02
1.104091269357181451e-02
2.204375051276714209e-02
1.327345114146929496e-02
4.247946349722964143e-02
4.899080390433806914e-03
2.151310108317129599e-03
2.023518960020944876e-02
1.349960704906649246e-02
9.194791387630636692e-03
9.302928537351852489e-03
2.167139149279961874e-02
4.319293192470625466e-03
1.482249666534488780e-03
7.956935795398970696e-03
4.220017229348394829e-03
3.384169796685974896e-02
1.169622049992862650e-03
1.280915734061250462e-03
6.723504789375959502e-03
1.382715964774806558e-02
2.308060224648797454e-02
3.112392859818133989e-02
2.806909471616813104e-02
1.320107165302760593e-02
1.854356835710922052e-02
5.676390675191544943e-03
1.560721402037193624e-03
4.922358935849182812e-03
1.568214649886957163e-02
2.629513722702496795e-03
3.362673857500495574e-03
4.113377619533167481e-03
1.474026639451778489e-02
2.414317145798877684e-02
1.032316769178318050e-02
1.605686153625489332e-02
1.541522347165712875e-03
5.411148078699246078e-03
1.609547402373525879e-02
1.358610644303821779e-03
9.220010174976256412e-03
1.395733761606584612e-02
2.378158392000646361e-03
5.053375876501846505e-03
5.581575302933541177e-03
6.950518774764848778e-03
5.205585915846041786e-03
1.233660900383510249e-02
5.153546068694531135e-07
1.710331561429232969e-02
9.735559031021114029e-03
4.685474999257590104e-03
2.844971059978698615e-04
1.209462332771134990e-02
1.073934763707262707e-02
1.753709963068931675e-03
3.333947590461550092e-02
2.267691223691078312e-02
1.315681304071530944e-03
8.549331696350657983e-03
7.937284197912179012e-03
7.643480603981298374e-03
2.125885408534074206e-02
6.035534866062107831e-03
6.662472522026728280e-03
2.771946741152164773e-02
1.258657991342244237e-02
6.078166012327656555e-03
5.317406579823120288e-03
2.739182897218620655e-02
2.664862635256503264e-03
5.696858265548179756e-04
6.791535805985100729e-04
4.984894422565918151e-03
5.761593117024453245e-03
8.957930287155058645e-04
1.924151067099798967e-02
2.231183698287140214e-03
8.377994373893889526e-03
2.747994491489444413e-02
5.068651331318371582e-04
1.360772135395140608e-02
7.583115126512979427e-04
4.289317581438792035e-03
1.960131035462301871e-02
2.350615495294215707e-02
2.472641856390475276e-03
2.632584865109544644e-03
3.861459455963252990e-02
2.605385098295217444e-02
3.345034661146937746e-03
2.319414572080449877e-02
1.530368925133888816e-03
1.648459362977287845e-02
4.924614056894460398e-03
8.605713605969837754e-04
1.765151754831222400e-02
3.986000931820879445e-02
6.381660687522834607e-03
8.269812917710570380e-04
1.360670967504443857e-02
8.303824746673880292e-03
2.772133094369897723e-03
5.583641915114192188e-03
4.421360299120345727e-03
8.083348994232346374e-05
7.034301239515206028e-04
9.248608083683301784e-03
1.510662346242170641e-02
8.097244029103731547e-03
3.109564143676805253e-03
1.814185558661066469e-02
5.472715739459871331e-03
1.505624503263599916e-02
6.617584686277284273e-03
8.694111537497304504e-04
7.572215029951277765e-03
1.638124934392251250e-02
3.043602801740129867e-03
5.119128118136387524e-03
3.754596440996359023e-03
1.861874692846270801e-02
1.011451197732556734e-02
2.536341354621535205e-02
1.544916407870116845e-02
3.570328084275694452e-02
9.844359659164643450e-03
7.261420057679114290e-03
1.445707766432632879e-02
9.741141772119508990e-03
7.813407676698427839e-04
4.621483681559795595e-04
8.207259655804044485e-03
2.383205261165467076e-03
2.079596613637076444e-03
6.091309003885108861e-03
1.581140777412198134e-02
9.006348692625851596e-03
2.375877270468272108e-03
2.698962587861219835e-03
7.330586778269477556e-04
4.596011402938256218e-04
9.834152636899459038e-03
2.328396779965566377e-02
1.400510592504800728e-02
7.545432030596779804e-03
3.025736152988048669e-03
1.010945288625296479e-04
7.912551551448753287e-03
3.064181039205112964e-02
7.599075073345958921e-03
2.480973816784188928e-03
4.751282020301637876e-03
2.630263965625264516e-03
1.004975601359576511e-02
4.004826003214981278e-02
9.314636058627675033e-03
3.074838743439239214e-02
2.783460149737065816e-03
2.834262440066295796e-02
1.616616330513873795e-02
7.765487330600954335e-03
6.889634771067919966e-03
9.971305427111394615e-03
1.731135950790713487e-02
1.194468839894814206e-02
2.454186139943868254e-03
8.071948290625179101e-03
1.281258528025211972e-02
4.214003455086698380e-03
1.052184080848592163e-02
1.944053532609544416e-03
9.993632894118611304e-03
6.735095278961478887e-04
1.080906036891677614e-02
1.565396991932075516e-02
1.359512394799413174e-02
2.236418580641467632e-03
8.124393032345534824e-03
9.713413434034486038e-04
1.304436785156470185e-03
3.376509787643641042e-02
2.165883579601943915e-02
6.081696278517280570e-03
4.494022278260538170e-03
6.226570360968013140e-03
5.781464991723026664e-03
1.583413134193913455e-02
1.374624412581175459e-02
3.557208698835976485e-02
7.450431120261370721e-03
2.812254788295355870e-02
7.613562743398755682e-03
2.296481040399409729e-02
7.211224565236915018e-04
3.625057293444977624e-03
1.307581828157066903e-02
2.269657708634019791e-02
2.690383748212250153e-03
1.714513844931214379e-02
1.213668588983758331e-02
1.348819789635408292e-03
2.078482927058127733e-04
3.731324549719417395e-03
1.524777128665850620e-02
2.741663475303019251e-03
2.496215275140410000e-02
3.420519102296461222e-02
7.310261365569495004e-03
6.363556192708383352e-03
8.875697135983752137e-03
1.972883442318048436e-03
2.091368190059227170e-03
8.833241428320821875e-03
1.617757417717100715e-02
4.458862806136437186e-03
5.384795089836040896e-04
6.507122310475833143e-03
7.081987748841665417e-04
1.979944943868223312e-02
9.751584616304893177e-04
2.746845132950331489e-02
6.640627002707476245e-03
2.340632710133574990e-02
6.524056958699992956e-03
1.348372157015505224e-03
4.953110420416653031e-04
6.146864838120441252e-03
1.738169295683595836e-02
5.143774892755096501e-02
2.081740086550297204e-03
2.964263793550959286e-03
3.899777718754321443e-02
1.220341738633611700e-02
4.948651917015924658e-04
1.386801010080110884e-02
4.230527139062684877e-02
6.671632268570785659e-03
1.863934735470903700e-02
3.094935580024058344e-02
3.800991443602269593e-03
7.187670583326953577e-02
1.377985980848262394e-03
8.359610097983635052e-03
6.357597020878917940e-03
1.080369761734261032e-03
1.398946219264899857e-02
3.699071527493989417e-03
7.099997094615540481e-03
5.805323915197837040e-03
1.914572490907248681e-03
2.181309051814540531e-02
4.035167840385041164e-03
6.650212681966649782e-03
5.042872178548762907e-03
3.072494166768915611e-02
1.071052826215845855e-02
3.724418088784905816e-03
1.071517184625130417e-03
1.830836626349602141e-03
1.034273148123157973e-02
3.762668434626449676e-02
4.578953780676471574e-03
4.399340399826069670e-03
1.291360029623996042e-02
1.473496039216428723e-02
2.667781522199672538e-03
5.894187403526499058e-03
3.274314103438554641e-02
1.002240661754901646e-02
1.486385591487783889e-02
4.009500385970751063e-03
9.103629716193956806e-04
3.186235114659072276e-02
1.305657515629429560e-03
7.850980045584897427e-03
4.501465974816581256e-03
9.629100972577705683e-03
2.724724488499499081e-03
1.306035481601499834e-02
4.350894027092221811e-03
5.479416012851189705e-03
2.727848901783822347e-02
3.368655677095223205e-02
4.256323931773244723e-03
6.889121668855203648e-03
5.937906066409016914e-03
1.915755538944736991e-02
1.327721970787705194e-02
1.633832498724367005e-02
6.846064266662792337e-03
1.274084478106860506e-02
6.425177015358162456e-03
1.926948544841325384e-02
4.298950876465181849e-03
2.291500250308821981e-03
1.518359265877508926e-02
1.369044222264122201e-02
7.491120813965471831e-03
1.462685415614312437e-02
7.165842320233543200e-03
1.150676802942586854e-02
