3.149211120567328437e-01
8.101563625160887461e-03
3.139570797900429477e-01
1.552134550275877656e-01
2.608467241575856965e-01
7.736840146049282774e-02
1.949969205935971339e-01
2.682420596748719688e-01
1.360057505720442539e-02
9.574922726887018232e-02
2.169282247302745104e-02
2.684972650032914632e-01
2.514711936971383288e-01
1.804504834964482107e-01
1.242127681477712131e-01
5.484728282858397641e-03
1.877275774884048787e-01
1.614907635339266068e-03
3.575424643206082109e-02
1.996008340756588728e-02
2.779434714463808742e-01
2.161863323900345690e-01
1.679265880587576532e-01
3.519927975209832111e-03
1.914635337949777139e-02
1.743972701711889520e-02
3.136155101910871879e-01
2.540797376932062146e-02
1.015396853030311186e-01
1.061278681710999330e-02
7.521351605933612738e-02
8.830309579301670597e-02
4.761364840981227586e-01
2.768586712360574520e-01
1.795372145267610242e-01
4.499069304264172176e-02
2.106231030338408250e-01
1.168700589751309749e-01
1.270219030379179659e-01
6.216385314136603224e-01
2.857168518424569870e-01
3.485070451164305055e-02
4.475863268695042668e-02
2.121544581802949081e-03
2.548966508476187623e-02
1.399795445673477357e-01
1.838393494924382421e-01
8.069031001895286825e-03
1.509710786992482512e-02
6.669285096647165068e-02
9.741558758631110176e-03
1.759506385752549473e-01
2.163161205967022438e-01
1.362941834184738243e-01
1.933414901969567889e-01
1.884484264378920651e-02
6.999987774541698016e-02
1.435283673469739396e-01
4.341365445223429598e-01
2.676963023602231539e-02
2.334810228968499379e-02
2.957268237892141105e-02
7.551088304430841891e-02
3.693957513169589257e-02
1.064777159083592772e-01
3.500027317549271877e-01
1.221198131252171498e-01
4.110205154219417345e-01
8.898610618208460665e-02
5.580180657231279678e-02
9.981702614848722566e-03
2.463764454835615236e-01
3.526986431364784735e-01
3.161809727317014262e-01
2.539190936014432132e-02
1.527599695784460088e-01
1.454950560461845122e-01
6.327096456445616135e-02
8.660894575954974917e-02
8.344257920089243052e-02
2.166807499423940020e-01
2.206616396184007262e-02
4.870313641139464855e-02
1.238525079962395220e-01
2.403363763801796282e-01
2.035056469555409642e-01
2.313808256616404768e-01
6.171255069555370287e-02
6.597564661233082384e-03
1.309827735247287572e-01
1.690480339325193815e-01
5.531074633988543321e-02
1.356311921684880129e-02
4.071299025477116695e-02
2.861276358464609482e-01
5.912133620094237041e-02
7.922508217201745806e-02
4.585977522697523012e-01
7.106329475882086633e-02
3.050541488151385927e-01
6.845706522381980741e-02
2.213618167720529661e-01
5.123273380267395066e-02
2.517417403865859216e-01
4.291418450525518180e-01
2.850681689539387165e-01
9.998792213542739837e-02
7.101641185640772402e-02
1.873773664228060576e-01
4.309474654449967079e-02
6.018018473446835187e-02
3.095363115276322796e-02
3.991721115635364914e-01
3.669295882250993290e-02
1.096208305648619513e-02
1.028116296040804956e-01
3.339162032251272727e-01
1.802024198247678677e-01
1.145885375139621062e-02
4.227343839351487692e-02
1.703439268314415889e-01
9.008210425768925500e-02
1.370796598083996731e-02
4.270056659140723798e-02
2.693686432312180842e-02
6.886935802180652044e-02
3.270082102358347620e-01
2.797310855077479730e-02
1.624434003777450175e-01
7.422967590075110755e-02
1.081306794212137379e-01
2.784276078959965206e-01
6.457937759566845237e-02
6.173842340573915122e-01
1.090995524820266016e-01
6.840532380682597946e-01
6.433707320732663659e-02
2.425051527070785640e-01
1.659561878372846355e-01
5.828582158657516499e-02
2.104015825629430292e-01
6.263931545235822129e-02
6.169441107771293960e-03
1.488703290483587433e-02
8.082936636860177382e-02
1.251426099320208235e-03
1.251295281468277065e-01
3.707743164379062595e-02
3.122369335635549192e-01
1.632882730875831745e-01
2.692760099181978201e-02
2.594780695272350807e-02
1.397219620189469325e-01
1.515735536059156507e-01
9.890898292126415470e-04
2.640345794700520443e-01
1.191391919409836436e-02
3.870155154697666605e-02
2.265824683418946051e-01
1.762461671056383961e-03
1.294185949894709475e-01
1.911186798412846943e-01
1.342405424342822395e-01
2.823335599681168762e-01
6.674598435958699338e-02
3.861835396203587845e-01
4.310216524389177128e-01
1.985064269844398210e-01
2.546601710818011677e-01
3.968943668774178590e-01
4.795618267728471440e-02
1.233412472749556427e-01
8.798016943962316816e-03
3.699177881878316920e-02
4.238297911049327543e-02
8.501412514396955444e-03
6.679596927892328395e-03
1.149586034924786337e-03
3.874006093959675434e-02
2.883674074038544699e-02
3.077544365946210947e-01
2.675819656369018418e-01
3.270180730966047722e-02
5.071972672539672156e-02
2.948095968663040287e-02
4.644846705349328642e-02
4.548779906348626723e-02
3.875176783665707503e-01
1.359261285240047357e-02
1.246566367753495219e-01
4.628972121214849356e-01
4.552337093931396739e-02
3.993177310807617952e-01
3.010837593746131802e-01
3.855197920890778701e-02
9.336922659796403901e-02
7.081287740540802289e-02
1.807598225369951017e-01
2.321277448615367001e-01
1.547392247119865061e-01
1.227840672878327127e-01
3.449965843764812856e-02
4.206010927083371487e-02
7.608970035643830565e-02
1.563347435102043631e-02
1.927521423873604645e-01
1.096835821017572155e-02
2.376652914495763769e-02
3.305716602865331477e-02
1.433124190210106064e-01
1.137504415901141597e-02
5.604000173227095816e-02
2.891193769329412078e-01
3.061580479819120959e-01
4.082686713253930177e-03
1.097134956335462236e-01
5.950992419166828418e-03
1.722599675275193407e-02
4.253138596322790788e-01
3.611369252367112037e-01
2.959171824984726043e-02
1.061888119592486746e-01
4.946382565145247545e-01
1.563192210402353510e-01
3.760440748016034840e-03
4.676564066458958058e-01
1.155863891410605776e-02
3.760161898247718626e-02
1.336068828244039441e-01
9.347861163444751154e-02
3.863591174445075715e-01
3.913188355265273533e-03
6.881200480165958200e-02
1.037814074315038110e-01
2.106526528734979989e-02
8.186590564566953443e-02
7.735754213277074021e-04
2.240774837605930547e-01
1.176238516001882652e-02
2.312850103613005998e-02
2.229435646690940132e-02
7.684694754817956996e-02
1.158737437155776817e-03
3.746333380080951736e-02
5.461160682556848167e-01
1.486553009777205614e-01
4.672438642392880148e-02
1.435298563419367401e-01
1.146356188496660267e-01
2.855103786013528100e-01
4.260467190709879004e-01
4.056231961781631146e-02
7.607925809084703506e-03
8.369554960240539743e-02
7.117285076842229108e-01
4.458834745305380043e-01
1.838539023823335117e-02
9.336502984078248746e-02
9.623347671065210496e-02
5.057970239057413969e-02
1.452504951788754495e-01
2.831286436249561694e-02
3.735882960361925909e-01
7.728419917235719583e-02
5.388552301698858182e-03
5.869357141232956626e-02
3.554054515761368577e-03
2.058400267356141899e-02
2.643777264606545635e-02
1.227630972440015983e-01
4.886945167043064975e-02
2.277800614163230652e-02
3.369188233138011024e-02
1.700195466436655312e-01
1.488128356571921662e-02
4.517269704631474148e-02
3.213170008564134594e-01
8.927993568992965978e-03
5.103813745095452103e-02
7.251998922409863546e-02
2.104313534080030357e-01
2.784291875242330128e-01
2.133597571679938798e-01
8.284040730741656922e-02
9.157332869947626755e-03
3.378242376815518422e-02
2.888461895597220774e-01
1.321846827800736701e-01
2.254798727957759152e-01
3.337514860402995276e-01
2.648756546244077081e-01
1.959854330491005991e-01
4.601057635589823197e-02
1.146581438851042023e-01
9.087279520899106677e-02
7.188106611563516157e-02
9.168041299933055166e-02
3.000155798049836120e-02
5.843091263187311091e-02
9.862689065092010432e-02
4.017350919001978077e-02
2.905603890964809644e-01
1.045626067825637662e-01
2.656441911668209754e-01
9.216421466210408808e-02
3.471614753497704320e-01
1.584390574846600286e-01
6.102555312912906482e-02
4.153965862196726255e-01
4.473692527963726850e-02
8.814909366876558239e-02
2.833817198420213179e-03
4.038480642911929097e-01
3.980255325579740711e-01
8.778304262135845637e-02
2.605825793733629325e-01
1.545515315064629469e-01
7.121854096334895301e-03
1.334163507327905118e-01
2.274659940424730853e-02
9.801778277145986595e-02
2.290092627660669233e-01
2.161376979790776143e-01
5.523678078880799036e-02
3.019938398654168493e-03
4.115095491611945461e-02
1.969703330898311400e-01
1.820565312357742827e-01
1.483925298601788262e-02
1.534941998273230968e-01
9.400987300422568305e-02
1.506899520803574588e-01
9.316284038366692832e-02
2.589290037764832575e-01
5.991904896009191128e-02
1.017280979217593667e-01
6.056133661086279818e-02
2.137745478422502926e-02
2.365513651142494567e-01
1.678847442390762335e-01
2.873042651624015398e-01
2.915487071531219776e-03
2.617087073534312691e-01
4.643607776129990428e-02
3.990905046494941932e-01
3.474103651321495956e-02
1.306730857486109176e-01
1.665980341633016559e-01
4.482878588427314237e-01
7.725530592976898037e-02
2.487079880557963377e-02
1.256503325738946367e-02
9.831306211024191943e-02
1.467806742240884144e-01
2.159245492504965058e-01
3.040633599971184764e-03
5.225883191471573583e-03
9.219368782807176033e-02
2.042885139716012488e-01
1.520562307638954891e-01
1.125147379892725737e-02
4.089692249648458899e-01
4.667939808827328840e-02
2.705780832242665745e-01
3.238337887796771414e-03
1.829051145476541795e-01
3.367395227949250558e-02
6.515811397757498291e-02
8.916277787305296187e-02
3.279758528085971458e-02
6.337769121632672031e-02
2.193956614716921841e-02
2.851303824778733675e-01
7.124086810736587894e-02
2.775009504382719983e-01
5.420846119639444183e-03
1.597168167295497931e-01
1.001295295120737255e-01
2.929220676220631869e-01
9.023478640481299648e-03
2.718357195323337083e-01
1.660882224214705882e-01
1.533411016442983166e-01
5.113422496076241996e-02
5.641808507313705867e-02
3.396485769033389529e-02
7.326275486538701420e-01
8.816029303589323352e-03
1.274075248226960722e-01
1.385456997718303995e-03
1.192855907221407330e-02
1.232393432473539163e-01
1.422734431363030794e-01
2.559205286801042867e-01
3.228574190737307226e-02
1.148550971388370423e-01
5.472845643153326223e-02
1.162795849303303458e-01
1.042839368219825591e-01
3.337334582120099480e-02
8.976719563102202037e-02
1.729392328914169941e-02
5.607958951615248100e-02
8.533627418892611449e-02
1.628941513516375950e-01
9.142584209614795787e-02
1.111946746398519148e-01
3.373272452955895506e-01
5.625998363370857680e-01
8.818351923623463096e-02
1.764220464915546571e-01
9.826375873007221762e-02
2.643280607524458592e-01
8.763093289933684277e-03
9.006969921652949185e-02
3.823780559151137431e-04
7.992796224311385367e-02
1.501421365568073596e-01
1.422447223537491867e-01
1.093515138786857466e-02
6.895210677519431064e-02
2.585780752849926520e-02
4.372119718348312783e-02
1.631649079009102332e-01
1.708048312457833839e-01
8.106893117477974586e-01
1.309461528075327730e-01
5.799215510634229964e-02
7.362409824371898837e-02
1.802796413403992548e-01
7.845479919694529902e-02
2.927301145359423318e-01
2.381719694562067779e-02
8.162756547284430453e-02
1.001972322294122919e-02
1.810446252978494819e-01
4.573381500223482055e-03
9.071954004932911153e-02
2.979856761110500907e-01
1.999317567638850268e-01
5.514878952376508492e-01
3.348049851376436181e-01
6.429062058148543590e-02
1.040122452483095983e-01
5.644967770881223479e-02
1.179034598486339291e-03
8.273747805556309898e-02
9.162104469077461677e-03
8.885698629861177311e-02
4.155864148131176994e-01
8.447107605881784553e-02
4.222809399014038068e-03
1.366580732282563493e-01
6.131289153204115550e-02
1.567353754531063820e-02
8.795916933511407909e-03
4.461989591344329986e-02
2.933817967874268184e-01
9.334290187516935955e-02
1.280442948369129030e-01
1.734001860359549452e-01
2.887750769497515746e-02
1.127413098840267941e-01
1.364822240541709308e-01
1.006373157696536028e-02
7.676396149338325647e-02
1.193779832351286874e-01
1.577719518680789634e-01
4.049622822231974811e-02
1.946342246033780921e-01
2.769240747518375012e-01
1.040447480465597763e-01
1.453771854787596629e-01
1.482446687123626372e-01
4.324712772943149763e-02
1.059048441583675809e-01
2.968060926439895081e-02
5.777271231585189709e-02
2.844386557556586106e-02
5.154967275562689910e-02
1.982095758734255531e-01
2.165270149203920025e-01
1.249389650106100258e-01
5.451283321885937866e-02
9.131822207824229209e-02
2.196305186172362034e-02
6.406446187177769480e-03
2.495929611392861958e-01
1.161498040242478491e-02
2.905616780930033588e-02
1.468769080883294831e-02
3.371674227018177650e-01
1.243046068184684438e-01
5.831559268606223423e-02
1.336263173355212164e-02
1.332092322304555543e-01
1.847447948967212428e-01
1.142309894481884081e-01
8.156561983194839105e-02
2.168586830673405186e-01
1.384203823573860737e-01
9.705079764902532768e-02
2.972417242312044294e-01
5.130016617585844707e-02
1.257072595585579655e-01
2.532960172812432145e-02
1.616305565879960771e-02
1.236862660262468411e-01
5.298703530323665284e-03
5.930169849139901167e-02
3.458337354135623820e-02
1.595491615460815082e-01
1.590704330753560936e-01
2.445558334538385781e-01
1.232037112627941688e-01
1.023444087264160224e-01
9.328859917539164548e-03
1.345864276652627110e-02
1.284767751173062911e-01
6.757707644209350883e-01
5.479833936052252996e-03
2.343547655077466429e-01
1.769079086390444033e-01
5.092682979285222122e-02
1.952051975527588357e-02
5.832013827734396083e-02
7.929189124183139148e-03
5.195739504087436983e-02
6.663481207577209853e-02
9.228297456335285420e-03
1.242715439443383280e-01
2.951398742857504476e-01
1.003860296117017742e-01
1.116083601133471825e-02
1.031195464939779760e-01
8.247271324386337699e-02
2.619978592178040522e-02
2.208106803174272603e-01
3.207316020915814692e-01
3.847263048726189821e-03
2.448013707131102557e-03
4.612230703608111160e-04
3.559977793622093323e-02
3.777071177343178654e-01
6.991428370755492505e-02
1.228919493936430629e-01
1.479935602456551591e-01
1.217145598724291566e-01
4.572145701790755745e-02
1.452060089273676802e-03
1.323691054191196981e-01
3.254890223901205637e-01
1.263234683162016148e-01
2.488877048603547470e-01
2.235043445270455953e-01
1.186955780632686919e-03
7.407183621952617356e-03
1.280003050229807371e-01
1.695846554722763716e-02
3.709888541649776494e-02
1.201990635429271842e-01
4.635890217900484611e-02
4.644692002798649078e-03
2.321253479015422116e-01
4.146585824520460095e-03
1.012947930722410961e-01
3.187559317266541042e-02
3.862948684350139134e-02
6.856636131505951248e-02
1.498408972556131147e-01
1.673747256571783415e-01
1.697389779474075752e-02
2.190697853826495400e-02
2.315705132302202547e-03
8.996453948519084198e-03
7.518885513420693611e-02
5.180010207218097712e-02
3.450971139895668838e-01
2.278729291868070717e-01
3.940367378479833760e-02
3.538687450183660571e-02
8.625474323005012656e-03
5.254197721112963820e-02
5.856591497383392131e-01
2.196066296034585585e-01
1.687002418188855990e-01
1.697012472597445865e-01
2.930520609622699890e-02
8.807908959202942478e-03
1.294008507591304924e-01
2.264231894144391743e-02
7.507775371548566778e-02
1.833507263487646755e-01
2.149238684610011579e-02
6.531237555915808679e-03
1.711841634845897020e-01
5.134599011544069280e-02
6.873919648467438637e-02
2.309249654526352238e-02
2.095101723410606187e-01
5.098343038404876126e-02
4.829916360722358304e-02
2.851295877243048005e-01
1.626899743733463410e-02
1.488195100083816724e-01
2.829676571176921451e-04
2.176173761390143291e-02
1.120399748889141511e-01
4.806130932892183072e-02
1.784058746377723548e-01
4.566101194184050693e-01
1.126306385771179142e-01
1.683666980175695799e-02
3.564887509829522960e-02
6.473275545495994765e-02
1.366631028831971628e-01
1.364826402709795050e-01
1.644365680215235104e-01
2.525802355170388147e-02
1.191632242921658313e-01
2.877947834376310965e-01
5.920528236575529901e-02
8.231015030347066386e-02
2.403815038121195902e-02
5.835615241215378335e-01
7.742950671927237294e-02
1.502103018914418830e-01
9.996781480827443556e-02
1.218978685643769821e-01
5.344324539813012642e-02
6.168788534804123258e-02
7.717295147445309145e-02
9.368113707414729707e-02
2.226072893924707988e-02
2.724803507928918456e-01
2.168994655685541062e-03
1.228712631573069675e-01
1.744484108590944882e-02
3.415167060175149094e-02
1.593834979940697005e-01
1.225488045788207525e-02
4.136200440328333117e-02
1.636406169038094327e-01
2.311626153039753051e-02
1.993793323939432316e-01
6.562820432717300645e-02
4.909777054544232910e-02
2.934127296473980628e-01
6.326151337476085268e-02
1.498018552608701981e-01
1.093360342590685708e-01
2.967880799869328512e-01
1.271210200044177452e-01
8.353883862737238042e-02
7.719685427157646496e-03
2.340136888603793763e-01
5.598546475590174265e-02
6.528907531120167751e-02
4.387371993550742699e-03
7.651308767003413280e-02
1.343205224378292983e-01
4.094197207801489324e-02
5.110331882182453378e-02
1.085391379002398765e-01
1.215902811977730841e-01
8.119683551345358019e-02
2.579594803622438093e-01
5.153278398429408935e-02
2.788089014577883190e-02
6.081723398689776322e-03
2.388968894727540315e-02
3.582139850602512610e-01
2.558614676408233618e-02
1.441825168181990469e-01
9.478270363910405727e-02
8.738668529432394583e-02
7.772636302830342181e-02
1.096285541032703120e-01
3.329024381988187481e-02
5.945448515052654398e-02
1.502868697855569424e-03
3.521543579965361603e-01
1.303620355315116275e-01
1.830256403222191852e-01
2.279411431924453779e-01
5.694270000031175644e-02
1.009339373501193238e-03
8.432252131682110852e-03
9.893952360819378844e-03
1.814724459139037405e-02
1.688235320123350480e-02
4.740964704155288534e-02
1.803126988000307573e-01
1.288466480803931724e-01
2.332625539191257591e-02
1.815681278410426480e-01
1.691523000992326345e-02
1.620492392132433790e-01
1.775137985300737353e-01
4.931237336083837269e-02
1.309095809585870962e-01
3.608151938284620552e-03
3.766607708729308862e-02
3.980936973909283694e-01
2.579250525983967091e-02
2.224443236886970710e-01
1.643364269035804681e-02
5.046669812032511526e-02
8.955426346485867439e-02
4.546334846071681257e-02
6.248496550680451844e-03
3.739764629343176466e-02
3.226491118901511634e-02
2.574552492183015961e-01
5.183317331661393967e-02
2.955689313573548471e-01
8.596653529677833472e-02
2.879616093143513855e-02
2.228173994718511686e-02
2.920177743383554902e-02
6.446887999132436264e-02
6.583393762931839810e-02
1.257602581897672434e-01
5.263513150761843506e-02
2.624699409464061883e-01
7.476694319467692973e-02
9.715064157430133851e-02
6.380615051168571361e-02
3.606050642765444569e-02
3.531960372512615853e-02
7.695118703052755693e-02
1.501713177755253370e-01
1.189887566603306523e-01
1.011963240893082872e-01
2.824254974690841927e-02
1.682381828262177748e-01
1.248437307517439865e-01
1.733170928906870578e-01
2.014320306671811278e-01
1.695275885396539395e-01
6.310338954694848235e-02
2.114766284969442703e-02
4.059197442831452562e-02
8.496631510153848654e-02
7.213931375921964206e-02
4.649247207079568733e-01
5.650454609361621472e-02
8.248470446393509070e-02
1.438141112284364032e-01
5.416128461365701807e-03
2.145180278192933970e-02
1.497801150289764516e-01
1.638816096121610277e-01
1.691876660898998519e-02
2.441117004462056983e-01
9.973779992340378597e-02
3.414133721805376331e-01
3.208761190057435320e-02
7.557607194166496289e-02
3.480821337944001170e-01
1.903856083988411108e-01
7.470471004437369972e-03
1.322510805346698293e-01
1.388406993910484555e-01
2.433008044352312771e-01
1.634406214551823930e-02
4.800178741433053231e-02
2.472173640948286677e-01
4.842307834890757778e-01
2.808236828166931764e-01
1.731320643805460760e-02
1.028927359184467483e-01
1.867660204021270864e-02
3.350319378540632387e-02
3.110960411669700873e-02
1.065300626029400954e-01
1.946859920854162804e-02
1.523969171113188636e-01
3.088925372004846029e-02
2.286567615416889576e-01
2.967457352637152268e-01
2.124540318449747237e-02
1.041207409482887286e-01
1.861241710676544980e-03
1.424797622274087960e-01
3.276801246692717662e-04
5.434539369628815786e-01
6.738267944841125345e-02
1.053765564084026829e-01
3.987936335556746537e-05
4.811905373626798772e-03
1.426763363786782701e-01
1.754903648702839103e-01
4.290520895983455929e-02
2.737117991804394745e-01
5.642402730549914702e-01
2.247220372939187361e-01
1.646935100845195732e-01
2.013284367193030056e-02
3.090049844225282172e-01
1.982380447464859308e-01
2.719397777617776346e-01
8.600855483518798916e-03
6.856041909822407909e-02
1.112622079646130857e-01
2.642704322197395594e-01
7.483306516190038615e-02
1.381815873042410436e-01
1.326368555204420485e-01
2.722156916684209671e-01
1.173146735437215066e-01
3.758978428213545775e-01
1.337688744989384837e-02
1.326024104392363179e-01
2.923838598543235801e-01
1.893042175023235130e-02
1.424295189513025695e-01
7.640500291105277453e-02
1.852796474397347404e-01
3.369362088444424197e-01
2.419095910138325534e-01
7.271745313406104139e-02
5.205099721643371979e-02
1.714102126585312635e-01
7.470944101893811640e-02
4.472691203450571834e-02
3.993616961432607249e-01
6.247212521424802545e-02
4.540395852421141853e-01
2.435088397989037257e-01
5.612440588346275655e-02
2.401903243700664325e-01
1.910978198985874982e-02
1.613067649320487074e-01
9.618693644241227414e-03
1.460581212052533551e-02
9.312648262049329217e-02
8.901367354567749079e-02
1.234625886572756903e-01
1.222570263195242035e-01
6.663301449620497030e-02
4.796910921180180809e-02
1.051726193172494855e-01
4.111210981091398819e-01
3.248712985144802060e-03
9.926024726153676037e-02
1.769584148385202893e-01
5.527969350803269011e-04
5.446911639087830270e-01
2.186797691127795873e-01
1.262140487072788142e-01
1.837683000534864330e-01
9.060902000233236886e-02
2.749437418493755336e-02
1.488427620622671289e-02
1.214087616431174382e-01
4.102970455252986925e-02
6.215331698560381396e-02
7.315394180964798210e-01
9.518826292999428562e-02
5.758413942048015155e-01
9.424737500325050532e-02
5.833768998603542505e-02
2.987065464038487494e-01
2.986128318986186470e-02
4.056358163024859076e-01
1.352052494159793408e-02
6.403144562010330831e-02
7.313283864012626312e-02
2.051175483915896880e-01
1.661835721185083437e-01
7.807446908918870554e-02
1.370383202741257134e-02
2.094396907652916195e-01
3.457214602888062510e-02
6.617891178248722084e-02
1.747876085799187074e-01
2.908343978788194284e-02
1.753765374594457305e-01
3.003099060814492724e-02
1.972557858251847707e-01
4.920010534832144344e-01
7.779829442608984791e-02
5.496607255681079662e-02
2.264338166911937789e-01
1.096184686566065158e-02
2.067358533666387166e-01
8.729408634617948082e-02
1.976987562296501910e-02
6.557226603637478224e-02
6.994856807558801348e-01
3.026211189633277732e-01
5.760847738877324931e-01
7.685676225100862569e-02
1.927603014979661633e-01
2.339714945982346306e-01
3.921651977323956095e-02
2.114141994080257769e-01
3.141558057232549106e-01
3.017526557729580672e-01
2.483015739026312937e-02
1.001308929220427746e-01
1.153652817964761212e-01
7.539246844037188200e-02
1.120973881366302272e-01
1.001134487039570808e-01
3.822672613008426534e-02
1.582087451522490029e-01
1.634476956572039619e-02
1.343190347385684047e-01
7.468884642796594364e-02
1.221274832032097357e-01
8.914550674602311764e-02
1.161217917555644741e-01
6.075500883767926547e-02
4.417769982277275354e-02
3.515613425189030306e-01
2.665390491851943322e-02
3.007512474949785575e-01
4.157964977585233701e-02
8.736143295097958950e-02
4.524553264886529980e-01
3.481085055555642738e-01
2.583118558875678872e-01
3.048894369403704063e-01
2.364349398921617579e-02
9.968629809573595346e-02
1.444469782677846870e-01
3.041854903233494334e-02
5.328438368861543317e-03
1.537449692827817238e-01
9.414677088650472148e-02
4.580249760395443959e-02
3.053234088614208142e-02
7.695670811777768905e-02
7.635008636683637828e-02
2.774319775604763144e-02
8.976746393955584158e-02
7.275246917863099905e-02
2.810448751800119771e-01
6.918130058611458855e-02
1.947965334050024422e-01
2.885319081000974756e-02
5.727445148078602610e-02
1.842931813152353382e-01
7.290353736175271548e-02
1.341915539076161956e-01
2.500933514778125311e-01
1.875552770633319433e-01
1.396589133794662874e-01
1.789793036469973508e-02
1.055356636515413365e-01
1.345802638509190630e-01
2.011689881097621924e-01
1.584851462639235986e-01
1.131527592125979587e-01
8.351375592120907632e-02
5.631270624733613478e-02
1.013155420536931139e-01
1.111785717110528870e-01
1.170209274012220246e-01
6.696389573440311715e-02
4.556888620310107357e-02
2.195263143765859293e-01
6.993294619916121634e-03
1.039827889958835488e-01
7.605018597553039883e-02
1.275674654110518780e-02
4.038714951279320092e-02
2.252587489130999654e-01
1.861597273078273163e-01
3.464692406650745626e-01
4.247155859153377289e-02
5.221436712479647912e-01
1.962009875120530322e-01
7.559244632000296227e-02
1.223712867005227745e-01
3.686894474561552143e-02
2.110765410113658036e-01
3.849442341103277432e-01
3.868642689045169725e-01
4.778241649576129846e-01
2.575244589198644185e-02
3.571064015561382227e-02
1.342202753403903825e-02
1.277939094556250488e-01
1.476817115005462089e-01
1.930245254836367511e-02
1.605697069801895194e-01
3.959174716772888292e-02
9.353485536371938802e-02
2.967112045437730189e-02
1.069922317377022397e-01
4.373716272681336253e-02
9.880865655351561694e-02
3.169294727380849719e-01
5.833073757673629123e-02
3.225798533744297925e-02
3.634183093661374486e-01
1.057074177203415483e-01
6.807971109869306869e-02
1.044582137231169112e-02
4.276389302128030812e-02
9.093530193450135579e-01
1.811983356390817201e-02
3.662193039023025620e-01
3.854605283131287141e-01
1.461697695510489614e-01
7.899128543959947624e-02
8.869597880388643829e-02
1.634352846799436987e-01
4.129982546543032318e-01
2.692140835310793401e-01
1.511893774625550635e-01
2.551078194805477678e-02
1.840867717702126538e-01
3.808414335169877374e-01
1.000959299819458893e-02
1.199920493859187032e-02
7.976165704069176909e-02
1.056424400217099990e-01
4.236100810286445861e-02
3.376447719629614708e-02
7.191855876781319545e-02
8.408830482664367278e-02
4.215967679304864074e-02
1.459715476926976008e-01
7.967335751450156378e-01
6.143492393448977962e-02
2.122011115703383716e-02
8.415930330809014981e-01
1.061877009657966053e-01
6.160265991701222715e-02
4.023437986552480528e-02
1.275255826627665345e-01
2.358956546534022869e-01
1.914641851555253793e-01
2.464768363981759969e-01
4.879895625732365017e-01
4.043178472084954511e-02
2.189614969943658174e-02
2.697479657732041458e-01
5.400087949493298511e-02
1.988600703625577060e-01
2.706839204616615091e-01
1.347667696222387690e-02
4.919409431283128242e-02
5.124249358641924657e-01
2.727201946205942140e-01
8.756325463315155211e-02
2.289519763405825636e-02
2.972503383844801034e-02
5.245813056683723552e-02
9.766827979959617420e-03
3.616685582403402627e-02
2.741628990662565990e-02
3.079271940635324584e-02
7.753153767417163278e-02
7.335369754699413644e-03
6.021980455994505599e-01
2.257743879934447917e-01
1.600605459682103437e-01
2.584102544383906075e-01
1.323742843047663320e-01
9.303059039696842669e-02
7.258707965739076562e-02
5.551286509291042393e-02
1.034708132424149579e-01
3.879035052016369112e-02
4.953483116915584350e-02
3.618538072488858837e-01
4.867177790853265129e-03
1.677937958048861949e-02
2.101617087436642439e-01
1.381521805688327165e-01
5.304998086044090955e-02
2.580624980414334413e-01
2.231156429157179488e-01
8.676797295824445477e-02
2.287475396536525207e-01
6.099946839575210999e-01
1.276684035805940309e-02
2.394793772392933562e-03
8.007096780804685843e-02
2.527446121241673227e-01
1.136864524434726131e-01
5.962603610251943076e-03
3.196997684037923559e-02
9.002002912458506589e-04
5.402827965535707266e-02
3.891890864398603322e-02
2.797750676951097915e-01
6.222381086864464672e-01
2.830592721496674735e-01
6.242889357932729366e-02
7.130736860731483329e-02
1.658381273033072978e-02
1.211121141959291131e-01
1.049732263805200072e-01
6.508237723840115934e-05
1.217079869013030086e-01
4.463002204052374938e-02
9.752320290181587525e-02
2.282928378209347019e-04
3.563502466294304893e-04
3.817029839288818005e-01
1.640563524311566546e-01
2.170207081254038606e-03
4.234982504047406227e-02
6.003268308515871676e-02
1.746294175041274710e-01
2.825425206039052228e-01
3.041653078292438916e-01
9.128301483145571937e-02
1.521733942654032203e-02
3.042979518728570424e-05
4.412257847322184068e-01
1.073393144714045455e-01
5.996566461169228895e-02
9.636921525985980841e-02
2.761980694462417077e-02
5.100791489401152595e-02
7.810490675439346608e-02
1.769119848719583610e-01
5.134575346269236729e-01
7.199893828763093140e-02
6.887123645751136447e-02
1.985885818446080781e-02
2.928518211344586786e-01
2.687629338949266700e-01
1.861468376067758612e-01
5.437627533886447984e-02
1.441309250148953974e-02
1.887336663855519459e-01
3.600228481083726506e-01
1.403803329234487585e-01
1.488404583747602039e-01
1.253783789042751257e-02
1.532992175656450740e-01
1.658469659396264451e-01
4.328384570342977411e-02
2.742397455143896767e-01
4.326933798341441040e-02
2.121432409812804010e-01
1.081044038452873279e-01
2.230600475016597806e-01
5.412305574141514086e-02
3.718151644761163999e-02
2.616015761311692445e-01
5.219335828623387213e-02
5.825034307626892477e-03
2.796047380016885575e-01
2.877665049369163702e-02
8.779403937375696021e-03
4.859431661692839577e-02
3.517168321684374099e-01
2.671949328802099011e-01
1.765689806597299516e-01
1.775596566775732299e-01
1.258406800593510899e-01
5.437121625252039347e-01
2.114249339135527983e-01
2.295718891555697250e-01
1.430608239237924906e-01
1.452001914992057802e-02
1.199276875414624771e-01
2.198033612924663038e-01
9.952427787957200955e-01
1.709498452267502466e-01
3.353558084895577607e-02
2.594053470029563657e-01
1.215460143401498883e-01
7.636048998993076944e-03
5.231350516302784026e-01
1.048045447146689346e-01
1.487767587363470478e-01
1.711263216218125160e-01
1.091268544217004477e-01
4.513159351615447790e-03
5.580673920048045966e-03
2.844332103226574482e-01
6.206079531142913441e-02
1.068686987195800742e-01
3.327831862423133447e-02
1.602733550653543115e-01
3.311578220038543380e-02
1.467771949170989521e-01
1.377828070780216796e-01
9.127860122557816813e-02
1.103836036311495183e-02
3.880740392254562465e-01
4.614503168423589319e-02
2.326016141363015377e-01
3.881189603242471975e-01
3.049231640172123114e-03
6.299270044651647527e-02
5.015939188997559778e-02
7.264244080636747709e-03
3.255542496194990115e-02
3.579713532001730369e-01
1.987638300065954489e-01
1.198472471088313923e-01
4.039576469849185947e-01
2.615942843131675022e-01
6.110807400614776119e-02
1.822789668152247078e-03
4.960269436430039119e-02
1.517793900595923451e-01
2.858843578522276552e-01
8.684391468055741026e-02
8.002413858951770709e-02
5.998874769105309868e-02
2.837525792838505034e-01
2.632654110826126992e-02
7.701177858636967799e-02
1.067525852044152040e-01
8.851369798599614813e-03
1.066663444185582399e-02
1.956966044637086649e-02
3.517279691602584468e-02
3.114114453880705013e-02
1.189417895613221893e-01
1.402987453915121585e-01
1.125707435890356406e-01
1.840725211008324425e-01
3.846111853726755236e-04
7.341076521745441841e-02
4.611069519189159305e-03
1.337319619098940315e-01
1.820457529128275687e-01
1.051591387690398172e-02
3.292875442903390182e-01
1.802706566552010337e-01
2.099551486421063692e-02
6.689458178604057448e-03
7.093510213325160407e-02
4.865179036453879391e-01
1.518898924539149875e-02
1.823295811825301899e-02
3.584181660267076186e-01
2.944294068108879170e-01
9.934558556087755288e-03
1.304398276096916665e-01
7.242150756014276158e-02
1.489241346367463081e-01
1.413928097538534601e-03
1.643126036281132019e-01
1.183820721679726962e-01
2.735434984832321031e-02
2.343094665894530915e-04
6.385181726434534244e-03
2.820069313049768100e-02
3.554540384284814170e-02
5.175600606135488668e-02
2.119296966950234840e-02
3.013111844453244537e-01
9.549260881221101338e-02
4.747836051986620981e-02
1.584398463599613616e-02
1.152018402809000253e-01
5.536405209587234172e-02
3.734269266700189771e-01
8.647877815951934485e-03
8.401672709248142468e-02
1.901238436961630307e-01
4.276735990937961807e-02
3.150584331507260694e-01
4.235272595330168838e-03
8.302261110637321195e-01
2.724187951698621088e-02
2.916364757525476484e-02
8.004143473949221210e-02
1.261338971510740647e-01
9.036783174255144657e-03
9.737247724002166815e-02
2.007380961814258721e-02
8.522015056384629750e-02
1.161361838425495341e-02
5.445456595292040847e-01
2.793416652420827595e-01
3.558037492314555794e-02
5.568675083289369165e-02
3.791601353211388609e-02
5.093448660858203303e-02
4.982407220871703374e-02
7.559618093516264764e-03
2.021256996406489981e-01
9.091560657318287220e-02
1.265945609551918927e-02
4.692660321135069812e-02
1.269852407190021418e-02
1.508397531070571618e-01
1.808717990196240938e-02
3.396086705995231547e-01
4.147431117337046363e-03
7.814738194915347991e-02
2.361827347787402165e-01
6.797411440347107814e-02
8.358706508778761257e-02
2.600110574676776920e-02
1.981946064656117112e-01
2.385305755001868033e-02
5.518958344278278305e-02
1.224275229912113738e-01
6.200129957317292856e-02
1.121419921201492476e-01
1.234397998497585858e-01
1.031931777275959250e-01
2.430518111438677992e-02
4.561114069262928172e-02
1.945920374435933242e-01
5.374221560539774872e-02
1.249147676543174712e-02
5.918551568255198125e-02
2.021545285978321171e-01
7.440135796541015589e-02
4.564917744319856030e-02
1.985336376369646050e-01
8.081637566241917092e-03
2.251070005844991728e-01
8.432216966142322412e-02
3.681020260070111405e-03
1.064018896442443241e-01
3.649445431316571398e-01
5.475437850978235460e-02
1.418067460211626385e-01
1.436946936217404769e-01
1.864450225506888714e-01
3.156156556970088345e-02
7.413260018990976141e-02
1.281164014027494913e-01
4.780985573813747308e-02
2.435425861860725794e-01
3.784499568495264948e-02
4.081163479890458079e-02
1.476152876451151397e-01
1.524256387031767690e-01
2.586866105351666792e-02
5.574264716362795080e-02
1.083245950084832376e-02
8.242547935561037042e-02
5.317362037119071488e-02
2.381935194010442181e-01
2.680089737115867038e-02
1.096767274598456007e-02
6.431409105748241151e-02
9.142221636272238050e-02
2.484376961573468018e-02
2.789425036177014400e-02
1.258652757647471879e-02
3.114152445394688384e-02
1.663570854239300179e-01
1.917132012677474351e-01
1.453804914803065104e-02
1.607289907548984376e-01
5.990904059502161205e-01
4.604295803594912750e-02
1.407368955339186739e-02
2.875601960653696720e-02
2.589850699432704184e-01
1.886786376284719235e-01
3.418141574948170558e-02
2.190577298400206707e-01
6.553569922737814690e-02
3.775215433190335368e-01
1.394548676611307991e-01
6.177160902434392087e-03
2.914653585679798931e-01
3.430433637769828570e-01
1.651851292216358069e-01
1.939431994626392153e-01
1.258797405019366211e-01
7.665562876656076274e-02
5.355306782668511900e-02
2.474908269049290177e-01
6.658768438614091900e-02
2.368003497996731821e-01
7.676894712515591745e-03
1.336552727243424943e-01
3.220891808018301605e-02
3.719256775237482493e-03
1.348170444525962908e-01
7.099566455656347586e-03
8.066728937995526483e-02
3.222694872338509597e-01
4.884227415842676279e-02
1.186808018887789695e-01
6.166993431262004499e-01
4.145908282076413154e-02
1.028230181072156968e-01
1.827130149974646317e-02
1.933106324380581276e-01
1.259799721185677623e-01
5.017544822743145311e-02
6.407366033709586961e-02
1.508943633306025212e-01
5.996872111274107464e-01
3.705912124463505153e-01
7.405882347214319539e-02
1.517655019530255930e-02
3.393159458148057445e-02
1.200437374907092902e-02
9.177101581232137428e-02
1.114809720724948550e-01
2.988381108371938877e-02
7.045398188490881175e-02
3.182278439749542387e-01
3.219784970733922114e-01
3.818198599961322159e-01
2.178313031653638168e-02
7.395258520054365237e-02
3.069924903338859257e-01
3.069778354430349049e-02
1.186216494492920437e-01
8.225307132706216606e-02
2.817806894291730035e-03
1.211670471696667389e-01
2.155575239893083722e-02
1.252802000080182609e-01
2.918625048468865280e-01
2.024693595454185591e-01
1.239585714456372112e-01
4.600187512462350359e-02
9.140644432976834100e-02
4.409634833265238529e-02
1.026357821837404760e-01
1.249562382605129279e-01
9.715735256213919868e-02
6.724965695523753562e-01
8.257652763449203903e-02
2.194794625803243859e-02
6.304732889113283389e-02
5.115249036223942780e-02
2.463612927147837972e-01
3.326742777147714270e-01
5.339053400702231666e-03
4.834609912255024428e-02
5.685911035975793615e-03
4.900383048706179467e-01
6.367751257201778592e-02
1.710064869994158965e-01
1.892358908388206140e-01
9.607098134646496757e-03
1.670801192044922556e-01
4.103765992479398855e-02
1.597517307319276381e-01
5.839464848018116605e-04
3.301798252269475594e-03
2.112499795480920206e-01
9.437924895971805395e-02
2.044906033492366049e-01
1.151336854784360819e-01
9.864719088393814062e-04
6.410299672963734596e-02
3.513845814539287571e-02
6.185165947982962376e-03
1.645935470596117944e-01
1.033747102639673010e-01
1.168338714497644398e-01
2.856001757353648918e-03
1.596415389261945927e-01
2.986812227685054638e-02
1.984434103815756190e-02
1.969252379461861047e-02
6.103903832410623176e-02
5.312513843704333993e-01
2.686071969020268346e-01
6.221723800420832229e-02
1.748731350241004567e-01
9.291465443506224942e-02
2.991288893708997088e-01
3.846603734990992896e-02
1.689469943856538592e-01
1.160529285641079267e-02
8.603756519395516777e-03
9.529938358255272968e-02
2.637350352197211784e-02
9.669003736005127303e-02
1.479661588935632932e-01
1.950338715190471084e-01
1.652066546650160228e-01
2.893414439917613157e-01
5.235994427436887477e-01
1.318730701442026587e-01
1.566538387730555260e-02
4.695127700288749539e-02
1.408486023026918055e-01
5.103197981346056789e-02
5.558736927851634646e-02
2.546485034356858468e-01
2.597059073987548899e-02
4.114454400190090122e-02
1.763512657064403855e-01
5.585039306310726759e-02
5.471480934050949874e-02
1.296234634766845750e-01
7.384455259770181246e-02
5.148518222247492337e-01
4.879962487376890423e-02
2.269864121218690411e-01
3.685199858050479393e-02
1.032086218494639857e-01
1.024400885840294623e-01
8.707481588697602026e-02
3.733714055546352717e-02
1.460279683196531210e-02
6.263876433849532854e-02
2.996448011021043967e-02
5.883230972266617620e-02
3.722046305056692095e-02
4.029308989905552307e-01
3.099916678431988704e-01
5.783762530934582341e-02
1.258969340779750590e-01
2.481550569868902212e-01
8.674358328553412323e-02
5.954699995046298933e-02
1.021000483454469476e-01
8.796651092994725585e-02
6.086793888971232802e-02
9.090639775534345435e-02
4.262173962664759785e-01
4.445458087967426447e-02
1.342696684064370594e-01
4.255708975481057310e-01
1.712403142896756492e-01
1.061590059175906292e-01
2.577316620538154246e-01
3.699923116570410370e-02
3.863181766361277192e-01
1.153681141699190726e-02
6.412787696952607086e-02
1.102818696889285160e-01
3.328489979974730284e-03
1.314495808999559430e-02
2.704053391284953756e-02
4.292122199426955109e-02
2.915838412850736694e-02
7.129269514824755627e-02
2.406942754281389818e-01
1.049766915386918936e-01
7.270170416493820786e-02
8.142095894322115557e-02
1.591287672838647971e-01
5.194946549062312569e-02
3.634761524463558241e-02
5.481409485079662414e-01
9.046419971197122711e-02
2.240289137025333957e-02
1.242992389716612578e-01
1.603031632729924605e-01
4.505074109447338576e-02
3.822943839293116985e-01
1.974578201380655096e-01
6.484935527783192155e-02
5.789451291427412383e-02
3.356445932357804418e-01
1.542922081566258374e-01
1.779722298241002421e-01
2.580809999641051622e-01
9.655691927180549972e-02
2.137414844888651522e-01
8.442133858262483581e-02
2.852276513362584504e-02
1.053331032180827159e-02
3.051233064953159935e-02
5.623635209266204110e-02
9.534601284028784707e-02
1.840513568627212271e-01
5.586234890722782676e-02
6.027750045317692429e-02
1.543265095179909563e-01
1.060389061125819182e-01
5.692205833746419308e-02
2.784068465443827536e-02
1.080265736170723800e-01
1.438640716021239996e-01
5.675172997007607578e-03
2.220560341985104158e-01
1.743219762038512033e-01
1.606061958109226626e-02
2.167614182967977920e-02
1.037960400106404807e-01
6.247431886436913967e-02
3.660966909688893600e-01
1.919300965278448179e-01
6.340428572334613766e-02
5.554641934323110986e-02
3.545067458298805652e-01
1.479948907304251549e-02
2.382373092580283291e-01
3.081636154107613712e-01
9.211422433655697128e-02
2.841311160530868296e-01
3.645094035670018995e-01
1.382519308558853750e-02
4.092849761794949970e-01
3.900998360055921155e-02
4.930970617178025150e-02
1.964042568192433252e-02
4.917384861448629435e-02
2.433473178552594263e-01
5.797317819754660428e-02
5.555878104645104454e-01
2.455203677665294681e-01
9.467653308724921501e-02
1.868508736730311870e-01
2.019448135483709883e-01
1.142583086522107882e-01
4.231840155441778800e-02
3.457903696722436360e-01
1.310452049817628639e-01
4.611512095816411305e-02
1.337290780638987486e-02
1.549893945556055364e-01
1.172381791389555117e-01
2.929958904580891588e-01
4.764065899892259703e-01
2.842750953696943431e-02
4.091763599750021518e-02
1.035992950462922280e-01
4.447230663150009145e-02
4.859956505820503536e-01
3.721122021637586208e-01
5.214456536806544307e-01
3.684241450233267656e-01
5.590636698256010728e-01
1.063608209428063001e-02
2.104784379851511178e-01
3.045589198535568753e-01
3.035160005653506632e-01
2.502161189278506725e-02
2.890543830749230381e-01
1.063813187813137939e-01
4.970028514824889609e-02
2.818602092390694036e-01
4.030978505368033593e-01
3.322998800675709408e-01
6.975688837991214641e-02
1.938724888700937288e-01
9.361717937783939347e-02
4.273052063010228385e-02
1.358433844642878419e-01
7.427964428086991644e-03
2.935971244457359283e-02
1.246700364771793357e-01
3.205759845380838635e-02
9.576938618497386757e-02
1.828565074107557642e-02
7.564888752902193536e-02
1.062637056885728792e-01
2.255368043523176547e-01
1.825248871154770414e-01
6.967208464647507704e-02
1.825541387403166183e-01
4.512651731442686165e-01
1.745749161775411173e-01
7.378249504936024161e-01
4.086979668381415798e-02
3.368579613467554551e-03
1.231328463994534883e-01
2.652620914994874290e-01
2.714709980371607378e-02
3.711815603689352372e-01
3.680800510767562317e-02
6.627048288786138719e-02
1.105704702354590174e-02
2.652801003801849022e-01
1.868318470592741920e-01
3.789723502281350798e-01
1.508920815746741528e-01
4.447171768700595995e-02
1.847220649027438433e-01
1.790207280259282496e-01
1.247985110568928524e-01
3.362109735422919715e-02
2.142192090225689821e-02
1.487915521733999651e-02
6.587088534433696574e-03
3.368986666580836009e-01
5.071692269358671346e-02
2.291973058646870620e-02
1.802431479715098372e-01
2.992195914843254201e-02
2.958315104323956390e-01
8.436406576694013837e-02
8.571848100924017722e-02
1.013657336573504653e-01
3.615886501816362175e-02
4.901125829458446992e-01
2.765875342286232275e-02
9.959504428476690860e-03
3.049330921974438557e-01
4.601706975740572636e-01
2.999400017830724033e-02
4.667425933754802969e-01
3.395844399085249515e-02
7.748280931902200297e-02
3.056544021866543226e-02
5.688409067259986296e-02
1.409633823105425066e-01
3.354216806582347443e-01
9.381400614171309105e-03
1.784411796136886261e-02
1.047892695487529086e-01
1.771405330179858795e-01
1.755951454082555763e-01
6.398353011325304263e-02
1.008294875150990699e-01
9.317334418946283947e-03
1.916805945814227530e-02
2.952267805329614192e-02
1.052263739530038544e-01
2.017404477559412990e-01
3.486552215059220416e-01
1.149191068022769602e-01
2.060166063805860537e-01
4.069532318020097073e-03
5.756125242270032638e-02
1.832646276501029292e-02
1.071543717832045828e-01
2.784189548768298827e-01
2.104676244907012217e-01
2.524829384638109520e-02
3.053210450760278638e-01
9.083777182333145628e-02
3.636282461044232361e-02
3.806607269508400782e-01
2.403139026998936667e-01
3.590143333381751178e-02
1.447094086313152617e-02
2.374612980388901839e-01
3.228983785798701933e-01
2.048620848735362154e-01
4.091006605266846868e-02
6.163899756817328712e-02
2.783491266616217596e-01
3.930911739048118317e-03
2.533256520883189755e-01
1.415693011638113896e-01
1.188684929647152409e-03
2.686366601564631196e-02
1.924573177266811555e-02
6.273745026985360074e-01
1.067830204616135488e-02
1.758210416333250148e-01
2.817141115123116268e-01
3.238811191040125159e-02
5.352829431313461256e-02
1.351175645175460849e-01
3.262378481769218075e-03
2.172645938132892196e-01
1.043897196228563695e-01
1.987476681250795463e-01
2.955884300832007927e-01
3.263948083920899940e-02
3.864582928563725650e-01
1.997615788932136927e-01
3.389825199574875852e-02
2.919374042364209498e-01
2.176819151950454834e-01
2.033475404269875497e-01
4.315785370127039888e-02
5.700746563999700700e-02
1.955146862570611155e-01
1.409019602617369027e-01
6.928301582740878373e-02
3.256110340252910129e-01
2.062227766112378902e-01
1.186830268292549811e-02
1.877219124255022353e-02
1.419424945593425469e-01
8.372555359146968690e-02
1.210391100832297617e-02
1.711742858196081685e-02
1.599214251856302671e-01
5.808945764649643684e-02
2.389935051196971916e-01
1.403346106580898589e-01
3.285076423471660484e-02
1.731252766530488318e-01
2.783254214093661486e-02
3.558298142698393396e-02
2.625153118502556726e-01
2.458586755514770572e-01
1.807073921653490067e-01
9.113659717085241529e-02
1.159642290299557482e-01
5.067870180158828841e-01
1.242426494122821773e-01
2.682775285344141114e-02
1.694742352419097153e-02
1.476685444314848050e-01
2.797167209030035906e-01
5.883185772617503806e-02
1.820341312329969152e-02
3.513740245532077922e-02
3.644191008353843686e-01
1.443985925248831570e-01
2.177303171288308137e-01
8.847897842670746082e-02
1.732309802111308417e-01
2.208758345689010305e-02
3.854156841993330862e-01
1.403265521186425058e-01
5.827499523399594372e-02
1.320226641399385725e-02
1.441653963047898890e-01
2.028712573138649056e-01
1.817682669613878144e-01
1.574188875731445947e-01
1.987869450202761901e-01
1.023603044562412523e-01
4.033931624408325367e-02
1.131527258709607575e-01
1.080062331240738693e-02
2.946850385265064598e-01
1.590466012901895487e-01
5.939081756637687448e-02
1.260625630025984656e-01
3.057422968900963545e-01
3.665209912203096221e-02
6.877952698614535690e-03
4.382226874974898267e-01
1.790300996097681993e-02
2.453307964266578378e-01
9.154247879871164895e-02
1.589717064998885376e-01
1.907727692210617332e-01
1.615741362917314239e-01
4.905882811464788440e-01
2.186830544491368267e-01
6.658099467875245869e-01
4.823460254545390291e-01
1.642537382449495847e-02
1.153944043296806776e-01
9.049050068488642684e-02
8.977963157795118554e-02
3.645927268323356785e-03
1.407163081858470166e-01
1.899793251114799755e-02
3.638390004925171617e-01
1.394898954421644466e-03
5.564267399169454259e-02
7.344157548716104267e-02
2.823258215750212852e-02
1.623831694365605871e-01
2.431047463926408192e-01
5.283056101657603865e-01
1.346702229635900194e-02
1.521925542149106525e-01
1.276558393855760642e-01
3.852697095582685027e-01
3.161720218639331448e-02
5.321143033572187098e-02
2.354341020959784259e-01
2.270263677257053359e-02
1.719080731124910388e-01
1.387081125060239395e-01
3.671984842856934050e-01
1.924439809067743923e-01
6.834255333935407295e-02
2.486727377956912122e-01
7.686800286596623399e-02
3.003389897798380836e-01
5.705914126106517159e-01
1.015062150086666337e-01
1.063643939117854265e-01
1.516559332520537873e-01
1.183055838141688909e-01
2.334300352843057119e-02
2.144740598017902677e-01
4.297687240451932011e-02
2.970722729164132492e-01
1.168961806275862492e-01
3.383758690033378258e-02
3.557337916054028465e-02
6.019616256779113800e-02
5.216059159357984421e-02
2.055265467686063219e-01
1.549583971777827862e-01
9.361664887958026648e-02
6.858678214195301770e-02
1.795373318973361165e-01
5.786031955293475804e-01
4.018130827630693458e-02
3.326451372877716750e-01
2.849660968781515813e-02
6.037292084665593639e-02
1.175376291804687903e-02
5.474401924655505902e-02
5.004022839780928322e-01
3.442661539737721932e-01
4.493670505516669800e-02
1.446073853750138305e-01
1.070036653353187983e-01
3.925203029071418215e-02
4.341666483077515903e-01
1.442282391820937093e-01
3.014238543511414681e-02
2.231626252647533892e-02
1.105236126107529276e-01
1.943408237951888551e-01
1.738956055231946629e-01
1.924851002485448992e-01
3.469324946659536058e-01
7.945367272232764511e-02
1.334030849748560899e-01
1.735659205201046940e-01
9.914091751032608202e-02
7.885704405769492983e-03
7.170958875080443717e-03
1.823376716539595876e-02
5.590279946768994535e-02
1.160381283560474319e-02
2.831671796173129696e-01
3.858738261488972032e-01
5.940384808431595914e-02
2.353321388670439607e-01
2.449614964170516301e-02
1.113767750479527363e-03
1.651505023904401570e-01
1.584327697330640411e-02
2.703475344459748131e-01
2.563954602333969879e-01
9.568036154759360090e-02
5.951306619073611776e-02
1.523439746189815536e-01
7.782882735064292068e-02
5.735838313228253105e-02
1.030012638089010946e-01
1.525762557249017992e-01
3.549817540461089327e-02
6.110199711810303247e-02
7.929254403522173478e-02
2.392316553173213789e-01
2.532449705238606352e-01
3.824005317404511328e-01
1.189823594519956174e-01
1.033867734396066440e-01
6.207110849866352975e-01
2.347079085977148427e-01
9.449319149596267786e-02
2.081769255127532969e-02
3.243348087106630306e-02
8.194580244527230328e-02
5.594025273690398509e-02
3.518729189225403009e-01
3.914511618270305471e-01
1.040350666857990936e-01
1.442239808657598196e-02
1.643241346935069291e-01
5.399144899901675565e-02
3.940177964708541092e-02
1.118272377932487838e-03
4.233254271827285309e-01
2.455759758919371649e-01
1.022500205256675621e-01
1.633567793195151441e-01
3.397248065318579924e-01
1.029140532740400876e-01
4.535293349873582847e-02
8.952319082793785965e-03
4.481223441423879544e-02
1.524537093262724567e-02
6.081882925563358161e-02
1.009239452993632019e-01
7.430761226725271507e-03
6.418824185012297345e-01
1.490774092964347597e-01
5.798927271941295425e-02
6.880929630328008750e-02
5.775313460670841170e-01
2.324266616724043333e-01
1.224851962661932664e-01
4.113801292955093780e-02
6.577923913189016002e-03
4.342751901092593014e-01
1.505142836826922279e-02
1.642603349192894857e-01
2.691341370102640074e-01
4.140002208759835378e-02
5.405912516622284059e-02
1.436117029761173336e-01
1.990611058361522745e-01
6.742687710162438564e-02
2.263443681389266660e-01
1.231406663249265537e-01
5.896941429054091133e-01
2.827512895464093234e-02
1.095474903746631867e-01
1.649306827152962618e-01
1.392512740081636169e-01
1.363292581115729263e-01
6.001074957316959030e-02
1.384769567635942278e-01
4.650128656600469035e-02
8.614258812470797222e-02
7.742161220155838186e-02
5.950450010418757707e-02
4.296176103842098692e-01
6.130260054101986655e-02
6.915428843524962232e-02
6.551655052998810180e-02
1.909955101721060589e-01
4.635490996172419303e-02
1.186167287539470760e-01
1.297547932711538010e-01
2.622971513515921782e-02
4.066716206256836275e-01
3.516650176307527242e-02
8.082109341345400377e-02
2.575261421453747812e-01
9.391854748641979833e-03
4.048596340839843988e-02
1.247460064343183517e-01
3.047978826318215040e-01
1.090819070922724732e-01
1.330400382293347450e-01
1.679737359583982070e-01
6.762850194457936670e-01
1.275850167381532563e-01
3.383594318233769105e-01
1.294384717048633893e-01
2.734089423306277356e-01
1.376954447728278574e-01
2.652673984829027054e-01
4.417359552949082918e-02
1.654746730548136563e-02
4.420782290517436680e-02
7.721930831250943539e-02
9.700752066342958890e-02
3.072877593602604263e-01
9.168783345610020952e-02
3.251438803120182408e-01
9.560552033208025158e-02
6.587193697901488898e-02
9.119365100520471223e-03
3.130990373349950562e-01
4.818590013956633444e-01
1.144493226879746833e-01
2.812551868125905408e-01
1.651587053410084605e-01
2.937754363644811892e-02
1.128325829711739337e-01
3.314419207281403545e-02
3.239410046106047658e-03
2.540985629451052441e-01
4.952628620365749912e-01
1.643009033191374091e-02
2.480433461868575551e-01
2.308093145051895445e-02
3.463793454874071753e-01
1.805802420201833847e-02
3.305195355450593619e-02
1.669744592782171355e-01
6.253832976857609527e-02
1.451354836100056112e-01
1.800556528889143415e-01
7.340580771840388152e-02
8.812464030856780040e-02
3.783475943137647179e-02
3.496625497894778611e-02
1.030794351479210474e-01
3.223007476658942827e-01
1.334689009853205488e-01
1.620999543784667762e-01
1.402608373872781256e-01
5.597913689216603428e-02
1.339224074802979891e-01
2.979185423100088048e-01
2.706197570758587800e-01
8.719948620573962639e-02
1.697542388596726126e-01
1.804503007839017292e-02
1.098709933997686627e-01
2.752496847448542838e-01
2.270348114204980353e-02
7.501500196024982192e-03
2.222782523549109435e-01
1.932359667664330649e-01
4.025228802907225567e-02
6.815678758432486273e-02
1.362232508400391950e-01
3.907087735845276577e-01
1.884937459922138292e-01
1.218444376638592314e-02
1.390935625874568649e-01
1.277288979557881718e-02
6.942426562270724577e-02
4.728234786927895672e-02
2.213509362048687520e-02
2.057085412072720831e-01
5.944187360607297577e-02
4.083838640614108340e-02
1.994439221394769812e-01
2.117758884019951549e-01
8.672812168428950530e-02
2.472854817891247392e-01
8.607937485953010004e-02
6.597498564184914316e-03
1.131321953064124697e-01
1.848329142331859853e-01
4.905853791743317038e-02
2.649069857944859052e-01
9.038783380055935568e-02
1.066869756420335200e-02
1.069964488396956959e-01
5.669187993002128279e-01
3.270113421145161292e-02
4.805328580836860930e-02
2.006019621147555054e-01
4.580616671862012823e-01
3.205585027499031903e-02
5.968324851294035116e-02
1.577680902399687390e-01
1.941126947031721062e-01
1.699582116928798903e-01
1.498127378537996157e-01
1.076789874333213687e-01
1.818303505083454508e-03
2.573847255349746843e-02
6.346137610398544515e-02
2.947332487697806869e-01
1.329568248990761203e-01
4.997493345914244545e-02
1.670786061006471895e-02
1.263798327263159493e-01
1.321863612572215796e-01
2.195336100763142784e-02
1.812190541040213376e-01
8.341273763048506762e-02
1.088354347283819121e-02
1.110771703311768388e-01
4.027099852361826215e-03
1.056759476778864476e-01
7.543172718880901406e-02
4.459636758466251072e-03
2.816868689394390335e-02
1.245795902678931005e-01
2.311687568711116580e-01
4.330070542231798103e-02
4.540159063375623361e-02
2.508137961059923038e-01
5.406464907049448598e-01
2.262778380182781796e-02
1.814302512065969486e-01
2.217982368585379727e-01
2.552041004164329330e-01
1.438888789681557756e-01
3.064948943332007625e-03
1.978102913352322578e-02
6.436591218736037456e-02
8.336912282957159581e-02
5.596039529255030648e-02
4.168862010542813135e-01
9.593423618408511433e-02
1.004798726077421461e-01
1.425921010016379387e-01
3.972095309561385346e-02
1.390312536604245974e-01
1.318582509418239623e-01
3.247076847796662724e-01
1.739750886078087200e-01
2.311482786744106233e-01
5.320475798246217247e-02
7.961274908687596130e-02
1.565106637097577469e-01
1.566138932361612890e-01
5.889649716788374761e-02
2.263915148441052877e-02
1.427801868186294731e-01
2.295994822736868723e-01
1.235720667093407332e-01
1.196166623288034969e-01
7.857858039900826597e-02
2.243018993215013801e-01
3.434949829558870543e-02
2.204256219867675726e-01
1.733707599240707498e-01
9.598634882353859754e-02
1.207671129983188540e-01
1.254436497945923129e-02
2.505698045665057799e-02
1.658237935137567287e-02
1.047991693862635743e-01
3.543987330448743200e-02
3.621938472904555617e-01
1.218917377566118218e-02
7.944894081372741446e-02
3.248511227860402528e-02
3.740724030881598106e-02
4.007824087000190494e-02
3.282294785515293967e-01
3.352310947427337984e-02
1.891467556896936700e-02
1.228315654254950734e-01
1.932132955435303390e-02
3.470287992678952604e-02
8.220169017763290231e-03
5.472027889841583892e-02
7.763435046577366050e-02
2.285536665015192870e-01
8.665215910812505695e-03
9.625768893853996200e-02
7.290829050540420520e-02
2.334775448786066965e-01
1.367447744195202652e-01
5.929745728885171124e-02
1.194656684578449396e-01
6.682975398013735191e-02
1.876603370538149074e-01
2.344688317555803161e-02
6.634272202143015607e-01
1.046731558576538407e-01
6.755149173157559694e-03
9.267912951791942855e-02
6.103660417833554896e-02
1.181186940706621391e-01
9.436183966329159123e-02
6.240024212162476047e-02
8.902662407031514125e-02
1.131345645303228620e-01
1.262388915478863671e-01
1.825060528366153623e-01
1.830311798929587230e-01
1.110291736249077732e-02
2.771876024412105871e-02
2.960907367347875851e-01
4.682020750280303095e-02
8.446769959787298054e-02
7.636619583915768561e-02
2.238425378038074176e-01
1.431078827797707675e-03
2.847383822560203281e-01
7.435481268917186470e-02
1.558833629348035932e-02
1.586913255637341369e-02
2.789050730133097455e-01
6.689187675589443327e-02
1.650893372467321374e-02
1.949000351448471058e-01
6.684949551330224282e-02
4.900577637707751594e-02
7.569461306791025468e-02
3.301846574533754408e-01
1.910072203321551143e-01
3.022490885573583461e-02
2.954679083519393124e-02
3.698924743538987286e-02
1.127795000768680167e-01
3.407918433533140695e-02
8.580080801397937940e-03
2.708094316982411209e-01
2.346011108616671836e-01
1.921369118491602357e-01
4.378669584020588590e-01
1.151967665105158301e-01
1.838495358895325671e-01
6.607277667746691563e-02
2.119361643978692755e-01
9.221876631572092919e-02
9.699889677336656635e-02
1.184015349545683576e-01
7.590307928806944160e-01
2.440998900591571930e-02
2.730309897686713366e-03
1.627496554085464397e-01
1.986131427355979084e-01
1.642614101142012006e-03
2.780528828006422204e-01
2.059831021048682265e-01
2.156302573419113106e-02
1.522869494150256020e-01
2.687307799739088732e-02
2.253014892531011309e-02
1.875051113057958352e-01
2.855280331751394729e-01
4.396771646434485814e-02
2.041472661052769755e-01
2.430113642922288042e-02
4.227497583243860352e-02
3.521573804768558802e-02
3.632724644452811624e-02
6.549271734528165634e-02
2.748274531174031421e-01
3.305396886574247239e-01
4.145855946958216798e-01
3.631273134252073209e-01
1.474798285063487653e-02
2.188636064555827265e-01
1.693850870008800635e-02
3.441586732995588482e-02
1.288814019544411438e-01
2.821515201725998540e-02
7.384939944191815098e-03
4.742598956599065607e-01
2.065905528521252699e-01
2.234521465329064316e-01
7.273692678083831797e-02
3.124442437112241455e-01
5.287131135116845959e-02
7.978592834553629998e-02
2.129279353115408058e-01
4.510600702989031596e-03
1.043367795920089186e-01
4.465033198582651214e-02
1.523577839441708215e-01
3.212055079456686557e-01
2.221590855799284725e-01
5.945892568126838196e-01
6.740990581127892511e-02
7.216532113592974418e-02
5.646278514877598603e-02
1.975552909687780523e-02
6.236717873652278255e-02
5.720947817569813076e-02
4.765529054598949266e-02
3.996649491125119913e-01
3.330973064874764300e-01
1.779402684794086087e-01
3.017049288647788777e-02
1.025332119382075663e-01
9.618543818402505718e-03
8.950508804024950860e-02
1.224523645428679253e-01
2.192187578201088005e-01
8.820754091697734223e-02
1.805407276368353187e-01
6.169506723290382189e-01
1.165226516760021896e-01
1.142962191820503237e-01
2.702100224377805837e-01
6.924233918002742350e-02
8.036801454627717778e-02
6.755264173594030530e-02
1.766317512161677539e-02
1.429864562732018618e-01
1.266873998318559513e-01
1.001580149046003981e-01
2.257055474117384275e-01
1.587364912770812889e-02
5.473344049684417123e-02
7.102924810262575828e-03
2.739527150403930911e-03
1.459206749377363610e-01
1.651067514106074885e-02
4.773780415998893911e-01
1.867887019377338642e-02
6.644943110063881997e-02
1.020270579177752490e-01
2.698216000905522827e-01
2.649738318166471873e-01
4.694988039489630949e-02
4.836708708746961793e-02
6.931072861713233335e-02
7.299188422291613687e-02
1.115110734585161856e-02
2.341701220408982653e-01
1.068773365125633978e-01
1.397368290260982970e-01
2.583662319351015535e-01
3.876488405512625857e-01
4.625558825933334672e-02
1.677629206780863469e-01
4.514748627161908889e-02
3.291740958358316260e-02
8.799446072377815897e-02
2.099414506252339496e-02
3.520977631387341433e-01
1.979930171262227478e-01
1.522011767684859629e-01
1.692673835407221272e-02
2.818336430746090637e-02
1.155174677015297774e-01
1.201025533179406364e-02
9.926585603812321246e-02
3.450243420714538267e-02
2.029234100614934477e-01
4.822305385710200509e-01
1.142705111041928123e-01
2.875808446263788398e-01
4.066384620457051680e-02
4.555192731349780866e-01
3.691833950004208553e-01
2.126190497969096538e-03
7.286015449899452268e-02
7.767088687198944741e-02
3.481911306037099862e-02
1.845542512244257305e-01
1.131069199010826393e-01
2.914479693651428338e-01
3.723261988473788864e-02
2.382946509110052680e-01
2.037168848445475855e-01
1.700393964184902795e-02
1.233657476275183129e-01
6.733659284430421055e-02
3.166631996782012792e-01
9.245024006888168111e-03
3.597792640642751005e-02
2.072581030783076095e-01
5.874081229098532253e-02
1.282690822093384142e-01
5.740350342109984405e-03
4.293555582688432515e-02
9.128332270738986898e-02
8.684321622433108234e-02
1.447386333030798444e-01
1.961059728589184536e-02
2.216782451167421120e-01
1.572503032915779086e-01
7.374550547534798606e-02
2.168842603087120235e-01
1.544721608265480772e-01
4.458320855311287967e-01
4.026601900241444931e-01
4.831546332937057542e-02
2.031265962023542926e-01
2.867394073301771096e-01
5.748249809682320910e-02
3.789159178426752539e-01
1.801219431546950689e-01
9.245552729278602166e-01
4.246969099387698510e-02
6.837064037613281575e-02
1.564453268910233341e-01
9.017989286156470607e-02
8.988866276372976805e-02
1.707365260581316380e-01
1.474357311560505757e-01
1.120523878438798304e-01
1.928585265787449154e-01
1.640015561403145861e-01
4.231432352901202953e-02
1.214807147601770082e-01
6.782058630843557090e-02
1.775530718570922095e-01
4.078357742011632370e-01
1.779682318643496519e-01
1.214737158640693537e-01
1.610588935506165331e-01
1.733746939543683863e-01
1.830884951204153621e-02
2.118422164329347712e-02
1.144764045299621336e-01
1.389484034940954849e-02
2.244430737776313689e-01
2.862025974969220621e-01
1.794956118727693978e-02
2.838442332480460850e-01
2.518405508467072007e-01
8.701382167836854697e-02
1.792908039814024301e-01
1.757639530901294878e-01
5.407401864007332914e-01
3.072284651590689863e-02
1.264394323897702344e-01
1.350225824720704959e-03
1.365518908262567943e-01
2.027194552677412109e-01
1.661867189299493230e-01
9.284079348536547482e-02
1.733910691761882117e-01
2.392592916364947031e-01
9.907486922825003983e-02
1.614869392433868622e-01
5.396050843800070940e-01
5.544591152654848587e-03
1.112949609030649545e-01
1.055360445377276080e-01
1.025886551406584961e-02
3.105013860494730826e-01
2.655599083535403748e-02
8.023606644951372657e-03
6.235409240048242485e-02
7.079768287513743541e-02
5.899576320795386214e-02
1.956915484844578834e-01
1.239238168143232399e-01
6.070821509438445451e-02
1.207501848454961557e-01
3.406326513151962665e-01
2.881402713352880784e-01
4.090076331768320861e-01
1.268234368002357226e-01
2.570918244168441946e-01
1.963080406073777762e-01
1.165760290739259464e-02
3.286871816909763822e-01
6.909027162448116988e-02
2.464329572493494103e-01
2.384324786874277846e-01
2.118417937500820247e-01
1.613730092022028911e-02
1.204150117671152348e-01
2.561214808250452668e-01
1.527273887964173127e-01
7.003221377350604682e-02
1.330845667263046428e-01
2.080960135109931677e-02
1.470299210577362126e-01
2.064283205457110443e-02
6.188155040269427420e-03
3.385265098854954857e-01
1.232392080492413777e-01
2.579202668182794533e-01
7.579025753686123579e-03
1.943443806427532505e-01
8.115435627166718568e-02
7.413056426424330381e-02
4.653973671465805317e-03
1.383345561379011046e-01
2.557434701421897050e-02
2.298043782712780314e-01
7.494652507438832878e-02
2.966197004745173282e-02
4.378049366437490597e-02
4.170670708395293191e-01
4.690277245807673578e-01
7.992449117205684822e-03
2.865910522478650191e-01
6.932563818153487933e-02
1.331354868310528905e-01
7.552610247801549645e-03
3.378626137111768180e-01
7.746782251020723972e-03
9.855542568272115250e-03
1.226189034778336490e-01
6.769493756500255532e-02
2.191137637194831012e-01
3.944515502259229311e-01
7.747560041073783821e-02
3.721982852947610665e-01
5.561879861719623563e-02
4.218147466930321360e-02
3.784480360589485004e-01
6.719727427717483992e-02
6.547574220252319610e-02
5.183584239322797105e-02
1.970164657003975750e-01
5.948665866131471608e-02
1.030825873594843345e-01
1.804079420061182049e-01
1.637707777626997707e-01
1.122792471606720022e-01
1.168306108299719398e-02
9.975983129907438351e-02
1.359717282623582046e-02
1.740483716615139897e-01
4.054957887937278294e-01
2.355910072477566952e-01
6.555349244201716385e-04
1.594072884570987836e-02
1.410229045589406482e-01
1.191895212921000868e-01
1.825845513776427204e-02
2.203848771053466826e-01
2.138326940032067927e-02
1.467927673502364694e-01
6.324668375769941508e-03
1.429208426675460109e-01
5.316281379187359768e-02
3.085024638283394571e-01
2.508581419101627574e-01
5.645238556260789853e-01
7.816810562557946485e-02
1.995284178806348147e-02
4.970001955583251974e-01
6.408440908288828841e-02
2.595800709146072263e-02
9.383014838038103433e-02
1.284967959433161444e-02
2.352249272270409142e-01
1.955156406530889762e-02
2.288426469887481773e-01
3.082001286616944946e-01
1.028463281116782924e-01
6.772825528725462396e-02
1.217848283894044370e-01
2.791379297003973581e-02
5.022466722716981691e-01
1.867274327986348514e-01
1.286360062864947973e-01
1.286452557266210550e-01
1.815470256662691240e-01
1.852863938998976223e-01
7.950223540410854273e-02
7.777823166152704470e-02
2.275472832135439216e-01
8.784262463389951037e-02
6.793028886741592220e-02
8.604491962959529006e-02
2.266820719094928271e-01
5.406839629796318658e-02
3.697267525686946388e-01
2.931877785169446637e-01
1.252874828243107919e-01
2.026836178505643515e-01
5.015830655615116651e-03
3.295526068284309051e-01
1.405501195825856753e-01
2.906255551577475171e-01
8.533398623805413252e-02
9.387215039353727711e-03
2.368782295188065767e-01
2.438873108056771599e-02
1.770891703120903160e-01
7.266062642708265296e-01
5.573389426963631932e-02
2.343770562930328483e-01
1.522917950374930163e-01
3.493044977829716773e-03
2.542437038274467653e-01
4.905221299751025277e-02
1.272772289344163976e-01
9.511145175081314740e-02
6.063876300827690524e-02
8.818561360373360081e-02
1.869389249973111428e-02
3.880735196218438373e-03
6.174861266529146214e-02
1.779610487133237440e-03
3.337212240166964605e-02
1.239840140924622705e-02
2.657474921720391903e-01
1.715507413401436698e-01
8.250679693352693800e-01
1.820519763874478558e-02
1.910664821005252090e-02
1.345003835579975382e-01
1.165174134144998097e-01
2.133492203109888519e-01
2.728091099337318082e-02
3.949693930577017342e-01
2.135792059464349524e-01
7.235012983089997296e-03
1.732431634130181253e-01
2.736182015154627889e-01
8.119910810494759823e-02
2.556829943024352958e-01
4.231461942068248661e-02
4.262593192087205107e-02
3.827789041515380353e-01
9.814506356905913428e-03
4.663198711472275049e-01
1.528074442480063799e-03
1.397494521860516599e-02
1.559742087414458522e-01
7.265300118400268292e-02
1.096560841083851906e-01
2.672996324307521515e-02
5.676904750795993410e-02
2.245119800734395321e-01
5.752488523222618055e-03
8.919346156119820068e-04
2.126330096298645334e-03
7.020851690430601755e-02
3.543517997770254668e-01
4.523694235748331183e-01
1.929504192801957396e-01
8.330677182110345774e-03
1.115131281647965683e-01
3.358928900379443139e-02
3.542764657472482343e-02
1.782654117787331183e-01
1.084109940349712031e-01
1.472242012673577738e-01
2.102728294663201436e-01
9.912017853995405692e-02
3.067644370445058999e-01
7.877138321134569132e-04
3.106060134145213203e-01
3.684901755207000210e-03
1.649777087007599577e-02
2.536748977938206862e-01
6.863194024466304222e-02
1.225887571141372895e-01
3.126820277122599467e-02
2.162733482943465096e-02
3.446488192200647394e-01
7.230993504980554043e-02
2.161018308334167887e-02
6.409825882335257186e-02
1.832411949634071280e-01
1.184675952818003142e-01
3.099217476068722235e-02
1.376539326704004085e-01
1.413661955082008703e-01
1.745363710263149737e-01
4.478706517914190499e-01
5.087828851769780059e-01
1.968470418283679857e-01
3.421486143911162126e-03
2.480777710583720319e-02
2.584774201205813915e-03
5.460463281520668358e-03
2.902530693302541875e-01
1.521466371581710053e-01
1.533023039501966722e-01
2.028433082701384393e-01
1.195064354799676432e-01
2.108522412014997016e-01
2.864157427086583274e-02
2.735509087672327033e-01
1.700724453526373040e-02
1.494999709350570138e-01
1.953546084233876712e-01
2.637339119042973468e-01
1.629615391891271470e-01
1.447432227891448653e-02
1.588676943911204731e-01
3.377989487107538880e-01
1.363246180864885471e-02
4.978693222635021537e-02
2.360103363889470840e-02
3.841224303398113049e-01
6.381583292429293675e-02
8.622092717685816976e-02
5.307242528901578993e-03
1.915257018989008353e-02
2.358712035128371909e-01
3.162958925776405278e-02
1.298155524200374777e-01
2.353976726071105308e-01
3.076954358029876380e-02
7.046911137230299493e-03
5.081871909398094633e-02
2.160198471173624957e-01
1.505548843239549184e-01
1.607155898885006817e-01
7.552484493190124437e-02
7.666237940882042468e-02
1.116291467807163651e-01
3.747028970052154739e-02
1.580763324692440741e-01
3.859112271025755270e-04
8.950510680597625890e-02
1.119857377694238182e-01
3.691363093225227265e-01
2.980749700810783054e-01
3.747517965562461306e-01
5.153031241871697254e-02
2.312764710043410110e-01
3.232189478555502760e-01
1.172399599730044734e-01
8.281525135553285955e-02
1.408761782553957231e-01
2.367974511834770868e-01
1.009363959546053374e-01
1.031583520671353754e-02
7.594105895254932292e-02
1.149452410172536465e-01
6.630540079520796937e-03
3.969914808397045219e-03
1.196556921355308722e-01
5.474453254401645541e-01
6.406582865926636894e-03
4.350781153738758622e-02
2.711987803395105034e-02
2.783650622044681056e-02
6.081281278588548944e-03
8.716512703250516025e-02
1.738737773017267896e-01
1.047580481509711448e-01
2.514817854280003706e-01
2.564893178970799673e-02
3.149994938257310029e-01
1.965366870754471293e-02
1.430264096684416564e-02
9.585715744738067257e-02
2.464189099763796909e-01
3.834278795167760934e-01
2.065078697623926596e-01
2.305385118690743418e-02
1.055702182304908143e-01
2.099012287592097736e-01
6.886096286930316890e-02
1.706501711185608172e-01
1.552583620581307611e-01
3.607827232395108275e-02
1.944680222001813341e-01
1.528027642209381365e-02
2.911012541627694752e-02
1.575516471781969741e-01
4.888237947655944826e-02
1.480554325000272009e-01
1.768562354134794179e-01
3.683813464816783345e-02
8.965736942218305305e-03
7.341024770215055784e-02
2.134366957506603213e-02
1.776458640161673874e-02
9.096727613760507980e-02
7.053639501764241704e-04
8.494380656530084450e-02
3.878064911096074097e-02
1.292275650300118706e-01
1.130320269539958344e-01
1.144384385217645794e-01
5.501448224805263743e-02
4.179940832717616850e-01
4.900309958373121055e-02
1.728369374384135237e-01
6.832799320972711143e-01
1.699779495254245543e-01
2.862935386382399472e-02
9.248301926539531648e-02
4.985538743732645384e-02
6.882447765836380293e-02
3.954555288276493941e-01
2.156938551761860279e-01
3.734559587341804154e-01
1.184477045381489568e-01
1.076278248876301608e-01
1.273807108655242160e-02
3.437204692752221513e-02
4.835069661219904003e-02
7.599162130146952521e-02
3.636253756829382344e-01
9.746651980747911281e-02
3.981057164409254612e-02
1.633331432433181019e-01
4.051478176097772499e-02
7.738433787640197625e-02
2.249955552993394836e-01
3.039819517566699075e-02
4.318046920023974056e-02
1.446427610728778790e-01
4.796675369164987712e-02
3.288640343420636269e-01
9.588206841533658542e-02
9.256743601803578414e-02
1.379673079949402525e-01
2.128089970092021943e-01
2.303649393493071296e-01
4.986754681647502241e-01
4.211112233791666770e-01
1.374200771063738558e-01
3.490362839321226041e-02
3.334997414490353806e-02
1.292934741643891883e-02
5.765440540560242688e-01
3.155281134709061464e-01
7.588635834819099091e-02
1.620431075848902114e-01
7.927986680892196159e-02
5.512606287094710955e-02
6.261079967476423924e-02
1.584724788276924423e-01
1.307495378782318196e-02
1.878903210663818990e-01
1.430393508591074059e-01
4.379791518283616958e-02
8.603994923979202403e-02
5.139059455592313863e-02
1.124284223037259056e-01
3.504786122181766661e-01
9.364279701223612862e-02
6.268012906870805423e-02
1.507670880904009580e-01
9.991191418669978508e-02
2.194019943653976457e-01
2.027830167756154989e-01
6.342819384058329124e-02
9.295738549848142629e-02
4.844771009267255790e-01
2.177161710177591136e-01
4.476609715360597708e-01
3.075694657063320903e-01
2.090501657365346766e-01
5.450062261374074568e-01
7.536916892317520322e-02
9.925030416990567039e-02
5.340374511391399182e-01
3.492004800107726403e-01
9.289980231145383849e-03
6.094167513159196720e-02
2.628959295162587584e-02
3.062633363195081670e-02
7.693997754446166293e-02
9.244868969826676441e-02
3.158008183721855433e-02
4.508545030865281911e-01
7.514513703507495757e-02
6.741205014459983325e-02
1.908395112393738297e-02
3.162743170049051034e-02
4.736270898031365306e-02
1.130037483779142982e-01
9.838410824571468261e-02
2.014343539569362351e-01
1.578079858337488872e-01
1.664961740307169258e-01
1.404346804259820614e-02
6.482783859502225243e-02
5.253562014473162067e-02
2.994369264224570892e-02
1.591686138381784021e-01
2.804106191455196795e-01
5.431691260333770810e-03
4.198319333135164255e-02
8.261466592800756348e-02
1.065055465329979162e-01
2.130980092164154460e-01
1.432367727866324381e-01
3.195345630656887814e-01
3.117394319794267177e-01
2.431403568189938191e-04
4.805189684663894317e-02
1.417038814756556575e-01
8.713239866777572340e-02
3.234693073681041975e-01
6.992263479734700526e-02
4.998323986435977695e-02
1.967899012966916050e-01
1.842225294751346359e-02
5.822648988973864320e-02
1.201018937629177302e-02
1.831981890878535135e-01
1.841387555393525499e-02
2.620965857172899982e-01
1.057400545875565590e-01
9.508485437546453090e-02
1.088463230139436189e-01
3.414640009684679067e-01
1.153825861485587578e-01
2.354470603066877166e-02
1.970424102943189870e-01
1.531449473775387538e-01
2.726515582264569804e-01
2.395116628503556611e-01
9.138830813714604942e-03
2.489452711047872857e-01
6.129769993024585667e-02
4.237709403043173895e-01
2.530417342714570417e-01
1.751179973921369176e-02
3.469633860089380573e-01
8.540612448461284423e-01
1.032251709848191479e-01
5.650431701761591402e-02
9.721729207622384350e-02
8.519452415255091005e-03
3.203075786083459109e-01
2.523047696527122574e-02
8.393961676305149167e-03
1.357484024415209212e-01
4.528771404723522243e-02
3.675052797167893681e-02
8.240725628736575437e-02
1.212853839464331507e-01
1.989619644130102560e-01
3.133782039003966680e-01
7.033244831030321942e-03
8.565224448200350893e-02
5.054924484396439155e-02
4.546390740796439900e-01
1.711634093345101859e-02
8.907296268215461610e-02
2.366680000325501187e-01
1.634154252410467967e-01
4.283255436398684113e-01
1.866153427788540820e-01
2.701522515691823223e-02
4.858977070310406265e-01
3.201691071960886814e-02
3.534982251039452406e-01
2.755363372460112314e-01
6.934145575601324829e-02
2.665722828845869530e-01
2.610832890554976027e-02
6.692319678027136565e-03
1.115631439100805977e-02
1.418223768272289242e-01
8.293750394677071314e-04
7.916481141760355056e-02
2.162418824501237680e-01
9.517543295943962922e-02
3.352992188319246780e-02
3.620059994499214007e-03
2.479297945459268959e-01
1.582947461260240385e-01
1.114474086376144313e-01
5.700894929130565641e-02
4.598213775407347659e-02
2.447122901607423628e-02
9.756553935534456601e-02
1.107025730859640400e-01
4.485182786361199270e-01
1.707106445448547394e-02
1.537770445428944532e-03
2.068870021880463428e-01
3.118350618516352313e-02
1.284476776274239007e-01
2.832732859287494936e-02
4.762786839993504717e-02
2.299243819583635384e-01
2.625730882611837513e-01
3.838653383061710889e-01
4.096496248430951392e-01
3.795148466666888321e-01
1.068789873977420424e-01
2.252051983399027124e-01
1.069720530658621188e-01
1.310225081557809534e-01
6.447493796010154987e-02
5.509054196950849414e-02
2.296720869201865634e-01
1.781423090545916979e-03
2.013538796867168634e-01
1.425546552875284478e-01
9.369161674705653309e-02
4.368727974987072216e-01
9.562753710280286201e-03
1.075701732185949389e-01
1.770784985032180237e-01
2.571381910535673609e-02
1.418987130494900328e-01
1.055911031568618763e-01
1.017670707655618815e-03
2.479602407418004251e-01
1.207472411765158904e-01
5.702222717408690633e-02
1.634707517467598459e-01
2.045132495595365363e-01
4.078295652886374523e-01
1.175539212673386014e-01
5.658430698436954509e-02
1.717572917514661179e-01
1.778597150785030112e-01
2.338000393722603487e-01
2.240500033616851794e-01
1.506895923616109467e-01
1.779710320168025883e-01
2.252567694546814270e-01
9.838321549092001600e-03
1.099407687640192866e-02
3.276063642633210704e-01
1.327578093555401573e-01
2.969119707557447627e-02
4.475777742724784680e-02
1.802526452986316086e-01
7.230115451127316906e-02
3.690547592756496936e-02
1.088924294258494518e-01
4.176676892619874959e-01
8.510017298299976662e-02
7.263297906806795989e-01
2.862141599337435505e-01
1.407028847381430747e-02
2.215811422560979294e-01
2.097503195533151343e-02
3.318567756441977989e-01
4.019468009646040563e-02
3.141595540979497374e-03
6.918237360584447715e-02
2.523443776794576654e-01
3.504412103645132004e-01
8.654564394513161729e-02
1.713454009469773942e-02
3.820260177266264212e-01
3.200920120597093854e-01
5.007963288739586405e-02
1.423070555473943677e-01
3.447792500285400824e-02
1.439709257031368365e-03
5.849487235528928464e-01
5.653786146060761630e-03
1.071363986812091246e-01
1.475434747179382999e-01
1.560245526819683537e-01
4.333785368208990796e-02
1.714797441750677207e-02
4.147011661977545449e-02
2.251664359792318604e-02
4.070497739429536355e-02
5.392249254353052024e-01
1.382005091471446012e-01
9.819035825063260337e-02
4.901718742405674067e-01
4.824938588532977080e-01
4.987091775740085109e-02
5.397107139271073439e-02
3.361384431273564677e-02
1.545213298953369563e-01
6.995871461058519869e-02
8.387232262361252189e-03
3.303650273167383494e-02
2.362299269386613498e-01
3.614503755239447669e-01
7.435473262944999884e-02
5.018285959995393009e-02
1.183171018651819340e-01
2.953875791677428309e-01
5.737137602924514274e-02
4.875193257770187027e-02
4.895607704423410311e-02
7.557311301961373157e-03
9.742673971616155892e-01
7.413423384798209503e-03
3.318278661226013448e-01
1.187627802556025791e-01
1.539497804206486076e-01
2.624810290643123101e-02
1.124306873409876839e-01
7.667628874201679046e-02
5.326727853737678320e-02
1.280261603295568262e-01
2.602167216798738636e-01
3.211208066684990980e-03
2.223458829047682966e-02
2.909789386776691633e-01
1.116623391889075279e-01
6.223883223855356667e-02
2.706061887301190738e-02
1.583306736761662115e-01
2.566120805119484483e-01
5.763655713495094424e-02
8.978690300063271734e-02
2.846518918015487898e-02
8.257683636718128606e-02
2.249890049720283391e-01
6.554347278134414756e-02
8.075993913484699749e-02
9.635540928887097178e-02
1.358401011577266559e-01
1.197198904541446618e-01
1.895749390578363169e-01
9.795532712203611214e-02
5.801859079609109765e-02
7.697073116553844185e-01
1.540130926007179935e-01
2.900179977357640881e-01
1.297392273506082494e-01
6.085718941196031906e-02
2.629699313344419781e-02
3.225338186955437059e-02
6.768078831737732448e-02
8.961072799631264463e-03
2.871727934519096789e-02
2.579695219259159900e-01
1.727741418660122541e-02
1.440130035086781002e-01
2.223131875652496481e-01
7.473614208283413385e-02
2.659278740727061274e-01
3.737669521170577935e-01
3.158928748330533942e-01
7.650399300106570238e-03
1.905098357912927698e-01
5.349826629775081832e-01
1.111516387410374507e-02
5.643874407813449096e-02
3.757374565757493068e-01
2.506106561831523694e-01
3.058254891055262048e-01
4.051103610224447704e-02
1.293424587162384509e-01
2.127793828940065246e-01
1.349362568741130364e-02
3.548269277000375144e-02
2.789479842235169094e-01
7.659388304542257275e-01
8.724254068554704311e-03
3.665946756869450374e-01
3.108576665572164721e-01
6.883135174621382579e-02
6.649723426763376466e-02
3.904549465580789414e-02
8.296999445034997089e-02
1.491907169617545381e-01
1.326549528089056296e-02
1.462736277546874131e-01
2.606201175797140390e-01
4.924958197042268726e-02
4.713943866739891408e-01
5.967276151962833119e-02
4.321038369305808535e-01
1.221891131853361373e-01
2.107198115702279273e-01
2.692243518251829712e-02
2.735732251362232303e-01
2.497052999167904130e-01
2.276175526155585493e-02
1.519216527292566177e-02
1.749099824668199910e-01
3.018677816542226777e-01
1.024086449437963398e-01
2.177909892531321168e-01
8.650449853973916914e-02
1.211508721339741579e-01
3.324565542136251328e-02
2.352564052120430065e-03
3.510070406903511436e-02
7.387760578758466590e-01
9.178392599695173182e-02
1.450135290618360107e-01
3.362990907226210413e-01
5.438361341780617586e-02
1.125318332439534386e-01
1.148257262894219755e-01
1.304707825385763298e-02
1.618285802679004792e-01
6.205817415881817456e-03
8.081632674606784028e-02
5.531736923623346014e-01
1.907647625318693863e-02
2.673643755973826308e-01
6.764613368800924745e-03
5.308872223201052121e-01
1.341631393971802755e-01
1.321545804007593361e-01
1.707320378447412315e-02
1.194905220254245670e-02
4.223275370516416660e-01
8.388685854935958031e-02
5.056029446843011282e-02
8.196378447346107377e-02
4.524481813600693680e-01
7.832449092731202933e-02
2.992924311978111818e-01
9.053039402031994032e-02
7.545860819019832577e-04
3.264783662595672764e-01
5.087732894675320305e-02
7.434786906463056178e-02
2.846244476089960229e-01
3.188227271629285320e-01
8.568581536762098771e-02
3.075493244493254438e-02
1.497639153567746628e-01
4.297564635513465015e-02
1.998855232724308095e-01
4.249001524153794840e-02
3.916533796884533181e-01
1.676993649197979774e-01
3.121021796463757103e-01
5.269126765810046020e-01
1.352070459026840366e-01
4.419576454802131016e-01
2.862159435876809876e-02
4.660379527759503926e-01
4.030207992825524110e-01
2.460750394508809391e-01
1.930365493024834012e-02
9.184033947790359864e-02
2.777680309534108494e-01
6.505164401297619525e-02
5.145188652713102856e-02
5.873513014226761086e-02
6.245612894660258485e-01
1.274416695695990698e-01
2.049941650164042173e-01
1.018326622930494918e-01
1.329380255104819497e-01
1.960526657598185007e-01
4.207742224958145871e-01
9.524986522636345876e-02
4.088751896986445034e-01
1.137045577387319484e-01
1.414172205474308608e-01
1.871256798977415925e-01
2.170994463831233678e-01
4.265920429640526756e-02
3.260347108239997072e-01
1.245899191993781463e-01
3.046995134731735333e-01
1.562624198994323199e-01
2.144254550555237948e-01
2.718870065288992999e-01
1.768728930463675519e-02
1.963316059324251572e-01
1.089017128550742175e-01
2.221142587217644904e-01
1.432979868763793185e-01
6.264608045180221074e-01
4.467875696643974770e-03
3.034367512351165974e-02
2.068237152446355531e-01
7.014346179254758729e-02
8.819999036160289241e-02
1.564892495548750317e-02
5.387420604560667625e-01
1.753731940302541426e-01
3.162896883190549624e-01
1.823696074092882036e-01
8.270332102286864773e-03
1.672397056087782108e-02
3.606871857562444772e-01
2.053848759599640750e-01
8.094908223135715009e-01
3.114204301095792049e-01
4.465424961385400932e-02
8.259256562036357274e-02
5.401228680212725314e-02
1.075002514165500633e-01
2.692203987634744777e-01
1.043424826727559207e-01
2.355839193176219315e-01
1.259336873614056163e-01
4.120371805799780129e-01
1.060406365254920324e-01
2.039435384517365724e-02
1.500515987149868280e-01
1.521188961561370512e-01
5.027887302563610605e-01
8.505329385142437748e-02
3.692165071187876180e-01
2.090650210106659301e-02
4.794031803565143579e-02
1.965087316721096933e-01
7.169359975278594144e-03
1.594835849774516590e-01
2.161020119556817179e-02
3.899931555698979979e-01
1.106951101652583341e-02
1.749353736123517855e-01
1.269962051622894328e-01
1.137252182532561169e-03
6.997652279669723530e-02
1.803550293368666457e-01
2.113802453537899639e-01
8.120125969477887118e-02
3.175062811483010394e-01
4.300045277640688821e-03
3.816616856733934249e-01
1.397114038431025440e-01
4.082502730619512465e-02
9.676491576092459412e-02
1.011557078108260149e-01
2.588109452930755228e-01
7.692499870401357798e-02
3.831716768737793988e-01
1.047937064062522683e-01
2.845497789199909894e-02
9.857836346655507453e-02
8.490903333940801045e-02
4.179409413996563183e-01
6.572229190452030800e-02
6.747693712314163650e-02
8.960795615517766488e-02
3.921818095775085888e-01
1.028579358400578403e-01
8.321763315624866597e-02
8.399175889401402917e-02
7.470057178239027096e-02
2.778302808459078843e-01
1.122273787315179600e-01
7.711263301776029311e-02
2.067901933382023105e-01
3.841925772676612477e-02
6.123003973073720685e-03
1.129752081965004207e-01
1.597321275351992198e-01
1.445092062719874060e-01
2.335958857037144787e-01
1.016632418256997739e-02
3.277774555776859500e-01
1.784261964534585576e-01
7.949008988301468903e-02
7.775295301952450666e-03
9.166613888361255236e-02
4.687574932376681325e-02
4.173993127013582438e-02
5.753685712225014015e-01
3.539216191550643292e-02
2.453091029452902916e-05
2.369754419049082544e-02
1.190769042709215464e-01
1.475394075917796921e-01
3.270922155414601740e-02
2.864114270059964912e-02
1.148039636327646273e-01
2.273190458223613708e-01
1.689335962491251286e-01
4.026528433642997951e-03
3.727035229338516303e-02
2.976232255239327773e-01
2.261089989332396855e-01
3.199870422086401600e-01
8.954293355666154142e-02
5.260499227091382235e-02
1.582808704221840002e-02
9.694009744494994085e-02
7.705469368390746587e-02
1.648080147484286967e-02
2.151366918027770025e-01
3.645945394455984978e-01
2.100584306283855701e-02
1.723561339573471407e-01
1.293457656235705855e-01
3.326934224159745074e-02
1.056447497356129139e-02
1.347708876547540346e-01
2.829230435123032406e-01
1.912499104791080470e-02
4.230402011068246093e-01
6.352772041140689052e-02
6.781345277101213931e-02
2.406693657224864141e-02
1.538707958149733435e-01
2.310568966101222976e-02
3.613486579678798494e-02
1.086978918280583212e-01
2.621457735523217147e-01
1.542914745293979817e-01
3.068144578338100059e-02
4.822324380725773185e-04
9.682691707395020553e-02
2.449746346727821322e-01
3.139911516087774968e-01
3.196022408931346592e-01
2.080059850039272726e-02
1.373543373197376738e-01
3.409567284908842505e-02
9.584436115272772228e-03
2.011606024084147681e-02
9.633239524392323005e-02
4.465576364581865659e-02
3.437112835695961821e-01
3.359918180318255398e-02
9.416650058869650841e-03
4.161530691685508820e-01
1.237164331451707719e-02
5.549591128064295525e-02
3.671864581874290101e-01
2.532109389935356947e-01
1.117738776082359553e-01
2.498401307174015207e-01
2.876000110572980023e-02
2.020815568777712956e-01
2.827250112794899017e-02
1.317827366319106186e-01
2.102911473027053446e-01
7.244217152724943820e-02
4.419513792680450359e-02
8.017512486638350699e-02
3.103490858974096711e-01
7.994981433171294283e-02
4.921516180275267716e-02
5.322084985661389850e-02
1.053072452757136818e-01
1.891431586152333422e-01
6.342595672882656022e-02
4.732252547895664935e-02
3.049095137454216342e-02
4.402672275313898251e-03
3.543010082978816089e-02
3.303302094363301800e-01
1.816318135667319839e-02
1.238677789861052959e-02
2.207348909951757920e-01
4.905750916936818529e-01
6.607646068059135069e-02
1.454597920499683950e-01
9.523449403421793691e-02
1.461573597269717473e-01
2.546210818778954499e-01
3.639839279251916859e-01
2.410295593444207463e-01
5.574223387229290672e-02
5.889868303609532840e-02
1.755614451522786723e-01
4.774628823355674123e-02
6.944452196633371654e-02
1.126141898939196778e-01
6.062586231624746136e-02
1.236490163104771167e-01
2.921966840351623018e-01
3.703540244619879518e-02
6.018445166546772251e-02
1.004792720841944792e-01
9.809425562111001584e-02
1.825805640982824940e-01
1.439177130721772113e-01
1.313601527676242775e-01
5.372566331714882099e-02
3.039842327577130243e-02
1.339708548649228281e-01
1.368099841859003046e-02
3.008597212316653779e-01
2.964908781748834543e-02
1.288621571429052481e-01
1.939041508960004101e-01
2.551480095599266140e-01
4.715253236158996331e-02
3.653352794471390053e-02
6.709057229931806310e-01
2.718214696274499909e-02
2.708429967506479907e-01
7.595714628748143071e-02
4.797717784995783052e-01
9.718674184614491118e-02
4.264775421170995118e-02
2.535828049505850501e-02
2.263683662525071971e-02
1.258329552862033074e-01
3.187250341968903555e-01
1.947435439837819776e-02
3.843777832358422075e-02
1.038158808916710418e-01
1.228318332170216520e-01
1.721832790622077058e-02
7.051273358658970147e-02
7.107629528862949297e-02
1.141893837867108685e-01
3.086335645406822481e-01
1.933408215225199678e-01
1.858323662529199893e-01
1.369485391555133047e-01
8.914664167022305630e-02
7.768397880212579709e-03
2.720204258750248405e-01
1.281227756801415207e-01
1.572773000488887074e-01
4.185319825389991477e-01
5.009347848353669086e-01
1.768412366896343624e-02
2.479361972625701016e-01
6.287689042701132269e-01
1.164937687883696171e-01
1.927992336458312361e-01
1.163193968200623291e-01
4.167908195749724931e-01
1.577492792466598792e-01
7.043045939217762452e-02
9.598620862561665912e-02
6.444936815464052948e-02
2.969173379051545658e-01
1.195321861025415988e-01
3.571909739576729914e-02
1.601375189049702996e-02
2.102005764818880296e-02
1.769341072315374908e-01
8.599879879386529424e-02
7.079032595661285954e-02
1.063832499826673494e-01
1.058210633989718347e-01
2.237754694405540701e-01
3.535828994262126823e-01
3.242846383133325405e-01
3.636845662671233104e-01
6.406310937091758140e-02
2.176594680718010599e-01
1.091387289323665355e-01
1.083199793454542315e-01
1.792657939657055777e-01
6.486706722933908154e-01
3.437567970740681433e-01
2.180522424051617447e-04
4.750484109568448021e-01
1.387689403941940458e-01
1.127243238315749907e-01
2.432812041348912657e-01
4.053131498939828159e-01
1.602500430204480131e-01
2.160307224295028583e-02
6.884211873195977827e-01
1.244842185558142772e-01
1.365334416262417583e-01
1.799124837512268982e-01
1.703864788200171732e-01
2.694030230733765463e-02
6.486349135275998323e-02
5.223130219790601825e-02
6.236029173484049226e-02
1.240153374109445594e-02
5.989518913164774278e-02
2.105133287291847677e-01
1.020453287195627334e-01
6.314582054680861756e-02
1.074303209519242297e-01
6.865910315185846935e-02
4.370645955161337470e-01
1.524507898565390651e-01
4.875265812664718312e-02
1.055818860183918746e-02
1.580775887971882232e-01
1.236425652656407415e-03
4.857124282698016549e-01
1.571451115859713865e-01
6.349337903712107267e-02
5.101856702503355240e-02
2.763539567067202496e-01
7.500662709404767869e-02
5.276187954916179423e-01
1.659155066812755819e-01
2.129554336240125356e-01
7.405557171617199730e-03
3.336810464829846890e-01
9.105188901389073275e-02
1.136868202824608265e-01
2.924799770143443611e-01
2.193273056372024854e-01
1.428130781669206817e-02
1.203502178070400552e-01
9.167705814575208279e-02
1.219399933760074994e-02
3.889090829954200412e-02
7.202230038509896404e-02
2.347382216954617129e-01
1.106097900551336888e-01
1.130371523221054830e-03
2.981004508858498547e-01
6.806944960873684758e-04
2.996509919401568744e-01
1.134852133642085814e-01
7.420188080003828346e-02
5.087681129406940173e-02
1.004313591210165002e-01
6.996703685858578214e-02
3.940696035975140843e-01
6.643146357658955004e-02
8.325351586533419335e-02
8.108905359507991017e-02
1.359094066505126541e-01
1.332973566362806728e-01
5.048262266221739125e-01
9.190129001972041634e-02
2.514444751553815971e-01
2.992127277288067488e-01
4.362498139694737098e-02
1.169714426204695595e-01
4.087419725817977023e-02
1.308438435077857176e-01
3.450694101748553178e-01
1.222434428938476841e-01
4.386495999595919904e-02
5.640736291085220178e-02
1.522878586313663463e-01
2.794272887425758647e-02
9.349542032483407206e-03
3.498827328311269191e-01
3.686593709766183280e-01
9.937090263961952108e-02
2.192537122030809582e-01
1.935514166492846577e-02
3.796186219569719356e-02
5.510176024898075231e-02
5.113334131374740188e-02
2.201057789755267446e-03
2.899709971270938991e-01
5.123803964747258854e-02
8.035444027724840399e-02
4.062834084768839754e-02
2.560373822563150048e-02
2.661864842571244338e-01
4.283328917592449381e-01
4.499520362480972924e-02
1.868823492831747646e-01
4.590010107152810853e-02
1.683995369426723454e-01
2.371691369854942166e-01
7.392463925212632014e-02
1.295377584931664272e-01
1.873366049432775571e-01
4.152613093745753936e-01
1.040168361612796022e-01
2.457663126940337062e-01
8.391140923969844789e-02
3.213410519666223819e-02
7.056687434328859365e-02
2.326234873371433448e-02
2.192086436289465701e-03
1.202724639168783610e-01
3.752675500947399989e-01
1.653591499582585944e-01
2.338956581675498692e-01
2.688517038956569905e-02
2.221357973470941272e-01
1.338189130684452888e-03
2.172108381542629529e-01
1.660225414078450035e-01
2.340353553751887972e-01
2.466306680853844191e-02
1.119003144656818827e-01
8.594840243840567995e-02
3.488206380010794305e-03
2.215428953650687982e-01
5.623983669332833779e-01
5.763879787168237068e-02
5.206686670242073600e-02
1.368808207895127194e-01
5.209261648217005519e-02
5.737951734973771589e-02
8.133197035075936943e-02
1.089690329646876149e-01
1.762682831164120723e-01
1.483940570296473915e-01
2.611774977884484539e-02
3.042888026312544625e-01
1.586216816392517215e-01
1.064414444911723628e-01
1.055352507418617913e-02
1.153434212481705967e-01
9.530014099650276072e-02
6.002058058948823993e-02
2.566375701412896282e-01
1.964028789267048269e-01
1.286541320731093840e-01
1.689021124193506862e-01
3.243549627406571711e-01
9.448494799013596596e-03
2.910661171054498841e-02
2.551900948083652421e-01
9.307507331866146649e-02
1.879194100190348382e-02
3.733443736650458172e-02
2.135551838331667396e-02
2.165128538965592486e-02
2.564079959512476914e-01
5.492001247597342317e-01
6.138133605030908491e-02
5.613487639309756860e-02
5.300629435968019776e-02
1.588604115436725861e-02
4.864910021651680516e-03
1.352750907916505652e-03
2.299873775383550201e-01
1.200054789769552932e-02
1.745496605353529240e-01
2.809173882677337697e-02
2.658560816949053218e-01
1.042784792790790172e-01
1.687053418545977623e-01
1.939476998855357848e-02
2.950483840001601535e-02
2.783147616228049404e-01
8.825194821352014274e-02
9.043104937851401126e-02
2.406948998481915070e-01
3.769642671541759693e-01
1.458355364324564751e-01
2.220112793085344260e-01
9.492686100341596322e-03
1.364509160950805600e-01
2.401544910223135931e-01
2.835650254639539014e-01
2.311169138500798748e-02
6.480880574150629791e-02
1.231727373433776501e-01
1.201126905872820227e-01
7.833756224597695494e-01
7.382916789403021207e-01
1.194074028180513447e-01
6.857234299259812316e-02
6.477931984438782542e-02
1.784246534909944559e-02
1.214686009322941962e-01
2.394039795764406342e-02
1.101092363720937994e-01
9.800506715217080500e-03
5.216387105732159246e-02
9.284329166915891718e-02
1.893623603052627113e-01
1.307836224904073141e-01
5.597594753208284812e-02
7.062942211040279528e-02
1.286211087010244447e-01
1.135397383526155213e-01
1.186551084585623639e-01
1.777411748086701881e-02
2.493788929183794745e-01
5.437637769116210329e-02
2.332598839522637135e-01
1.162825183937910012e-01
3.406950406427998457e-02
6.052532677545573170e-02
2.621947173386552921e-01
2.762068211661243833e-01
1.682842814696081449e-02
2.058558693034776010e-01
5.308114033279135446e-01
1.480471212248169466e-01
4.573180926995148998e-01
3.212031307542401182e-01
6.939024912856446570e-02
2.413608230804596411e-01
1.408902237967184223e-03
6.734295553260306877e-02
1.702334666736378121e-01
1.732301363479814560e-01
1.088274336119622043e-01
4.232974509237896754e-02
1.055985105070986474e-01
1.665415267174020011e-02
1.641374595986816454e-02
2.918821159547977384e-01
1.068968303718875745e-02
3.431381074979884989e-03
9.670609322304608499e-04
2.474958431936632453e-01
1.018542000444123685e-01
4.672523402442761709e-02
2.414637280274074538e-01
9.981124707936005203e-02
3.887323824484538726e-01
2.314341625037740491e-01
2.406504080792465361e-01
1.895067534741878140e-02
8.209812435366709016e-01
4.882689461277452958e-01
5.715908158475974110e-02
1.356910790796168331e-01
2.445648587168921806e-01
1.363351380589352957e-01
4.656530217843293240e-01
6.082747697486936556e-01
2.527697641246312577e-02
4.461353447926424964e-01
2.672993073854076362e-01
1.262744993130746896e-01
3.986969935867797077e-02
1.732168472496028455e-01
8.201800826365254760e-02
2.163805578367231086e-02
2.664971225395140753e-01
1.693120883130569410e-01
2.404313362235827034e-02
1.537853886953202687e-01
3.122778115330798396e-03
1.718847494066931270e-01
1.351974780005130508e-02
2.121963245959757327e-01
2.246078676759269976e-01
1.228695763646415473e-01
2.758181506917432024e-01
9.231049177664844840e-02
2.705883151759864991e-02
5.097983176216935863e-02
1.853343419240753576e-02
6.110728800108564812e-02
3.247293363422456003e-01
4.753455176423404538e-01
1.550289706015623159e-01
2.011716086299970008e-01
9.171487644536779893e-02
2.240731307349755341e-02
8.536200657586624774e-02
3.703050694988407887e-01
2.494532195999182855e-02
5.962360621162033913e-01
1.515199826975136277e-01
2.170516535618406961e-01
3.334411880764459601e-02
4.714938802741787671e-01
8.310501319625526739e-02
9.657602152099928339e-02
2.219733329514842479e-01
9.110865526926516245e-02
7.354669053429341297e-02
4.482001872033392065e-02
1.473482248892823976e-01
1.621772446136126866e-01
4.617889509777509810e-02
4.240235062788916612e-03
1.726766474785264294e-01
3.476174591209806042e-02
7.430419514383945767e-01
2.062347067257006838e-01
1.247170963533716925e-02
1.018537740260900548e-01
1.390903603606014061e-02
1.913625540511187939e-02
4.983004002501609797e-01
7.479718968461074313e-02
6.765065596509394624e-03
3.639589929682326974e-02
2.013780939287845590e-03
1.315268094153532186e-02
1.661418079423027105e-01
2.255293020254077463e-01
8.702491064862427628e-03
2.550771803767892254e-01
3.832104274575167530e-02
2.112936132624470553e-01
8.793955985719296986e-02
1.973870593253824191e-01
4.344558309904580917e-02
8.483375481711352695e-02
8.924832986811322144e-02
7.200351496561202547e-03
2.356096842573691119e-01
1.517479380563442337e-01
1.423890766983113565e-01
1.707272320426698325e-03
2.729770506174775818e-02
2.106522632328630684e-02
1.456220746496252050e-01
1.145710423783792564e-02
4.839218405194816164e-01
4.308732773245348424e-01
1.013283874796490486e-01
9.705992959922768448e-02
1.058558247419640400e-02
6.376568044453920225e-02
2.848196035573130613e-01
7.823824496783063354e-02
2.938838562693556200e-02
2.047862523788159250e-01
1.041282692644925761e-01
4.374934165201960212e-01
1.886182060411600858e-01
3.744169591328269653e-02
7.814320205165769390e-03
1.924116460599500367e-01
1.074703916834703760e-01
8.797102142297565097e-02
9.292852711999705084e-02
1.180312258400436354e-01
3.450124625985678817e-03
6.067150056924754120e-02
1.264436015376167732e-01
7.469841151832692927e-02
6.357600932748757039e-01
1.679885574029505446e-01
3.006325288816784069e-01
2.978201290824795608e-02
2.443496450941368414e-01
1.299884041202261503e-02
1.997143232676931446e-01
7.701653278878377307e-02
1.337449340332852177e-01
1.491412505753010875e-01
1.217887189893023803e-01
3.304442252353656517e-01
4.289111943704156452e-03
2.992860094354385381e-03
2.500713114034497919e-01
1.854015178562090638e-02
1.449374106276345997e-01
2.064301561888564063e-01
3.185187728724463846e-02
1.148712200036737380e-01
9.165706910588405920e-03
1.878397595051330138e-01
6.716494621598786963e-02
2.005227604407443520e-01
1.369391414672558038e-01
9.576300902059126097e-02
1.113541542531291673e-01
2.141783557928777781e-01
5.183449768010231495e-02
3.824631299392283745e-03
2.615982905478325682e-02
1.040546359914345798e-01
4.612861276853501002e-01
5.404867415947701981e-02
9.207164152725592909e-02
7.645525197459018124e-03
1.402839459456736160e-01
1.219477622824311630e-02
5.451197663004125893e-01
1.414134947248384677e-01
3.824387591945109521e-02
7.697003706336059958e-03
4.709360408112316793e-02
6.688533013186488685e-02
1.076717724368396883e-01
6.008813010710756242e-02
8.311757460430220235e-01
1.238939449356088462e-02
1.506118119670267208e-01
1.505981246416886188e-01
5.930745199121324474e-01
8.350581402168563705e-02
2.421556812823054683e-01
3.403427657126435468e-01
1.431643582032927631e-01
2.923736352830261231e-02
7.469265101006475338e-02
1.788778584260179993e-01
1.611326950121149681e-01
1.149979217415192934e-01
2.587284301365582601e-02
1.373355568960330508e-01
3.145391051068413546e-02
7.557526158723515408e-03
2.264850171118131805e-01
2.131369115799093272e-01
3.680899625099516570e-02
3.238362278664286276e-02
2.167262544940529723e-01
1.565258695211871887e-01
4.135637653766882638e-01
4.920283007049601476e-02
1.009142342967138950e-01
3.074233350176391877e-02
1.669823230704328698e-02
1.171048139795225068e-01
4.325508672341125960e-02
1.451967701028499848e-02
4.105581437788694554e-01
5.930523355485324555e-02
1.651307455880285102e-01
1.707203644413933241e-01
4.602576091292358007e-01
2.190112615237717331e-02
1.668159666257305329e-01
3.796527809677477938e-01
1.696688925513491208e-01
3.301289128485929147e-02
4.502327428840047219e-03
4.766478024396460927e-02
7.898559876271601943e-02
3.730722273473882633e-01
2.959397801685268586e-02
3.042022474714585201e-01
4.170773918346190601e-02
8.612177005524247753e-02
5.792474960381198412e-02
3.252008980591120091e-01
6.266123655632888090e-02
7.928658992505428771e-02
2.793350364709139000e-01
7.217614676840442001e-02
2.426534628298537000e-01
1.971643509704228137e-02
2.061880877431562509e-01
3.178672629340906219e-04
8.509374533011092312e-02
3.114627564293648287e-03
2.048844562222176535e-01
2.168920797578501036e-02
2.648506877296085693e-01
7.440306858057356421e-02
2.400991664778434620e-02
1.134113193397344177e-01
3.525019361274451257e-01
2.266486092079816189e-02
1.220317670129061893e-02
2.740859006777964790e-01
2.333404754223002420e-01
1.148831884134488002e-02
1.170295187771154266e-01
6.548366359003512938e-02
9.502427035495513569e-03
1.222627888182930694e-01
2.514987851279956721e-02
4.931859166641799352e-01
2.254586426934476195e-01
7.020391564019334840e-02
6.121600067735818995e-02
1.224556842342417740e-01
4.967244706438414537e-02
1.766246442442343523e-01
2.659491949030885483e-01
9.948981420160238343e-02
1.537748078586702594e-01
4.461050357248076692e-02
1.089200217253819269e-01
5.725273356898862021e-02
8.475584082558600130e-03
7.423351549776424640e-02
3.409278222100287081e-01
2.004437431098962941e-01
4.841063395384723744e-01
8.052605763313966381e-02
1.869025722400932676e-01
1.921047264405461030e-01
4.347220870746031363e-01
8.616430426207216664e-02
5.042338457702832955e-02
5.354280883806169511e-01
1.443127453558025464e-01
3.641485314739338619e-02
4.759635786562657622e-02
3.797361341350901504e-02
4.078027257519185877e-02
2.168170408997464882e-02
1.918765119313502188e-01
2.858047818360774650e-02
2.152724350199455294e-01
2.138103443357251554e-01
4.509036319025538919e-02
1.307761749192195566e-01
1.017209079299754571e-01
4.685712755887473380e-01
7.492547510933923738e-02
9.274404509040337641e-02
2.389110849842147888e-03
3.392946110419345906e-01
1.680086396965649598e-01
6.874131401433269950e-02
2.114628841507941795e-02
2.089977787369599604e-01
2.833820090150466209e-01
1.321991722019290327e-02
2.456555742423890965e-02
1.249006413755599509e-01
1.321371077281007778e-01
1.732356012787369948e-01
4.827217874580170820e-01
9.847611177711655672e-02
1.795534194667254280e-01
1.362222428394765372e-01
2.397475904096774135e-02
5.877657731785876360e-03
1.052200163247454801e-02
1.129690799936989148e-01
7.288589836674394529e-02
2.151800487549610508e-01
2.747048645053511429e-01
5.054356713678655189e-02
4.687984317189390626e-02
1.543817763534526544e-01
1.774955544088645532e-01
1.448816473284737782e-01
2.188511227325131703e-01
1.775744614889224748e-01
1.148105226132770246e-01
1.024584146503744325e-01
2.440890499057066232e-01
3.141336994119704462e-01
4.227277480516207775e-01
1.480925321305759657e-01
1.190951883600116501e-01
2.931074584270633443e-02
1.150824468332996842e-01
2.391899360889637727e-02
1.990082344507549394e-01
3.841912284045519432e-01
6.448598106296038468e-02
1.734881857733406307e-01
2.759026476884350876e-01
1.688679812319243689e-01
7.712266006704715515e-04
2.154074957816995428e-02
2.353149908622275549e-02
1.178103359489883761e-01
3.836916002240721435e-02
2.352179008083570833e-01
7.162427242727739674e-02
3.521745933212496737e-01
4.984845759309923519e-02
1.882273409476085957e-02
1.293813405313021248e-02
7.174890293670355135e-03
2.890103501746843495e-01
2.430340951813608763e-01
4.651701788936818405e-01
5.815215442835665050e-01
7.976407270841423536e-03
1.388417110349170480e-01
6.616094587314161335e-02
7.701798458307905770e-01
3.692271881935299538e-01
4.171636263747716816e-02
2.176887447398384232e-02
6.211646603436857261e-03
1.240914678939187693e-01
2.961410261574859773e-02
4.171451016158271852e-01
3.107593977255829754e-01
2.462095369339892953e-02
6.548448507908344318e-02
3.541728580981694935e-02
4.445174669532259148e-03
2.382994575583950031e-02
1.374967510180536978e-01
1.276535215446597538e-01
1.545311903832543576e-01
7.361106104410208850e-03
2.264099396563390432e-01
1.488045014991674908e-01
8.497708530351015532e-02
1.381464537672725812e-01
1.427069960510994259e-02
2.383934116344575693e-02
7.525509478501399632e-03
8.889901652983531188e-02
2.812625906367696160e-01
3.669937009090905589e-01
3.389916395463986043e-01
5.199761550851861314e-03
2.595944336113921169e-01
7.552740998127221994e-02
2.722814949942837237e-01
5.509501757929467780e-02
2.164617318476749763e-02
7.095687813491399071e-03
1.334160877268790631e-02
7.242570195784586717e-02
8.196946236918944625e-03
2.150046348345691916e-01
9.228130429654147759e-01
8.563484727852661849e-02
1.086700550775805130e-01
9.248242511518410536e-02
2.824678735355334522e-03
1.170700178653999168e-01
5.026477325623444903e-02
1.064402900180456552e-01
3.172449881022654933e-02
6.771771142568146218e-02
1.811836188005051806e-02
9.590395631755653516e-02
1.342123156505818093e-01
1.659439525702387508e-01
4.380515002577245465e-03
2.124842047506459997e-01
6.357940825578539679e-02
5.998813972211326090e-02
1.026640333622964446e-01
1.810816729767595057e-01
2.536523264788422272e-01
1.059869344901693267e-01
1.852939742388093336e-01
1.043206559521103194e-01
6.472112489363202048e-01
8.168523682199113622e-02
7.200368281150865135e-03
3.656266594795570257e-01
1.720554977776604100e-01
4.044953337260069615e-02
6.079933280629799819e-02
6.415435860908472177e-02
1.595215926475681556e-01
2.396145481643559283e-02
6.385152847539163345e-02
2.050846435898460995e-02
1.160288204055964500e-01
1.154143203636932014e-01
6.274293468508468363e-03
2.111866823816446470e-01
4.135258806348518501e-03
4.517916958796386329e-02
7.354482225863459566e-02
9.003653317502530173e-02
3.265483017789533315e-02
1.788458157554023709e-01
3.806153765424517832e-02
2.659981145628810273e-01
2.985983275208446697e-02
5.606165201426381584e-02
3.707782048754672266e-02
2.411800804774507645e-01
5.541168817556092474e-01
6.591385569420527002e-02
4.382613360725051699e-01
2.079994564217999831e-01
1.107870482405643453e-01
1.529203471930570823e-01
1.006169718673883828e-01
1.833519466464860193e-01
2.691456953461030532e-01
4.854308617223906941e-02
7.581960937416320351e-03
6.639437947373469373e-02
2.194554166846467980e-01
7.870340399602684944e-02
6.583518925986947545e-02
3.059212610004585220e-01
8.221825552312717056e-02
1.036652419337275588e-01
4.222114433109759590e-02
6.074439119810470800e-02
4.763563571109213912e-03
6.867221409369815566e-02
6.169225424801113439e-02
1.352418370989358354e-01
8.176840305006725929e-02
2.115190238221526520e-01
1.852216886365182225e-02
1.493282521865280099e-01
9.863742278191764412e-02
3.517039034289776156e-02
1.553257943077161196e-01
1.982468797640471736e-01
4.420458808703623399e-01
1.471063913494360942e-02
1.361523539583099351e-01
1.161987247320395988e-01
2.459946189969983432e-01
2.094277408610081825e-01
3.158391742666699642e-02
2.749271173025373549e-02
2.910352504251892403e-01
6.993990565540544879e-02
2.001613620524307635e-02
3.164735815901344174e-02
1.205958821226784661e-01
1.155119850967945005e-03
2.743064319364938441e-01
1.389735464504609497e-01
2.633321808817620790e-01
1.476538607971842054e-01
5.358979719435152250e-02
9.771158518364533863e-03
1.090866115631741462e-01
1.515815459352707062e-01
1.166177487516059652e-01
4.295343060504415167e-01
1.039459528870563254e-01
5.301943778847558741e-01
2.532754271032491844e-02
1.028183149738448737e-01
8.484651049094944775e-02
1.031700638072405030e-01
2.181310653698811386e-01
1.560352257295924416e-01
2.602809941279837225e-01
3.209740418156492581e-02
3.463037558296235829e-01
8.537971619809876789e-02
1.535759197411027954e-01
4.707738334949873593e-01
5.295859933835589395e-02
1.552455935937324671e-02
7.307472583736043803e-02
3.882949762450977893e-01
6.249700971901660240e-02
1.742351675387393828e-01
7.063230616219912106e-03
1.302977466833448172e-01
3.061034488643113449e-02
2.845882662228738091e-02
2.371821438564763462e-01
9.390538039783835611e-02
8.346088282503874578e-02
2.043613631575791623e-01
1.944857934931822629e-01
2.118047819996982661e-01
1.171350979612553189e-01
3.310704200787038809e-02
3.136852178042325023e-02
3.766541170852417131e-01
3.278513206320443629e-02
1.476689490098143098e-02
1.068602310488153961e-01
1.345086890509256672e-01
7.394803919887295296e-02
2.032392458573349936e-01
2.087000077305808943e-01
2.454084188935166944e-02
1.660608648084247463e-01
2.389202064064683273e-01
4.987229592756916435e-02
2.185082928501285993e-01
1.011167297319327807e-01
1.674509648225869229e-02
1.635312322457015410e-01
1.506856460525107522e-01
4.262884811721876499e-01
1.506330596171102099e-01
2.604417726357673157e-03
5.420730863647442721e-01
4.202724953569515580e-03
1.104336172088912910e-01
1.712306906487026659e-02
9.721020599285506991e-03
2.849911950480262801e-01
2.559622921098135551e-02
1.171586332248898965e-01
1.214332601077539459e-01
6.180860245524242430e-02
1.971009061956824349e-02
1.056872084908577758e-01
2.970889835041695681e-01
1.389906845884487929e-01
1.192841301081049021e-02
4.094503820348993628e-02
6.687141843225453963e-02
2.183958769307811631e-04
1.778284335445842745e-01
5.768184926429016646e-02
2.855599492026718034e-01
1.234128678900708737e-01
5.436473840199361751e-01
1.211988214917568557e-01
5.482356751581389798e-01
3.961844711663726759e-01
2.717999178283338202e-02
3.259889252356218403e-02
8.967505713689354063e-02
4.079517814827214872e-01
5.096076389997412220e-02
5.125971051362966657e-02
5.317501387005600932e-01
5.363643675116440412e-02
3.541685627542719150e-02
2.861926099325496839e-02
2.843789125680515686e-02
6.866062950943421228e-01
5.128107100185651246e-02
9.865187321528254283e-02
7.821828254286503079e-02
6.925425761899797750e-02
4.656237970198897624e-01
1.909458845803077842e-01
2.155689928385020604e-01
5.954445862114902122e-01
6.240092295356443330e-03
1.095608283248355325e-01
1.035921817484685564e-02
5.092749827213214481e-02
9.518914457731497691e-02
7.902541998410739232e-02
3.565294983227381143e-01
9.423359466870270817e-02
3.539505610146898018e-02
2.597128899377279532e-01
9.707894430982517697e-01
2.631313995348675272e-01
1.183049627348057575e-01
3.755892766121080029e-03
3.747630447223570527e-01
1.099339549432176433e-01
2.675948247014552916e-01
5.623296469934352393e-02
3.348355825586546985e-01
7.405284259280470183e-02
9.134718484187701049e-02
8.955892063640023826e-03
1.291950155103345765e-01
1.911559217460512272e-01
8.903661164789872240e-02
1.029596918016474349e-01
1.416109973843094338e-01
2.491042545238480177e-01
1.290201460194420613e-01
4.055089356451430094e-02
1.614504897297693864e-01
1.496610858062802918e-01
6.385460649692326074e-02
3.287979033422015057e-02
3.368789538477739987e-02
8.649690950870247974e-02
1.854534411142766404e-02
8.434031144499096189e-02
4.652630613890226252e-01
3.060517153017092151e-02
3.478346558594747062e-02
1.379192729574696408e-01
3.622126547274117647e-01
6.959617449513316734e-02
1.391345153397052781e-01
1.278137109421237372e-01
8.641242366532550512e-02
2.172342315516030686e-02
5.029189309780002226e-01
5.556788049771727023e-02
2.024824180432941989e-01
4.421531183553970012e-02
6.575034326340681301e-02
6.717050198040894204e-02
2.035871918486345244e-01
2.626856832685481313e-01
1.902095715013494004e-01
2.573007217090338417e-01
7.315305962699907016e-02
6.854503139259872091e-01
1.686995145299836074e-01
9.336715811203122328e-02
1.328658596752746446e-01
1.127487359789373783e-01
1.199746551381820903e-01
8.859532174137590976e-02
2.939754838428667583e-01
6.659481228297470246e-01
1.355067920356567424e-02
2.867364310131934602e-01
4.397977640767295471e-01
6.886215325521277686e-02
1.493701821190400458e-01
1.106084309412947997e-01
2.589163759768830508e-01
2.468384220757278980e-02
2.594169943807410061e-01
2.831037014421872167e-01
8.735505876219695764e-02
1.034536185523449725e-01
2.319254728591620407e-01
6.669527171627608053e-02
1.155496655332427791e-01
4.571010380711464788e-02
2.926642089221771076e-02
7.765137370440597375e-02
2.522176398114595042e-01
6.196081719452967151e-01
2.228725421596883249e-02
2.925804938447679193e-02
9.318712519693544971e-03
1.534008113089611325e-01
9.369444370646953790e-02
1.629142032804261828e-02
1.030779916126752932e-01
1.148351916207496215e-02
1.630779388336149605e-01
2.073896314357295823e-03
3.462141487378697646e-01
5.269160898103899537e-01
2.219552800343216337e-02
4.930678492780329880e-02
3.793978775184208008e-01
2.739675255422013844e-01
4.682194573726825015e-02
1.233148161655617109e-01
1.512297368539720355e-01
1.631931642916171002e-02
1.468719480470103422e-01
1.081458903620097778e-01
5.123579069643088291e-01
5.428759542034915508e-01
1.375193496824915484e-01
5.649369545563646955e-02
1.439520590505007358e-01
3.286157525133123064e-02
2.037796647551015639e-02
2.981152586329542664e-02
1.115583506879507525e-01
3.241178750976227430e-01
1.377430205775200325e-02
7.595237190771017555e-02
1.898730634000185269e-01
1.233975874790514821e-01
6.911449669877665902e-02
2.874835767290871008e-02
5.241607371231624124e-02
2.883562683150029879e-02
4.412364343977773218e-02
2.730961946408708707e-01
2.392867229623324432e-01
1.239640949334228359e-01
1.563051554518328223e-01
8.880463499865028087e-02
8.748237930163789144e-01
1.555675585102756497e-01
1.101250265707359732e-02
2.841069303047364381e-01
1.930220114006843957e-01
2.866750703489116120e-02
2.394502476582412998e-01
1.369964277567886635e-01
1.031542124785250342e-01
2.349551371865517546e-01
2.491400048187938920e-01
1.865615058376805802e-02
2.179029260074280550e-03
2.241459928673069091e-01
8.103749203963550585e-02
7.188791316398887576e-02
4.395433019981392908e-02
1.311666440648771303e-01
1.321784050061025895e-01
5.476114707054167974e-02
1.199265260211672679e-01
5.877934544771556968e-01
1.797205646586344518e-01
4.357173164236918250e-01
5.050473349349993146e-03
1.976768510803094542e-03
9.035019865449413559e-04
1.729396083097250666e-02
7.108928137537036118e-01
1.315961741044978373e-01
1.449248675704823408e-01
1.062033578977636256e-01
5.441922625160118265e-01
1.443243534542194562e-01
1.809901992730176823e-01
7.998340618790580892e-02
6.329656938515609843e-02
1.503380335858051087e-01
4.888441284899570083e-01
2.468885794905755215e-01
2.826020773409010367e-02
2.044986005559462361e-01
2.294371669666105396e-01
8.105311215525261292e-02
8.394549056279454469e-02
4.369605918444575271e-02
1.051186887246242513e-01
6.132423893287518302e-02
2.238774902442020043e-02
2.117206431194064153e-01
1.290930309975303336e-01
2.438392933990343736e-01
1.572584825412009710e-02
5.086435321878390869e-01
1.536050302674207002e-01
3.227579582581886486e-01
2.235791916786487865e-02
2.844752886967287508e-02
5.057109070294829589e-02
5.233878444423739618e-02
1.931466000701042574e-01
1.513129734829086193e-01
3.099704399079270326e-02
1.119218694428359417e-01
2.475517388161832810e-01
2.337716651918948507e-01
3.832379433667690849e-01
3.447611255947301556e-01
1.940446483622502299e-02
6.669798052013001244e-02
8.136553389053607921e-01
8.637510961258171305e-03
9.880923736425462067e-02
6.922285839909630978e-02
4.073680073248761024e-01
1.982218630913450963e-01
7.938466967477092462e-02
1.654593768966797218e-01
2.957929121123564764e-02
4.253958539855482446e-01
3.420074417134477684e-01
2.551744098473599509e-01
2.837097539958857717e-02
1.288290942274370743e-01
4.042855105750808864e-03
1.535754388424394046e-01
1.474697524185277220e-01
3.789241036186729878e-03
2.071858134148282793e-02
2.516638115462520586e-01
4.309449999494469052e-02
6.356402946093994699e-02
3.427154372428197204e-01
2.026095613802897932e-01
8.242936057226535329e-03
3.767193153756802637e-01
1.286189520940517195e-02
2.167250742427911103e-01
1.869513411688342452e-01
8.594030820535093484e-01
7.161080929880702176e-03
1.393866798755070691e-01
3.182416146248737698e-01
2.806901535337230635e-02
1.252102674748239441e-01
1.568652091216693467e-01
1.951317341469157862e-01
2.235966387753566820e-01
1.253792403600964278e-01
3.699886186038497948e-02
1.451120088424060484e-01
3.646716786767073004e-01
7.905601077582120884e-02
1.600207934455018244e-01
1.612466179070370237e-02
2.013401407219373163e-01
1.582199490853444801e-02
4.039168771394238688e-02
1.433099771075517226e-01
2.145215257154024086e-02
5.148565545467112536e-02
2.552051388656463304e-01
4.148812785519470636e-02
1.392511845645893753e-01
4.940928726403054916e-01
2.496325750076555661e-01
1.963114781752448579e-01
5.632319767335025595e-01
6.290197648099321581e-03
3.232335312661240856e-01
8.131781151593196755e-02
1.391173209735386274e-01
8.432645476277117469e-02
6.474999013203155962e-02
2.062605615953184146e-01
4.225738814739837118e-02
1.633067790787320894e-01
1.105917905442969085e-01
1.351119372191117995e-01
1.674454461371475689e-01
1.340428460385550413e-01
3.440190765791218547e-02
2.360915903643173719e-01
1.319585925226950118e-02
1.308399861569192746e-01
1.538725697424756511e-01
8.573375581244799259e-02
7.223148084547331704e-02
1.822442548614645608e-01
1.778501040288005264e-01
1.132225492065140060e-01
1.169715961923639275e-01
1.136649781970686807e-01
2.668736600570926765e-01
9.230755452439259878e-02
3.060115312120792463e-02
6.297938721375520021e-01
1.057503961587397817e-01
1.254025653027348586e-01
9.552150384680322404e-01
2.543514021882746501e-02
2.701508659516514976e-01
2.624465160695383381e-01
5.507552175578159237e-02
1.382436720477253911e-01
4.859138696023992954e-01
3.155129879964056472e-01
1.025240511259605525e-01
1.231008765603261099e-02
3.715285952990071000e-02
2.383978028189526477e-01
2.572017856022004723e-02
2.933916112419622801e-01
8.315591046640312053e-03
2.651912154711273395e-01
1.631400080112489076e-02
1.197833010221473204e-01
2.650865070195582152e-02
2.695502683487473461e-01
8.360916650152733220e-03
8.400562614709949916e-03
5.880879227268212550e-02
1.237697223549849568e-01
4.535541165874651393e-01
6.039171836187140485e-02
1.829854225189458949e-01
1.355643482438013692e-01
4.161278065760724149e-02
1.726487720762030498e-01
1.408160292100367750e-01
1.952577415313593023e-02
3.487019176810355336e-01
5.669322756057637580e-02
2.457847881669682211e-02
1.342968631502777233e-01
4.371411914740747084e-03
2.675462587269726578e-02
6.588602998958317247e-01
1.334150305654382418e-01
3.944179093896200694e-01
1.718365827769610665e-01
1.925134570373754628e-01
7.158280838723406481e-01
7.432163767121166553e-02
8.264691509633406707e-02
5.412780152194525407e-02
1.202127230649538830e-01
1.066127868016526203e-01
1.519273879722744525e-01
1.268844312794652207e-02
3.021990916191322207e-02
1.647724721169684381e-01
2.331235756468069686e-03
2.611336462894935373e-01
5.192268473278567609e-02
1.556086511681979700e-01
1.163874811645275453e-02
1.326201601063113911e-01
2.531469522697200603e-01
3.099620314977377666e-02
1.810547419986643924e-01
1.836174985613464594e-02
6.246607491917897242e-02
1.994035788430270073e-01
4.343696211397893303e-02
2.723228077251771406e-02
3.793458768677334669e-01
1.411280524733416475e-01
7.644456741253209675e-02
2.580567191884050593e-01
4.183069451194348920e-01
2.275246742742828565e-01
1.796027418790792640e-01
3.357372651093844529e-01
3.746267912526632382e-01
1.232336416509643845e-01
2.161045479119653168e-01
1.440818429827456226e-01
7.742350570871997517e-03
3.461882187597934563e-02
1.317896634703538683e-01
3.450398844429861112e-02
6.183960885354337217e-02
1.498838615355266302e-01
1.628353263722852329e-02
1.805216122605363682e-01
2.162353636476919416e-01
4.595787681625581461e-02
5.420322679680496247e-02
4.218364819145663941e-02
1.353130134041369004e-01
3.674066013311717838e-02
6.564500264801800822e-02
6.491262333233029092e-03
5.514215016392395863e-02
1.906861193031248736e-01
2.068218793587494053e-01
1.781106587035078542e-02
4.832679709320650274e-02
3.300752536723093877e-01
2.128696213869571419e-01
4.923969820406071118e-02
9.780095208539647811e-02
4.462720697706689110e-01
1.176615195676016246e-01
2.561148680146542733e-01
1.752758824209960098e-01
9.990206013431036924e-02
8.971928168312402752e-02
8.958882463766972004e-02
4.896586446685757127e-02
1.653897343789110380e-02
1.905166636714170914e-01
3.947594801235450312e-02
9.194684907269319585e-02
1.072747009733683587e-01
1.041776536307509743e-01
8.219666730903493757e-02
1.137626234594826535e-01
1.556988501937796032e-01
2.770933289010799050e-02
1.164080826354715881e-02
1.707887500898784550e-01
4.411270076838859355e-02
1.342141503515060508e-01
1.426298995205045050e-01
2.482114702072013915e-02
1.220743657475368837e-01
1.410562733075602648e-01
5.210177550055998530e-02
8.747098203714828019e-03
4.550679524932904618e-01
4.014433324940671483e-02
1.280499208385787457e-01
1.254020438938937554e-01
1.719077530480863647e-01
1.781242786492463759e-02
1.800084258582894392e-01
1.342428900651893020e-01
1.370268029666098508e-01
4.686440649460715119e-02
4.184276422994509526e-02
1.379327287079438746e-01
1.015681310823926264e-01
7.963046398698994666e-02
7.747464402798430461e-02
1.723038267725141709e-02
7.464877001733942474e-02
2.258191210003522298e-01
3.816854393578007487e-01
3.385018008345720697e-02
5.951400499728343174e-02
3.098658861060679323e-02
1.396182416218461064e-01
2.186293888303980637e-01
4.060370927710089950e-02
1.351661869081243472e-01
3.983587504950376196e-02
7.859804872854571356e-02
1.357064439416344470e-01
2.044017220263122381e-02
6.049338902521837757e-02
3.821615218350254972e-04
1.562348471543664463e-01
4.157143987797002477e-02
1.343122819638716270e-01
2.120054382574425300e-01
3.786524839402035658e-01
1.564571991005789253e-02
6.860296761801927545e-02
3.719586991000727316e-01
1.064102361346749015e-01
1.051157360391035689e-01
2.558185906594293013e-02
9.484486575722073098e-02
1.108370079220919041e-01
2.168415168093649481e-01
3.937550329255977699e-01
4.593984754819128991e-02
1.376416826857540521e-02
2.246571043524468736e-01
3.252643120422376022e-01
1.788716225654437553e-01
6.024041636896967922e-02
1.577746511069410829e-01
1.543740534102949757e-01
1.756268433001637597e-01
1.111556606661014135e-01
1.327916248546382461e-01
2.584879704562996136e-02
1.474056452374054860e-02
1.944471038043205091e-01
4.606362031596733519e-02
2.188927176713465761e-01
3.325559953232650606e-02
7.615845040435800239e-01
2.887207182647347214e-02
1.844385917330857161e-01
9.160210298645737881e-02
2.262733474998505634e-01
3.964826144326861340e-02
9.508487288331690657e-02
2.112205232403120692e-01
1.547173838010308944e-01
3.900042087479071995e-03
1.887658749775448022e-02
4.744060233427629253e-02
1.550963107887328579e-02
3.823034242484201206e-01
3.148809779490036598e-01
4.696691752125625036e-02
1.153808767121567401e-02
2.638697896660755493e-01
9.115813202331078668e-02
9.836720050170111307e-03
1.379967654262372057e-02
2.559184111569959841e-01
1.129746568923321870e-01
3.063982613813782604e-02
4.070954523669773062e-01
4.587033520123166841e-02
1.070531620855864063e-01
1.065704060125682862e-03
2.288960319641042129e-01
3.912582818964333020e-02
5.410044228752387135e-02
1.680627080100845563e-02
7.076317804986476112e-01
1.008338198445337813e-01
2.463475765711557186e-01
1.330772412711686281e-01
2.888999278798390358e-02
1.764593409371729149e-01
2.389256134094330519e-01
3.725692985948914071e-02
1.765053529315195324e-01
3.861537450487842471e-02
1.570121826717117350e-02
1.149585909720346327e-01
5.501297500331770590e-02
2.902382504780584016e-01
1.389739732795402805e-01
7.391097445946914757e-02
2.293581892389854882e-01
1.205387219136877519e-01
6.971308681348478697e-02
2.671147857614625254e-02
5.990413026734911495e-02
1.033396498052681356e-01
3.849864910764511094e-01
4.169942376020480124e-02
1.877753062614429536e-01
1.486840295272276458e-01
4.876966036774954549e-03
4.158879515896302115e-03
1.634361928139722309e-01
4.841751655844278579e-02
1.270860449048573648e-01
1.443545999600089058e-01
2.342564795121325760e-01
1.643115383105134275e-01
2.856553288417396086e-01
1.719388946043424737e-01
3.405423944601966568e-02
2.842383437010560510e-01
1.930861410437507697e-01
3.791424807772236782e-02
1.331159329046114059e-01
4.211837880311367077e-02
7.777725246196229292e-02
7.373675726858977542e-02
1.020114433127438935e-01
3.596951879624459836e-01
1.785448079775949215e-01
8.703218640701113062e-02
7.386176971447287742e-02
7.112299325255894145e-03
1.904395019455891458e-02
1.872045809659125259e-01
2.343419736769788708e-01
3.398483736898195995e-02
6.228804856906969833e-01
1.080005007369786024e-01
7.535237180833045945e-02
9.192822529105111606e-02
4.901041617799353767e-02
8.871189201438980931e-02
1.783235838883392987e-01
6.250994471654183759e-02
2.264687432735844885e-01
2.411427063970139062e-01
1.138563025017862440e-01
3.061731408360190976e-02
2.064151216756493767e-01
2.335997253486864558e-02
3.035541547492787151e-02
2.545838078260769313e-02
1.098185735196033214e-01
5.174754894187048176e-02
1.663363554807911759e-02
2.728621235078419749e-02
1.274554421599690679e-01
7.753430379300707553e-02
3.487964932657501849e-01
1.557490875284991971e-01
1.496720203755045886e-01
1.453084713651683901e-02
1.635820775865308718e-01
1.171904020253217577e-01
2.743041176323500821e-03
9.675790033070214013e-02
1.235929458414308652e-01
3.739693529459074683e-02
3.614236315996490201e-01
4.435243996152686552e-02
1.147766704726769088e-01
2.187475568717100471e-01
8.544567877048087068e-02
8.691195888962943705e-02
7.785434718646834507e-02
1.603878979892056356e-01
1.446326641027352589e-01
4.112116844104615754e-02
1.001312782138340796e-01
1.897636198237803995e-01
2.043183425068040987e-02
3.949842600156145966e-01
1.833198316236028247e-01
1.448339080529743861e-02
1.941849839744553274e-01
2.686260205138887858e-02
3.470941801078696737e-02
6.546191005313475864e-02
1.146998573407222721e-01
7.374709259127015804e-02
2.127482425069570082e-01
3.784547398347308800e-01
5.846447570052238502e-02
1.258456671407923999e-01
1.323683912028194021e-01
6.830206214117022501e-02
5.202638234928593647e-02
2.002016309823427820e-01
4.866406973883611459e-02
3.728479343552214276e-02
2.266749486409260772e-01
2.688523769471007352e-02
3.714167020195269231e-02
5.564992956476785269e-01
1.115165627172880342e-01
1.062994812962367447e-01
4.652976955025476397e-02
1.369749873548462699e-02
5.553582202516361283e-02
1.539983645557506733e-02
1.235811222198317239e-01
1.541897700720455677e-01
5.348878878792968916e-02
1.447102597014401915e-01
2.388228472532556157e-01
3.632286216358816822e-02
8.876512709330000583e-02
2.051736657585418178e-01
3.894597676023363320e-02
3.349871064436151791e-01
1.258659635766930934e-02
1.555163982130120248e-01
4.642170953147395362e-02
2.847714616795383180e-01
3.643889904976563288e-02
5.754928933001015462e-02
2.889535124473648908e-01
4.826735626904175847e-02
7.576687023102829377e-02
1.308953979909871501e-01
2.680812019558869233e-02
4.043561050628872305e-02
1.177947305791350596e-01
3.464139419046177726e-03
5.949832679133001956e-02
2.413489900782183617e-01
8.611569827993877796e-03
2.246908827043537227e-01
1.387849627858995794e-01
1.075757066667204220e-01
7.246305789083593019e-02
1.116976689641513559e-01
2.364357629312591746e-01
3.311736818723869102e-02
5.221483451322789238e-02
1.959842250778174103e-02
9.979302695124533384e-01
7.879644071247135506e-02
4.553943385715301939e-02
2.200723113822813382e-01
1.899939168457436822e-01
1.678499183191696220e-01
1.414263622575081258e-01
2.120440669576161563e-01
1.450984916148353732e-01
1.192838836108094658e-01
7.487310563897761617e-02
1.326907924609617151e-01
3.097020309469629140e-01
4.318608682694471956e-02
1.515599057897189517e-01
8.861731589152510580e-02
6.951313404756812031e-02
3.772766129559990134e-02
6.979240519376481156e-02
1.904730959505017696e-01
1.627078896702275901e-01
2.246582868126726501e-02
1.754470534828370121e-02
4.634245700477936103e-02
3.104856613630260775e-02
1.776750375787769509e-03
1.642751464284489815e-01
1.271976008050633156e-01
1.784410017698616069e-01
9.749743071247277126e-02
8.258009502549866487e-03
1.355225305723981033e-01
4.204495140176267576e-01
8.046774863594730043e-03
1.487567211198370654e-01
4.764311402139402851e-01
4.978749035899084907e-01
2.259004636184519244e-01
1.064563102248888560e-01
3.021276376538695185e-01
2.197833524239522773e-01
2.250461437541233511e-01
6.724046371371204811e-02
8.367619745449972335e-03
2.373898064782605233e-01
1.282685611491327961e-02
2.140116932555762019e-01
1.581340687187207661e-01
4.043372124495217546e-02
2.125634062727876916e-02
1.273156107221985744e-03
8.614426417655710044e-03
2.416601603961332223e-01
5.142281202860597700e-02
1.473837414770904908e-01
6.043254488829537252e-02
4.448565520166193610e-02
5.835726385956319096e-02
3.118764568076334287e-01
6.490097567967707815e-02
2.908494581252338285e-01
1.277045691665363858e-01
1.073273229113934635e-01
2.583122015141369257e-02
1.098910016279120994e-01
8.753624513620855696e-02
1.768051128673062133e-01
2.453949739805600938e-01
1.159471970779985955e-01
4.106318475447385263e-01
1.697335280416785719e-01
3.659890486178328239e-01
9.348902373425616030e-02
1.761974139633601388e-01
5.442627559441659546e-02
4.811241044445230264e-02
1.115508623636886909e-01
1.243626880441384419e-01
2.588492014802211694e-01
1.876926967208193964e-01
7.172224256476672499e-02
2.707029653491443977e-02
1.871520666594799487e-01
1.321166356384443630e-01
1.311536057469637473e-01
3.282420328041460444e-02
3.337790320209144124e-03
7.871727439558423578e-02
1.015924447433533551e-01
8.886425447407447775e-02
2.181760123817650943e-01
1.960483289079570368e-02
4.879643063055748575e-01
1.412657485432586846e-01
5.789696455257787450e-02
9.234939566514001330e-02
1.414547573402599734e-02
1.879862121166450128e-01
2.107390923077760991e-01
6.555280834074916907e-01
1.148110471119224429e-01
3.261578631180923615e-01
3.388788478785920155e-02
1.787418976218191069e-01
1.093785418998000775e-01
1.193047925839612194e-01
2.682453898926698277e-03
1.769898055753455490e-01
1.603141867510808061e-01
5.827231717246590670e-02
1.813139317420429664e-01
4.653313725641548548e-01
4.473335375426851918e-02
1.057120342808769431e-01
1.789127996782677033e-01
1.543583573555100952e-01
5.126998350636359225e-01
2.069078798977175282e-02
7.141412302925888300e-02
2.370929447132653911e-02
1.082449092636631749e-01
8.061630711696436691e-02
2.281318553972974117e-01
2.943836611462989916e-01
4.552284513473428551e-01
2.806052228599440479e-01
1.277063698915770207e-02
1.965686833086013538e-02
6.248222016213879348e-02
1.622709596414304567e-01
1.707104512619677661e-01
3.441870949554282633e-01
3.508742741215176153e-01
1.894021575177434191e-01
1.147878097533626546e-01
3.545218961827275583e-01
1.501501529613961106e-01
9.161257645197984356e-02
9.516891262052076805e-02
2.101928176966682271e-01
2.727567816735282924e-01
1.067023462453038363e-01
3.150956901729233262e-01
6.074802777236006923e-01
1.357497169943375492e-01
7.822215079430423768e-02
1.748659938345582532e-01
6.970762155224657919e-02
7.962414142068893197e-01
1.197151133410146867e-01
2.198452537253259287e-03
4.417012054249860875e-02
1.482852710089760384e-02
3.491540576586513178e-02
3.723567928920299419e-01
2.893477745735065221e-01
2.173459962860579270e-02
4.381538435444358726e-01
9.150905613783383297e-02
9.653415553176614150e-04
7.676571726232969684e-02
4.144983567693031334e-01
1.287608674789818830e-01
2.638565474732647020e-01
2.504381179240406929e-01
5.860239605923804607e-02
2.167820987170541169e-01
4.755108019860276175e-02
2.495611291577455870e-01
1.311477104125350901e-01
3.568858430538984078e-02
2.570994139328970363e-01
1.474643865090875527e-01
7.116402134310612082e-02
3.057622653985375694e-01
2.656090858397849308e-01
3.945654662571867338e-02
5.588578265557753166e-03
9.803956170820686544e-03
2.052518566191214797e-02
2.904013440195453155e-01
2.855973982943141865e-01
9.485903412537727286e-02
1.126588435287385198e-01
3.298629400184380223e-02
1.318387911482172825e-01
3.283310717034595982e-01
2.236662283614788971e-01
1.436570556707558177e-01
2.245713815975875771e-01
2.353134922447053801e-01
1.125094779505369236e-01
1.483717639114968123e-01
2.169561390866736605e-02
4.098672947263571897e-01
1.710283860327519723e-01
2.200815656459046143e-01
3.971847121735175984e-02
1.395166289265025936e-02
1.121068295946193727e-01
3.112583481871479263e-01
8.364660365663834085e-02
1.981592409433435842e-01
3.418879442229426635e-01
1.489307595246309734e-01
1.518623100705890350e-02
7.006157446955654788e-02
8.428437432705128407e-02
7.735566111273968481e-02
1.943922232612350087e-01
1.113291036650191218e-01
3.206332400878345035e-02
3.404332864279261406e-01
4.177246916461071491e-01
1.019627020969794129e-01
1.893431549395145630e-02
1.127734040628069062e-01
8.408360677857086574e-03
1.763362162546290857e-01
4.162686418291247636e-02
9.778969432045275800e-02
5.565780160901123361e-03
3.668496810871022529e-01
3.863789326659193557e-02
1.112082920271688646e-01
6.773376759366812883e-02
1.570673253485307674e-01
2.120468587520159542e-01
5.293840848663217136e-03
2.767785489953594746e-02
1.727135863525084136e-01
3.958208047721453043e-02
2.562856651129796770e-01
1.091091404779021834e-01
5.756190355232047862e-02
6.288431837091362775e-01
1.871998228078495807e-01
1.975089112899392485e-01
4.224456085880225198e-02
5.375318638737414112e-02
2.580940687041910486e-02
1.537089521974845108e-01
1.283023504789219948e-01
1.768983160722586434e-01
2.500312788705282285e-01
6.666153222027859648e-01
1.690730440350016184e-02
1.535553149468671386e-02
3.927032517428134806e-02
5.258101289787789345e-02
9.975975274715928598e-02
6.186969281875795423e-02
9.692045506733099058e-02
1.890218319605237521e-02
5.208375463339298683e-02
3.375352273076705212e-02
2.327373668141343235e-02
5.217907627159552586e-01
1.777223956452095854e-01
3.113412453819646708e-01
4.950132156524988947e-02
1.040077260818658977e-01
2.112106626319026903e-02
3.497001120454373835e-02
1.067133548470083626e-01
9.274279650304553119e-03
4.709029335989938642e-02
7.169844772566535962e-02
2.211803854005638115e-02
1.166747736050253448e-01
1.011812977771903987e-01
1.425067803974577330e-01
1.194025936566710799e-01
1.210033944068835410e-01
9.598296526013103125e-02
2.208567584471764211e-02
3.687101843637367038e-01
6.581052045346093282e-02
3.360324650784975442e-01
7.720824205172295562e-02
2.589120741819333008e-02
5.147256174879985546e-02
7.234525983825702833e-02
5.652873179609987919e-02
1.354817090212910753e-02
3.844233613414645145e-02
2.177829787227219815e-01
2.589229674189524183e-02
8.377552212959346600e-02
3.155771080635320636e-01
3.189633883817372673e-01
2.625903464708790880e-01
9.689536560126973952e-02
1.588615457391399921e-01
2.150540904871267867e-01
4.277309777353775072e-02
2.448775873105179524e-01
2.092046673488026642e-02
3.148835082854684053e-03
1.915429870912325749e-01
5.474068313928407564e-02
1.640221340843504849e-01
8.730683720566678740e-03
2.902610518545164497e-01
2.932512230072393047e-02
5.880802645393313349e-02
1.046708889519133989e-01
7.113028492614890952e-02
6.079648396412189459e-01
1.649221180571605605e-01
7.566487743769613472e-02
1.457094260905719696e-02
6.894724433476340231e-02
8.343043968573463087e-02
1.357331995142758985e-01
1.712007447184272502e-01
1.444086963727990724e-01
3.329671867918376771e-02
6.734920235799737309e-01
4.732304076865498366e-02
6.519742482614834800e-02
2.091948907513155875e-01
2.389882389212246716e-01
2.369042955922409655e-01
3.334781177834606480e-01
1.100400948969292025e-01
6.902308070610072566e-01
5.014609558145332047e-01
3.687513005587448878e-01
4.513191071475207428e-03
6.186935079135633120e-03
8.233732279571737145e-02
6.973712570564849500e-01
3.068129462457405143e-01
3.626237146598341315e-02
4.531919260146169415e-01
2.733517634886153264e-02
5.099637353941263024e-02
1.042720176679464983e-01
3.639939494050308064e-03
2.705628416900716648e-01
6.364704914385288514e-03
1.916050973365983623e-01
6.593146677679573298e-03
7.554759015473386241e-02
5.948037136049127982e-02
2.933181469031065705e-03
2.541630472772832272e-01
1.772842269222815181e-01
1.103504119230151598e-01
2.173370439435809709e-01
2.794247570433835981e-02
6.009990956016139640e-02
8.976379660573241548e-04
1.546755613550139519e-01
8.711909549519919471e-02
3.407933463412956415e-02
2.103920829861309905e-01
4.017975148207808544e-01
5.457747432932512632e-01
2.941458515323580047e-01
8.330843620283055750e-02
2.130911544685102910e-01
3.215374307491729033e-01
3.323642025612713047e-01
1.511346693405307695e-01
1.206488756939138873e-01
4.621761900190812788e-03
1.500550732719432567e-01
1.263092749691483996e-01
4.707230028200469485e-02
4.795735760775708678e-02
4.642186718657955735e-01
1.954739453858649334e-01
2.935330177398789431e-01
3.175867855501242343e-02
1.740488887053095179e-01
1.454847867401895534e-02
6.909343328451512597e-03
2.443761025474754933e-01
7.178762378648417819e-02
1.552206401499216792e-01
2.923449136721749664e-01
2.674930361342769264e-02
3.823573649085547366e-02
2.048133963162702686e-01
5.909069011724826098e-02
4.302110558023493070e-01
5.941759624591450017e-02
1.545764300976940619e-01
2.142937861422157253e-01
5.367421647439372112e-01
2.372179279958064324e-01
3.287010290520538391e-01
7.472187331137450372e-02
2.708697833278402856e-01
2.202868699195136559e-01
2.016729317129152266e-01
1.651228786238000956e-01
1.993975348845176132e-01
6.284565559113799993e-02
4.225956416822157502e-02
4.160134517249299002e-02
1.600834308662181238e-01
1.566447834806465877e-01
1.526628637353487083e-01
1.807418316066635722e-01
3.061760793348242138e-01
2.992233383179287998e-02
6.605629878505746289e-02
1.634477217157096762e-01
2.896597826380288287e-01
5.979696504545724961e-02
5.185680644543722018e-03
2.930203644298327581e-01
2.437601631043784245e-03
1.453342327911854399e-03
1.159020503316471329e-01
4.886189038568949927e-02
2.449882902508462301e-01
6.552780915745348711e-03
1.586292867246302807e-01
8.976587837815958038e-02
5.260622436303875604e-01
2.105993256304630745e-01
3.180905981265424454e-01
1.558625636271673831e-02
2.774898740246473094e-02
1.694409805074244268e-02
1.688107575264050642e-01
1.295864070409974769e-02
1.415675723540405495e-01
3.319329790700657756e-02
1.176545182846853721e-01
9.592045557194500693e-02
3.691968305142309115e-01
1.965444967131884657e-01
3.246387461180564316e-01
4.057372976345932636e-02
6.191643291024550022e-01
4.325648673323782140e-02
1.849660340853509499e-02
9.360268362016972710e-02
8.270068022014506748e-02
5.159975684228906845e-02
1.381647736476096511e-02
1.093980044774960358e-01
2.936030811685951258e-01
4.716468292740879503e-02
4.328441315777331946e-03
1.750494021124245417e-02
1.241927137881656540e-01
7.473930037675838300e-02
1.577728776350807993e-01
1.660504580582961298e-01
1.137515472329763550e-01
1.416726926581973189e-01
2.490137604931315085e-01
1.508309272592401884e-01
3.403040145735355959e-02
1.097622384960131869e-01
4.253911397612860634e-01
2.186576578914456448e-01
2.751250814229935227e-01
3.566087916621363263e-02
1.184285205731209489e-01
5.151664774000811603e-02
2.320871156781155464e-01
6.331090668392488907e-02
1.239770729079010814e-01
2.541228861925118321e-02
2.106827934875494801e-01
1.068981374834520326e-01
4.296264367285512753e-02
7.253177246458254734e-02
1.708448587688177478e-01
1.894304864459130378e-01
3.130357727195353518e-02
2.308125604440604273e-01
1.697851056596935970e-01
2.590489220788222413e-02
1.242505113735086764e-01
1.260070418365297207e-02
6.680475119984564669e-01
1.573024221704654446e-01
3.602786213538966553e-01
3.165946016273071262e-01
4.962928660470666137e-02
3.791046671056458317e-01
1.379687489318527083e-01
1.019731141821414444e-02
9.178593877321622463e-02
1.507339277855296589e-01
1.961168434974251973e-01
2.956375487031720484e-01
1.857065691008012998e-01
1.849733682329898071e-02
3.486979513813359688e-02
7.391232118140136920e-02
3.195863830963949215e-01
1.739231365926399986e-01
9.593104599301341406e-02
2.965740343780472882e-02
1.099111896962379209e-03
1.017358621009552266e-01
5.557308860863319211e-02
5.289179020318508090e-02
4.320520595985863355e-02
1.592960178534990334e-01
3.108308220538592154e-02
5.659044222658818346e-02
8.998837672713863589e-02
8.772801799689872171e-02
4.656369922320168636e-02
1.622225389219198455e-01
2.546473177013391376e-01
1.151317799750054549e-01
3.485351134447230992e-01
1.025417398423295462e-01
1.944453458353181396e-01
2.367767377861080824e-01
2.018310960299951606e-01
1.622525731607849242e-01
3.468934875070520119e-02
3.961966503496042180e-01
1.450458857420601211e-01
3.135232709074666224e-01
2.599976336968715107e-01
1.400148401652648034e-01
1.737870970597987785e-02
1.786447626907464170e-01
3.444366840579270173e-03
2.216817845294108413e-02
1.657830068286446079e-01
2.284700131774110021e-01
2.412065770086962435e-01
1.111006808106222016e-02
5.236630956428607597e-02
8.058916288488655877e-02
5.782362773327992533e-02
2.786386647647913217e-01
4.147808996651697333e-02
1.375195207122288654e-01
3.966301804380682472e-01
5.632340884673379955e-02
2.287501007550898913e-02
5.632102853342521587e-02
4.410925928993422174e-01
1.280338297355788635e-01
2.233307969384440428e-01
2.824317285219998808e-02
1.667391537978301086e-01
3.398413897598064892e-01
2.285389247416139968e-01
7.717468184060810588e-02
1.388365680269526559e-01
5.285126843540095543e-01
2.837250061911477175e-02
1.860064520819363076e-01
1.220434520469108192e-01
1.112401418276377368e-01
1.221863484854393000e-01
1.741787784126594130e-01
1.611368895317130678e-02
8.140919487945041944e-04
8.059500997622771890e-02
3.277326391936241645e-02
1.457974090593973093e-01
4.459478875449585100e-01
3.472713734136325670e-01
3.161702155211892212e-02
1.207547565314671251e-02
2.346825681321364487e-01
9.298674415446260555e-03
6.475605593932676207e-03
1.065903127072610618e-01
9.765780211353872198e-02
6.982539863633251132e-03
1.414548346505298433e-02
4.951063388856085101e-01
3.242969766189476299e-01
2.602001340608777191e-01
6.898813183181889963e-02
5.889493987594759949e-02
6.710781394269488276e-02
1.964225250535755474e-01
3.002881279107758820e-03
7.191364092587952672e-02
5.244219071104814223e-01
3.034059387556393983e-02
1.347350548215381361e-02
6.212603683839349605e-02
6.599783113207255414e-02
6.428468250788570149e-02
5.883115057733788733e-01
1.192529526416433866e-02
1.573660019150877054e-02
1.596601123871160266e-01
1.228654281460358211e-01
4.879408263782704369e-02
1.790799367920881124e-01
2.022478862759164719e-01
6.901322851740332442e-03
4.570708984988687551e-02
1.901727866796689148e-01
3.230593317138018283e-02
1.099525401142083386e-01
2.128460463752878118e-01
9.526738390409629498e-02
7.600199364970491520e-03
2.894656740583280707e-01
4.265336275997465565e-01
2.662103624043661299e-01
1.643738658473068992e-01
2.144404334247842769e-01
1.340162041006587312e-01
7.328261306837829947e-02
1.858655479765402574e-01
9.803776718054862255e-03
9.269163983627568687e-03
5.564882017007090065e-01
1.660395321784651212e-01
1.080540458278690247e-01
6.737937229707863240e-02
9.577492660948173919e-02
4.189332642999032269e-02
5.093861886726520627e-01
3.474785109498279567e-03
6.753774475584475856e-02
3.846041254748322480e-02
1.812078024647909846e-01
1.429898727367196476e-01
7.834817999195382854e-02
8.695272354255853542e-02
4.704107460915352840e-02
1.564886668366867184e-01
1.663918529543804981e-02
2.222316457220211428e-01
6.866305391927327029e-03
3.376625264093673362e-01
1.385226247209013772e-01
5.802700392390038736e-02
1.043627459014966341e-01
4.103341287866366649e-01
4.424393463674320404e-01
1.421063565458511313e-01
3.359101507263993758e-02
4.762093121928604594e-02
2.316341803246720343e-01
8.830380239851710888e-02
5.179316049584009596e-02
3.103234164384745253e-03
3.606593805916520346e-01
1.308879275727720115e-01
4.373373950646250452e-02
1.622677185560028601e-03
7.142429804796557313e-02
5.680592154007345351e-02
1.032716722485954863e-01
1.799579414178612002e-02
1.074447856655817990e-01
2.849257628209662940e-02
1.171110771163766384e-01
1.155925852004324322e-01
2.594177313443652988e-01
8.242804788779437009e-02
1.334737892737395959e-01
7.728765246819414847e-02
8.584149996695361606e-02
3.714065767691950848e-01
1.545115630184971944e-01
6.078086064074712525e-01
5.481466476173557645e-01
1.277818475054393887e-01
6.747895853101101848e-02
3.264855113449288138e-01
3.383570376410524605e-01
1.462760098528285979e-01
2.925978224259289107e-01
2.638822597486088078e-02
1.460728896572193736e-01
1.609487344819860999e-01
3.270887094878714707e-02
1.139533393606343287e-01
3.815899845233786808e-02
1.033333762807359807e-01
1.466457135451976757e-01
1.438591038445078407e-01
3.065284710069529628e-02
1.052939448979931109e-01
8.332919514898257107e-02
6.486122061745924761e-02
7.154218142498055405e-04
1.003217188046021807e-02
3.406903971639875517e-02
9.739274792496543931e-02
1.237403621357055089e-01
1.414062487490824194e-01
1.450407493514974111e-02
2.797855811861489350e-01
3.941108975129156006e-02
1.686589398932648309e-01
2.229786906388120937e-01
4.442131265865477685e-01
1.806638343274177549e-01
1.111701962078465722e-01
4.425756545223380467e-02
5.601189487040851844e-01
3.061860375718463700e-01
1.244447484483996724e-01
1.974811226971910083e-01
2.364072093283572928e-01
8.356305129765215223e-02
2.008087370450131193e-01
1.087370955624875069e-02
4.180470115106582618e-03
1.388055819578213335e-01
4.209064342029385924e-02
1.129455347852225122e-01
2.149545721755795058e-01
3.076738743779477286e-02
5.893407379874714136e-02
2.086854696355814331e-01
6.408306109236504289e-02
1.810573093633328912e-02
1.552696329393108386e-02
3.296565046904710305e-01
3.996179089083279345e-02
1.823987031055968600e-01
6.156477405831594085e-01
5.320714267270468603e-03
1.049986199690390865e-01
1.697555302244970199e-01
1.431515557902486024e-01
2.615398401325718658e-01
2.989783538487222336e-01
1.405177618422691899e-01
1.360109626040265085e-01
7.388538318423872042e-02
4.952717113556603934e-01
3.225376147529295245e-01
1.267567438126796786e-01
2.169860164954547088e-02
1.499286788865539788e-01
1.313322737247235583e-02
1.066054311963823276e-01
1.151554690159325642e-02
6.648912854787518423e-03
3.107862073968964411e-02
2.863684415852781051e-02
1.851103291919570237e-02
6.163674249324785359e-02
4.354604910948826901e-02
9.238501609499552569e-02
2.145068409015099264e-01
2.046253155749999109e-01
1.930930972132828202e-02
2.997082394758500412e-02
1.576771677112591974e-01
5.780121785387454941e-02
2.593064941630977838e-02
5.088762387009254651e-01
8.931467009478594177e-02
3.129231979825708998e-01
6.217658965565492357e-01
2.137734408857738799e-02
5.553519821575425564e-02
1.739843045023303225e-01
2.327243376848533718e-01
2.717972222588926345e-01
8.620564596090470044e-02
3.441574742461729342e-01
3.836224522131013170e-01
1.702434651500610990e-02
3.557121753770377953e-02
1.630618817066578075e-01
1.614172898804303036e-02
2.451933199090971238e-01
2.099740974279475370e-01
8.815309872150942083e-02
1.821478452081592980e-02
5.854543125828846895e-02
8.572303656983625009e-02
2.818213973039395137e-01
4.022955587534587929e-02
1.277917743739841183e-01
1.551825940300022577e-01
4.123882656565188709e-01
1.255507636025813833e-01
1.304543462098402273e-02
5.348009991930632173e-02
1.084794883416036748e-01
1.339495953358529057e-01
3.402202970286979239e-02
1.219834054771717913e-04
3.214910087226867663e-01
1.708050722045426073e-01
7.273516431273255659e-03
6.761968629319359270e-02
4.019827630051249767e-01
5.641203820839563177e-02
2.389286047597005691e-01
1.773322188131701282e-02
4.878219600386827226e-01
5.350628916986477357e-01
1.032419607832697483e-01
3.841436235157619228e-03
2.495582625719326708e-02
2.044818897923638690e-01
1.435260870697933899e-01
7.965070042723083887e-02
8.339670839019047710e-01
5.100586626214025088e-02
8.192951582112872888e-02
1.924820703200175176e-01
5.909535623187359837e-02
2.146717800145866994e-02
1.765616073960139532e-01
4.340197504146248858e-02
3.226204208348681934e-01
2.864163576318005111e-01
7.173953309899852582e-02
1.275308828027574559e-01
1.895581955860567158e-01
8.688727888455988202e-02
9.359212301936301048e-02
1.754439794224334909e-02
5.881348892737964240e-01
5.512762418777159695e-02
1.188704083972820513e-01
4.079934402048557285e-02
2.079245306559206752e-01
4.278634705982992115e-02
1.927006636273302376e-01
4.115537463241836225e-03
5.661154181087679760e-02
8.870473330177253146e-02
1.741241268813345511e-01
7.753610295576804368e-02
2.860831301142303246e-02
1.696898532167153140e-01
2.847809004299887148e-01
1.606018592253017907e-01
2.158032059521264312e-02
8.382067669483980743e-02
3.538210796738738839e-02
2.884940407908420656e-01
1.577771511546154082e-02
7.188831634239993551e-02
2.200584325054564805e-01
1.320232053130856731e-01
2.059694294281705362e-01
2.287770505399996102e-01
4.610325541982632225e-02
2.964015046848452253e-02
1.864059195602908725e-01
1.321176223781537762e-01
2.769303157188214293e-01
3.766052505050419830e-02
5.365996901851568524e-01
2.081064670004565964e-01
7.933503736388472505e-02
9.762743665601517074e-02
1.060216225315883526e-01
2.075714281708510023e-02
1.486697931932379479e-01
3.126528552678242701e-01
2.096319047884930703e-02
1.733136051979575487e-01
1.523731025793150229e-01
1.312396044427346364e-01
1.069845086766946576e-02
4.234810622377715994e-02
3.495273499920560356e-01
1.356680996822991377e-02
8.149659611328906317e-02
1.036293674252726227e-01
4.006195209004961844e-02
3.022209643845938931e-01
9.085436385806999748e-03
5.483519694421237767e-02
2.154361360108441037e-01
8.755280617328840831e-02
7.757006279169093022e-02
1.064163855534661918e-01
5.648558143585120928e-02
5.760529566187291839e-02
1.909376395669841187e-01
1.135161504607506422e-01
1.389308486247971264e-03
9.540910442555691762e-02
2.956550280458507540e-01
3.517449580981705376e-02
1.305017068186180851e-01
3.355918061134736952e-02
3.926450933197874749e-01
3.379844502078494569e-03
4.571700473461318692e-01
2.238812231726543256e-01
9.854247332308843643e-03
1.891251580324512238e-01
1.118535614107053489e-01
8.093766910688232619e-02
5.647577085563036670e-02
9.350268797549310396e-02
2.214762519336243851e-01
1.868516174213483150e-02
9.392173698379385760e-03
1.375036333015553502e-01
2.693397917111728032e-02
4.307436137117479635e-01
4.423098939427850401e-02
7.114879703648602227e-03
5.098237979283648524e-02
1.332820730494614081e-01
2.088453940345530446e-02
5.393524977256432262e-02
4.742527302896509811e-03
2.677133262000660346e-02
6.658199180250351512e-02
3.933731129042203345e-02
4.423546709006838384e-02
2.120105423336465511e-01
2.849213361437548664e-01
1.508850024840519000e-02
2.329910030766597084e-01
1.574331790554195087e-01
1.968935664378432537e-01
3.690881493038079830e-02
1.947614015617251948e-01
1.173906561062922349e-01
1.701405561763382479e-01
8.939410423424708207e-02
7.695691108929969548e-02
4.429815573041271382e-01
9.416093518383200633e-02
2.140660343311604624e-02
4.487517560950082113e-02
1.726399740743578826e-01
1.166204687159916320e-03
1.373208856662648525e-01
1.285623239636357606e-01
2.877546227637885479e-01
3.254393432209330694e-02
2.492312578236231813e-02
8.409408345827229861e-03
7.855298101428785651e-02
1.588798004282636067e-01
2.324374250615171555e-03
4.551341054808470676e-02
4.509638434697628429e-02
3.195752517604788512e-03
6.555650617240618705e-02
1.292135374633726352e-01
1.924404382539247893e-01
3.742715988933414950e-01
1.292622598591333938e-01
1.159333334802839233e-01
8.792707441881891794e-02
4.936330891120885300e-02
5.753742766220761029e-02
6.033966987867833698e-02
8.272590616551842024e-02
1.501819184297167875e-01
3.246005074890086911e-03
1.200551716103775424e-01
1.102986327292151542e-01
1.553206923365227365e-01
8.499595068617374349e-03
5.065577999001631693e-02
1.891590065088177008e-01
2.000961228159612443e-02
6.783212211358025101e-02
1.932868820075838157e-01
7.593663209856076346e-01
1.429071507092425641e-01
9.522999229409145200e-03
9.318339494083472188e-03
1.068613317902419035e-01
5.797705251958735762e-01
5.417331337862932132e-03
4.927532394681113925e-02
9.454807769689335673e-02
1.208131897194134052e-02
3.473008892707088457e-03
2.618383237020238119e-01
2.389735670406992751e-01
7.296724092641501680e-02
3.911055299230366267e-03
3.458251319739037016e-02
1.558803090058785701e-02
4.711454698860689100e-02
3.858802630867923938e-02
5.065577052736278119e-02
1.430303502226988877e-01
1.236365178612384846e-01
6.484456125567602744e-03
4.905503675566560973e-02
1.160485729426605217e-03
3.109063122465317019e-01
9.580655410352265089e-02
4.622893022610627400e-02
4.317118065483410011e-02
1.964772443011677389e-02
2.016550007587932514e-01
5.231140257156234874e-01
4.555291145877160552e-01
4.878368591882315669e-02
2.390099832548242889e-02
3.272401495210693068e-03
1.073487711602228167e-01
1.993552840013292360e-01
1.157484381851554556e-01
1.299552441652447876e-01
1.419886409645715331e-01
5.195856326781439494e-02
1.424780133721371966e-02
2.091160346692533811e-01
6.055444686550954386e-02
3.818050205945472397e-03
1.603454615681280948e-02
6.944715038789939232e-02
4.637970134115175502e-02
4.454711931000836928e-02
2.063829194648351614e-02
3.169496563412436962e-02
1.487205087507794399e-01
7.462883185231031224e-02
7.873909160985045896e-02
4.924997333928843313e-02
1.358289226345596457e-02
1.248347462393645246e-01
4.152470072730208434e-02
1.763662418315160157e-02
1.579267801322083997e-01
3.396627788694451394e-02
1.288094260686628578e-02
7.822660786220925200e-01
3.696257924288941510e-01
6.311384962529187348e-02
1.057273263704284344e-01
1.551859885002479685e-02
2.061905664852772824e-01
1.859388664701625560e-01
6.414478296166713223e-02
1.196883664399438080e-01
2.577185056691007614e-01
6.130074853990007122e-02
2.950223365902027162e-02
1.946763987754848990e-01
1.325919978936111743e-01
1.067736964419180312e-02
7.333291942902189775e-02
2.638363349691522780e-02
3.905385837814578931e-03
6.348248017735064197e-02
1.611224603956464829e-01
3.803567166353138268e-02
6.169261483654908673e-01
1.351518745851794101e-01
1.385603715281799875e-01
1.257098494329430827e-01
2.458689758990782737e-02
8.364926700869608489e-02
3.781854816919191786e-02
1.863733691477507948e-02
2.751360898801691324e-02
3.960665308504530135e-01
5.500865292464988607e-03
3.490646457565375615e-01
2.511526470496037167e-01
1.960372350843326839e-01
2.786480281321337404e-01
2.145611844111679906e-02
2.985757643544983408e-01
2.641733151615263675e-01
2.064994631566638428e-02
3.172243091375266388e-01
8.713322878883381084e-02
1.858550085513851480e-01
8.530141071726565771e-02
1.737672147147301671e-01
2.088400788961203985e-02
2.756318077644904010e-02
2.315475281927732165e-01
2.008801713857375215e-01
8.259355445595704948e-02
1.690581813778291309e-02
9.066148804889546942e-02
6.384421227474484928e-01
3.126101530447825683e-01
1.970638447227591322e-02
4.097723435585446938e-01
1.185685160387254800e-01
1.473044378508188701e-01
2.187850379017454994e-01
4.728822607226512709e-03
5.207023414157689600e-02
5.815495096757885424e-02
3.504802625899855473e-01
4.547174634578455416e-02
1.500608789456363001e-01
3.121095787670266630e-01
5.806339037801638847e-02
2.141817963883798359e-01
3.630801838015301763e-02
3.736088904678624423e-01
1.098544735337383949e-02
2.198650875622775586e-02
2.676099959200688438e-01
1.914909699073315957e-02
1.171767085236236350e-01
7.006623694119831769e-02
5.211044503339119505e-01
6.253497504587011979e-02
1.110400006802819139e-01
2.029724697092415986e-01
8.923713360112472959e-02
7.855141187814299042e-02
1.176335390276055520e-01
1.047907428544631037e-03
5.322430885568835146e-01
2.569853231380831993e-01
3.740723993159422722e-02
3.507567323391069802e-01
4.200513960794528129e-02
1.622126268163921747e-02
1.247899650202517752e-01
1.583067192312151983e-01
3.210648623951124769e-02
1.475130039457092090e-01
6.129275749466864265e-02
3.683968814686730542e-02
7.893815389011711592e-02
2.706603864137183679e-01
1.542299388629888579e-01
9.546838200666686591e-04
2.963026850916149202e-02
3.572227122896445284e-01
1.192162996536183794e-01
1.165259450259460532e-02
1.216087592033337217e-01
1.106556681947540449e-01
1.425494288054375280e-01
8.328447618584000622e-02
3.017714945103188717e-01
7.019004404960668686e-02
1.310078226226519538e-01
1.026338097371002345e-01
2.069375666151522242e-01
4.793221080840459614e-04
2.198628067636784755e-02
2.425012693944716968e-02
2.614356252010420767e-01
1.944889395974564172e-01
7.747032131453103487e-02
1.539361877146729618e-01
5.700491261378044794e-02
2.077235120396872525e-02
1.050849647849577129e-01
2.184245945074910489e-01
1.018610479636413158e-01
6.188237991615904571e-02
8.957671271337125374e-02
2.917681220330684000e-02
2.377710709058817040e-01
1.687706373219653999e-01
3.690788767323461839e-01
2.135910509225081785e-03
8.122362197760568669e-02
2.943955252261286071e-01
3.684993656844545162e-01
2.501350947096120381e-01
5.923106267905475786e-02
2.698249569437122242e-03
1.283553874072685189e-02
8.909906497178150808e-02
1.159090308675520264e-01
9.165767151807263646e-02
1.687513097921901351e-02
3.205247181499337739e-03
2.507196165895522744e-01
3.045098086613990188e-02
1.213186463756108363e-01
2.051805294233957286e-02
1.662861482972126659e-01
1.219805857134453886e-01
1.880275503294237538e-02
3.044209212194910752e-02
3.558979056718701572e-02
1.483663971185239239e-01
9.939085035377664967e-02
1.476167426290337370e-01
5.061979986965227385e-02
4.997174482027996745e-02
1.197960492291120366e-01
9.739824317124765041e-03
4.159759181175100018e-01
1.926496147040909213e-01
2.737328686793291110e-01
6.711034286814146488e-02
7.171872802023396276e-02
1.370762660461710691e-01
5.922793399475467790e-01
1.972279050040322973e-02
1.337442866479404413e-01
3.255864469538860551e-02
9.390631090251927438e-02
9.198988483666724336e-02
1.362370863648145192e-01
2.734743971371844662e-02
1.471123129076179481e-02
1.996687632162526538e-01
4.654381791938418944e-01
7.072455843895393557e-02
2.401134069383146219e-01
9.009556337032052775e-02
4.937513228093094036e-02
5.055591783261076388e-01
2.342134920170974577e-01
6.468972994969386658e-02
2.125871967176908295e-01
1.967520622619736703e-01
1.490514864938214668e-01
1.313396875656952512e-02
5.235038670468551009e-02
9.001528925912299917e-03
1.078672756182333659e-01
1.945989030792412422e-01
2.841421959695262234e-01
2.721002753237050098e-01
4.262863043303718458e-01
4.420183630664070717e-02
3.128294465967623728e-02
1.659772415442319904e-01
5.053680263902113889e-01
1.810971096074831532e-02
5.920563539168616218e-02
7.886096752505743213e-02
5.265247502535982949e-02
1.786427300224781023e-01
1.791179714954034830e-01
1.020576689323138553e-01
3.738085272588838326e-02
1.449538322380399258e-01
3.473487383376933080e-01
3.438924096304952771e-01
7.537532377081640478e-02
4.020107368066553472e-02
2.138744785922756797e-02
1.433281226170639577e-01
3.983683541113297588e-02
8.026880129430002953e-02
4.446249321184005121e-02
3.651955843894572062e-01
2.645111557793973778e-01
9.352135776532433109e-02
7.442902201944998075e-02
7.987078362601084114e-02
1.177049995612073768e-01
2.223441417288588573e-01
4.509361119896567599e-02
1.393964636945320135e-01
4.761908845258807643e-01
5.495545110168573166e-03
6.934797935626191290e-02
5.373834506816052570e-02
5.948184231745080874e-02
2.183262439868170757e-02
1.047665032064899748e-02
1.656332763684351117e-02
1.721792352073406862e-01
1.617294660570249842e-01
6.858651023184511586e-02
8.334817659711248050e-02
6.715543840289675548e-02
4.106176584159000886e-01
3.730045745228310894e-01
2.388304840345955027e-01
9.251530211004302395e-02
2.410614170052552754e-02
7.653307137557749384e-02
2.463530942951455693e-02
8.784662054818132004e-02
2.641726070160324222e-02
4.162686984913675781e-02
4.257666687088913771e-02
7.003761906337752086e-02
7.052013780959895395e-02
2.062348399358790441e-01
2.694546146892259214e-02
5.763061489144083449e-02
2.473769257114202258e-01
7.954560601698013045e-02
1.908433697888843039e-01
2.370642289073250919e-01
1.365179757762274848e-02
1.455634138639847475e-01
2.679055143248949833e-02
8.172456248030705861e-02
2.146678244103706820e-02
1.252218186882289586e-02
7.589442598648619975e-02
1.314963318176683160e-02
2.560559128994598921e-01
1.132689588927269786e-01
7.735258001313793930e-02
3.483827708443123367e-02
3.129548545015909955e-01
3.702658418239905824e-01
2.698971141821041031e-01
1.596046949365012013e-01
6.796235787558116415e-02
1.636212514946705776e-01
5.452453289100805955e-02
1.480459019054048697e-01
1.757449484479342849e-01
2.129811109107355716e-01
1.003952820470560003e-01
5.646425147653504062e-02
1.391096758613329376e-01
3.929060982534499785e-02
6.598284570332714483e-02
8.884814624081933954e-02
2.277814493729699852e-01
3.837668470186395009e-02
2.169985424887726222e-01
1.697354332941072852e-01
7.118416391403939447e-02
2.496696989037965331e-01
1.866553512783555580e-01
8.567489652660001398e-02
1.696030520551009280e-01
6.989835167664068538e-02
1.582697987252842386e-01
4.915233306491145759e-02
1.551835518020594495e-02
1.696778095887626348e-01
2.342225864792505177e-02
5.432750599269693670e-02
1.476848416368517769e-01
4.195309265844947288e-02
1.981642186858342258e-01
7.086603594729509736e-02
9.539074031704730672e-03
1.080016902294212849e-01
1.961776813102703021e-02
1.797100426527009354e-01
4.774697480679551687e-01
2.248033169889723099e-02
1.253668488660647784e-01
1.366816310726399197e-01
9.269384241304017003e-02
1.229440350047863312e-02
1.765936379627716657e-01
1.206378936112448702e-01
2.340727506844244854e-01
1.615109920931220300e-01
8.324811728143949319e-03
9.810542072319056173e-02
1.261170958972859801e-02
2.059397481605796942e-01
2.638919353335594242e-01
1.245960526879877905e-01
2.464710591708908771e-01
1.374184615058578196e-01
1.927194537091011517e-01
1.492189495524183229e-01
8.981794851657919077e-03
1.540695189031239254e-01
7.145705503175134310e-02
5.206690239861578445e-02
9.521042214216096644e-02
8.795699821072136548e-02
1.699736470658098075e-01
1.035582333284304490e-01
9.327557911482985131e-02
3.204805178224724715e-02
2.420424657833725457e-01
1.957566518129714647e-02
3.670363295416669835e-01
1.570879085910195649e-02
1.789415948743579843e-01
1.976425462082753715e-02
1.208006905285047422e-01
3.313537081062867262e-02
1.438780814354552740e-01
2.954575763470924932e-02
1.849892928900897515e-01
1.905786908476201358e-01
5.482754308377230795e-02
8.873837537764103084e-03
1.914952386537557838e-02
1.998008213938975430e-01
1.860918875309592602e-01
8.250828250216546422e-02
4.316037802221524972e-02
5.657127012773739694e-02
1.772266311329126487e-01
1.001021305880255563e-01
8.770777880584732303e-03
1.645475195051122053e-01
1.040121968980566025e-01
4.186377250879792788e-02
7.611657172403635263e-02
8.365377896463989382e-02
1.077253635709124885e-01
6.426811820402417164e-02
8.751397076754510729e-02
8.829125780779048527e-02
2.126726406335751607e-01
9.682117596589680242e-02
2.048551446252116770e-01
2.654504167109793256e-03
1.519972529716956400e-01
5.334597973313998098e-02
2.285792342215078043e-01
2.150607754835784369e-02
2.163386493044046066e-01
2.874809897967418870e-02
4.420009023163825046e-01
1.968724367791382934e-01
6.146121118717443044e-03
1.151688029717994194e-01
3.353959773957071455e-02
1.130103615290146829e-01
1.757526877285066624e-01
3.027718352803533339e-02
3.593639679776632068e-02
1.012963608660340763e-02
3.904554016023242813e-02
3.092533171897317301e-03
1.904832318215273629e-02
7.797248814348071155e-01
3.802498138102267111e-04
8.652429197801383975e-02
3.563305329606996086e-01
4.143498577538292163e-03
5.694222323654865581e-02
5.906595480923561292e-02
5.873960493985715126e-02
3.117531906964884567e-02
4.266011499574144938e-01
7.524876170818162180e-02
2.734303362474267418e-01
3.518665743473917140e-02
1.092647532290401957e-01
1.399413718471237411e-02
7.319716032938231032e-02
8.233595100899919472e-02
7.953013493369433251e-02
8.428485298888478694e-02
1.416976094997222102e-01
2.200042687942287967e-01
3.365337237921879610e-02
8.263917328433285914e-02
8.394038453528913576e-03
4.191828905896174962e-02
9.462589596003209702e-02
5.586334654999344784e-02
1.987782833219863265e-01
1.975729222360715354e-01
8.800509621082225342e-03
9.497459046724623932e-02
4.658135983032769128e-02
9.326515834166261565e-02
2.598181785350255346e-01
7.523271315426721673e-02
2.882082884330984807e-01
6.946064586328841439e-03
2.878998387776465773e-02
2.418894957134374787e-02
9.175928011067663315e-02
1.200640935709773316e-01
4.302491469795014511e-01
1.871638648893503634e-02
1.773477415165421456e-01
1.240196618991451505e-02
2.721191477538380254e-02
4.655355878617271903e-02
4.295333387207209142e-03
4.667564530717923516e-02
5.280673470154143706e-02
1.381324026587587295e-01
1.251214533585752742e-01
1.364254979298751280e-01
7.649037873924519060e-02
5.433977286409139018e-02
2.152410488071173841e-02
8.511418927581733407e-02
1.686734270190275720e-01
1.270943218674543407e-01
5.035608337316788141e-02
2.217469357582578793e-01
5.035449475207100234e-02
4.551476878925242442e-02
1.121329649138897155e-01
5.474162385635675254e-02
2.835269547228960393e-02
3.627896762765141225e-03
4.943657226983429465e-01
2.384569501457803331e-02
7.680495300726626617e-02
3.164585264367014705e-02
2.528150806832437508e-03
6.277189294991223356e-01
2.614008613500894418e-01
9.816293496647027217e-02
2.780531024176241539e-01
2.627706607409028422e-02
6.967891967405388798e-03
1.574901225228020341e-03
3.289696876503187678e-02
6.976361609955603060e-02
2.682187210892694740e-03
2.255419669481206202e-01
2.851861713522962360e-01
2.201934083990687019e-01
3.452483829552516204e-01
3.666027467288932029e-02
1.903106890154067365e-02
1.296072248189198903e-03
6.845781187237892640e-02
1.355819842231406058e-01
8.883738486367798171e-02
4.000118199413801867e-02
4.328432940372677756e-02
6.748520350350771004e-03
1.159915659328140253e-02
3.349176090191260946e-02
3.269191040401348697e-02
1.361417937750723506e-01
2.112981222013833593e-01
1.156573524234490585e-01
1.221947803370362767e-01
2.585125474576545346e-02
1.208473441639268953e-01
1.401194596541461557e-01
3.723601806692945076e-02
4.608661568478893134e-02
1.676409086250900682e-01
1.703096815794496455e-01
3.375155305456713217e-02
6.686566568716059700e-02
1.950443624643712764e-02
8.519691752674263263e-02
1.277339514868721104e-01
2.276028242733238449e-01
3.332210987613605235e-01
1.748788265193305658e-01
4.067156738212208134e-01
1.191940891292916360e-01
1.494008858682361607e-01
2.580659284368869155e-02
1.022161762966009302e-01
2.006963193695843750e-01
1.008894460871433557e-01
3.997478399057950368e-03
1.718415547904343643e-02
6.846192207178330991e-02
1.824746758583152551e-02
1.637031241596850761e-02
2.222369626399529896e-02
1.386920069568260694e-01
5.716945792941525994e-02
1.116837834571411947e-01
3.251285423875067970e-02
4.387765154213771335e-02
6.432769517093130107e-02
1.148644224771157574e-01
6.112133872078170244e-02
5.233692033521856191e-01
1.575961297265820460e-01
4.370633629014688548e-01
2.236338226956544051e-01
3.135819242412088426e-02
1.039471474195136080e-01
2.447296819559047210e-02
3.297934564866396023e-01
1.776627976110257690e-01
8.719904153559117355e-02
2.588090196114205543e-01
5.270458753502162974e-01
1.306752400207188969e-01
9.380333557951869849e-03
5.526620574790520879e-02
1.572787147427676113e-02
8.985769305809349072e-02
3.521437904962216869e-01
1.792670000539559050e-02
3.544685195928642951e-02
1.528399798488755401e-01
1.914657504943199640e-01
1.093325116272603620e-01
9.982479166607638454e-02
1.677518007855391402e-02
3.400679768365236222e-02
4.301628016193997234e-02
4.155547311700619195e-02
1.891830186257935087e-01
1.342526816399577938e-01
6.491866173921385930e-02
3.670539450628115263e-01
1.895364115796783211e-01
1.736613304015841019e-02
3.703608588251927070e-01
1.429768801814290391e-01
5.017142009060318597e-02
7.294235081644262486e-02
9.400802189480615689e-02
5.864299309735926391e-01
8.285607635591031583e-02
2.704753725442692325e-01
3.121297167184883259e-01
3.299254656317494039e-01
2.883442430469069784e-01
1.744762826084210461e-01
5.524944745348204372e-02
5.045641027722705396e-02
6.947387225965256929e-02
2.714850840659656650e-01
3.546073902755954299e-02
2.600025988602672200e-02
1.576761812883026304e-01
6.620154879065658360e-01
4.618073031478348023e-04
1.151085572617187858e-01
3.068752026641113906e-02
4.999745491565252276e-02
4.823058168543357949e-03
4.912464271913608710e-02
6.051732463874762158e-02
6.714482058920955010e-02
2.161262356636926563e-01
2.242695953545255916e-01
2.123878662730306344e-01
5.794845703473260057e-02
2.991763023143152456e-01
5.832644260237132561e-02
5.062997791799932201e-02
5.899855180458989795e-02
1.078805041465026593e-01
5.189286749922618347e-02
2.446140081937462352e-01
5.916438945730975035e-02
2.438551486602354990e-01
3.034224883782440929e-01
6.460537898106263888e-02
3.089043667987104724e-01
5.886794897994651610e-03
9.738717437176619418e-02
4.652193190416832602e-02
2.911511666070537574e-02
8.738704684292220026e-03
3.498191636695641149e-02
2.848645125825142732e-01
3.747299050313376290e-01
4.494195168458469669e-01
1.265083394016553731e-01
1.252264401191756082e-01
1.450835534090602619e-01
9.452873877995499052e-02
1.114910019548770309e-01
8.202424429497140457e-02
5.506182816186967754e-02
1.785014027366262357e-01
1.573090806967383237e-01
3.255433483267249906e-01
3.105896728359414105e-01
4.282464038832872744e-02
5.716166843687800481e-02
2.659992349536818290e-01
9.319462572702727488e-02
1.756830858415133756e-01
9.654633254990295510e-03
2.534372367103529533e-02
4.251843851610444258e-02
2.198113883671499735e-01
2.107673614023019282e-01
6.648422748902287072e-02
2.335804957891928282e-02
7.518289560611741973e-04
4.787361891260773217e-02
2.116590609432028591e-01
3.297555283196572373e-02
2.655418605936726156e-02
6.295314205952830949e-03
1.901250768445603978e-01
3.986915056094791354e-01
2.775316577373601046e-01
2.631204487132940417e-02
7.716854980619304583e-02
1.991955433099876216e-02
1.251036803712227974e-01
1.592006985044047696e-01
1.243423821997082790e-01
9.117127796510428317e-02
2.613500745289783905e-02
1.003374311824968834e-01
6.485687224541231144e-02
1.681358157730853953e-01
1.173785791461239014e-02
2.396485782161345002e-02
7.160576625113421190e-02
3.863444281248663154e-02
1.979167558102854496e-01
6.944902522114400345e-02
2.233967829983365405e-01
1.134312300863290768e-01
2.310517819322165378e-01
1.151736688667205077e-01
3.055898603831830318e-02
4.129993137089663091e-02
5.893152950838004278e-02
5.723987953198961254e-02
9.237447309834795339e-02
1.960766854723823560e-02
1.464641215788499706e-01
1.495857410577320357e-01
1.863283831127868495e-01
2.716915293537319753e-01
1.656092052414987192e-01
2.683233758917264455e-01
5.569549196493727150e-01
1.588421550305363361e-04
6.558365659317598462e-02
1.391867574180229994e-01
1.290724012506911933e-01
3.723439585700503984e-02
1.257496838166240472e-01
1.148293897045088163e-01
6.731693920894298022e-02
2.827745694487543426e-01
4.105744131699267524e-02
1.117070319057666961e-03
1.851344901843009483e-01
3.299101432108411669e-02
2.232785333108759929e-01
1.625548233075567173e-01
5.390123569690116745e-02
1.084721714926847047e-01
1.979871289513474020e-01
1.294543162949882975e-01
1.076313239419075390e-01
9.304521724847499009e-02
1.078647270858414109e-01
8.204420160807628093e-02
2.566991406158898592e-02
1.490426938924455103e-02
3.452075128716856900e-02
5.370879213586736423e-02
5.614008726766551993e-02
1.973447009030572241e-01
1.508845206670063055e-01
6.906255679922123081e-01
7.314255748957828457e-04
3.025566724479404612e-02
1.667293483898841799e-01
6.254079362749724591e-02
3.121717962977733907e-02
5.555028655929719617e-02
9.265500396809428496e-03
1.432853806794683882e-01
4.019948897617869887e-02
3.212029184402428461e-01
7.557055615512009439e-03
1.491519069911809159e-03
1.176467572469881429e-01
1.092347142222486189e-01
2.303449807156510709e-01
3.645774766821581192e-01
2.930063798328925717e-01
1.853187837660127679e-01
1.545672340559237634e-01
1.580314643653511486e-01
8.038584695036488093e-04
1.025996142709560965e-01
2.435133550928296198e-01
1.559254626029592597e-02
1.556503998974063108e-01
3.060644874431571807e-02
5.444249574828292221e-02
1.448494733596963555e-02
8.075217823424404862e-02
3.266827294275567173e-01
1.294521030233265479e-01
5.838048004104386957e-01
1.187710741336248932e-01
2.788610838805229974e-01
6.096687350358856450e-02
1.529915132447578520e-02
1.773020261995547631e-02
4.224688800298953550e-02
6.466723692016983216e-02
5.696196526656321923e-02
8.053308270820674908e-02
7.716803117932912182e-01
7.890680572678412941e-02
1.121461885383381735e-01
8.340678132808712619e-02
4.320674335003098498e-01
1.730883652490505797e-01
1.618331938726830233e-01
3.024934160074914113e-01
9.140102857825005422e-02
6.128945549106054602e-02
2.738457303922188502e-02
4.616927403550046688e-02
8.665984347211530547e-02
1.818156670574758160e-02
1.189728368674158876e-02
1.240885643392738713e-01
1.608390609334133248e-01
5.155280841758502069e-02
3.533953078025872663e-02
7.307721325304813997e-02
2.612837360527671057e-02
1.242127976191135658e-01
3.221397213478364718e-01
1.448091490837978279e-01
1.255190023979789737e-01
8.886264564323081983e-02
6.240360280968794415e-02
2.064726951171265146e-01
1.071475885014621099e-01
1.232783969799623180e-01
6.841204391782351735e-02
2.970323186974673998e-02
5.488093729640916019e-01
2.486915043207138520e-03
1.785930702591666808e-01
1.366498492682021171e-01
3.176750999074782200e-01
2.331354789141209805e-01
3.596457923826563707e-01
6.597703604383647891e-02
3.657095181342009949e-04
3.500162308962072033e-01
5.383285349103109074e-03
1.874654024768894131e-02
3.114198020187343430e-03
1.167241226523147851e-01
9.879518986613569642e-02
8.371341633670892346e-02
1.298441723770995399e-02
1.813317931546812867e-01
5.306355784885039006e-02
2.124837085086048877e-02
3.605670152352946634e-02
1.969016023494849221e-01
6.277846738649304204e-01
2.961953420000708673e-02
2.740707550760083655e-01
1.346686125331578339e-02
9.654771721157688613e-03
9.277227931581846776e-02
5.060742184610700356e-02
4.476588788058637469e-01
1.664222997475921506e-01
6.674041249833218004e-02
6.119030800717926155e-01
1.315934389641312541e-01
3.115877103751560906e-01
3.095455340663534616e-02
3.547382165155509859e-01
1.538420947954440010e-01
5.532174003303721443e-01
4.510736130854817172e-02
9.731534349378381799e-02
2.891469999370225863e-01
4.667890028779639322e-02
8.696658500806794811e-02
1.112775866596721341e-02
1.117059369109831557e-01
1.083929487096604721e-01
6.283208232759054934e-02
2.150631450615638207e-01
2.631506496634867381e-02
1.682054532660347268e-01
1.271905658077270573e-01
6.241841167239443877e-02
1.107897917907050417e-02
5.664966974053251558e-01
4.736990328637759318e-02
2.508617243993897516e-01
1.059404220906766808e-01
4.243071637224948844e-02
1.211560757996078264e-01
1.471874614651632607e-01
4.773883053630034734e-02
5.895778889632661418e-02
7.271549720275549689e-02
1.023194755490507146e-01
1.231753692682346635e-01
1.371991441316830485e-01
2.365532686093653469e-02
6.242909901471518919e-02
1.345759611691393631e-01
1.523468825097094581e-01
5.308036483006778328e-02
6.623319002183572501e-02
3.261967541349757027e-02
1.162847603021437554e-01
2.761963660794163056e-02
5.962398041082193900e-02
4.369023206321025199e-02
1.338438138504525199e-01
9.879067483296213870e-03
3.492557777897646321e-01
6.232842785335070829e-02
3.300094551531025933e-01
3.784029923846056465e-03
2.941957620383272437e-02
2.928440034812418435e-02
1.127610156306247668e-01
2.614831874066467221e-01
1.206758597370287123e-01
5.969995575784033948e-01
1.728822619812465100e-01
2.166632625171589499e-01
1.954398365404830806e-01
4.251476817694740951e-02
1.098015372555033453e-02
4.138914439117270527e-01
3.805669699275732176e-02
8.988570583679228454e-02
1.744966068126417580e-02
3.994061618444193218e-02
2.346698123917828616e-02
1.247859624398159201e-01
1.225272146165311549e-01
5.296964744974684558e-02
6.806373481550095916e-02
6.087306285836385084e-02
6.283266578263659863e-01
4.013461422739825202e-01
3.304113329423921750e-03
6.134675546970833060e-02
4.733698626365052675e-01
3.131644398363107873e-02
3.792917292571131860e-01
7.189914554925247447e-02
2.467797311085800915e-02
1.952967994046692635e-01
4.324562696543632345e-03
3.142198878522589611e-02
3.715794499741131851e-02
2.678989080619338381e-01
5.067989927103325881e-02
3.067943495151584932e-01
6.644872686921106386e-03
5.572665264308075683e-02
1.050248023200057862e-01
1.943614072382212621e-01
3.650480269600049621e-02
5.071801106752672483e-01
1.073266716628215600e-01
2.616455615271630064e-01
4.828823932729021939e-02
1.463621856178085323e-01
1.444670604343119280e-03
1.123537525732625775e-01
4.257492681448624139e-02
6.884927942552160340e-03
2.315185891368166243e-02
1.771289555727679488e-01
2.459698786603871090e-01
3.732765043290964813e-01
3.807376445514966401e-03
1.473948212730172569e-01
2.516851088868294339e-01
1.826326035677733883e-01
1.786652846132495698e-01
1.216241952469051951e-01
2.036461941747461091e-02
1.338644645837422653e-01
9.424724438747006383e-03
1.432501429606929111e-02
8.037034946588916817e-03
5.505294390489993972e-02
2.346857441930297328e-02
2.385873016528546331e-01
7.131596910864086009e-03
1.120589668987673204e-01
1.494240388023426735e-02
1.897121392411721119e-01
5.034602425100424827e-02
1.085991392488654950e-01
1.392630329057814031e-01
3.325679674150622267e-03
4.741227011259104701e-02
1.367652440604453790e-01
6.044258056492782943e-03
1.863379430453494523e-01
5.276166550975976838e-02
1.731295307159463892e-02
1.036618254782796233e-01
1.301795958630858063e-01
1.586016488384360823e-01
6.353994804958863485e-01
1.197281953555821843e-02
1.396977077249326460e-01
1.132546507371052363e-01
2.843670885192385867e-01
4.528308738463791006e-01
5.492587525281185379e-02
3.734769966045708989e-02
3.427123007968214119e-01
5.228794680962382813e-02
7.231263122418511713e-02
4.407675443481193778e-01
5.218712608653366253e-02
3.464206100527970900e-02
8.173218779275104318e-02
1.521938674714506945e-02
1.362301186675882181e-01
4.732920564603165792e-02
1.598739828344089009e-01
2.169907265168608684e-02
8.994535327424113547e-02
8.004411489860663309e-02
2.779398865389826750e-02
1.291844505850147651e-01
2.542275589295872606e-01
1.256506342622745742e-01
2.563171733506122707e-01
8.625685615096426173e-02
2.063569553505528037e-02
5.979884838457462382e-02
2.417834904003859919e-01
1.394001605821620915e-02
2.492331854171773164e-01
6.286842967120417902e-02
8.792855122378478994e-02
2.515139505634739203e-02
2.278559451273797221e-01
5.685528899755573073e-01
2.226576446929889874e-02
4.202749575278101613e-02
1.179156252596554599e-01
6.701300905214725712e-02
9.129340218893947090e-02
3.072216713522835096e-01
4.516206648721554640e-02
1.841794768436233465e-02
1.235651018421157904e-01
5.109719011764934232e-02
3.760835675124004490e-02
3.152211818345670991e-01
3.231630077146273039e-01
1.229966799456206905e-01
3.389010197009658110e-01
3.016077112562225437e-01
1.499248214011253688e-01
8.479776134972016877e-02
7.678784146914596764e-02
1.391070552276729884e-02
3.535511460814461659e-01
3.687159387372893060e-02
6.375469681686424250e-02
1.219584534005301868e-01
3.455243494133922177e-02
3.887954994821171684e-02
1.398006851942196482e-01
6.340901320579703238e-02
1.362649255407975268e-01
5.365123054782011680e-02
2.209184703146999940e-01
2.859933724416692247e-01
9.043327814307632051e-03
2.086779378615161440e-01
1.287814615023213927e-02
1.899064506868011482e-01
2.673176746522678560e-01
4.452043459125800684e-01
5.580997772551453406e-02
9.497437840781022822e-02
5.105532989793035159e-02
2.880994411791865106e-01
2.212195179239108966e-01
1.914106345547755272e-01
3.152607884009787642e-01
1.997911852335501059e-01
3.242713524032597161e-01
1.205437221990300345e-01
3.013346693461377845e-01
3.538016264526616661e-01
9.803143963112177783e-02
5.504784509986372643e-02
3.021915010858345907e-01
6.540532722575700952e-02
1.486494062268893801e-01
6.687442936786730519e-02
1.459865449729159381e-01
7.492773121130553993e-02
2.266471821355899863e-01
1.183776265782726655e-01
3.740337920684053685e-01
9.373099906490361954e-02
1.202544234371173693e-01
1.687124539579550331e-01
1.334546416173169048e-01
2.449983506016251145e-02
2.101530741329580287e-01
4.847779171860101821e-02
5.442603664009404429e-01
1.970081186272033269e-01
2.163314238541317047e-01
6.653261210325731034e-02
4.361522934731330153e-02
3.493188318867238018e-01
2.055979159848070059e-01
5.952743418302342687e-02
1.054529876726703619e-01
8.516269923480951354e-02
2.495859242200567651e-01
2.635022814811359415e-02
8.299669589877685383e-02
7.522257792744263538e-02
6.509638367787698443e-02
2.682126710740734832e-01
2.883662339786715600e-01
1.384134252118054964e-02
1.480744147813816969e-01
1.344927704198805585e-01
4.154617306899061058e-03
3.735940251150149383e-02
1.345049041253532640e-01
5.873556199049753679e-02
1.707497269141722285e-01
6.803298319362538482e-02
1.541899835119359685e-01
7.055455224493543953e-02
2.845808618617584607e-02
9.333124487339308772e-02
1.548633294655309134e-02
1.071452700241944944e-01
3.188403660710543708e-01
3.764919628873077129e-02
2.242388602265734665e-01
6.214070971609132049e-02
1.626508092577590159e-03
1.821193324797253932e-01
3.804214671364547495e-02
2.253820047787118835e-02
9.498242381461396988e-02
8.326245126161099797e-02
2.503336743211160287e-01
1.664092970404292826e-01
3.654729676177972952e-02
3.388293762768140871e-02
2.294915516306668124e-01
4.574731899684559289e-01
6.672734001589875064e-02
1.460432837181243892e-01
8.977359118143283245e-01
3.013003716658853581e-01
6.819426374188070072e-02
1.870588968664851914e-01
3.860543207223373630e-01
1.050126758567595103e-01
1.279778760756012101e-01
7.275464363018599445e-02
6.727962411949821309e-02
2.572693809158393963e-01
2.600508983537910823e-02
5.122647108057698517e-02
1.090165774818953048e-01
1.908897238695139720e-03
9.296150183025267411e-02
3.081942773810471964e-02
2.165684827090089415e-01
2.770319250691913315e-02
1.455254278678904875e-02
1.775851577773544521e-01
7.138940284815549486e-03
2.028717776930017425e-01
6.478459171198895639e-02
2.288995448069604602e-02
3.707671341406540422e-01
1.637949713869013557e-01
1.055382184274902824e-02
3.376318373453675303e-02
6.826577553980390789e-01
1.855134708968133594e-01
1.113245541876852207e-01
8.382144715570066795e-02
4.180437418098088553e-01
6.451352590701245338e-02
3.648889222626539031e-02
2.470846965389187355e-01
2.811014196878351967e-01
1.313588431576202809e-01
3.970807678408070363e-01
4.040486713512567163e-02
1.348326441519200405e-02
5.497396626074130266e-02
1.395876303616060965e-01
8.657811283790868562e-02
5.272784895021363771e-02
1.269302694975998902e-02
3.270167525508869966e-02
1.703375706811225410e-01
1.032628898982269894e-01
1.178131473178376798e-01
2.425940971180336192e-02
1.215631819325025398e-01
4.193223151980686458e-02
5.377998233040280629e-02
3.068126568052862435e-01
1.013125210070596194e-01
2.852267335257513414e-01
1.070210338891856156e-01
5.817794853182928216e-03
3.299790610653197676e-01
4.492411885672111249e-01
2.032141644885959719e-02
3.278323815185756329e-01
2.964946036631185833e-02
2.837821067760569749e-01
2.402186680460909884e-01
1.211756211679434862e-02
6.965375720448016561e-02
3.190994563560692332e-02
1.179191770298139430e-01
2.185016924597605811e-02
2.116508188141335289e-01
1.058792786578629241e-01
1.156412624012027740e-01
8.314337744961650123e-02
2.594082019185726604e-02
9.141214395150386307e-02
2.135823628043364841e-01
1.746979961632539047e-01
2.514396616796736872e-01
1.697391315914187904e-01
1.494861643692403097e-01
5.587862659063742854e-02
1.177693105664268658e-01
5.417013408047915979e-02
8.314960683281544251e-02
7.748748957768911150e-02
1.431916373516855800e-01
1.153906699090500032e-01
5.470408220083221307e-02
2.292955431954715739e-02
2.901694427927756226e-01
3.285889573780296780e-01
7.518756035909476831e-02
2.064989236949534290e-01
1.358489231948942777e-01
1.272083962486731112e-01
4.756212346410891856e-01
1.758901879156909639e-02
8.543330171974763965e-02
5.338128839987080210e-02
1.615986256450090836e-02
1.075779503063270526e-01
8.305957568824356985e-02
1.612162116913065935e-01
4.656382198744284107e-02
9.134575559718915994e-02
6.242423280705378108e-02
1.960981461959119404e-02
1.641258720871310861e-02
1.149976974366796745e-01
1.573168370256113058e-02
9.437424884849512918e-02
1.889666510659790966e-01
4.234447884572341975e-02
2.045252997810673851e-02
2.458168958644524615e-01
2.927719510485561616e-02
3.561057397451601603e-02
1.515868759938817090e-01
9.815528987471774935e-02
1.119791957641438074e-01
2.137615945760028280e-02
2.246938877532539125e-01
2.874934678260080978e-01
5.789303311189914619e-02
3.191500465467559389e-01
1.149255422974534840e-01
7.902683884239729284e-02
6.252207533394442684e-01
1.929761850016582445e-02
1.132309721714398337e-01
2.124967872997286789e-01
7.536031219956854273e-03
4.196840820741983002e-02
1.233870232159162139e-02
1.950264041629928835e-01
3.746824738267923172e-02
7.222165251547396636e-03
4.335555147126435999e-02
1.209477211611898959e-02
2.486985454127724204e-02
1.527673441307068058e-01
5.176496452253270819e-02
1.263594479468608534e-01
4.821026367200148544e-02
1.732148553563161997e-02
9.447156681717455706e-02
1.642569992141831858e-01
1.091632415916953952e-01
5.032149167285460134e-02
3.391347723779340462e-01
1.284922603389927406e-02
2.045347746039042833e-02
6.593251363220720140e-02
2.169152376204481758e-01
3.620878539633062276e-01
1.037397859100160080e-01
2.817311064176395985e-01
9.459435249809171331e-02
5.624634940771340574e-02
2.627610097535501010e-01
3.520112727942750069e-03
9.660421934831561752e-02
3.098802267584476952e-02
1.571488929954314440e-01
2.932857117625804061e-02
3.449225285231064669e-03
4.238492050465665906e-01
7.384366167507164236e-02
3.173262546637040105e-02
4.812814836337137719e-02
1.343169016425279083e-01
7.936896124214759540e-02
6.772312382212808402e-02
1.231253506775813328e-01
8.788293647467035341e-02
5.392629436103812957e-01
3.954432917137868375e-01
6.858262963990094385e-02
1.851147237640966559e-01
8.212859810364958602e-03
1.337102344570585966e-01
3.631332354573607590e-02
3.778607353474727759e-02
2.578914583642990394e-02
7.505500159315170450e-02
2.703590704661303912e-01
2.611147522855983283e-01
4.189340191035625938e-02
5.725857504356897110e-01
6.740514809392283979e-02
4.209819224513544622e-02
9.552243745009847409e-02
5.018084019555607567e-02
2.051082786668419755e-01
1.335408937654647410e-02
3.618723496519038463e-03
8.444780280492465707e-02
1.164351894462686832e-02
2.035271498765210407e-01
1.176948091859184448e-01
1.493290494475127926e-03
7.430662746229610427e-02
1.975769394530422773e-01
2.824908281378514519e-02
1.445873264031938832e-01
2.010018124353893376e-02
7.050401581301813519e-03
4.196245589758328398e-01
2.367484717684412154e-01
1.012874559011648495e-01
3.049908374598506861e-02
5.927667212613149661e-02
1.774422020583140969e-01
9.257632741760699058e-02
1.094857678052627292e-01
1.733516659844577257e-01
1.444671198866936401e-01
7.053723824778217188e-02
2.931140168708661342e-01
4.866691869080523938e-03
4.459234744497914127e-01
1.106044393993285135e-01
7.209629908144965516e-02
1.150698348631413875e-01
4.486044994052940105e-02
2.767073407431082654e-01
1.264417286069528801e-02
8.286491089539124721e-02
3.843185933944875954e-01
5.808240961759281173e-02
2.844164432991829611e-02
3.166270855236846815e-02
3.095114590971649246e-02
3.038463808170253910e-02
1.300767220080273345e-01
1.148369446674419453e-02
1.734479518801951281e-02
3.329821340470051627e-04
3.999306379044493404e-02
4.125412832450714440e-02
8.546704166992265261e-02
1.695087019592673161e-01
6.596144889583363535e-02
9.026024557237113943e-02
6.498330360300642872e-02
4.735045132474204055e-02
7.248443565400862487e-02
1.731030663200015807e-02
2.949920089033566950e-03
1.417991563401187205e-01
2.156446194807493943e-01
2.380095556807095697e-02
4.491247269934467434e-01
1.743880957188457537e-01
2.819407463486639509e-02
1.499222817040798683e-01
1.121899444014507266e-02
9.680012236512768042e-02
6.344374728532797825e-02
1.353128642507269164e-01
4.346274937113863701e-01
4.752521337210226238e-02
8.152692891730031755e-02
2.109475069076094389e-02
1.982350154537347239e-02
3.011102710170526428e-02
4.864181195667608426e-01
1.468659404230355237e-01
6.525806422436253307e-02
3.348825773654055815e-02
3.452896804937820030e-01
2.219103300940786228e-01
1.645315020310082754e-01
8.849896203960812280e-02
3.415303032999145172e-02
1.331565827175107686e-01
2.590117566192783050e-03
3.616419727578956689e-02
2.165585553785320805e-02
2.008384183807060408e-02
9.920967263820421045e-02
6.660717374658420287e-02
7.776643380786199544e-02
2.211933199025839167e-02
6.591662725315849958e-01
1.555309733475726541e-01
4.092528117684296474e-02
7.103092623187638732e-02
9.057222715358752285e-02
7.662697603415424830e-03
5.386121765684148688e-02
2.247787932955629120e-02
1.407639773335113975e-01
6.807424123384613057e-02
1.196457617468505569e-01
4.321419926256160615e-02
1.698377044539908787e-01
1.535967010350225148e-01
1.056942878511072104e-01
1.939812451909634916e-01
1.998980747783224710e-01
2.071042104771769754e-01
7.576662418096756502e-02
8.485519888289069779e-02
7.808932702276524807e-02
8.939919810216528928e-02
1.859326301449887031e-01
2.841311556749522016e-02
3.958050932509529773e-02
7.269612776652237263e-02
8.904981173038205300e-02
1.624225215337865014e-01
3.514678155550537281e-02
3.122367896617594951e-02
2.622884257637914107e-02
1.366830676997080884e-01
3.195796078663502571e-01
1.218374543188342346e-01
3.898360046808680215e-03
3.065990216216727196e-02
6.147015433715255495e-02
6.451340077134587458e-02
1.958034690667094790e-01
1.244968197769760060e-01
2.149109468653041533e-01
1.154972951696392885e-01
6.061522896349466616e-03
4.198858923880375606e-03
3.928484307801716202e-01
4.578037225066814986e-01
3.637929193926293658e-01
1.633736035636496053e-01
1.298667075708987984e-01
4.923319333601924863e-02
1.115351128832257344e-01
8.204921907952639204e-02
7.447671499717771482e-02
6.856496659844547870e-02
3.008114691669316887e-01
2.963178722401637460e-02
9.599167602582576314e-03
1.498153436950153822e-02
1.289691189626593348e-02
1.370431672026793946e-01
9.845064255826018948e-03
1.323139260637566303e-02
2.669078587547827480e-02
7.614122692349126025e-03
1.888223210325887802e-01
1.492791292838206163e-01
2.334655159515852674e-02
1.962454607670057194e-01
1.574106088467387421e-01
1.648286357028078131e-01
3.174043552549574154e-01
4.536348221257203300e-02
1.167216432197259318e-01
4.993982562145338200e-02
1.612923047598955051e-01
6.412490155835087746e-02
2.063323371333588008e-01
5.824153919424053250e-01
1.377392689093887290e-01
1.677461916397552377e-01
2.106359697503095429e-01
1.264591285979206614e-01
3.567715155187032861e-01
2.569779238977772384e-01
5.125187287815341497e-02
7.096011621225084554e-03
2.826827780284409952e-01
1.327895029100007451e-01
5.914593323380648582e-02
5.700562354979198110e-03
3.284755954795524902e-02
1.496185172378664864e-02
4.185455414136680236e-02
1.587322763670756531e-02
3.075322431900068265e-02
9.330177199885308914e-02
2.375562389150137066e-01
1.605545712841861816e-01
1.783573595354881469e-02
4.643516722507186334e-03
2.008191442551048311e-01
2.891733459918109650e-02
2.862731537474971777e-01
1.246886266741819849e-01
3.050594953091156358e-01
2.294794524623817999e-02
2.190408229956267994e-01
4.457475848562121590e-02
1.149782943331685570e-01
2.607869798985963383e-01
1.449230255812829216e-01
8.773801438551598331e-02
7.775653994102504907e-02
3.612482813158418571e-02
2.633612927847150398e-01
1.369445714625790456e-01
1.405106858934179748e-01
1.676428706443117145e-02
4.552822765768540503e-01
1.197556883887802293e-01
4.684765840074155835e-02
1.215453530603691490e-01
1.760969122365460549e-02
7.053999421334842049e-03
1.381376193677586184e-01
6.507472587222762339e-02
3.357006157049397671e-02
7.751111019476723818e-02
3.548350537797946846e-01
3.673667168310756209e-02
5.605249857689420523e-02
1.354379123669301466e-01
3.449183508849741897e-01
8.930548060285171952e-02
5.956879047459265886e-01
7.286619755259186176e-03
1.622537314589686253e-01
2.195054419114078614e-01
1.728920828026035972e-01
1.818317119322711006e-01
2.094736555347309626e-03
2.586423046844072982e-01
4.733448047264974812e-01
1.571449024525148619e-01
1.793683908156382401e-01
2.451222929943114304e-01
9.973696658547773208e-02
3.764449535331704233e-02
3.198316027100039927e-01
2.852745320037455151e-02
2.287188574520639395e-01
3.198977367863236054e-01
1.121708714466670143e-01
1.557593127227252794e-01
6.175343865366769366e-03
1.751673027360400869e-02
7.901212434148052743e-02
4.293089074266979652e-03
2.685439130026416599e-02
4.948257312467196911e-02
7.677934908921506263e-02
6.335218559467170607e-03
1.772687042552597292e-01
4.476136434358021776e-02
1.846569450204252338e-01
8.915282878235421260e-02
1.443361772610441685e-01
6.927887302084564936e-02
1.077684273836647944e-01
3.273046607108281436e-01
2.079232654402198843e-01
1.402788693320057289e-01
1.505658155397068265e-01
3.577891403522169278e-01
4.321201438721288257e-01
1.425479023239865917e-01
1.216541126383441362e-01
8.475094670656858897e-02
8.829430821632237858e-02
4.476856039822540989e-02
2.126047134381392201e-01
1.769338522246349105e-02
6.544441502756431772e-03
1.961938634760460876e-01
3.526735571946593151e-01
1.257408842137134469e-02
1.404737075693842929e-01
3.032381395750440023e-02
2.204998067180124477e-01
2.337458688512747407e-02
2.444934209397480254e-02
1.935343699270277718e-01
1.009926422518408889e-01
8.207062526423462845e-02
1.617764832486553450e-01
1.257892016133223267e-02
1.122060261191518138e-01
7.288483698727453441e-02
7.638259097221267169e-02
6.803348579898230164e-02
3.812749608766102458e-03
2.707467906054646795e-02
1.844514084727789105e-01
5.844543737196947197e-02
3.107574203822234538e-02
3.525001097077956613e-02
2.841960868491177350e-01
4.013802468591598505e-01
3.591611521795891604e-01
1.813084385277501098e-01
1.703045320966910525e-01
2.843739812786023613e-01
1.425940052906299604e-01
5.296300882547637368e-02
2.097561582794428559e-02
1.977345037912127401e-01
1.550815700272091813e-01
1.528911286707695938e-01
3.361061538127876197e-02
1.008552722341506946e-01
5.775392527869650100e-02
4.624110835152822618e-02
1.011067601236658592e-03
8.818542266273321495e-03
1.502579822849848257e-01
5.930604525658531023e-02
1.169499903565387744e-01
1.695811417880804806e-02
7.475281906730299464e-02
2.664214226551737674e-01
1.640327724333280335e-01
1.420329927805605852e-01
2.777429794935540319e-01
3.922247579363415115e-02
3.013408384497014980e-01
3.190664237990756269e-02
2.767584671261324458e-01
2.162941062513843576e-02
1.698057216699827010e-01
1.516252017093220883e-01
5.535559343331459825e-01
1.566579459892967208e-01
4.025666871859939766e-02
2.674710305889348994e-01
3.631171796706633703e-03
1.704819801740853347e-01
5.390937418761797967e-02
3.144759280609237817e-01
2.683370272902813741e-02
3.966336788604053060e-02
1.496985187679637785e-02
1.467811987716827193e-02
1.209339903700935859e-01
9.964464968226488528e-02
9.202495253718129264e-02
2.939431018155386904e-02
2.265790023905173700e-01
6.936912018221297327e-02
1.909604539932308054e-02
1.764156775754911755e-01
8.052453760623710932e-02
4.335504410112905327e-01
2.413382491055995061e-01
3.084537916701643456e-02
9.562055294022754615e-02
6.583556783687825875e-02
2.325217805598263632e-01
3.129934336175946297e-02
2.015944723348304934e-01
9.609081076019798662e-02
2.890882234638152137e-02
1.538234236918800679e-01
2.553039875929719038e-01
4.860490809313777749e-02
1.374113160942384282e-01
1.310314482006106063e-01
3.991878918802540532e-01
5.443335316738798224e-02
1.619306026513803176e-01
8.923121927357752226e-03
1.403352367689505442e-01
3.715243539940589479e-02
5.467079796069643227e-02
8.415586386396439744e-02
6.857912476067873353e-04
3.751245102141510523e-01
4.294418232957996073e-01
1.914521838517510288e-01
7.666605376658996995e-02
1.525219785910402470e-01
5.585765986532886807e-02
5.646573182252755119e-02
8.540191359608734212e-02
2.720749889846387215e-01
5.464719956281585689e-02
3.206712336388251039e-03
1.761753065344290881e-01
3.426164056667185820e-02
2.050517475452960370e-01
1.185001745129208306e-01
3.269074929371343918e-01
1.983714372560599001e-02
1.063098103836870312e-01
5.211595316844988557e-02
2.544316630445725980e-01
4.031863931998868472e-02
6.985386276905732050e-02
1.978276569202845336e-01
1.917304983806131791e-01
9.464811258518160408e-02
2.989856381629071302e-01
2.901368934000201835e-02
2.248482427528319949e-01
4.140569060825206177e-02
1.209376385000334175e-01
2.614200990571762806e-01
1.312169297191850825e-02
4.252199682603714781e-02
2.357404369885618758e-02
1.273867971464108517e-01
8.062577969962148039e-02
3.529906824521489295e-01
2.399561925976537169e-02
1.011563363344806232e-01
9.429138724086934265e-02
8.231385206501047602e-02
1.543573289106052460e-01
5.179136287728702825e-02
3.109489876380777673e-02
1.529827710490899439e-01
3.883014471748845731e-01
9.471385025537598645e-03
4.159347434193260140e-01
3.821208528040107022e-02
1.468594554377594397e-01
3.240748344894332778e-02
2.863924068803522793e-01
6.926038219087130021e-02
1.304403012024562269e-01
3.959034634660466567e-01
1.349311246600373160e-01
1.467566462032820346e-02
3.982291390863141323e-01
3.493211110695097765e-02
1.721919401595269333e-03
1.007244383041518421e-01
8.884312248991764471e-02
1.069580955728939298e-01
1.133688077332160316e-01
7.897231840603138875e-02
4.248065666409818475e-03
4.871057506873785470e-02
3.519247093505688262e-02
1.270050923513103558e-01
6.923411487995766167e-03
1.067201622607595879e-01
8.876516347232488169e-02
1.225659872794086502e-01
1.996011536525537922e-01
4.585706956707476245e-02
2.059362820496743116e-02
1.917839309196806008e-02
2.842717112890580378e-01
2.997435907044086745e-02
1.948421838790144744e-01
1.945480657619398368e-01
5.011694547854774612e-02
4.244149328578326885e-02
2.101255860196615810e-01
1.748118045331920056e-02
7.396860319443911147e-02
1.293615192941756642e-01
1.715206685698191791e-01
5.499721012759098415e-02
1.258394533287087447e-01
4.533188592338787543e-02
1.518851709940519101e-02
3.044104217341306318e-02
6.845037340411419535e-03
7.859147334465656221e-02
1.114416250931920260e-01
9.434265406931151288e-02
3.459727891856695381e-02
7.276184444980363097e-02
2.149207103749042891e-02
1.955540748130896178e-02
7.845994145996258717e-04
3.298589668222051685e-02
5.191122439084017159e-02
1.360378904506515940e-01
3.526417237806325766e-02
5.416116681419738677e-02
4.845610982424733426e-02
4.692752307703906833e-02
4.735304263306209238e-01
3.433868517617939820e-02
2.641836271964259075e-01
2.292865941853976242e-02
5.304577331764992465e-02
2.734055754566107055e-01
1.816390494732743610e-01
1.577344525572010880e-01
5.959871546251757635e-02
5.361768830514349049e-02
8.207229967887201549e-02
5.327643450060391694e-02
5.375921103766707898e-02
1.135756935445253885e-01
7.423167274682146433e-02
4.115441205193248742e-03
2.108621714475399089e-01
3.260458118848645614e-02
5.720446900290315773e-02
4.527133057659511045e-02
1.802020540530889503e-02
1.284530743271933284e-01
8.367362314191197081e-02
4.796765516269491103e-02
1.837735265023497933e-01
7.417244693239460895e-02
2.996126204802937454e-02
2.400104886037647545e-01
9.554051639170743626e-02
4.242052028907490613e-02
3.982082527473317785e-02
4.873108338075796825e-02
2.458912951429839677e-01
5.952095868289008357e-02
3.388754664594556543e-01
5.093462446247477848e-02
2.026742593915806245e-02
9.301078607656244890e-02
2.524242388394398739e-01
1.498323864875753253e-01
8.686742291981729147e-02
2.192430865036537613e-02
7.504390991185413973e-02
7.829633240416050688e-02
1.184702550066530635e-01
5.280787441755727812e-02
1.710710101173274489e-01
1.714941927051785997e-01
1.247763681525060203e-01
6.099527761212782118e-02
3.737635489529905763e-03
1.805912677875683992e-01
1.017807210122848027e-02
2.372277860949419392e-01
1.969898937066674183e-01
5.978496827464527263e-02
4.496806129911832262e-01
2.357826847055959768e-02
2.462456960830061714e-02
5.147362026845923033e-01
7.806612098274748335e-02
1.059751515035163572e-01
2.287459054226243654e-03
2.073234020238566011e-01
2.042170624821430525e-01
1.901254000096734842e-01
1.491522720367739474e-01
8.736023244471960783e-03
1.849428780633862179e-01
9.832294275379672294e-03
3.002133626309417269e-01
5.569596053746482534e-02
1.857377888745083971e-01
7.282597828397863182e-02
1.650964833605950421e-01
3.417599782004550613e-01
2.329184622925156711e-02
4.983657188488662890e-03
9.333650099566649649e-02
8.184529077020230581e-02
3.807704032296240770e-01
4.155373436429359024e-02
8.625624011440683608e-03
4.408131007296865467e-01
1.040435415395153385e-01
5.977415679460857945e-01
4.072602440740435981e-02
3.831060810639365377e-02
3.322015745258936614e-01
5.350564310611109070e-02
2.506116119658952784e-02
3.594036229925716142e-01
2.519462044846993987e-01
3.597398750679545176e-01
5.295685319256155515e-02
2.402430706515948089e-01
4.853101143413736385e-02
2.381484242335890067e-01
1.313636974910000754e-01
1.362631081953077743e-02
8.037667177606200308e-02
6.421339116563598050e-03
4.961477455227012584e-02
1.450274351400358264e-01
7.810482662529703024e-01
4.371858995972043027e-02
9.589957088763950699e-03
2.907267222151046354e-02
3.126831045601156933e-02
2.881319292441515689e-03
6.877257069187256433e-02
3.439225795073382747e-02
2.301930917700464874e-01
2.728836295377824392e-02
3.560292791340387009e-01
2.372080077817502186e-01
9.429847299248628190e-02
5.393802859605515421e-01
1.688036151321128941e-02
1.315444114096703254e-02
2.465337429946979492e-02
7.972705313114034076e-02
9.905635563804691957e-02
2.657066921875178012e-01
2.096054905132277990e-01
1.181796447926582311e-01
1.591944092753778961e-02
6.584878033821159327e-02
4.436737729676714093e-01
1.884200696324314084e-01
1.379259099285871093e-01
1.160262876265164833e-01
1.288373724924237462e-01
4.920427905861264259e-03
4.964250617804304155e-02
1.755215476566077820e-02
2.987256931432495377e-01
2.175083639704152721e-02
1.845693658390742120e-01
1.659773043852480479e-01
7.485782813301600225e-02
9.378542129110889469e-02
1.532550045504531000e-01
1.030734526889585945e-02
3.847213917226083302e-02
2.996488827827835377e-02
1.892811603956618960e-01
2.833920921674448756e-01
5.708217110898528013e-02
3.495613415710738803e-01
3.757157461984517166e-03
8.613010296307958835e-02
8.277781470680419668e-03
2.111468276209721162e-01
3.285705506372091911e-01
3.302617346468897375e-01
1.164669949517214975e-02
1.025301546850929113e-02
7.814794860439028268e-02
2.351284471157349676e-01
5.670664263268749838e-01
1.975581090559567765e-01
3.090185485405546467e-02
3.103239053315359208e-01
3.513125853200761706e-02
1.155878408782978206e-01
1.057122425321877779e-01
5.615399159570888532e-02
8.262733765230543398e-03
1.537758815568162907e-01
1.530846646233788300e-02
1.821001864986557250e-01
4.048222160676854808e-01
2.436016570288022376e-01
2.904063664114631127e-01
1.695160933113110807e-02
5.017123054700917129e-02
1.408232584935604353e-02
1.375270813351801846e-01
6.002860476847465820e-02
3.030599606000122792e-02
1.154119718123121779e-01
8.348935290212805560e-02
3.227257993086763560e-02
7.869256114178668771e-02
1.862111350098571982e-01
1.361989380039272668e-01
4.146636491945645542e-01
2.880875387928062414e-01
4.495230498799359514e-02
1.638094691513612977e-01
1.083606169123218221e-01
1.319530799359907580e-01
1.188732693689795172e-01
2.731133970255474885e-01
9.784257622368136564e-02
1.815806252379847940e-02
4.071197355060640621e-02
2.254064385244147206e-01
1.356499577184058225e-01
3.775889727160894882e-01
1.838481194608537483e-01
1.924174246590113491e-01
1.452243023490187857e-02
2.017178579413117789e-01
6.566770808273532101e-01
3.740026479079010535e-01
6.758465093538557067e-03
9.615395050758307471e-02
3.044894385493855937e-01
2.263448130215445775e-01
6.741070486327921385e-02
6.154669784214751582e-02
3.699324439468906073e-02
3.789286323895332820e-02
2.567856621430026492e-02
9.141320852089962479e-02
1.996220190525535565e-02
1.244210205810421244e-02
4.182105325633601600e-01
1.159311256479847591e-01
6.456709680012996666e-02
4.671287445896034063e-01
1.748155748074943505e-02
5.479991937808095792e-02
6.067079645427406881e-02
3.824932872326197719e-01
2.884128057980227255e-02
8.515372057738870848e-02
2.714139799902831607e-01
1.931121449142786384e-02
1.102633684554547300e-01
1.205607198360457294e-01
4.595227334219819104e-01
1.877196622055539721e-01
1.831337964413146113e-02
4.456420084011475380e-02
2.302940263837855994e-01
5.305186765050295961e-01
1.074153302067404336e-02
4.177211702651684178e-02
4.524025121549531958e-01
2.346951323439904757e-01
7.652842353678609988e-02
8.330784577401403879e-02
1.862716081621574316e-01
8.260476049982598545e-02
8.988680816582711453e-02
6.611615009274790511e-03
2.631285198723764401e-02
2.572671596841312747e-01
5.504163955493658611e-02
4.272988744295652119e-01
8.696478417743402911e-03
4.820156582535197742e-01
1.397066669233272274e-01
3.276833680899325918e-01
5.525667648489102773e-02
4.316791999833428928e-02
8.128203808385468798e-02
1.007346664465234576e-01
4.485298634809479212e-01
1.451341570029063277e-02
3.009607659957204695e-01
1.550790272379903856e-01
3.198426905140579479e-01
2.185706595961390275e-01
6.513177212159466933e-02
8.204525196160586398e-02
2.616639985779325439e-01
2.759633384175190218e-01
4.725987786333873258e-02
1.976430826565331866e-01
2.052575214970994155e-01
2.715345640637542579e-02
1.917901319567345830e-02
7.055120606585951748e-02
2.184445777959689305e-01
6.828008013234504459e-02
1.006479738429092441e-01
8.041283410492602868e-02
1.711590818593353158e-01
2.568753785638947518e-01
1.321781365624688509e-02
2.530915085430198719e-01
1.050820658051601214e-01
2.782666877126857008e-01
5.810080473295836656e-02
1.924668336784966516e-01
2.786083427436383819e-02
2.121779952497908073e-01
1.341147691864554015e-01
4.471463048930335304e-01
6.470121797589228896e-02
2.266131844102998449e-01
2.423858014325669663e-01
2.361261152438454136e-02
1.523601875787986282e-01
4.553483365638811842e-01
7.605603101923971709e-03
7.795333062661413681e-02
6.183799982488876607e-02
2.705419615475967987e-02
4.571317530326193118e-02
5.476956514580687968e-02
2.846980178210009038e-01
5.857480279587259919e-02
2.688296182046837624e-01
1.621717758903344353e-01
2.439340716884366989e-01
1.090180034665789860e-01
1.925464964580479721e-02
1.552003989458495825e-01
1.712602621196533392e-01
2.269173137518104844e-01
2.674382941881107978e-02
1.424902465129702367e-01
1.352454241463807438e-02
6.864109307988529307e-02
1.674712676505969167e-01
1.840861592931861135e-01
3.413877795922740793e-02
1.690313910009620946e-01
1.210807126188249566e-01
1.377017966139948701e-01
1.198125680742881116e-01
2.287586228350606543e-01
3.408918932900201759e-01
2.738312749811944169e-02
2.741287271154725924e-01
6.725043162301344579e-02
1.216010885204492908e-01
1.237185312502996348e-01
1.270097611693635775e-01
6.463096329525609696e-02
1.593409108353238401e-01
6.362269212600775437e-02
1.566967107445660368e-01
4.163472884308688782e-02
4.251210444296301683e-01
3.300586652691752526e-03
2.438584565639797808e-01
1.149430602069173440e-01
8.624735580248547862e-02
2.593081281312680231e-01
1.540598390462937228e-01
3.411303474727985230e-01
4.797941839023105171e-02
1.619271932825773197e-01
1.470249069731992819e-01
3.967614643547640041e-02
3.093549832805797539e-04
1.436478950044265956e-01
3.361512234852592762e-03
5.345076319023696343e-02
1.226041602738091874e-01
1.561647190292240195e-01
4.061190648717515062e-02
5.873508969907010879e-01
1.413787975574026523e-01
6.188979301772794261e-02
5.033853984509878421e-02
6.921140162076880320e-02
8.641601723806405233e-02
1.650279032055670114e-01
1.427587515414717456e-01
4.489677124747953885e-02
1.118251759909733023e-01
1.884227228347626348e-02
2.408897920440236096e-01
1.662985545920106778e-01
2.248326814914476390e-01
1.275820423659810854e-01
9.455574707201712670e-01
8.565450311669994821e-02
7.453386338145556733e-02
5.845417494916118478e-02
1.046284036826419100e-01
2.441208399589773204e-01
9.582748701720615603e-02
3.495520612393976378e-02
1.780213212642761389e-01
1.213119030859256542e-01
7.251312618708316560e-03
1.399129353430098865e-01
1.561093387009733213e-01
6.974543853807496641e-02
5.602217071830410677e-02
1.861540626983143598e-02
1.648040718787255887e-01
9.604872843247019842e-02
1.121866886064890878e-01
8.857971006090671617e-02
1.842902579684304876e-01
1.284752896893568141e-01
5.513357765260382126e-02
8.927914251503409060e-02
1.890180376239325444e-01
1.840384378029043255e-01
2.582488023986527492e-02
5.661509867151324343e-02
1.260415130040740683e-01
3.220222085949235868e-01
2.155654072523266462e-01
3.626948897544379768e-01
2.885956584095066280e-01
8.154022284449319313e-02
6.229721203910837390e-02
1.258717049532346588e-01
1.192283635908028272e-01
1.241324444247761671e-01
9.133565311963950939e-03
1.852446683588385434e-01
7.693400608789394135e-02
5.578367891218344310e-02
4.564276936089954606e-03
4.118171899305206329e-02
1.348155601100187173e-03
9.667798982877606750e-02
9.695598986684840492e-02
5.566430126738783346e-03
1.548223936241926446e-01
3.074298517492120297e-02
4.160439018569414560e-01
7.979330764553607680e-02
3.395823662023451650e-01
9.848567960412948907e-02
3.008313526608036304e-02
4.348742242545594605e-02
1.441517641039434250e-01
1.019390980169565253e-01
2.066268730076328830e-02
9.649910757193727595e-02
7.649354345665848598e-02
3.912076761221719434e-01
1.244973989616434684e-01
3.326673291736683691e-01
2.368495968459220502e-01
2.095542373079571363e-01
5.980357197370950867e-02
6.504413737629292924e-02
4.691356411931972559e-02
2.745826702335137093e-02
1.571494465512609517e-01
4.480227005147817132e-01
1.890860400407129716e-01
3.177887082595520774e-01
1.779925911145438522e-02
2.129482971539779085e-02
6.877936885014201973e-03
2.354554307974455474e-01
2.087067249406595604e-01
5.620169730288140236e-02
1.168559181355457166e-01
1.289244753331295068e-02
1.666490264820477130e-01
1.030785780289994735e-01
1.339627663466910479e-01
9.595322638249444147e-02
1.538923697534480550e-02
3.452070988122210582e-02
2.988661829090140387e-02
1.429204986188420679e-01
7.502434224608781066e-02
1.648098837918724746e-01
4.679778231446088399e-02
3.226750768083037624e-01
6.915383002494789044e-02
3.353245252565079659e-01
1.294918926864820630e-01
3.102627974046231474e-01
4.018706764087766337e-02
4.590990878705007716e-02
5.795236050679340722e-02
4.677205786850845842e-02
1.096352540334133013e-01
3.882408386620141982e-01
1.961230319624725493e-01
1.355253849238309827e-01
2.446786295951042245e-02
7.418271146536015159e-02
4.449574600936211100e-02
5.345769396112348693e-01
7.548366931330251217e-02
8.853596634462768122e-02
1.075689762048046838e-01
3.549564178864703795e-02
4.351357390919229073e-02
3.892776693336798544e-01
3.504878856720466396e-01
2.026368835894176712e-02
1.777236187967586867e-01
2.684176975276538618e-02
2.535656575257727585e-02
1.668877485149574680e-01
8.478703249413616083e-02
2.105867022735141356e-02
4.697329756338427392e-02
1.222957437789391894e-01
8.117215233623115145e-02
4.465392565669231706e-01
5.646003245885994337e-02
3.394867787396745329e-01
8.985568701822727045e-02
6.219769050626203916e-02
7.540787367026982602e-02
6.955252130643641006e-02
5.792920669485492752e-02
2.004884387841643356e-01
1.422334053518407304e-01
6.890235979577341574e-02
1.483243282842074684e-01
1.224345241096212386e-02
3.693293944590607392e-02
3.996773913117456778e-01
3.446040522392890271e-03
4.331288229392425970e-01
1.994447264885272075e-01
1.821248334727232354e-01
2.893963312670388976e-03
2.446044434166156911e-01
1.944093549979943325e-01
1.513721452619951335e-01
2.045928825539652246e-02
4.738517115283205072e-01
6.245380235514522149e-02
2.752134080678947381e-02
1.224639641161319320e-01
3.042355110347097838e-02
2.970141880596975995e-02
8.179215125156150124e-02
1.629343006760217705e-01
4.615303308627289880e-01
2.609351684972754937e-02
1.344278419899431198e-01
6.671383344869231957e-02
8.803696691747665837e-02
8.454722312538807960e-02
4.486536245812194901e-02
5.415732956018948219e-02
9.072978060136550893e-02
1.409472546842556462e-02
2.020886482346728741e-02
8.881145767314302386e-02
1.617903662790542985e-02
4.658354643620096769e-02
2.233139433067156676e-01
3.486746021138076301e-02
4.163671508078272687e-01
1.074869291631883605e-01
2.425515900829649796e-01
3.382499710192408970e-02
4.232115727408014560e-01
4.141361384893869901e-02
8.875583574308426593e-03
7.162690669004230515e-02
4.961643134323992510e-01
1.663471175858722284e-01
6.258698103447953021e-02
9.236877434381901564e-02
7.863123772220318580e-03
7.802022075788761502e-02
7.112562608209942183e-02
1.496162492081923034e-01
1.375183515641316689e-01
1.376958281606024959e-01
3.482661951556455249e-02
2.623067855886874744e-01
3.109034552738871304e-01
1.447162370664047126e-01
5.132602177158189505e-02
4.683704045420628015e-02
8.363295887751077962e-02
3.919367535749337939e-02
1.812930548200116648e-02
2.615612618279563595e-01
1.559339157310276613e-01
4.223850992536867105e-02
7.391765477273376517e-02
5.897195314093860163e-02
1.958899648005281158e-01
1.547625670049534718e-01
1.341762630086093533e-01
4.905922238366328819e-02
4.222860968550211647e-01
1.582284557157926375e-01
4.158942967711046212e-02
1.332147357622973927e-01
4.324304162597475409e-02
5.602089850677292038e-01
2.635841659931890124e-01
1.275800138935907768e-02
2.940841934290688159e-02
5.334670396814472637e-02
1.200201060945881304e-01
1.695178830594152863e-01
1.241142913904223488e-01
3.429747932248012887e-01
3.842519615863454474e-01
1.741578857103531219e-01
2.404629314633262294e-01
1.787119346941500042e-03
3.654879948339628815e-04
9.364054174071118758e-03
8.149384623368446934e-02
1.728379231407309313e-02
2.079744188958244089e-01
3.215334845015947740e-02
2.249476881543673590e-01
2.055052549943950368e-02
1.334878625364297744e-01
9.345653492396333029e-02
1.108903980070004153e-01
7.407600488544682782e-02
2.618766074299255231e-01
2.733308475375051394e-02
4.905124720601077848e-01
5.390876755978687984e-02
1.653368482857192068e-01
4.530737528490168531e-01
5.102949094059040791e-02
7.932538244726067278e-02
1.278126237878697558e-02
5.355926553069578072e-02
1.967076586496996349e-02
1.513458323301604125e-01
1.870707806499770365e-01
3.260221154084214090e-02
3.138382325344246659e-01
2.080949839308765537e-01
6.561270389952035265e-01
2.188545003705898995e-01
2.343794413879471406e-01
7.690266551361738673e-03
3.231808472696304918e-02
1.050286581588070339e-03
6.760295031750096495e-02
1.200022095099961827e-02
2.140805916554000543e-02
1.330148951657184608e-01
3.110513376055642487e-01
3.970471377005849178e-02
3.347407116124819781e-01
3.788599266980796632e-02
5.356247371275146829e-02
8.379725914813235255e-02
1.042121745026900470e-01
4.639565882664547364e-03
6.552365076402757449e-01
1.063839513640644913e-01
2.359101002059955654e-01
7.181257368227430549e-01
3.490393382542276990e-02
4.638677746489291293e-03
1.308917697569954297e-01
2.075692896531726450e-01
4.679448705400678782e-02
4.112899563102079270e-02
6.833540363970573572e-02
1.370453810311111076e-01
1.946664069873983438e-01
2.702495128377311318e-01
1.903572935073640227e-01
6.114825644713643704e-02
4.220312307761632797e-01
9.872393160363229780e-02
5.869020314276075095e-02
5.680287697696980581e-02
1.722761095233982798e-01
5.813895646382685745e-02
9.726380288866695589e-02
6.881893305661239413e-02
5.330118740862578586e-02
1.022240125635493074e-01
2.920799070002941811e-01
8.341070504543546260e-02
1.077181390212871709e-02
8.099688369492499818e-02
2.292074138018606322e-01
1.637416846431046236e-01
4.779303649933442366e-01
1.261513007835259881e-01
1.250176644804865643e-02
3.182626746285385777e-01
2.477347842882382523e-01
1.097857198402051732e-02
4.963647099001811114e-02
3.715880586725606172e-02
4.708413946496455699e-02
2.692749338665491321e-02
7.338895859376592945e-02
2.179880731182127357e-02
6.588533822633024783e-02
2.859852964725264832e-02
2.826480261821789908e-01
1.109674060565087605e-01
2.480907371964928831e-01
8.290456792116274176e-02
5.338504503806835999e-02
1.053204199546633607e-01
2.511967561692157735e-02
2.034120170355279700e-01
8.374774431581404055e-03
2.856853248580544236e-01
8.242238110230359904e-02
2.532810815960704898e-01
5.713985220114496943e-01
1.232399348776511694e-01
5.247525581429396402e-02
1.653463908459388287e-01
1.231370425245989497e-02
5.929673952063244102e-02
2.711570399773892692e-01
1.628881557151159731e-01
9.375758780834337822e-03
5.040873054204816350e-01
2.200057262604118435e-01
3.850553179676932669e-03
4.607398389494228932e-03
2.413603778106260256e-03
4.804026184601675742e-02
3.294585978327239095e-01
2.490271047812588345e-01
2.015574023658553426e-02
2.605260365023250035e-02
1.203835107620749162e-01
5.393202344958437644e-01
3.699333028358828268e-02
1.949760289593935325e-01
1.514325707167686885e-01
5.457189576568988176e-01
4.778502934610671937e-02
1.612847003160430559e-01
1.765045423587696671e-02
1.812800197775316091e-01
1.629258835645943648e-01
2.331464876096200622e-01
2.141822124464385080e-01
1.209538672794288339e-01
3.141662826028186750e-02
1.024922887078702771e-01
7.219273231611362807e-01
3.854095720075950693e-02
1.428369110982195545e-01
6.777406134119581260e-01
1.151675926188694410e-01
1.153696667149892163e-02
8.245602831428650026e-02
3.327312217202361699e-01
1.979200558872330762e-03
2.497711852282166051e-02
2.602106066279930019e-01
8.273527101724242883e-04
9.770680110744299485e-03
2.525839306276149721e-01
5.467664382359456454e-02
4.407621640913995942e-03
2.341679847484136046e-01
9.764728442206577208e-01
5.934708664747274931e-02
3.540349844807378910e-01
1.022971547027497485e-01
3.130089585805241326e-01
6.714184320446869858e-02
1.987001579665076956e-01
1.444207061164007322e-01
3.616822339536859277e-01
2.291717788217345064e-01
2.448179099540058468e-02
5.668399156086889601e-01
1.236406282688131686e-01
1.434634975193096150e-02
3.516314851842085309e-02
6.340219607875182684e-01
4.845792407138715951e-02
2.833730696165261131e-02
6.807420887677538834e-01
6.819266539440901886e-02
4.204323604554777161e-02
1.452068274025471450e-01
1.595397559044307023e-01
1.734554492456517605e-01
2.199212610901778164e-02
1.222523523786739896e-01
3.034541833245237852e-01
1.259580005781110734e-01
6.604208980161160869e-02
1.306207788886881993e-01
2.353576284747374570e-03
1.243928158043399596e-01
8.866177754382678633e-02
1.163906670026505080e-02
2.644179573712700515e-01
2.311231576078805472e-01
4.291809838077981221e-01
9.262697001679495723e-02
1.864147228968161263e-01
2.255130553526175918e-01
3.713435715117689995e-01
1.779119577021926468e-01
4.348817474826821572e-03
5.286662868556749606e-01
2.357456263073680336e-01
2.376799378876234825e-03
1.350095003105011848e-02
3.295002584664076251e-01
3.491454087315988553e-02
1.226935348999724784e-02
1.468608715928826358e-02
8.787111976453991502e-02
4.575475756051877729e-02
3.284697557449135080e-02
1.035321030546869914e-01
5.797013942362894828e-02
6.796015444635347680e-02
7.684352114879818008e-02
3.468265558572491969e-03
2.706196993884041335e-01
1.357551820554997457e-01
2.198446566202216790e-03
7.182686379455818781e-02
6.221123034620452963e-02
6.426509699374888251e-03
1.476320591067820376e-01
3.220243946797478052e-01
2.522512309954474397e-01
2.897682266437381915e-01
1.085175942071259086e-01
8.460413954276531368e-02
2.067218046875095305e-01
4.157256695799377288e-01
1.943029308800606203e-01
6.294313494127344588e-02
4.034470948712104432e-01
1.719966537367747239e-01
1.320883522741309046e-02
2.736710609006492989e-02
2.079260866300915445e-01
2.361603913416579145e-02
2.064867738161529909e-02
5.425720452566794999e-03
1.523358284885034664e-04
1.233915413723299381e-02
5.301637743933572400e-02
4.418489470374673683e-02
5.545505886105694948e-03
1.118444614647602225e-01
1.729957020946777946e-01
2.349074537488235470e-02
6.216319248780904916e-02
8.690462266621734599e-04
4.161131466121285177e-02
1.087940733971298896e-01
3.373388224449151013e-02
6.959881958916137867e-02
3.527633363162619579e-02
3.102913395935010810e-01
3.113958408748163098e-01
1.155646460505620893e-01
3.994697333924521199e-02
4.530198005634635677e-02
7.712198354894359009e-02
3.047350510564450499e-01
2.813576617904308130e-01
2.166771014711702248e-01
2.149029167316223732e-01
7.117609199624175265e-03
2.573146544322167661e-02
1.081640582384755384e-01
1.944823504219762508e-02
8.453975882576778011e-02
3.876061364812161125e-02
1.631600639590990720e-01
4.901446780769861539e-02
7.175942777105745463e-03
2.143135014616135911e-02
1.143562155606923092e-01
2.088324912895217489e-01
2.882396383540661300e-01
3.957514241235886299e-02
2.147889147064595793e-03
3.745208595992647466e-03
2.100102703056516695e-01
1.071340358456994712e-01
5.901303048348430919e-02
1.649873404047660364e-01
1.254751203874154286e-01
3.182345111034101670e-02
9.212600638793020380e-01
2.031910807545622699e-01
2.846686796414765741e-02
1.998662342429789393e-02
4.563400772785601578e-02
1.155284140052289243e-01
3.351657049715442982e-01
3.502417201169897298e-01
2.465310423914324478e-01
8.974272333028142368e-02
3.647871035610802254e-02
5.959488653556360704e-02
9.728945358503789109e-02
2.185111255697180874e-03
5.890952369541708339e-02
3.937829110770761643e-02
1.152902139506167961e-01
3.011392194201517603e-03
8.609713234376203950e-02
7.060889061104302922e-03
8.049511587771132071e-01
1.707716758882489305e-01
1.942335752349415023e-01
6.492352965411649079e-02
1.310465627489341423e-01
3.308629622141645577e-02
1.072963428949141734e-01
1.651319716619819578e-01
1.773532191373827227e-01
3.414189122153457601e-02
1.475903177825461654e-01
1.006797302765774088e-01
5.357281499050303708e-01
1.891093910151037116e-02
1.425293678709942391e-01
1.233932331748361505e-01
1.355772418223041287e-01
1.652171028283664356e-01
1.969224016047512460e-01
3.002777944923186171e-01
1.302401145948995365e-01
1.752648472040385097e-01
6.877741412675869581e-02
1.371225516428387081e-01
5.055233559562553186e-02
2.337691653702246575e-02
4.640980521022185223e-02
1.251320173856912063e-02
4.229636036581735370e-02
3.745286951812845655e-02
1.510389997027816733e-02
8.064838803219404051e-02
7.494065242824263229e-02
3.254318651392975603e-01
5.348607454356845564e-02
1.229734509798285080e-01
8.283346207657418803e-02
8.314560417399775860e-02
2.033333720025694846e-01
7.193871807660853768e-02
1.081302179112803297e-01
1.780708690644678960e-01
5.792011911697576565e-01
7.043443231046187317e-03
2.525983528455650884e-01
8.888157303143126575e-02
2.511586447629289842e-01
1.474923122495722660e-01
2.571418325382919534e-02
1.548971139071650127e-01
1.217136665040205179e-01
3.425066825943785809e-02
3.147731773975823710e-01
6.125767878296627111e-02
1.521768291301763831e-01
6.936397591208584568e-02
4.355711333717805084e-02
1.354460750697371041e-01
8.378809442915906291e-02
2.699730725585097746e-02
1.377692816090608785e-01
1.143862735516817941e-02
6.759617386051480770e-02
1.020578417202236132e-01
1.322920147883493991e-01
2.601169228306365877e-01
3.389325972143468479e-02
8.986942134019913764e-02
1.348567480762229154e-02
2.990062377891273826e-01
2.074786943764228564e-01
9.498433030665970334e-03
8.125463908391089562e-02
1.709971709008643315e-01
4.106360800402585332e-01
5.587204456554517584e-02
1.135632364432554928e-02
2.060790891028389249e-01
1.140724077154774696e-01
1.135596540930455534e-01
9.272342925736952457e-02
2.998909212211948727e-01
2.261628861448627958e-02
2.910333966149122875e-01
1.329874090707969594e-02
2.320589781045917510e-01
9.190689012966998805e-02
6.624960846349793597e-02
6.732366533860914548e-02
1.137669902658430265e-01
3.071484594747281999e-02
2.306345907237006554e-01
3.967806497683030315e-02
2.800966789996652689e-02
2.619812414722649807e-02
1.380294162837285843e-01
5.058085791991104307e-02
2.264950038155442158e-01
8.454806099702484590e-02
8.630790576273988934e-02
4.186432122930562605e-02
3.301773461311397484e-01
3.581890388194798325e-01
4.549820630241310782e-02
8.173890228483352560e-01
3.984524804878170068e-01
3.759996762238803081e-01
5.766413721788536673e-03
1.267129698069338617e-02
1.345605468429208473e-01
1.372161937988595204e-01
5.082988976588142388e-02
1.055793330200932856e-01
7.627158951423901323e-02
1.209581673458177964e-01
9.162318401542557389e-02
5.529961129587245283e-01
5.144524659709892589e-02
2.498941934167323020e-01
4.400308673280757532e-02
1.569032625194405686e-02
2.218277595063201657e-01
1.904367366966173702e-01
3.323119175674896231e-01
1.309008100016762211e-01
4.899349215279734382e-02
1.144245682309683321e-01
6.028433333172507069e-01
1.736737139038466160e-02
3.165087230628542692e-01
8.315623436280128455e-02
8.157063389823598909e-02
1.015592501694313754e-01
3.345691349554333338e-01
8.772017682650015691e-02
9.465983170810404745e-02
3.394429043065317897e-01
2.423253281682574423e-01
3.170781466937583892e-01
2.491148232456220218e-02
3.127678837894611041e-02
8.228485068963861671e-02
2.470151071352493788e-01
6.430344664750196892e-03
3.850221934121592637e-01
5.322434728267572135e-02
1.382196852137075882e-01
1.316452494776400306e-02
2.081528107395937410e-01
7.749438338556649541e-02
2.344671508352949019e-01
2.331330159332328233e-01
2.082212005917373210e-01
1.093743756482077750e-01
1.673823988668760032e-02
3.733663044839713452e-01
2.417130411681510382e-02
6.858692968390922573e-03
1.014553444757881895e-01
3.744948166328945227e-01
2.512810223082675432e-01
1.366402681063609847e-01
1.223268191189724324e-01
1.052071100548475358e-01
1.676330395257102923e-01
1.341201288422749771e-01
4.028778437692361880e-01
2.806056646089682971e-04
4.156058358516091511e-01
5.152547658939451991e-02
6.245683967312942730e-01
1.414433242975791094e-01
8.892979009882637231e-02
3.805687107835724337e-02
2.922930427093924366e-01
1.627773864793058967e-01
2.044840177521001501e-01
1.062513078500094688e-01
1.691241531057709885e-02
1.299822259777417832e-01
4.102970355385692214e-01
3.365584125134307159e-01
2.775178815836037982e-02
3.970630285778073976e-01
3.792134435559491035e-02
2.496698122599045333e-01
1.103862703754955599e-02
2.118867595341576149e-01
7.591553787732258085e-02
9.056393477645252599e-03
1.025215854258170051e-01
1.316539921236341282e-02
1.769674753827227276e-01
1.714887996781780111e-01
2.043448493225651086e-01
2.152743490118800423e-02
3.293748574006821750e-02
9.985538282864300785e-02
1.211280411628985892e-01
2.103639350787166878e-02
4.700896591731054119e-01
1.144096472494115779e-01
1.869173365093415029e-01
1.564374164383039098e-02
3.228079253680488092e-02
2.227892120935063766e-02
1.265180493319745247e-02
2.376781920325231057e-01
2.393714902583928342e-02
2.178885115029915998e-02
6.902616802317482203e-02
4.089112306259679586e-01
1.973908464777124616e-01
2.693933604894394734e-02
2.546713045482401627e-01
8.721423625204298424e-02
2.797569657893350659e-03
9.331120472490125883e-02
7.682231318709592527e-02
2.711498238255374491e-02
4.611988029754644780e-02
1.715636774964409555e-02
4.652049088267995458e-03
1.353944979903071166e-02
4.823490377390910466e-01
5.865428512627543500e-03
3.309899639170340024e-01
8.134673819892014601e-02
1.173047473787683370e-01
6.345843054529441696e-02
3.960879019942860346e-02
1.655929310546564448e-01
3.006455466571627544e-01
2.545886740548263250e-01
8.452318183772218607e-02
2.935967519835949724e-02
3.709800906761182016e-02
7.717843432096721523e-02
1.403779380770811547e-02
2.942673315943309387e-01
2.307885096282786819e-01
5.414810004036468838e-02
1.469957431376689994e-01
7.997914497952923751e-03
1.808603108575426999e-01
5.317777276785495832e-02
2.654893188585332187e-01
2.835803747349054382e-01
1.250690508661490841e-01
6.676897943581306186e-03
1.106444278740671416e-01
1.404913682520242402e-03
1.131253083986687863e-01
3.251118945331607502e-02
2.801720251204222190e-01
1.343781731124700507e-02
2.228986524124628998e-01
3.545814888112140684e-03
3.340900372958887643e-01
1.829995014339293735e-01
2.227949051976814143e-01
8.161585567963033916e-02
1.939304170859678517e-02
2.385062429061646783e-01
1.533890303129614718e-01
3.482115814790780889e-02
1.006996573129213257e-01
6.276272266392032839e-02
2.408281622555649704e-01
8.977759689348914496e-02
2.598759974241144355e-01
1.730668472740175823e-01
2.516540916854866361e-01
1.377546581783858914e-02
1.177918725722016807e-01
2.093392626732189787e-01
3.101618757873008878e-02
4.416248619927010122e-04
1.766552271422123788e-01
1.900317527448712185e-01
1.699747458152012780e-01
3.506660339896315870e-01
1.063651216823854884e-02
1.342665363900941433e-01
2.256471489075912717e-01
1.856371589867635528e-03
2.479569236987371472e-01
9.680502253244346877e-02
7.675471556704046572e-01
4.603884685528750187e-02
4.497590991752556944e-01
2.223100607475207435e-01
9.317440445258259873e-02
1.057571847203619270e-02
5.286886810301619222e-02
3.650752582094900223e-02
2.828187625613801659e-01
1.797083078631679376e-01
6.767666512856711225e-02
1.937358436049213539e-02
4.077436925121347144e-01
1.526306692723344016e-01
2.768405395518758194e-01
6.656699882093126963e-02
1.224062152063805781e-01
2.039827749914160382e-01
8.383145976671262795e-03
5.522615870438669916e-02
2.838937409139916102e-01
1.172875546996287321e-01
1.184373962029414140e-01
2.559425229197125340e-01
1.001775480571864829e-02
2.459718296674202054e-01
1.715332937529831514e-01
3.014419949621972503e-02
9.326942358592577031e-03
7.898137456435508352e-02
1.852504453364776649e-01
5.628011758691878891e-03
5.296357916885772177e-01
3.991254719576012300e-02
6.090708722059090530e-02
1.723025234191533639e-01
1.307436228737503953e-02
7.920711226582001496e-02
1.053748339379791538e-01
1.356277367405848422e-01
3.433326499269330201e-01
1.697785334687429426e-02
6.913562951983356908e-02
2.018709942646003397e-03
1.795140047873959588e-01
1.554302169696327729e-01
1.590817080075246914e-01
2.097803372377161635e-01
1.669539821848977923e-01
3.007336183085469739e-03
2.543224995852597092e-02
2.136162093853144484e-02
5.572102306314847403e-02
7.120077660671857156e-02
4.602826137773247811e-02
5.168820439135343725e-02
7.305364688672356943e-03
3.752172969557908133e-01
9.615145913061073912e-02
2.460474332624959515e-02
4.007352370704294134e-03
4.468383403355551120e-02
2.116958242230293774e-01
5.489559006717872544e-03
7.651971438833637951e-01
7.877820445990420251e-02
3.699378826856267177e-02
1.770839286136023649e-02
1.132840933379452159e-01
2.360510487546758213e-02
1.059640516858901260e-01
3.229214045657469861e-02
4.014235485288982774e-01
4.337114824996600448e-02
9.365843055693960639e-02
7.176550291361533107e-02
3.336477295569412194e-02
2.161635211021738778e-01
5.610859359164792337e-02
3.534109482975777983e-04
3.195684877333408447e-01
9.490039662187504943e-02
5.670321041723255795e-03
5.688951528049907003e-03
2.159214208909463750e-01
9.257006508108284182e-02
2.439982461392580237e-01
1.383997835792319664e-01
4.716209438779910001e-02
1.845673256056231670e-01
1.659132436059901697e-02
6.851492883891660557e-02
2.629898170842167038e-01
4.134895590995160686e-02
1.835540365052423795e-01
1.708294727506654703e-02
1.757836299467929742e-02
5.504457618184684931e-01
4.697747612860770916e-01
6.849961070437393662e-03
9.305422369559596119e-02
2.727118161783657901e-02
3.974690631028948706e-01
1.532310784236134982e-01
2.519164964284177355e-01
1.895533203616931589e-02
2.515887415041082736e-02
7.496910923033683893e-02
1.324756135515677280e-01
6.606923881308498503e-01
2.025812573315670939e-01
1.096480240372679632e-01
2.894128815668481347e-01
8.086170596285076340e-02
5.157361184728491421e-02
1.362134565508574605e-02
1.095902655022719802e-01
8.669685189551773474e-03
2.262953494031927915e-01
6.192773615404362220e-02
6.970532401471418726e-02
5.179293406796336985e-02
5.970449838798507283e-03
1.849027771942896303e-01
1.288870376174195698e-01
1.234633441721466780e-02
1.551991220835215735e-01
2.397951785185963303e-01
1.482205304105980448e-01
2.589341482967241204e-01
4.223694948112574066e-01
1.267007154081825071e-01
1.524862655981314846e-02
2.484956006094610897e-03
1.217885691771183887e-02
1.670149649604706910e-01
3.056815181633669720e-01
2.597888111732756661e-02
2.516761659459972322e-01
6.590110184631535473e-02
2.096367451268904281e-01
5.010954526632318551e-01
1.714194044830458508e-01
9.579853257939890954e-02
1.114026861679168617e-01
2.070331854248317338e-01
4.784232687088974673e-02
1.102024291869197481e-01
8.278006544614222029e-02
2.110153303603129471e-02
2.481524024043283982e-01
6.620526466531445609e-02
7.173546356024465553e-02
1.074663232280077263e-01
3.552509542757609218e-02
1.267987978097734336e-01
2.342287349275987696e-01
6.174325667970473330e-02
4.540223566022228985e-01
2.394099351759471084e-01
1.696207766889439028e-01
3.244275493230736052e-01
3.070438594585456205e-01
1.275580200830087607e-01
2.610610995504886178e-01
1.491584721882732723e-02
5.023001650337778623e-02
9.478692926004815555e-02
7.305447039334396486e-03
3.250457496892159709e-02
9.078396074460026721e-02
1.225757667678624152e-01
2.027077336697669097e-01
1.912273217405482395e-01
1.853033213413500524e-01
1.827464276199022158e-02
5.430905954116913015e-02
2.423549377897034895e-01
1.943175669767616132e-02
4.912931049435792508e-02
2.333741223082266558e-01
7.797816978816035638e-02
1.097804630307828988e-01
3.241567415102250549e-02
7.753041729402110338e-02
5.134285383116700408e-03
5.622738138799883434e-02
1.257672450984855250e-01
1.000420161462371310e-01
7.358748682641605421e-02
3.226171088895672390e-01
4.981498555392041006e-01
1.533056355478512045e-01
9.790321239515493990e-02
3.894756480722664227e-01
3.604285754721813645e-02
1.650838628643293005e-01
1.817389268766331917e-02
1.141223247770165039e-01
2.032276475582406594e-01
3.805912412090868280e-01
5.551808105376221381e-02
2.605897650891221828e-01
8.872247632647496662e-02
1.264467833637640537e-01
2.021894486139545755e-02
1.480534279972451073e-01
1.178417151816463226e-02
2.236713611973228932e-02
2.932389795325467396e-01
1.302212516230122630e-01
3.031096700111223230e-01
6.965444058509431824e-02
5.311195775665888963e-02
1.242124284865503414e-04
7.343223705121193490e-03
1.187374032752965547e-01
5.338275791188486219e-03
1.348467658054232909e-01
7.111463771436882242e-02
4.744820712979347377e-01
1.242297775554361827e-01
1.188987523595901319e-01
3.224672433195977517e-01
1.562437643602382631e-01
3.142116392157116023e-01
1.878476346125361462e-01
3.545693206697236866e-02
4.371916614254958144e-01
3.974391177752224780e-02
2.021820715326834161e-01
3.650194796771422667e-01
7.115825449550242099e-02
5.733548866698424951e-02
2.029165720787577398e-01
2.129747900257752402e-01
2.800573787349287525e-01
3.325571349198450793e-02
3.861086699066475503e-01
1.326969297788544999e-01
3.061749856921949786e-02
6.378767400968587964e-01
2.455058160618748750e-02
3.317351483330630568e-01
2.966427793491991927e-01
4.718029593554579071e-02
1.532739983660814653e-01
1.757345058759500200e-01
2.177265411879216461e-01
6.025737278784975767e-03
1.008310273385584349e-01
1.186638717982738400e-01
3.065663073500737301e-01
1.034707391720939285e-01
7.866608068856104086e-02
2.941314214652700487e-01
8.506534979743622660e-02
2.801103571405852422e-01
2.110227818373282965e-02
8.914735741958612625e-03
1.639859839007168363e-02
1.439324058126729144e-01
3.767629812710396875e-01
6.125716540075548666e-01
1.336659238662386007e-01
6.613698889736335795e-02
1.526015262417618756e-01
1.060038098879487051e-01
3.504387269251126036e-03
2.326945048397054128e-03
3.317001194016584997e-01
1.630880286613905772e-01
8.479653912977898333e-02
4.003751456912819640e-01
8.507793356193166234e-02
1.654108952796343734e-01
6.613122019683048691e-01
7.184272918545966946e-02
6.512966937754138819e-02
3.036523029734206069e-01
1.586118373882779431e-01
1.115305662892811522e-01
1.756401676232011710e-01
3.460455342872381101e-01
4.437076357764443979e-01
1.199254351234917970e-01
4.070643153658469737e-01
2.099803212600195867e-01
2.420182942391864156e-01
1.688072761413594858e-01
2.728620896835991516e-01
4.062977628142782488e-02
1.479732519920521905e-01
3.048237487405637269e-01
5.184439089326356997e-01
4.262156588166744475e-01
1.499176761604409935e-01
6.729230886077194884e-02
3.129978153463706114e-01
6.434748197837206196e-02
3.313173922441875474e-03
1.789145245430036335e-02
5.440206675118768737e-02
2.960253367384072520e-01
1.348359776306068958e-01
2.309446972093375239e-01
7.803353553879130433e-02
2.551964343634404164e-01
3.106451015008433458e-01
4.510312026665969087e-02
7.778989201725818037e-02
2.423829811673051948e-01
5.090528205874905732e-02
1.773602699948795824e-01
1.204224909644654173e-01
9.922740989475528628e-03
2.750716074314263349e-01
6.000159290213238905e-02
1.662367574410786863e-01
3.371046973587810136e-03
1.562720518450833040e-02
9.495535122333323419e-02
3.477559244639992775e-01
7.241958424394695504e-02
1.094890801597985519e-01
7.408772358414877912e-01
1.718960022256655340e-01
1.725367975495099848e-02
2.449157200284685088e-01
7.213013119063343970e-02
2.409384390426544953e-01
2.501053366276073664e-01
7.858206238908929664e-02
1.399466824519468577e-03
7.113815423273493754e-02
3.705271177352768008e-01
5.794250111962715583e-02
6.728531575574031587e-02
5.351566996828630018e-02
8.013307356960373828e-02
1.461169269460009246e-01
3.315465926772446781e-01
1.362773552534898847e-02
3.493249757278081846e-01
7.764821478793593190e-03
2.991035862994294581e-01
4.333837190342840207e-02
1.334892043777775594e-01
2.455683026071802111e-01
5.207077127431179731e-02
1.201866776377198409e-01
5.470870025696364380e-02
2.481345697574863229e-02
5.500558204460991724e-02
1.266186522070125720e-01
2.804430464532317036e-01
2.010326716960627036e-01
3.373738393565315352e-01
1.628501916903844216e-01
4.685259780219448028e-02
3.371428480607020495e-01
3.403261729053268514e-01
3.940608317055696586e-02
1.503045675367625511e-01
2.754864544484283972e-01
4.498814657503790587e-02
6.495337478568823097e-02
8.536902489977418740e-02
5.945564407584334049e-02
8.556863777231282775e-02
8.993681962984068079e-02
2.170453238137544372e-02
2.352420073767519937e-01
1.583835727979521768e-01
6.189237691936494423e-03
1.166333772336519692e-01
1.109624377594194689e-01
2.085757091129586405e-01
3.558041647168186383e-02
1.595204207436930477e-01
3.384045960535456699e-01
3.831076619281596485e-01
1.093671110505822601e-02
3.478104596147789385e-02
1.467960866862519920e-01
1.807180132422171737e-02
8.256666077625456068e-02
3.701388344506226225e-02
1.546712637218545239e-01
2.212117077399375908e-01
4.435099458285281515e-01
1.472231012730839880e-03
1.078834536781603376e-01
1.020500932758039853e-01
1.347064441811304802e-01
7.437629300507162533e-01
1.786973559284721902e-01
5.660280651114710238e-02
7.189380379804517773e-02
6.184896014588239094e-02
1.674191421462520313e-02
3.673319574511303698e-02
7.131920804906979328e-01
1.371654966790739616e-01
1.556813686487521220e-01
1.720767956615069649e-01
6.692787253498921896e-03
1.031002977254228403e-01
1.764021283726316391e-02
6.134052989514417187e-02
1.574066856202838149e-01
1.844867269859330472e-01
1.404244480517316540e-01
1.253751471496470926e-01
1.264378404007902024e-01
2.329331915311094736e-03
9.956782258511973072e-02
1.166834640620492552e-01
7.611137526926006758e-02
1.467582519641581484e-01
6.134718744762486867e-03
9.601660361923339271e-02
3.101319985393469203e-01
3.370675142112000700e-02
6.710270641765574140e-02
2.241376142917908265e-01
4.243552142953085915e-01
4.739001202920241629e-01
1.491485657975104573e-01
2.467821500492975439e-03
6.177654218087426374e-02
3.223899948810421412e-02
8.860377942033133281e-02
1.027274715698948265e-01
3.157137409387388294e-01
1.248332470134469047e-01
1.734472049829491325e-02
1.138204634199349585e-02
2.670692715795523475e-01
2.151260135475603907e-01
3.731421534738332824e-02
6.682505371031229047e-02
9.791397184201039439e-02
3.079921784791861405e-02
1.562161168121657395e-01
1.578418365798212875e-01
1.673885090573553613e-01
8.686930476202033014e-02
2.501788252971342552e-01
5.005372613327151166e-02
1.127813164824520292e-01
4.379081563472674299e-01
5.347584322615320240e-02
7.177397552882947007e-02
7.270180406609594304e-02
1.141479827465557984e-02
2.508770994589579750e-01
2.059869768362720677e-01
1.944019211032981809e-01
4.671992822622842434e-01
2.729637869414360818e-01
1.935487747920838220e-01
2.170386992820977357e-02
1.614234809658444958e-01
1.444553357552247341e-02
6.486053413867735873e-02
4.362231956898345864e-01
8.079922859322530293e-02
9.755660168351037997e-02
1.549219434214391122e-02
4.230955905651523352e-02
2.086366460656157162e-01
2.111297145151974919e-01
1.561591078187858916e-01
3.277834406521443200e-02
1.069308627687687308e-01
1.387810805027588634e-01
1.658989383466063228e-01
9.499074690307139635e-02
2.100084024090596579e-01
7.133269309824155635e-02
8.891731074260546264e-02
4.654787638199642946e-02
3.691458153675474807e-01
8.141294494206430254e-02
2.277992015570547979e-01
1.063392871821299962e-01
1.422067393578596850e-01
2.119375208394423393e-01
1.941261672844515895e-01
6.815852737040881681e-01
2.702472492257778636e-01
3.043677173885162013e-01
1.758369235578999268e-01
6.658103282633560938e-03
3.021656317512914566e-02
2.813536767604962741e-01
7.247050860147528917e-02
1.755084436098672818e-01
1.535105917485336535e-01
2.030076540911171235e-01
3.149111957811037699e-02
9.640796309379667806e-02
7.839664665958820389e-02
1.098534750689251181e-02
1.320358331970679644e-01
3.422354956783271729e-02
4.219691347303124174e-02
1.006211477234185137e-01
2.158301061726166856e-02
5.928777579102000733e-02
1.324340640322430040e-01
6.116916793200105618e-02
2.428232295024181087e-02
1.415747421032609588e-01
3.084357372829714672e-01
1.036606262387294586e-01
4.660310444575616051e-02
1.902208800267068955e-02
2.099062136258198208e-01
1.734086074085125773e-01
1.808081593655959940e-01
8.149791684785008261e-01
3.996465558807848484e-01
4.025378126115506938e-01
1.102124960791492775e-01
1.911222042264895116e-01
1.236559663953328697e-01
6.093486228238886859e-02
3.362365418198386413e-01
1.514917943851407101e-02
1.328806429433094238e-01
2.738495153843404917e-01
1.866654890613069495e-01
4.254589720060188152e-02
2.002552866993880798e-01
4.332358201170153494e-02
3.341449831790620495e-01
3.462662065318065918e-02
2.194690922677556416e-02
2.809354448523800757e-02
1.367539072776946529e-01
1.715756847568319574e-02
1.378321369147336439e-01
1.111750026752596904e-02
1.082784936560805475e-02
9.139535977759366547e-02
1.874351146831259862e-01
1.958860894721576804e-02
2.241182115682723019e-02
1.150136083993290037e-01
1.914212390289648721e-02
3.048622065484699606e-01
2.012939726697552389e-01
5.795348197263344714e-01
3.872399777764131690e-01
5.666100151269874985e-01
1.095323310765385916e-01
3.346143273839359278e-01
1.831695408050132146e-01
8.353033386498842638e-03
2.469764495071399002e-01
9.327138504180720879e-02
1.859498218579735962e-01
1.731406315874540192e-01
3.495647045530701075e-02
1.817298571596964174e-01
3.894887014765022748e-01
1.198284249337726870e-01
8.012704945834092651e-02
7.416545599324078641e-02
8.001018934389515780e-02
5.857831142235779553e-02
6.904146964265694963e-02
1.841576267562859137e-01
7.221073337647543333e-02
1.692758346424817067e-02
3.275278070612253067e-01
1.584111245381555899e-02
2.237943745686975239e-02
1.204801075506706787e-01
3.761977254918491553e-02
2.072234391700621126e-01
6.074891734945588040e-02
2.310451929536740390e-01
1.155103716521278662e-01
4.428837710958015705e-01
3.496001015165016435e-02
6.669722841476928288e-01
1.659483918153910331e-02
4.674248432258141239e-01
1.300866502051096218e-01
6.656465941707068179e-02
4.521828912615936114e-01
2.434275825153555950e-01
1.275503514459729593e-01
1.206953613017256177e-01
3.569714058021501712e-02
2.434990099572073297e-01
3.168330067951126150e-01
1.355879669584381109e-01
1.862248228836740904e-01
6.185855772564633620e-02
1.411312450814159458e-01
2.852629134998785343e-02
1.278420563335852522e-03
2.376769554106172855e-02
1.915680361278556537e-02
2.650847622349384453e-02
1.847604530689495039e-03
6.516625050078543591e-02
4.411525678950596607e-02
4.500918094474878894e-02
3.725883664028722952e-01
2.242503630077079535e-01
2.988342630439571046e-01
1.595442484742874978e-01
5.626960431255220718e-02
1.923672412732964077e-01
1.013624606679100204e-01
3.467820716406026516e-01
8.267863680167228391e-03
8.215583759527037011e-02
1.020367422120168066e-01
9.533898027138762443e-02
1.748588316432262424e-01
1.289389763107740006e-01
9.358205983881776047e-02
2.179480498191250781e-01
3.279638065141757264e-02
2.551718017770690169e-02
1.510346378013658897e-01
9.564162768742762166e-02
3.929981891904505559e-02
1.137365850532952305e-02
7.128958978539351454e-02
3.667112647658993946e-02
3.823135330307786406e-03
1.834897015025773737e-01
1.352437603926272269e-02
1.241624881067279751e-01
1.106730288410064933e-01
1.902998976280114440e-01
6.518826204238256650e-03
8.760875054324768207e-03
7.120181564874383806e-02
1.612472269806667080e-01
1.179952793785485066e-01
2.989118442249260044e-01
8.980417632376531956e-02
1.067653501341160466e-01
2.598817553741388786e-01
2.092982151730112816e-01
6.567656930980368679e-02
7.318048869819090974e-02
2.239878144508235525e-01
4.066375366866559204e-02
8.166518706062038391e-02
7.021635198791716104e-02
6.889319040459337962e-02
3.735327966574970571e-01
5.737282296844173346e-02
1.565646072418301060e-01
1.043995591535312462e-01
7.223148585227021079e-02
1.602570328532851029e-01
8.115754397360029626e-03
4.865060291401625964e-02
1.477324953023502127e-02
2.159543852344381065e-02
6.292750662395343864e-02
2.266729610880839629e-02
2.826856998087159401e-01
6.850327619780628707e-02
2.566561769543963534e-01
1.405419041192983685e-03
9.410564643001759211e-03
1.412144321169168382e-01
2.986280855883777230e-02
1.020650105535316904e-01
1.980028729906544716e-01
1.297342209619495312e-01
2.402949273254504359e-01
3.964978667667504730e-01
3.243480563112806359e-02
7.397864888097134550e-03
1.502844175348231615e-01
2.738408232877572179e-01
1.127155634472501305e-01
1.034168502402079692e-01
1.663215415259142183e-01
1.854750639426507031e-02
7.551787759505690367e-01
1.143905689290722477e-01
2.298463031537278933e-02
1.023908589426747451e-02
5.310413332451099366e-01
1.008984010524670571e-01
4.892722027700375231e-01
5.248620362986723686e-02
5.054586527969128287e-03
5.202619346422614893e-02
1.516076613566981202e-01
1.775464539299288769e-01
3.067224817626515443e-02
9.757075538421783323e-03
1.789285580740558323e-01
7.651593844926930787e-02
7.755221736682264833e-02
4.031310556645678056e-01
1.010331176130278841e-01
1.858269026792343515e-01
2.770361104304410738e-01
1.467305933275976915e-01
1.964361174761299900e-01
8.750345003597143068e-02
1.274485245674115974e-02
1.129528430786919113e-02
2.899619987449896241e-01
8.356158957877421467e-02
2.538315633459651832e-01
3.524905057734117886e-03
2.507055485105591508e-01
9.332157585471662076e-02
6.686999505326282067e-01
2.007288679704008483e-02
2.328422915423379591e-02
2.812029671297287814e-02
8.498490301481498310e-02
5.946315794412131428e-01
5.258282659797218761e-01
3.448015552080128665e-01
8.508748566899532184e-02
4.207282442447696225e-03
1.997692952979536196e-01
7.353295508626879473e-02
8.858681763369777307e-03
1.485270507035696963e-01
1.674297076028866682e-01
8.982221964223476018e-02
6.327207510605321883e-02
5.248736834416710684e-01
4.069954584467369019e-01
3.074578208339299734e-01
1.031664325452322055e-02
2.295315883334861362e-01
3.760258404636446228e-02
3.674444371705200274e-02
5.677491590780966990e-02
2.394454350850329094e-01
1.834090657088255361e-01
3.452387296936506450e-02
3.552441445996187830e-01
2.009200624190031204e-01
3.009983290226229680e-01
3.094601335519731045e-02
3.647788877181387113e-01
4.295652177103845976e-02
3.849318778011850961e-01
7.378072102467128635e-02
6.571795457821760778e-02
2.464936409959999630e-01
3.423433032304940560e-01
2.845421891207096654e-01
3.368486048760725715e-02
3.111223355443906366e-02
5.366280955884458748e-02
1.259593698115990812e-01
9.495970888240126695e-03
2.170727557957435883e-01
1.587056215141393056e-01
5.165553112625895227e-02
1.031574758984788315e-01
8.336173307863400939e-02
4.097940172666184044e-02
1.202868705383040027e-01
4.199936804236972104e-02
5.313147672738574578e-02
6.413243472711008253e-03
9.412399561722648023e-02
6.488862095955993947e-02
9.448690875195780992e-02
2.418432321959310821e-02
7.068622581738662203e-02
1.188655112229522748e-01
9.164297207534230494e-02
8.424015212725788349e-02
1.377364895807850209e-01
8.043309667448880762e-02
3.726594556038178435e-02
2.291741987402808878e-01
3.729516221446270430e-02
4.194813429890680290e-01
4.466079622420127127e-03
5.148859770609943709e-01
2.946078103532198122e-01
2.836939817688786600e-03
3.961309472640936469e-02
1.371621556412579990e-01
1.020630260356137908e-01
3.513313199975379164e-02
6.871193914505113742e-02
8.715254194196134230e-02
9.773648294555772886e-02
3.737541376920421737e-02
6.662861024084273942e-02
3.037123078702561041e-03
1.431451176695949790e-02
6.884104971272797524e-02
1.042579864033551379e-03
5.404557162406035953e-02
9.217635274187511996e-02
2.881507479915919046e-01
2.590680015503999956e-01
4.160087818091567219e-02
4.290699387277352450e-01
7.769081184897941306e-02
1.074896343115047670e-02
1.097263468978641465e-01
5.197633605674140123e-01
3.699957903874264570e-02
9.468625663286384109e-02
2.134317204900497977e-01
4.261405171442568529e-02
2.438594999962911680e-01
6.711588420931773047e-02
1.439681787690811343e-01
5.039547048100520010e-01
7.792222868761614074e-02
2.399451130616239714e-02
2.021985873732499994e-02
3.960943889773066440e-02
1.015279864744533522e-01
1.482326095202658733e-01
1.235590815755970018e-01
1.825242032806451697e-01
7.200399875658997258e-03
1.302419748415374334e-01
5.453086784534127984e-04
1.094957496732308078e-01
2.139502643923183456e-01
9.242265755293604945e-03
8.125535880495626806e-02
1.753264129988514330e-01
9.810726155151794359e-02
5.659272536025847788e-01
4.237170384156063729e-02
5.698634017371927429e-01
2.017213560945970569e-03
6.379305758236057666e-02
2.074980887770550286e-01
4.752441032704569079e-01
2.197743841732308079e-02
1.042634505084629321e-01
1.876709686751347472e-01
8.967411083075771741e-03
1.606206532411574850e-01
7.347408435046619973e-03
8.222139336222675232e-02
2.999158029499018885e-01
2.482232612641232794e-01
7.996053802773253616e-03
4.162005179178120823e-02
1.563390427620762191e-01
9.050839900676047045e-02
2.062491548308970080e-02
1.540039173882903345e-01
2.393598087571843225e-01
7.466401520598506258e-02
9.123578687067351867e-02
1.032418750857322376e-02
3.342749785873320723e-01
1.074603400070101161e-01
7.603191881635425198e-02
1.397064933893629735e-02
3.195540574315065829e-02
1.380066611308528035e-01
1.367633452992084719e-01
9.879975177487411442e-02
2.944085905581806939e-01
6.782658305929667453e-02
3.415063432705321977e-01
3.769600168117907546e-01
2.042835775292455858e-01
8.681681692125894911e-03
1.427828560312264204e-02
2.091812976730270390e-01
8.276850719541323231e-02
4.899986794521438149e-02
6.174502442376308270e-02
4.786338890906687710e-02
2.449085765880046339e-01
5.729235531186302466e-03
3.217509287102840454e-02
1.634490054026102590e-01
1.213049091507494015e-02
1.759587299323592813e-01
1.027712921157440673e-02
1.514240037845963893e-02
1.841098658426889023e-01
8.589711443849995520e-02
2.917746743958480465e-03
2.764063648346221092e-02
4.484286094936512646e-01
4.390335560850304741e-01
2.448290357654013261e-01
5.425717876150702029e-02
1.844560027452365469e-01
1.932906304875727233e-01
7.379763475034506470e-02
7.545196010905565187e-02
6.466640549810339644e-01
1.502854119577327063e-01
1.492366684476784944e-01
5.280957562177093778e-02
3.107421604896847267e-01
1.666728265260558270e-02
1.127779498326979546e-01
5.386288849930884887e-02
3.872217522179959015e-02
9.472497167944295138e-02
9.996648636095116502e-02
1.212420380685809429e-02
1.214851280671492700e-01
4.244738602210781919e-02
1.163020132579583171e-01
1.388131537599257559e-01
4.371021137370977028e-02
3.837561171800267235e-01
1.660809377857201397e-01
1.096314614983289748e-01
2.501164776587972427e-01
1.769984246192962130e-01
6.439439207413118205e-02
9.474664775083202484e-02
2.460394205755769281e-01
3.603477531289133173e-01
2.617521881593224964e-01
4.509982429610026600e-02
9.292073192405814197e-02
1.889470559364814783e-01
4.715742113493906484e-02
1.845564596966688398e-01
3.768367505369291104e-01
3.890363410632774466e-02
1.523736601225380571e-01
3.937758704117297337e-02
8.984222192821492148e-02
6.302919278623322907e-02
2.036075848137171851e-01
4.764541179159409445e-02
2.148062621775981840e-01
8.486365664338460513e-02
1.436092326611670966e-01
3.874030050442864997e-02
1.449810121961035703e-01
1.170200886634745335e-01
9.912517043322258137e-02
7.466120691891775518e-02
1.505905454411861008e-02
8.591501578189769672e-02
1.404902307873730216e-01
9.535400804307211930e-02
3.833372031717534045e-01
3.629878779778550335e-03
1.981685551066855733e-03
4.940515049379688717e-02
1.257203734435992926e-01
3.379624401684075963e-01
2.480480186454814273e-01
1.721720030486411646e-01
1.193674019374822148e-01
1.856421154870194490e-01
7.197934349354964678e-03
3.117956439047993994e-02
4.747566531585708516e-01
6.267988731670827429e-02
3.787756103066935998e-01
8.940058210838161545e-02
5.576100936046730905e-02
1.929103337069861673e-02
3.148754309656929262e-01
3.041075993248223974e-02
1.078224357222745122e-01
1.224656516579621379e-01
3.483509902356098781e-02
5.413325495367987683e-02
2.234612745523009147e-01
1.482259729398510140e-01
2.243166059941248403e-02
8.116187987086533051e-02
1.267815373367848220e-01
2.704009666832270231e-02
5.219832753927360347e-01
5.549494052582653811e-03
2.868021583046231893e-01
3.035261201301778233e-03
1.550783155244762623e-01
1.683435990323499110e-01
1.402673029726943799e-01
7.096067099971822834e-02
2.733509548969739189e-01
9.912267510708013818e-01
4.288606674601526114e-01
5.544062376636754025e-02
2.098569927227472431e-01
5.040528516217231136e-02
2.173528107584827840e-01
2.147289326448698077e-03
3.112341676866803297e-01
1.573219376851045515e-01
5.484949048050206943e-02
6.802899853978319755e-02
2.081587415770199401e-01
8.888984583028775033e-02
1.083220002138037819e-01
3.422934443660405335e-01
1.977575137150958673e-01
4.492508384977730862e-02
4.329553722436777496e-01
2.064189888377170323e-01
1.885746226522794222e-02
1.529883947831342239e-01
1.026999513373493822e-01
8.453009736653638306e-04
1.328780699854957281e-01
2.795999918497319575e-02
4.356704812002564625e-02
6.111848803225858329e-02
1.767981965955789658e-01
8.206986360496436317e-02
3.296548350242709535e-01
1.170032477745990146e-01
1.874734822416536106e-01
6.204078352871111868e-01
4.244545215632063440e-01
6.460073075148864419e-02
7.293375553733116856e-02
2.273653940796366568e-01
1.148958230931803048e-01
2.071842430583309413e-01
2.039851557639220381e-01
6.096247704698596476e-02
3.279450845344586973e-01
5.673374714958597659e-02
3.418635721514455827e-01
1.403115064752004926e-01
1.433633957573939854e-01
4.433371996783796454e-01
5.948483062455596493e-02
4.702696847786944079e-01
4.824211768137197653e-01
9.940418007229390174e-02
2.865526561334409694e-02
6.729123465322249531e-02
1.045053440789974614e-01
5.858701492126694443e-03
3.668766834218682715e-02
3.280950961530884613e-02
1.913056892231487782e-01
6.223070050287884958e-02
1.426880804030533079e-01
1.141325427833794204e-01
3.639461474002063102e-01
8.359699526028133154e-02
5.047578906701836177e-01
2.222629877872022708e-01
5.178314429472143932e-01
9.808093589885599761e-02
8.460664250664104435e-02
3.361659477763423443e-02
2.247985276534029131e-01
1.000248606818015112e-01
5.419358203999355417e-02
1.970896357653089195e-02
6.080052929948565055e-03
2.244569964976747545e-02
7.930540438519471935e-02
1.702850801992403518e-01
8.221624434035901263e-03
4.177637229271151664e-01
2.174887421091042938e-01
3.074421522585629174e-01
6.474789446477220434e-01
4.211028149396218306e-02
8.666334147923254738e-02
3.855188997567686460e-02
1.172793210229133853e-02
1.236862604630942081e-01
2.856475992586204882e-01
2.714534090728714100e-01
3.796095962421667386e-02
1.185355472293729562e-01
1.381369640334334167e-02
1.348334048351817194e-01
1.618638631438595321e-01
8.997603644812113277e-03
2.798679148509692349e-01
2.140688052719046108e-01
1.272732870489720614e-01
2.377602902612935276e-02
9.934700086111759865e-02
5.034936521485502275e-02
5.429204969356794808e-02
1.122928488306364908e-01
9.655829875944045571e-02
7.669394718520965160e-02
8.141012382006570028e-03
3.718339123673343460e-02
3.441477330981046467e-03
1.096354638651597518e-01
6.415399130991231158e-02
5.624616009615048817e-01
1.702077016908138951e-01
6.475700737499168191e-01
1.716684260305180454e-02
4.117566334660552330e-02
5.913974387823421608e-02
4.392933006102546500e-02
2.492942909850724698e-02
3.684178957234740537e-02
1.418340302691282750e-01
1.437764027983692849e-01
7.051342101608694402e-02
1.330031106791162987e-01
2.119749659433223243e-02
1.937899383587482760e-01
4.520576263347585166e-02
1.728558194457670283e-03
5.252735488469938430e-01
4.934622534270777239e-01
2.444848329176311230e-01
1.497970970455423378e-01
6.787203820479198457e-02
1.339321410517776423e-01
5.610804775743316597e-02
3.597212830480857049e-01
3.413126865741254734e-02
1.470051240708256379e-01
1.374773405488731171e-01
8.828173418566381825e-02
2.998885983956146861e-02
1.002109621014158625e-01
1.841347728937694495e-01
1.949527252095108742e-01
7.759625481205872921e-03
2.612250851394615561e-02
9.901681135487564595e-03
8.464207739637483185e-02
9.694747157743252575e-02
1.369101091447639806e-01
1.398823916719857223e-02
4.038374256440699361e-03
6.404987104154252764e-02
1.945097762845836575e-01
3.758177884034089727e-02
2.178088496429221865e-01
1.543644885919104315e-01
3.305836917900293326e-01
2.340574411850669390e-01
5.469048647893654316e-03
2.111255119672513225e-01
3.995822489499432084e-01
1.499697863713029752e-02
1.390172227225846546e-01
1.007698667696831363e-01
2.610306533314056265e-01
8.812310815346052761e-02
2.218956405819970390e-01
5.832731292862085304e-02
1.384229817504629145e-01
1.509129385964139702e-01
6.234278266465631546e-02
1.138555334399223018e-01
6.162862927782705724e-02
3.466550721291624670e-01
1.141176816027008600e-01
1.019876158709626252e-01
2.865487636188093767e-01
1.364234998793636411e-01
7.268059076674224239e-02
7.442821061700868879e-02
1.968076207800616151e-02
3.311087969228687644e-03
1.704157967222198061e-02
9.653340423498033007e-02
2.025008014998824768e-01
3.184552913026132692e-02
2.042263954435596940e-02
1.680113290765684053e-01
6.320695247695576890e-01
1.884384702657107835e-01
2.020801761242529970e-02
1.590169925387374672e-02
4.593614975665876177e-01
7.929499735504158542e-02
4.716086034815698824e-02
9.381902471262522358e-02
3.427271292526379298e-01
2.352220186829659110e-01
1.733209669637371109e-01
2.553990400896838375e-02
7.814965027596772196e-02
1.617360753325587097e-01
8.046624186365787523e-02
1.233649441927941459e-01
7.324455484245366577e-02
3.108896763303625188e-01
2.641799871071338623e-01
6.347837662838037853e-02
1.461847910644057391e-01
2.121922162063738515e-01
1.198904221327972835e-01
6.170618225811164148e-03
1.135916133392362581e-01
1.117786704809579749e-02
1.340975003412767652e-01
5.369157353992504156e-02
9.389482934774405487e-02
1.181705792769066482e-01
3.646052966112675597e-02
1.206854989486667584e-01
4.556213967146769961e-01
3.380294023528535030e-02
1.047722054432164013e-01
1.385114598749822012e-01
1.404615673799503306e-01
3.529089606219949077e-02
7.384160370500908455e-03
2.788521827059459168e-02
1.273058351419452394e-01
1.517771413062626515e-02
1.145072284550529562e-01
1.902401502403293365e-01
1.310937739343531055e-02
1.731231714811332090e-02
2.013758657639493355e-01
1.350320525644212455e-01
1.621427847912049192e-01
1.514909404187359532e-01
2.168134622198716888e-02
9.582347306321423175e-02
6.741116745548697553e-02
4.380732861981269100e-01
2.834078974653345823e-02
2.127717045069680429e-02
4.382355210232355414e-02
3.068019107623728425e-01
1.794964788886019291e-02
1.849287939983341178e-01
5.925357984438629072e-02
8.966765528571789268e-02
3.649771270292707925e-02
6.689334468441447690e-02
1.887865847601380986e-01
6.100393947809343298e-02
3.577255110127882526e-02
7.550975684652352915e-02
3.934223828521791755e-01
4.313151172317054166e-02
2.253984849002371726e-02
9.260574408848296080e-02
8.836991947797132041e-02
5.277608318402179921e-02
1.123430205975145812e-01
4.662083994394633502e-03
4.876907007428005203e-02
1.285426060119388980e-01
1.804500039900995001e-01
4.696533931387812666e-02
3.227988336073469577e-01
2.878999581620770298e-01
4.343634397313363149e-02
7.176198407648243238e-03
7.646832260989450125e-02
3.491448932431843732e-01
9.498628416597654223e-04
1.579295147085419959e-01
2.487999971546811517e-02
3.209332625208266565e-02
1.993230556647469787e-01
5.218798262852077929e-01
4.045571595663657871e-02
1.166225315862993578e-01
6.652392399287605784e-02
2.374267689665874870e-01
3.781555467230787171e-01
2.218889608552318260e-01
1.143632828866221890e-01
2.598123149837028301e-01
1.733036015999315504e-01
9.523344775112376620e-03
6.448592259570798402e-02
3.505692504597102133e-02
4.140126343481856375e-02
1.100280775792172039e-01
2.599485614240176767e-02
1.237292672976182256e-01
6.541734720050837101e-03
4.610656373789392970e-03
2.914819766920626609e-01
9.478038923477224986e-02
4.692870144557961254e-01
3.856315112427867176e-01
5.142663512887861443e-02
6.454648531284398749e-02
1.632465104444376092e-01
3.195868710892804110e-01
2.066741771741443037e-02
4.110998083159869698e-01
2.836621321405440321e-01
2.624797320354454316e-02
1.654180720158116846e-01
9.391285901633882049e-02
6.450635257826287106e-02
2.203967997101528575e-01
1.741822628662246242e-01
2.623411494624329487e-02
5.861657565487068261e-02
3.561686029927207953e-02
1.841428163673277663e-01
2.546210786945657945e-01
1.658035605106463473e-01
