6.979242615685694873e-02
5.121085786272285391e-04
1.867618408850375139e-02
1.804525029237109141e-02
7.769480287331381740e-02
9.945333307393711825e-03
9.220312969371764755e-03
3.662784207307069606e-03
5.602894361398269574e-02
3.828098022673981360e-02
9.853532579889252851e-03
3.116414138373085896e-02
2.511500173056348956e-02
1.091248720488075322e-02
2.799149850059464567e-03
1.935558742576678733e-03
5.969569729544690201e-02
2.067836139340871286e-03
2.002803875831134228e-03
1.131687416185895093e-02
1.542554846502888766e-02
5.285218845263998932e-03
2.173045914695335978e-02
1.789612755866256538e-02
4.962590278783322179e-04
2.751480179779587643e-04
1.217792512943172492e-02
1.376973193889492394e-02
1.102998658775906915e-02
5.461879113311821077e-02
7.122224163500221090e-03
1.516003244953117481e-02
5.983281710927057517e-02
1.560394354480619701e-02
5.643432735933623379e-03
5.003856494625417983e-03
7.143500298447864882e-02
1.033258832515948980e-02
3.852785729480089072e-02
2.824099454701800918e-02
6.542497095814173158e-02
1.028667389595786241e-01
2.096428279720497639e-02
8.435790642913366943e-04
5.106604704118361537e-02
7.799499375504441445e-03
1.824361727649360249e-02
9.962042339291602572e-03
7.661177565248984689e-02
1.244872209777540817e-02
1.274784070756890091e-02
3.532850647933553738e-03
7.959732195723224699e-03
3.106869607319738547e-02
8.312732036200963862e-03
1.627408084694587781e-02
3.886057748748332052e-03
8.921038146345460981e-03
3.594953876790058650e-02
1.885229938329751774e-03
1.362254778765283406e-02
5.218803771817247250e-02
9.857317533331126647e-03
5.737098226639151394e-03
3.037388003808961373e-02
2.403160943059153877e-03
2.702044607005865684e-02
6.251137330819538790e-03
2.324803206180797721e-02
1.249166913707025831e-02
9.759008572665227310e-03
5.646224906032502183e-02
5.867848184374292037e-03
5.917439057161454768e-02
3.241004911541042061e-02
2.215214697021222409e-02
1.053122886706008357e-02
1.149841149063654533e-02
2.948907587493513130e-02
6.591452397846263300e-02
1.398546080101776938e-02
4.708264739658744175e-03
1.701807825694824639e-02
4.004616418440429260e-02
6.531140623127114526e-03
2.953214342842832782e-02
1.268275618396096441e-02
8.257676105399652799e-03
1.006966972326784390e-03
2.095976835506463756e-03
2.603395091631269948e-02
2.281441828710145669e-02
1.985267469891033310e-02
1.204659462987478329e-02
8.047887838108102113e-03
2.056064845996343968e-02
7.275624520081241595e-03
2.454045198446763026e-02
2.277957610054457543e-02
1.108059839714533625e-02
1.730753400265716904e-02
2.681229561467554992e-02
2.607285887954511466e-02
1.127796191411195754e-02
1.199886198547928801e-03
1.192363549850551999e-02
3.524517403319247372e-03
1.956569087046979710e-02
2.026317351793447546e-02
4.982802828022565855e-02
4.177645965026986069e-03
3.620867394262881900e-02
8.160249471252869688e-03
1.443539302675999128e-02
4.993475566157601353e-02
1.718612234217152535e-02
1.977604216905148177e-02
9.114531977209833213e-02
8.691201364230358509e-03
4.945494505884540787e-03
4.863153008381020104e-03
2.449091583261515069e-03
1.400178208375056910e-01
2.898630183554789987e-03
2.531902225836579756e-02
2.105283809186039162e-02
5.882759344391825379e-03
3.490460036787731979e-02
2.280532255928974586e-02
1.118705614491025818e-02
1.691497182129950497e-02
1.744894180490906208e-02
1.958120283574689424e-02
4.999619443709030220e-02
1.642089594102848910e-02
3.788790329658337300e-03
3.149213240619684433e-03
5.636722249375618332e-02
2.630457982983187143e-03
2.059858883905663074e-02
9.296900181248476946e-02
8.478324969507013142e-02
3.323856193233333013e-03
1.935896795366228579e-02
2.036176757955127092e-02
2.332812519662619960e-02
9.444028366728668411e-03
3.580185308905581287e-02
1.983903117171454192e-02
5.436585465904050785e-02
1.822907660707016875e-02
1.382477178766568747e-02
2.331816742860226901e-03
3.898798014706885643e-03
5.220174279599960193e-02
3.065214221140115901e-03
4.209173453400334719e-02
2.689458080679207885e-02
2.485163071380233277e-02
1.028577447806913736e-02
2.064543247883332891e-02
7.133942763281067578e-03
5.633990175989381233e-03
2.418081054321656945e-02
3.847961456180344630e-02
1.546672873786725071e-02
6.319476005053987697e-03
1.280583725203854675e-02
1.024480230051470070e-02
9.309480911744466569e-03
8.267613776064667436e-03
2.684232495714082220e-02
2.138911779034734575e-02
1.095033428170678197e-01
3.681635695134931330e-04
3.094597275333047307e-02
1.433314721786834410e-02
2.077020953689159150e-02
3.246622573173570114e-02
7.125891599417555344e-02
1.832686311398161461e-02
2.222132229402752623e-02
4.754019435339479696e-03
1.068671726524932780e-02
1.031685908992153317e-03
2.336340750746963846e-03
4.402689513339657496e-02
2.568195286259412208e-02
1.961406714484625891e-02
6.264087533940776442e-02
8.019149159628962548e-03
2.389093870272239462e-02
2.822218172130448385e-03
8.455932521090298720e-03
6.834611568476509774e-03
1.323962657454742266e-03
3.611064869230076052e-02
3.858410627315112668e-02
8.449511930623812214e-03
3.630024676941220885e-03
7.676010726246460143e-03
1.757307318300475527e-02
2.362826224397583663e-02
4.216001848019423903e-02
4.660914602504627295e-03
5.062370591655449698e-02
1.425212745926762725e-02
4.144727119206285948e-02
8.788877669629597926e-04
1.426833543372350160e-02
3.842763668610997552e-02
7.800663127763179938e-02
1.142111094803333060e-03
2.197414337223293351e-02
2.651393873638024923e-03
4.620978214921816866e-03
8.387523965599151879e-03
2.104633826521942752e-02
1.288615229845041232e-01
2.892675226941581954e-02
6.002207172633171328e-02
1.128641112649314965e-01
5.337360692342545468e-03
4.744939817125787274e-05
1.203286765953923143e-03
1.514371743751931169e-03
9.712758912195734035e-03
1.867996689942509614e-02
2.824341456008552798e-02
7.576240873324164432e-03
1.977003085989414294e-02
1.065433388538030227e-02
2.687083645611052646e-02
2.441153969653484315e-02
1.058021450962512086e-02
7.709923326222196949e-02
1.189360599159403498e-03
1.019980800637908802e-01
4.615718936648720988e-02
3.194863866987489309e-02
1.071347225184324237e-02
1.095431818673660122e-02
4.239284376786566638e-02
3.817969642080817905e-02
1.274427498520916066e-02
5.457380366933591020e-02
1.571774159006303958e-03
3.845875867876519683e-03
6.497567925659241198e-03
2.950922617433349854e-02
4.731825595667248779e-02
1.899981664274449228e-02
1.579436947687272441e-02
1.863275611829807998e-02
1.996107825510757064e-02
6.498152722436895123e-03
5.220102617755126469e-03
2.917022364607176066e-03
2.016379205137945607e-02
7.326832238879300851e-02
3.756079432969112314e-02
1.162368733622743885e-02
5.393194052521704460e-03
5.829324343439688458e-03
8.720144048251920674e-03
9.757845674801859590e-03
9.123335508353397350e-03
5.001467939162786841e-02
6.034977317804156652e-03
6.549253044914998823e-02
5.495095888305119580e-02
5.934846746784343957e-02
7.262086081922005699e-03
2.681626509510008725e-03
4.994406094002545871e-02
4.902276986777977241e-02
2.122329967125994449e-02
2.144524901422875662e-03
3.807071344159652145e-03
1.854627938732430342e-02
1.621947289436910522e-05
5.326421084227769137e-02
9.517090741774500429e-02
3.185493335275770693e-02
7.442855978375378934e-03
2.653368123907049944e-02
1.007266122708653025e-02
8.917114812041528060e-03
2.888105306271754671e-03
2.354984277014442705e-03
3.629625924182525686e-03
1.011614564743420000e-02
4.920648688957664912e-04
1.672092619889113674e-02
4.941547378006097037e-03
5.020284541072141810e-03
2.492322581796180270e-02
1.193018785444898561e-02
1.949223023545249706e-02
3.502903938624362529e-02
1.386444180185182010e-03
1.407061372926753789e-02
5.951040520889433472e-02
3.858772484294430843e-02
6.768201892657587336e-03
6.231564518319937518e-03
3.725328910430867474e-02
3.572872303967993945e-03
1.934952231306130699e-03
1.846913328556008815e-02
4.468572128081549355e-06
5.991068280803805990e-04
1.302360751188676169e-02
2.784200935637943727e-02
3.758287877252942943e-02
7.235464794783005513e-03
1.869485296778888514e-03
4.601868588976996272e-02
7.764531536735187409e-03
3.108003792263804715e-03
5.370968417012798694e-03
4.094524377705075976e-03
1.477514975403032733e-02
1.570979517994578953e-02
4.223480757404724818e-03
1.734576373073425798e-02
1.328764331024026406e-02
4.553525535628868970e-02
1.740218504514206080e-02
2.335332119107421875e-02
1.522941846831577829e-03
4.129899832088590461e-02
7.288831370683250543e-02
5.027232193806151217e-03
3.541696740593242021e-02
1.036600683231202885e-03
1.470990095369922174e-02
1.213883152784566051e-02
7.211176604067972423e-04
2.621022148643907534e-02
4.218258393614768287e-03
3.385567017685844893e-02
9.660749770654439295e-03
6.954917255312192959e-03
4.284235995586128942e-02
1.116552609668911705e-02
1.676306830952606700e-02
1.889643086505296554e-02
2.257518049156371272e-03
4.086952224501538833e-02
3.830659420096708956e-02
8.237193769460134790e-03
7.439810915605849645e-03
2.754807064014208606e-03
1.445440011444462831e-02
2.128751633779385130e-02
1.342363089660809743e-02
3.535706503438851289e-02
2.552665444953874929e-03
1.847893455020052644e-02
1.966413020692328248e-02
2.379816786094134801e-02
2.822489191540424741e-02
6.176429051304809653e-02
5.181219480626359647e-02
2.101804265830761395e-02
1.311110881946501647e-02
1.000505194334981238e-02
3.851999534573991024e-03
1.724564005425228280e-02
5.456883350320648404e-03
1.014308339577287346e-02
7.563086966030842240e-03
1.322577285883048265e-02
4.409819646756364328e-03
7.860224305580745460e-03
1.241215390516525567e-02
1.687921368394665333e-02
2.507466738063926504e-02
1.569394453018822105e-03
5.127461261110271250e-03
1.325540358009413833e-02
8.211279069974486422e-03
3.208328173444139134e-03
1.056697984678094462e-02
1.141604306714938052e-02
7.818523204660839457e-03
3.640052960603969157e-03
1.310775227080267918e-02
7.416571716963649141e-02
9.259553234261572174e-03
1.316254416982131151e-02
2.298726458817644189e-02
1.399340650917239859e-02
3.011348865861332436e-02
2.275995728728510969e-02
4.693722561577347990e-02
4.075923893075596161e-02
1.087125734608825403e-02
1.474608322737206399e-02
1.337587178904162469e-02
3.584505158851971490e-04
5.250476769443371446e-03
2.801041165395722933e-03
4.606794743063241139e-03
9.154559224487587854e-03
2.263694672662752705e-02
7.606257137334385132e-03
2.742053206909519404e-03
1.778323781534611736e-02
2.289392996335268271e-02
1.365812662534932054e-02
7.079893104970973183e-03
1.106649734350170604e-02
2.643347070066002363e-03
2.934667431552627145e-03
1.376416107327349536e-02
3.495025869995496345e-03
2.347904217047121211e-03
2.644814694723828657e-02
6.087825425398085688e-02
3.176889501932639304e-02
2.553593620770816530e-03
4.155546289052518966e-02
8.473578311901880031e-03
1.599766224077954144e-02
3.770357619684186479e-02
5.097469872520752135e-03
3.661657634974247594e-02
6.284676800607506830e-02
4.581766408689687264e-03
1.233246102500000843e-02
6.546899816780324920e-03
3.286193169408993531e-03
1.365235479966776799e-02
4.428299607376128683e-03
6.590609999138855729e-03
1.146990053069146635e-02
1.255962451003337331e-02
1.115421354056184144e-02
2.100001912461438996e-02
2.266936625909600836e-02
2.098124566545741393e-02
2.788349548647517384e-02
3.060287310115358816e-03
1.245220294119125937e-02
1.784826839323410200e-02
5.703023024917711764e-03
4.304319561698490698e-02
6.283861339018442620e-03
8.088101793289042413e-03
4.361194814198041114e-03
7.418620728291043520e-02
5.470725614308117463e-02
1.543950185265439284e-02
1.655541036624506163e-02
2.550240455578322088e-03
1.665139500807299652e-03
2.623754157091745878e-02
3.804864178235892874e-03
3.736084761437608731e-02
3.562068489800628013e-02
1.838583422844351084e-02
1.469880954448882573e-02
2.498304594943010631e-02
2.139733326439779981e-02
4.035094528000601928e-03
7.398146880565054095e-02
1.563556536340300271e-02
2.143958069202556160e-02
9.420180543397403683e-04
1.472259227794590376e-02
1.440604536509606896e-02
2.219749358038297302e-02
2.818479004165395929e-02
4.965050454768131505e-02
1.227433324392389682e-03
1.278548447135517338e-02
3.518127275469254411e-02
1.950886459618288507e-03
2.265813767344981161e-03
2.690475707071473752e-03
1.861926296459691724e-02
1.643343419424743782e-02
4.588035358307014644e-02
7.452264243474487904e-02
7.702129646786047557e-02
3.123238357135003918e-02
1.440155123404476475e-02
4.012003234150999034e-03
7.081813743623993629e-02
5.120642714565960991e-03
1.234789160563469837e-02
1.710718744023826537e-02
1.927233535275697102e-02
5.717376141836845796e-03
6.953284591753790267e-02
3.084119138017320239e-02
1.496857904741877472e-02
3.541128996442576005e-02
3.321887272429743798e-02
9.969483500021775191e-03
1.575639730895719848e-02
2.669446776596430190e-02
2.750860440242172515e-03
4.692568735653439294e-02
6.186946123861093716e-03
5.702892496800181926e-02
6.635051488914068402e-03
6.397350186033422259e-02
4.158695339133511304e-02
2.154098481453817909e-02
6.801423976918834040e-03
1.820996490210600310e-02
5.214926216241423142e-03
3.268258786918522112e-03
4.208664994947099169e-02
2.165437409026628457e-02
3.251591945178818055e-02
3.115090125404539750e-02
5.008683033485140934e-02
8.094277439394963539e-03
4.048920730620117481e-02
3.797160621485209595e-03
6.903073015417188381e-03
1.695471813242039119e-02
2.458914467503748799e-03
3.100246857115332433e-02
2.759553720665722590e-02
4.327441946460098242e-03
7.024479625941815880e-03
7.590887182791595383e-03
1.136691970562208297e-02
8.489013097212848996e-03
2.168835568245165366e-02
1.280969171080674485e-02
5.354951593361259587e-03
2.478618050221363667e-03
3.138652124769559723e-03
2.995569572716876364e-02
1.047342835815863460e-02
2.823227835993015120e-02
1.717505536478131437e-02
3.295204471174281030e-02
9.050759505203877231e-03
9.021390210970193363e-03
2.274831145518888334e-02
1.255510093311616726e-03
4.427444594216857487e-02
4.990843000497062476e-03
3.381277447711294494e-03
1.316016966569372518e-02
3.220029595978624037e-02
1.121943254548949699e-02
3.865779946429255542e-02
1.156191828694227465e-02
4.692982834076752166e-03
1.747677469366858832e-02
2.082015597434371673e-02
1.291388716182121157e-02
3.323929577499838001e-02
2.192057303185943225e-03
1.277111600127044111e-02
1.661123741781788538e-02
1.427887548903378385e-02
6.434675934072749126e-02
3.287941830893314349e-02
3.623707354161619792e-02
4.347532908476779354e-03
3.931092136337961500e-03
1.260537958582504288e-02
5.629395239893572600e-04
9.705635210030616813e-03
2.960612299287422589e-03
6.284707536020381347e-02
8.544805639914589135e-03
1.489585690928994094e-02
1.878242127438092476e-02
1.534827130221885425e-02
1.481901456618138838e-02
4.929806134181748123e-02
1.164226504018790916e-02
5.457344064677025278e-03
8.536624403576607498e-03
2.035126536199850095e-02
9.251226415595652924e-03
1.593086503658016490e-02
2.260017916341772876e-02
3.076710992356480878e-02
4.535644872290489106e-03
1.103905399250701760e-02
3.877978759549751461e-03
2.559949753250882060e-02
1.591683533037319132e-02
7.446421661698718331e-03
3.645455687601140832e-02
1.268090929577768422e-02
1.182279852008654396e-02
1.690527882112808494e-02
3.788429600377069689e-02
2.588930357270831980e-03
5.021893892418385213e-04
1.619292572994946236e-03
1.344563779264230756e-02
1.049692998113563661e-02
1.178805810295344494e-02
6.785853648713532221e-03
4.603424371597412187e-04
1.296108195673295084e-02
3.312250902203025399e-02
1.709627702918842251e-02
2.268247042397471963e-02
2.413268514727949510e-02
2.999269348189545145e-02
3.841230206148519427e-04
2.474496945813439361e-03
5.224397325762172861e-02
1.194252461138414767e-02
3.628698379497723257e-03
1.682794292486481866e-02
1.205158213725744144e-02
2.287972491701996056e-03
9.456181356807976529e-03
3.130331659522855164e-02
3.028182412684007896e-02
1.142620201699083050e-02
1.867998911798098710e-02
2.509706444273763354e-02
5.963207901024710454e-03
4.254170478409344085e-03
6.868021849521560931e-03
8.339104994399736126e-03
4.011628561054091796e-03
3.814092681194882015e-03
9.825639120984126090e-03
9.708860638092130929e-03
1.866544474354793221e-03
7.811462316424825497e-03
3.965685314031308813e-03
9.807254975843136824e-03
2.107601848723194421e-02
8.227135062286514144e-02
1.528633276408958297e-02
3.345619077121391588e-02
6.179926765633456803e-02
4.824545676001119193e-02
2.924261095670913080e-03
1.020018946379655338e-02
1.703512222448586022e-02
1.413070058775205834e-02
1.276065680575925315e-03
2.101408398142331092e-03
7.962775703145713591e-04
2.750415077841993679e-03
4.778155287823434433e-03
2.231712008249341073e-02
5.809327410576763107e-03
1.761192887107815644e-02
3.251539454076095292e-02
1.388035842550078454e-02
5.387718264331640451e-03
9.228326029846517856e-03
8.405722804475058638e-03
6.408263944167002374e-03
2.126954845064739363e-02
7.502234655547457449e-03
8.028747234685492534e-04
3.613785108642912636e-02
1.235151449205821109e-02
1.507396657218880963e-02
1.493628480044780285e-03
6.343034434853343437e-03
2.241580439039710451e-02
3.959979863591372301e-02
4.189879040956304840e-03
7.039852090910614368e-02
2.281228880117448787e-02
2.039958819040566668e-02
1.515100764961381866e-02
2.233631812551255258e-03
4.546897068946197801e-02
4.742842714926032849e-02
5.718123615908677661e-03
1.296675443664075484e-03
3.739758573005062814e-03
3.844159512741159197e-03
2.325051383833424967e-02
2.188562365629535822e-02
9.455697906724144439e-03
4.946302696091331788e-03
1.163844948938570767e-02
1.916202578745679688e-02
2.629618379787712623e-02
1.556488247966171523e-02
1.362850797853724580e-02
6.123640935811219821e-03
1.009618118546361590e-02
2.171215505855853510e-03
3.222106617342017539e-03
4.364689262139824326e-03
1.427874035320298579e-02
2.566885925064904192e-02
4.255618432039502338e-03
3.550910929714506947e-02
9.206365515580398895e-03
1.800904967647493429e-02
9.098401759972740005e-03
5.415033450054164421e-02
1.172189623221507951e-02
1.094731830670600189e-02
5.949879843126516452e-03
1.442828937603216587e-02
2.651116189906503606e-02
5.622198821759207248e-04
1.197822194900108154e-02
3.022802639006207798e-02
3.180144806883387909e-02
1.902411807175075163e-03
1.237120522736456091e-03
1.496075927600253735e-02
3.023977337045812008e-03
1.327082294513175741e-02
1.188176764398492409e-02
1.670751032314653911e-02
1.254967154145672677e-02
2.355396416893602851e-02
4.457202510111040600e-03
9.785542886135348631e-03
2.848348810313611548e-02
5.350569301427895996e-03
7.924566809522914923e-03
4.338203787143629468e-03
1.304765131407295900e-02
1.722927368345810242e-02
3.104122039020048001e-03
2.635846520286536446e-02
4.567132884709113050e-04
1.295886263163146396e-02
3.910520514312332968e-03
7.921547557548982987e-02
5.435723153915807127e-03
4.961936246645787252e-03
2.182374954081060456e-02
3.737733642860008310e-02
4.804796916840537585e-03
5.069623321056883000e-03
7.395746823537440416e-04
2.433251535622599909e-02
3.703031045380184710e-02
3.193879721398775601e-02
1.632465311305227734e-03
8.098037248587449874e-03
7.260760285793581292e-03
1.538288954261623175e-02
3.656171849673036517e-03
2.892030502905203887e-02
6.998268005585761217e-03
8.161080878611700132e-03
3.004990020492314361e-03
2.772713262199501261e-02
6.491316719265376005e-03
1.525998766290236064e-02
1.820004597704275029e-02
1.688763006694984220e-02
1.187022201648661214e-02
1.578098845291524277e-02
2.726943208157480217e-02
1.646216404196411756e-02
1.127003781085771442e-02
1.794643786756890819e-02
5.910523775635318985e-03
5.051375002709038164e-02
7.723847400456638384e-04
4.127351117765899920e-03
2.761531003282885477e-02
1.810618345643898175e-02
2.470057058780653417e-02
8.161887148202155023e-03
4.612864125666650203e-03
1.081438199620223667e-02
5.621767065384263712e-03
7.510801228548849573e-02
3.681296032850032290e-03
1.406420366347041484e-03
1.668381925184629633e-02
2.068603800217326885e-02
2.457435577351758244e-02
2.844202357732602410e-02
1.996591150539874654e-03
2.493989052726302072e-02
4.197816068436202065e-03
4.821820946436801425e-03
4.935539492884834581e-03
2.087389229292440848e-02
3.218304753784844829e-03
4.692069238156446054e-03
6.359748507493596763e-03
3.007179953084372637e-02
7.373091254760308355e-04
5.149352474079766512e-02
1.997288154458802534e-02
2.635352231917284516e-02
6.114152274569216623e-03
6.448627517520544306e-02
1.698068485333274411e-02
1.489135357102478081e-02
1.299183152029538720e-02
3.069974961365286650e-02
6.650753931548170766e-03
1.345116365884482801e-02
1.063636461770458425e-03
6.793024836039857073e-02
1.455766951207050630e-02
4.892723023227066315e-02
2.020526399599230361e-02
3.151743566085430520e-03
2.805962102599907255e-03
7.160239967804588740e-03
2.440252747540617995e-02
1.072755382874201850e-02
4.946805344274619529e-03
7.035003363369689983e-03
3.048827362810609121e-02
1.623107299462311914e-02
5.208144639244349783e-03
1.758573801454602764e-02
9.265857510539279862e-03
6.997555704232518575e-03
9.251257290271538286e-03
8.732656185924149439e-03
4.075630144138857325e-02
2.163999085496645311e-02
1.653672550350124976e-02
2.030572212940782301e-02
1.581301594731647497e-02
2.280085905442300748e-02
4.070068967641571334e-02
1.530653915032841039e-03
3.731110173117387074e-02
2.625361583347227482e-02
2.286048141192278949e-03
3.095400337272575728e-02
1.004300122141167130e-02
2.374240661137906952e-02
1.673931845214249314e-02
4.891365003508670040e-02
4.802470776791767718e-03
1.113655646875114091e-02
1.544930758336006404e-02
3.073831491674917232e-02
4.401930032345090227e-03
5.422679644032477042e-02
3.490208689776237716e-02
1.261032188084928660e-02
2.585330019493944226e-02
2.664961071166349268e-02
1.182602598001395583e-02
2.301678622526009618e-02
4.781498479782059913e-03
2.012175268627168154e-02
2.024358977917370753e-02
1.978016315589045757e-03
1.869017758559592818e-02
1.133537802358162289e-02
2.937953728479558019e-03
6.319767964760969470e-03
1.620358890272920183e-02
1.429736151722532309e-02
1.077174868100885851e-03
4.579408178794527884e-03
3.094328718976177561e-02
2.416836847568219759e-02
1.333753882761818527e-02
7.895648535458963529e-03
1.100569860410714924e-02
1.471059528579769446e-02
9.058454098286459338e-03
5.225815055805584086e-02
1.054020232327491230e-02
7.651733256906120481e-03
3.532988468035683227e-02
4.392775765499916385e-02
2.859337654663634057e-03
1.257225320229067404e-02
3.433560892887742300e-02
1.350590564527878040e-03
5.294253666240473014e-03
1.614900795757015506e-02
3.211581058941448408e-02
4.702230459225637677e-02
4.361102459813144538e-03
1.338264743291456629e-02
1.456710445921932488e-02
1.975849036811520507e-02
7.682696990948728599e-03
3.260345852664769950e-04
9.781002719834083411e-03
8.187543492205410361e-04
1.201654496240190176e-02
2.263904926945475198e-04
4.494729108952746389e-03
1.179356468774455519e-02
3.375034213639114059e-03
1.697255282252656261e-02
1.833709138321860683e-03
5.496094512141537491e-03
3.219686110892280417e-03
1.471771074949189580e-02
2.952988332725051124e-02
1.332378719622211993e-01
8.712233211970201591e-03
4.434498552546350079e-03
1.813848079689045836e-02
3.457498791130056426e-02
2.107886273695325913e-02
2.495490728279141368e-02
7.276127672500866048e-03
2.952570457971856466e-04
2.609171179801825224e-02
2.920503967377956027e-03
5.117695836081620486e-02
2.141144102411472738e-02
3.680208749222172587e-02
1.746060752270895897e-02
4.333390551527244172e-02
9.338155459158524463e-03
4.122373820430267483e-04
1.110992635903233772e-02
3.013752152692348966e-03
3.830152343572215679e-04
1.986310307635112682e-02
5.239588352358550208e-03
7.828235738379334466e-03
9.612967079725674019e-03
1.024913960551838282e-03
1.552885369932218568e-02
7.905120650863758577e-03
4.958252376090703517e-03
1.506903961683023555e-03
6.274513230371779604e-03
2.276552125415640809e-02
1.153047969533531059e-01
4.264519558329310511e-02
6.730148390004251149e-03
3.404536530104432246e-03
2.084383759783100393e-02
1.146962743137469598e-03
3.605208463777671846e-02
6.088770797713589922e-03
9.300885661122531775e-03
2.068637248706423765e-02
5.514306369676250097e-02
1.845199155269350993e-02
2.655930116893236159e-02
4.929735552873019955e-02
7.098095387153953439e-03
6.197993433534660160e-03
1.469172263431506135e-03
8.637882457974484229e-03
9.120595046203699291e-03
1.085268912291953783e-02
7.168566783611217061e-03
2.548419110371873478e-02
2.854683661695039953e-02
5.139371982882438850e-03
1.677536913023505022e-02
4.575251492159837854e-03
5.908802149618939958e-04
1.728660098285441163e-02
5.314895092657200525e-03
6.604771903611084995e-03
1.597616976835086744e-02
2.372561353023650704e-03
3.982144164533486796e-02
4.433112512113429604e-02
1.805274959332297049e-02
1.177186117288926692e-02
4.817905085180820141e-02
4.033764640576645993e-03
7.882510602082818188e-03
4.656483737319200809e-03
1.389761545507222848e-02
8.016189149427904032e-04
4.684756180955593208e-02
2.508808079581972827e-02
3.370853350575139101e-02
1.604652715242768993e-02
1.371558356529113676e-04
5.849954341136929560e-03
7.074315670165193595e-04
1.689900815378632404e-02
5.612725431677725516e-03
1.247506186387191580e-02
4.724114561167621490e-02
5.078069535314914257e-02
4.319850137286184583e-02
1.186663613782396043e-02
1.766111203266103324e-02
7.184222250530775122e-02
3.341026287506496453e-03
1.098238150384843979e-03
2.119168496283509173e-02
4.532812415540174097e-03
8.472859052933920387e-02
1.332246680333052519e-04
5.567170187868475742e-03
3.683743381514164444e-02
1.068718738125416269e-02
6.973222659207202120e-03
3.342287135625339467e-02
1.060416721691359067e-02
3.544765399987917509e-02
9.035085630078711419e-03
5.686025966375912732e-02
9.117888730779771106e-03
1.320274339599478847e-02
7.079565766774514879e-03
4.025777405724080549e-02
1.413147628119377705e-02
2.978123664735509574e-02
1.103835664458048104e-03
4.284155480179378458e-03
2.038621812869513897e-02
1.602070972167343385e-02
1.591149843744867759e-02
6.108858251481981416e-02
3.014573193773930487e-02
3.830363964922234299e-02
7.554965577101667093e-03
6.636486684350636524e-03
4.599789508142335115e-02
6.076811436125996099e-03
5.514510891139683124e-03
6.334509242221567082e-02
1.687941686492951121e-02
3.496450821384174817e-02
3.153936676966062613e-03
2.262093660441444332e-04
3.050307840300400808e-03
4.010451928125852161e-02
2.309130931749874688e-02
2.019124684736170461e-02
1.352396334948942347e-04
2.515812380378053964e-02
5.409102571648751606e-03
3.392751611513967341e-02
2.224821899652818478e-03
1.188772551420134646e-03
1.321377504725402413e-02
3.419946216251040175e-03
5.662712398050054156e-03
9.804372186501771058e-03
2.398992197737644799e-03
3.313081927527715409e-02
3.169468658316618170e-02
2.642831451526224396e-02
2.630296078118363190e-03
5.689375673017435520e-02
2.695311977598950290e-02
1.473396923875940241e-02
1.837574760388586276e-02
5.383723549968551583e-03
8.579114865168565793e-04
6.716929987174260694e-03
8.635399455894257614e-02
3.235085655862656590e-02
1.588489452949266509e-02
7.824795177746934893e-02
6.641865263310985264e-03
1.621540060604140590e-02
6.579284480117551966e-04
2.754082731393438579e-02
1.730137834126042190e-03
2.945286341718988954e-02
1.383687134082147580e-02
1.635029123634784004e-02
5.023297907190860979e-03
2.975281466313092760e-02
8.667239464076713015e-03
8.787819552875400508e-03
3.834114571252920847e-03
2.125884570809963292e-03
1.587419441124401920e-02
1.561933044182639563e-02
1.532251573129709415e-02
8.202839143233428554e-03
3.058222750965285119e-02
2.107916005859119223e-03
1.344518511820245489e-02
3.937713353280297007e-02
3.108564148478776962e-02
4.605789447492648903e-02
5.033411360912292028e-03
3.041478590178606310e-03
3.843993137161161311e-03
3.318115322469425248e-03
1.953210463383719953e-02
7.157854249324271251e-03
1.596185916252049544e-02
8.648129874454819899e-02
2.224827785096116645e-02
9.996063850095576742e-03
2.089814795842638920e-03
4.348796406077359150e-02
5.868089206525640283e-04
3.208616279775597380e-02
6.204703065002675766e-04
6.957172952976760187e-03
1.924837968440465397e-03
4.957775340158712685e-02
3.697084952481728692e-02
1.680198431443355456e-02
6.383891528829730485e-04
4.292822162745756932e-03
5.389409656608029620e-05
1.293063175184737748e-02
2.486131021329959431e-02
6.017241336827039433e-02
3.293299664635265193e-03
7.127742706318888205e-03
2.764442769520109033e-02
6.672562458067551883e-02
1.071264869078818183e-03
2.392017723452707911e-02
1.346408151995490826e-02
1.522826753752156391e-02
3.920291980660337017e-03
4.009051870922673844e-03
1.705014266836049619e-02
6.325623474695351439e-03
3.727871424585869897e-02
7.765600562326069323e-02
2.888765192209561197e-02
2.326167188825112309e-02
1.855112797166562702e-04
3.570771182275418731e-02
1.162215447480196076e-02
2.783275407845190244e-02
1.062901130032266848e-02
1.681066915792469099e-02
6.394256015011739319e-03
2.166947940395702599e-02
3.486493533961922131e-02
1.267666488256789098e-02
2.764613100255196645e-02
5.698623592309697700e-03
6.912340070819304738e-03
5.899619581806681001e-03
3.901552012467764119e-02
1.329487400502132356e-02
2.611218166794006257e-02
1.293265799040478614e-02
1.655498590054876179e-02
5.407180209340595178e-02
1.862634917696217099e-02
3.282332637182255874e-02
1.686582090184361032e-02
1.362772309128726725e-02
7.767275816895665395e-03
1.305410966923009966e-02
1.342034042722770569e-02
1.792543178401629148e-02
5.908515826412401306e-02
3.939397617507857385e-02
5.322151656095303746e-04
1.281091868832115802e-02
8.647046148980964964e-03
5.978003018084513537e-02
1.418252744546746880e-02
4.659489440806098386e-03
6.165878278610419962e-03
1.801882118976360497e-02
3.967685562130816163e-03
3.153285223775569024e-02
1.882103578208548997e-02
2.233690590914655730e-03
2.067703153900264310e-02
3.638657847958916627e-03
1.393639089580572116e-02
3.239313706248457547e-02
4.332173456867391415e-02
3.711865882925768911e-05
2.390842065094266750e-02
5.176542292056850181e-04
1.651790265934365357e-02
1.069697868459322382e-01
1.024789660169069493e-02
7.128879711256676244e-03
4.919142804492279697e-02
8.252422532804228397e-03
3.097225787801671446e-04
2.500465263308691496e-02
8.834244544837452362e-02
1.639956909124811943e-02
2.748498782380916911e-02
3.766444426415378743e-02
4.055972844451576770e-02
1.500885085317203542e-02
2.829291663083415009e-02
4.194151068456972165e-02
1.572120964759744083e-02
9.410891965531513470e-04
3.027097471641999188e-03
1.744514219921886045e-02
8.202376290625226080e-03
6.948960852722614601e-02
2.087637170509898041e-02
9.169821533396247185e-03
3.701070925912503667e-04
1.777825328657886214e-02
2.043693034996397692e-02
5.844340645344733333e-03
3.122291548791832766e-02
6.692832595494412583e-03
3.987794389493103109e-02
9.946775654854668469e-03
2.414950971447302544e-02
9.040370591989534133e-02
8.910214616751732652e-03
1.087366571089033902e-03
4.351714616390624235e-02
1.163911704851702117e-02
2.267111665205672616e-02
2.588586531297360979e-02
2.676872784243548853e-02
3.231016533228603382e-02
1.186681798858917405e-02
5.781399733273768354e-02
2.405528371721854866e-02
2.195713999674456240e-03
1.815997051106712362e-02
2.454937044423223871e-02
2.049111913419937939e-03
1.150391123090988010e-02
6.068799882992813137e-03
1.050022921613174252e-02
5.787121171647056049e-03
6.756970645488744043e-02
2.732635366564360041e-02
6.921942878085756388e-03
1.110194365770111142e-03
2.572373337117470071e-02
2.082666966322206659e-02
1.310286346590991760e-02
2.888868042267272312e-02
2.187301260708349876e-03
1.094816906722403081e-03
1.952843122870111942e-02
5.439463966949227569e-03
5.913786548377799462e-02
2.390371370446607233e-02
4.522589785114353340e-03
3.279245657208317011e-02
5.464313174456312400e-03
6.805255320993626456e-02
2.515327684089544921e-02
2.833027430660288448e-02
1.067235834655833049e-02
1.313059155356553764e-02
9.403703254479858775e-02
2.540693198910464606e-02
2.867283861776634846e-03
2.537190317756132102e-02
1.621561096271138466e-02
5.344235271536448839e-03
2.257558322062033079e-03
5.364741996295286849e-03
5.219524479063193320e-03
1.205198339124962693e-02
1.434187754979044695e-02
5.099480952579980159e-03
1.005327045266209279e-01
3.012479085923143798e-03
7.970288074911843768e-02
2.436010687701919628e-02
3.255872407963115306e-02
9.394645360299019865e-03
1.359281303803915779e-03
6.319733829329891341e-03
4.319876430920976951e-02
2.849613203811969010e-03
5.582950657694017021e-02
1.874495972866934909e-02
1.003493036185475890e-02
5.219906528308637661e-02
1.638295341146490947e-03
4.222362565601666534e-02
8.535309729012882651e-02
3.695361423557258149e-03
2.681951143336395657e-02
1.873231328810993218e-02
5.583965269264863640e-02
1.828348985205664745e-02
3.149029566162792060e-02
5.557476436583127372e-02
6.114619059662209505e-02
2.168037049547719142e-02
1.928163850665868748e-02
2.265855432140317233e-02
8.159512598989971180e-03
4.464296945599487143e-02
3.263173559090495196e-02
1.131431729101296108e-02
3.122718655261039894e-02
9.225103275025497290e-03
8.210031232191208894e-02
2.630229259410734113e-02
1.918712232358756042e-02
9.369430612470603520e-04
1.985455359734769262e-02
1.664893102372253658e-02
1.869615336383834842e-02
1.666961535522790486e-02
1.198147403597837474e-01
1.074150418719117470e-02
6.953824477499860775e-03
5.406369717420854426e-02
4.287312806909363699e-03
2.391310127355464679e-02
4.680690735842525652e-02
6.045663291133311634e-05
8.516438184375439702e-03
1.864080482054884108e-02
1.062883198839078072e-02
3.732052510191025130e-02
2.838166322415324253e-02
1.523112241384321289e-02
7.212654863865115493e-03
1.097532623187399796e-02
1.116591533008201749e-02
1.143034331500300538e-03
6.166852163244220669e-03
2.240518050038232956e-02
3.605731547716117119e-02
9.162371795121986365e-03
9.335023644422499323e-03
1.280533233029521392e-03
1.023613126578129529e-01
5.436427715370295566e-02
1.166280116384268983e-03
5.960577690533701289e-04
2.637061138353532369e-02
7.690550241147134369e-02
6.914019455197574493e-03
2.949877745588184649e-02
5.799824614737990325e-02
3.699783912479554480e-04
3.174780494696666927e-02
7.146227865138482516e-02
1.376134990301606034e-02
3.324137212075044256e-02
1.063370240038368116e-02
5.191311005205730481e-03
3.532975380466527038e-03
2.928762797391288447e-02
1.116324808785144201e-02
6.995518384249041488e-03
6.432175109299716025e-03
2.503489625125266543e-02
5.810937823147854960e-03
1.173261679247243269e-02
4.045142341068744263e-04
2.579685243003322984e-02
4.851087550309063530e-03
1.924048086871957275e-02
1.897018839551741290e-02
9.059249981966131793e-03
5.356879404776058312e-03
4.953335201681714414e-03
2.749659515124300291e-02
6.073512086844694985e-02
6.765880457921908883e-03
8.323935587307668832e-03
3.603963112708066796e-02
3.841950681049956240e-03
4.570462537866303715e-02
5.272883853034905643e-03
3.362399254851105440e-02
2.009915900701854385e-02
6.585033240561562543e-03
1.044026495413901377e-02
5.224324702457688180e-03
5.956820029723305238e-03
3.643900159485988915e-02
1.446635836472497105e-02
1.768455883106415105e-02
1.171472624937071674e-02
5.345350453903562754e-03
1.287889737882430552e-02
8.208947111388904469e-03
2.526233114023088838e-04
1.487341613871467644e-03
1.451523120930170614e-02
1.767912024716454100e-03
2.778005233541287755e-02
4.335252032118909471e-03
5.745452832717676782e-04
4.313093524976940180e-02
6.931145159493360026e-03
2.351693098010319838e-02
8.408720292159811704e-03
2.117821683421979018e-02
3.384602150182360047e-02
2.823324043146716381e-02
5.091062969572478225e-03
1.919704950563740770e-02
1.566098418609764399e-03
3.915974397198691490e-03
2.259716060976883767e-02
2.135502814518016115e-02
7.854852213152993534e-02
6.574096176546639914e-03
8.118804326093617685e-03
1.724791340060511866e-02
3.680843938256311235e-03
1.424920999254023976e-02
1.802496308359107999e-02
2.950476297564854147e-02
3.900736815690497919e-04
1.665457174447253913e-02
2.177627257112828632e-02
2.908679827055513003e-03
3.628984403783340473e-02
5.214782306025553260e-03
5.080794187428745723e-03
8.269913007469346369e-04
1.327185986506552486e-02
1.286319582798342576e-02
1.342150514904867989e-02
2.879540924392554047e-02
3.689943749633460557e-04
7.304569694153058290e-04
1.675902314120462921e-02
5.059860678223067343e-03
5.267898224722947220e-02
3.026979295767116829e-02
5.609499824822519742e-03
7.216813318727449689e-02
9.353243791072206673e-03
1.767678505014851770e-02
3.587157792068161599e-03
6.979477637059711831e-03
5.754923495888977086e-02
1.312571219824632679e-02
8.335177271301676474e-03
6.505376535260991994e-04
7.779658741376113337e-03
7.900651216535595212e-02
1.013099884997846617e-01
1.999496858253879683e-02
1.849509841760082693e-02
1.530852138293838094e-02
1.750579410468364183e-02
1.048963801548412692e-03
2.291814838703613161e-03
1.342512450215792297e-02
2.456977064813074818e-02
2.016285372968391887e-02
1.935088985255991115e-02
1.750186730167738181e-02
2.961386308419950916e-03
2.674323064707473385e-02
4.175224947861211344e-03
1.093974166468362347e-02
2.484713711743677389e-02
5.555473531935094939e-03
3.467410262589576408e-02
8.497121517067054985e-02
1.588790708467924945e-02
2.685987701262252531e-02
3.461031742407705281e-02
3.505283831419795521e-03
1.129118294902121955e-02
1.462832038383509239e-02
1.018701465778354062e-02
5.876233850262375068e-03
6.875544081816774636e-03
8.533449836688694699e-04
9.899782803242485746e-03
5.490090405053231482e-02
3.401840311966825015e-02
2.192834177521564912e-02
1.081536566968361278e-02
3.377062964246934501e-02
2.876759916103787534e-02
3.855798887913522996e-04
4.225280975850989607e-02
9.653213132965264565e-03
2.885849530190067944e-02
2.840940678943458531e-02
4.903704754292343912e-03
2.181541143815197981e-02
6.427193882873721495e-03
3.064619790245725478e-02
1.556457755955258093e-02
8.331946331743982775e-03
4.606644593341593930e-02
5.965383382398279158e-03
8.649037631518547570e-03
5.498803591173218042e-02
2.838485832307629034e-02
2.040224421901908405e-02
1.856740555513896815e-02
1.744248282643569466e-03
1.312441842794434543e-02
6.858325625738077858e-03
8.193537119237254487e-03
2.645379645362332804e-03
1.020533926758376495e-02
1.175512941701881489e-02
3.852121848511779606e-02
4.954153726676552988e-02
4.832457946968789220e-02
7.998886060384392122e-03
2.211772101507542693e-02
1.755949250894588837e-02
2.178238706485027820e-02
2.626701744943213401e-04
1.556491041234636837e-02
7.154037132745497130e-03
1.521531499048530030e-02
4.659062105347479277e-03
3.393473886324315306e-03
1.331124250619833416e-03
4.689637527869286449e-03
5.739073925755106389e-04
2.421348427147561669e-02
1.230905728886240447e-03
1.595251400675096187e-02
5.668832587864562969e-03
3.086550886966452079e-04
1.014234100332919719e-02
6.296261926613599957e-02
2.412532048690268702e-02
2.294992251704035952e-02
1.444097188668610685e-02
3.080365241009713761e-03
1.381292128998162262e-02
4.286239179501924457e-03
2.174678017217981929e-02
1.270375705018242027e-02
3.316479124660318828e-02
3.002031078143255552e-02
1.188461284687895164e-02
3.138560750443508685e-02
6.511526034663575949e-03
6.150157324813741722e-04
4.399093709717427636e-02
2.556389207241474559e-02
5.527010393446515554e-03
3.374641736847910217e-02
1.966726489258516578e-02
1.517492602888691720e-02
9.495144869139493515e-03
5.194501007232187745e-03
6.093788677650792407e-04
9.821142219592508826e-03
1.622376670610975458e-02
3.131733125418129093e-02
2.154235061719796118e-02
1.646743292253033397e-05
1.006652608604357776e-02
8.470830087912634143e-03
1.975918053605965272e-03
6.045156477686244867e-02
8.517704727717276270e-03
1.164024413705519109e-02
2.266074833065572294e-02
2.252389335427493547e-03
4.964095697084829062e-03
8.308832344139078716e-03
6.480698329409223871e-03
1.833977674759083507e-02
4.900434862335344144e-03
1.450233070413995372e-02
2.882384001153355524e-02
2.005302114417020776e-02
2.149394208346035867e-02
1.065998115780911193e-02
5.014082538620776019e-02
3.210393251594836211e-02
1.520763983899763722e-02
2.687841572388295630e-02
8.350210494830333230e-03
2.731890715829468456e-03
1.005954833813683946e-02
1.622161298363739360e-02
7.671470858984011203e-03
2.727386068987116413e-04
7.982324868782936927e-03
2.015308639094851376e-02
1.127844735813371413e-02
2.150000858887184032e-03
6.756120105644940720e-04
2.291566808578927514e-02
5.250457378931563251e-03
3.552199781674061658e-04
7.222128839517453353e-03
1.745182197631491364e-02
4.157098828497018950e-03
1.667683607839672011e-02
3.429569644220996361e-03
6.430549612970867454e-03
2.381636762311333325e-02
2.310348493483961943e-02
1.649292002021148645e-02
2.194530102076971967e-03
6.738773136009841569e-02
9.029517815834997574e-03
4.794914517504181295e-02
6.553550987332547317e-02
4.451331669284651349e-02
3.248044060833790714e-02
2.375737333264541298e-02
1.445373805482935529e-02
6.989326314600780021e-04
2.380979837492446655e-02
6.903590327472250952e-03
4.710382434746505226e-03
2.221902323960647102e-02
6.891847724505030179e-03
4.725420992669253362e-03
2.314654217578435147e-02
2.404973102102626534e-02
1.102468049661395333e-03
7.261318540142582684e-03
4.443066598850701349e-02
9.817953471257740219e-04
5.670429213548062314e-03
6.993232362771541373e-03
1.704438235250635772e-02
2.508656229864197722e-03
4.174286014628322133e-03
6.701264943264543042e-03
4.849076740717845474e-03
2.254727914308800665e-02
5.287019706772037170e-03
3.407721064779030418e-02
7.376672384546825723e-03
4.650028146810977758e-02
1.094452842441396428e-02
4.324492448929997956e-02
2.793429358877820741e-03
3.487153755282469160e-03
3.619742894858130056e-02
7.500721290960874442e-03
2.130686516968623850e-02
1.503303230200578322e-02
2.803418795058589680e-02
2.825753058032814957e-03
1.762653473776959814e-03
1.257320112551057155e-02
2.571319747518319848e-02
3.174557440560187016e-03
3.470332716567459119e-02
6.075902017224649870e-03
2.938427291894737947e-02
3.704048340339688872e-03
4.104136051831205889e-02
8.367736130643907769e-03
3.728043562227229078e-03
3.320041598464070626e-02
4.382208321772686037e-03
2.285871653648248458e-03
1.471881487925096044e-02
1.706254654977316931e-02
6.988845163732708421e-03
1.074115987001737250e-02
3.361981933677409690e-03
1.281506585246100505e-02
6.699364380698009935e-02
9.216730715565474297e-03
5.831172407150510273e-03
3.924360788161564140e-02
1.162134370953537069e-02
3.670155836378393658e-03
2.787489531397164752e-02
8.362115986796397893e-03
2.814510955890123234e-03
2.610141339775495783e-03
3.088273466555819385e-02
6.293999447115530138e-03
2.913739259180356256e-03
1.990769893537980284e-02
3.163815832852533150e-02
2.758670233668450000e-03
3.652437452677791130e-02
3.552475841936121592e-02
3.182161266576517822e-02
6.313133507831542729e-03
2.811596626386973080e-03
4.673951347179766680e-03
6.447042059006735312e-03
4.752324963562951088e-02
5.231630163752769291e-03
6.715891962753596511e-02
1.199630038489122273e-02
7.752949970689158692e-03
2.018510042775775726e-02
1.169738189441143876e-02
1.027565290648453297e-02
2.090615341529340407e-02
3.498261821646911351e-02
1.394395922376522393e-02
3.359723621802488194e-03
2.328040526791090581e-02
1.737504202168697887e-02
7.058807271555966358e-03
2.079188955675996195e-02
1.460508310516187187e-02
7.671681181110688585e-03
2.558813635723543312e-03
4.392667134801155754e-03
4.153486785240621294e-03
4.366376951882803420e-02
3.350334008070174341e-02
2.970160750445298078e-02
3.178941979472560408e-02
8.838915227156442234e-03
4.313252583631284331e-02
4.496458907072069244e-02
7.756423002310859106e-03
1.132480626864235118e-02
1.956811002414283671e-02
9.508994093108551898e-03
2.804812689972440917e-02
2.430780030576718334e-02
1.368445910707176763e-02
1.031614987951669053e-02
5.913506429411033438e-03
1.391494521688379192e-02
8.347284720194912775e-05
3.080489686478193791e-03
4.262121064637458545e-02
2.370528549529249754e-02
8.875541838046164395e-03
1.524233309361779087e-03
7.317982924901866859e-02
1.482793035451735950e-02
1.596587226309420168e-02
2.258935670677294366e-02
4.021748020105082866e-03
4.172812020590653016e-03
9.065264313849420372e-04
2.762137760906436743e-02
2.827354612173358511e-02
3.893722283634618725e-02
1.197258555458939437e-02
2.649599341118159465e-02
1.089221075775808310e-02
2.703995708827428013e-02
2.094460191000391963e-02
3.281002270879907617e-02
1.710731909849417740e-02
2.790732126621748872e-03
3.697411533596962896e-02
4.154140551687189598e-03
3.953839980898769813e-02
1.615732044887902008e-02
1.789082637028846859e-02
3.154409409944506498e-02
5.460922768587631038e-03
5.045611453764605944e-03
3.738503366555609442e-03
4.009619355377006672e-02
2.291193631461581337e-02
3.978405517600232255e-02
2.881699898648417552e-02
7.690954345449252383e-04
4.060495970250554976e-02
6.693469647728635119e-03
7.387967458406315135e-03
4.099079391937128503e-02
6.474855811586117602e-03
3.034686907920506119e-04
1.573831773876822882e-02
2.004495204751308504e-02
3.613775074375914775e-03
3.645281203553391719e-02
4.321965585732974457e-02
2.510181491470264009e-02
2.019799976100037850e-02
5.132085259172577268e-03
2.338463083980141244e-03
2.581059427937661827e-02
1.740139540970331994e-02
9.421052449749769617e-03
3.793018689953651240e-02
7.545724855550800525e-03
2.037379442546618374e-02
1.563511454936171788e-02
1.656109382403341684e-02
2.192684807091722227e-02
6.593535797485751242e-03
2.550210187091398947e-02
7.579600102550826911e-03
5.506264718016141632e-03
1.692757612386122656e-02
2.824022240793295016e-02
3.307454409010682217e-02
3.304684354366210081e-02
3.006422336252568411e-02
4.934413105352908162e-03
4.245702018936263478e-02
5.389924973558551935e-02
5.860232573553709676e-03
2.162512377767555199e-04
4.355719430543927850e-03
3.663541982087368393e-02
1.687459419980342004e-02
5.462202968695144267e-03
3.721480267734975089e-02
2.620266848115029509e-02
1.536266820923206169e-02
1.893976586902079706e-02
3.386841598124774779e-03
1.489431371757764244e-02
3.860046313039051241e-02
8.173490824304078389e-03
3.820144998169866524e-02
2.188850998608110263e-02
1.926441221346369276e-03
1.177433804091839592e-02
4.794220682811067141e-02
2.820007285092557270e-02
4.467212901369737449e-03
4.310255663777506907e-02
2.380515569201185899e-03
2.126762047685788401e-02
2.820583021706751445e-02
4.900111843824338231e-02
1.738611531715887615e-03
7.736047578854990218e-03
1.234569009142195278e-03
9.789204715311730989e-03
5.199179659279386245e-02
4.277910995615336748e-02
9.618426490590734068e-03
2.312002422854771838e-02
6.663203899319601782e-03
3.616833776542355272e-02
2.296349318472660356e-02
2.610844777061533187e-02
1.647449885862836694e-02
1.158458424957027263e-02
4.350453449615007684e-02
2.286086020233439597e-02
1.592198641480711829e-03
1.990768550646769899e-02
3.719221467799876946e-02
1.272464110313985437e-03
3.632208707630089212e-02
9.094803303003447248e-03
1.581426657847053927e-02
1.368886527211503334e-03
7.339879843959822708e-03
2.167380030995043338e-02
2.410605211956707433e-02
4.027693798087977201e-02
7.457493263563010760e-03
4.544138753160978372e-02
1.903660810323168709e-02
5.470129319323748657e-03
2.320865085684978638e-02
8.300773448036584401e-03
7.920927204531419061e-03
7.844117625087881907e-03
3.017436505229744576e-02
5.057865228361609067e-02
1.594044491496662483e-02
7.710283111143474699e-02
7.654826652558212319e-03
3.240478843359397704e-02
3.543269050341095461e-02
5.181678201966103542e-02
1.194329962312017449e-02
1.485965455369579399e-02
4.583974931911472678e-02
1.722624142160858116e-02
2.068651572480692535e-04
1.548046699910472605e-02
3.809097152900860900e-02
8.572182423441730703e-03
2.944399238644905548e-02
9.420906255118391415e-03
2.949183913608885779e-03
2.157508280894699162e-02
1.089984203593838581e-02
4.677625102188096018e-02
1.062812651298960381e-02
1.127523035825078734e-02
3.378269585934719731e-03
3.740060549800766632e-02
3.400557150153811492e-03
1.658700107565311277e-02
3.261636938861960794e-02
8.518982804451222246e-03
2.812116972238026553e-03
4.295625663655625731e-02
1.982353564723550454e-02
1.268628949586785015e-04
1.032505740857915522e-02
2.131402882416030820e-02
2.188839694540513359e-02
6.607543384048075036e-03
2.209686090596856348e-02
2.568811314246548586e-02
4.792125556320910723e-03
3.248054317078950121e-02
7.357326385140727787e-02
2.365629324256076152e-03
3.107901016814422403e-03
1.738411011978845816e-02
2.636161555433009368e-02
4.640691825572090465e-03
3.921289867759999992e-02
3.746023091214297634e-03
1.539505721123311972e-02
6.375880897059003904e-03
3.168257714286434185e-02
5.560017597789772281e-02
1.216525627370486362e-02
1.528655312848825262e-03
1.931821262138743237e-02
4.321295285768408240e-02
7.992986366745915422e-03
7.908260577034548905e-03
5.059112933659847683e-02
6.169017567616643955e-04
8.575386352458790398e-03
1.146440704248050807e-02
1.161065106093462675e-02
2.186333165828586306e-02
3.977007616729633793e-02
5.778950072526328405e-03
2.004854752379572891e-02
8.884775812324827160e-02
4.520825566193798634e-02
1.635403888538464190e-02
1.850649761904059332e-02
6.394427087756618389e-02
3.161808868100883518e-02
2.205022840777807677e-02
3.586345955856938203e-03
1.524345367888247163e-02
3.493313972791720068e-03
3.210469647686753705e-03
1.394679398033326842e-02
4.978936986290669574e-03
1.825336110688436167e-02
2.891378113733011554e-02
8.497692628019926087e-02
1.225070546818152195e-02
1.238805676244524381e-02
4.848380144497444616e-03
2.597826861278291002e-02
4.383218999985370734e-02
1.365836922792221068e-02
1.263672995247440423e-03
2.500988719408835451e-03
1.183909159979536913e-03
1.439048007308526937e-02
2.212756835033902886e-03
2.663106408866941152e-02
1.106107081669096548e-01
8.274345694859729095e-02
4.225059072181638897e-02
1.242652447200635890e-02
8.569433214213079131e-02
4.495932802440659459e-02
1.427806360968426891e-02
3.227366770199122104e-02
3.307381202895609551e-02
4.329729214880252697e-02
2.070348838172855407e-03
1.472682080366195800e-03
1.705963755338882337e-02
4.263586267210800126e-03
2.002959970404070283e-02
9.637997615151777317e-03
1.721340810646714362e-02
1.121003951117653663e-02
1.579144526595598064e-02
4.575877945267418229e-02
1.944261113308797103e-03
1.123816003202671165e-02
8.503540005702622806e-03
2.111559624135956811e-02
3.641277895563468925e-02
2.967814240139756213e-03
7.480619351733769698e-03
1.638734411376539801e-03
1.090422711345531877e-02
1.715456749466244893e-02
5.931987801254104409e-03
1.553300534054167722e-02
3.976885572319531492e-02
4.741023719257329849e-02
3.614038972390019172e-02
9.167351528127327259e-03
2.960640103993176023e-02
3.979657407429740279e-02
1.396756326966695251e-02
4.649642813762996235e-02
2.370953301453882639e-02
1.957640319096070128e-02
1.449522956637442489e-02
2.478546727094319696e-02
9.610941958512940475e-03
5.717721954260839012e-03
6.793823744000906939e-02
8.493615516670502755e-03
9.931920916972196423e-03
3.478496591567500039e-03
1.762657811318401463e-02
2.156906249871552023e-02
3.600208094749551141e-02
7.786890174616874216e-04
2.193199704575570994e-02
5.166566430051244829e-02
3.925706825056041877e-02
8.571588752753812185e-03
1.121898714255439161e-03
4.351420002894800659e-03
7.307600858558107454e-03
1.817868489314525618e-02
1.043656985075006906e-02
2.883559040904306800e-02
1.255210795533774452e-02
5.552744747560219019e-02
3.159912985751815728e-02
1.723809102058862855e-03
3.817305723304955517e-02
6.554473625771786716e-02
6.414472453862070378e-03
3.366710646565870824e-02
3.194875992353015531e-02
3.552609178421756164e-02
2.984247271047839323e-02
1.503460332488956025e-02
3.230245985021586164e-02
2.927568409755946718e-02
4.486741936586879920e-02
1.809199470895987358e-02
5.975872904006482647e-03
9.814519841872315631e-03
6.305288581923224056e-03
1.798768002455077009e-03
1.053899738478247528e-01
1.830587670939471182e-02
3.373707503267336927e-02
2.722677593360308540e-02
1.148137331672646408e-03
2.025575245407839828e-02
7.988188618478636593e-04
1.362626091059027100e-02
1.835395473966400584e-02
1.795563176054276039e-02
7.974053264860411425e-03
1.737677830094832426e-02
2.196366469163056265e-02
3.333643637014040845e-02
2.142079017086252757e-02
1.639753751482749336e-02
1.604901591267416175e-02
2.490406343238519421e-02
6.360074899494487857e-03
7.525943367324817480e-03
1.612663783864094411e-02
4.358554226094523559e-02
2.324019307371322490e-04
1.413643370437924970e-02
2.302136552031662509e-02
2.220445278102449807e-02
2.770774927311509678e-02
1.436534285206250879e-02
1.399929790052045764e-02
1.134178800903593715e-02
4.180767353450793970e-03
9.765010425492420126e-03
5.139639002832798592e-02
2.403982386620846790e-02
3.609502033413874988e-02
4.183974303324233812e-02
2.204287182724264625e-03
1.402053917352049164e-02
1.549795028238445949e-04
1.577448999396372648e-02
1.792385039266689364e-02
7.407792592907767870e-03
1.420745284520476791e-02
3.024304497085357479e-03
2.487468210478094993e-02
7.012218722167469498e-02
2.219422108646175451e-02
9.325399976031241780e-03
1.501314415968720874e-02
5.704130819927907131e-02
8.508008350309355372e-04
2.555137792664963908e-02
2.475027199122875610e-02
3.446786775343320397e-02
6.768308048064322277e-04
1.045205013089693658e-02
4.694416679181206281e-02
2.801905807164451964e-03
5.224982420134743899e-02
2.003997864201237031e-02
1.562199613845378400e-02
1.221083663970188096e-02
1.356601794168939626e-02
1.197090805463546515e-02
4.173128902561316911e-02
3.399959697293819527e-02
2.735008449491361029e-02
7.215690319959553942e-03
2.889653981453120437e-03
3.399904225830821525e-02
1.632029942191896843e-02
6.248263285839151387e-03
2.185923035492116917e-02
8.023454978098327334e-03
1.652498028176325323e-02
1.418196441605443919e-02
2.255539085361719237e-02
5.030365194524678840e-02
1.073119920190256094e-02
1.570597834282665139e-02
3.356751180017868846e-02
3.459594821780628826e-02
6.564327404497381779e-03
6.127266993284501834e-02
3.522403115786464090e-03
4.291625408027874983e-02
1.862586903649793291e-03
6.767391177239220033e-03
3.051488975098758105e-02
1.727533407123669693e-02
2.826992607924222120e-02
1.481435338730890255e-03
1.183402844882694427e-02
1.726063597371594802e-03
1.305190313197050755e-02
1.454567764975243753e-02
3.752547635734759801e-02
2.795370101381146333e-02
6.464156590312783446e-03
3.434956962127099639e-02
6.288283761719311304e-03
1.834005646024465530e-02
2.305676884336396379e-02
9.056113905813872877e-03
2.453246267973873893e-02
1.617067664967806323e-03
9.019065368887708295e-03
1.603624528997263723e-02
2.609961460873763683e-02
1.024635715244251455e-02
5.700499732867616784e-03
1.754678735174907203e-02
6.404888539396096092e-02
4.061675534645070584e-02
1.756856698487462096e-03
3.996216954434950175e-02
3.533667944631307956e-03
8.885047837142558483e-03
1.944310992910743517e-03
3.523475389700696930e-03
4.379855842641007524e-04
1.471787238050258941e-02
2.263501039593859843e-02
4.080431210746925802e-03
1.564182764688874794e-02
1.368654156438360234e-02
4.895595851897471817e-03
1.482443048473293390e-02
9.095533733089659900e-02
2.048482867079524233e-02
4.979005667624942198e-03
6.357272015735344201e-03
3.942288609077947148e-02
2.068211644465748136e-02
8.256031151961894937e-03
4.417144945393336117e-03
5.501245670521379832e-03
3.698120405452066939e-04
3.853214651013656122e-02
2.355187208383752000e-03
1.711381589000974396e-02
1.198627153407242664e-02
1.783226952640998286e-02
3.530857278069608751e-02
3.288994610621252118e-02
2.794333952978132057e-02
4.439760414900426576e-03
2.294830497590109181e-02
1.547800762811725461e-04
9.398648292046667130e-03
3.256193528998659742e-02
1.517248760349684811e-03
2.643080274331900681e-02
2.664799573297486554e-02
1.604146684283217286e-02
2.487666845896213674e-03
2.634806070835490899e-02
6.898856403219236298e-04
3.068401810956584985e-04
8.318435715349029036e-03
7.865521683779487516e-02
4.808814819208804756e-03
3.282239708982662846e-02
4.070667374673094668e-03
8.743617291246884651e-03
3.857859917499330792e-03
1.573371092834299073e-02
2.558169762274002668e-02
1.051804673995259364e-02
2.705752576756817723e-03
8.290249778311986617e-02
3.059108030534420097e-03
2.375092584898866668e-02
8.842887971161870336e-03
1.910796910595837644e-02
3.480817345475652191e-02
6.009857355491719788e-02
2.823674227721151980e-02
1.163722769854107393e-02
2.434946492893691125e-02
7.944583845895993729e-03
1.843356095684091367e-02
1.151425324336702652e-02
5.323022136190787984e-03
1.829786179922745365e-02
6.004582906284149091e-02
3.279439169235900259e-02
1.228238424108301155e-02
2.383747970319127080e-02
2.773728841372029297e-02
2.335254091934825353e-03
1.194329199759375237e-02
2.126613014023897436e-02
1.249463688921631337e-02
3.381168309774101877e-02
1.143565864752884090e-02
1.044579444030214630e-04
2.464562229019270218e-02
1.724609865751758255e-03
8.047988263067771403e-04
3.966056166339233108e-03
6.851751548656811498e-04
2.084845098281859835e-02
2.495256990548831710e-03
1.129573784668932296e-02
4.044885231680096782e-03
9.615182412425621328e-04
3.339766314308018069e-02
3.467904332205976742e-02
7.022752940302895604e-03
7.511194266324627833e-03
5.651302906910776053e-03
7.788317784622069903e-03
2.144787622181159800e-02
9.443485764843845970e-03
4.376425794668740293e-04
1.135840039677090893e-02
1.071847045943426502e-01
2.278821761410309687e-03
9.640874533706170202e-03
5.925304724065613010e-02
1.390486075846286695e-02
1.921363777514250182e-03
3.087517775790714347e-03
3.317935567706997713e-02
4.353037413930240483e-03
2.684748537359478091e-02
2.987631150659625368e-02
1.459383869810032715e-02
6.390494193865819267e-03
6.489249235768275448e-03
1.218424266580669935e-03
1.948016044554377879e-02
3.839960056832221122e-03
2.462220311589029959e-02
1.005134172127426957e-02
7.553698767683303394e-02
4.271815489209204383e-03
2.075260154682817548e-03
2.882119455172632572e-02
2.108019446796461499e-02
4.492929578459817913e-04
6.986512958980027610e-03
2.543741833151502013e-02
2.964846936102483177e-02
1.511630009591009849e-02
1.715604344257197315e-03
8.842397938391425433e-03
2.499078077688376281e-02
6.384817096764684730e-02
6.355453193545163026e-04
1.433575572686561321e-02
8.649658977290777817e-02
1.947313116582616299e-02
2.102315253833961228e-02
5.393178192411696159e-03
2.757562436710195644e-03
6.290241009229262555e-03
4.867280750394407940e-03
7.322353867330912147e-03
2.629043619492578768e-02
1.315178871184692795e-02
8.757955453705109500e-03
2.591995715230371172e-04
2.097607574363188898e-02
2.111304870725309868e-02
2.093150940351196088e-02
1.387548327247381530e-02
7.141717917911084498e-03
1.025813527932184152e-02
5.216007697060700762e-03
1.722758869145843419e-02
2.028176910703878219e-02
9.435828608647956958e-03
2.050971784203662468e-03
3.290989330861515683e-02
4.719814680256551043e-02
3.018174178779382127e-03
3.285809990154118197e-03
1.020407244435858141e-03
1.553885857403843225e-02
4.364523323157759593e-02
2.223386288981711763e-03
3.714624081962895896e-02
1.634541385511214528e-01
4.579890934487527987e-02
1.829116280571446360e-02
4.331661884059402612e-03
7.640317258559055011e-03
3.253832932204152317e-04
1.652943975702388796e-02
1.646446166109247211e-02
1.744689205067347093e-02
1.086710484273287029e-02
1.160112548780117478e-02
8.774959126691260491e-03
2.672908646027243040e-02
2.193423230865566148e-04
1.976270677269299433e-02
2.646159639731672508e-03
5.820827161894356200e-03
1.249728804967371008e-02
1.176770074477756153e-02
1.654315699475808477e-02
1.296078701713348699e-02
4.162477480571342633e-03
2.130510071785563647e-02
2.590082726378303835e-02
2.434401125423588455e-02
8.211607314435848126e-03
1.492904311311958609e-03
2.467965914718870009e-03
1.413089924214017135e-02
3.627413263105964264e-02
3.088703907616853483e-02
5.562274738074409614e-03
5.631983498941195432e-02
8.674841345879629601e-03
1.109543588835889064e-03
7.243193427013321171e-04
7.077343968098444120e-03
1.022493799250593152e-02
1.815497909447056843e-02
2.486962198931325432e-02
1.945415284162603509e-02
2.758674716820060796e-03
2.095999848746971442e-02
1.466985898631097650e-02
2.606419291349763856e-02
7.465877377094992488e-03
1.563975231482979053e-03
2.856355913936131294e-03
9.806945500775200025e-03
8.571372110721151710e-03
7.191386502869566433e-03
2.328365596107937960e-02
1.279283217498855020e-02
3.212337069511583126e-02
2.263550688806414968e-02
3.981873702468222836e-02
3.313350438751218319e-02
3.307072350975213959e-02
1.254367067873955396e-02
1.493632623516054879e-02
5.391123836517784998e-03
3.317160201554279070e-02
6.174259231332134695e-02
5.858816948314461009e-03
4.897846310854232776e-02
1.354905705007306178e-02
7.019904251374245625e-03
2.911642780315247189e-03
8.638016362216904137e-03
3.504576672501509560e-02
1.516833807784953581e-02
4.975571372052321750e-02
8.462839235749029451e-04
1.938305830751174338e-02
5.119415956942644647e-02
3.093417596337124167e-02
1.077357198806502825e-02
2.646736618769325936e-04
2.606142870835057371e-03
2.872004103932112445e-02
5.825683421243642302e-03
1.640068702619758984e-02
2.044195640786664742e-02
7.128393441761560201e-02
1.228851742674506517e-02
1.592441513576335274e-02
3.271805078364058150e-02
7.952546034294707272e-03
8.479188407589724474e-02
2.849990549751710289e-02
2.759139560161327775e-02
1.642763554191400965e-02
1.587951031379430944e-03
3.529611354953945956e-02
5.453042146686512548e-02
2.791599166650608754e-04
3.720188201196256150e-02
6.653596448386617235e-03
9.515691831939496192e-03
6.972183749124083799e-03
1.031022267447224278e-02
3.895867874596062319e-02
1.480533577672786798e-03
3.461257668144512856e-02
4.400930039910457697e-03
1.528857769084209081e-03
1.949792039761809315e-02
3.725441407045167186e-02
4.563328442544936636e-03
3.044926287747063559e-02
1.111002044027430483e-02
6.533121948462140838e-02
4.841612182142361435e-03
2.473238490412033030e-03
6.047317236122337625e-02
3.487260696735614007e-02
1.577912952356151297e-03
1.108229956568590815e-02
4.172003102751591086e-02
5.375782194932901374e-03
5.642714605761244007e-02
1.431396473286207505e-02
1.258464401453936871e-03
1.998390795943349313e-02
6.378591890591655406e-03
2.051777597559464872e-02
2.009431940988224558e-02
3.008205145840504510e-02
2.807927810466372825e-02
8.725092801078634247e-03
4.415012175219831109e-03
2.438233216249859059e-02
1.907447668912339370e-02
3.657936401160087614e-02
1.432957513766996288e-03
4.966350664561253181e-02
6.277495343679024599e-03
1.097315556470824724e-02
2.207598836541815879e-02
1.590067401609411221e-02
1.056249664868606254e-02
3.244714140775424582e-02
2.221908363222915156e-02
6.587599390698969937e-02
6.777545694277561927e-03
6.757882497475518890e-03
1.319607013197617307e-01
3.773749097589705614e-02
6.902858313984384930e-03
2.179678554157860222e-03
5.417550130872336549e-03
1.129636914792770709e-02
3.122232266972117809e-02
4.435460103245266079e-03
7.636660690839881804e-03
6.091888487878505121e-03
9.758706585240506035e-03
6.740875481509997491e-02
1.796348108642689678e-02
1.001191530536121171e-02
2.646994910233570197e-02
2.226890314205235560e-02
1.096104519986536990e-03
2.277292534708781624e-02
1.091462892614450050e-02
8.139953466984126834e-03
6.839864183028480579e-03
2.419498888376191842e-02
7.684613946550385676e-03
1.293510235988739113e-02
2.315521135242763068e-02
6.099422145318526486e-03
2.636544523518363423e-03
2.583858454491610307e-02
1.966434500767904464e-02
6.155913064659447598e-02
2.276805433232912887e-03
7.637449294800486253e-03
9.243977965711122624e-02
6.311753794334885870e-02
1.305228392586916739e-02
4.618936681225684938e-03
6.625037446537749772e-03
1.835826673881923304e-02
2.056618327026395535e-02
3.590410330450119133e-03
7.679214971068536524e-03
8.384191104611006529e-03
2.294440413324943737e-04
1.084830634574081168e-03
1.189448751908296978e-04
1.159176788682697232e-02
7.035250006246131227e-02
2.016534036436178415e-02
2.233455604431906945e-03
2.296368936631243418e-02
2.444600686199518980e-02
1.070210714160557165e-02
1.981926893083615915e-03
1.832016064565336610e-02
1.016532999108757385e-02
4.189173777120365483e-03
2.166593267589880106e-02
4.772547859584040479e-03
1.942703762216127505e-03
1.935109940136717915e-02
3.335218396060685153e-02
6.120809674595695249e-02
5.754990113027306023e-04
5.684124498266480627e-03
1.769493971348730724e-02
6.298573160829243345e-02
2.668663868508624332e-03
8.173084598692067007e-03
9.847557292096206435e-03
5.658726820970513827e-02
2.260073176700944791e-02
8.281296997402886467e-03
2.818710410363362701e-02
3.994780750185058030e-03
7.596225225224553269e-03
7.243931455331014541e-03
1.325708103114074318e-02
1.417319173543198606e-02
6.291222902315618537e-02
1.415860524230534712e-02
1.095785152558007014e-02
7.235442902587199340e-03
2.489193268388796565e-02
8.790057276459877986e-03
4.063240452426759332e-03
5.254531265986912836e-02
4.981232679896352260e-03
9.424580910651869994e-03
1.655393018110051795e-02
3.581202999641798501e-03
1.716835443515372234e-02
7.178502086697817475e-02
2.311124980631703435e-02
1.263984023905686746e-02
1.344362896092699509e-02
3.543704387553019142e-03
3.621798848481352223e-02
9.273769291453383412e-03
1.387017882707764025e-03
7.187973888139564775e-03
7.269172143175774148e-03
2.164201267349275676e-02
3.910581206935810628e-02
5.004789485731585968e-03
2.998990238132090425e-02
8.586103116528744431e-03
1.505418465873080251e-03
4.157671788050827655e-04
1.194022956125021483e-02
4.894237179759105237e-03
3.319692062812112238e-02
1.149870002950845876e-02
1.368444760178464574e-03
7.682319025068343188e-05
1.571750834822833315e-02
1.272652704878870535e-02
1.454155818782641198e-02
4.347492185552304100e-02
4.640351699131010053e-03
2.599141967384458948e-02
7.458289241207890358e-03
1.013609267639528806e-02
4.687007092388684182e-02
7.456114403387656409e-02
4.309239184405956602e-02
1.221473490278208660e-02
3.150508918951694035e-03
5.400322693280779074e-03
2.485837896519237783e-02
8.317853991272536329e-03
2.680737187561212098e-04
3.862790214127330077e-03
1.238904307128621714e-02
1.629708600421681669e-02
3.384745693805619321e-02
1.542901006884112719e-02
2.936269182120132201e-02
4.003962195026353199e-02
2.010815102000252860e-03
9.307563855453712676e-06
1.245658022048388297e-02
9.042541222711746041e-03
8.229065126335358138e-02
2.597956909692479208e-02
2.899989167210711982e-02
6.755809041055670788e-03
6.273260434612192059e-04
1.164914570850454981e-02
3.297320302942181869e-02
2.130236586098505080e-02
1.881509887835768405e-02
3.551496235957696951e-02
5.178627062174465112e-04
2.877858512804880309e-02
7.553359263392910028e-02
1.606576606184280387e-02
2.899460021017661801e-02
8.742208893046731627e-03
2.041693875885349299e-02
2.970051786781484002e-02
3.241094208836464707e-02
1.400392745087207166e-02
2.363786477749771700e-03
2.006797818468276581e-02
3.869440402410268681e-02
8.201308250473009556e-03
3.500049862344742357e-03
3.542225721658742721e-03
3.812340757886211254e-03
5.253790112829290204e-02
2.770390931340198717e-03
5.972406481171402617e-03
5.659873328449838668e-03
1.100306619411605888e-03
3.461602471452009111e-02
3.947304602741619206e-04
3.131615827640956556e-02
4.320324832111986646e-02
5.691265040606100986e-03
5.939382811010427213e-03
1.235466066825161024e-02
3.589860464006342303e-03
3.649844563052628138e-02
2.958153312700366466e-02
1.711986143585469272e-02
4.437231106716520157e-02
7.811799999548225959e-02
1.557964036410320816e-02
8.199689732711937240e-02
2.072686241928578532e-03
3.232525751225932137e-03
6.352856467331458729e-03
1.108273708360522566e-02
7.710276215346038159e-03
1.115475656269338672e-02
2.303715156837529004e-02
1.355070983027185927e-02
1.144650666693076274e-03
1.322172259330867822e-02
1.500224876519730063e-02
5.285190501147458975e-03
3.773032841719489716e-02
4.357736633582701136e-03
8.914383052520489376e-03
4.908230461845472514e-02
5.326414708917969268e-03
1.043778915034892715e-02
2.181266456233174958e-02
4.338167211397265383e-02
2.967444255082497817e-02
3.612365771143838649e-03
1.328868283795022094e-02
1.070459571196958129e-02
2.166716318040635449e-03
3.104611020299595861e-02
1.112009128193979998e-02
2.629648520981076043e-03
1.561672000920175107e-01
1.390787484547669206e-01
2.856200113860225473e-02
2.292930516866596713e-02
2.223489134499686062e-02
4.722876597957371102e-03
6.139479563295691111e-02
4.302012040295389445e-03
8.391792970211841337e-04
2.351065739546052621e-02
1.068257612495644715e-02
2.607667805164807368e-02
1.951239146259392543e-02
1.152828204443338139e-02
3.437823423598468809e-03
8.394216658446739324e-03
5.730596819727278718e-02
2.411125034284452087e-03
3.406998194324814544e-03
4.880407552319721010e-03
1.913166251505794488e-02
4.747338720405685011e-03
5.172624373044260038e-02
2.918129603438749872e-02
5.986653619020027017e-02
3.064772782159263902e-03
2.091739421475054955e-02
2.246252979525951640e-02
2.372088557457213351e-02
3.917681111639608263e-03
2.059420443515683208e-02
1.596467390905799335e-03
2.463786974150313641e-02
6.691634130063628394e-02
7.536902637546200046e-02
2.719866369572379941e-02
1.336099721859860222e-02
5.758001140900406364e-03
6.367435994670572752e-03
3.839314343873371973e-03
5.249580642081478482e-03
1.352177849188666847e-02
2.197586976424165117e-04
3.058836974682957108e-02
6.408755913196173548e-03
1.298066915455379014e-02
1.544869532018428374e-02
1.818845655866918251e-02
1.036685101061471902e-02
6.776164003694460855e-03
3.761333713736550281e-03
8.919451445662612832e-03
8.293379482175693498e-03
5.668751666997856771e-03
1.985587887271321461e-02
3.045423368138844983e-02
2.784578887246468709e-02
2.229313592700217592e-03
1.460615428877247782e-02
1.534409176529698618e-02
2.325484789464371538e-04
3.901778487202731127e-03
2.574118952197212984e-02
1.254360820540378028e-02
1.980621899615086015e-02
3.138813851022963231e-02
3.359404398391076241e-02
2.631697703717777309e-02
2.132557479261039043e-03
2.436919918016911685e-02
1.603125792321505316e-02
1.177559729894977515e-02
5.050312102447041679e-03
4.708578828162869601e-04
1.574757233362769279e-02
5.958485163298802775e-03
4.965688600363451013e-03
1.438716167528454777e-02
1.920154706955523941e-02
2.453221158943120692e-02
2.829539439373445972e-02
9.246145383105999066e-03
4.941000339598483962e-03
8.546539904275044300e-03
8.774947040142769272e-05
6.360645460308900212e-03
6.947143284672156749e-03
1.072457500384052173e-02
2.844120320224113180e-03
8.109004385555250438e-03
1.187470255381553250e-02
2.516811445388015059e-02
1.486726985682300384e-03
9.002657034343219955e-04
4.053772721418427358e-03
2.764396000726596081e-02
6.870980424664390948e-03
1.960523665457511791e-02
4.715640160862091118e-02
3.250900752433602547e-03
1.363743763728657993e-02
5.574279327387054658e-03
1.977154521701447731e-02
1.302307825273668618e-02
4.131903808213008809e-03
2.517623930424024367e-03
1.993524910149195237e-02
6.134404795015862590e-03
5.711844256574448962e-03
6.775959687407815367e-03
2.770226264172599012e-02
6.170266446252921366e-02
1.253977835944572461e-02
4.076566932541060215e-03
5.098200683156889346e-03
2.850342190483470643e-03
1.242915574368245318e-02
3.604725655309954768e-03
5.787282234985622470e-03
3.074109127742547659e-03
2.356360340048846078e-02
6.160497189185132859e-03
1.817490351661393312e-03
6.024342398767554806e-03
6.977959796652825897e-03
6.073453577102615186e-03
5.513852503657536326e-03
3.611834232149728659e-03
9.997033572200261786e-03
3.068227633029585108e-02
2.473892727573215322e-02
2.049015146294946160e-02
2.707446499992939223e-02
1.283514787014275287e-02
1.182389048699057643e-03
7.076339925333997860e-03
2.026298390886674405e-02
3.337338031321786767e-03
2.832153053263223273e-03
2.140507342700539994e-02
3.667280776664724913e-03
6.493172353717785276e-03
1.497520056664498542e-02
5.849787827960967190e-02
2.368592143416838741e-02
4.315878084330124209e-02
1.550715805924552174e-02
9.796887630905724148e-03
6.320771385205802353e-03
7.422364207944898151e-04
3.439486788150841745e-04
6.103843028879550950e-03
1.134731421015092515e-02
8.990634685645815249e-03
3.692035509346801043e-03
4.468069657574545890e-03
1.537836438925288887e-02
5.732820866981973643e-03
1.085770596156602867e-02
1.022239254268482098e-02
3.101638925961876583e-02
2.388307475799399116e-02
2.164048215142875403e-02
3.622510535932272485e-02
4.172454612253363726e-02
3.614831462407971929e-03
3.112856328515386378e-02
1.549041431938140423e-02
1.505367897239440200e-02
6.230661270259144242e-03
1.466098749213092488e-02
6.455640304574222083e-03
5.182753705374958976e-03
1.519096745307933066e-02
2.336616644446729354e-02
3.896945647152212644e-02
2.926556307893169590e-03
2.592281095327094581e-02
2.524250356901014403e-03
6.648913480332210857e-03
3.614477619491838958e-03
4.270561382693841002e-03
3.399509132538816938e-04
1.518116392785599745e-03
2.953579512609275787e-02
3.516621597858700637e-03
3.943178125933617141e-03
1.137702115735471017e-02
4.578962489349058460e-03
1.925670885717288561e-03
1.547077683969032627e-02
5.772226597627937248e-04
2.295794403618611756e-02
4.637353978442124158e-02
2.049866685288529236e-02
5.436950667826539324e-02
4.796677994128941552e-02
5.959380340682236127e-03
1.127797775632977811e-02
5.053858379080755983e-03
2.389082145879468932e-02
1.219804447826087004e-02
5.060260492660137097e-03
1.273966569529748523e-03
2.252753155187292404e-03
8.488724661743805855e-02
5.037130402384804029e-02
1.060966321669716203e-02
5.473473263138807152e-03
5.211232231400672599e-02
6.393924952149672089e-03
3.046191913214755728e-03
9.188472823656729238e-04
1.672126219916219431e-02
9.399463180492499681e-03
3.211561444321359149e-04
4.520518924310354403e-02
2.181931603840501360e-02
2.887139557838060838e-02
7.900549767093444087e-03
1.028604964077944536e-02
2.830854952647660679e-03
1.645400204606693728e-02
1.031119973319805962e-02
3.666814643572318538e-02
1.309150713205544693e-02
2.737876835926603310e-03
3.516353502873853509e-02
3.054856684850575446e-02
3.909342883973604410e-02
1.794128364332618630e-03
1.652390065458007873e-02
2.333443943274946322e-02
1.438006532001850218e-02
2.184076281807738676e-03
4.932819818311516384e-03
4.634722472122279613e-03
4.185752322953698035e-02
9.293697973000312335e-03
1.350070814292607911e-02
2.073251294005019896e-03
2.284557695622852630e-02
4.636334660682394845e-03
1.097393579625663418e-02
2.153482670234103859e-03
3.817098084798081770e-02
2.342742098622608432e-04
2.343412516557790044e-04
2.147209993916291901e-02
3.210160462733932518e-02
1.986798671757905241e-02
9.578342719572790348e-03
1.197840298128830840e-02
2.003742899979351223e-03
2.639841843717766201e-04
2.331891459732725672e-02
2.738902229804785968e-02
7.562531979239738716e-03
4.270552817549899682e-04
9.443417784163297621e-03
5.320618271530846467e-03
3.178106293123721809e-02
7.791313070257819759e-03
1.029309958306091899e-02
4.263055099999814995e-02
2.497369311304810380e-02
5.024118501683735513e-03
1.952671988979984286e-03
2.073009847029485403e-03
1.266618810274391937e-02
8.873780111638522594e-04
7.241847086207757987e-03
2.549389316214616119e-03
2.486838750882331035e-03
1.258773843145651397e-02
1.665602208013932523e-02
2.022039071803555590e-02
2.726486883122024654e-02
6.907007974764182295e-03
5.688721941558144701e-03
1.998859916474930026e-02
2.482495893587363667e-02
1.778873866480181268e-02
4.224949317304283088e-05
8.134301982131827286e-03
4.659533935410341624e-03
5.160386788128757014e-03
2.552138245906782066e-02
4.375821111488957180e-03
1.228520389367050714e-02
1.773468141399485790e-02
4.651719885250111403e-03
1.453760750823877151e-02
2.888707768811047197e-02
8.072623093708678962e-04
1.367810258526488271e-02
2.953680363305468889e-02
1.714329719586595718e-02
1.264695699085003483e-02
3.549450025977712170e-03
8.883260207372692396e-03
3.390612357855995324e-02
6.199472699757437033e-03
1.787840338468417792e-02
1.081323248670221747e-02
8.173891206333249934e-03
2.310090190904161289e-02
8.592178362045396062e-03
7.963182224721634603e-03
2.597802084243117093e-02
1.379351638130582071e-02
1.945104315040760423e-03
3.610268381666213722e-02
2.756428672960566095e-02
2.078805148647530632e-02
1.504527019241754318e-02
2.149258409966669364e-02
3.221136742374733179e-03
8.424373811159107522e-03
6.855969075269044422e-04
1.342918504470251746e-02
2.727161675456328538e-02
4.128374240269905987e-02
8.411563770420481256e-03
1.437472897294046585e-02
1.137023363422783907e-02
2.854259324671409165e-03
2.047000548238546436e-02
1.072533342070071567e-03
2.963662149222683409e-03
6.524484869588387942e-03
6.342760566694833659e-04
1.947964757774214156e-02
1.634495091464569340e-03
9.559669634040616690e-03
3.345857935706125080e-02
1.635788606026087819e-02
4.781201005254025194e-04
1.860779123024357620e-02
7.129051270324659323e-04
4.067818761398771243e-03
2.813233252679096796e-02
1.399946888576375460e-03
1.430501087746794200e-02
6.402667708673026592e-02
2.836990919149660895e-02
4.821877091485040484e-02
6.440663468437740624e-02
3.995990454148326543e-02
1.867708494980929550e-03
3.637593091813736031e-03
7.225266730516977359e-04
5.762702816860126170e-03
1.848460755215925247e-02
1.213183308327549746e-02
2.208333096093124167e-03
1.510839729412100790e-02
8.478212139863997715e-03
7.304494852882700145e-03
3.172702573980043083e-04
5.454258314637671842e-03
1.681668548458172333e-02
1.705419527899434615e-02
6.950104025670882438e-03
4.625334600243626547e-03
1.459134916700159657e-02
1.086858196756739815e-04
1.765177645111847340e-03
1.209251819725884469e-02
8.956097767734358395e-03
3.163828812659148781e-04
5.038313455477923600e-03
6.224049863307268282e-03
6.518853696093865509e-03
1.258453468616746798e-02
3.553470829440624756e-02
6.044067999362613686e-03
2.241129436569164884e-02
2.236633894699556827e-02
2.460781381053259165e-02
2.275522248991091248e-02
4.279532571482852314e-03
1.146175795134978664e-02
4.825587342352253423e-03
1.220400290153045818e-02
1.204188307479133260e-02
6.837736183743242484e-03
5.901733130921731942e-03
3.087067498254936204e-03
5.294149709598335030e-02
2.535744097680580483e-02
7.556046883666050346e-04
1.381758764941518405e-03
2.080269314681722909e-02
5.449528591168292802e-02
8.434381372159962045e-03
6.676343746945507564e-03
1.566496514225287906e-03
2.982020476951350099e-03
1.233911767629891805e-02
5.407989162882913953e-03
7.130605869000265773e-04
1.691049649966263127e-02
4.177933522619093828e-03
2.649886803561708228e-03
5.372122648053971605e-03
1.468117522538132241e-04
2.274058395122289036e-02
3.381445000484525898e-02
6.046563518762553338e-03
1.774385260374714696e-03
5.599272005612501713e-02
1.132645544940584850e-02
3.110917319008824761e-02
3.797006582637020566e-03
2.118269523970512866e-02
8.841340723060080176e-03
7.544563003279624626e-03
9.236828174295788618e-03
1.087333102381613133e-02
1.769190288862911020e-02
1.929077935911920755e-02
1.612750836319280789e-02
2.438878576711940582e-03
8.512083583066126780e-04
6.287524032359103308e-03
1.195696082579254284e-02
1.047058233273368737e-03
6.959801080157116890e-03
3.165807168568835622e-03
3.810471944502898806e-03
5.270365484075478779e-02
2.619972386803750414e-03
8.175131496598039144e-03
3.680946100167055684e-03
2.024841957913718279e-03
6.034904109671198995e-03
1.308903022364109152e-02
1.356936618732049703e-02
8.569874924407486216e-03
3.831513474904788691e-02
7.284176195813132915e-03
1.014680388003449431e-02
3.491150805148829361e-02
1.974482904278327192e-02
4.227820707557266439e-03
9.215715957666492739e-04
4.851898392030187801e-02
1.902875557993654113e-02
2.247785487084704575e-03
1.405271345292444761e-02
1.123863991464724675e-02
1.635287040749516460e-02
1.506132232441118740e-02
6.351055571641911306e-03
2.271973679101286971e-03
2.742358156884000878e-02
1.921940970790210132e-02
3.449616234659012848e-02
6.032092528092357353e-03
1.477636759736773719e-02
6.222615123281360731e-03
1.601097013269938210e-03
2.244114533236665071e-02
9.457201580252731429e-04
5.024692585744311435e-05
1.874376840339542910e-02
3.829396134422390074e-02
1.010340732402124214e-02
2.246991997228575330e-02
2.600188850545796793e-02
1.124433723966178356e-02
4.586712454257086541e-02
3.269329142658902558e-03
2.032354713314688671e-02
3.729521391030331950e-02
3.100260078258539748e-02
1.415949319567262523e-03
3.728482941003995188e-03
5.526111698031510588e-02
1.026090321443006714e-01
1.450420605369765609e-02
2.457483304293090962e-02
1.765284080514024218e-02
2.994522993142354622e-02
4.144150407257103652e-02
1.501100272498424870e-02
3.137038704413711021e-02
4.384524687810592569e-02
1.962694627974621159e-02
4.344873926776210427e-02
1.942792906979069582e-03
1.230761243305288424e-02
1.289534581618686712e-02
7.245371744163757108e-03
1.006826407379519256e-02
5.502182598621230269e-06
1.136271884081487167e-03
1.516721893974249617e-03
2.596923405141156327e-02
6.424149349094111783e-04
1.941874563960838129e-02
3.355792860149001827e-02
3.391410149173223337e-03
4.069833529973759800e-02
4.795103207984636670e-03
2.254357918310902903e-02
6.739576941877299665e-02
1.260258034444027356e-02
3.871483788832516017e-03
5.975184291539821502e-03
1.723460565927799684e-02
4.012816837794824787e-02
1.089449847422606192e-02
3.606633457616266469e-02
3.266453424598018962e-03
5.151324943837167630e-02
6.185758800495969739e-02
2.143314919424293974e-03
2.746613293156788954e-03
3.514130855204536386e-02
2.616866709863691076e-03
6.078667523318925098e-02
4.877179504412108152e-03
5.271223706314338842e-03
4.955904584294030385e-02
4.017685571960022406e-02
5.779579583330442943e-03
5.064998962719569238e-03
3.324330862391750019e-02
3.722236228446614784e-03
2.015616203396171889e-03
1.836838780123743742e-03
1.581708290912886214e-02
1.343641388229457889e-02
3.191348189526098042e-03
3.953968272900793696e-02
3.560280597507156641e-02
2.037745111505421744e-02
7.731990978130900971e-02
7.913945448023134571e-03
1.278750049137473629e-02
1.534573061006518253e-02
1.460961622311900479e-02
1.601876015595423905e-02
3.312288816693382404e-02
5.447821682891937356e-02
1.672049778857628149e-02
2.201034244447912930e-02
1.361666788456674521e-02
2.294105575861031879e-03
1.748852766372543943e-03
7.287378778038644533e-03
3.731227613003731958e-02
1.044553262087716261e-03
2.109672764698701519e-02
4.416097424389855627e-03
4.046684112415174089e-02
5.367574811536852258e-02
1.897759711649458017e-02
1.288852388666538416e-02
6.286241802126121304e-03
1.400025983358908072e-02
3.052437608598294883e-03
3.465019426183425528e-03
2.020059035974660147e-03
2.477436930657329894e-02
1.380941221440751265e-03
3.683054592130556582e-02
1.629014979046930142e-02
7.375553907752406546e-02
2.060143435972105683e-02
1.357664777736717655e-03
3.585577631815202448e-02
3.305016396586867022e-02
9.410823014584207558e-03
1.197648641586942196e-02
3.334517516993047020e-02
4.145943469171623624e-02
6.740103188127034850e-02
4.108481423602844407e-03
4.484692948913340804e-02
1.129672311859961434e-02
7.816216353267804728e-03
6.633076227775347965e-03
2.913699337452472365e-02
5.768443284645941417e-04
1.612321237256011952e-02
7.551548461277455410e-03
4.511252079227298650e-02
9.458040008972434798e-02
6.301633940588542704e-02
4.389304115019872915e-02
1.146164739786802167e-02
1.991635485593029609e-02
3.923275604381602777e-02
2.041585309711257956e-02
3.545606164673122118e-02
4.661332963569039117e-02
6.115038186505853020e-03
3.038723772862246542e-02
6.141114955572943984e-02
2.461940694345943204e-02
1.974774936517427470e-02
1.362427596827005608e-03
2.159617831101152269e-02
2.660145128444445228e-02
5.507564642290839474e-02
3.293105181056807731e-03
1.959588820196270231e-02
7.918470919918698878e-03
1.669169912104752351e-02
4.038732143237297630e-03
6.217523435437031024e-03
1.236988064479537658e-02
2.469707193041530136e-02
3.698525751290275901e-03
5.255498686912333378e-03
6.914900090639801086e-03
1.003324942950937354e-02
1.365418862606413222e-02
1.683220889972708578e-02
7.271721696338437346e-02
3.361592551338447171e-02
5.684122152033142805e-03
1.361929044941811821e-02
4.376981621642010711e-03
2.574547680129217215e-03
1.578195720810705860e-02
3.883529600801626652e-02
6.058602564758700654e-02
8.706072045077121319e-03
4.287898408059481747e-02
3.032258676715127860e-02
8.196777898441474572e-03
1.175357822241241551e-02
1.361961751470865643e-02
3.446322172422686819e-02
6.063093808294141296e-02
3.932410727345428403e-02
5.002999682097948597e-03
5.542065108915718123e-03
4.696559303655678183e-03
8.195792256629776812e-03
5.475061970269445334e-03
7.247053992341759591e-04
3.262384413553725410e-02
6.414174679309382968e-03
5.232856687595261250e-03
2.025850881992303371e-02
1.984736287897202744e-02
1.190471543326443275e-02
6.605196086387343270e-03
5.758509436326521985e-04
1.185938557569481411e-01
1.539025492645063053e-02
2.188596786636933661e-02
1.460154353360621458e-02
1.361166408753756996e-03
1.780874003808551737e-02
1.857205301225909461e-03
1.077741225862596450e-02
6.703348414513500553e-02
3.773898361126869910e-02
2.769616900148601235e-02
1.945157801213062698e-02
1.210066544903633939e-02
1.164235269035249036e-02
1.382056330661260088e-02
3.659603887779049047e-02
2.760389814379472090e-02
1.684583650414293171e-02
1.510374590428874980e-02
3.934251864544626581e-03
5.335306333660305711e-03
2.461443776379023188e-02
2.875961483261646467e-02
4.765124398618460211e-03
4.050204582059349634e-02
1.265235835692337697e-02
7.203373085864852449e-03
2.252741783206275994e-02
1.355804406203608287e-02
2.725606531517217601e-02
1.567687857315095985e-03
3.757089843824775593e-03
4.478196272523278509e-02
1.663024144887565586e-02
3.584854260272070381e-02
5.659836256483863348e-04
4.287357794345703771e-02
2.515887633365733456e-02
9.099716873703554698e-03
1.765155442407380371e-02
1.537779853296022264e-02
3.312751709957170027e-02
9.638597857245555234e-02
8.485384624492747774e-03
1.137130557689432914e-02
1.617789043533674614e-02
4.133971144134480913e-02
1.624889492033330593e-02
1.806952799141767207e-02
2.377648034518900153e-02
4.547594227387448396e-02
1.975248443676310209e-02
4.311946236513186301e-03
1.654847882112762611e-02
1.184295777147125091e-02
5.461105334181041299e-03
1.974908740474279334e-02
1.336139320061820873e-02
1.590230420263075845e-03
1.201136912533819039e-02
4.917539575277515146e-02
5.613142578366947869e-03
1.940095542638439752e-02
1.109888989436053769e-02
1.215078785698122006e-02
6.964123455592793888e-02
2.605935454055157557e-02
1.046838498391190753e-03
1.369281204593075785e-02
1.354731132650159597e-02
2.527033943432866261e-02
2.000748690100646182e-02
2.137800531185063413e-03
3.287902085349407588e-02
3.966840707986608872e-02
1.150578246313357228e-02
9.081007257478838912e-05
3.922436835605042256e-03
8.873911142669357877e-02
7.269367341627553172e-03
1.004156825911112216e-02
1.591738467012137614e-01
5.853727345734515558e-02
5.447667522906430616e-03
4.230274477318594385e-03
1.014389178941907388e-03
3.345791263854978187e-02
2.363676205984656734e-03
4.413869737766346231e-04
1.394394131206875415e-02
1.399935326079135203e-03
8.123675419071451492e-03
4.045065830032665288e-02
2.812822044521339285e-03
3.078944949597480635e-02
3.616715112348834610e-03
8.014570607919645553e-03
1.063243491923972564e-02
1.025719330755588479e-02
1.746075405121392740e-02
1.510833131432477890e-02
2.770197114612984318e-03
2.220278549602395374e-02
1.448596610135671932e-02
6.884012111664816400e-03
1.200922623664496362e-02
1.786220195762446006e-02
2.407471517567014857e-02
6.449468597788171262e-04
3.135400548404420826e-03
5.272818092468858908e-02
5.470968219632233072e-03
9.004371190999662863e-03
5.480675757146514365e-02
4.200017218366863814e-02
2.992151328731775060e-03
6.483994261757134066e-03
6.212593109779802197e-04
1.105416681400437848e-02
1.085208331061759957e-02
1.036746160957596405e-02
1.030542538171002123e-02
3.092217001250979758e-03
3.840016708270421394e-03
2.249057309956779827e-02
2.223376961434099519e-02
1.021633252432159467e-02
3.341639188032806407e-02
2.788300030927117618e-02
3.535476619041827417e-02
1.746437020839405191e-02
2.170221327769309566e-02
1.842765628632269531e-02
2.090417574910949025e-02
3.896177292036185486e-02
1.307258345167014446e-02
4.011685575694374194e-03
5.144162781859892668e-03
1.434040769198575462e-02
1.678236049047392847e-02
1.356882972542777094e-02
7.485029133317491409e-03
5.032514164656885780e-02
7.984787925632657463e-03
2.178728102706312120e-02
8.751250484740091817e-02
3.810101116788398856e-02
1.240232210126264098e-02
1.013724678690282321e-02
3.348379841938160101e-04
1.641772827551374672e-02
1.351512029386862067e-02
1.945919601574516364e-02
6.516874927432879383e-02
2.966796106525748655e-02
7.624159254502793116e-03
1.696521813854227900e-02
1.603293981430101850e-02
2.112998595326260470e-02
5.242812992743033952e-03
1.188713929604637634e-02
5.591617197625169816e-02
1.107887469999195920e-02
4.482074520664937334e-03
8.271040942755620434e-03
2.422169355421970732e-02
3.321273717939553921e-02
1.817727380367946399e-02
2.423386773727908595e-03
1.759349377321934443e-02
1.540952159804728945e-02
2.354584134084805602e-02
9.050848231302005553e-03
9.975684363548655009e-03
2.426349627753116023e-02
1.153663344515887257e-03
2.501123422220988268e-02
5.540476252792093936e-02
1.421011934011826884e-02
8.043280176452652711e-03
1.975168496520643066e-02
6.318923863111873367e-03
3.319820165726464906e-02
1.547547829838647783e-02
7.830322814626793776e-03
7.017625570637713028e-02
4.659141228992874639e-02
1.508695792219516985e-03
5.513704234946353866e-02
7.293695855836044607e-03
1.106285757585084850e-02
1.067127944518546714e-02
3.852898811803316843e-03
5.109281042950344909e-03
1.093173815727038409e-02
2.434912746181508089e-03
9.257420214086473087e-03
2.140418777918253607e-02
7.642428028206157964e-02
1.136590620437484545e-02
4.638876981080628653e-02
1.237425510961501218e-02
3.718950320121347346e-03
1.215051108659225172e-02
2.746249733115486806e-03
3.390353019128403839e-02
3.127528259848513098e-02
4.155471822803867565e-03
2.454054461853856506e-02
3.553733660673445705e-02
2.679757535863177068e-02
4.644179073546002290e-02
1.560582439799784726e-02
1.064167256642099130e-02
4.519552290006204065e-02
2.892467816695425478e-02
6.192387153323535010e-04
6.887252551370205700e-02
6.656834907831965520e-02
1.899760789564858277e-03
9.441008938172290588e-03
4.061215880373446330e-02
3.210574173022312516e-03
6.058906429079132655e-03
4.941688474540874981e-03
9.608806143951749076e-03
8.361355305390996348e-03
1.856420194874413426e-02
8.413585118457522771e-03
3.029355338503415818e-02
4.856400878895454631e-02
1.975376875236176111e-02
8.580613930356220664e-02
1.432455447661346373e-02
1.258294698797380110e-02
2.140669021614063396e-03
1.422290059204637386e-03
4.519243439765762566e-02
1.972450510192011106e-02
3.057142385190877998e-03
1.621939372697022742e-03
1.759391745673834218e-02
1.661149833710390267e-02
3.804593989466408671e-02
1.496622758477424500e-02
4.732899572338735567e-02
4.699074085765446440e-02
2.282766679121919079e-02
1.177810894860640070e-02
3.572932600584908386e-02
4.672301096869821424e-03
2.371721446206406791e-02
9.427707387560740025e-04
5.748859518343431285e-02
2.622636202189220899e-03
8.397161414911221908e-03
1.292616471191114502e-02
9.222139624872503424e-03
4.782986314208884093e-03
4.814781458561451233e-02
2.130248032446146675e-02
7.043278274111983150e-03
1.741576132659879844e-02
7.866930256055001264e-03
3.730656419426908732e-02
3.046489825711261659e-02
3.521019695091710117e-03
2.665904509211535628e-02
8.232845218603001072e-03
2.597587759895837040e-02
2.284554854695561299e-02
3.039308954995752297e-03
2.098356308281310034e-02
1.616733926725631015e-02
2.391369171182313250e-02
4.436838419035863540e-02
2.567660624395405253e-02
5.965357565722675254e-02
3.892647112427508049e-02
3.666682764949609485e-02
1.133418280100190884e-02
5.182854509622421280e-02
2.357992009676748713e-03
2.316584400819107076e-02
6.122801773797627300e-03
2.970576988294051923e-02
9.605319163400453941e-03
9.037041107693292649e-03
1.621381103377877997e-02
6.034466102376352670e-04
1.186808257478596520e-03
3.010212803443537352e-03
3.165766075483350539e-02
5.977541403126373706e-03
1.996826848657563824e-02
6.332073997812148747e-02
3.774004940898297716e-02
3.903450874390354541e-03
3.671914832506521786e-02
3.655563559904644044e-02
7.488922407624849960e-03
2.406374970899992013e-02
1.368989639366809639e-02
3.393009419583851299e-02
2.212133156975042148e-04
5.120568864190825492e-03
7.796212898283950976e-03
6.723136871608001441e-02
2.051022419562398280e-02
7.038131902707829568e-02
1.023653195518492952e-02
1.080954606133878622e-02
4.088384741866635946e-02
3.390792692559510546e-02
1.040693906251756451e-03
1.837887348805324408e-02
7.704317900938692162e-03
5.524468045531902294e-02
1.711452654471244152e-03
2.695714366271541318e-02
4.969989153700488278e-03
4.061077001102949072e-03
1.752736924518516395e-03
3.165967963602266122e-04
6.318664715949476665e-03
2.007290536789809940e-02
3.996398739792656613e-02
3.437847229252501829e-02
5.618924226764236696e-02
7.239389487465469619e-04
2.377147446024961350e-02
4.143198445922662010e-02
1.529706204979624541e-02
9.629607738024729968e-03
2.027689756104421315e-02
1.794828923427982045e-02
6.531312257167147008e-03
5.281692365006803586e-04
1.810786921568470487e-02
2.968530925971743506e-02
2.352776938797603717e-02
5.887467658365538870e-02
1.503475233394024543e-02
5.498158392910176134e-03
1.600860454331715435e-02
7.255795645397344895e-02
2.986122918039614722e-03
1.986660314301545716e-02
6.908618920807685360e-03
9.154154320182707194e-02
7.712979772092854076e-03
7.118060695823087355e-03
2.791318259360165560e-02
5.993952272107656160e-03
1.919075970823117677e-02
2.325065499213225736e-03
5.768331369075035964e-03
3.377490511248257277e-02
1.136358017480616420e-02
3.825787509886717508e-02
1.330002806568167384e-02
7.123423229558299707e-03
1.530245589123298451e-02
4.744926623084125966e-02
2.851967924956253040e-03
2.367862465440075462e-02
3.461401331387970251e-03
8.205330766781494811e-02
2.569566197026127569e-02
7.477540618378020199e-05
2.471615752562586130e-02
2.886392010061764046e-02
1.264603884521382782e-03
3.190189748019361254e-02
7.691229057069697006e-03
5.535307225997834757e-03
2.885576152905744776e-02
4.594826839343191943e-03
3.420413423036289258e-02
3.152393258113922458e-02
3.510780647460948374e-03
5.889491877020113647e-02
6.236840340418355402e-04
1.315482190296247966e-02
3.213082520911592077e-02
1.160680833529056932e-02
2.631571917470112293e-02
1.007679466531221507e-02
1.342292961684789405e-02
1.647317269001190299e-02
1.836673944522262264e-02
3.976744542647826092e-02
3.863355436745452912e-03
2.279061562004768005e-02
1.786159967835671339e-02
2.724805757873991624e-02
1.317358600981980918e-02
3.969863761244290384e-03
1.163129725676413651e-03
1.391939142535953203e-02
6.215093722875054613e-03
2.010972567335533347e-03
4.429334652227196606e-02
4.548143203386425387e-02
5.198185388730829776e-03
2.138687041730139363e-02
1.241498702922346278e-02
6.283477469653832304e-03
6.475793165635151082e-03
1.470276508815681824e-02
2.483705969369598421e-02
3.533911535751509125e-02
1.359154222292775945e-02
5.016643584203861472e-02
8.546723641309776978e-03
8.537836792419338516e-03
1.846756107372109212e-02
1.788509649697615778e-03
1.404546295268209628e-03
8.841305210956190708e-03
3.940262870284023250e-02
1.206412048935306611e-02
1.255728850121400064e-02
5.568422736959161012e-02
1.781792045235930030e-02
1.296577894790971845e-02
4.787611767506649851e-02
1.286105682206648178e-02
8.264589224526858180e-04
8.551713967691788529e-03
4.592942145397554271e-03
2.976572213031535366e-03
5.392462050323100498e-03
1.681471971856043912e-02
4.279060694935456211e-02
3.792537547125442859e-02
9.634119049684200346e-04
3.577305791994238315e-02
1.706113155456242050e-03
2.759854840013347028e-03
2.265166900164551720e-03
2.258615668647495286e-03
5.314297459660494855e-02
1.398427257556895606e-02
1.757335253372583478e-02
6.517672105515731618e-02
4.134225805118267594e-02
1.199421368217415060e-02
1.808000463739851352e-03
1.107908875223425141e-02
2.665589016009475756e-03
2.707400143399520120e-03
3.941418616693263648e-03
5.312700757801790130e-02
3.248010858398534938e-03
2.091818281109022321e-02
2.837481693958469886e-02
5.558547651137210610e-03
3.054381681273779167e-02
2.229803483255472785e-02
7.037304587403189760e-03
6.444099780728827082e-03
5.952930616250906581e-04
9.831426176185922503e-03
8.829806384937658945e-04
2.532931103770546394e-04
8.449697387694576900e-02
3.229633040969073082e-02
2.106703900208426947e-02
3.570235613633708505e-02
3.531069749755119929e-03
3.289798645576914871e-03
1.129885337454976033e-03
5.581018627348235950e-03
3.109074836960528526e-02
1.729093786989918669e-02
1.813340359159039406e-02
2.381915550772644580e-02
3.309626277788229459e-02
2.038806558497926677e-02
3.679027699413871949e-02
8.197443019472061554e-03
4.179659722517098733e-03
1.535134616350065581e-02
2.349263804465135178e-02
8.101721718891244373e-02
9.112302850320152039e-03
2.367114088752293732e-04
7.726166501070290404e-02
9.832053083230032561e-03
3.255579444035686110e-02
1.793669646740927645e-03
8.496320244950859857e-03
1.063675930386179594e-03
3.241859463756604012e-04
4.497338109340973805e-03
1.602001850385257470e-03
7.037545929461461180e-02
3.140302166610790813e-02
1.647467235426515464e-02
1.415628940576352940e-02
9.441344202528654389e-03
2.046535097360051639e-02
5.016569712030420104e-03
1.000504875593404008e-02
2.843806219851249470e-02
4.363503291628938185e-02
1.845408627740982924e-02
2.635043624519178493e-02
1.782850568879701045e-02
1.086533552393858550e-02
1.723950312179577463e-02
3.325833971725143667e-02
1.174925019011829885e-02
1.331253088058500372e-02
2.756305040280000035e-02
1.428279250683798032e-02
9.011534344608473912e-02
5.191359553820065753e-03
3.395550363116656839e-02
5.587438358074305056e-02
7.362261102662489773e-03
4.889692944013170062e-02
6.285488458530517041e-03
2.594735134316147884e-02
4.779423088063304570e-03
3.479538193776396740e-03
6.375351795881528671e-03
4.792211823122179137e-03
4.243509725313720365e-02
1.457461535973692338e-02
4.250673369541206614e-03
8.394023475509215793e-03
1.770553128289420117e-02
1.054246070699913114e-02
9.278831843879571661e-04
2.811454528078851517e-02
3.121541024287200275e-02
2.700692097333680375e-02
1.231843561324638681e-02
1.021407269664068203e-03
1.109991836127528081e-02
2.548616432112028526e-03
2.453849853036772083e-02
5.836962863087383213e-02
6.057483571743232410e-03
2.033836668127315950e-02
1.754917734411379215e-02
1.405413099500323233e-02
4.182123292402694509e-02
6.625630609597110178e-03
2.022077790977658274e-02
5.245955987993948522e-02
1.729735244433724603e-03
5.914893013508398453e-03
6.607970171388644065e-04
2.244384049854178040e-02
7.434008448589056288e-03
1.838459478324601729e-02
3.742174608590788029e-03
1.046652800239237721e-02
3.152153623508765871e-03
2.085660239817868633e-02
1.159140423314600730e-03
3.095204783106100463e-02
2.515666919018264870e-03
1.717016039648382869e-02
2.683901371736144292e-03
2.239323513603342850e-02
3.713667042406082475e-04
5.799231590690570592e-02
1.170209362131425720e-02
1.025779470559058833e-02
1.882255103951963049e-02
1.214473177985451319e-02
3.355854867327180691e-02
4.541091206626609450e-02
1.071850137734488978e-02
1.880427286996460071e-02
1.204587013471132215e-03
5.874016447674679231e-02
2.333658082853456300e-02
8.830563293213411491e-03
5.306247475614125908e-02
4.518656302404926162e-02
1.185309385927455286e-02
2.714350715079216683e-03
2.931799611671053775e-03
4.015388553755633305e-02
1.091574317907708855e-02
4.745250879840748337e-03
1.987874840566841543e-03
1.922580720780986407e-02
3.008557648917233041e-02
1.878305706387862692e-02
1.679648637313858883e-02
2.812738607628921528e-02
2.606044352538583464e-02
2.830539101250043044e-03
4.442999983818640697e-02
1.648120910996924695e-03
1.373582731746091816e-03
1.766596275192050536e-02
1.833968923135063586e-02
3.434331355720715573e-04
1.164281476700365983e-02
2.690960615106761933e-02
1.070318889333632222e-02
2.461535870055304651e-02
3.676826166084799135e-04
1.661863559913013275e-03
1.966364641903119159e-03
3.161231454216634901e-02
1.594972515935900309e-02
1.274710492337567929e-03
1.996954438480010724e-02
5.588869821347487721e-02
1.573005385199348349e-02
7.650627212978213312e-04
1.380849127844003404e-02
1.236300015701109409e-02
8.487872749029899341e-03
1.315927020905034543e-02
3.058744366011398666e-02
2.364459789434233961e-02
1.268928279428276941e-02
1.078018451725532012e-02
8.379134933082671780e-03
1.557603875453676331e-02
7.803115112523842031e-03
1.113809384192518404e-02
4.805263859710014185e-02
1.400698266134516902e-02
9.573229663190838123e-03
2.208016275585160046e-02
2.517938765203372835e-03
3.601037924707457816e-03
1.990168658630120380e-02
1.855971415979589673e-02
3.565823010166986606e-02
4.976367009676043590e-02
7.024242839389518815e-03
2.176082779981217130e-02
2.092299713923094495e-02
1.301463074037335216e-02
3.090780147288442123e-02
1.571342369325189059e-02
4.002285325989803078e-02
2.140677745308268431e-02
1.323138320610820796e-02
1.341196522318901033e-02
2.419340572637335152e-02
2.531214719247623299e-02
1.843240184010839231e-03
4.350425048401530825e-03
2.573680144695830729e-02
6.199888906877386308e-02
1.801782236979077370e-02
1.373571028196926211e-02
6.567938450596533771e-03
2.476979092415837816e-02
1.443124258324011630e-02
1.491993303760507034e-03
1.486728843787272873e-02
5.427208369081565342e-02
8.189040494110197063e-03
3.966327616373242076e-02
7.054083289425025667e-03
1.295102723891468702e-03
2.661487463658645039e-03
1.760771433747328890e-02
2.322289671693922308e-02
4.134431265162916147e-02
2.456925026659562139e-04
1.379217989972081511e-02
3.523537998225247103e-02
4.176923690600885253e-02
2.965060130871343888e-02
7.562150303001974327e-04
1.013573290506192270e-03
8.568715827826107329e-03
3.124785954434054075e-02
2.579726406907349723e-02
1.070173194507683355e-02
6.957633447524831823e-03
1.558620037428747745e-03
1.079983560673383400e-02
1.148136336824760566e-02
5.199465967723530119e-02
2.067723182657642267e-02
4.380146523865804595e-03
5.729590859535371380e-03
1.061833199758878236e-02
9.245565391841381250e-03
1.962493908878183008e-02
3.598745743395071611e-02
3.436852399430263133e-02
1.314156355773896112e-02
5.105023077848489660e-02
2.090812196338139028e-02
3.686539761795094849e-03
2.788126508993254982e-02
2.763096027421331480e-02
1.864880962916031643e-02
1.554919261235585340e-02
2.175208204376694043e-03
4.954263561451695969e-02
2.491676335854330765e-02
1.790432113079280796e-02
2.341712799835778819e-02
6.261035498046655864e-03
6.077372721520596030e-03
1.504618845768377830e-02
6.414388486088156739e-03
7.253627699897007876e-03
1.779831613024968062e-02
9.305234596827990576e-03
1.920778086239644487e-03
4.436364233484555580e-02
6.501844795594631521e-03
2.133114662691409924e-02
3.009491849138615227e-02
2.618565558634019380e-02
3.165994339224813704e-03
5.555651618114991475e-04
2.164315409360823700e-02
1.484413366378318708e-03
2.994215266755259272e-02
1.695722885706059911e-03
4.450088601993081733e-03
1.238100996416303078e-02
7.543312969535412305e-02
5.677294526891572086e-04
2.526861775955040190e-02
8.619624875338570066e-03
1.623205562421057603e-03
4.795655186496978681e-03
7.144635760707025024e-03
2.254425768108727496e-02
1.243102480781594146e-02
1.302253142657987771e-02
1.372631951341398218e-02
3.487520114395801021e-04
8.330833310165137659e-03
1.246479290498738596e-02
1.188011011472919591e-02
7.733096487366938540e-03
3.399299881772081117e-02
8.110168986710002831e-03
4.176143737340780315e-02
5.338148330715306727e-02
3.750154115640355265e-03
6.172649770063105834e-03
1.030845627074950324e-02
4.180859902057491168e-02
1.745513477703430905e-02
9.899134047483784671e-03
3.429222046242854510e-02
1.021529069694772709e-03
9.848239929153441638e-03
7.842527260232844133e-03
6.502857354065763595e-04
4.347413885667231886e-02
2.812037363782726729e-02
7.064282056416607350e-03
1.797529601261541737e-02
3.358589638119202636e-02
8.165844212869900753e-03
1.372893257571109610e-02
1.265988431401932242e-02
4.673948185371801928e-02
1.993713954914229369e-02
5.786358253804087248e-03
1.034360658400507865e-02
3.493110079715736407e-04
9.195882179760282021e-03
1.294555715773398549e-02
2.074343608844041870e-02
8.718989860425173724e-03
1.209620064991861858e-02
5.955619618642739137e-03
8.509845725622552925e-02
2.688782567821835709e-02
1.653472256333623006e-02
1.329501409951358050e-02
4.373633400420957190e-02
1.062905092595193765e-02
3.174019195777398345e-03
1.363595968748861726e-03
3.446348582328970928e-02
7.771523879095514065e-04
1.719289470204016235e-02
5.144154361373960010e-03
1.812821257924817492e-02
7.407824649533115147e-02
3.322557595276059983e-02
1.894045889171445951e-02
1.808030077499849647e-02
1.758357077802520999e-02
2.323444157084937622e-02
1.584791174096092381e-02
8.417940953412178691e-04
1.453824445862073565e-02
5.403681546375979639e-03
1.725749206026108012e-03
5.540009010616334106e-02
2.194880743546914065e-02
2.363925427525398817e-02
3.435310542662491778e-02
9.603343156232120592e-02
1.260766158865693140e-03
2.592444370542684728e-02
6.001938819484229672e-03
9.189195461278101829e-02
6.411433497387007685e-03
3.203275517495711433e-03
1.768675540343912084e-02
3.619714937977228791e-02
1.890695323632415534e-03
1.408124575647492008e-02
3.722129834419188061e-03
6.076959123726423037e-03
2.141086525239570271e-02
7.862784190472439302e-03
2.350861829047383791e-03
7.338443533274913860e-03
5.132105549348445206e-02
6.141350065762570670e-02
1.792326791859080726e-02
4.684594872336438065e-02
5.223822379313298580e-04
3.898104428602400251e-02
2.967428200658303247e-02
2.088969093539770963e-02
1.099696580841040897e-02
7.239189436298346450e-03
1.041976228807632229e-02
5.670638274112896338e-02
2.024626096758596824e-02
1.208490501396729949e-02
1.639498226157316829e-02
4.497661381370685746e-02
1.683282663188043248e-03
1.224019801998302986e-02
8.355280513595655240e-03
6.073168714153886344e-02
3.247602644499435198e-03
6.474344730908603539e-03
4.067483985115495464e-03
1.835252750024201837e-02
1.128189455402698813e-02
7.813554679460014626e-03
3.814858808694383124e-03
2.041364976390693670e-02
2.024119492015688526e-02
5.815072040636463935e-04
1.209548625593294575e-03
2.048890491340185638e-02
3.211711680846935507e-02
2.677999312639985086e-02
1.098246442850314350e-02
3.927375461096604264e-02
7.555190000015646161e-03
6.180483414943477305e-02
7.252107551994511556e-03
8.527332791196952019e-03
6.819727368080097905e-03
1.342744888836867184e-02
5.712170273219926639e-03
1.133758167191180888e-01
5.045900832211083764e-03
5.549788271378693072e-02
1.438788842879351604e-02
3.778888781447295453e-02
4.366174399404584502e-03
2.119694887454834711e-02
2.691186932967321033e-02
4.981190451038511324e-02
3.160158720280056843e-02
3.789145515183525020e-03
3.646803177633041633e-03
2.058770917432542480e-02
3.866848192730108769e-02
2.093618489822588521e-03
1.254155608782940752e-02
1.203820425477134665e-02
7.762210333871540080e-03
9.802703476977590522e-03
7.054820588594126404e-03
3.943102716794202878e-02
4.297318858093302635e-02
1.136641463898221786e-03
2.779773955146148945e-03
4.445864602609692767e-02
1.484787370534158130e-02
1.509738815955212130e-02
1.535747935116736282e-02
4.056774524790757869e-02
1.506453497472280429e-03
2.005929712942638998e-02
7.766267630833234049e-03
1.658371908152130592e-01
4.311586937001718467e-03
5.542734627708233164e-02
1.370830131762022439e-02
3.380903809437776214e-02
8.904876240503949159e-03
1.283608415158866284e-02
6.152481119876775616e-03
3.411813430353731469e-02
4.658713897716660647e-03
1.982814010374634589e-03
1.031658501160605951e-02
5.288199550094352386e-03
1.814210532739721563e-02
9.138613978356937423e-03
3.442939305487045798e-02
6.081968129222206816e-03
2.688955221021503694e-02
9.508264776652251837e-03
2.273081875970863266e-03
2.777154259887788367e-03
1.906317038901021721e-02
1.709753438659625605e-02
4.866609449848464941e-03
1.599242296612309044e-02
2.361693201016772450e-02
1.081337860009083315e-02
3.858629046423647097e-02
1.681259046709419891e-02
1.649644713522286634e-03
2.574965926070495181e-02
6.797210251259538927e-03
5.162730457741844525e-02
1.449692412375149300e-02
1.026532074608483419e-02
4.844527251349745045e-02
1.171406038394024601e-02
8.419089897890792359e-03
1.373907232541923817e-02
1.283733227358769191e-03
6.670157888128975220e-03
2.887593156120790705e-03
1.423043173983356072e-03
2.051234169466081142e-02
1.893957277694753583e-02
1.313670619254278180e-02
9.840533260825496883e-03
2.698504219917525690e-02
5.947430131974472227e-03
1.670060204643648155e-02
2.086114538368526866e-04
1.221572263755316828e-03
5.520476057845941434e-03
5.475846931404353135e-02
1.335655941860509899e-02
4.737944228027068591e-03
2.846429620518519527e-02
3.871604108142630285e-02
7.114841394447233777e-03
1.957223875118700371e-02
2.354143005437036792e-02
1.459451642881946093e-03
1.477944072531561445e-02
1.554947450566652144e-02
1.883797773264197367e-02
2.969138595987297347e-03
5.367301725649165425e-03
2.747364696640045706e-02
7.925183826794777314e-03
8.467031161504762551e-03
3.163224103856784181e-02
3.241358073674438511e-02
5.800380820285238985e-03
2.070718731674527427e-02
2.147864202506076341e-03
8.920623091662274046e-03
4.011108558884685094e-02
5.375126144459257960e-03
1.007865228954254316e-02
2.032791243515208110e-02
1.790122442726414017e-03
2.145971059439334000e-02
4.807073379309747055e-03
1.666753274633191520e-02
1.660516621492825681e-02
3.206769269512965703e-03
1.476604070963648090e-02
2.526031403567725181e-02
1.428858435571315338e-02
2.257332499373211621e-02
3.451190198501128542e-03
1.241430112232873653e-02
3.811952935296317180e-02
2.274618603123380878e-02
2.612122533601136248e-02
3.521315425175527286e-02
3.640113972500014228e-02
1.213468381882368274e-03
8.900867748719010208e-02
7.015424367521061466e-03
1.616436826432621557e-02
1.379676607622874751e-02
4.602587186359311661e-03
3.935883640497037095e-02
1.034064036119001877e-02
2.746928881897332114e-02
8.560167114115516118e-03
1.085514657485186704e-02
3.734074419875318962e-02
2.374567988697421847e-03
1.964793481581219442e-02
2.004782675135496905e-02
1.450953769086982953e-02
5.034826076681205714e-03
8.858480971640294438e-03
6.410131828734783391e-03
1.966954892405722854e-02
2.039411013141308182e-02
2.323574033792386376e-02
2.277649992537679122e-02
9.715212939401555656e-03
5.902377338662351952e-02
3.564596915623840807e-03
4.883745901600775041e-03
1.704024415466964121e-02
7.899064028471812493e-03
4.690818606792579448e-02
1.593847228285778100e-02
4.207250823827692748e-02
6.719458175686342412e-03
1.532646128749255016e-02
2.977156032132900060e-02
2.018794131043712484e-02
2.903965197471913839e-02
1.332040391551618519e-02
1.723590386388074852e-02
1.670441036408667340e-02
2.702737536377959604e-04
6.065571399236584400e-03
8.915932378696419386e-04
1.129063264925450616e-02
6.403434190917069863e-03
8.086584314533844242e-03
4.678370240670103042e-03
1.158372620728865578e-02
2.273845205772199660e-03
5.062246387480257362e-03
2.136803279098380311e-03
7.590139517229047006e-04
1.807769643621478378e-02
4.818222941732339809e-02
6.143746162039047387e-03
2.812107497541703818e-02
4.082127514287972603e-02
1.208874177134567837e-04
5.053785523423724377e-03
4.706735038911541436e-02
3.996594958705483938e-03
3.769154219299022945e-02
2.521737754941218504e-02
3.407248916750243301e-02
2.507959287734675899e-02
2.614164793603052442e-02
2.745666017579828644e-02
1.346932824662530961e-02
3.107454216055100665e-02
6.494230450514162575e-04
1.085465603228329828e-02
2.468222877638871077e-02
8.107072972755136747e-03
1.300632155415903587e-02
7.397368294175454481e-04
1.328004971392144490e-02
5.124886614348558508e-04
4.479777160241501383e-03
1.833855023048686778e-02
1.141600415812515749e-02
1.262964370348309065e-02
9.701551574988497018e-03
6.882625962154123589e-04
1.204831247285695350e-03
3.866778214047846690e-02
6.329274030228870807e-02
8.326498662148639623e-03
1.180153896113818497e-02
5.996800076892336295e-03
2.118453604396897724e-03
2.341645885566222274e-02
8.585869154335235010e-02
4.858832629573606350e-03
3.033993213997192295e-02
9.917878359596012886e-04
1.834722641749634078e-02
3.694595131946186786e-03
7.652870746231568710e-02
1.784754794983490697e-02
3.858310335055792351e-03
4.763491199928208963e-02
5.267128172538881881e-04
1.998421101540827360e-02
2.809119904826713060e-02
1.363655684238030026e-02
3.686383694100564545e-02
1.491556319252596019e-02
4.443967822426896606e-03
5.873942339011010288e-03
4.312389792687849194e-03
1.234632030613799086e-02
4.736014853377240597e-03
1.595873592110084657e-02
1.085192515948810513e-02
2.478998545656828367e-03
2.285349453187818757e-03
5.774421825439421396e-02
3.868964703881942746e-02
9.111607191202998612e-03
2.866604001585876249e-02
1.544273072461378217e-02
6.087816272188106836e-02
2.459562183278018316e-02
7.436106637411529774e-02
9.066634620610393436e-03
2.989748953579616716e-02
1.108314574359659486e-02
1.615463563596585689e-02
7.705277064968256429e-03
5.317426991103317568e-02
3.454797382037844145e-02
1.017965027707875073e-03
3.351879801201759334e-03
6.920339538947179597e-03
1.974911871073556022e-02
1.628094230573164450e-02
2.785008285864412278e-03
4.242672113923943999e-02
1.417082800344555797e-02
6.866111289054038780e-03
5.452809467627965298e-03
1.270244283434899049e-02
1.904865890962507274e-02
8.423017285940358504e-04
6.915779422661497144e-02
2.476476356315903456e-03
6.844530038291813875e-03
1.416028398938879926e-03
1.142792374748207405e-02
2.964160242306857623e-02
1.259766127383382672e-02
3.210554222079791201e-03
1.721323127991065266e-02
4.774068150227402108e-02
1.643215680744073218e-02
5.443249369825749195e-02
2.942539957756119817e-02
3.400788618288565213e-02
1.482611674540258891e-02
4.445478943651533232e-02
1.996726009608904701e-03
1.966692595874481794e-02
4.736929128394858080e-02
3.281431207079861523e-03
3.737271335573871117e-03
2.393305035014178794e-02
2.554236577552322640e-02
7.219489316827761016e-04
5.487950619223920523e-04
1.088677596008716907e-02
1.002328190996363416e-02
4.541765673068054107e-03
2.419801082382508350e-02
7.928407126531851132e-03
1.171555474293006424e-02
6.839097976324124556e-03
2.256303542779919055e-02
1.181910107980853200e-03
2.090874739260397200e-02
6.432338119265882878e-03
1.640778683475743738e-02
6.336948975366030364e-03
4.897701807508016147e-03
4.842226129416715014e-03
6.985972111521458749e-03
1.238683631537429615e-02
3.455381790322653579e-02
3.506630251871296552e-03
2.036486669027319507e-02
8.005567030061619405e-02
2.019405503202894442e-02
8.809185448932933815e-02
6.236384319331406134e-03
4.804781618288676143e-02
2.353000643470793546e-02
2.842208016303644086e-02
3.337834770025718822e-02
2.347018572546703125e-02
2.345582935149250273e-02
1.378592157009370101e-02
4.597498190166176418e-03
1.637626463691311055e-02
3.066776910815670332e-02
3.894194467703344931e-04
1.390214833137972360e-02
4.056148428418864665e-02
4.748777735777913456e-03
2.135895296347598005e-02
1.191653657934019922e-02
3.418781575476294299e-02
2.078824000357030327e-02
4.901615509426543275e-03
1.528730971559710133e-02
6.362743923493847931e-03
1.072270998315421817e-02
7.128958458967112055e-03
3.110470167773203218e-02
4.071566447627038288e-02
2.213603249799374340e-02
2.953312160678565109e-03
2.535554698753138964e-02
8.944499050995379646e-03
4.919260589293126401e-03
3.573217175773113485e-02
3.583486828987899470e-03
4.016926136579734852e-02
1.191223809320064719e-02
2.803557941820648478e-02
4.258646514863884125e-02
5.712811972028362939e-02
3.485500690094325317e-03
5.042625347787232926e-02
1.218981087613408426e-02
3.093303305088092314e-03
2.761730394484913226e-02
1.254998437509969450e-03
8.051064736694634252e-03
3.668330324910507728e-02
4.568626470066412880e-04
3.849942121750758641e-03
1.848796508616655510e-04
3.394644611763715514e-02
1.558649504100539929e-02
1.814109583696425776e-02
8.711100450220818359e-03
5.856742333083413132e-03
4.775951622361045146e-03
8.082465149600918941e-03
2.744814775280594865e-03
4.898977848692438741e-02
3.038599814061065420e-03
1.154530021843329021e-02
2.243942609016676484e-02
5.151582826305106839e-03
2.880209942955452157e-02
6.899912726965989375e-03
6.167844888961129986e-03
2.565146850198745179e-02
3.597881832007846122e-04
2.716902922302823556e-02
6.254530019037708721e-02
1.158270882930303308e-02
3.249845409729963663e-02
5.313066061424514749e-03
1.039465806824873065e-02
4.504679590791189209e-02
6.473807669131262377e-04
7.837513371151835773e-03
7.139163941061597157e-03
4.959663008073381119e-02
4.499870404234431083e-03
8.785409624567966022e-03
7.084675388102855756e-03
5.354582452212787447e-02
1.326789896205095992e-02
2.168575321170589099e-02
6.495613010066972337e-03
5.767349528918980228e-02
1.688325888720322229e-02
1.182568348323704763e-02
2.520464158890645817e-02
1.422832393613271407e-02
8.291390586719141198e-03
4.179829789882415041e-03
2.243333105443506056e-03
6.388781432695684465e-03
1.789305103184943291e-02
2.410877271116781961e-02
1.327915208357408755e-02
2.561674507563063002e-02
2.321247255517731520e-02
5.648363451225552750e-02
6.012850375337186470e-02
1.124909327053288423e-02
3.256750805026806250e-02
3.819691757715397429e-02
3.707678398166130117e-03
1.354652080868742892e-02
1.649575354130393065e-02
1.209927660125797479e-02
3.835667384626504500e-02
3.888845000406372654e-02
9.484237758349056691e-03
6.405684393056547410e-03
2.921577306606569502e-02
6.391695362052587925e-02
1.017406174362593153e-02
2.648986813983532362e-03
6.433172573019056706e-03
6.438985918493675409e-02
1.725114913459974142e-03
1.564229677513538641e-02
3.909632169495809439e-02
2.933853187981787583e-02
3.452495974243192066e-03
5.552103077381827581e-03
3.286440740396532473e-02
1.053006295216423610e-02
2.878312361400170091e-02
1.633376143349359391e-02
2.275484380694182268e-03
5.121479755629932545e-02
2.036355690709945598e-02
2.114676437508330314e-02
6.328639386200002326e-02
1.716615877573105658e-02
1.131331120647256078e-02
9.315712862348653200e-02
3.480367280505121397e-02
1.711300209444626547e-02
1.588745520227844224e-02
5.435085383825398637e-03
1.472664050835901031e-02
2.258356816170714945e-02
2.861218141678022187e-02
5.216158343443348666e-03
6.042924602225539094e-02
3.511756660248505080e-02
1.228749765993589205e-04
1.959648075337929937e-03
2.533793846216994897e-02
4.562741576915740893e-02
4.802889002714045424e-03
1.939084247782622101e-03
1.349330245699267329e-02
6.949272560849638347e-02
3.574133756114167108e-03
9.033585040489403722e-03
7.255741896432796323e-02
3.836313995755284267e-03
5.988852593607429942e-03
3.011243063008393894e-02
3.317849031760176405e-03
2.367480093838091743e-02
1.677467992675219302e-02
4.192697027526490205e-02
5.987479773629354740e-02
1.062406229613309383e-02
1.726214406810609378e-02
3.265494407901090024e-02
1.569192580948948479e-02
1.150157757896994037e-04
5.011361868248358220e-02
1.004905700271568978e-03
6.483250089265674143e-03
4.302504535559097468e-03
5.895829902760187785e-03
3.729027855467997865e-03
6.953273504720192122e-02
2.266929089259099930e-02
1.228807923193443209e-02
1.946401934876972745e-02
3.003841772839823104e-03
1.154261058384142835e-02
1.475128205471309267e-03
4.458284686006681874e-02
1.139510012706781636e-03
5.466924170413688805e-02
2.051723692200749585e-02
1.470283125424168974e-02
5.132520663403964539e-02
6.781131695600487938e-03
1.364800248340317448e-02
2.820425369060745868e-02
2.073525513699922898e-02
5.374545997988029733e-02
4.573136804356957991e-03
8.404796206026925523e-03
2.318212821591686401e-02
2.461452232805255019e-02
3.364364536778734205e-03
3.023474428869003805e-02
3.240691343134594060e-04
2.971969886628744034e-03
4.993037656990895884e-02
1.417089454299358398e-02
2.117794839453610717e-02
3.572522496062022473e-03
6.816018863020553535e-03
6.488392326728208669e-03
2.635495997998529155e-02
3.751576794682372814e-03
4.640508607905505234e-03
4.341149822310132189e-03
4.039106546848638540e-02
2.525637101138365759e-03
5.194776700290743704e-03
1.753048596298732720e-03
1.211692967933555680e-03
7.991101216758356163e-02
2.826541374223124833e-02
1.208765241199155627e-02
7.103933660652708704e-02
2.796020180421786988e-02
6.350588874534861955e-03
9.805406853374942777e-03
3.095844152205703970e-02
3.543224644397634931e-02
9.852587487158087631e-03
1.067858295346589895e-02
3.433981104930424605e-02
1.219918569551981663e-02
7.576623423745976887e-03
2.186480579950463715e-04
7.808115178895647449e-03
3.457632698251631408e-03
2.081154737953563177e-02
4.648078769803727639e-02
1.358368079078245243e-02
1.850905118484560269e-02
1.620125858977138067e-02
2.314478978126518691e-02
7.089836780522290431e-03
7.843131913710806383e-03
9.009571542887215290e-03
1.062873206848866971e-02
1.357640041908121827e-02
3.859089623164942400e-03
2.006962946078633819e-02
9.891046509044116447e-03
1.422331568135819929e-02
8.047792480670384885e-02
3.504854373925297972e-02
6.427068240451151715e-02
5.967419364904990448e-02
1.305414573725631987e-02
1.663749403148481396e-02
1.108234567772210799e-03
2.633507508814153866e-02
4.541851836799712383e-03
9.201985977010159606e-03
3.518824179547234976e-03
3.508779575441947629e-02
1.539112936458850167e-04
2.654503520717246129e-03
1.526977656224708796e-03
1.073691436748063985e-02
1.762513514304953066e-02
2.195651469338579659e-02
8.035552661566894295e-02
2.547982480918618148e-04
4.052745384284397664e-03
1.509418149348818947e-02
3.441022679098833942e-02
1.089111491645628968e-02
4.299503354858356767e-03
1.180974361355514694e-02
9.201232749661999305e-03
5.298997607727725517e-03
8.412180218487471176e-03
1.746998343749579102e-02
3.889953442061891246e-03
2.555262483344405283e-04
5.340940237358053622e-02
1.602202049118554156e-02
1.352700891325224822e-02
6.710317815594772639e-02
1.135055885659497742e-02
1.474567758057154787e-04
1.637244196907211569e-02
2.336960010262328913e-02
1.308765587587368967e-02
1.118856144942701608e-02
1.716438178926915636e-03
4.891258992258536858e-02
2.641883272423041409e-03
3.913028327553213538e-03
2.041221000401405306e-02
6.178528352338372859e-03
8.317207418088376492e-03
1.121171207254295296e-02
4.358079279388784449e-02
1.542009973649789353e-02
3.211087068047822901e-02
5.863406917080095371e-02
1.600246483700007091e-02
7.188095363641826968e-03
1.272644088699096884e-02
4.824547433132257701e-03
1.440121142990295755e-02
7.356973560228277122e-03
1.386468346615851374e-02
1.360727994192825058e-02
9.840801361570714056e-03
4.317093206831941476e-03
1.319587192539894288e-04
6.349342388744365698e-03
6.280791297020173192e-03
2.102506000810207276e-02
1.540275566061859169e-02
1.786216298766428456e-03
1.847331436098310908e-02
1.628334616668584284e-02
2.750701584861716884e-02
1.072429913521895373e-02
1.443509005517016122e-02
5.383110827148498978e-03
1.558710031253325926e-03
1.537722104539264965e-02
2.558517606611272061e-02
6.394313928758310270e-03
1.549355992944359550e-02
4.496469358554126827e-03
4.890470961222998653e-02
3.745742842492634506e-02
2.953060548246120784e-02
1.705820586301967298e-02
1.012561616634680486e-02
2.080140508144169564e-02
3.104798027380028386e-02
6.726210090353013961e-03
6.484399391946759836e-03
1.901028753555175643e-03
5.498247638471440851e-02
1.001906514081756377e-01
8.241181787518522817e-05
1.216037475574892335e-02
1.723401816243271684e-02
6.039493592355258539e-03
1.739728097481824803e-02
8.491082545045394725e-03
1.978005513517556296e-04
1.732572110185965839e-02
2.563638777031036764e-03
2.746904191906890738e-02
1.500513622963823256e-02
4.035631436410619388e-02
3.875758543997280797e-03
1.123454316186151859e-02
2.846301149413581200e-03
1.661907381207803486e-02
5.125404333348471814e-02
1.278560185796361742e-02
4.166382617043891401e-03
5.800018610781064281e-03
3.392261800981184738e-02
3.814672401745225483e-03
4.388187280862643896e-03
3.119532783163128653e-02
1.975916512930487104e-02
6.917365155505936225e-04
1.773559620440851373e-02
6.871217792048389325e-03
1.805671441838493582e-02
9.143888963972245099e-03
3.650290006466042764e-02
3.284681547737012403e-02
2.009690810022957824e-02
4.546203672057035766e-02
1.034368250253545236e-03
7.788269905523982628e-03
3.005413181801756123e-02
2.821679028632195080e-02
9.971742627668776782e-04
7.313093620697620756e-02
1.341588716458707621e-02
1.190945771920221864e-02
5.222873686984503411e-03
4.994763530396252593e-02
3.591854350907565385e-05
6.635648630821992799e-03
3.364216242629675807e-02
2.031636766448825099e-02
2.812289860429310201e-02
4.568450399629259140e-02
8.890768177814804829e-03
2.979569947467781976e-02
3.863437670638634330e-02
1.988180698924762319e-02
2.351408918342048210e-02
5.901465123599757001e-03
3.831403075085652865e-02
4.493013444030594106e-03
2.805582476464948266e-02
1.656359131206119190e-02
5.790811336746315603e-03
2.143967055467167065e-02
1.403532013991697081e-02
4.273600567881524759e-02
2.499058865823349657e-02
2.796441079302280225e-02
5.419940362431430181e-03
2.798201734831709531e-03
1.519534999309530426e-03
2.324377645029978429e-02
8.457968453701501452e-03
5.860795919213612759e-02
1.012820554791499586e-02
9.574019447461137172e-03
2.499148171445121636e-04
5.169682371297722179e-02
4.957765907040007601e-04
5.768265512749480746e-03
2.812994590091573432e-02
7.094202594873047496e-03
4.210599380074583897e-02
2.256999956645346084e-02
2.418950750913672829e-03
4.110589604081114901e-02
3.512449744584897338e-02
1.539103247605645361e-02
8.378838239246965552e-03
3.695716664476060564e-02
1.242098697253171333e-02
2.665356176496371660e-02
1.887538636065013223e-02
1.289456508417968598e-02
6.641894970971040299e-03
5.236951999468187485e-02
5.849145818373514133e-02
2.717397806201778815e-02
1.797873989196011740e-03
6.628612036173479015e-03
4.988806086468049877e-03
1.558412376726048265e-02
6.598054295113932322e-03
7.920564630971601086e-03
6.658743379327289151e-03
4.743479027140602017e-02
7.504709651769525536e-03
7.881865115623437612e-02
3.652871651755280197e-03
5.509602685283322004e-02
4.325083523092634712e-03
7.595253679115947232e-03
4.545330552419108577e-02
4.578145229454586018e-03
4.375742678678323089e-02
1.269842004747968010e-02
6.348252924018169679e-03
5.109002302920430394e-02
1.274195039579791369e-02
2.105887064014847106e-03
4.145952938823443089e-03
6.074748254630440991e-02
9.376413850370819009e-03
1.098347474811247650e-02
6.717347636954088680e-03
5.441254061056116295e-03
5.864654344806559567e-03
6.462844774711962170e-02
4.049697395345189244e-02
6.812427080887578992e-03
9.710076644469378682e-03
1.666193389838242084e-02
4.238543687305350652e-03
1.716813726748416327e-02
2.350740200971817781e-02
3.501180156926736800e-03
1.055541557566791466e-03
5.054478153968734039e-02
2.260096903868737822e-02
6.540028171944281543e-03
5.623594409219986878e-04
3.649084430552910346e-02
1.875886958681717565e-03
1.224330375188180040e-02
2.379762391090556317e-02
6.572631150981253501e-02
3.988572777280909032e-02
1.084424467625608526e-02
1.090435445631933106e-02
2.583268840649649914e-02
9.872907339549784334e-04
1.125887526464483882e-02
2.640308098835725259e-03
4.501291119136626578e-02
1.076529494790830210e-02
1.253594521825207066e-02
8.226363770196667285e-03
2.792479677320484910e-03
1.977114727963803775e-02
1.936366192655790408e-02
8.251715129303695273e-02
5.633890714656555193e-03
1.053204030048139834e-03
7.669191812456427337e-03
1.647728759288278472e-02
1.135108636274186240e-02
2.560668432598360578e-02
2.011388769683283145e-02
4.855661758277798890e-03
3.999672234599811749e-02
3.660716653443291113e-02
2.725248652287711598e-02
6.850436466716576522e-03
3.669423386625079997e-02
1.457945985093049568e-02
6.543592933474191159e-03
7.119357521002964151e-02
2.504460087703738042e-02
1.944862021001981731e-02
3.418273677267595623e-03
1.264428266059298284e-02
9.090806532581569011e-03
8.018019757714607565e-03
2.970093318895959331e-02
8.962379050722107943e-02
6.893143293002772232e-02
1.019438967071223043e-02
2.277868533409662874e-02
2.413847055006928394e-02
5.229375744229991518e-03
2.432016397467104407e-02
3.941312734764851333e-02
8.602560067907842611e-02
1.060570333348621191e-02
2.923452208373998606e-04
5.261949478483230608e-03
6.079595831590310639e-03
1.024804469639794061e-02
1.919603106818467894e-02
2.532169111054417485e-02
1.644982442826422794e-02
8.020875826669056352e-03
3.532611910658393917e-02
5.606287707383076496e-02
3.392644684485171015e-03
2.874833161703854723e-02
1.812510488612584583e-02
2.870363063153700406e-02
1.555687484519618913e-03
2.627789661170751301e-02
2.363745200136820046e-02
4.976122715926324658e-03
6.243624130344072737e-02
4.670574659156351977e-02
4.532208087686693219e-03
5.169990116103899414e-02
1.690832831581758067e-02
4.038602967214364667e-03
6.003897659793127478e-03
1.436253838824361195e-02
4.679152528771435282e-03
9.113843990770394490e-03
2.069929515358374245e-02
8.673102677564525562e-03
2.506652644004985636e-02
8.787074146786135950e-03
3.023212998671819668e-02
1.102586230404361406e-02
6.565454680135945909e-04
8.010468053060236515e-03
3.297567777278694046e-02
1.218835269824480178e-03
3.043877939364569851e-02
1.844962769773815861e-02
4.516598223541613139e-02
5.104134487381857543e-02
5.478349716517168927e-03
9.998850396648981120e-03
1.929562046109364187e-02
5.690326527090099756e-03
3.793199825840309902e-02
2.783598709385872588e-02
1.841792884267505134e-02
2.107722534655823154e-02
7.364415587936302965e-02
4.171057971413844045e-02
3.428793823730891255e-02
2.302541386270853113e-02
2.409946949535693786e-02
1.100194042282520712e-02
2.642349881388159072e-03
7.099270473930685034e-03
8.864501059887003450e-04
1.491099360112317640e-05
3.959618889120456592e-02
2.465462193774584435e-02
2.543929787273169901e-02
3.802579739464334325e-03
3.615949582317410510e-02
3.129372713281407953e-03
2.212831646903926433e-03
1.477133610345328363e-02
1.261749540659103282e-02
5.502111047196686297e-03
2.154713094548408106e-03
1.236134418731713210e-03
4.669634584423837387e-02
5.134863574498736011e-02
4.450313142768717867e-03
1.703815276012451627e-02
2.458263283968697976e-02
1.764804428196911114e-03
9.094410229982046248e-03
3.404338818244325576e-02
7.724208849186477849e-03
6.199138220979335395e-03
9.014124820358970780e-02
1.602278998041179597e-02
1.969217291943318321e-02
1.307605057964457765e-02
3.241267531741076624e-02
2.402831369295448626e-03
4.040696785781739894e-03
6.139556913653952848e-03
3.980553057276375005e-03
4.872754506247266304e-03
6.957764219580878096e-02
1.092548220785015400e-02
2.204959490243895912e-02
1.909041593326813585e-02
4.199096802832404107e-02
1.501614673060741069e-02
5.357624629398871630e-03
9.553989941705304592e-03
9.850133610470778595e-03
1.069791831890550514e-02
5.341687591048450978e-03
1.823897263194491697e-03
3.837841402194536872e-02
2.112828948439825216e-02
5.592886298735779207e-03
2.370573079056998572e-02
2.731662142536544352e-02
1.117904404813212585e-02
2.060483275713833815e-03
6.806265894794993887e-02
8.707327138399469785e-03
1.136374045869042310e-02
2.413901124366535367e-02
3.217139496640751897e-03
9.156056436824704103e-03
6.065382775478832429e-03
1.157588427004190706e-02
6.292215918363271154e-03
7.452495146825413759e-03
8.557657383180886090e-04
2.465161126079069842e-02
1.311955487781733820e-02
1.645227088957072065e-02
5.308081015365154198e-02
1.270766111887993398e-02
1.024929254495295008e-03
2.693517208330040852e-02
2.978695657005667186e-02
8.364187520065650625e-03
6.593472141604592163e-03
2.560590283282817778e-02
1.570939380819989795e-02
4.222617087050625946e-03
1.735246260326219619e-02
4.552865141486024669e-02
4.435636588374161637e-03
2.103125666746059885e-02
1.495123985432430212e-02
3.261899517256851289e-02
7.522508734864909175e-03
2.135324847598516623e-03
4.201636023930545999e-02
9.285258747364220216e-03
4.763799603693767704e-04
2.791235776137110380e-02
8.544058809878461377e-03
1.563379285326970541e-02
9.740266726878960696e-03
2.732721543407098594e-02
1.991644746510643285e-02
1.356148448172136978e-02
3.024773140922176057e-02
4.726928080605673210e-02
2.277333447869656774e-02
2.087974697241552074e-02
4.102706787895334106e-02
6.015419626052188884e-02
8.910160642221186256e-03
5.350180932947785906e-02
5.546720187505942840e-02
1.158255841370997574e-03
5.677954624651858698e-03
2.018118101286842797e-02
1.080930541109804272e-02
3.997416157017204957e-03
9.223821443647287413e-03
1.651413242734679071e-02
3.074276940825689409e-03
1.860272750941777825e-02
2.774549544654219060e-02
3.611887046662007328e-02
6.333424843366242118e-03
1.234467462626230236e-02
2.693401083766271131e-02
2.888025299615420982e-02
9.282630728552197785e-03
3.418863496780488731e-02
3.601927798732321162e-03
1.994634966483093547e-03
5.278737389192243029e-04
4.235337924582603664e-03
2.975658673468533147e-02
5.846410169177676877e-03
6.541501346282238560e-02
3.789860366422585086e-02
1.448373138803807185e-02
2.014692169849700495e-02
4.464012585742074823e-02
6.731385993703731599e-03
9.792059637490057797e-03
1.166735631126885331e-01
1.143472921771240824e-02
9.297251988324654187e-03
1.678127187768160139e-02
4.235510041858137759e-02
2.538642318382066179e-02
1.881836451246000907e-02
1.900817142006873406e-02
1.249484020975193989e-02
3.541370034661263377e-02
3.345576652153625652e-02
5.205560090549225805e-02
2.902714862298554771e-02
6.822475992012706943e-03
1.391288138558251578e-02
2.501331020020352083e-02
3.296736279761745131e-02
1.789537883580253480e-02
1.001112170064538155e-02
7.495674680968253054e-03
1.033950353082447801e-02
1.042449792002086983e-02
8.450962336686618920e-03
1.802477220214489598e-02
6.153231075205225185e-03
1.044121247815486819e-01
9.897951528966350207e-03
1.809741005153603366e-04
5.767153525020686337e-03
1.798533365945662738e-02
3.969871382744280530e-03
3.256750515388727452e-02
9.332182738670503908e-02
7.977649884026509833e-03
2.060899239852137868e-03
1.508974722455549804e-02
5.562871892040237298e-02
5.778185838864506423e-03
6.391172446093265277e-03
4.459801276310028373e-02
8.601280154193785554e-03
2.049584608743851462e-03
3.312619064482173227e-03
3.102982611159164905e-02
9.983516448548897249e-02
3.737430999318937935e-02
2.231315455657603003e-03
2.949869991023564009e-02
1.341462087536531705e-02
9.145901691073494988e-03
1.808909463976647244e-02
6.299883219850407889e-03
6.608174353072851850e-03
8.297638145171544466e-03
1.768235492524373315e-02
1.873651824066192156e-02
8.087499879298815780e-03
7.184619100288089366e-02
6.415582756186606617e-02
2.409170568898223730e-02
6.835623045191859676e-03
9.988607397155985224e-04
5.090864746980002659e-04
2.247065692081325408e-02
6.570376051434212439e-02
1.446418093660895021e-02
2.184714504095766965e-02
4.833284143659561868e-03
3.445429969403583648e-02
3.866095544599596704e-03
1.724932904928336286e-02
1.576129793766497308e-03
5.108175815675061737e-05
1.454729922908103851e-02
1.284589424516305832e-03
3.174634078634694379e-02
4.273502597666359315e-02
4.881177172718542678e-02
3.822237396551460969e-02
1.265834042734780701e-02
1.727146601803525305e-02
4.657604350135208238e-04
5.311323452283298226e-03
9.680437658026246409e-03
1.289139054396858108e-02
9.425285061092074368e-03
2.338674897474930098e-02
5.385086042977873730e-03
2.275235207607718274e-02
5.335674180326537702e-02
5.076479789676954790e-02
3.804207277601211103e-03
2.217857820491798146e-04
3.174625215198671312e-04
9.653930646173931873e-03
6.493114196534346960e-02
5.293736606862457783e-02
8.402760206519233575e-04
2.091795867856224844e-02
1.785516579780189149e-03
5.536937538649064350e-02
1.396729322864232944e-03
8.105919927290877389e-03
7.137202360877465540e-03
3.225687578681332712e-02
6.564654435353900128e-04
1.325296569173287954e-02
3.230188941633615855e-03
9.563799991332291861e-02
1.676373075398648535e-02
2.073333652032655766e-02
9.418172409658139704e-03
6.430121028766205143e-04
1.682211335526836299e-02
1.438043553045692535e-02
1.578680570858579865e-02
1.434977099129437599e-02
1.382203451848534360e-02
3.247042952984355302e-02
2.418095952607032459e-02
1.163442954777705977e-02
1.479999459524684868e-02
2.682366383403976540e-02
6.432658137970156086e-03
4.469310266295405641e-03
8.932318301380994668e-03
1.405728310777554918e-02
4.134154753207418265e-02
1.006402499772669767e-02
4.565728793146314052e-03
3.206091118390221560e-03
3.285069234199022858e-04
2.288665337112766318e-02
3.199444051965664917e-03
1.030393075163481970e-02
5.691056554299798662e-03
1.830322889261456684e-02
3.232036122614951809e-03
8.651589630569661918e-03
7.476607500463201827e-03
3.503718937371348013e-02
3.183307699913987682e-03
1.799346861990673563e-03
3.069869345741906268e-03
1.165913118387389667e-02
2.067928747469743520e-02
3.343116879649098150e-02
7.661207196589298399e-03
1.564600091108979407e-02
2.658273223916721856e-02
2.653330981245962880e-02
1.294243562065384122e-02
2.015534412360012531e-02
3.490090028310546127e-03
4.125332345780099996e-02
7.278791175248534168e-04
5.084365084068617757e-02
1.379971411953562731e-02
7.847993154298012891e-03
1.835854889069150203e-02
3.912877492296323867e-03
3.240801454367191192e-03
3.918678102943269452e-03
1.730481376664803200e-02
1.466019024525418157e-02
2.208198196511816994e-03
2.452209922629622341e-02
1.858137882765163382e-02
1.237428117034398631e-02
7.321555465228059625e-03
3.498353087681954632e-03
1.356351771575011259e-02
1.819194608555205553e-02
1.359452232192708346e-03
9.302255395228969936e-03
1.029483088257450787e-02
3.995627403906784614e-04
2.248806229440448654e-02
7.400695950500103641e-03
5.833147892106566035e-03
4.686463215942401200e-03
5.810985614575786551e-02
6.107111890461340217e-03
2.087974888158151878e-03
4.934165620528505047e-02
1.288736071165565589e-03
5.106484684982087047e-02
4.142932068080067837e-03
2.980347676142768368e-02
6.342173578882287152e-03
1.462231022490209642e-02
2.334967981214741001e-02
7.578322409202449018e-03
8.875050394271182322e-03
4.796065690038636004e-03
3.782296472422803923e-02
2.729913128200026767e-02
1.681139852237522117e-02
6.216628611419373895e-02
3.181483477826603512e-02
4.520626216553911766e-03
1.785737954820593165e-03
1.892828347121122690e-03
2.777904558648220529e-02
3.492193126589546864e-02
1.269213429448834592e-02
1.033491062001356577e-02
1.311724525840386388e-02
2.913341982492503868e-03
2.133891020263647704e-03
4.019704119131072007e-02
1.362219255349929499e-02
9.368535692183925512e-04
2.352059104389054439e-02
2.212601464880015190e-02
1.164829024905749896e-02
8.561425784596138344e-02
1.700714366522921087e-02
2.409399335799982528e-02
1.832714591370430968e-04
1.427225132715918485e-02
6.618726373937072402e-03
9.463588506016463314e-03
3.623456087391672617e-03
4.861706363033528946e-03
3.002683665055861165e-02
1.836761530141054009e-03
1.850815625842681250e-02
1.733065636941551885e-02
3.410325375594037978e-02
3.576879480567879410e-02
1.895261236051035483e-02
7.158388147336875243e-03
4.411353236846741674e-03
2.603762244689653005e-02
3.323749704239259417e-02
2.152435470439711257e-02
1.620507518912599546e-02
3.316055080995845058e-03
3.165952868689703159e-02
1.444909327235996757e-02
2.488340324503652071e-02
3.388603035732060814e-02
5.761971990515195319e-03
1.935490663020528884e-02
2.893903153527468269e-03
1.610283246070177282e-02
1.299797925026177983e-02
3.715929243253850156e-02
1.147879625407623519e-02
2.357090843423487875e-02
4.546000760803478938e-03
6.210384874954762852e-02
3.806318184301056562e-03
2.310153442635950669e-02
2.307214896200217302e-02
7.396786364585825752e-03
2.626571304064475448e-02
5.636786264683066663e-03
3.167759487671682056e-02
2.034234686423776542e-02
4.330968764510315094e-02
3.035542972743975748e-02
6.735362175277568447e-03
2.114317579850687884e-02
5.795905895795742772e-03
1.624733288168716920e-03
2.308058421283777986e-02
2.072552206617758047e-02
1.084740184708971739e-02
1.100455627032566677e-03
1.589227444770355963e-02
8.728120018327012453e-04
7.816955112110321457e-03
4.454543949992094409e-02
2.855776614219101422e-02
3.330439469306270550e-02
1.168292325267812496e-03
4.498560054482761590e-03
7.699552590110407720e-03
3.755151249404026226e-02
1.874478436070903253e-02
4.081727724616493469e-02
3.122154118656236127e-03
5.026877785733058907e-02
1.239144513265535291e-03
1.561312737463207284e-03
3.887111670376667411e-02
6.865125327121230844e-03
4.656807357073915188e-02
2.239860385722327804e-02
1.194841241217433833e-02
3.513202700123059345e-03
1.577224942300935878e-02
1.343694366561384856e-03
1.434015761253655541e-02
8.085326464493843013e-03
1.424702688426663852e-02
1.017428147353300130e-02
1.986430922847337577e-02
2.214656232168098898e-02
3.354433981152402794e-02
1.534435289656136195e-02
1.410585270396771604e-02
5.291589723397180887e-03
2.057455762561982704e-02
4.206490821694500171e-02
1.475580621662875812e-02
3.974200144043254362e-02
1.596393571349417895e-02
2.255901082311054240e-02
2.927984922141337043e-03
2.028922095731554298e-02
3.636617581965892465e-02
3.573316599870868249e-02
1.138499305951229390e-02
4.256260883685152735e-02
3.449813179578898985e-03
1.545511892526759898e-02
4.302305049481837396e-02
6.271800179784301280e-03
2.744942628888020347e-02
9.948457917628444544e-03
1.161902559720269859e-02
2.070252692139297815e-02
7.431378061172286623e-03
6.262681358228539691e-03
7.524461741906794329e-03
1.902410870843429871e-02
1.205148433128725230e-03
2.299238259540248297e-02
3.194748752449737966e-02
1.256129168014322346e-02
7.905904160863060776e-03
1.225717509379002819e-02
2.040155671581298652e-02
1.821095827710488696e-02
6.409756062663267764e-03
1.042689048385715689e-02
4.865174564651269205e-03
2.072347627337457754e-02
2.077234703140543731e-02
3.194745627175009373e-02
1.221578199042982170e-02
5.329187990857479906e-02
1.151361890033658283e-02
1.917089964398805552e-02
1.718374737914829184e-02
2.210606910270945108e-02
2.488938723903726807e-02
2.568110492177842069e-03
2.492657891109302526e-02
1.703331443797399120e-02
1.999478824068917290e-02
1.001863070780458637e-02
3.170851908695668242e-02
6.201741893262772976e-03
1.877021217175671094e-02
1.323696160610869296e-03
4.069082547887171303e-02
9.337116669031537974e-03
1.041476218172929409e-02
3.001963733219206731e-02
1.605512621919296182e-02
8.945873639289128598e-03
1.517708681345280447e-02
8.636791168568438287e-03
4.056550560690001112e-02
1.522264304827159950e-02
6.907016658103998577e-03
1.629463636201002041e-02
1.563059051019804677e-02
1.415892966942901635e-02
1.720007232827993129e-02
3.564147761410142723e-02
1.048037638941222427e-02
1.239911881127804816e-01
1.354343566914912797e-02
2.021687324909417563e-02
1.174559594149924419e-02
3.343836112179979919e-03
3.626703724961492098e-02
4.804132310746694889e-03
6.282198345258338534e-02
1.955972319660152087e-02
1.953375705462237835e-02
1.364264397277485663e-02
2.343622045911315441e-02
4.686157355281286852e-03
7.456676538293752210e-03
1.703459574667475634e-02
7.731554445595821383e-03
8.934841267388875588e-03
1.678814133793861754e-02
1.261823099271314197e-02
1.212477221424843390e-02
9.899365051172538676e-04
2.806662799385746185e-02
3.682348312446528937e-03
3.210543473408782045e-02
3.407689226855518515e-03
8.837114957801737308e-03
2.156005192561776321e-02
2.216279017404869378e-02
2.531676237444235519e-02
1.592075752702841809e-02
9.632752462897773565e-03
5.139802338155027156e-03
7.275711830708903038e-02
1.251887085409101458e-02
6.103806082551638257e-02
2.632747090250057813e-03
2.736017717987897311e-03
6.514053798647480298e-05
3.013373187149585158e-02
6.313828348034636329e-02
2.691224469262094160e-02
1.089627851824166195e-02
1.292450674415218312e-02
2.324520799393243672e-02
4.907316206074392034e-03
1.293315331800410153e-02
1.757078171003950695e-02
7.587890534410633714e-03
4.711486753687058049e-03
6.855230211756151160e-03
8.025560709040924223e-03
3.177756311189683380e-02
6.991183762205040175e-03
2.574709885124513986e-02
7.811901766080660281e-05
1.441170155145520687e-02
1.028127598299765494e-02
1.855904581791696303e-02
3.978294020604706410e-02
1.471627287021542649e-02
1.030534010588026600e-03
2.079070080873181986e-02
7.386147932486597512e-05
2.586771965706380350e-02
4.055247138900373860e-02
8.205150238767179235e-03
1.058501626269053586e-01
1.561813014423076365e-02
2.432620874104032827e-02
8.749690154838580397e-03
6.906684982989372279e-02
5.511580445468562683e-02
7.814213110368199364e-03
1.686754877695068738e-02
4.815448949620629304e-02
4.239432585201515294e-03
2.200365896660343157e-02
2.511213130311482772e-02
2.988553314836635277e-02
9.424653434768674037e-03
9.547158637187193667e-03
1.486306487351536903e-03
5.088687389698175884e-02
2.042494488614986919e-02
4.097275331553836518e-03
1.537488595726075984e-02
2.378911497164697825e-02
2.877258200440682007e-03
1.999731537169858325e-02
4.552787428069195522e-03
2.571392360619358802e-02
1.003463846368688774e-02
4.190912534647205610e-03
7.934260134510616458e-03
4.199191970558816163e-03
5.074783049839851068e-02
1.838097439786576248e-02
1.095430314363672088e-02
8.748352990819789621e-02
6.985843009685446803e-02
2.404913630049165460e-02
6.119125611967311459e-03
8.567697504114362220e-03
2.181218536166970590e-03
1.791972025314853001e-02
3.930477627291714682e-02
1.394705650724370298e-02
1.465805218158929696e-02
2.336637589174681007e-02
6.033435014400816143e-02
1.634629248151787256e-02
1.245686377921294621e-02
3.952134851285180051e-02
7.558737726857253647e-02
3.774502906316731105e-02
2.000900583361998539e-02
1.370015385749209259e-02
4.841972680846353197e-03
2.994377662169445814e-02
3.540640442279731348e-04
4.566332120831056995e-02
2.770797817319148315e-02
3.160205626596527401e-02
1.381668341819537738e-02
7.583346489405871221e-03
1.756167655910133990e-02
3.983706419309481286e-03
4.234328132800488365e-02
8.739713986236775922e-03
3.257991373088096887e-02
3.548967691536906305e-02
2.712178967048216663e-02
2.199252832628739024e-02
6.031241328599282019e-03
1.525669923830410592e-02
1.598691519524978594e-02
4.675080979525132741e-03
9.030458953916698991e-03
3.704581769104094841e-03
2.101966146922217699e-02
9.861908265321817080e-02
4.245844305362597715e-02
5.747866604506683338e-03
9.946234351789042319e-03
5.478815556056036706e-02
1.593555717120571230e-02
1.125027078894411808e-02
2.258084157412462017e-03
2.215997958204919682e-02
4.799665519190220164e-03
6.127018018558910706e-02
2.472329275124100778e-02
1.930018551763328788e-02
3.715511869187723692e-02
9.657533389668583254e-03
2.961846164188583139e-02
6.665573312837595396e-03
3.582682753281034999e-03
1.331375350613377660e-02
1.146583304607946656e-02
3.690228127423731547e-03
1.350015993422220596e-02
4.622188375274537825e-02
1.505108667297265848e-02
1.207243499226822586e-02
1.506167867804173929e-02
2.515370989988987768e-02
1.336367140848816054e-02
8.624667079441473289e-03
1.877195147430286634e-02
3.066830800099767940e-02
7.625809208294545560e-02
2.499660928277955274e-02
2.425909469504695243e-02
2.190582363491785228e-03
1.063286739675335310e-02
1.837195557811175869e-02
5.326639476921655146e-03
4.795323620600091055e-03
3.877578834596972709e-03
1.153423217076626761e-02
1.859198861273260797e-02
1.766085741640510687e-02
6.667269535150873241e-03
1.605295180738707320e-02
9.532597852114462617e-03
9.904417165121592176e-03
1.810241349007461146e-03
2.407953860034223181e-02
6.812699503973843745e-03
7.921179539737862457e-03
1.769374439511741184e-02
5.380201665272983658e-03
2.002496671435734579e-03
4.696040824116967660e-02
2.282190991476785308e-02
2.528772232078238882e-03
6.509166813710685895e-03
2.593352669893760412e-02
4.292249866520708203e-03
8.480117272621500585e-03
8.920615294090239802e-03
1.216301698684967535e-02
4.585444726562596524e-02
2.169946836446486060e-02
3.422926753686332535e-02
3.706550436633091611e-02
2.524490195887669000e-02
6.533114503087886910e-04
2.799364935726042850e-02
1.945792776715088782e-02
2.698940027897438199e-04
1.057767217194949608e-02
2.449444343107327893e-02
3.908855298802719341e-02
2.240805325977488632e-02
1.053940024800168428e-02
2.476891384257846884e-02
1.445629342586603368e-02
5.675982894978407779e-03
2.569656109353800344e-04
6.140451920269648575e-03
4.706836667920593492e-02
1.918588078181684975e-02
6.818981929892941295e-03
8.774365287402014629e-04
2.584362070646146689e-02
2.812272298052517772e-02
6.237591840124401266e-02
2.827983585841058883e-02
3.332891507601630499e-02
5.713285378319854849e-03
6.082675391877456761e-03
8.935739873748006074e-03
3.318521884749178752e-02
6.108764295736699573e-02
3.613194742289900247e-03
2.167492494173982320e-02
4.641832567392718822e-02
2.938101522114353048e-02
1.886303694909843842e-03
1.469655057080251903e-02
1.597971737445035359e-02
4.184587981867743389e-03
9.670226492654136752e-03
2.276668470136120753e-02
2.481489608064538221e-02
2.179963905035574995e-02
7.491655997107471952e-03
1.909301075363506461e-02
1.951309809095456288e-02
9.207742090595140427e-03
1.693337976084670175e-03
5.537090333101075956e-03
2.487070235439199292e-02
5.146776037933138703e-02
2.081048876635579678e-02
4.277267400614320758e-04
2.047016076389713592e-03
4.373410063379908064e-02
3.371095233755833087e-02
1.559075525954684710e-02
1.903749044564556625e-02
5.152501648008378163e-03
5.427049017644185180e-02
2.063155390158539701e-03
1.229749621901673161e-02
2.452348086730488444e-02
1.886064142543731476e-02
2.588424102170899105e-02
2.419297625226431853e-02
3.226648527449973991e-02
8.358963993504640172e-03
1.414773834453910903e-02
1.838929101944665814e-03
2.490703191583360215e-03
4.420878593889000958e-03
3.366367000496804651e-02
1.796093747207796326e-02
2.022936968403281702e-02
6.394374840129217474e-03
8.077320501406852482e-03
8.904030200896573266e-02
9.398319864031466631e-03
6.435644914298821462e-05
1.885494026310635673e-03
2.484716412269593819e-02
5.114364039172014653e-02
2.248753167706646350e-02
7.470690104634776854e-03
1.622178693593137946e-04
6.674806437530694803e-02
8.223148552912612486e-02
1.543954878713926608e-02
2.465004868398784632e-02
1.549686856864203668e-02
1.894895235505725598e-02
2.226077931023898518e-02
4.629648526049322255e-03
1.873184055247556490e-03
2.182641822884361787e-02
3.204728685362392276e-02
1.394284462363706498e-02
4.819239554205126570e-03
2.675186234596824836e-02
7.549117704850671039e-03
2.701367190423331968e-02
1.545983352734776016e-02
4.119605218933468718e-03
2.019956103710467132e-02
7.151194312284607502e-03
3.075780007003754007e-02
1.424413685249650147e-02
6.558631598504048935e-03
3.122549972961011569e-02
1.954987007593431830e-02
1.264123632839966177e-02
7.683112033754352366e-04
1.837597882326316018e-02
2.536638875173257562e-02
1.468505882735240964e-03
2.744316924395627869e-03
9.938080565910637973e-03
2.831238803495265272e-02
3.907907356473674931e-02
2.458974579754446416e-02
6.003226614062524835e-02
1.800526400774365293e-02
1.700567232415916424e-02
1.590739739627556335e-03
1.168319648757703416e-02
1.843057879085392009e-02
1.762499772024053724e-02
1.405511497935832757e-02
3.442768344881193265e-02
1.733217661665864551e-02
3.352712999283299911e-02
2.006975823734232986e-02
8.256621417249768169e-04
3.375274047054029752e-02
4.188087707365341361e-02
3.240044816116786214e-03
1.840837570892358763e-02
3.941733468032725118e-02
5.049655565033860094e-02
6.204816832315485781e-03
6.729656672968674369e-03
5.583961962559777503e-02
5.155027377469464933e-03
3.170690433030267773e-03
2.117610864857221234e-02
2.885913030544019764e-02
4.323209924915877300e-02
3.137145367402167928e-02
1.305681511965695388e-02
5.616739353842674365e-02
7.564635780807132601e-03
3.882329806398299166e-02
1.953773375572975812e-02
1.236444072118375939e-02
2.849992923436324432e-02
3.954003265647616089e-02
4.650082423190766284e-02
1.923110543079803794e-02
1.700439100792262848e-02
2.616908511856747693e-02
4.048821684316791097e-02
8.490052408800727313e-03
1.083485893759003615e-02
2.570658901682600778e-02
1.305731904522842296e-02
9.861587859929623820e-03
1.263684496952081557e-02
4.903991490606392223e-03
1.715196574716323918e-02
1.623636472228756969e-02
4.687021434430904687e-02
1.065011757049016093e-02
4.867963351859705412e-02
4.229545430870669531e-02
2.340678412845575984e-03
1.364671219113565426e-03
1.657408044095080163e-02
1.255138452227282445e-02
2.934194825077276331e-02
5.159738495876275456e-03
1.099963300101079386e-02
5.762282847777641659e-02
1.181916589699432210e-02
5.448676339773435295e-02
6.828128019290568423e-03
6.455619501418080608e-02
6.328152045639010882e-03
4.994481317425562839e-02
2.707941833050520747e-02
8.420830472792024957e-03
1.748056597458595707e-02
2.926878437948077227e-02
9.329674970919835109e-02
2.142398324681599533e-03
6.917485815474529176e-03
7.263259833726554149e-03
3.018487880873839402e-04
2.104382254143116054e-02
6.121450606115648625e-03
3.463618256523769146e-03
3.215727986459877841e-02
1.678535333727478734e-02
1.091313924186192337e-02
6.816113463547351925e-05
4.075598048685395713e-03
3.571000663700747008e-02
8.489930487495438247e-04
1.470041354928940894e-03
4.692922518447448232e-02
2.277699400719807379e-03
1.550981780581005276e-02
3.389117904641606501e-03
1.566477427163543226e-02
3.221238369350281489e-02
1.789515831918297301e-02
8.363234811037559280e-02
1.792462513440357466e-02
1.688787366691963526e-02
5.216683638385050288e-03
1.184235874731804847e-02
3.540165605678300548e-03
2.857618537059365867e-03
1.390853829442387397e-02
2.566257767328468387e-02
3.000140190548916674e-02
2.504714225932661714e-02
1.304680423391189198e-02
3.889645173572818526e-02
1.688303168290019099e-02
1.041363541145549632e-01
1.485136037399621689e-02
5.092773485944170411e-03
3.998663436406402205e-02
4.279131173082022233e-02
6.751871513071813768e-03
1.169059481789825987e-02
2.051327999055306203e-02
1.407260809797694634e-03
5.593255317314069219e-03
3.073969970225668216e-03
2.840333419117511971e-02
4.724554864325620357e-03
3.588108403255943490e-02
8.961355793283217602e-03
1.431608006713552469e-03
9.620028693813672399e-03
1.241779254708168245e-02
2.664405155381153675e-02
4.925820642439914659e-02
2.793769408841532617e-02
5.765566949474168305e-03
1.511398722133477576e-02
1.256708026625724672e-03
3.124463404403286099e-02
2.504929747770623383e-02
1.239335911047620073e-02
5.794727734523644203e-02
1.806377413791413616e-02
1.999695721273653248e-02
2.190774497924237799e-02
1.250688700668812353e-02
6.417119317628483532e-02
2.483375888564848255e-02
4.279327388328397520e-03
7.497182379551184384e-02
4.083611496559984289e-02
8.921839577892703294e-03
1.070367221593121129e-02
4.399650898913060049e-03
1.317184380328739746e-02
1.085155598203774163e-02
4.802207525711685299e-04
2.361214930532012576e-02
3.632822730514038978e-02
2.327076861176938585e-02
2.948735881069530773e-03
4.528498033774886258e-03
6.968212554317702520e-03
1.875732244331317078e-03
1.578688132480297879e-02
3.665931323893673738e-02
3.181463177357136962e-02
4.443377804688933633e-03
1.973797895886716600e-03
2.845509718757351352e-03
1.862600757736878124e-02
7.877806165265083954e-03
1.192512112777161307e-02
5.653623042447476765e-02
1.980888251939247335e-03
7.430542385539046918e-03
2.322477085989044232e-02
4.718509364491602770e-02
2.286104620409090335e-02
1.825206063943454055e-03
5.725651968482933785e-02
6.442041550278805595e-02
5.012772526224379410e-02
2.623790962364451126e-04
1.885690056269886256e-02
1.441863836437162066e-02
2.836187016149705961e-02
3.317246825014008582e-02
1.364363256682558576e-02
3.215503946916224709e-02
2.691189984285916742e-02
1.246323293054075153e-02
4.581549029428556678e-03
1.390111359750766801e-02
1.294166437285312540e-02
7.985501068014270315e-03
8.081646354537935090e-03
2.218256342718741281e-02
2.044082243162004264e-02
2.362271191475255258e-02
1.238472483687264904e-02
3.871500813286607705e-03
4.283161592443062576e-02
1.902218619814257869e-02
2.830338822882270955e-04
2.517853199937140213e-02
2.438380148520815499e-02
2.388190165553108479e-02
1.461043754687581242e-02
2.784455185439289882e-02
3.121865837479208955e-03
1.382139884065432950e-02
5.749719081329670439e-02
2.009549926798788466e-02
7.372940392397520082e-02
8.613408054674120615e-03
1.583723421225667616e-02
8.958935442657096210e-03
2.835540079162798821e-02
1.258436861609444138e-02
7.006551736711550890e-03
1.891727553730704336e-02
1.100700461080313108e-02
1.407566394669105408e-03
7.040688079048198350e-03
5.930228319816993610e-02
1.529463413446739868e-02
6.931074815764886807e-03
2.629528322303587018e-02
1.314619858091878313e-02
2.118712171339956832e-02
1.661517600041919479e-02
1.151674751312059541e-02
3.555469878309189171e-03
3.043599719943065190e-02
3.818996635879661275e-03
4.371186053200790123e-03
8.381841825710081156e-03
3.330140494012779478e-02
3.930137267161775555e-02
1.170861973348058527e-02
1.134606410011899241e-02
9.226218454634555269e-03
2.940723632657800402e-03
6.474207426288947076e-02
5.365481693808913169e-03
2.179362516022732496e-02
7.975133975304754194e-03
7.288495233198030200e-03
1.841677374495973712e-02
5.421217310971930547e-02
6.948456868324116159e-03
6.257335592688937145e-03
1.358583240889406352e-02
2.460903788051545596e-02
5.551542189129363668e-03
2.444660902565557598e-02
1.949296844696683795e-02
7.405371027488592134e-03
1.517587393203792892e-02
1.368364317685031271e-02
2.936145783628911574e-03
7.322506995202884839e-03
1.313009107025357447e-01
2.869493162323288535e-02
1.843586986418615375e-02
2.054165092711834895e-02
3.788790772221248965e-03
3.531746158155753268e-02
3.396683740150188702e-03
4.396588490891150530e-02
1.880703065426363174e-02
4.900577625461978795e-03
9.630792127372183112e-03
3.486924289066362787e-02
7.540044178437245968e-03
3.316856907703844004e-02
6.101682052235187295e-03
4.030845989244009886e-02
3.766429716410262668e-04
9.840690741259027277e-03
8.707009529378806345e-03
6.221361991360589705e-02
8.257471055637823076e-03
2.438747365494645103e-02
1.958586075503479171e-02
8.283958925027826159e-05
2.730739109922305455e-03
1.438937542008173961e-02
9.985627228943763645e-03
8.797566035892327024e-03
1.430739452125997027e-02
5.878578585421951122e-03
8.208726666512199122e-03
2.183913691327876022e-03
1.567398711232545830e-02
1.942096268348487975e-02
2.269457970492993332e-02
1.532992643252317592e-02
7.828318458701804747e-03
4.710428188238699465e-02
2.454629987547661540e-03
5.685573809294086622e-02
2.320135267071601892e-02
4.673668124997065743e-02
4.917171437543250458e-03
1.026256488300650652e-02
2.540133359288791748e-02
6.294670957308354242e-02
2.006883200104224441e-02
3.072959630417665053e-02
1.476103843968490023e-02
3.577617065825901971e-02
1.162200194302666356e-04
4.148625490362413404e-02
2.067056324549865556e-03
2.734892246651267345e-02
2.993636195157552138e-02
5.282527369678857374e-03
1.830273091350623216e-02
6.661365787244915779e-03
1.989199443928661715e-03
1.755595918833905561e-02
1.519168680298580917e-02
3.772233024481248115e-02
1.102466675619786715e-02
4.474294298773273670e-03
1.356172151267696219e-02
3.930082366218660972e-03
3.804859621255532107e-03
7.591538393386733016e-03
1.626155596651314428e-02
3.386923761578468361e-02
1.707900343375040250e-02
4.497963342029749623e-02
3.064851654694044844e-02
1.560891894450535666e-01
1.053250229351121101e-02
1.211632781349923161e-03
8.020269066569772273e-03
4.752016099437312430e-02
4.489803624484797057e-02
1.941957097851276098e-02
9.174978435448276695e-03
3.657398142305864214e-02
4.302311160153371103e-03
6.969330902122998495e-02
9.538399340907013912e-03
1.458796825347660753e-02
1.421327408498565190e-02
6.526842139259172483e-03
4.197776283473508840e-02
1.627466042696199683e-02
1.608296317263396835e-02
7.505363047103533886e-03
4.780816537788071252e-04
3.854202270080975268e-02
4.743651889486426992e-03
8.090558881683786174e-03
3.081918732638401145e-02
2.118738340019857540e-03
2.069536584322637443e-04
1.070607997698981920e-03
3.629707254516337939e-03
1.423841253314057573e-02
5.833453824463792105e-03
5.552226557389505074e-02
3.695196897734844693e-02
2.125525562925318149e-02
1.252211960613376640e-03
1.715997240529023443e-02
7.577067525572472526e-03
3.016872815278355546e-02
2.388617016189086006e-02
7.156998175938100379e-03
2.237749398949247237e-02
3.976428946043807783e-02
6.829212704747474223e-03
1.321307046999381507e-01
1.543332983863918324e-02
3.490174834083323296e-02
3.681847034818547248e-02
6.925581779222051565e-03
3.232914409092373098e-02
2.654764156153631774e-02
5.142700453341055716e-03
6.985357866098676483e-03
1.826569544957113399e-03
3.354328652501998784e-03
4.894304435130193698e-02
1.421605019764429594e-02
3.314126401215689022e-02
1.989005148850487778e-03
9.167804605579836161e-03
8.543308627520059678e-03
1.596999118874908169e-02
3.198936457923816368e-03
3.467425793724782188e-03
4.720837738226155156e-02
1.654914638794311929e-02
5.004293133367688357e-02
1.205591715059664386e-02
1.778240177704861619e-02
1.394249792542029930e-02
5.368379541344944078e-03
6.436160366317549009e-03
1.035102972308240069e-02
2.260381864131083551e-02
3.658872277353436564e-02
1.222937879486700810e-03
6.339333192959617502e-02
8.140714254528603339e-03
3.026318914046385172e-02
4.918663050319848490e-02
4.100420187883794046e-03
3.059935430448444682e-02
1.142055388370501537e-02
1.147923812033251056e-02
2.484612099893847292e-03
1.459122483590475153e-02
3.005211071849481913e-04
2.249721601959735195e-02
5.412563870911145381e-02
2.931619759735903420e-03
6.908264746758239344e-03
1.791848761886891215e-03
3.575190798444365103e-02
3.983136409483185175e-03
5.009956374324341793e-03
1.526172654619934073e-02
6.964348566394749918e-02
4.401678952077892233e-03
4.933226183824429567e-02
1.363717189168275196e-03
1.501676465059749790e-03
1.463058372550091191e-02
3.195077724634530492e-03
2.079040837041472994e-02
3.402624491846682753e-02
7.435436632656229616e-03
2.005533079161507526e-02
7.819550520619755404e-03
2.751048176627867575e-02
4.853236775375288636e-03
7.638944293124528065e-03
1.522241630471270202e-02
2.430245863080586488e-02
2.478564509922747544e-02
4.739427694944908787e-02
8.105118438510028334e-03
9.497571173223053748e-04
9.809411338576457320e-03
3.008286983460365001e-03
1.765400719594028417e-02
7.077044865149953456e-02
1.509430624288500555e-02
3.233617669487676496e-03
1.696005985326473620e-03
1.944423292086431415e-02
8.318927259011702977e-03
2.080290980651938043e-02
1.507270810227134307e-02
4.363675237277364616e-02
9.671905186440775751e-03
4.089456171014137220e-02
4.375454066746969906e-03
3.684294094526895796e-02
3.484932116423008347e-02
2.838147359152687343e-02
8.379535066232400011e-04
4.002489899661409306e-04
2.508556348234061012e-02
3.343802386428938733e-02
1.964144671930228084e-02
1.572844003095574469e-02
2.866546542073424367e-02
8.290034640890458703e-03
4.031569574772590758e-02
2.503785903470905419e-02
1.978790224368930442e-02
2.418066841570656877e-03
6.121683113966302700e-03
7.978401231871302957e-03
1.566595034784527309e-03
1.894684196560793288e-02
1.740437610276878572e-03
5.581014661780421549e-02
6.312065866994266694e-02
1.028593815007031176e-02
3.097939773915822995e-03
4.335012884422396323e-02
4.574891331442954012e-02
7.473491791771206399e-03
1.441490591467923556e-02
2.686233211581368074e-02
3.503089805820416933e-03
6.301252184791203415e-02
3.388349415352574084e-02
1.401256858538640557e-02
1.762280750465930121e-02
3.858736947636895454e-02
2.682005437512850927e-03
4.378483377454580466e-03
6.092527417911177377e-03
1.830864138221772672e-02
3.645607565340283629e-02
1.523632515333300450e-02
6.666273737568721713e-04
6.424896036281728742e-03
1.747531196985403767e-03
1.164954172966661469e-02
3.511567422237193287e-02
2.242158010360468731e-02
2.756130487413943272e-03
1.687476275892148270e-02
4.611442332253417806e-03
1.518839402932875213e-02
3.833542839299961674e-03
2.106745728135615489e-02
2.064114865249824446e-02
8.264772112710271762e-03
4.318586480953588713e-03
6.146829700446252570e-02
3.808003126560145779e-02
2.355984865728039113e-02
6.813752588943432394e-03
1.241593492242906716e-02
2.039043758720116180e-03
4.985662070504390600e-03
1.308411216884541872e-02
4.029293958581155188e-03
4.187708007366267721e-02
2.093142941717346384e-02
1.339994409977925474e-03
1.600477931565977285e-02
3.953465462388613266e-03
2.481248440780322792e-02
1.543839887832906127e-02
1.968102867419652124e-02
2.016970184497229868e-03
2.322794255871876365e-02
6.822818442332061195e-03
2.903039107800686053e-02
1.711830294746576400e-02
4.545707657187819661e-02
1.379469388870790958e-04
3.652480698988577051e-02
2.692554203274409239e-03
4.693578981518800597e-03
1.441176936544594223e-02
3.931974952980372973e-02
7.976296195231711780e-03
2.522315776010901605e-03
7.200045452004521888e-03
4.955100392715873492e-02
4.351745055261672587e-03
1.286209843934441564e-02
6.438652062524035866e-03
1.846000435799584338e-02
4.166991319026164958e-03
3.261175241413035233e-03
2.916564823761225514e-02
3.831295052023701853e-02
2.837840773951076298e-02
1.301242514160874317e-02
8.688484221399263296e-03
1.410053641190677637e-02
5.218243231893961512e-03
2.192397312354351507e-02
4.784586438201411315e-03
6.552046194447834482e-02
4.399710808533465259e-04
2.474335466915768451e-03
6.351941172531872307e-03
4.250210464663999044e-02
2.393555088003271325e-02
1.134340818951021755e-03
1.281434936571496964e-02
2.587493024724299429e-02
4.291945562076224241e-04
1.564311058352006040e-02
2.632742581989271774e-02
2.190847504454389305e-02
6.212560001808556387e-02
7.076125042224056666e-03
2.577984749355647157e-03
2.887616489022117039e-02
3.631291554181471579e-03
2.582763651575003400e-02
2.105036961741111462e-03
6.828175865046544508e-03
4.204301641606832465e-03
1.637972259217517629e-02
1.407619183715883016e-02
6.103446693671771978e-02
6.009997364792074581e-03
1.484449125460811023e-02
1.200620114595022346e-02
5.011631700056431993e-03
2.724702252314186585e-02
1.888347667427855286e-02
4.970612456746133223e-03
4.296015375717965323e-02
9.314975155288897704e-03
7.429583378005422123e-03
1.211407267296788284e-02
8.711546809517401596e-03
8.286570916622201799e-03
3.738114935200858441e-03
5.943168353522149464e-03
4.727498285228997656e-03
7.183466645241290416e-03
5.602873308382628342e-02
5.852821848627751816e-02
2.405079826998005044e-02
3.424296357827837783e-02
9.969252680067999806e-04
3.375651640938959197e-02
3.637637064781467505e-02
4.160109272156226751e-03
2.268216318429484152e-02
1.637826907615841723e-02
2.892470714950460056e-02
3.019881191396121475e-03
2.622126880664300136e-02
3.824279039363249512e-03
4.158875286372792912e-03
1.976757106527642777e-02
1.361646523024034883e-03
8.239886950956204492e-03
6.373162217893842650e-03
1.924041359767156290e-02
7.538620305030795110e-03
1.498030252277701875e-02
5.165489530557246245e-02
5.026204037205030117e-03
2.484667217885689391e-03
3.478857437702845279e-02
3.064396969399557635e-05
6.572929179115298039e-03
1.321182045718355749e-02
8.053571855902505808e-03
2.995866917514774033e-02
2.656299261092742031e-03
6.323122167371220126e-02
1.039736254700135767e-02
5.965926577129193609e-02
3.119354309083716484e-02
8.004873265763620335e-03
4.271372490243421222e-02
9.167899815539747033e-03
2.121040689559062359e-02
8.844271722493218801e-03
3.484232321625678475e-02
4.280068839970242733e-02
1.454027456663446044e-02
1.812017146000461515e-02
5.722396103306905818e-03
2.470191653877172946e-03
5.811025999170137124e-02
4.592600455388829578e-03
8.492307283653422953e-04
2.073102971992988545e-03
1.656227519705420759e-02
2.080885836003552175e-03
5.909938851237061738e-03
4.044879368541921816e-02
1.146146901778852603e-02
1.130210590841553356e-02
1.422583178326896312e-02
6.497301043248030622e-03
4.647196321061070230e-03
7.122978075239749622e-04
5.855291376714706619e-03
3.614670969698963870e-02
6.651259045526898735e-03
2.565232113523456536e-02
6.358466911809381589e-03
1.884505690850924592e-02
5.802173565141093524e-03
1.941932649754276805e-03
5.095768635967289073e-02
1.115317105138693976e-03
2.428863371775133451e-02
6.773582342505917939e-03
4.806044600324023419e-02
1.901130012804591596e-02
7.167235995972430496e-03
3.358623612788021878e-02
1.033520621681430305e-03
4.979069502741528125e-03
1.603613113339293073e-02
3.830908322747361011e-03
1.259679200720787567e-02
2.679632819212616687e-02
1.647818660394213819e-02
2.971073734011229692e-03
2.443567640319516121e-02
3.103188749674439320e-02
8.267941579627749449e-03
7.597572823388167029e-03
3.086363133442611081e-02
1.824763348368146909e-03
7.794709554269935864e-03
6.088760265034264853e-03
4.686248046489878416e-03
2.738665801832659841e-02
4.077831992501126934e-02
2.583920001822712434e-02
3.497707797409078251e-02
9.923297141540865160e-03
2.675131537310803352e-03
6.202233970720800321e-03
8.842292313640895407e-02
4.684007818208928142e-03
2.183704396192099120e-02
1.474991503715037885e-02
6.240089757194689640e-02
1.624769344241553531e-02
2.058015840923661452e-02
1.277775907289234285e-02
4.733366278716948095e-03
1.034678758665981760e-02
2.218753004953996286e-02
9.064252714942118427e-02
1.285648999246684701e-02
1.720729525179348629e-04
1.481813417826764951e-03
1.142198631161635280e-02
9.704973393883186252e-04
1.098175939355685270e-02
2.002065365083655069e-02
2.265271616388846165e-02
8.157184148421865733e-02
2.271317515024031796e-03
1.019909587867094680e-02
7.631640180485850522e-03
8.674902502169808734e-04
2.328708790614486719e-03
4.542985239072740850e-02
5.918472514756634162e-03
2.861048813251831913e-02
3.784462854198355868e-03
1.590594867387116682e-02
3.065894986611919764e-03
2.245651934529670560e-02
8.669578150247417639e-03
1.197736378003410630e-02
1.362388715773606845e-02
6.456512969789020284e-02
1.231295874266421196e-02
3.896452017521401245e-02
4.195844591507546725e-03
1.128192773487555339e-03
3.273935820672175395e-02
2.491990981060182662e-03
2.754646145175574171e-02
9.225743434568136475e-03
2.508575300464264968e-02
4.412084885597026412e-03
8.131567367206524871e-03
3.696725227766821126e-03
2.811624643278711616e-02
8.780937949564171160e-03
3.055578129024572043e-02
3.379472337330632209e-02
2.434943338442976078e-03
1.960218944041210165e-02
6.355968810698924693e-03
1.499324564796750137e-02
8.208563460074319237e-03
6.145500571371445564e-02
2.264944638814826196e-03
1.982713741711101749e-02
2.719134594718424468e-03
9.721562520568827193e-03
3.532376708834691903e-02
2.141093684169463607e-02
3.618911016478873217e-03
4.953888795743715753e-03
1.658559104138270304e-02
6.475610713300426757e-02
1.429541296601485011e-02
2.216828745452669933e-02
4.215021730779961590e-02
1.942638696251359001e-02
3.171935756201214873e-02
1.939677360379010729e-02
1.241720373193015876e-02
2.518462242360133829e-02
2.767490040349586400e-02
7.453539783721667769e-03
2.210423766298444392e-03
2.226784685213094306e-02
2.192349967370471608e-03
1.165319840720231009e-04
1.605063866517350210e-02
3.359249368063012275e-03
2.890075211673285432e-03
8.626096312969875474e-03
7.686301486177277674e-03
1.511219473407128186e-02
1.241716147296184278e-02
5.552700444171519006e-02
2.720526710422090100e-03
2.510784967398637605e-03
3.042223169556627135e-04
9.770486818789893627e-03
2.855833325099714146e-02
2.422804922490051638e-02
8.002387402538968866e-03
5.381743059791084874e-03
1.155132444280268511e-03
1.717046673287963426e-02
1.633739166462354342e-02
1.215090094427778017e-02
1.126645603382940217e-02
1.482862285949599485e-02
2.401462594020712521e-02
1.199010238037067667e-02
4.895292460674240814e-05
4.393223291901124372e-02
2.104308663127032672e-02
8.220952614397095820e-03
5.546449061973774373e-03
4.533182958149379466e-04
9.826506696274935754e-03
1.470396877996557605e-02
2.950694467973643750e-02
2.583353975946706127e-02
2.053469685997885708e-03
1.378962418545395894e-03
4.547278608477085815e-02
1.314354709262305007e-02
2.008339378772163938e-02
1.058223575345692835e-01
1.456071839912483068e-02
8.968649490471984620e-03
4.083788003161135938e-03
1.060917352787199043e-02
7.555022852058306503e-03
1.410314298424588351e-02
1.577608264714605926e-02
1.410303073707681876e-02
3.258157891663608641e-04
4.774845695606908663e-03
1.289128098961466254e-02
9.781753753408884561e-03
1.757174527454753027e-02
3.734336118149376299e-02
4.224966875791244525e-02
1.954674279986908653e-02
1.530366756127863291e-02
4.672884513628333680e-02
5.521297366008996732e-02
2.879096394857778157e-02
7.460976719168566085e-04
4.244179795149193718e-03
1.360283273884294909e-03
3.077332705392417031e-02
4.261025056426049479e-02
1.189765250233781879e-02
1.376964014785204971e-02
3.870708332102227450e-02
4.785050672112717285e-02
5.038101455846735049e-02
2.136396190070144474e-02
4.324496590489200487e-02
8.944211370516506887e-03
2.228309102603969263e-02
5.957515198412623170e-03
5.806429256862174863e-03
8.132117378945993846e-03
4.929510269029462564e-03
9.485854427756727769e-03
1.898746214884331276e-02
3.081480020778433818e-04
5.457733391802045003e-03
2.177137444096855640e-02
1.036360341806747028e-02
1.765677024040553100e-02
2.047100238096471320e-02
2.514813853140389355e-03
7.853703715509897931e-03
7.118153108857189215e-03
2.958478574664850577e-02
4.202241751107734652e-02
4.712024085205673146e-02
3.304457625431802409e-02
8.590248202348995180e-03
9.252971695194168317e-03
1.002441337897758827e-02
2.537011642117133203e-02
2.260205745609478178e-02
1.925536472457543835e-03
9.382730203318992435e-04
3.867738403320108986e-02
2.903471581365577731e-02
5.867765665537195280e-02
4.580490423208083417e-02
1.421666042026722629e-02
2.331302418740535329e-02
9.583165481559475715e-03
3.695579257101521548e-04
2.278623108736588590e-02
9.204145112845136395e-03
1.939735842432295174e-02
1.295517937095280216e-02
1.242881456474664165e-02
4.544000717483049484e-02
1.460830493745259202e-02
2.372858789854702735e-03
9.591069297342311173e-03
8.287229559139866475e-03
1.422333749235251722e-02
1.709014623811860867e-02
2.875350875035596540e-02
3.185616648392945727e-02
1.048587076240418969e-01
2.861570526612304544e-02
7.181816563995860325e-02
2.998152549890692464e-03
2.001610082506500785e-02
4.009525318461308607e-02
1.561396399675652781e-02
3.790854891974775737e-02
5.424280861170416301e-04
2.706323812216292896e-02
1.117174781050851370e-02
3.258482057004268712e-02
2.446157352446121785e-02
6.042201598516755423e-02
7.281739165182092577e-03
3.564136422665149795e-02
4.549604009100332962e-03
4.060214308532087389e-03
3.064642493967661280e-02
1.168189714105932059e-02
4.133093162329243286e-02
1.261020342309348424e-02
1.967019249032811098e-02
4.686235100937577447e-02
2.449741381595419570e-02
5.203952402290438345e-03
1.310795973400924637e-02
3.405735035785957543e-04
2.227659053428007740e-02
1.471742748755418620e-02
5.964077566241481054e-02
1.265327960560005786e-02
4.261933231738884026e-02
1.421522528615441067e-02
1.794904973103908508e-02
6.940600605627249634e-03
7.441190174871476111e-03
4.699234455801559740e-02
2.828922998937390826e-02
1.082828879806555650e-02
2.407096190704838268e-03
1.383296637641612085e-02
3.956945794045877568e-03
9.009642524077862702e-04
9.128754324178377233e-02
8.267354999828391282e-03
3.961342504876799731e-02
1.434962084519149361e-02
6.653230016494497169e-03
1.886875548982897000e-02
3.062873945762002031e-02
2.202986327396239119e-02
1.769103630456033902e-02
3.581362442581559336e-03
2.221633416772828690e-02
3.133119967904665626e-02
4.739381580912434277e-02
8.015249610469595345e-03
1.417270702329241454e-02
2.180984752362242346e-03
7.054339489427213783e-04
6.873913038143889681e-03
5.953843807986004821e-02
1.317351740965427495e-02
2.088991677368740724e-02
1.562521837867276303e-02
2.190461299904053472e-02
2.238847816501577694e-03
1.613267122239345208e-03
1.229111878793371498e-02
1.504757413145714831e-02
3.142499267502050359e-02
5.238872126975876314e-03
6.875237270030038449e-03
5.314872408896435807e-03
1.305328695575213444e-02
1.989640003451758482e-02
1.056146867323289572e-02
2.686213363173535831e-02
1.946456550206331071e-02
1.396261610292923172e-02
4.970246181411891798e-03
2.133848540074381739e-03
6.967637637301101264e-03
9.447079712291247405e-03
1.235045515815279445e-02
7.344367338322350253e-03
3.371386544528592877e-02
4.953740140021677119e-02
1.419533537531682960e-03
1.149952789786380832e-02
1.887478591246100415e-02
5.302845064101835426e-04
1.123166072801205610e-02
2.247682103846048579e-02
4.870176897601923710e-03
1.628520574644085755e-02
1.500436439361034491e-03
1.554558799243132769e-03
2.076441708990285910e-04
5.799683331281367711e-03
7.500246735151749715e-03
4.230235228406340332e-04
1.218320159616897297e-02
3.274256252290698443e-03
7.130825314736605192e-03
1.769522904298848065e-02
2.304146408888185088e-02
2.509238413323314557e-02
5.179564159819118746e-02
3.248023014439850586e-02
8.240783610805589923e-03
4.084496482838023690e-02
1.518378267925472522e-02
7.824768466345912582e-04
9.074510405759555337e-03
4.353420461321925311e-03
4.526499071041907574e-02
1.689621673966624354e-02
1.945288369871236989e-02
2.470898162275950855e-02
3.916200801628145697e-03
6.116175849332094842e-03
6.627518929366027489e-03
5.209389091309073183e-03
5.028040818306469574e-03
2.137655248508008379e-02
8.490742239243669054e-04
2.786809470365345966e-04
9.574461314512457133e-03
1.288555479482403040e-03
6.224918159036257762e-04
8.146287611189786601e-03
5.625208073237633610e-02
4.701421012707710650e-04
1.279075607072433646e-02
1.552292434748760858e-02
7.106539307037874550e-03
2.266763421982271112e-02
2.136701464797075012e-02
2.272252432529624916e-02
2.370358062451323120e-02
1.508475320793838115e-02
1.404049713440246863e-03
8.697044570098370550e-03
4.614360148590564148e-02
9.617106890245464418e-03
2.038205749440427303e-02
1.060922709341141114e-03
4.869394978139368613e-02
4.918704521551346687e-03
8.758825453192399871e-03
3.382374537214811322e-02
8.081597449246580300e-03
1.397591016535536072e-02
1.496261416444128606e-02
4.506577102182846711e-03
3.995287315103191947e-03
4.788800264929481305e-03
9.208286084925932161e-03
1.730682283772818492e-03
7.496225603063098181e-03
5.594357448558510970e-03
7.587370526432529044e-03
1.450302662944561241e-02
3.299979221340704899e-02
1.006625170945822309e-02
2.028074020286133386e-02
2.316773951560453793e-02
6.137352459374239601e-03
1.763296396209696609e-02
5.458484366029969781e-03
2.157920158617265827e-03
8.923951715864716916e-02
2.465008858387192012e-02
6.223585105393314096e-03
1.165494297180573458e-02
3.304920362614735541e-02
5.486256587976935488e-03
7.470189798460083117e-03
4.043099732540007124e-02
1.585384128660753504e-03
1.578898109330565888e-03
7.616933925257757254e-02
1.167837738919310156e-02
7.353042196070903175e-04
1.492958627597807363e-02
2.906441125095271007e-03
2.177531175675917734e-03
7.175047863317711959e-03
3.396180626374560672e-03
1.497595334371607835e-02
7.823784210686812041e-03
8.956090528442256851e-03
1.071983225132886949e-02
4.288950543182074547e-03
1.968080682101837689e-02
2.411017695978828410e-02
2.645597513886581778e-02
4.167633004175498590e-02
8.735145528596499620e-03
7.278946517519251092e-02
6.765152177104164638e-03
5.681766064079753643e-04
2.045642373715495649e-02
5.405264693820618221e-02
1.680511280493158371e-02
2.271286310139288001e-02
4.423562903295584492e-02
1.427231526583737364e-02
8.554033638207197976e-03
1.058479714119668451e-02
9.073474695475883256e-03
4.891559427649893113e-03
7.093285185735197576e-03
8.743610582242611340e-02
4.408380371089599264e-02
7.487443805958187218e-03
2.096549992714851623e-02
1.451636692468730172e-02
2.598194386565375047e-03
1.497544771696516369e-02
2.043066730932421859e-05
6.139429941814069508e-03
1.435534657146442933e-02
3.819011369792284227e-03
9.889491742918490869e-03
8.218117511540480591e-03
1.275366399290871547e-02
4.621286900451934687e-02
1.765295219192312970e-02
3.049456670333636904e-02
2.093353665150332957e-02
1.810384704735799877e-02
3.172274611564648850e-02
9.528605000501953401e-03
1.968396168961952797e-02
1.134944006604183542e-01
1.567327282816890696e-02
4.238791461102170421e-02
4.276645353584246356e-02
5.329241153557240027e-03
7.589941620441163946e-03
1.947806966801319054e-02
4.590589098861402526e-03
3.118115320111450664e-03
1.857318313150838063e-02
2.554806275205357205e-02
6.739152697901622247e-02
5.922183659123845048e-03
2.233491949026417123e-02
1.103656550860679375e-02
3.056780000740970046e-03
4.385028631798292692e-02
1.076967021017441115e-03
2.307641486411124085e-02
4.746364033034924934e-03
2.025129178037125485e-02
6.789153303695168867e-03
8.380886812175691869e-03
1.334588741165704598e-02
7.446761586039299385e-02
4.119894935578204131e-03
3.264861617544236212e-03
2.254797498389699700e-02
8.252141605037080496e-03
6.024863421512885453e-02
3.304077382449776418e-02
7.590929994075528223e-03
5.209981916964012694e-02
1.965990171885322740e-04
3.103787438396999818e-02
2.382648194641297235e-02
5.631997261092758222e-03
2.786564352537848274e-02
3.496767849543679779e-03
1.151537595144633448e-02
1.757237940892326933e-02
1.146508068988534232e-02
4.290413881916030348e-02
4.957920243798020349e-02
1.635271145889443875e-02
3.952552098750308079e-03
2.236972583149588259e-02
3.482737823428429247e-04
6.122013901370172706e-02
6.205656880227210931e-03
1.647822941442304845e-02
1.975822312578931830e-03
2.853907237747931036e-02
8.562713186048828695e-03
2.609187234482961137e-02
4.301245100819743594e-03
8.681383958934545467e-03
1.444506336909931639e-02
1.291259472806215169e-02
1.338992233386755888e-02
3.281187804899839133e-02
1.794857514997860032e-02
6.447480466744263949e-02
1.531362757202945138e-02
2.946828666268472632e-02
1.400146538668538276e-04
3.155516530293545063e-02
3.645405925307201173e-02
1.621136850362939197e-02
3.121176021355978256e-02
1.460479428295634839e-02
1.858465743945083778e-02
1.442891081634055384e-02
1.730002681822418245e-02
5.086053378059342267e-02
5.634817639058120088e-03
1.592477933349424613e-02
3.074810668938872046e-04
6.690536203739357382e-03
1.721402990032523976e-03
4.935578210948794384e-03
1.470403020196871594e-02
1.487947599776162644e-04
6.811106686949841560e-02
1.576191816778446664e-02
1.049763479142820644e-02
1.479872660986937191e-02
3.359843690011709433e-02
1.004258525765968149e-02
2.632884116378294420e-03
5.465164435922441159e-03
8.779137244280008773e-03
1.216043005391937055e-02
1.962455121022597254e-02
1.465439207838199059e-02
1.658285267886832129e-02
3.667978092509675825e-02
7.114741788371153897e-04
2.979691608574408859e-02
1.692705629742813356e-02
6.754606899659986938e-03
4.407751489142996970e-02
1.715471169163897830e-03
5.415939568963950429e-03
3.852212209830740280e-03
1.030996109417463974e-03
1.219692153798545946e-02
2.114533279584675241e-02
1.345859059424005244e-02
1.050510420645096518e-02
8.221179647142373009e-03
1.640241043398196763e-02
9.671859274541529800e-03
1.738453643900228843e-02
1.016081196067407377e-04
3.549034968464628848e-02
5.330848189910893445e-03
1.239690017981461348e-02
8.100657203983122751e-03
5.537896166311971624e-02
9.125316168108707493e-02
9.643350961065966578e-03
2.555754006008950641e-03
1.281181831341662858e-02
1.430715972976411010e-02
3.050267105178510255e-02
4.009553360545845685e-02
8.361968450892483945e-03
8.204905182704672756e-03
1.174685282871825408e-02
4.755350226560152438e-02
1.786570266854315206e-02
5.363222964451349467e-03
2.781984006750293920e-02
4.512964303103564334e-03
4.725285531465278979e-03
2.416624422107685813e-02
6.205289039124001899e-04
8.773769879116079251e-03
1.191719149556530119e-02
2.444851757749238325e-02
1.475682139606562804e-02
5.472224542729872687e-03
3.103516394848211679e-02
7.843221456159942331e-03
2.157259511671083888e-03
1.556240573329770345e-03
3.421960582804981291e-03
8.216407617072573819e-04
2.039989638483265949e-02
4.352649591141934116e-03
4.287736894206840843e-02
4.026576554620599213e-02
1.859410472265215011e-02
3.784381227964242716e-04
8.838671109559404285e-03
2.018835959822756418e-02
3.487080287078221652e-02
5.527630124608343132e-02
3.194830092091840296e-03
6.468167806199823407e-03
2.618687397019804283e-02
5.463541366236447649e-02
2.934749230519577770e-02
5.309244855822983084e-03
4.041285898617584527e-02
3.090827589685164745e-02
5.609442143238059508e-04
1.267935722085786199e-02
1.584362082412222109e-02
1.510359183293375797e-02
2.611671136953712391e-02
7.130755100951882176e-03
1.188853064505303314e-02
1.013635294493158215e-02
3.391802251050320127e-02
2.367465396262442845e-02
2.099618110215943287e-03
3.736651294967130704e-03
2.441653301153575567e-02
1.427920939408505729e-02
2.023837344286957135e-02
5.354001703750110863e-05
9.684933255898833804e-02
2.740743970051086331e-02
2.160689276038007915e-03
1.149880443022443383e-02
1.678962044572667595e-03
3.183418890091407882e-02
3.526576689580951385e-03
2.304519689061327106e-02
1.655301304691229186e-02
1.362972849398336184e-02
5.807775417262774076e-02
7.693225773758224917e-02
1.224961891581453736e-02
2.357485056577811322e-03
9.675408623444084477e-03
5.513476228252219696e-02
2.443549465690797277e-03
6.713455653172846656e-03
1.058729707490944916e-02
4.679685435775356173e-02
5.641605842267059107e-02
1.011880414495983788e-02
3.693847228943558658e-02
1.233281729258881715e-03
3.469766755937854497e-02
7.957644470706487505e-04
7.210532707011777648e-04
5.408817713484462275e-03
2.041128534146169696e-02
1.715475726385813984e-02
6.538739564995819237e-03
1.656601905505458716e-02
3.525129149077204510e-02
8.050559258205228566e-03
2.592043675410534223e-02
1.772899614720436709e-02
1.756111447554566411e-03
2.449699143271971344e-02
1.033334662368691481e-04
4.432062167658653087e-03
1.097267269149934318e-02
2.844592720554062204e-02
3.696850577981564828e-02
4.589698786440445100e-02
7.336594036028715182e-02
3.167134947394829522e-03
1.061814091608082131e-03
2.937454784830574595e-02
7.395511976448257765e-03
3.194234949382519003e-03
1.821292565424974252e-02
4.066653204108337805e-02
4.392240425563198603e-02
8.392833342943653227e-04
3.100571619474145474e-03
4.875728412720263527e-03
1.948894134206224232e-02
1.597865872292030670e-03
2.548839138380744676e-02
9.498950339736520962e-03
1.573312054921462144e-02
4.146560444791829586e-02
1.132711989298527781e-02
2.356034751492637122e-02
3.394600844658732242e-02
2.352542580991989762e-03
5.167025528831904746e-02
3.579466884165536690e-03
4.072835436994135666e-03
8.649720999408458399e-04
8.049444631747790582e-03
4.596527668234550584e-03
3.135391575268074021e-04
5.409165574858836034e-02
1.598511829193322020e-03
1.852683944548860762e-02
3.376654532745276827e-02
2.945803019089258609e-02
6.177599748835067503e-03
2.662061094796940725e-02
1.155432480884290014e-02
2.575040670318468755e-02
1.530000518214000640e-02
4.481246253991044703e-02
1.519462445751174930e-02
3.243319651077436472e-02
1.270780998853596536e-02
1.420443613912512892e-02
2.272882811484417190e-02
2.876191392471702871e-03
3.415531546746973512e-02
3.403332804997584449e-03
2.574816249500885140e-02
2.497286474646581364e-02
1.002931980789595681e-02
2.319301327471944008e-02
1.593984772462705285e-02
2.708110961903588583e-03
5.773567748090352447e-02
1.351642687049906671e-02
4.701758305369237168e-04
1.435123227258307092e-02
2.960920576870343032e-02
6.381370387258979149e-03
1.887639538746317680e-02
8.226885744246778542e-02
5.973999466861720092e-03
1.093131284167592199e-02
2.274129901217924327e-02
1.612296485119240480e-02
1.553666501625933054e-02
8.815593071702057526e-03
8.809536264730697189e-03
2.885561580360792439e-02
1.581422101369062486e-02
4.701559873783463239e-02
1.017223475507526842e-03
2.156341906018801463e-02
1.708840004436418952e-02
7.353255807920246710e-03
2.301853152103428002e-02
1.732895460764719703e-03
4.868394461553719743e-02
5.628116051892245557e-03
4.135681919998399070e-03
1.484474742171005071e-02
3.873674083966897365e-03
1.204170743758516647e-02
4.216730412508098991e-02
2.666639913238692469e-02
1.470752759024023665e-02
1.044550638411161081e-02
2.549166056375716527e-02
1.137942664844515672e-03
1.059023665997809588e-02
1.050517248613932336e-02
1.300379735602517385e-02
6.272472232911419088e-02
2.153652282581476271e-03
1.595291465822598967e-02
1.832654613524654225e-02
2.531070908309922610e-02
2.667899158370705057e-02
1.158082738433684894e-02
6.100252299434462920e-03
2.324899518657759512e-02
1.384807742617889630e-02
1.195838070815620491e-02
3.579441726124080181e-03
1.579085182340407567e-03
8.761295719231010359e-03
2.095129423449468981e-02
3.166346590367732916e-02
4.260687616380273192e-04
2.402547007523105072e-02
2.194875657458393928e-03
8.297251467920662565e-03
6.291864760388829469e-02
2.745951657661374092e-03
1.438833482054637999e-02
3.457331067339997760e-02
2.701096252661614253e-02
2.086830495981366329e-02
2.202702167921738799e-02
8.280983267107060869e-03
7.144672349306782633e-03
2.361364040096579180e-03
3.303647422861353405e-02
7.002086833524419004e-03
4.061319238655530794e-02
4.710974853795693584e-02
1.916160968986761574e-03
1.324608950131846152e-03
1.794312705804578661e-02
2.684598068124839296e-02
3.977617023308956459e-04
8.096472815129365438e-03
4.264738420523785101e-02
3.017256343683724640e-02
1.820761876236117599e-02
5.906955731472731536e-03
1.716959922016531720e-02
3.094670900244253162e-03
4.211369378422705201e-02
3.040757647208032835e-02
1.921992458121248026e-02
2.240900100168490006e-02
1.334174438785308385e-02
1.500974431466476841e-02
3.592014120403506927e-02
3.835047256396009047e-02
3.787624117131417265e-03
5.543976076422965985e-03
2.193420471873040734e-02
2.184441421981338227e-02
7.392525008208504500e-02
1.474128077752550996e-02
5.088970703229114649e-03
1.487456639076646138e-02
1.463150256839959931e-02
1.807051536592808871e-02
1.630002765550668531e-02
1.091081627385040269e-02
8.271652873943257170e-03
5.247714706990355693e-04
2.815153649150024806e-02
2.982267185002968057e-02
8.417623376213200295e-03
8.910200086741981718e-03
2.899438958621361126e-02
6.754724211274401591e-02
2.513742164724659320e-02
8.810366633691529836e-05
1.056188997289344428e-02
2.677049614831279734e-02
5.885448297256436895e-02
2.839131754505773084e-02
1.432241898830533683e-02
9.278639659479068560e-03
3.459134230737915400e-02
5.257875487582710713e-03
2.208344011606280105e-02
3.424390723586535901e-02
1.187148691157699151e-02
4.261692559040110295e-03
1.742337767325974687e-02
1.758307414457428372e-02
4.067010247992246252e-02
4.191045929281526743e-03
1.853075882668447569e-02
6.953602471928068372e-03
3.331121217510919774e-02
1.474320136935249048e-04
1.000144054374277336e-03
2.042844608766604744e-02
7.749908375364085965e-03
9.816862473526651034e-04
2.859674039929985950e-02
1.504017696440647887e-02
1.389325549921205903e-02
4.471277289746134267e-03
2.825271097954110827e-02
1.758148235716341240e-02
2.128164939461158270e-02
7.932089117734415773e-03
2.332459157232287875e-02
7.861092164012343717e-03
3.183981996849077206e-02
3.096664501256745847e-02
3.296144985783630577e-02
1.770262847903242634e-02
9.611880795607957717e-03
1.123309484788364600e-02
1.449270037210770995e-02
1.744481567703490971e-02
1.228870319424965087e-02
5.262284774796226194e-02
1.000128814899543112e-02
1.582689961695561698e-04
1.688532160584712422e-02
5.938083574076422066e-03
6.792354961471661415e-03
2.238360989102512397e-02
8.055828868752116373e-03
1.202171061224204321e-02
2.517554471661976809e-03
3.957262622677516772e-03
2.947352456073639229e-03
8.366475203158986115e-03
2.038286304375876157e-02
6.143710111534490120e-03
3.736411891720322394e-03
2.678502455814256271e-03
7.807323245633710981e-03
1.616543406047760839e-02
2.553726867429317177e-02
2.243985740737992202e-03
7.552433664414716710e-03
8.459050219703539292e-03
7.952344175154446582e-02
1.689204209320617142e-02
6.135578574007265196e-02
1.327032030012393130e-02
4.056465626054207158e-03
3.834167201194375266e-03
3.693248529192964119e-02
3.487780727870169739e-03
2.281627514962877856e-02
4.466600545142192930e-02
5.393153604910006643e-02
3.329694561169157380e-04
8.989458412659644820e-03
1.259530786188037613e-02
5.931827971120564799e-03
6.164092237331837698e-03
4.722804737323180527e-03
2.237229492105275580e-02
5.774013082870247705e-03
1.597800893507689973e-02
8.216684949927914247e-03
1.050495104471565327e-03
1.791162946728017819e-05
6.841514914554491095e-03
1.903417027204843542e-02
7.078086899962211451e-03
1.095693958737250541e-02
6.425598454309114360e-02
1.979089103247875375e-03
1.621171031550468211e-03
4.615049021372927274e-03
7.568283719829657988e-03
2.618760139699556969e-02
1.297067956411332434e-02
3.561527763358526832e-02
9.824745261692122145e-03
1.744505955050965756e-03
1.441971374176805216e-02
2.769885906856356383e-02
1.569862990882819193e-02
2.429528937412223435e-02
7.023640503747664854e-02
7.221754562878388017e-02
3.405796583871280314e-03
1.163227205754135615e-02
1.385011265575054190e-02
6.093597639480537610e-04
1.280307476830472996e-02
1.014074271045042885e-02
4.280953159974584463e-03
9.308999076327452264e-04
1.833465843878622978e-02
2.043798411761562229e-03
5.803843581650566623e-03
9.855265843645152207e-03
3.072897192488217161e-02
9.923741679013787717e-03
3.478528248459806377e-03
1.713953280409555302e-02
1.044836519538062253e-02
2.822792601728099822e-03
8.016003780872589524e-03
2.088167486423735120e-02
2.462259505293755250e-03
5.434353216583571664e-03
6.290378395398685263e-03
3.149974590713723425e-03
8.650351324695489813e-03
1.508230568269517020e-02
8.588116259378794290e-03
1.179028805019101400e-02
1.267425280251071457e-03
2.167698387449458475e-02
3.746882457485740947e-02
2.489547963850344964e-02
7.874361258059306423e-04
1.338026317100807910e-02
6.925582333697863184e-03
1.516063325551029323e-02
1.352518412269203447e-02
1.751794225927032905e-02
7.426820220978328294e-03
2.805290384721253333e-03
2.032850084228351659e-02
1.230085624016196907e-03
7.198589079368381688e-03
5.535224977626086729e-02
1.803348170127752961e-02
1.266186770653245086e-03
1.307916847792259078e-02
1.564654369497069444e-02
7.827167999818430630e-03
3.704975635916814974e-03
8.878336425095834095e-03
2.036285132250631458e-02
6.735705510567733742e-03
3.349999996030764149e-04
3.847668825976750806e-02
7.729560644018062740e-03
6.189289493406163745e-03
6.650702422401749692e-02
1.297150657608066998e-02
1.259495811245421419e-02
6.662601143418753202e-03
2.736641151424806448e-02
3.594233954437062867e-02
2.168393996865808013e-02
5.002479981709770547e-03
1.323398107073835671e-02
2.493316743512233313e-03
1.491283206820187383e-02
5.415759169271054663e-03
1.921782482573516221e-02
1.441150777645559128e-02
8.631227498513726823e-03
1.203498467777467870e-02
1.905370513433646273e-04
2.028264719270289618e-02
2.058056238084617420e-02
1.928113465309854585e-02
4.939403371940855048e-03
3.769225804453305365e-03
1.071097497258588632e-01
9.710273019668005240e-03
1.952260202349146226e-02
1.386120382017330503e-02
7.963260419712334115e-03
2.294927420669848686e-02
1.057745739334297469e-04
3.779562712546524761e-02
5.028881195799070336e-02
6.406566499253988668e-03
2.930733075204267415e-02
1.236877919643577725e-02
8.398222181056329977e-04
4.029565234503279351e-03
3.329995049985515210e-02
3.058111176289246731e-03
3.438714466594711139e-02
1.292486325779848219e-02
2.500779002479497359e-03
1.436896134158205038e-02
1.647716031997346550e-02
6.572058142666464126e-03
9.745467242386000872e-03
2.729318702135057409e-02
4.746688015182745461e-03
1.208557247778588306e-02
1.524153082618729229e-03
1.791563981319579252e-02
2.806675890279129726e-02
9.471713246889265636e-03
2.542408053122353906e-02
9.909827741666744905e-03
8.654631932252514204e-03
4.248502202720719906e-03
1.105436667290783312e-02
2.220897967539241930e-02
3.197999412735966218e-02
1.753738955330874996e-02
1.518962477885636448e-03
1.832798148549921041e-02
1.050931077867801738e-01
1.279152462047769383e-02
6.706723181006923884e-02
1.513691338951834824e-02
1.923259737379523493e-02
2.068940844119984343e-02
1.095576103478358189e-02
2.482902925796725679e-03
8.408330993293822511e-03
2.229986738011728586e-02
7.299816851606563683e-03
1.369846302526049955e-02
1.362225530871223958e-02
1.547541684052081840e-03
7.445673472201129635e-03
5.633434270967491164e-03
7.701390156870378464e-03
1.481157381256050648e-02
1.059697993129219556e-02
2.792479565890442633e-03
2.155483672787326249e-02
4.048287760434430074e-03
2.641046823560368184e-02
3.980898838948348367e-02
2.782288550694351180e-03
1.596419801859613741e-02
1.572552496560057633e-02
1.203369318383554036e-02
2.788167322314358612e-02
6.783500671021745754e-02
2.518669086016958603e-03
6.413836127006921489e-03
7.642769199128046642e-02
4.644882672783278224e-03
2.946416514908135886e-02
6.905157482186997236e-04
6.476167869360696661e-02
1.494698631061427627e-02
1.924260876602445353e-02
2.911135293851559863e-03
3.830677457340843362e-03
9.963130428282502074e-03
3.074475800075476915e-03
1.194473379341687812e-02
6.659475282254042824e-03
7.972176150287529905e-04
9.764193723533163075e-03
6.652597471937326352e-04
8.173556371948720312e-05
8.230603794520952032e-03
2.622413274975590042e-02
1.934934143206840790e-02
8.412123421234367349e-03
4.198048640341088544e-02
8.575679594937653250e-02
1.644807724930513054e-02
2.029509574597028812e-02
1.270280116145710604e-03
2.154452135727338846e-02
1.430492026281552330e-02
4.499482291057431416e-02
3.968715473327817655e-02
1.806324258652718118e-02
5.217206366405586701e-05
2.403234196777659371e-02
8.400775766714326659e-03
4.022245793278192948e-03
2.591937742464957284e-02
5.052924631629150676e-02
9.597618046803545883e-03
2.071134260821937481e-02
2.431630474657141446e-03
1.212422937964040964e-03
1.928179360128103904e-03
1.806038629331502970e-03
2.139565581495516192e-02
1.099158547606983796e-02
4.953183837167998010e-03
1.432804029605699858e-02
3.290688779983948903e-03
2.066570108061565464e-02
4.686846610927955514e-04
3.745689876515791161e-02
2.070218576359016474e-02
1.640980854411968129e-02
8.331696323748313815e-02
4.407846052202242515e-02
8.922158624946503747e-03
1.803869856768314543e-03
4.170521992557643665e-03
2.644212018478260106e-03
3.111424330922797198e-03
1.950457036256656937e-02
4.594547572463568430e-02
6.650854283546324755e-03
2.912227838729298732e-02
7.826542446486405707e-04
9.586787562731832746e-03
3.994329579527270378e-03
4.792250216124029072e-02
2.558217939505627245e-02
2.306897480686030937e-03
2.542984200661221883e-02
1.006839807140909142e-02
2.426407370351138428e-03
7.466656319564900224e-02
1.523198531867307401e-02
8.981634730287457735e-03
1.055353972932330381e-02
5.123897541972066705e-03
1.700099009795968952e-02
1.772963730567012064e-02
9.955598513556349755e-03
1.713358667867739826e-02
2.759752390246652566e-03
7.460880315184320599e-02
6.968472027254484988e-03
4.289177028597949970e-02
3.200060003111059037e-02
7.469429839798525511e-03
1.048275451115892459e-02
1.621276449496317565e-02
3.647448044677004467e-03
7.207239899501474006e-04
1.749511249209319622e-02
9.279537112960109177e-03
5.280530972558372671e-03
4.932273845489597991e-02
1.231890395956152656e-03
3.776387541429755169e-03
1.155237801994180372e-02
4.513729375133099936e-02
2.394704198791878375e-02
9.278798404387087612e-03
2.175430361923454819e-02
1.212750187030358501e-03
7.194638815669548992e-04
5.476200669056927733e-02
6.797133645257616777e-03
6.948627115901369854e-03
1.052092047836087479e-02
3.214722388312376417e-02
1.224184945400028784e-03
1.986184945116480083e-02
7.441810259919481862e-03
6.855158059521244962e-02
1.114927312075347093e-02
4.058745989797993975e-02
2.118229640269095673e-03
4.004955878880177983e-02
3.548159075507938826e-02
3.483452072622308937e-02
5.990489146269988192e-03
3.542922442305569686e-02
1.130553924725317266e-02
3.222911706744444049e-02
1.642845657769257187e-02
8.664018326783087462e-03
2.865220971695277979e-02
2.041242318352541607e-02
6.191066319130766361e-03
1.123245710623857821e-02
1.049902882082424764e-02
5.616033921875832058e-02
6.992590871995986619e-03
2.561842459591857218e-02
1.639734562225940613e-03
3.606843227067043495e-02
7.896528843273940140e-03
2.957246343132718600e-02
2.899754441795233256e-03
1.314303076817664034e-02
1.235729073657036714e-03
3.052312837269503115e-02
5.055690346218724533e-03
2.976969422913080393e-02
1.840440930066963854e-02
1.029384079768355664e-02
3.048012874559961893e-03
8.929574509598231513e-02
4.052738948273497226e-03
4.048530661027086724e-02
4.587570316970088213e-03
6.739331101860870921e-02
2.062481223416564452e-03
5.317654155518735520e-02
1.206881730006817595e-02
4.059689505018385103e-02
2.105880758756750737e-02
2.353720402247789709e-02
2.117755723977713181e-02
3.744577931060855125e-02
1.235559066208148128e-02
1.279433574347333888e-02
1.657065083458854338e-02
1.287197200710054647e-02
1.134342842196556234e-02
2.057850642382235209e-02
3.352455659424891272e-03
2.250638831638182222e-02
1.534706384918386492e-02
1.782305108055513496e-02
2.080514823595090018e-02
7.410157180195395613e-03
4.880306045946923403e-03
1.912197147594899005e-02
2.018696967147414964e-02
1.922635807910244576e-02
2.547839121314360994e-02
1.045877617561011969e-02
1.635648559487594758e-02
8.426229199785860522e-04
7.944518358585492268e-03
5.326394267155193374e-02
7.541558314182326278e-03
1.679076589712501927e-02
1.455099681752229385e-03
6.448752816154036671e-02
1.044250396318440431e-02
2.185147078436319029e-02
5.677025972829425129e-03
1.090140312343110957e-02
3.138274208034726176e-02
5.372141040082034635e-02
2.106259623051134899e-02
3.154142749427411158e-03
6.696383313585191864e-03
1.261060597536169461e-02
1.252365006712776244e-02
2.716969581642792592e-03
3.713985757521660359e-03
4.592005539581634627e-02
1.430447953385217616e-02
3.917530251302567268e-02
2.961297310281912898e-02
7.025241276250017430e-03
3.408147107871804631e-03
2.311160831603684129e-02
8.658111663710403930e-03
2.869732016026978541e-02
1.503675258701087265e-02
1.910152807622469799e-03
2.649514804608923274e-03
3.196874743102674776e-02
3.849880105945897857e-03
5.690745386406709933e-02
2.057356618894795423e-03
1.552742187851535900e-02
3.739882184144718499e-04
4.225000678846507762e-02
1.648750644665929535e-02
6.069032331681586956e-03
2.081568923559332096e-04
5.069589855823273573e-03
3.092486854786076142e-02
3.411757822827684444e-02
2.099334997192827540e-02
1.388104710378694658e-02
8.684234079087863739e-03
2.269820815406535866e-02
4.988310923339649670e-03
1.606152671941693880e-02
5.812537147175519947e-02
9.708470200201976819e-04
7.546272611733473301e-02
1.095897024598446734e-02
4.294646001078697428e-02
4.819798812084718186e-03
1.770155197919092566e-02
3.609843165010155445e-03
9.862735809544160084e-03
2.398607766806844580e-02
1.594552265613586456e-02
3.054717610894798051e-03
9.748539631850183795e-03
8.421118149449788315e-02
4.692877989994299892e-03
1.972690464379899672e-02
4.491352914154936316e-03
2.764027393102121144e-02
8.055626694124736614e-03
5.297477300128656391e-03
1.291398534664502454e-02
2.673682310601881162e-03
1.461961035592726152e-03
3.626547356485805562e-02
3.287157268647492026e-02
3.814071852723254635e-02
2.005549808424221189e-02
5.646919500008945603e-02
4.163776548404320155e-02
2.779092683447614842e-03
3.182919140737574138e-03
4.809958715260622894e-03
3.037017693584929262e-02
6.370074260323396395e-03
1.665420911175893165e-02
2.929184899291627578e-02
5.573992524726226888e-02
2.617257230349980673e-02
4.336455363175822225e-04
1.743600598255942713e-04
1.364126635263437221e-02
1.565083471604377177e-03
1.000466505964304944e-03
1.455735727615199010e-02
1.554175374724651136e-02
3.202981914414022857e-02
2.527279671694491331e-02
1.575985171839720811e-02
7.208497760195030747e-04
7.029014032510141896e-02
3.569849720666291772e-03
5.564351179571863822e-03
3.085841320495353798e-02
1.234305042000437627e-02
2.132361617304253873e-04
4.760096797060912183e-02
1.083943756004644710e-02
1.507982028707922917e-02
3.083248934792545692e-04
2.214875430723418914e-02
2.558165147974336695e-02
5.198922298348805648e-03
8.703987881497381868e-03
7.283780018114200359e-03
3.684129915069409011e-02
1.792989348780296352e-02
5.188653368128909316e-02
6.119587495798949756e-03
2.653963440411089697e-02
6.272150676111048866e-03
8.073283309616409442e-03
1.482855147395592543e-02
3.387052857906353021e-02
9.781260063410599642e-03
7.099836282962679324e-03
2.110660053405886277e-02
1.466988238023708702e-02
2.799681558990518154e-02
2.646180831812880441e-03
4.042748637513169513e-03
2.092881648297478521e-04
6.880682922714344285e-02
1.148460032642079423e-02
9.215252053861987952e-03
5.013982851875933844e-02
3.794900534621642452e-02
2.894368709566275816e-02
2.829555947598516585e-02
1.670098604632240177e-02
4.278718588945136514e-03
1.772740400855545018e-04
2.378274359547590325e-02
9.716544097494511298e-03
2.564586919369857970e-02
6.237159458168592407e-03
1.880261385426661505e-02
2.938253532057632025e-02
2.165402038325674877e-02
8.608086836206282899e-02
1.901953713923337438e-02
1.981601410256434229e-02
6.188611745988153306e-03
3.518871640229955661e-02
3.452037666155507306e-02
2.102369882702777304e-02
9.243193952624073617e-03
1.282280404737943906e-02
2.174060594843235661e-04
1.006259562371224214e-02
2.312658412422528148e-02
3.445517743662064591e-02
2.161989582549247654e-02
1.183462008743504934e-02
4.061378516635477665e-02
4.987570938648423768e-02
1.546030100419674633e-03
8.555595084557202079e-02
3.442166631045719821e-02
2.000797748298402401e-02
1.663749068386437963e-02
3.749832113614441631e-02
2.101658207337955137e-03
6.577667694543489277e-04
5.128992571666892569e-02
3.729722485880022399e-03
5.030000629563051440e-02
5.332994778899670385e-02
3.880750073100028286e-03
1.961438266144175518e-03
1.204744596620360708e-02
2.325595264494018100e-02
1.785122208764061691e-04
3.227333794441813314e-02
4.974514493247783956e-03
7.618662486600941836e-03
2.330231433618490736e-02
1.303260757885969789e-03
1.042116388335340843e-02
3.506980445026702808e-03
6.811012233950605385e-03
7.827329000472983689e-04
2.611873515538268645e-02
4.230563524789217322e-02
1.691868207475753436e-02
8.750557393244096094e-03
2.517867759196396743e-02
2.878214638221323826e-02
1.832981360588008604e-02
3.604748848585188209e-02
4.540929201249156721e-02
1.253727059956234909e-02
1.711561563107568545e-02
3.920687628423053656e-02
1.685968613858344206e-02
1.864475503453984218e-02
6.817606049337755769e-02
4.695798249342270948e-03
1.325352163908114465e-02
5.159029932520581979e-02
1.506963158339163882e-03
3.965844932940849193e-03
3.105798783736632082e-02
6.180808414929486912e-04
2.974656808827250837e-02
2.645712076398690910e-02
2.642057878665927083e-03
4.361896777322869789e-03
3.205988032569817570e-02
6.593401565253148577e-05
2.171341194909507180e-02
4.598592312839155927e-06
2.572596889116995564e-02
2.592919135524499562e-03
2.012008803778799620e-03
2.105168669462280373e-02
1.537009242084306018e-02
1.235406898357561782e-02
4.907916736977668143e-02
3.684727611814832791e-03
1.143055548885277273e-02
3.785554484549177867e-02
7.295093922547070744e-03
1.614300793766092939e-03
1.309491847122186414e-02
3.836815247491291714e-02
2.233012445469082299e-02
2.686844474016267942e-03
4.074526221090098155e-02
8.817253670733472826e-03
3.079145441167342387e-03
5.382402177549962252e-03
1.901658301500769310e-03
2.404999141765176013e-02
2.583670583071241700e-02
2.950863786523286875e-02
1.931740640508447515e-02
1.743080269880383990e-02
1.821167845134059188e-02
1.523208106368963838e-03
3.216301810606783662e-02
5.052477626752142036e-03
9.215242068888435112e-03
3.520011087447217843e-03
2.745433612254583391e-02
1.395267780609579442e-02
1.011700923861396512e-02
1.555964199424074608e-02
8.102182309522695108e-03
1.499108409552956864e-02
2.351952920465900584e-02
7.750268768103474315e-03
2.787932148451362224e-02
1.406024978229332943e-02
5.732794136482715144e-03
3.884944427699561081e-03
9.931322106921040838e-03
5.499730742530683364e-02
3.518142467257584505e-02
2.140149975458702225e-02
9.347065454745971669e-03
1.223814272647947600e-02
1.010821998154720625e-03
1.006148029336473250e-03
7.555596468245359297e-04
2.583521564490833325e-02
3.540764988934259200e-02
1.897411562445733627e-02
8.306218921400262273e-03
6.448457459214853096e-03
1.343187291563745570e-02
1.345301308907117903e-03
4.470563182800853935e-02
2.642356190110730502e-02
9.165533823298844043e-03
8.099597987971888374e-03
4.084067346292811346e-02
3.200969421151394351e-02
7.978370617210819166e-03
1.274363100578232780e-02
1.312624270993853828e-02
2.576794182118592735e-02
5.961024468724183262e-03
5.505258788456255867e-03
2.960693004473659209e-03
1.255783783152154484e-02
8.915958671777980335e-03
2.516890048849374645e-02
7.452568222271043277e-03
2.574720254231223360e-02
8.195988023533490666e-03
3.262073847709960270e-03
1.611774710396224330e-04
8.847345417893521385e-03
3.568291133304122426e-03
1.073465349803305602e-02
2.002529557713210451e-02
1.969797655327791552e-02
4.154129207780856564e-02
3.450982207461398762e-03
1.847468501820992426e-02
6.837863719588921016e-03
2.372918496720016583e-03
2.534019102355062475e-02
1.030531073498177630e-01
3.387209480637836789e-03
2.289712495893776040e-02
1.044483567499708727e-02
4.268910692551478037e-02
5.898954236384261474e-02
2.335117415257995793e-02
5.850184425154735662e-04
8.612830881574057599e-04
5.571222162441959169e-02
3.100736562098069249e-03
1.166883143677995005e-02
3.404318662918624436e-04
4.049500021663815508e-02
1.847744047286642823e-04
1.013201976752469043e-02
1.192409094541317834e-02
1.506261349253024996e-03
1.457207407990964571e-02
5.924836165215463871e-03
1.046519021159098006e-02
3.439438642061891024e-03
2.038336661415590667e-03
3.444284492174858308e-03
2.180235879753905995e-02
1.971841098234551268e-02
1.026133441006220511e-02
5.771737382514356869e-03
2.629598219153017960e-02
2.246557801161970166e-02
5.535096291435684379e-03
2.711805215980538433e-02
4.592796724385524859e-02
1.926185132242812237e-02
4.930717248930089475e-03
2.408227063424714376e-02
3.753067442492266648e-02
9.484141259463164247e-03
1.795351807525241705e-02
2.526842653270341965e-03
3.361175398338626247e-02
6.889659839998690805e-02
2.997890727672070793e-02
3.773840022613022226e-03
2.289151432888061194e-02
2.930085234487062387e-02
4.498808247649661168e-04
1.262903767565826119e-02
3.350094147443126794e-03
2.294715993950584287e-02
3.524552359035451610e-02
1.787526512773128171e-02
1.720064944614101447e-03
4.942295678861046565e-02
5.967812591151235024e-03
1.997025196892725923e-02
6.893522592057131637e-03
2.851746996745563312e-03
4.437331634717110729e-02
6.633919779794143594e-03
5.089381985047863183e-03
4.046518502167013864e-02
1.965673480031590592e-02
1.224121011839651718e-02
1.407436744098149173e-03
2.061419071145684928e-03
2.379978386075466343e-03
3.080775809660274769e-02
3.016103871452818774e-02
1.420080871633666759e-02
9.644947493007167277e-03
4.086396560972035963e-02
5.732451614549570473e-03
4.535673532000259606e-02
2.477014437347640780e-03
2.496612398696237273e-02
2.014007372484383218e-02
3.661255827132589569e-02
6.434989174711035903e-04
2.289284497887725950e-02
1.225138782692418264e-02
2.460855550895958699e-02
5.293040929744333156e-02
3.546763901944637032e-02
1.651184655005235452e-02
4.786687022645363943e-02
1.436980702138851082e-02
8.605957604950549567e-02
3.170397105645744035e-03
1.138069174867513758e-02
4.257730809031427810e-02
1.191072248470534216e-02
3.355104727168800247e-03
2.625716095596380625e-02
4.293571492354915885e-03
2.585439555582954435e-02
1.087616443424448132e-02
1.493353888761636550e-03
7.631604684102261116e-04
4.290845421175019936e-02
6.419063248928933048e-03
1.767006774178883112e-03
2.800300721739614265e-02
3.933100723696232592e-02
2.894991874161291501e-03
3.766844308814046305e-02
7.778625202564001112e-03
5.001630357529852217e-02
1.887065756408809556e-03
2.357538882738269281e-02
1.704496430015298852e-02
3.852297953255475610e-02
9.782494370916283016e-03
2.043535000133100618e-02
1.094810746779222993e-01
1.233496005655026623e-01
9.584946348879585382e-03
4.478151266431099065e-04
8.290175076964577394e-03
3.188465975540041158e-02
1.983572853672701392e-02
1.607403050636647263e-02
4.878671020360275667e-02
3.487301890988031561e-03
2.925291795024822020e-03
4.946021168802368362e-02
6.267075832783965475e-03
1.704243901216900142e-02
2.190840731262320984e-03
2.533720869455387617e-03
2.635150213030235111e-03
2.899905149182634839e-02
1.919986335235626847e-03
3.795096604719870072e-03
3.922949905966260573e-03
2.383158468838558058e-04
1.457900455055718449e-02
7.757501981250963796e-02
1.505471476940824747e-02
6.621727528967286114e-02
1.086913179751361480e-03
5.205382369559585776e-03
2.382019678994806364e-02
2.077604980963412493e-02
3.024820722046586696e-04
8.717768879848507291e-03
7.618211353800662111e-02
2.962698839677932461e-02
5.840897756124111516e-03
2.128284683540966615e-02
1.360300452375682104e-02
2.396012533541293926e-03
1.538891001446770351e-02
8.941234507398514858e-03
2.629403601495215043e-02
4.541031225443482519e-03
6.538890635859453959e-02
3.258382753343899707e-02
4.878765675271022617e-02
7.216825809643737967e-03
6.150840146937900516e-03
1.867674898914288215e-03
1.169409081855123968e-02
1.931261293456718042e-02
1.955794687671390600e-03
8.362554344350309893e-03
2.546073632244159196e-03
3.282132777081954444e-03
2.092936269789232723e-02
2.862364902514263898e-02
4.735970206666857002e-02
8.844642072520537968e-02
6.483635483060856686e-03
3.152385302009512186e-03
5.274858206997580512e-02
7.071368699270525783e-03
6.665319758793780691e-03
3.902763847986587264e-03
8.052027849292907324e-02
4.037307365061341274e-02
2.111595751508497237e-02
3.508442504431066172e-02
1.861160544203522421e-02
1.907442483198980646e-02
5.935766954364629297e-03
1.360796619600607854e-03
1.031381941434234700e-02
1.340327641959455918e-02
4.851524258606661200e-02
1.224706299357338282e-03
2.016717293776259298e-03
1.333732532444182467e-02
1.098173915821121227e-03
1.494751578723215943e-03
1.082794071732449265e-02
1.210899290761308404e-04
2.117533457740978370e-03
1.757038007721977227e-02
1.810272899365529022e-04
1.120270955500191588e-02
5.420536841220464919e-03
1.500648693705518288e-02
7.738401319853344118e-02
3.345678575869573401e-02
1.523538599010304528e-02
8.710638227526325619e-04
2.853475342088798022e-02
1.991465386813852032e-02
1.190950296313984628e-02
2.942582701212582801e-03
5.376713596692052344e-02
4.485700732554208717e-03
1.592964075748861882e-02
1.763159804517646159e-02
8.059165684063245363e-03
7.724086378269531816e-04
3.446037305348807755e-02
4.413017471248399659e-03
2.816893417738966163e-02
1.153037624065100623e-02
3.261491472651077000e-02
2.514063251136820949e-03
1.224870858056385271e-02
1.393165184728471784e-02
4.937393907635805740e-02
2.174988183030471256e-02
2.411164196029486843e-03
1.753062967957460389e-03
4.766335177234075522e-03
1.448463550359099100e-03
1.401509498304793350e-02
3.706726931082974380e-02
1.213649801651981060e-02
3.139430462400211175e-02
1.410740030376277793e-02
2.813620031584992270e-02
1.182606592168004844e-02
1.331064855417631726e-02
1.905568083867469412e-02
2.451553345303205539e-02
1.283266487418053582e-02
1.751741008920905396e-02
5.646319256476019927e-02
2.961656743846898324e-02
2.150599873406969925e-02
6.420701632069952813e-03
3.499177052808159771e-03
3.398697592009926327e-02
5.155357061413276543e-03
1.155589593123821507e-02
4.254352673892153325e-03
1.497874907581090050e-02
1.613740874730942507e-02
1.550588424026118350e-03
4.409401258533277718e-02
6.145318046020457718e-03
3.058463859040513183e-02
6.219219830757828638e-03
3.098057490087075070e-03
5.189316333604659243e-02
1.095073116758126658e-02
1.012123233506407975e-02
1.410337046011930252e-02
5.842403805827891747e-03
1.545952872209946198e-02
3.393352718947832691e-02
4.247050967498372694e-03
2.089408132972878779e-02
7.479171879105569326e-03
3.722427393331352238e-03
5.159928754917561880e-03
9.685514642975930413e-03
1.440805524167486883e-02
1.317932721005011035e-02
2.999792434670214489e-02
5.494318663878041548e-02
9.791525813965806790e-04
1.462491839249015126e-03
1.346993540414217344e-02
2.103184265918182569e-03
1.060226036106215290e-02
2.080636194661325544e-03
5.401030939711966034e-04
5.628126968144346598e-03
4.737185279058482579e-03
9.046331285611204295e-03
2.025751678206175188e-02
4.142634330830791828e-02
1.982340364946242814e-02
5.018545298288149513e-03
1.121982869594078357e-02
7.374277948542690836e-03
7.901128094103402472e-03
4.567873071477553115e-03
1.088452987318591463e-02
1.670533583105094505e-02
3.282394317821981516e-03
4.494868365714226044e-02
8.379029692799711340e-04
3.741252552446520940e-02
7.383185415429788234e-04
4.180094843558196036e-03
1.340085915031699604e-02
9.185501602505250548e-04
1.471931703686524609e-02
3.045485279557426372e-03
2.537861047673702075e-02
8.580075773400848427e-02
1.687819377143962019e-02
6.168905855732320642e-03
3.473962934588996354e-02
7.062648717959788339e-03
1.426977586095261319e-02
3.689241028796334115e-02
1.763633815139940483e-02
7.591933585749841354e-03
1.285965006695500429e-02
2.129329112189942697e-02
3.866455168690104832e-03
3.360011300616464608e-02
1.284546710602310626e-02
6.147696686261368282e-03
1.338671795944370614e-02
7.800000939383565368e-04
1.634792780183886088e-02
1.093402272724232870e-02
1.739305506253973135e-02
1.671838343929212337e-02
3.083420377211414792e-03
4.741413814032273411e-02
1.459577667141875694e-03
2.469594256364317231e-02
1.675962145333331765e-03
2.305210782473626069e-03
2.484700308026345505e-02
5.676082988057998963e-03
1.803850614143677131e-02
6.035233424464083590e-02
2.112730303732978515e-02
2.025415429987171417e-02
2.088202451155368733e-02
6.298400438818395689e-03
3.784797951636437174e-02
9.244535794354205582e-03
5.318025589577016904e-02
2.205472958949902459e-02
2.858985648072477972e-02
3.957151666384987020e-03
3.197894807393423123e-03
1.650659656042792467e-02
5.709748795649904202e-03
1.017681615813296504e-02
2.685538221324008587e-02
1.353389723045943412e-02
2.970990661169570224e-03
3.324054895317667124e-04
6.288898928396065985e-04
1.060721971576704739e-02
9.116979567303709966e-03
3.463727940189674590e-03
1.370173904742939125e-02
5.963945769878653547e-02
3.554979498115984869e-04
2.874784210638089282e-02
3.643756105076792484e-04
2.045433298478643858e-02
1.768454219797793714e-05
3.861748449511614913e-03
2.457592836452354018e-02
4.482988005847549778e-02
1.163670850651598275e-02
2.599612411011606797e-02
1.704568532959144581e-02
1.199369225638345811e-02
6.056072290695524440e-02
1.477770221776876156e-02
3.140410331620367701e-02
1.722413640104264454e-02
3.580843146962429859e-03
3.550487014568561809e-03
2.384466055454063232e-02
2.678048673720518844e-02
1.736962797895379856e-02
1.132348161248127386e-02
2.280611710019807802e-03
1.068777080855557197e-03
5.641793712585520953e-03
8.094345798458572883e-03
1.489617587361619089e-02
5.422690621974594199e-02
2.057130636867322837e-02
2.094370477966869468e-02
1.813268653128005670e-02
7.530134838297938837e-02
6.435623292568654757e-03
5.310844341494973253e-03
2.269283704155989831e-02
1.806257357035479655e-02
1.940171943139569564e-05
5.435107031730767105e-04
5.116183844764203570e-02
3.095635924987681989e-02
1.698704130118307287e-03
3.214649179463250489e-02
3.019944771412413215e-03
7.873421457060224976e-03
3.953236480126927355e-02
8.072396221539164529e-03
1.752947638077758871e-02
2.459874137663353028e-02
2.604410969347371180e-02
1.759805698868065552e-02
1.344723685987067076e-02
1.377460956747585466e-02
1.051822886418506652e-02
1.406468343053630769e-02
2.007284128511947416e-03
3.620464942493154675e-02
5.507754775350044707e-03
6.100304346872116937e-03
2.229043952908167300e-02
9.112938600119332988e-02
6.551063691797412436e-02
7.865869466988523184e-02
4.031043309205853409e-03
4.661934220718540189e-02
8.968230707149709227e-03
1.464126759494618381e-02
1.758652789933477789e-02
3.862179722194485076e-03
1.189408296091631553e-03
2.685470619614537327e-03
2.157900612946451330e-02
6.708497055935310968e-03
2.794126581413146695e-02
3.003424936172220672e-05
6.732447174067486897e-03
4.865468007743747880e-05
2.215532303328462266e-02
1.710585383693106511e-03
6.815248599674459708e-03
7.413677967867474128e-04
2.104961269217366440e-02
2.558411216616603145e-02
3.264141178334425963e-02
5.153580146911684173e-02
6.947749681228049257e-02
1.576573764673955963e-02
3.214089016247397013e-02
2.158234725036254145e-02
1.384783526083378964e-02
7.797248314604435064e-03
8.359891660536659594e-03
9.732289432202143042e-02
1.040654621194035331e-02
5.719900372956805701e-02
8.898502958613994582e-03
3.339194714221334348e-02
1.751360418495568477e-03
2.077007227723713656e-04
9.908159898118135134e-03
1.263992887111667525e-02
6.819556863746185742e-03
5.952914582569255111e-03
4.132865395190231383e-02
2.216464921578698011e-02
3.617331829154454836e-02
3.628041649594881610e-03
2.695186701210435659e-02
4.831195608595347663e-04
1.218981714065797001e-02
2.771950653560736194e-02
2.910098223142058068e-03
3.827563189258406662e-03
4.053094202416555880e-03
3.786609304283484329e-02
2.807831381471895954e-03
2.688543241806570089e-02
3.912956369420570596e-02
1.050011070494889266e-02
5.028720007986135776e-02
1.004444913006129203e-03
1.886307279343036117e-02
2.596209929139411954e-02
9.953760027871447202e-04
2.449026217053875895e-02
2.967756221790911371e-03
3.797223204310449379e-02
1.887443114212596085e-02
3.495433096685485880e-02
2.916309052260887200e-03
1.629066120544777826e-02
6.210543865442341716e-03
2.943313599256881883e-03
4.161532965081751398e-03
1.328912616254701584e-03
3.718432545870441197e-02
1.938963326402296308e-02
3.633757162186391533e-03
2.456899510407684062e-02
5.196339053132548874e-02
7.444553155052499940e-03
1.444798919409558298e-02
1.160171005589739034e-02
3.583516706511113634e-03
2.914636796718899150e-03
2.579575365673349163e-02
5.018221096361571987e-02
8.763784537110051037e-03
4.008314181052772401e-03
5.623667012538635657e-03
2.382480939564478317e-02
3.075355409101111076e-02
2.036393861451919404e-02
2.821970647268869092e-02
6.196720368522781741e-02
1.630229228509577633e-02
1.600537867798954364e-02
3.792293998731675886e-04
1.311592219728482597e-02
3.600407084140356921e-03
2.500487508413650958e-02
1.633740156065711414e-03
9.504078107668173861e-03
9.500389990830995085e-03
7.468817053036095471e-03
1.402039447370503032e-02
3.201177659603617748e-03
6.457629501486730067e-03
3.855696519736932781e-02
1.819453489924909712e-02
3.056995666072404028e-02
1.910272084666358311e-02
8.146206975383537413e-03
2.552070149693201964e-02
6.818177991453332545e-03
6.506692768744730751e-03
1.367295402686721784e-04
2.868601877669826883e-02
6.060334669697990673e-02
9.298081751299494546e-04
5.106050029969463541e-03
1.241580289418105915e-02
6.558495264642996009e-03
3.720663757518532372e-02
6.484544003350508311e-03
2.818139485582598844e-02
3.338503290645394861e-02
1.989350180227988929e-02
8.280283722282102965e-02
1.086850998701733260e-02
1.250134579404299159e-02
2.386610733438192071e-03
1.410060820094260342e-02
6.798972500050282780e-03
4.316530058213322030e-03
1.011737981944008796e-02
1.225751248198670394e-02
7.568445289655093347e-03
8.093464960666719651e-03
1.710108331340606108e-02
2.680901484306449922e-02
8.554546096678210254e-03
3.701332645792280301e-02
3.876630741864187102e-03
6.357383287517093771e-03
2.402305990965668964e-02
5.106394551511151195e-03
1.128579344176098946e-02
3.484686436240232166e-04
3.138943325929719613e-02
5.133307217584699537e-03
7.493618938351757908e-03
7.399541206196231027e-03
5.632895867278672059e-02
6.405051032859146107e-03
2.765495307170753869e-04
2.246374705466245084e-03
2.600077479561557076e-02
1.143945351433049012e-02
1.004121114390381896e-03
3.800445117767256575e-02
1.687174519932502920e-03
5.894517461169976498e-03
7.542196646613263944e-04
4.293449588863938043e-03
8.170290389237513939e-03
1.411897794234319003e-03
1.771430242438482364e-02
2.394159113951270859e-02
9.042950914800684109e-03
5.949585857977119328e-03
1.367366326465616760e-02
2.698396904691427456e-02
2.304599344199757469e-02
4.257618601670506986e-02
6.292838013804943550e-03
1.651838789763035789e-02
6.853183442019776354e-03
1.936628458900582772e-02
2.892942953170798276e-03
1.810587691716184118e-03
1.653386036719663860e-02
1.880814707214593234e-02
4.209667860639327436e-03
1.245173341817846883e-02
5.136629520293917173e-02
9.710246538261731262e-04
3.135082654374035833e-03
4.183236314936195077e-02
1.030250594573645269e-02
3.779737972209876000e-03
7.315760027966543289e-03
3.781760320721835877e-02
1.217073841735156689e-02
2.600196408698998707e-02
1.250674354239512953e-02
5.823931200229337524e-03
2.721364542961111910e-02
4.003776362621441071e-02
4.060903681295931211e-02
3.039523183292420876e-03
1.673861065324601383e-02
1.631213941035464243e-02
5.739707927432853574e-02
1.771912760973396936e-02
1.777145117329516702e-03
5.088096707325964058e-02
7.818499365500931192e-03
5.377062504123342884e-02
1.317052395833772163e-02
6.870308373567760377e-03
1.701852621213822275e-02
1.035698539412546575e-03
7.967405986526351902e-02
2.793011297992418346e-02
1.647234995364840748e-02
4.882958713799229536e-03
4.624579859228129114e-02
2.244496315535051550e-03
2.351066306909940784e-03
2.741913893036653296e-02
7.938274401082206014e-03
1.540022317040967183e-02
9.149040975809990747e-04
2.578442817968260720e-02
2.981345184295060291e-02
3.230223260737050388e-03
3.952740685128234253e-03
9.366845991037072230e-03
6.159921601094481974e-03
2.078966279085096847e-02
4.702431087860638875e-02
1.249284691925566133e-02
2.147721682922324599e-02
2.055457515122030912e-02
5.889574553341725416e-02
2.632651621970951913e-02
4.317423790424705643e-03
2.599633488879430493e-02
2.192273319315453384e-02
4.959735081958044356e-03
1.087722086221956175e-03
6.641194418484147079e-03
2.587438698519406444e-03
4.784671102764977840e-04
4.795543780081836654e-02
9.467225553109230585e-02
1.819236066809148955e-02
4.263452934554507606e-04
2.877313084022066481e-02
1.163923955405254083e-02
4.187136554447892269e-03
8.484491398941501616e-03
2.272779336350175261e-02
9.536040669014755888e-03
1.957652030795427323e-02
3.304436862580303197e-02
5.177556307007243064e-02
9.412770756607388711e-04
7.054147648753980593e-02
7.919943671608720495e-03
2.653097056000170567e-02
6.110612427976440386e-03
7.549183640927395467e-03
1.547654031809910652e-02
8.555940914779399525e-03
4.415962370018598759e-02
1.703530316451961832e-02
1.065259302388980867e-03
9.713498460418999031e-03
1.067323002957074225e-02
2.400727306055258289e-02
4.681481987110193421e-03
6.771340438116638279e-03
8.148813156704775434e-04
8.857580646880264946e-03
2.734681222498083417e-02
7.937251772180381471e-03
6.778479109395600666e-02
1.738187415654253096e-02
2.140934155374134285e-03
9.842034921980227780e-03
5.192389142546219305e-02
5.422253791389733402e-03
2.655830971178071639e-03
2.214146102559436807e-02
4.595475164556998143e-03
4.543599881889421460e-02
3.204882008347109679e-02
2.341500912085732813e-02
5.424319169494676469e-03
4.372324111292459625e-02
1.960555751229789423e-03
2.990064336229017027e-03
4.154243923788188131e-02
2.039490098459217915e-02
4.641563893748050507e-02
1.866986819189775729e-02
1.606842639247086507e-02
9.641576601220894910e-03
3.270407959149808971e-03
1.802784255597672525e-02
1.228268042195560872e-03
1.509687177212996369e-02
1.640075358899495579e-03
7.753887527013032278e-03
6.828291101016507880e-03
1.008363464891487253e-03
3.418428820540526936e-02
9.690543527100529270e-03
5.318799120643247919e-02
2.120686939336192262e-02
7.327502582906746803e-03
6.671066784244561454e-05
3.396921082312906459e-02
1.152325518752575148e-02
2.890409444905319217e-03
1.909356913138940751e-02
1.160686594553737155e-03
1.635080319549959277e-02
1.594354820926273397e-02
1.183663288996088248e-02
7.173363465743397283e-03
4.428517672280193884e-02
3.404045243744898905e-04
1.141737542257977717e-02
1.175830947178501187e-02
6.755343886094365008e-03
1.850954246295138939e-02
4.961238776491000424e-02
2.736609801128384034e-02
5.115879096014538940e-02
1.737718242164977209e-02
8.276930486115604418e-03
9.078586969328231865e-03
1.256171139311211896e-02
8.620089750198726107e-04
2.547102181053218298e-02
4.126783864769141899e-03
1.252119949460697018e-03
9.846988828826142015e-02
8.252094521482480211e-04
4.052330375584069916e-02
8.198685334959552110e-03
1.160708999322944369e-03
2.374485065590522040e-02
1.613742655082981564e-02
5.489746910947867695e-03
8.343480670229006316e-03
2.337662073566415533e-02
1.329587661674465349e-02
1.781958678342210681e-03
3.726431338765048146e-02
6.135306601972444207e-03
2.744171680684692749e-03
1.780463752854707926e-02
1.266116833823809767e-02
9.147151861968343123e-03
1.260649037545078302e-02
3.279309492166919415e-04
1.023563948177384428e-02
2.366415136033276495e-02
1.022023453318432820e-02
3.648362044693428952e-02
1.989830322720110428e-02
2.120625388652378276e-02
6.003671450575827004e-03
6.374238062283341631e-03
1.276097532349814226e-02
2.707296818689564066e-02
1.019936988778201784e-02
1.137002182478077245e-02
6.057853406422057663e-02
1.286455060777948189e-02
2.111770760616291098e-04
6.686729696966658629e-03
1.475521484844755093e-03
1.401663704728035691e-02
7.037767572434953066e-03
4.243972560525209083e-03
7.218140433591656996e-03
8.626448679063159972e-03
7.209766905942487092e-03
1.290168462706777625e-02
1.280592855675494190e-02
8.578639794331663695e-03
2.725960801354589819e-03
7.167402167512146316e-04
8.734536538981013676e-03
2.381897492581824816e-02
1.013415495737531036e-03
1.181593104332942859e-02
1.003533279025472548e-02
3.382116896565761505e-02
7.404165819803345747e-03
9.130283144720512806e-03
1.407273631799307347e-02
1.627558737041429754e-02
6.503673159736333281e-04
1.205249307749671917e-03
1.842391572873006492e-03
1.931947303067065719e-02
8.493947938890017771e-03
8.087994706707284098e-03
2.825488351208985810e-02
7.066393608018497335e-03
8.332921970191878303e-03
9.243325079359265839e-03
5.877672581833802944e-03
2.442350314626078739e-02
2.309012979914815133e-03
7.529016284444668694e-05
4.157516826521472780e-04
1.645655256670182712e-02
3.871473589018094991e-02
7.544017791277259077e-05
6.738361831324647363e-04
1.052511742147096453e-02
5.847119287147178879e-04
1.744113168687211335e-02
1.288729448731144867e-02
1.749108562923192348e-02
3.330399383275096936e-02
1.816718196222515819e-03
6.121010509332709335e-03
1.561566963732690001e-02
2.284477676984451519e-02
2.254899376494885754e-02
6.811612529330075307e-03
7.580753717610170042e-03
6.549060864666045138e-03
3.547744480318059529e-02
3.350669329117390155e-03
6.318538571318287229e-03
6.742270758488650220e-03
8.711223493121856426e-03
2.355464878838725226e-02
9.684905880543763501e-03
6.516160204199555710e-03
3.449170137450044069e-03
4.554237025062213978e-02
1.305243087087381779e-02
2.558291110426443374e-02
5.692060946807084645e-03
3.452520955175035142e-03
2.699776635737046598e-02
2.942242609198659348e-02
3.689735895007322138e-03
1.520826142557851063e-02
5.251730522624526581e-03
3.669677228882151174e-03
1.623335404368581730e-02
3.831486376803165672e-02
1.678135128537774218e-02
2.038720684755967669e-02
2.243299728886538613e-06
2.409382108281881221e-02
4.241735552107758767e-03
6.288010821032075787e-03
1.411155258930330871e-02
1.032414187575909914e-02
2.986848287375568414e-02
3.984791681629293487e-03
4.131125525492680001e-02
4.223193403205878493e-03
2.405121249125769661e-02
1.666234069522382760e-02
6.754656746970380543e-02
6.123638924601149808e-02
1.252140456629058374e-02
5.311265467774016480e-02
7.376935524317868031e-03
2.730993517275848159e-03
1.103869150919653715e-02
2.148422708819285910e-03
1.475213711174605188e-02
2.877373161773298313e-02
1.981774521539719780e-02
2.608697246519253721e-02
1.371102583664421219e-02
1.899873072949806105e-02
3.972819638148663082e-03
1.079041029068967053e-03
3.431407120300394853e-02
3.649919691626132834e-02
1.137227164964060844e-03
3.209545730441358546e-02
1.088725842728900314e-02
5.553299634493089401e-03
3.188108242101994616e-02
1.168297296999012448e-02
1.652152261522369867e-02
5.444793781271793642e-03
5.911363099948471755e-02
1.977011808162913720e-02
7.324239045836677953e-04
5.228892663729689874e-03
2.081723224876379577e-02
2.650605538503070235e-02
2.309683275420446741e-02
5.310113767518463701e-02
5.845007444152641035e-03
2.149984916738940585e-02
1.976854437543943202e-02
2.621893865754783975e-03
1.230309803379456279e-02
8.392126195112481479e-03
2.509050112403338542e-02
7.085238779158909914e-03
2.345323235313413746e-02
4.223204530372699078e-02
3.572595994603819901e-03
1.748795378222521568e-02
6.832025777587746179e-03
1.265193511183666450e-02
2.068917941934609109e-02
3.604839022414352279e-02
2.334295946451546422e-02
1.404765567604864332e-02
2.314757531367174839e-02
1.031391513912327182e-03
3.213935220553519601e-02
4.758149262967038481e-03
4.450859793354286498e-02
4.947854728438342425e-03
1.003989636100745958e-02
1.870984366220338271e-02
6.228032185013783473e-03
4.429173695122648469e-03
1.204429996121966079e-02
3.717692170974638832e-03
1.659565749390492020e-02
2.132438634030039623e-02
1.370780124137932141e-02
1.616120311955513908e-02
1.355851737296382212e-02
6.927979952204010861e-04
8.139223302104394570e-03
9.277609220558282604e-03
2.362443964223615543e-04
8.178418791885437231e-04
1.360122540954243620e-02
5.293184529041458641e-02
4.967616854777627371e-03
1.086829336051075949e-02
1.365839672727251798e-02
1.339961610244794904e-02
3.947690282207846901e-02
3.879450597634293615e-03
2.777945262139072322e-02
1.228534715916345006e-02
2.143626380113690388e-02
1.453967557550081384e-02
3.304668226644789930e-02
2.686950121159278893e-02
6.638618411544151832e-02
1.774402715697169942e-03
1.328033331936454876e-02
7.175304335706760538e-03
4.420980835400414562e-04
1.979176219695072056e-02
3.020307145574174096e-02
1.604904494803873621e-02
3.069470860082879754e-02
3.546577012874414098e-02
2.260318324731094841e-02
4.514495005566388636e-02
1.410054380424505607e-02
9.092960554386247604e-03
8.536610527290237546e-03
9.142616912363885073e-03
3.751847534602038847e-03
1.084624898968019995e-02
5.912785476805074852e-02
4.577663558686708573e-02
3.532934564872402053e-03
7.852230137221589967e-03
2.975080199912937332e-02
8.364322752777181291e-03
4.033624542960016768e-02
6.615070090383349047e-03
4.704037604524281824e-02
5.819103336212491824e-03
7.760186558284296043e-04
1.473374664836323879e-02
2.663199658109999951e-02
1.690516478095412806e-02
6.320215269698660487e-02
2.028154861084292826e-02
1.665738269217969386e-02
2.088206193351507117e-02
4.504372998282843085e-03
5.033523510774865622e-02
1.528650491863669039e-03
4.242659546851115793e-03
7.112880609001115406e-02
3.491606456707966460e-02
1.522229505986701960e-02
2.666821077546958213e-02
1.502752782931708435e-02
3.744885835777735095e-03
3.939442082219158162e-03
3.334021483252248494e-03
2.109993564346479555e-02
4.581724961190336218e-03
5.220979040337680316e-02
2.510638750639306027e-02
1.059281351473241595e-03
1.529825702688731616e-02
4.445614530148194951e-03
1.021842107907621876e-03
5.691575602782646820e-02
8.479996646703720151e-04
7.257154844689885087e-02
9.717233561585898044e-03
1.085540290151841558e-02
2.077558696741088617e-03
2.156034111288394547e-02
2.207862225796156097e-02
3.726087935894161624e-02
1.810418379858425714e-02
3.335220981220855113e-02
1.969232231061321392e-02
3.162090126614798546e-02
3.087478290479874626e-02
1.303604946645716377e-02
2.853705417573087003e-03
2.965587844792974548e-02
6.257386954253124633e-02
3.569100871983959394e-02
1.585480063030806491e-02
9.069239659076293314e-03
4.482690834946583339e-03
5.302347674314254397e-03
9.960407544658069628e-03
7.839781623762765925e-03
1.966415195297239321e-04
1.607587617943546238e-02
3.633337652481673230e-02
1.578259633386528901e-02
7.273796308193627644e-03
2.572952472258508219e-03
1.771737125877463626e-03
7.608489931037053233e-02
1.092828429232007778e-02
5.681980846789543536e-03
3.236254326453739515e-03
1.766656562555037752e-02
4.305186028948869252e-03
1.423978222084592432e-02
2.447761178698078591e-03
1.503555533094104966e-02
1.002054098134111740e-02
4.987240696781251870e-02
5.010083318347145764e-03
1.234463405795467074e-02
2.111726247151881827e-02
2.056228788420422227e-02
3.265030481946419594e-02
1.965187782792911925e-02
7.832953706436728697e-03
4.169722328616585171e-03
1.661872585963412169e-02
3.844930061753411288e-04
5.077957135373777423e-03
2.390242687481942963e-02
4.337388024121719560e-03
1.583203866121721259e-03
2.027890386251933290e-03
4.502908666479905897e-03
3.998912825669086180e-02
2.413668070111538166e-02
9.645305669050828479e-03
5.407420387779451366e-03
7.005275558281064130e-02
1.003399463695215932e-01
6.496294947721038479e-03
1.250065967726538517e-03
1.626851616913284684e-02
6.002969804750658833e-04
4.612267232729051931e-03
2.005060086221719870e-02
3.683209826122468833e-03
3.838314747595101412e-02
4.401614496010565827e-03
3.089683793992865565e-02
1.510043032205395444e-03
9.699951377495536625e-03
8.336957636576507527e-03
5.005331115310815600e-03
1.235802989090577751e-02
7.033610211232308590e-03
1.177648846598479231e-02
7.514290221435080200e-04
2.132404898252380707e-02
8.594246955455306716e-03
1.057564108505996449e-02
2.722303328694940239e-02
1.445969693497368112e-03
2.444147766583228132e-04
5.795398262719429761e-03
9.235517819263825562e-03
1.090947043944925227e-02
2.243426540592376867e-02
2.211766730892102129e-02
1.599705788273272228e-02
8.452125683603133044e-02
2.218390919530421890e-02
1.892200957261357119e-04
7.109331066110617832e-03
2.832879239008072314e-02
1.732931078669414093e-02
2.743556954577654194e-03
1.899301657762758264e-02
2.126225416815936617e-03
5.051330690690858383e-03
2.327427540454075558e-02
1.268582767844545628e-02
1.198054897815198968e-03
1.999471245881410258e-02
2.961896839208002889e-04
1.791150093344997044e-02
1.302209716081233898e-02
3.551024938908771758e-03
5.174352677004714560e-03
3.763796359319805489e-03
3.211283635554888077e-02
5.358745890652997362e-03
4.667106730383183133e-02
1.256884429131813023e-02
2.381738124116999228e-02
4.519158663229948941e-03
1.727453958466445769e-02
9.132397763463567103e-03
4.830687505168317075e-03
4.189718396745521073e-02
1.768130238043211927e-02
1.749252632664294316e-02
5.263049811375363624e-02
1.115879739831013989e-02
5.583319778467753583e-04
2.883709142515050727e-02
5.091353083621436015e-03
1.865204750863383443e-02
1.359127459657456273e-02
3.835454874685888249e-03
4.144229520189585125e-03
2.494875324504904415e-03
1.127565629742164136e-02
2.973839056258880537e-02
3.463625442488986114e-03
2.084695923021737812e-02
6.821098100183685398e-04
6.046464417019163651e-03
2.452624159361656980e-02
5.054766746391527177e-03
1.849662973008044109e-03
6.837792818962174640e-03
4.067264885460420559e-02
1.389276304399356468e-02
3.181211504593073336e-02
3.066669530995861596e-03
1.942621058439649925e-02
8.228575147301051690e-03
1.249832633046840148e-02
1.605982195801965509e-03
7.567831673717913613e-03
8.308623717714887225e-02
1.744720855570842943e-02
1.041821197701850183e-03
1.315879983684215271e-01
5.356792652858851159e-04
5.661440297824111081e-04
1.968388676089491418e-02
1.898827431274048225e-03
6.615443321670183910e-03
3.091348598900765798e-02
3.613332432545426909e-03
1.112417220033005624e-02
1.127244274360022017e-02
1.704260461345203856e-02
1.509458108989173396e-02
1.147123112815601198e-02
3.511307522317094754e-02
1.563830190507396528e-03
4.008263713227239178e-03
4.297475577423882920e-02
1.853698207868857521e-03
8.080063078234167584e-03
1.894608053535234982e-02
1.085147836027786777e-02
4.376870500713340301e-02
3.808125020214445794e-02
1.210460022914330511e-02
3.330794862808739154e-02
3.827772813082129522e-03
3.353702774056111641e-02
1.314278050150342360e-02
2.740041473306793415e-03
3.309541964682694015e-02
1.316880567093763228e-02
9.923711983354729232e-03
8.743272289942145836e-02
1.617937817443544299e-02
3.617636187349943661e-02
1.061115358333273792e-02
3.611111342535028301e-03
1.205039846222801447e-03
1.406707631348464924e-02
1.266633812995736352e-03
1.208323994727536141e-02
1.380841740212590540e-02
4.435689594640644662e-02
3.978977064375202599e-02
1.833227748479614519e-02
5.869000936695884657e-02
9.491369957066388315e-04
4.185638833860026720e-02
5.045437366852618954e-02
8.078931744241388269e-04
7.766054561087240137e-04
2.321184778778884183e-02
1.945844481765925810e-02
4.137003331242045806e-02
4.493463326232872979e-02
8.656033125748616858e-03
8.358818138694996958e-03
2.580180568372283934e-02
2.954384030882228201e-02
2.280260824027239078e-02
1.809358575357820909e-02
6.188089535952904369e-03
1.159997935009317999e-02
3.540906344720748389e-03
4.524981514374709635e-02
1.888249853357882452e-02
1.183215618088454858e-02
6.195809600295057451e-02
8.686400160828975509e-03
2.115805042637169953e-03
2.332730907344893537e-02
9.247464600872289803e-03
1.477440241107753557e-02
4.967921041695686976e-03
3.045689582944612062e-02
2.610492856904133435e-02
2.940987634968214928e-02
5.153910748379816192e-02
9.870587337812798678e-03
2.095887421657440658e-02
2.386504924115590356e-02
7.800100082621489427e-03
2.413398006185223967e-03
1.035656729649470607e-02
4.914240319599766198e-03
2.862427037627204504e-02
2.566638086748890268e-02
3.164626142892967148e-02
6.799799012012493898e-03
1.312076283153456105e-03
1.299330557836573738e-02
4.155006063277399964e-03
1.013556844566851009e-02
1.361407796433657114e-03
3.562142242903014455e-03
1.600417722922593128e-02
7.868179183275955668e-02
8.830206153781321177e-05
5.382251189103379879e-04
5.024671751890295857e-02
1.149026369794145172e-02
1.549712403179893949e-02
6.236431174177894943e-02
5.790592227550180743e-03
4.995364069699834847e-02
2.474157965041878099e-02
3.850629758264235286e-02
2.956221403914556511e-02
3.094125398444306368e-02
3.673246331354994287e-02
3.418101517265051403e-02
3.359270889295706830e-02
3.273786043952798402e-02
1.825081725430494073e-02
5.817786306684369010e-03
1.277709633390773647e-02
2.594492799395500815e-02
4.919045707269203288e-02
1.860611884373406660e-02
4.701319795180276817e-02
6.933896889673857311e-04
4.007116872249329859e-03
4.932363896743117634e-03
5.578677841106063906e-04
2.822276412261518624e-02
1.658476441831506498e-02
2.166945320446685141e-02
1.934672980908014664e-02
1.645076822980114789e-02
3.622772029438422851e-03
1.014892034662679722e-03
1.396350568922655883e-02
9.623528752225026309e-04
3.208822324320442093e-02
4.132686423287385002e-02
1.339344326820323099e-03
2.592052423360802910e-02
3.913881710004009362e-02
2.433093137724571739e-02
3.336808548022471288e-02
1.663974414132229906e-02
1.906070657548587788e-02
1.930033126864979728e-02
1.455375175096758344e-02
3.136331206801245414e-02
3.505710093214018525e-03
2.585606869389867751e-02
2.328307063996511508e-02
2.345136338624083730e-02
3.222730178927316058e-02
3.338671203154159467e-02
2.997891812054981342e-02
1.867567810127685086e-03
1.634598252774862454e-02
9.444369511470551010e-03
1.576412484117586596e-02
7.031069562117597815e-02
6.758116512267698522e-03
9.777373961863318821e-03
3.858030335401305827e-03
9.284747685880303386e-03
3.187090024640892687e-03
1.385630420642177188e-02
1.478826799039306694e-02
4.232508294391601651e-03
2.992184650865021070e-02
2.960452010108068077e-02
9.590682214273376499e-03
1.291924759427719172e-02
2.726840815607547985e-03
3.259582992696300613e-02
4.129155054121096124e-02
2.827286478164277306e-03
1.489396898909316896e-02
3.398011553373187638e-02
4.572758936217235365e-04
2.284593417485804301e-03
2.239681649006296932e-03
1.883591409805656508e-02
3.572886801615300645e-02
2.255874297762579250e-02
5.006281588734089183e-02
2.071381697944452843e-02
7.646252635942553388e-02
6.911891601451905509e-04
4.369925114692629203e-02
3.038141950440836989e-03
2.609497043939222605e-03
1.216240610347362437e-02
4.382806060883524119e-02
6.207737846605749545e-03
2.312213026411374939e-02
5.121207821157779810e-03
6.580791176806579691e-03
6.194201142723267106e-03
1.631909539134605413e-03
1.097138792535537477e-02
2.195666899787432000e-02
2.160711075929548294e-02
4.679608280253166191e-02
1.278491368712684345e-02
1.784511323219775680e-02
2.299584435937514215e-02
3.186093998409680883e-02
1.504013271848461068e-03
8.828534819305594583e-03
4.631211335345684216e-02
1.222371734051147865e-04
2.422361022736918557e-02
8.174377541741821573e-04
1.198717734535430929e-03
1.041545172407606912e-03
8.763989537965213850e-04
2.817519759019108949e-03
8.477384457406937981e-03
3.794092015254782457e-02
1.532011856882518289e-03
2.469327599287755512e-02
5.352040319093297541e-03
1.879572527890040201e-03
2.614933471949891161e-02
1.428388779710084398e-02
9.945954002020510401e-03
1.965734189505098997e-02
3.192402147815158551e-03
1.371902859299230443e-03
1.134562840875462213e-02
1.269620453279297727e-02
1.478387895697650875e-03
1.307860595399412164e-02
3.296030482994562194e-02
4.373624960522522198e-02
1.380009400289043675e-02
1.496940374136710404e-02
1.264418195445725195e-02
6.048181000276107999e-02
9.790161639500204876e-03
7.235349015721405375e-03
5.026139795420318801e-02
7.410659001869293779e-03
1.665992591926193644e-02
1.350920800458730794e-02
3.263853252507212341e-03
4.703511814114661599e-03
4.093830899918121484e-03
1.645656235829461023e-02
4.807102864495106306e-03
1.556293680502324889e-02
6.479126518936024343e-03
6.269368718616160491e-03
2.558392358908292020e-03
5.571388665358039533e-03
3.186846118493658064e-02
3.891841078781778374e-02
9.077629423780812778e-03
3.527490954696954617e-02
1.516241548668739031e-02
2.853193139362145483e-02
1.676531863972030578e-02
3.240178763467080336e-02
8.189204634461358726e-03
9.301033779807198199e-03
3.812251689053128278e-02
1.752690793762138460e-02
1.254337117590903494e-02
2.618333987382603922e-02
1.216945289106791464e-02
5.459651639041986776e-02
2.124997582423318251e-02
1.759617397998437457e-02
1.582370278379732417e-02
8.753317373955751823e-04
5.642200870323459128e-03
2.115769595673647196e-02
9.480470177244227498e-03
8.873695412148267792e-03
7.333977205601673044e-02
6.786802189941284688e-03
6.369276829313512064e-03
8.237845911802071496e-04
1.945337177090316477e-03
1.862252840275488083e-02
1.103044392974981969e-02
4.973099469044749144e-03
1.427917220951512370e-02
1.494782863461385780e-02
2.592107071727623585e-03
2.364324592903389866e-02
2.691665011944049252e-03
1.287874555984429813e-02
2.040401590016487077e-02
4.221588941879566431e-02
1.375315217275431198e-02
1.700516578348768015e-02
9.962564366234841207e-03
2.812338820648472085e-03
5.819797651561630855e-03
1.028193579875915503e-02
2.601944129340084955e-02
4.283834647802105960e-02
1.433978404846110444e-02
3.286840535715827849e-02
2.133898695437718221e-02
1.671455844241119537e-02
8.440143034002249578e-03
2.323723370224347815e-02
1.680194666952010071e-02
1.047673945657311839e-03
1.551892987941545787e-02
3.929103183904809546e-03
4.089997439589368108e-03
2.382047072278354119e-02
2.026738682411449548e-03
2.766543118231919174e-02
4.394116742488622662e-03
1.227309769686949284e-02
4.670872769102274447e-03
6.567760967325223138e-03
3.668221766638691487e-03
1.683668241994195486e-02
5.593225799844449633e-03
1.449969063106629902e-03
9.001897175852167921e-03
5.231128376577683786e-03
2.444077429565283399e-02
2.101519520708197003e-02
1.292399257883717701e-03
1.315084900935488323e-03
5.677830246319138727e-03
1.664422524899504194e-02
3.617755104906583696e-03
4.802555988518472652e-02
2.357658839837245904e-02
2.299321720205691616e-02
2.661337464943762735e-02
9.928791542773013346e-03
1.381262930126567548e-02
1.193081027681825584e-02
8.023739810124649874e-03
2.685678924799509912e-03
9.246887606873943968e-03
9.980568048091500825e-05
7.263514175716185087e-03
8.010153821250302897e-02
2.675068107277735543e-02
1.510526974556922891e-03
4.929228838536455458e-03
5.006856628303836543e-03
4.869430565378851487e-03
1.612902615386446054e-02
9.955525377585950578e-04
9.581759797923427441e-03
3.415326311728271447e-03
1.990948405198223262e-03
1.761513303254612361e-02
7.837538201634540458e-03
4.359117146251855618e-02
1.702473793386193729e-02
9.048231971328800707e-03
6.481894887787862519e-03
2.048128584430723015e-02
3.281661830237209143e-02
2.413846324422171726e-03
6.674625962445579486e-02
7.456938959796596822e-02
1.546793783002670813e-03
1.982268398359631617e-02
1.877498768917446048e-02
9.017059820542622575e-03
3.090997445432232260e-02
1.348131074535264054e-02
1.894158008757573439e-02
5.596117877986559602e-04
2.492880893808197690e-02
8.774275605910685991e-03
2.945111820400714980e-02
1.065961836226377024e-03
2.255738540696634181e-02
5.372923655398714401e-03
5.495837158662102498e-04
2.388671190447048606e-02
1.550270681204073651e-02
3.208856660575005668e-03
2.365156719746651370e-02
9.950649470721288983e-03
9.116319858115356015e-03
4.226215460738729640e-02
2.563323927591171572e-03
7.282138546334987472e-02
1.492023380268375603e-02
1.176301109456322908e-02
3.511031910389270441e-03
2.264145926975946743e-02
7.099091543335957905e-03
4.407801396524119175e-02
2.219853448372839655e-02
2.598538469609650708e-02
4.068478814463561202e-03
3.401635307654795465e-02
1.201347380508481846e-02
2.213305884328327713e-02
3.191205281771015284e-02
2.272402664103987530e-02
1.655818179623027783e-02
1.937477743761285148e-04
1.365274071420994988e-02
4.100578053328739897e-02
1.834830526302285575e-02
1.520177773072343280e-03
1.822021554661542447e-02
4.731009462279670702e-03
5.734815881647919479e-03
1.273344933264956673e-02
2.459757857624657838e-03
9.619013839449303514e-04
1.822725547785803563e-03
2.272625493217884235e-02
3.500577231125755195e-02
4.361478784891845151e-02
5.920346118430244720e-02
4.000142645792539170e-02
2.118153992480906883e-02
2.302697339440928741e-03
2.703408312725547741e-03
6.681641848615499368e-03
7.569239539301836350e-02
4.301306504411046838e-02
3.105589856745613608e-02
3.684983478760811126e-03
4.900012276706731257e-02
1.106606684821328027e-02
1.025718330599438566e-03
2.387281315764534090e-02
3.905733975537377389e-02
4.495358960412679586e-03
4.818845653010977309e-03
1.641764498465940469e-02
2.273294977066522837e-02
1.037901957187766788e-01
1.055630074203253374e-02
3.510508487871116801e-02
1.904977017293237734e-02
1.173538970900290732e-03
1.946847757097212861e-03
6.510649995646001706e-03
5.976797940519579938e-02
1.250291193922498101e-02
1.219156631062805196e-03
1.144359804916824513e-02
7.421004299399230897e-02
6.467153624024779557e-02
5.463753443784645503e-02
5.456402648936853339e-02
1.335983784637741201e-02
1.097902562970612048e-02
1.503996844622802406e-02
1.407640949321532775e-03
3.809207962106435363e-02
4.861085645534372890e-02
7.931680339021808870e-03
8.603056959265373282e-04
4.464225691283864317e-02
1.438248581308921269e-02
6.739874669220682207e-03
5.340739499434894733e-02
4.019104280803150603e-02
6.721341534627493786e-03
1.372280933193282398e-02
8.042771496764276190e-03
1.512223022594286551e-02
2.104942082826262786e-02
2.413263680004324938e-02
9.719038365110564681e-02
3.710695376558874325e-02
5.658424630289753121e-03
4.303505595126990552e-04
1.450377297449991464e-02
2.424317099319299104e-02
1.314659037658871474e-02
9.274758385320529958e-03
1.196281304853668258e-02
8.620644649139995452e-02
3.891594088887156272e-02
4.220270314269387174e-02
3.593253290415188150e-02
9.020999810440494260e-03
5.317007312877114304e-03
2.670383412530980341e-02
2.592807258419731892e-02
6.331798198566745972e-02
3.178804534262828774e-03
2.518817701760342476e-02
1.590482041597017504e-02
4.478024314888492952e-02
1.511741231685626019e-05
1.719268966743682514e-02
7.734777836914914079e-03
8.213067039182650464e-02
2.096226345991590578e-02
2.159689417398611561e-02
1.356049628514185154e-03
1.774120592865281038e-02
1.117716545512762762e-02
4.236092937274167636e-02
4.383929361069588415e-02
2.132488976799940678e-02
2.417640664385743710e-02
9.358900555714554093e-03
6.146340933048612468e-03
2.486167149828397843e-02
6.326179915224753106e-03
2.177366744110140542e-02
3.253145452115443342e-02
1.907376624970835710e-02
3.794628562349607742e-02
2.643403348677618794e-02
3.253714684243155103e-02
5.164072608865998004e-02
3.008737282439027938e-03
3.542884053327161747e-02
4.329529627546013781e-03
2.193360319559706229e-02
2.027639552444416432e-02
6.468775650281298820e-03
1.143197059272181744e-02
1.133102571848639412e-01
7.937843229265649850e-03
2.984447419085676026e-02
1.073161453017700342e-02
6.937884989486733933e-02
2.640804187151788579e-02
2.661207817577577669e-02
7.853724634972920893e-04
2.093350414230860795e-02
2.738661601459707259e-02
2.072227903534851548e-02
4.988158230627788570e-02
1.419407534876566609e-02
1.244818876120906692e-03
2.499246582419256679e-02
1.286742016391866257e-02
3.853997088813271299e-02
1.098033881870926799e-02
3.278541931681819982e-02
1.380749469011714747e-02
5.204041004240766988e-03
3.007911413131162184e-02
1.483768915559238039e-02
1.928917385044575175e-02
5.476531778422926572e-02
2.430867903400728974e-02
1.003734511925401529e-01
7.931339303946879525e-04
8.101363672553332784e-04
2.186048115113481405e-02
2.818769402956771558e-02
2.005757644261779282e-03
5.998648434034793003e-02
9.844175223509391698e-03
3.459771755029211748e-02
4.627212326888825375e-03
2.208379093506662033e-02
9.917107857732233855e-03
1.875717890293543064e-02
1.548232438289221316e-02
3.515665825388238075e-03
3.916538441422288269e-02
9.039122382612035933e-03
4.175846482614849198e-02
2.369912249954832933e-02
3.768981848031951326e-03
4.578203600418884189e-02
2.348389664330843146e-02
3.219355606584910212e-02
1.360613497476526740e-02
1.120891762596773131e-02
2.901236594011309330e-02
1.291944401928439741e-02
2.305504858327709836e-02
1.690086559950359710e-02
1.693861003435131324e-02
5.764419076851334811e-02
5.123735837753635482e-03
4.679958237857875791e-02
9.342265623226032184e-04
3.689385438659665423e-02
2.733364725270513024e-02
1.902201795635487247e-03
3.683961241148918028e-03
9.032031595885711694e-03
1.890271410535714416e-02
5.645405400467900375e-02
1.088867828403456209e-02
4.071781291074120374e-02
1.640052580326129689e-02
1.321367994481820012e-02
3.616538992861488555e-02
5.651498306510869228e-03
2.014421996002811396e-02
2.406234870377856744e-03
3.937155664647703536e-03
4.860760538370955015e-03
1.374408293033607675e-02
1.837409238482758458e-02
2.820554396011831777e-02
2.658869093018488908e-02
2.844486095021137376e-02
2.088304381379448016e-03
1.851835671187735191e-02
1.433972603186479435e-02
1.643553345584658834e-02
1.505858498403658471e-02
5.697758811321185918e-02
3.996113607863045064e-02
1.377191411243968572e-02
3.066333696319377064e-02
3.194548297329273794e-03
3.465839076840828564e-02
1.467399738097262263e-02
9.396068172601166474e-03
1.110545985834065184e-02
6.307129900353796587e-03
3.826896749533514885e-02
4.223593146322509456e-02
6.079344925683377587e-03
3.105195759206103023e-02
3.578334944201154444e-02
8.001332415049022817e-03
6.660894638188480030e-03
1.335219124020131307e-02
3.608469572980351620e-02
2.847070840201715997e-02
4.279712588507681575e-03
3.400041195829619362e-02
1.779911112075008989e-02
2.180497620511479689e-02
3.561970588756116496e-02
6.359874626745713744e-02
3.009361995237364723e-02
4.583031683265821957e-03
1.604338529928872950e-02
2.438589287184439458e-02
4.223517045795808361e-02
1.283509836307497598e-02
3.613397271138468758e-02
1.450518487477741314e-01
7.793078366900711706e-02
3.177392931078007465e-03
1.012873636998888605e-03
4.430500324140157486e-02
4.409154284391803014e-02
4.648499820580220820e-02
4.145051033139551810e-02
4.283944560093990751e-03
1.425348394507633572e-02
4.730359444561973992e-04
3.950795983108085913e-02
9.084654303347450624e-03
4.668252752568172181e-02
1.050038099426170955e-02
1.010006196574611374e-02
1.347375825075795147e-02
1.943178432846697640e-02
1.891751808180335698e-02
1.757849988647679218e-02
2.629146773570727180e-03
1.631596942774926617e-03
2.998674973918254161e-02
5.761211654317359432e-02
7.624529830067182379e-02
4.037127277506519230e-02
8.832643063873258510e-03
7.819226067224724352e-03
2.964053929632511769e-02
5.984664496361181280e-02
2.105050787965653467e-02
3.731647334160299173e-02
8.020395895453236168e-02
7.345368048628700408e-02
1.455326200372189169e-02
9.065684673734339654e-04
1.319651085783239003e-02
3.952596399438398911e-02
9.520941033381228116e-03
3.065660403785694377e-02
2.289346630947083905e-03
5.069397891525037614e-03
1.006083517452001364e-02
9.248278126163579638e-02
6.110000117299288318e-03
2.615145710730639589e-02
2.756779445129897352e-03
1.821524337474716287e-03
3.051179418627212453e-02
5.569053543894266455e-03
2.500187424558907370e-02
6.387370654397352132e-03
1.672815613751357788e-02
8.476387098400673184e-03
7.256949188628546155e-02
4.201451085148216053e-02
9.264453586807264857e-03
1.994398207699263695e-03
2.599856401060656949e-02
2.687977428480805425e-02
4.246041659668087914e-02
4.809545305418143346e-02
1.948351785821591034e-02
7.859830653890648167e-02
4.556789784490846568e-02
5.761872743679483794e-02
2.587886524844981370e-02
1.127143674820616989e-02
3.207025659430325082e-03
3.548716681031143655e-02
1.156262238973995715e-02
3.587189912647641837e-02
4.470535227206716422e-03
1.277276874000046400e-02
1.860092913845364307e-02
1.914490180701112002e-02
5.316180160305446906e-02
2.167264584001239724e-02
2.051373718945252722e-02
6.216381157051968642e-03
3.853788474836081918e-02
6.702690110082452565e-03
3.382768404415746610e-02
1.017160785959159153e-02
2.013059516011533531e-02
2.238442344349160507e-02
5.219858664943129167e-04
5.087240546491998694e-02
1.380189580808953258e-02
2.550039804223267880e-03
3.882786334249213600e-02
1.193626367034180541e-03
4.324735282383016834e-04
3.301570415557454619e-02
2.046674647471639213e-02
3.856116419823835129e-02
3.814810408504636791e-02
2.602918966974931275e-02
6.013725197859367058e-04
8.495411207937231257e-03
6.619422755264831038e-02
3.291799376179756209e-02
9.870949861051645305e-03
2.559722581068399339e-02
2.310127546542714919e-02
2.758889290196063493e-02
5.063909332238068772e-03
3.447619028290866555e-02
2.257017455053905025e-02
4.709906441143235645e-02
1.866880344202212494e-02
4.450623748009668867e-03
5.499568934617057869e-02
2.757332084427618901e-03
1.867386097973704195e-03
1.843023461192961482e-02
1.291664630107608458e-02
3.070338718111811915e-02
3.709438584633475977e-04
1.404477967269958383e-02
1.553028711359275005e-03
2.470166356821599379e-02
9.718733976397168212e-03
4.257636008172656535e-03
2.346487209543496669e-02
1.861901095537894790e-02
3.424590884203938812e-02
2.724321818761718181e-02
3.510118585519497736e-02
2.042736143783171338e-02
3.384529272283609558e-03
5.666856365356132130e-04
7.229445222725063014e-02
3.231976625150442817e-02
3.132870955501351751e-02
1.165877587422058798e-02
1.075571208131489813e-02
1.548102256839281946e-02
8.826877436888357423e-03
2.112422137962901778e-02
3.734521193601360312e-02
5.461873910130907173e-02
1.230206609253237451e-04
1.756780822216863491e-02
3.620504389075453883e-02
1.524196512962067585e-03
5.319733003707002687e-03
5.873012219454695239e-03
3.110257366655269900e-03
1.948730082558131418e-03
2.086877720384160313e-03
1.494913964561425668e-02
2.746320313991912777e-03
2.162855925684741693e-02
9.571168992324725986e-04
2.375685861717436766e-03
1.006203397240650055e-02
1.116579083351450230e-02
4.239598364977024969e-03
5.591852166821911774e-03
2.188952709272799085e-02
3.662778489820248812e-02
3.711258945235836049e-03
1.454773224347147287e-02
4.943241195116516995e-02
4.195240822979907566e-03
4.232009492165515752e-02
2.985029367842255074e-03
7.882423303173236029e-04
1.907009540739077608e-02
5.681440746370572392e-03
1.667608392902365441e-02
3.406702286168621086e-02
4.735520817137393174e-02
1.628662726609724984e-02
2.786855544915987221e-02
6.370451890661103789e-02
4.637157330819247254e-03
1.559764906803109974e-05
2.351840157244454443e-03
4.868574079198849380e-03
3.587564512706006153e-02
1.561588111217437902e-02
3.769518022189072282e-02
1.303298719353598693e-02
1.086672509339754560e-02
3.077716187034067359e-03
1.561559777989614262e-03
8.986240738537099038e-02
1.101859004010146553e-03
2.269915743631048533e-02
3.207816522114918800e-02
7.022276213759594266e-02
1.210104953761879931e-02
3.687589646841436548e-03
9.546366774908071617e-02
6.332295301072848881e-02
2.215864029542210373e-03
6.059763770922909493e-02
1.268953838261165090e-02
2.342227574299483167e-02
4.516917083255195253e-02
4.616882161863701539e-02
6.463343018205010282e-04
1.262663551063455958e-03
1.791275119201024210e-02
4.882074686426038368e-02
5.451402582235755079e-02
3.805046121051052638e-02
9.075608165476639969e-03
6.714624161836824090e-05
6.869463404379366755e-02
1.538059148609649714e-02
3.030489260534911800e-02
8.941141073508615533e-03
2.264471333263358855e-03
1.626016973146833175e-02
6.042569174309682378e-03
1.531820448349168265e-02
5.552139728570074486e-04
6.906372221277315426e-02
1.413441979567345080e-03
5.670513119192581442e-03
2.332729477639390592e-02
7.983991071835346010e-02
6.255501009611003083e-03
3.715000984054835781e-02
4.683739162011105184e-02
5.484066002170856491e-02
3.296124091331816344e-03
1.919258096873684843e-02
1.101607233810312364e-02
4.106811104648541710e-02
5.115828496866135083e-02
2.008873154940324368e-02
2.118718965972762186e-02
3.374892554634565268e-03
6.034718655646825573e-03
2.686926165055330412e-02
2.940651700703604196e-02
5.816765874424986715e-02
2.810952394621898595e-02
6.906269612540700924e-03
2.892904701998842698e-03
3.489750698110765520e-02
5.434286197504790278e-03
1.447709276911294390e-03
1.130948703195795713e-02
2.589847914257558531e-02
1.465299362007985856e-04
1.291887913827763357e-02
1.265611516289816274e-03
8.814874277737147490e-02
3.330113246733298719e-03
4.148264168777110461e-02
2.091966079537259729e-02
3.300259662190360710e-02
2.460876763780182885e-02
8.069007326215623527e-03
7.856404591933108250e-02
6.737388261865828731e-02
3.197729846296354372e-02
2.963055397851403761e-03
1.393239306280643491e-02
3.820666433304739651e-02
7.491779935385665251e-03
4.640099882268312187e-02
3.926191828204383949e-02
2.262691678994598748e-02
2.205684241296530790e-03
4.332891787256594462e-02
1.646590664203781071e-02
4.078252482852916944e-02
2.284008112455729322e-02
2.072135789234494374e-02
8.553426699902917998e-03
5.706535141089273677e-02
5.696409866718026710e-03
3.450711567041769845e-03
4.122789668460435930e-02
3.974671928058865628e-02
4.832090898142741425e-03
4.111789451924811184e-02
1.369270028077697668e-02
2.589075068831419787e-02
3.323641085555949920e-03
5.518548185258972949e-02
1.634918619478155366e-02
6.011225864268711361e-02
1.806003646157210846e-02
1.445588207952138403e-02
5.734834467842435390e-02
1.599602662353804411e-02
2.520512503327385079e-02
1.518646300716769426e-03
1.704481163661076409e-02
1.632121656768368428e-02
1.000715044644833948e-04
6.193117064305105751e-02
2.155590588696372142e-02
1.987900346595250847e-02
8.074070565766360008e-03
3.393385142108594488e-02
1.352456394879074722e-02
3.266331333714307672e-02
6.466889194946923158e-03
1.851253207527329275e-02
4.281433811775182952e-03
3.223481572900774306e-02
3.560985500416011598e-03
1.728362299765900598e-02
7.686187865488481805e-03
4.374556166363714055e-02
2.875350382362073381e-02
1.607731679687472715e-02
2.951211999118949492e-03
5.086642681706610158e-03
2.004583896117234122e-03
2.757463596877428313e-02
1.070346189034465309e-02
3.517943088680271224e-02
3.942913660284118327e-03
1.514631162670889569e-03
2.299922842464461117e-02
1.323903583043888055e-02
2.168435300824069628e-02
4.595820634131326902e-03
2.915711559717849410e-03
1.692072066934920127e-02
