1.486739828733694806e-02
1.531531103291738048e-03
7.020035822550065030e-02
6.768380052418858372e-04
6.800338466180756714e-02
4.967296202865338628e-03
1.091372458514087984e-03
6.251406220101526565e-03
8.679266624753607939e-04
5.298351443346581424e-04
2.175937257036354364e-02
3.799829356015226034e-02
2.367495383013995536e-02
7.155502775874940033e-03
1.688753874063896737e-02
9.671824501287647983e-04
9.085567678461548566e-04
1.918342786315140741e-02
3.644380259433660334e-03
4.973093727092692956e-03
7.633250236031729162e-03
1.036774131840195734e-02
7.945218151265712181e-03
7.157502014344011704e-03
1.093678192545433428e-02
2.763961396162376016e-02
1.895575231919243570e-02
1.390406356377344235e-02
2.346691765311914937e-02
4.122004651304232627e-04
6.231723933227618223e-03
9.217240584495051126e-03
1.440281622453715160e-03
1.568486436471780779e-02
5.098789919547044858e-02
2.504482891282251711e-04
1.118527217359115492e-02
7.648195723546599364e-03
5.672255072835467871e-03
1.305840015828104231e-02
4.588784321746785730e-03
1.660612344234410620e-02
1.098800845864586311e-02
3.714640538641407475e-03
8.236073229903745352e-04
3.079958762205557699e-02
3.919992376502380235e-03
7.777259028494779361e-03
4.257591365552222847e-03
3.776712242774092620e-02
1.862282936775802936e-02
4.155852925030803502e-03
1.314085819077773568e-02
1.929482800479567555e-03
1.426355254760894656e-02
1.571698174197799086e-02
1.260385380628547712e-03
1.720941749690536524e-02
3.802521057748833172e-02
1.916665226695096411e-02
1.282890956526648585e-02
5.250627699781528629e-03
1.475129270193579686e-02
2.156712222358506820e-02
2.851663556461462440e-02
2.990290084756522249e-02
2.886484327831751254e-03
9.989426193158616740e-03
1.229852471726938963e-02
1.409079127578292262e-02
4.780287445301237975e-03
2.424721481074534196e-02
3.081972195600711072e-03
1.016036073640620707e-02
6.964910169021873692e-04
2.010368333288040446e-02
7.031479892140000965e-04
6.647729330337451281e-02
1.642303332633840429e-02
1.055075968318010260e-02
8.473985993830250585e-03
2.854661120861379936e-02
2.960690013077484778e-02
2.866861870391109943e-03
1.378958553865745548e-02
6.320533320082493203e-03
1.758341652825469534e-03
9.674475810939990594e-04
1.243717562960837061e-02
1.751262051370289230e-02
6.538728073561023146e-02
8.804467604650145773e-03
4.761705444687295424e-03
2.019687052453927965e-03
2.528151929493684114e-02
1.075282677429775097e-02
7.299776527431682538e-02
2.478396501649485217e-02
9.855116555181810817e-03
3.392453299453944415e-02
3.026781380284786389e-03
1.297332910580756803e-02
3.774706372699852819e-02
2.367203645821119168e-02
6.493223073104788072e-03
2.430488529564914235e-03
5.562030961166909010e-03
1.412536309186810182e-02
5.787947392963740424e-03
1.539076687718726397e-02
4.312145074596371482e-03
1.076595032511315150e-02
4.177565153101456263e-03
1.078172160764528584e-02
3.726914407163783860e-02
1.325964235035246089e-02
2.730562875195412242e-02
2.084941690123132477e-02
7.976831745127156356e-03
3.462275145749676986e-03
1.358197813117208337e-03
1.992037264449344688e-02
2.379787597209734318e-03
8.955438258789102587e-03
7.377291826841693434e-04
1.317080207693469701e-02
2.403721194777513198e-02
5.277415532948626781e-03
2.449016431200111421e-02
2.213240286157407838e-02
9.575850583667333549e-03
5.267700257220634535e-02
2.940418954722804051e-03
1.498906627070799302e-02
3.527497165808467922e-02
4.674503864175034475e-03
1.916538006966792690e-02
4.281839299298146988e-03
5.740284869675892077e-03
3.177569907691616628e-03
6.978447081495038617e-03
4.718174445794524885e-03
1.130936273600178545e-02
4.263548466296259234e-03
1.113475650449998605e-03
9.258357181003720737e-03
2.224607241427034154e-03
7.343869398378130228e-03
4.819985406650038884e-03
6.991380291648141565e-03
9.693230459347994266e-03
1.744133279319326491e-03
2.271836890021459478e-03
4.302201903688203377e-02
1.933581785468955344e-02
2.184879540394878399e-03
3.480627930161976115e-03
4.218664452578832491e-03
1.128115574733370464e-02
1.246079511182045761e-02
5.406522564585929634e-03
8.550256642738644428e-03
2.181193592674855047e-02
6.702329540727053336e-02
8.711453248102856914e-03
9.987030814593454361e-03
1.887477258262473812e-02
1.419678990485298727e-02
7.184236547195224989e-03
2.220175046140573580e-02
1.198253045966237579e-02
3.262461209517251125e-03
6.034399178725190216e-03
1.150071811073390821e-02
6.971938397963485523e-03
3.393036763615921679e-03
1.511718810097881921e-02
8.667196150473250454e-03
2.608603832932568107e-03
1.149617098095544535e-02
1.928453032359738958e-02
7.515200537867264274e-03
7.727274305877763344e-04
1.901136920014756537e-04
5.538232741422472599e-03
1.765263390338511762e-02
4.574206964348324217e-02
1.802303603023902405e-03
1.334513634909389318e-02
1.553620292492830131e-02
2.389557667552821493e-02
6.619539652528852805e-03
1.029156120342046392e-02
2.259361238688600837e-02
1.139782437680843773e-02
8.059205867256379052e-02
7.079412769224587010e-03
3.816868867153684966e-03
2.124421964899715718e-03
4.305148664694165295e-02
6.893038079248422698e-03
2.047578653380299069e-02
2.948249338983385121e-02
8.890966421462725977e-03
4.292913237356692224e-03
1.151691509226540101e-03
3.499447112170900320e-03
4.986839874135600564e-03
2.058647435181929636e-02
1.640463342472192609e-02
2.866392825555470064e-03
8.287125964607545969e-03
1.034505056787342336e-02
1.025931498824298946e-02
1.169118965044702897e-02
1.986879535432223287e-03
1.550985741092878421e-02
1.895327504865972762e-02
4.100013698238366699e-02
5.465744319187872124e-03
5.213305780519728386e-03
8.260337510347746243e-03
9.663532488308795160e-03
5.030922098505394117e-04
4.080984848732940005e-03
1.486999890630239830e-02
3.188656203452325949e-03
3.008830126543819358e-02
1.253053405612665483e-02
1.009671744900361712e-02
1.073237480732500831e-02
1.553636900525722127e-02
2.180752168984201843e-03
2.555191403100465566e-02
1.374403881266159783e-02
1.721701115432540397e-02
2.790808679908537981e-04
2.810241301777786568e-04
1.019922697234440512e-02
4.234079870768042708e-03
1.416166193266476560e-02
2.552735455308967338e-02
2.472397458930583949e-03
6.356143076657179598e-03
1.083182491166318623e-02
2.038550826021093970e-02
5.335203854287061398e-03
2.219339958947082192e-03
1.305558620907090045e-02
1.591106490035854373e-02
1.069114759733718473e-02
5.241314361468154409e-03
4.890568921586150794e-04
1.832841639284161009e-02
1.304833467072170038e-02
1.241749957604664292e-03
4.238469907532456464e-05
1.330425785711282158e-02
5.751916458699254942e-03
1.669950259776615056e-02
4.797915115577032485e-02
1.194891983248055900e-03
1.241014510195901938e-03
9.756442270641171519e-03
1.025251681139217885e-02
2.340360243130179194e-02
2.538600990699789364e-03
7.555394822675168438e-03
2.847647306872145428e-02
5.730548534583941589e-03
3.160537039180559126e-03
7.581244001612956300e-03
5.026777965894095243e-03
9.359707065002376841e-03
8.888912839293670485e-04
3.339167238183609211e-03
1.745360771750099861e-03
1.445263936916527450e-02
6.611743114389495059e-03
4.144280259450235381e-05
5.023863748802702422e-02
2.320079585697465765e-02
2.885195777081452778e-02
5.026954113935416801e-05
8.009588237466978150e-03
2.822059443477087370e-02
1.377934477611846183e-02
1.517613324930291129e-02
5.436510342866312899e-03
3.939415114765466158e-03
1.499005071585035424e-02
1.296219722593912327e-02
1.027524332895591100e-02
3.874691388408853243e-03
8.583851678073146224e-04
1.284567787986021919e-02
7.979282778331009754e-03
4.021882974498375285e-03
4.449081243525407001e-03
4.047859491154784384e-04
6.700115785588850459e-03
8.000741322436475539e-03
1.083692848743032268e-02
3.315598078729233966e-03
1.686868515937499369e-02
2.548379319621737853e-03
5.479141363847824138e-03
1.089787007406291947e-02
1.022524145421041010e-03
6.172562925646007254e-03
1.012419401575563940e-02
6.396245904406332866e-03
5.681996678266108131e-02
3.043376226834398207e-02
9.091353543633724776e-03
1.071332433598191566e-02
4.205366170142645944e-03
2.649239515575435577e-02
2.173312257162899469e-02
3.882164160571511397e-03
6.824953915218627369e-03
7.521332161624373971e-03
5.192472536105209764e-03
2.084824409011745011e-02
2.362760970001836006e-02
6.637153691563178054e-03
3.354337295723751680e-04
1.155350592137867468e-03
3.501436524568964787e-03
2.231564097018323353e-02
3.592001112160009193e-03
2.647904488855171157e-03
2.842696709847307695e-03
1.075220472784705651e-02
2.589402170771150716e-02
3.200760378035135550e-02
3.984876670166901183e-03
1.221687917845068819e-02
2.489878588553003265e-03
2.808472950503906537e-02
5.273611167904722341e-03
2.833605961477567159e-03
2.678696542953584031e-02
5.325667853960197769e-03
5.070145230672377934e-02
4.388447337915793445e-02
4.866401121147757858e-04
1.332602035819831221e-02
3.288507775584364069e-03
1.514158109557009468e-02
1.733787514848533773e-02
2.925569974923761252e-02
3.129489726745163236e-03
1.326343895518067306e-02
3.153849574755639151e-03
3.097195930018556420e-02
8.812294012712870717e-03
5.853847970973430695e-03
1.715638153454770651e-02
1.210865487943919849e-03
1.340279829173193597e-02
2.420919778309174597e-02
1.482993048870179763e-02
1.457241702426334291e-03
9.367281626559262678e-03
5.418785331971007722e-03
3.059795691684386032e-02
3.009628596640905041e-02
1.632678447184996579e-02
1.758063960983513932e-02
6.911675104864335034e-03
2.596890821116548675e-02
1.586164390110587213e-02
5.780446685335298776e-03
1.514037588067779216e-02
3.933868429305769840e-03
2.823107851050098149e-02
3.616512187028479708e-02
5.588780859039578844e-03
3.885444404825641809e-03
5.054434433781677255e-03
2.691724115599686620e-02
1.765470334569569505e-02
3.936472132888505643e-02
2.535068508293551910e-03
1.556104562749362902e-02
4.529387039265257014e-03
2.449643173965869447e-02
6.936846667621199627e-03
3.972948586083614730e-02
4.352725666206885835e-02
7.512277656454231616e-03
1.887277224583478255e-02
2.102082539052858856e-02
3.017921185098007206e-02
2.704493279851588605e-04
3.724934324096755567e-03
9.912701444118756852e-03
3.509399650759477407e-04
3.844726553731077356e-02
2.098399995238066362e-02
2.707522458697993184e-03
8.844701145326329048e-03
1.022084450736580712e-02
1.112057711164766809e-02
1.332700638419437658e-02
1.902252447498621948e-02
3.749059796029333494e-03
2.275434912149186528e-02
1.954505898666844196e-02
7.509015588526076791e-03
1.227246926748599455e-02
1.935524362692758044e-02
1.030558413259673872e-03
4.618317982207952033e-02
3.568849257657213947e-02
5.624481457998330419e-04
6.681873292461129599e-03
6.444195300260798648e-03
2.225688930016139072e-02
4.324887908298356148e-03
2.396057985561127202e-02
5.301683837738593863e-02
1.701215783220182132e-02
2.252012328808586372e-02
2.289680486236782969e-02
5.929706896259089033e-02
7.021687407084871435e-04
1.495978256947656446e-02
4.065859916761777396e-03
2.414782657019786533e-03
2.888089124620368472e-02
2.243929091534923106e-02
1.414219264401651334e-02
5.889132924002785791e-03
2.308283857068489479e-03
6.699274528045941896e-03
9.941972971975200288e-03
4.877996550181994823e-02
3.287134324540393060e-02
1.235308720395872015e-02
3.615305367470440009e-03
6.862631204005251173e-03
1.425330138015941384e-02
3.540636935494917426e-02
8.620865652314926159e-03
2.988127676807439057e-02
5.406424272474560921e-02
1.172721981700051985e-02
9.884783025905834186e-03
3.278600656306111805e-02
3.493365365415856440e-03
2.266465696818304940e-03
3.241908250382671136e-03
6.624610600456598553e-02
4.567506183129069891e-03
6.614254152881214599e-03
2.375764228196458605e-02
2.190816080732729126e-02
1.727384288752126934e-02
2.669379921392877296e-03
3.042430912383580974e-02
1.612573764600929230e-02
1.812748985959432464e-04
2.867290469035217032e-02
4.596459391844037040e-04
1.981569136746845483e-03
1.652206252612678852e-03
1.036166582173850617e-02
1.546748590858099820e-02
4.340984613463656078e-02
1.907773746159225486e-02
3.480782073824258138e-02
9.629914789336228159e-03
2.042630974310799541e-02
1.016611959418613556e-02
1.304007322910998024e-02
6.680624427946729726e-04
1.090404299844468725e-02
2.538519723449434579e-02
3.743256783859684987e-03
7.681842692116996885e-03
5.696189907957877052e-02
6.033959710211068972e-03
6.225799386093241322e-03
1.294481067217243681e-02
1.814681661920647393e-02
7.847946474706941900e-03
1.083984711860396660e-03
1.208841553732158645e-02
1.233173342176622708e-02
3.234310655783148927e-03
3.689792791901416735e-04
4.149964076240784949e-02
2.496449801626469608e-02
1.292894054080324581e-02
1.234445850193557903e-02
8.825312784616625231e-03
1.264718112304106558e-02
8.106503416993472017e-03
4.697902512311795745e-03
2.337910581750177533e-02
2.373051952110946661e-03
5.655946016913710904e-04
5.028033065051701334e-02
6.805358543827071983e-03
2.632851410619405086e-03
1.098666374174145019e-02
2.459041711885206691e-02
3.432088978561669002e-03
2.105989620849288424e-02
1.407465952449441123e-02
1.248283420606851810e-02
4.779809620053509719e-03
1.279552604856660537e-02
3.520667281396409540e-03
5.409992270718724100e-03
9.964781213001414062e-03
8.489336291705174009e-03
1.927088252209800331e-02
1.290893731296528790e-02
1.627566163163986918e-02
1.039652561428804599e-02
1.282687243478841492e-03
2.435296177906161666e-02
2.794993022376526109e-02
1.142388675639955525e-02
1.243253526972759246e-02
4.305063750184794091e-03
6.663633073541236004e-03
6.662143213780696849e-03
1.347213043559806339e-02
5.643936514678180721e-03
8.601231482811583229e-03
1.329842945814413251e-03
7.084523625630889665e-04
3.771581796726897196e-02
7.495185469260413208e-03
1.550711439920211820e-02
9.061338379163168255e-03
1.103864428833649901e-02
3.422619412715571102e-02
1.679260659050384533e-02
2.386557258209379487e-02
4.262007850984677465e-02
2.927919352101792348e-03
3.690708411775668260e-03
6.327922704605382434e-03
1.326986558505805283e-02
1.730019632965047738e-03
9.037715454430980677e-04
9.523436622951613612e-03
1.402591776270149110e-02
6.514547991953688333e-03
4.496313102821559472e-03
5.175188484698349869e-03
8.102427269415757652e-03
8.627759135712453897e-03
4.618103701292317759e-03
8.268077692762915154e-03
4.228036301622845744e-04
1.492397910950200163e-02
1.869546220437196676e-02
3.040395714937111152e-02
1.096957229434493723e-03
2.866010872373539464e-02
2.474111664271862882e-02
4.235840086209457372e-03
1.814845087967111026e-02
1.326743880328159131e-03
4.800392135777707681e-02
6.140192148556652268e-03
1.914464154924367528e-02
2.169413277632780898e-02
7.095636300397915527e-03
2.580267216426897214e-02
1.814741553616698935e-02
1.119695702397123516e-03
6.982553777556635248e-03
4.665040693934611668e-03
3.020449468637647836e-02
3.666195933176283339e-03
4.787891269190614960e-03
1.508422262267192487e-03
6.680177477832502549e-03
5.188327724333008893e-03
3.768904774264671478e-03
4.305352320348300107e-03
2.503285281618322471e-03
2.748976381521384127e-04
3.452521769803600267e-03
3.685430224991701007e-03
3.837403814957250636e-03
8.456222325059832567e-03
2.344907204730237865e-02
2.033355887830675876e-02
7.437193800034990442e-04
1.858876646752176398e-02
1.181229055764557341e-02
1.883643953251462090e-03
3.190426843161520143e-02
4.360601197990724917e-03
1.800080245027963974e-02
1.100228193026849682e-03
2.686111880041733985e-02
5.642972983560565030e-03
5.435404696569574173e-03
2.645661574138068878e-02
1.810437225989407206e-02
1.992959501603378501e-03
2.571682278480758033e-04
4.096364283306093770e-03
6.497413176974695809e-03
3.875118967086212639e-03
2.951355032473165774e-03
5.323327998447876554e-03
8.475757909498268360e-04
3.345381978665257217e-02
1.259624956521057659e-02
5.681142606249285285e-03
1.723276842504731232e-02
5.255419737775178513e-04
9.086724464924063240e-04
2.063824568519103883e-03
1.199608627157209249e-02
8.751758729656503727e-03
5.129271869659642047e-02
5.345985702416237995e-02
2.703080891057131792e-03
3.273610546411857836e-02
1.443732588321331627e-03
2.209606831399642517e-03
2.371026750792825516e-02
6.313337354399468568e-03
1.989775451090541533e-02
1.617697885179477865e-03
5.932060950250082898e-03
6.967824571330167270e-03
1.416408712054636164e-02
1.181447382882920907e-02
2.885431984094216640e-03
2.493775379017438253e-03
2.918109773481738188e-03
3.716461371127241682e-04
7.806939399362978170e-03
5.001897357408326833e-04
1.364813457268183264e-03
3.353962027060639148e-03
4.521517058686619003e-03
5.618080850198988591e-02
1.051785909244419299e-03
1.720878888301660432e-03
1.531410690088735524e-02
8.470709042915147008e-03
3.784402216731792314e-03
4.969958554501316406e-03
4.694821145454485325e-03
6.899364553229214020e-03
1.157823859002521036e-02
1.876306040355402507e-02
2.963184761697087999e-03
7.470906324273281218e-03
1.090594546676688578e-03
1.641192349992690036e-02
9.261248536378665144e-03
3.560867352851392314e-03
1.686339911139098091e-02
2.627594216770810440e-02
1.144209617570143313e-02
2.156166579129874597e-02
6.660201737657621759e-03
1.850918609726539751e-02
4.071721529468518876e-03
4.620488474891761184e-03
5.436768766086287966e-03
3.406206158234630858e-03
4.742885350863907876e-03
7.644006390452035352e-03
4.905114181838357221e-03
6.963655889714709044e-03
4.699077292071500087e-03
3.282743711543356646e-02
4.225521931960283563e-03
7.210841293804729629e-03
8.381529743271901034e-03
1.248490132305310474e-04
1.293487583516075151e-03
1.715022969780171519e-02
1.837728912876648510e-02
1.973491826432013062e-03
4.070518002521192856e-03
9.635932671621176560e-02
1.587205692496261675e-03
5.712825866145440461e-03
4.026380233404352679e-03
1.743213823031796589e-02
8.393592826884706606e-03
2.250928553937206998e-03
1.432902013444101869e-02
1.471364572223799252e-02
9.332276775127547677e-03
4.053980445425790780e-02
1.915859843464972831e-02
1.305288205670579460e-02
9.247388860632428653e-03
2.110298663913470242e-03
7.257993863082757083e-03
8.014617578001093090e-03
3.748588354044950222e-02
1.825279150717713014e-03
2.452545181393752435e-03
2.909896784853056168e-03
2.200060188861318808e-02
3.081830058357557314e-02
4.464484794435320814e-04
1.105818897199303515e-03
6.818521111314707148e-04
2.655248513477610935e-03
7.045210794742583910e-03
7.347780048998774592e-03
3.300965458256656902e-03
4.052592395172513462e-04
6.111318994328115636e-03
2.248895510704845141e-02
4.923179877704356860e-04
1.811267117165367424e-02
5.218046944717866925e-03
3.784628123470770711e-02
6.048642500009709759e-03
2.448526011234895307e-03
3.487502728982007361e-02
4.857167294342111356e-04
1.151803581945632336e-02
1.280276999449652536e-02
4.853577813861920803e-02
7.753422174120797039e-03
7.656430352144772203e-03
6.737199649132463199e-03
6.507790481887917866e-03
9.765638908325284875e-03
1.677036102330848114e-02
3.825374331272882698e-03
3.801922650764847506e-03
4.603160294588872631e-04
9.508280106624616285e-03
1.535863304339692495e-02
3.564621234734477971e-03
7.329989402707443209e-03
1.089069774020094868e-02
1.187092388535007821e-02
1.822538893166546908e-02
4.305596589354277262e-03
2.319150362590008049e-02
3.358181492503099080e-04
6.061076233278867888e-03
1.115375725570730107e-02
3.608312243261839296e-03
1.881870226642765043e-02
1.727532695270399959e-02
9.333518669965169129e-03
1.021830727335313986e-02
2.060680249918298013e-02
2.247651773555374086e-03
1.286650943149816005e-02
1.189131168998801974e-02
1.949264714202419632e-02
3.607371628260797047e-02
4.955138232265925667e-03
4.761483450629802952e-03
1.154525566470026047e-03
9.227546031757537237e-04
1.913148667225013713e-02
2.174456072734663042e-02
1.802024945555850272e-02
4.661656079785115225e-05
4.264929507517301391e-03
1.344261329285795920e-03
5.516102915337722443e-03
6.056789797499566308e-05
2.556489101175285494e-02
1.608381505910699057e-03
8.833054106545269041e-03
2.270295065672896240e-02
2.157798257642404641e-03
9.633093672798968138e-03
1.508101481009778422e-02
7.616581227611503302e-03
2.648174107099295245e-03
3.608054167551532493e-02
2.170591396470231832e-02
8.364356322380191860e-03
2.439769254597546830e-02
3.592221556819543641e-03
1.976361029077234460e-02
5.229179821157849866e-04
2.056103492545752198e-02
5.228368792844632559e-03
3.781873394019471396e-02
2.765811331438327789e-02
2.062309110209686880e-02
5.352305581767682549e-03
5.678837786680162800e-03
9.214478926702174971e-03
2.606038236578646188e-03
6.703297255944984379e-03
1.978874257828681232e-02
2.845418371646540531e-02
1.136380520460150007e-02
1.677695449035467024e-02
4.680131034612056845e-03
1.485082496707886869e-02
6.127037612689158197e-03
1.395425648686345055e-02
5.675444539889377971e-03
2.588049837745358406e-02
3.748417450821849451e-03
7.099301046652753411e-03
4.589457758163423273e-02
3.331576773969315876e-03
1.807727745745727962e-02
8.533800308807043544e-03
9.561062707886688883e-03
1.517841861077317981e-03
2.378803688305249769e-02
1.963567611687723133e-02
2.398659679975780404e-02
7.643606333408630403e-03
2.637646506369096394e-03
5.232925938528247556e-03
6.971997931404767812e-02
3.371444056927865550e-03
1.174079089842282233e-03
1.796600711586674587e-02
7.737268013720642948e-03
5.757325359527352970e-03
2.168478871507997004e-04
1.160692549901198856e-03
4.208162862698600765e-02
2.782904301832715005e-02
1.122185591235599911e-02
4.167546921175704563e-03
2.255276484207337923e-03
2.589131531245854323e-03
1.317350471908167522e-02
6.803147732851836348e-03
1.814690559496460326e-03
2.227572286499335946e-02
2.005555862463643049e-03
1.350709382701173987e-02
1.838955018820603166e-02
7.776500065740377110e-04
2.074121963785941977e-02
2.728749498761710683e-03
9.142442476775375013e-03
6.942199228884919290e-03
2.113668986679082332e-02
1.998009747834784619e-02
3.799256428095261484e-03
5.740528032745483358e-03
7.344506726296138460e-03
1.632564448848983218e-02
2.355414515674701670e-02
1.675339335725304496e-02
1.511103081774285532e-02
3.035946363140198251e-02
6.307008851202711847e-03
2.934498778953805592e-02
2.750085696594347512e-03
8.240968698629214800e-03
2.159923051104860672e-02
2.496383688927255456e-02
4.087856965365388277e-03
4.446028874943440921e-03
1.333090851661957767e-02
4.701280035676361994e-04
7.161326026109335156e-03
7.102666972375583365e-03
1.533604180462807762e-02
1.553263073838728053e-02
1.217016967874537392e-02
1.377725232614300174e-02
3.333523154021770726e-03
1.229355452757712255e-02
1.336138681900943086e-02
8.292123272849668408e-03
1.818287210489393305e-02
1.109638379328238209e-02
3.851745102112308361e-02
3.470892236431668415e-02
1.577733547166670913e-02
5.229596560681372408e-04
1.440675069579666449e-02
1.630990538856540899e-03
7.133018556717636918e-03
1.065351961478754050e-02
1.470469196408537987e-02
1.216843913869555122e-02
9.330419000342147053e-06
1.352891627191690066e-02
2.423654967044795716e-03
5.434426495238296566e-03
4.184144177432594543e-03
9.630055570601567944e-03
3.509007291508750917e-03
3.265473047658618011e-04
1.914221352369335771e-02
3.966301021322073649e-03
1.338431687134324782e-02
3.481661725959737941e-02
3.849223754079578869e-03
7.720352671445338336e-05
1.297738122661232230e-02
2.117196528296683318e-03
3.798476033098911915e-03
9.945136275187040076e-03
1.790337656018775592e-02
1.374000218838685936e-02
2.529982539555217236e-02
1.619001244920857674e-02
4.069198761532739905e-02
5.018255097246326901e-02
5.809804437489886342e-03
2.118940718746817580e-04
1.018973259319974102e-02
1.279067834660680900e-02
6.121768930053101895e-03
1.093521319193930044e-02
2.575373534277202586e-02
7.765357990821813994e-03
1.618865496024875575e-02
2.534724878649700572e-02
1.016231600928860094e-03
8.782835678891463133e-03
3.957953871218833353e-03
1.135418702938716454e-02
1.368781696433951298e-02
8.935636221876117578e-04
1.075093088973604061e-02
1.320424665598399043e-03
5.174541465385613243e-05
2.101001451261410441e-02
1.592775505417050319e-02
4.339800608968985042e-03
1.123671546947674175e-02
3.779241254228510663e-03
4.665913114401774343e-03
2.146295837403243423e-02
1.945072540035352321e-02
4.432285784627839481e-03
4.360449948916738337e-03
2.414128393678593304e-02
1.588918888035295574e-02
3.345147918107947010e-02
3.536283695819038980e-03
1.869517257733810649e-03
1.138118597389705874e-03
1.063534392017225459e-02
1.174422279555342036e-03
6.403978279771369540e-03
5.692830354075192195e-03
1.348207689836743856e-05
1.858120652654222243e-02
2.012055630115019283e-02
1.821512100033057663e-02
1.035638986866246197e-02
1.184905192461296669e-03
8.342297751341163151e-03
1.460067597981848722e-03
4.844600066102114355e-03
6.000268603074211671e-03
1.007372295973034751e-02
5.170060732128247544e-03
4.874698122778245435e-02
8.603769694831146439e-03
1.364092522279184219e-03
8.770962507921293769e-03
9.795221377440507457e-03
3.019719278321494026e-03
1.278082227721205437e-02
2.388393514205141774e-02
2.000876193450695957e-03
4.292655252880630753e-03
3.839187952037331330e-03
5.755752802854160154e-03
4.216191128090929219e-02
3.033284408566289114e-03
3.984800647059384086e-04
4.090375846963919398e-03
4.244654827088072124e-03
1.895578069968347629e-02
7.046506328936726071e-04
1.993794881122843213e-02
4.976233070153666775e-03
2.949603856450158657e-02
3.866033289601680800e-02
1.330031324068497653e-02
1.465242048497997218e-02
1.585045403900446279e-02
1.463948180675927330e-02
5.733925382110181129e-04
2.140233300972792241e-02
2.765289119421265179e-03
6.460185764306321590e-03
2.957727854600332613e-03
7.730246864851341229e-03
7.888483565640588141e-03
7.771882716276757447e-03
1.121322481929641797e-02
4.911873558321550037e-02
1.723997667846536436e-03
6.850736886441383469e-03
5.499786857219473440e-02
4.712576063689061408e-03
2.801023093012570443e-03
1.352451857676399694e-04
9.974447229973235768e-03
2.740719840906206267e-02
2.454954442614473795e-03
2.613071438304062112e-03
6.886171382145997097e-03
1.927953372182204805e-03
2.171540113270563344e-02
5.368222192793434613e-03
5.096494556494595221e-03
2.262423768904908011e-04
1.186259585376692877e-02
7.139737829167948358e-02
1.745003338044085741e-03
3.074113009335070323e-03
1.900314789941401350e-02
1.646845103611962666e-02
5.757644795479632815e-04
1.164676783977677300e-02
1.986631122593048027e-02
5.886790257066299922e-03
1.670940633454037760e-02
1.282207754101568481e-02
7.670902153919859773e-03
5.513888744422987438e-03
4.725931272696278808e-04
5.437736508481177955e-02
5.518217116837125652e-03
1.601707847552963707e-02
1.382864436616819681e-01
8.327916389618402956e-03
1.796859055795206606e-03
2.518491541718043993e-03
1.033184042639170505e-02
1.771061704988116658e-02
4.619094740235753574e-03
1.878444847341606549e-02
9.114767398495069589e-03
1.025725367271495408e-02
4.515495188658983847e-03
6.276617483175074563e-03
2.278201984422217885e-03
5.409454909020838809e-04
5.679183978766876549e-03
6.691543896782950474e-02
2.421135035035083816e-04
1.764306634159094889e-02
3.382759677663305098e-02
3.206647011225220029e-02
1.747022976856647467e-02
1.635635233786250642e-02
1.449097706820902387e-02
5.111608951658398910e-03
2.708003198770048657e-03
5.404945962504212158e-03
4.235244202278892062e-02
5.637382736930821731e-03
2.721814604129187999e-03
7.009114529684510111e-03
5.393610270920111069e-03
1.595503642565528415e-02
2.923393129557408723e-02
1.077481646196869203e-02
4.969270964557162898e-03
4.659855049471367614e-04
7.705446142411614963e-03
3.939351880757388513e-02
1.315882758024328886e-02
1.412933909960260685e-02
2.598727053595719858e-02
2.910896693715344513e-02
1.033593493133880270e-04
6.582489000831402183e-03
9.089059371293253115e-04
3.940844281445851638e-04
9.538770284365474111e-03
3.282590856599607726e-02
4.559491549146118920e-03
1.280363549062832861e-02
2.732323861946880234e-03
1.768340420056237206e-02
1.990517044215332765e-02
1.052072900892289317e-02
9.110135620735546405e-03
4.362010666313226315e-03
8.440126994687444442e-03
1.820481199118250543e-02
3.325476267049485429e-02
7.684712897345045285e-03
2.020525817712646305e-03
1.158105605924707876e-02
4.763718228657284198e-04
3.620731796778015738e-02
2.345587247958129395e-02
8.987706377902464350e-03
2.149588072644395293e-03
4.589578844379250955e-04
1.315898888580374626e-02
2.633380820082586310e-02
6.991873395423236701e-03
1.523737840038402909e-02
4.521995291699501540e-02
2.109161438468483418e-02
1.037498122893459364e-02
1.497761169199623293e-04
1.369162336829707685e-02
3.705380059364002734e-03
7.671297752180725356e-03
2.725842492491816274e-02
2.999085278081118754e-03
5.854393990567655082e-03
1.061092653869320779e-02
1.237189571966683908e-02
3.036271792180574025e-02
4.959159672050229145e-03
1.183760815753328016e-03
9.766242897783635260e-03
2.554110115923421964e-04
4.356214228498132487e-03
4.309062974188465622e-02
2.341546170721787307e-03
2.896924641681623835e-02
7.112233308443622129e-03
3.745061777483064958e-02
3.578542172958905365e-02
1.757164845709998854e-04
1.802995980177563018e-02
3.074703057370401643e-03
1.247348712729202079e-02
1.379131573217852458e-02
5.901932435234007179e-02
1.997568233649915648e-02
4.452626692988410906e-03
1.378675404747546455e-02
2.081721950727985146e-02
3.559588392415539981e-03
3.273140128088575240e-03
1.336110564942300481e-02
1.452453517287741538e-03
8.948904899947970892e-03
2.396146605691797798e-02
2.730217054792616793e-04
3.801619039244251083e-03
1.878011259481254455e-02
2.043892826795092044e-02
1.538930205234562490e-02
1.704220347161116561e-02
2.502561647798828837e-03
2.444017395737611235e-03
7.437212073925401727e-03
6.261939610208225315e-04
1.860784406274152911e-02
6.215327649448377546e-03
1.875854554456792000e-02
1.486809729503118030e-03
2.683779581312245588e-02
4.570690830224761331e-02
8.892344047045488975e-03
3.601889432504114252e-02
7.621433004732095298e-04
1.929492424151082325e-02
4.667412941096891338e-02
1.505087898214808526e-02
3.785710509800896406e-02
2.811181589394695646e-05
2.890386234427520795e-03
1.650731362446856629e-02
3.990526149997035942e-03
3.929956796114590992e-03
7.988056263220241066e-03
2.173781010170383610e-02
4.048147357714828448e-03
1.637175663263960509e-02
1.801674727338920673e-02
7.200738686433201877e-03
3.424641714808655812e-03
1.667834233585793746e-02
3.804524552320529690e-02
3.628428359764499390e-03
2.202549217947616378e-04
8.221882372093144292e-03
4.356562720671332961e-03
3.885658090835174619e-03
2.292586900007233773e-03
8.560572675726223907e-04
3.610944152921358175e-02
4.879956799700106013e-04
1.612698596927650968e-02
3.482366880601321657e-02
2.149771549966317252e-02
2.710653979759511042e-02
4.203873711064185295e-03
5.153363156551633850e-03
7.674163944867879589e-03
2.049268994554544199e-02
1.806314496993484744e-02
4.247382978849665452e-03
4.648455731883973686e-03
3.585166853342613459e-03
3.442001463370841785e-04
9.784387851954083962e-03
1.252641401340153990e-02
7.702916637376431772e-04
1.577350570839310823e-02
1.367370848004075337e-02
1.287545337537502818e-02
2.937197709385786122e-03
5.026004014311961920e-05
2.022786670553175167e-02
5.276096619562813811e-02
1.539453449543517691e-02
7.484641387405266931e-03
1.903765975297854601e-03
8.530864266125020440e-03
1.070867372637731088e-03
7.505547689750198363e-03
3.134107003698182077e-03
6.945035375228425512e-02
1.001545602072419217e-02
2.921003551618610652e-02
1.866066494561528333e-04
1.516666458597542774e-02
1.737639133151052534e-02
3.178427168907118922e-03
4.931487035074299391e-03
1.342126217831904507e-02
2.134025263781886769e-02
3.908815332651764674e-02
3.028101651270473371e-03
1.517499627563114947e-02
1.503421744855209206e-03
2.692901214094706522e-03
1.274453430109729300e-02
4.466755629300912800e-03
4.434824658420730668e-03
8.893853544337765142e-04
2.446717122079068371e-03
7.701787016915772471e-03
7.590289639521990116e-04
1.580103739758470212e-03
6.842377621481958959e-03
2.325445666806787159e-02
2.210398564605705642e-03
1.446577796054944291e-03
4.458563438209359880e-03
1.412789565166400890e-02
5.265171318764058465e-05
3.125238943002809494e-02
5.618776894217841072e-03
1.099645868963307523e-02
7.496652244475754227e-03
4.198697865638605781e-02
4.277353283347578704e-04
2.611948391400457578e-02
2.133106057233099748e-02
1.698718003734079555e-03
2.631814507771246606e-03
1.542211880969257889e-02
4.802713732866142893e-02
2.298341944501624406e-02
1.838739762972042835e-02
2.258287990304576505e-03
3.453985875284992617e-03
3.863225634177392537e-03
1.919584571920778101e-03
2.482985448573816166e-03
2.041955690513069799e-02
1.697130172315073487e-02
1.460306925773756023e-03
5.235551345340302282e-02
1.191855386481202594e-02
1.914800526275942105e-02
1.801219126031019559e-03
3.597604513663612419e-03
1.739549763757039774e-03
3.747906998675364695e-03
7.756903517512434704e-04
1.519305908165138885e-03
1.832788998401731206e-03
2.213566147498763695e-02
9.699917487740405964e-03
1.073577474874331562e-02
2.144217693674211819e-02
2.524454291434810940e-02
6.908686922530543097e-03
7.854475409047691203e-03
2.292886188300637118e-02
8.128195961839997791e-03
5.940714544816750459e-03
1.954615785601965250e-03
7.647498983704327513e-02
1.792498746608446082e-03
1.667108897719509625e-02
2.764531306772030281e-03
2.574696515066756623e-03
6.195033986295304072e-03
5.005158877452843894e-03
3.639113364558164716e-03
1.400008483806236027e-02
8.435199964052821076e-03
5.707317490205554913e-03
4.233391932300074878e-02
5.201090645487521300e-03
2.808345424780665789e-04
4.105674445217215654e-03
1.491243451204557827e-02
3.138308042085131630e-03
2.951594016798082115e-03
1.275956585061667481e-03
1.802919915852867119e-04
9.851101522390196333e-03
1.098882843091126930e-02
6.376354810538296947e-03
1.632736527373065613e-02
1.693046897323823019e-02
4.673871082181441788e-03
4.750379112661302049e-03
5.443837544489779634e-05
1.164031121811495012e-02
3.740656342367349070e-03
8.390102722444277988e-03
1.598851931698114931e-02
3.515266161972806919e-02
7.315248066196360782e-03
2.213707154455506199e-02
2.955991403677339646e-03
6.416427741918399701e-04
3.876282462443028307e-03
1.126917160473232468e-02
5.255261045143225750e-03
2.017761158774695335e-02
1.292484359980902026e-02
1.050246227805491823e-03
1.259919175918830861e-02
1.043503843893563501e-02
6.363181015363048379e-03
1.156642323737070398e-02
1.959256614679015518e-03
8.226067136541649616e-03
4.263552932634162920e-03
1.579144201395213647e-03
5.105359340236541484e-03
4.362643609963275451e-03
1.150695902187955783e-02
2.369271150469216131e-03
1.891737362954712398e-02
1.437355200249796315e-02
7.934938108514482877e-03
1.487483327796514446e-02
3.254194140174635104e-04
5.065560571104868459e-03
4.130868920928851620e-03
2.096542170540100641e-02
2.632233257437451013e-02
1.519229920031142309e-02
6.723490247589301860e-03
3.814048418454758088e-02
1.435064216732717494e-03
1.041381089313554026e-03
3.756961268112850999e-03
4.751547540007821507e-04
2.001976539362455842e-02
2.888737592890932779e-02
1.120588857569122278e-02
1.841639354852658492e-03
4.189853756806707907e-04
9.705620340562848627e-03
3.164418899617678967e-03
9.845959013165487411e-05
9.045312452347888110e-03
3.285672761836791900e-03
1.388933224572039965e-02
9.851827368366102011e-03
2.244150771856406792e-03
3.021548215791263967e-03
3.365408867420090211e-02
5.123423622823817906e-03
8.192446459107960433e-02
1.688757034521094422e-02
1.571711033317117062e-02
2.071375551805112319e-02
2.569436591232832079e-02
1.551721374414978191e-02
4.045084078191218263e-04
3.340041592199993054e-02
1.883090473584656671e-02
2.018562656347478931e-02
5.006267080429423547e-03
2.927792736081320443e-02
1.105346783307681194e-03
1.979072299037109867e-03
2.019391495308135373e-03
2.581420153374182347e-04
1.623676213409067093e-02
2.403651751773176054e-02
1.006808973959394567e-03
1.225857794394123908e-02
4.021192045589186415e-02
2.408365938281859658e-02
3.292385234952611289e-03
2.601432478496894327e-03
3.642505678011971094e-04
1.165126077905113272e-02
6.317831516312799253e-03
1.408607368242095585e-02
1.060750287617891544e-02
5.017168124580757838e-04
2.674266109665477537e-02
2.253150893281982009e-03
2.619517323715903762e-02
2.496211029358787192e-02
6.106327571751587850e-03
1.638113668800411302e-02
1.330600322038363870e-02
2.564466583618791803e-03
1.062830537432486906e-02
2.232729924075726319e-02
4.992554381663604976e-03
5.905059212102761398e-03
1.192029078262068706e-02
1.823859307681670316e-02
6.972837393376080800e-03
1.766294579545151303e-03
5.096529417745053643e-03
4.694721041339137632e-03
5.376518686357618362e-04
1.579984638510904295e-03
1.606174757097836650e-02
2.097183091507156746e-02
2.929095708583268065e-02
4.472205760242699973e-02
2.615610664651383394e-02
1.658046780912311204e-03
1.888943463459042543e-03
2.279350514304842937e-03
8.175203838049059646e-03
5.430617592509077822e-03
1.882867883060946462e-02
6.170708830059477325e-03
4.632783073762235249e-02
1.442869216061798063e-03
1.311845286041380537e-02
1.389314110887474030e-02
6.994452321257144112e-03
5.268316271409287724e-03
2.924874004148465129e-02
3.332554719647141082e-03
1.288456127092557288e-02
3.384296122617976715e-03
3.294023568776809595e-03
6.371222812912559486e-03
1.731805367595706802e-03
2.142850347743036066e-02
2.103075883302566590e-02
3.188684658781182346e-02
2.587509433570646389e-03
2.002044173604296262e-02
1.669542705839899320e-03
1.142483136031979644e-02
4.600199220191343585e-03
6.815333971691473619e-03
4.938477074431625938e-03
1.038175845113514795e-02
1.122819945602479726e-02
1.618299384021692350e-02
4.442241329684020953e-03
9.180733989361292494e-03
9.177714717791204957e-03
6.870138595675440857e-03
2.853591280716139510e-03
3.440315396909046641e-02
7.140959665131195455e-03
4.184821096798532758e-04
1.291240967509009463e-02
4.065427847707733799e-02
5.934547087604196552e-03
7.518899907199828175e-03
2.647615660840727317e-02
9.077942111070692877e-04
1.989184857336275675e-02
2.394148459097162479e-02
8.301769987124594380e-03
4.887123948294033737e-03
1.384878382754524059e-02
1.047948546938559308e-02
2.455609576016112156e-02
2.028323825664692451e-02
4.397791879973545273e-03
1.941954785917058418e-02
9.392521417992568539e-03
2.482153515792135182e-02
6.528278770436256664e-03
1.764604715566062479e-03
9.574500760515520029e-03
1.080811676861662476e-02
6.840012985196302492e-03
4.337939602695546973e-03
1.991216825943958185e-02
9.549652176845566456e-03
1.341668095476543365e-02
2.076921039867181060e-02
4.573881999501320378e-03
1.163620659289560030e-02
2.228625571177342973e-03
4.326894926091521577e-03
1.240979287895354298e-02
5.119192401825469613e-02
8.752821928232719026e-03
1.150039768540805224e-02
4.521081489678091189e-03
2.268001359913791523e-02
1.477367232694331081e-02
1.515976315082093878e-02
9.464923986091994604e-03
1.428693116426825449e-02
1.735694404043384292e-02
1.672742567348729087e-02
1.727111835725761435e-02
2.550769331349020744e-03
7.185868502508320314e-03
1.831444893371084182e-02
9.836059699369450668e-03
1.902571545808938447e-02
3.043043613195132308e-03
6.013509778418736802e-03
3.313978335206475140e-02
7.331488493152989519e-03
2.865524080890753666e-04
8.845816161934475647e-03
4.110844855906733292e-02
6.458764095214111420e-03
4.241056784862362594e-03
1.291200065608106955e-02
8.193322726300494852e-03
1.279678062769763064e-02
2.023730022196070996e-03
3.020474769659094692e-03
1.491102521848079732e-03
3.660499344838402669e-02
9.241571820673559132e-03
1.992301949326899177e-02
3.428617517520010476e-03
5.225948326920422382e-03
1.042265941289547554e-02
1.264367253889266129e-03
5.295772774836769205e-03
4.513757851277309247e-03
1.161286067676828467e-02
3.811809058829839642e-03
4.849480740130686536e-03
4.013130456488323006e-03
2.263412074805661034e-02
2.330295954569469932e-03
2.420146116891651669e-02
1.223667585833378146e-02
2.406132340272339448e-03
1.847322446698775825e-03
1.439374765361261209e-02
2.115872566625686887e-02
4.011916729382895841e-02
1.968481155875981964e-02
2.159281600394317643e-02
3.569273750242341753e-03
5.436584302462379309e-03
1.624076856296363669e-02
7.907130720265186097e-03
4.784386158286482726e-03
1.562146072705460076e-03
7.103707208048520155e-03
3.078587577355828761e-04
2.547176503037152512e-02
1.236153565621005146e-03
1.702535432793069597e-02
5.661886820002768467e-03
5.986863677783758192e-03
4.247146056755309040e-03
8.542508757106343636e-03
3.556228806770977968e-03
3.351932405293715431e-03
5.394757180462837060e-02
1.061262086941706581e-02
1.044105875828982982e-02
5.159434622058416131e-03
1.485438396123045859e-02
4.364673245156013015e-03
1.188709326136814896e-02
4.996653791791197050e-03
1.461229343396312991e-03
2.777175366502012202e-02
5.542059019907184109e-02
2.884428202138967536e-03
1.038123341574824672e-02
1.772060530046765808e-02
2.576895115938960396e-02
1.921868498249620569e-03
6.789740904325131110e-03
2.403122925956791001e-03
1.972025434962220575e-02
6.556348886357591527e-03
1.744061553127360803e-02
5.883034904571241355e-03
7.500144253036761938e-04
6.073086627531864255e-03
1.101712588599153449e-02
1.316061999827836462e-02
5.364547813891059475e-03
3.199870256317618880e-04
6.477732471169526073e-03
4.662199153160960508e-02
4.986091970325786521e-03
6.467291070794162211e-03
3.575852877362879767e-02
7.172291675601266681e-03
3.180390700743086774e-03
2.488628214143019657e-02
5.175502459575624528e-04
6.643636578741071198e-03
1.221787851051311068e-02
1.478116686498359700e-03
7.181403049461159392e-03
2.769357720245997634e-02
1.738417862311224943e-02
5.174833160848494457e-03
2.379788602044852208e-02
1.143023340881447851e-02
2.982607739483403297e-02
1.212516110984982430e-02
7.548675163959823499e-03
1.044024825353563266e-02
2.891211663427347214e-03
9.652106925010919131e-03
9.142553326493742943e-05
1.973586917599029142e-02
2.245987867050687828e-03
1.242372639936259633e-03
1.834287595968917689e-02
3.686128597534247663e-03
6.134746115798414209e-03
1.050855761334998882e-02
2.817709008372838025e-02
1.335201764159660992e-02
4.186651762344784089e-03
2.058322238415914024e-02
2.515618269001712939e-02
1.499705211193148868e-02
1.594156101418017085e-02
1.954978235539425041e-02
2.794842782814408854e-03
1.236468868320505024e-02
1.093201565505852457e-03
1.762427781138983449e-02
9.117483019217532958e-03
3.503728434018914262e-02
1.398690327934179120e-02
8.001360127393606844e-03
1.315920616352942753e-02
6.371040400833858849e-03
3.235460342167742476e-02
2.395702073263525703e-02
1.644419461562770385e-02
1.544961044019167729e-03
4.676993824773476895e-03
1.131732089139134839e-02
5.609894433313471727e-03
1.283374708042879855e-04
5.990123592508387815e-03
1.072688689198554590e-02
4.172800987362504203e-03
1.171768259673037528e-02
1.620204781428812024e-02
2.120351420904006447e-03
2.968421124011095397e-02
4.856892270622804354e-03
9.464314601160820489e-03
1.250311827775918427e-02
1.608799314521616036e-02
3.069559261102257353e-03
1.902344725654793456e-02
4.528068931793306079e-02
7.100852710259402019e-03
1.685137025514278630e-02
6.500952421059637623e-03
1.460250610362281466e-02
3.741895943189026130e-02
9.549159424457697928e-03
6.528592114009952249e-03
3.491189433464934877e-02
4.993440940556138213e-03
5.307919575267324580e-03
4.600652516520997715e-02
2.612836870947048140e-02
1.723100066926368246e-02
5.518014427160594995e-03
1.819798260498794312e-02
1.594071376526071809e-02
5.967129097492647472e-04
7.500724123678746344e-03
3.041238104096005181e-03
5.030456488147972555e-03
1.001082845160736201e-02
1.659871396277498579e-02
2.887008514939704094e-03
6.144344103813181510e-03
2.552620698629901735e-02
2.762568381556838610e-03
9.464146648217770796e-04
3.922471152013816756e-03
2.930544152569487457e-02
6.117503507024090945e-03
4.209465291467016229e-03
7.390490665634753820e-02
1.203782000104285446e-02
1.210352541728217275e-02
9.371897503553279496e-03
4.266065056329236549e-02
4.181957705736903674e-02
6.751585974576566201e-03
9.560721727616020710e-03
5.825800808850232354e-03
1.562398343490997536e-02
6.740524545306081881e-03
2.998315025662089822e-02
2.185802607689326174e-02
9.556469251619428146e-03
5.507868978706273108e-03
3.696852829151905592e-03
7.594387766897450244e-03
3.869002411605101423e-03
8.282589077767573554e-03
7.178639675597823892e-03
2.180864286697711384e-03
3.624647733622832560e-03
1.632121568771412179e-02
1.374006418018414903e-03
4.265546870067804530e-05
1.322438576591205076e-02
1.002554027651239923e-03
2.719402409855226771e-02
3.919119088080187988e-04
1.738901638310114128e-03
3.505667602009335249e-04
9.685172500874649620e-04
2.384170442134818726e-02
2.086185468634260687e-03
8.620930516615754255e-03
1.203780900507451374e-03
2.866703579506177726e-02
1.127550586056602980e-02
2.659881804737525973e-03
1.460370719968092507e-02
2.196038838059429128e-03
1.405157319957536094e-02
2.487659946295849109e-03
8.006576627161735363e-03
1.357652932369443968e-02
6.592930821154056528e-04
6.342014545260592738e-03
1.100088261671280411e-02
1.650086137327886129e-02
5.246546120130077262e-03
3.276276676957402129e-02
5.166445534384966377e-03
6.507391018134139546e-03
2.995913980586876676e-04
2.012535873270818870e-02
1.081252932267147936e-02
7.646265761118455333e-04
5.240933633017528723e-03
3.425231248718919094e-03
2.467507587356327844e-02
7.336830917190660141e-03
1.352553828687322324e-02
1.268511545595216953e-03
3.189379296880392664e-04
1.244144626905889853e-02
9.558036030596528572e-04
8.532293548445249107e-03
1.069126002136288126e-02
9.483057875299960582e-04
5.783270867350229910e-02
1.030700053412355547e-03
2.731028042998997346e-02
1.065939298976109270e-02
2.334204666812512985e-02
3.190425104762281954e-03
7.453389159528642401e-03
8.061645061050174560e-03
1.308723664213159651e-02
3.080201693524152896e-03
1.703112154553484969e-02
2.506185800130705105e-02
4.389373887427657633e-05
1.195682081296033268e-02
8.533561180533770496e-03
1.555463561286386104e-02
1.942585915848185196e-03
2.127019193734894231e-02
6.322643545901975720e-03
2.202270870100640071e-03
5.688370077698967804e-03
8.317840206295900457e-03
3.306688694039985107e-03
4.737144465678716498e-03
1.028965111942532241e-02
4.887629331011847378e-03
3.711936657956153851e-04
2.919665327737236762e-03
2.811813958442618486e-03
1.578732096866005546e-02
1.450116499823544090e-02
1.327064062650228776e-02
1.348843835499210705e-02
5.681506192446474784e-03
2.070890475324399342e-03
2.038543556046461952e-02
1.442140873625901744e-02
6.277305739802998760e-03
3.367310392602414215e-02
1.256084462043972373e-02
5.046828715350174660e-03
1.361725445651069261e-04
1.902854889688448264e-02
1.146820961001156214e-02
4.059025818345400084e-03
2.330816520495179733e-02
2.057842884708305925e-02
7.207210480371995139e-03
1.105004527031683455e-02
4.705534922529799879e-03
1.575640739041189904e-03
6.575804844125628101e-03
8.322689464826948935e-03
2.429859261613913010e-02
2.675829097902045640e-03
8.410180370480902640e-03
4.968903503743647698e-04
6.708575035799094199e-03
4.215455138816860681e-03
1.873212919708509838e-02
9.335755201663735459e-03
1.718671248432415005e-02
5.859285230465452812e-03
6.760399763379269789e-04
1.149242408942564679e-02
1.519989516188275866e-02
4.542860376807926134e-03
3.569728195905385107e-03
1.351102507764645119e-02
4.170103803382560004e-04
5.131054491943100315e-04
1.165474093195882979e-02
3.683843395373009085e-03
8.465129842215767669e-03
8.698533571584551871e-03
2.211262134174688671e-02
6.872496555585133095e-03
2.027378363025602453e-02
1.852477785869185642e-02
9.983833698924441877e-03
5.734707053067228909e-03
8.924400897426685783e-04
1.016426982639546516e-03
5.705485520089202331e-03
1.776343767013026376e-02
1.911316580057489251e-02
7.756246177907049830e-03
2.350914386772462450e-02
9.560514399810598682e-03
8.655869165292352785e-03
2.493671405398903071e-02
1.780519387427417083e-02
2.750426586202173000e-03
2.159184342715319421e-03
4.208086041375578949e-03
2.855896461435476763e-04
2.698185890528038977e-03
2.042318553674169965e-02
9.412509494455476022e-04
4.373895318518062660e-03
9.973730671002391766e-04
1.346229950003047238e-02
1.791697977157804189e-03
3.418181458568097381e-02
7.649128472847419036e-04
9.200849901454052557e-03
1.104060230844856536e-02
1.584992539365530709e-02
5.075246360739509716e-04
2.245477983846563136e-02
1.339238325983128225e-02
1.453009172634758123e-02
6.526293903262298142e-03
1.434642322441937812e-03
1.353272475591260453e-02
5.396347928929784779e-03
1.886713821657703960e-02
9.523981193187359279e-03
1.893487257974125690e-03
1.529958056122262405e-02
1.403327623074225941e-02
8.542051316288868518e-03
1.039216477570293999e-02
1.130018394150310128e-02
6.535331227510012692e-03
1.997368570923013526e-03
8.451486632167288376e-03
6.331779101668353477e-03
5.420416897733669470e-03
1.177319763053073266e-02
1.017860804743794811e-02
3.230365445654955446e-03
2.281541390954661824e-02
3.292434791320414389e-02
7.075596392710681651e-03
1.568624522291667267e-02
2.256766964132658065e-02
2.566915816984383786e-02
1.483065687209036629e-02
2.829581744801995969e-03
2.887813894120370983e-03
4.969887026929532825e-02
7.846503875958534338e-03
6.894426585848999027e-03
4.257232466234120438e-03
5.776717726274830864e-03
3.016780040509327299e-02
2.349722270747439667e-02
2.823582508200004476e-02
1.356476180105909042e-02
1.496600186580032080e-03
1.154934820066108071e-02
1.414282031320955417e-02
8.497019820880869975e-03
2.380445444389111403e-02
7.602483522398729467e-03
1.594241698765721041e-02
7.228029590307053637e-03
9.382437118338776694e-03
1.006512258255838795e-03
8.712537545408466887e-04
1.691215107813538515e-03
7.306971440311951609e-04
1.463123407664153851e-02
3.432234063085994047e-02
2.459393133293497763e-02
4.747067484296671989e-03
9.205522083321133683e-03
2.510471470788885190e-02
3.085364238912293930e-02
2.372321648961085543e-03
6.382955394520893437e-03
8.534223103701679691e-03
2.464509927176649837e-03
1.965149314045113067e-03
1.669043976953713069e-03
2.492978797014232251e-03
8.604676853768401801e-03
1.218113550599916016e-02
2.929549309858764036e-02
3.749118085701428228e-03
2.666440804069867415e-02
3.472685213934380288e-03
8.753685779949657575e-04
2.291064662859089440e-02
2.929559451494426463e-03
5.111142678838227760e-03
8.931892442801373996e-03
1.489885093027358554e-02
5.288115937739194805e-04
2.321136817682343048e-02
2.416938411802449505e-02
9.403466093962095998e-03
7.748068751903838119e-03
3.544624386077497788e-04
8.570542657440809176e-02
4.045718544545175155e-02
5.794932573091547690e-02
3.665531851776024364e-03
1.712146698739895612e-02
2.623292214879784784e-02
1.293267884396708672e-02
1.584737482315313334e-02
7.929105629572649749e-03
7.610365598174351209e-04
8.597227507485359979e-03
2.710216964045065666e-03
4.019008657260482280e-03
5.147992673002720933e-03
6.822679238926208575e-03
2.112460666504750034e-02
3.776648636428348027e-02
7.440138849303848390e-03
5.699659113678862826e-02
6.021106243161518726e-03
1.451293582896509907e-03
5.150230625596163847e-03
9.659085593810602666e-03
5.048946699100349128e-03
1.691290721246515444e-02
2.888321562847722887e-02
1.596504682151832916e-02
3.254991165367870226e-02
2.747742173668948906e-02
2.479175743140642207e-02
7.671382309784355313e-03
1.575877846865619131e-02
3.717277011027850936e-02
1.026380095033127028e-02
3.455411789234840575e-02
3.660932211966309510e-04
8.931054395968593754e-03
2.115480580779847963e-02
2.464084306336278458e-03
2.396060001118619290e-02
6.863364725020459738e-03
1.358868035626667990e-02
1.284724090960121488e-03
3.629434362129941877e-03
1.502678769289816224e-03
3.481835986841071498e-03
2.286932074908745727e-02
1.079707709493220313e-02
3.144061683683242042e-02
1.368697129404856244e-02
9.877159658838514933e-03
1.167522127662232179e-03
1.826032857725890315e-02
1.649393357375107672e-02
2.009270256534649059e-03
6.561263773954933466e-03
7.298606683556706914e-03
8.547465142271317741e-04
4.038513954540756679e-02
4.809955143529804494e-02
2.761784828592777491e-02
1.286315938565402855e-02
7.561537191805725935e-03
5.475272443874321104e-02
3.130497903333354093e-02
7.251849098044719361e-03
1.937566693598807496e-02
1.374306715467762258e-02
4.967491910545853567e-02
1.109102687293689847e-02
1.232411414324365191e-02
1.011329624194621385e-02
1.561927845127073985e-02
5.421563534791553826e-03
9.883954279054280034e-03
1.342721018941920100e-02
7.349681416929730593e-03
1.751675547829607826e-02
1.920774569017019359e-02
9.008046217201526318e-05
3.748867507435262036e-02
4.306459800350433825e-02
2.989410097055467900e-03
9.966651268316042978e-03
9.445834611311423532e-03
1.289380729934855134e-02
2.029367962221199917e-02
1.536259447454451851e-02
9.751345889774281836e-03
3.367478259423992842e-02
1.104786733249283476e-02
1.872446644813726899e-02
1.870958589775321979e-02
2.256701496456746392e-02
2.132601962860418768e-02
3.677421493108696399e-02
1.499548469566919229e-02
6.212403950269125563e-03
2.679175339327955624e-02
5.480168030864473842e-03
5.183229913792723742e-02
1.926698263053794324e-02
2.521903319790007314e-02
7.493024631726911272e-03
4.334733585916931281e-02
2.536014125776615748e-03
2.007255355771432256e-02
2.738366272377820709e-02
2.561951057264211587e-02
1.545294714486222278e-02
2.670426726251211996e-02
7.816479906931829424e-03
2.475565798466316386e-02
1.194296823167520158e-02
5.348413933920631580e-04
2.711109434558024028e-02
2.940918667207307463e-02
6.868006470633803914e-03
1.391134732042949990e-02
2.319097647286313610e-02
2.000439653626011338e-02
4.472279432158268730e-02
9.098564175248492758e-03
5.366453036875287741e-03
2.871182046530145957e-03
2.599915218174373224e-02
2.642638500481583191e-02
6.276560780531991943e-03
4.295029266221507200e-03
7.224442303974246138e-03
1.755019933878515861e-02
1.195614781163548135e-03
4.967027091323091177e-03
3.629784967099165122e-02
9.282231961199160358e-03
9.651718676716089518e-04
1.868669846673561355e-02
5.698365595521834477e-03
8.882206349940795220e-03
2.349226307916042755e-02
4.410355791340161979e-02
1.808741100610666841e-02
6.612102886409901292e-02
1.451482606881753651e-04
6.377991685943928957e-02
1.029970048731053585e-02
1.144186152417819846e-03
1.661688548165102253e-02
1.807842224965154967e-02
1.032676397897288635e-03
2.039976559235632397e-03
2.070565330775429088e-03
9.487145941467894092e-04
2.173841982626268168e-02
1.856600522212540488e-04
9.713164308228005445e-03
2.794464599046714553e-04
9.357500293224890048e-03
1.670516162155180964e-02
1.828556770014505561e-04
3.343873046237320207e-03
2.649305373929668715e-03
9.003766041206022822e-03
9.519199120423028210e-03
1.766818785575920842e-02
1.004759828454211690e-02
2.579834173310847217e-02
8.150474802051468643e-04
2.079110269854573395e-02
4.759259941445851023e-03
1.539587365048475376e-02
3.089168880165310549e-02
4.872792358941896440e-02
8.648986070160312456e-03
3.025607984298564826e-02
1.487435896260187219e-03
2.537145229583317313e-02
1.823007178017286211e-03
7.716378252365036286e-05
2.312252257471970277e-03
9.251624001170688505e-02
1.469855128463023802e-03
1.396278323483774418e-03
8.700011244010909250e-03
3.848952064471025843e-03
5.367203937937860270e-03
2.580320782746171535e-02
8.603661133595081473e-03
3.836750172647383252e-03
5.982212446597799313e-03
3.953188330896006963e-02
4.838845563866016851e-04
6.196284864301326509e-03
1.329911317462970088e-02
2.000315865525052750e-02
1.459152724011649263e-04
2.855885654180342556e-04
1.395825500903096622e-02
1.591414811442188812e-02
2.878929279068187519e-05
1.407335652528758640e-02
4.223896637295058293e-03
1.953213400157337298e-02
1.280828859226863445e-02
3.845680061021665430e-02
9.004116470962088281e-03
2.484116494296807753e-02
3.959616626833062890e-03
2.914749187003943046e-02
6.906866443097273503e-04
4.696942646099615606e-03
5.112241804490685881e-03
8.400351358156015608e-03
7.254827454746457654e-03
4.105682256678120853e-03
2.564872115256498081e-03
8.006369380060373089e-03
5.265955294022152226e-03
1.013428495009135143e-02
1.199781211424519843e-03
4.630159988107547184e-03
9.275293208612143611e-03
3.872475493534387886e-02
2.836907425152312284e-03
5.872175735828413269e-03
2.687973437901362492e-02
1.961156031275533562e-02
5.396406599119094906e-04
7.383812635200527608e-03
7.799787169056628805e-03
3.114721962304682103e-03
6.126915387329262552e-03
3.758863678301591418e-03
7.250549257176816531e-03
3.327247199764794827e-02
8.628473255806765746e-03
1.769737024370740541e-02
1.482297223395101721e-03
2.074174241215265280e-02
8.024550257234447370e-04
2.499385532431561835e-02
3.925036176192830094e-03
2.808176995940154033e-03
2.087873940750257715e-03
6.408065133200370120e-03
9.450988664367408754e-03
1.380178999925250026e-02
5.816501443755337994e-03
3.816010599653740787e-02
1.635087249072562227e-02
2.930275194069466294e-02
1.683205850902127348e-02
1.619973367120049190e-02
3.948812434169060581e-02
2.454777631509863500e-02
9.633031421974781738e-04
1.588610547696669983e-02
6.415601620443068392e-03
3.049183004611995956e-02
4.396637019859176918e-03
4.729271335866405170e-03
9.450250085571104339e-03
2.210006067524643465e-03
9.590038213872272704e-03
4.007107723603346716e-03
8.474705738648884157e-03
8.637798249607343826e-03
1.340561181886262831e-02
1.074254447164457379e-02
7.202535161438957181e-03
5.169498256503510941e-04
2.825429891239416430e-03
3.606141042814143497e-03
8.379654081585823436e-03
6.552281278991428128e-03
5.826771437378527180e-03
6.055489238269113478e-03
2.218961265330126123e-03
2.693415083928574379e-03
1.663567649987169467e-02
1.043171580069143789e-02
2.956353803358972160e-02
1.008386286137325644e-02
4.273421645701623584e-03
1.892015539506955446e-02
9.697110474611414510e-03
6.206740565747181394e-03
1.971804444774702750e-02
3.604730819861167584e-02
1.496988556848639733e-02
2.414955817002240046e-02
4.123782502531682381e-03
2.677029077385958966e-02
6.120371445497397103e-03
1.233324219040874380e-02
2.429089121415090383e-03
5.946060302556663291e-03
3.889349037907770083e-03
7.989046397045007630e-04
1.682194523194324807e-03
3.964775448428271148e-02
6.915043915382854643e-03
1.496435887537096721e-02
1.543513255735394843e-02
1.576300126952013408e-02
6.524681224722345824e-03
1.197828089308143953e-02
2.610329472635506461e-03
6.433277544509025808e-03
5.374064536336213734e-03
5.852360189915930232e-03
2.779872307784782975e-03
2.326205473285699113e-02
1.714962034136714719e-02
7.636979545573221485e-03
6.803616364814677776e-03
1.490187418701244444e-02
2.491284607062636131e-03
1.065927996724276745e-02
1.608076575787330265e-02
2.320867879546562734e-02
1.423678095954469640e-02
1.302178245759230517e-02
6.524102003755854508e-04
1.966099907298535579e-02
1.512811336657018946e-02
2.870524669149690251e-03
5.568641238753716492e-03
8.698429817841461797e-03
5.030713917981202363e-03
2.363703568648472045e-03
3.546481537996715519e-03
1.948227274100307327e-02
1.933951851614424539e-03
9.991472906004439380e-03
1.585569368227261744e-02
2.222970859074239157e-03
2.603182731475313025e-02
9.040200686421888052e-03
1.158723619605592919e-03
4.920150187155955535e-03
3.701612040125231221e-03
5.859826427780768544e-03
9.514759699127919856e-03
1.060371234381479039e-02
3.480763774958627044e-02
7.810570869517862412e-03
1.113250528555045568e-02
2.117291386271755518e-02
3.594608334340465561e-02
1.643315309249859671e-03
2.212462337629986925e-02
5.863791599550202682e-02
1.157441716396456419e-03
2.654533558429842538e-02
8.507057234233674284e-04
2.140367852405404211e-02
3.595117752240765269e-02
4.238710583883270860e-04
1.181182960677357001e-02
1.177757205473365168e-02
6.380415747344693467e-03
7.018954331415337873e-03
1.415940506388414441e-02
9.001956401631996951e-04
9.735841260973519557e-04
6.572182846335044779e-03
2.152884206530220751e-02
1.017471295032362430e-02
7.953566987382429745e-03
1.997437300628911519e-02
1.977151683398873858e-03
9.209401638223254499e-03
1.753788007031310825e-02
1.960623198460776512e-02
1.381016107962761835e-02
1.352733019699806083e-03
2.331266132617065487e-02
1.491037838680595029e-02
1.031010157113161282e-02
3.887657510823206743e-03
6.916467589070576794e-02
9.297605369641269435e-03
4.059790764999544367e-03
1.518955288757920311e-02
1.083860443146101790e-02
9.544202356642370044e-03
1.264473468429826164e-02
1.225559662546182871e-02
2.266762089292148966e-02
3.063267229473245687e-03
5.751390480218968211e-03
4.041580486129521532e-04
1.176376198678916532e-02
1.672026560506062465e-02
7.981459245665740998e-03
5.506905263981144542e-03
1.365991456571175912e-02
2.005293048456638014e-03
8.608968304990274184e-03
2.567557926441301971e-02
5.344106428177161638e-03
5.142764861736803805e-02
1.514399792238389081e-03
2.365821816352628448e-03
8.800192693682165612e-03
2.442635797304889070e-03
3.027635765273629931e-02
5.152515137693774658e-03
1.381495070235254710e-02
1.171512854221953143e-03
8.106394913291833926e-03
2.622804876875906369e-03
4.437284367070472996e-02
1.473522644125691700e-02
5.837722236930754363e-04
6.438700981370457099e-02
6.686898054875283284e-03
4.028435093122267191e-03
1.396288178363598413e-02
4.393532424713733273e-03
5.890597018616249014e-02
2.206354001773163861e-03
2.819208890947554579e-03
3.156799930701230123e-03
3.583361025523167098e-02
1.011196799374803473e-02
7.882692892997120865e-03
1.464070782824095952e-02
8.439284364028843549e-03
1.449702967289293737e-02
2.059500375453654844e-02
4.909548029819186740e-03
8.710301859609489647e-03
2.425815429514654661e-02
8.340877270427643833e-04
2.351333377394906714e-03
2.203235339918599781e-03
1.808779692116965244e-03
4.757075431866884807e-02
4.699994619888672384e-03
6.880020706210514259e-03
8.475936128527247759e-03
2.770259894190759374e-03
8.470259359262149491e-04
2.036276736305776824e-02
4.215614444633566937e-02
2.141335352766238383e-03
2.108988344769573836e-02
7.802050291582428819e-03
9.414270556645502885e-03
1.898763205300623910e-02
2.476243521000140446e-02
3.705897886797629437e-02
2.811766964431272955e-03
3.304317122843763999e-03
3.375596164447655645e-02
1.028345460817576759e-02
1.783244049770212059e-02
7.401756716670324435e-03
3.780319184089320043e-03
1.735758232326827660e-02
5.653444729120124176e-03
6.627079895751723793e-02
1.174347765091840988e-02
9.226419949092717204e-03
4.181022177326859657e-02
4.116415426946972572e-04
1.632457844996943429e-03
4.172186545546574532e-06
2.488289449779235857e-04
2.790681206547847293e-02
5.384867951591483341e-03
5.130623971521960057e-03
1.437084985642852336e-02
1.850491442389501362e-02
2.575870507441069268e-03
3.318049746004343714e-02
7.036251305158143510e-02
8.888593017799366336e-04
3.492492521520808302e-02
3.604969431919409495e-03
7.573659416497747696e-03
2.741171424298006684e-02
4.879525881683099975e-02
4.687497017677438177e-02
1.085133844018214971e-02
4.650564344152872259e-03
3.936968324008442363e-03
4.070441390943470468e-03
6.309558350512322125e-03
5.599037965685958566e-03
7.613950828187950048e-05
1.798486510681867462e-02
1.836029638812949893e-03
3.705183180937405424e-02
1.656957640762897824e-02
6.522248569630215848e-03
3.645890420451750047e-02
6.080249484488564962e-03
1.541470100227790643e-02
2.581811367886888489e-02
1.057965617730331851e-03
2.071574613307563401e-02
6.272711960481682295e-03
4.084133356917452398e-03
1.357554159847699018e-02
2.834407420101171110e-02
1.800674494818737398e-02
6.839432340387531853e-03
3.830712946351144677e-02
8.737181677032780213e-04
3.496770286468996181e-02
1.764286619862887040e-02
1.170282529108257474e-02
7.506486654791227897e-03
1.876687312628484705e-02
6.027264689919668850e-02
3.225887424911758755e-02
2.683801187634867261e-03
2.414750556909456281e-03
1.658997339029034609e-03
1.096898365960633989e-02
1.603455586461510762e-02
3.019851419967183037e-02
1.681055652084742849e-02
8.123211745540946660e-04
2.252204074240906490e-02
1.576928857790204155e-02
1.872685576152714748e-03
2.645928841770916942e-03
1.414166456246162586e-02
2.098902605716983227e-03
2.983862562957733527e-02
3.175056974002825327e-05
3.227950541518018190e-04
1.750399786160469415e-02
2.082829370419216584e-03
3.983667413738492882e-03
2.217314252095185789e-02
1.317094376809587256e-02
1.323122158258010876e-02
1.325091584559914826e-02
7.958744028796892189e-03
2.318235050688754323e-02
1.404776676442407585e-02
3.914097187706964964e-02
2.908440647185902075e-03
1.788405571702150060e-02
5.647341767921628536e-02
1.959231357711641204e-03
1.207978488384813887e-03
2.938799272563254704e-03
6.367839988471006574e-03
2.886312384944283299e-03
2.759424769252456083e-02
1.238294465481602075e-03
4.976278612899361249e-03
8.250172073846324949e-03
1.717001883895542813e-02
9.460604527001455558e-03
1.785461469790692798e-02
4.255514602589782064e-04
6.814352706602520501e-03
5.672426599072284345e-03
2.309661686170136688e-02
5.991640183729680241e-03
4.305613017147881007e-03
4.127459426685551463e-03
2.153820179320378725e-03
1.272131869550680375e-02
1.215248902472204975e-02
7.768967418349259635e-04
1.387398783802763769e-02
7.894663431736167331e-03
1.786575565065777124e-02
1.638872879340931565e-02
9.904272729905766459e-04
2.403985193303375192e-02
1.016965103299171357e-02
3.051118100220329664e-03
4.136094356841410469e-02
4.807474302243670145e-03
1.143834348961465016e-03
2.378124152678146724e-03
2.483785603658532348e-02
6.362468222106442209e-03
4.199449904528970018e-03
4.228104334861805709e-03
1.735650887993093333e-02
8.310940341268007944e-03
3.670464388799192512e-03
3.546049241301080582e-03
1.916663748233343040e-02
2.620889759259255672e-03
3.463019348409200268e-03
1.399855283485107980e-03
1.826328175649697544e-02
3.224519990566939581e-03
1.449083740935852918e-02
1.873816332074834667e-02
2.262506698516207615e-03
2.393038296209329743e-02
6.281509989603323123e-03
2.656002080848860782e-03
2.880457472907353364e-03
1.364414711458039609e-04
1.951212675068333957e-02
1.493689906661233371e-03
6.488833901348639230e-04
3.938985946929817600e-02
2.814982006285934868e-02
8.981709966989669808e-03
6.238179176334587503e-03
2.622761562575841310e-03
2.677118152343046197e-03
1.263613405369943751e-02
2.931250285099431391e-02
3.769514018132748973e-02
7.610077728265648121e-03
7.517154508076107078e-03
1.963691152462055181e-03
6.217850688587022064e-03
2.641829395193969268e-02
1.794823290281256575e-03
1.298684527240657333e-02
3.533608095008353329e-04
1.011052776493569227e-03
3.865584747223214327e-03
1.771698838972810344e-02
8.589686054948829363e-03
6.332182402797843779e-02
6.668246764847196931e-03
1.924403214645328125e-02
2.611658498753710242e-02
5.366126039044300487e-03
2.157210332645162834e-03
4.798852138620453810e-03
2.635292427252572400e-02
2.305458650589996966e-02
6.501656388952701399e-03
1.954556097193520595e-02
2.267059226528477314e-02
2.110022221646493112e-02
5.331455589916404489e-03
1.244973133000583723e-02
2.583101203410290841e-02
2.120666150016894957e-03
1.165880010369800199e-02
1.425847840831336727e-02
5.328021430322628371e-02
1.987491018481242142e-02
1.749171942276286223e-02
8.417889798495208770e-03
2.260608111050621712e-03
4.383900573844424359e-02
6.782955667197223051e-03
3.141392619770035782e-02
1.318619053302919758e-02
1.054204382273784754e-02
1.060847289041886785e-02
3.167017671662368354e-03
6.065236261441428293e-03
4.294199177485368002e-02
1.005770539525933233e-02
1.043893219866579014e-02
4.756874820248665342e-02
1.825370230173412392e-02
6.227109372846779262e-03
3.976973522216841785e-03
6.870523636476746215e-03
2.145389762097835856e-02
3.737228372282597882e-02
6.539671062238706922e-02
4.203092212484294682e-02
9.979945679944510900e-03
9.484855580389577046e-04
5.586410437910202011e-03
8.939598712171866607e-03
3.675548852649646037e-03
3.032832411812290060e-02
3.553548025640446920e-03
6.060777876318926283e-02
5.021928573070722976e-03
1.549818407869288546e-02
9.024898219641508054e-03
4.447510892555957100e-03
1.953488765731798554e-02
1.979758367686293603e-03
3.061323566214316921e-02
3.972473580346416039e-02
7.491009448269751042e-03
2.028393999082088450e-02
2.602446302824986887e-03
6.229575924901795125e-03
2.481053956311900319e-03
3.052062461960612476e-03
1.875785702225695600e-02
5.463081742817778308e-02
3.802853156130900011e-03
1.771084049741779645e-02
3.002441968483191871e-04
3.036181695017390637e-03
2.354200544326049208e-02
9.425165454470238457e-03
2.904592813527690637e-02
3.364506819753056849e-02
1.064919969214015230e-02
4.243792209042604111e-03
2.495979543299110121e-02
3.433332638669548548e-03
5.170193707702100058e-03
1.566426934691782236e-02
2.273468275054020635e-03
1.851236444690218877e-02
2.558388989889334372e-02
8.444189891302661399e-03
9.709386797601278181e-04
3.755224845098485698e-03
7.728700740663463527e-03
1.106238116792421060e-03
2.948557058828939204e-02
1.989955848107070185e-02
4.498432071482335801e-04
4.151928613494786785e-02
5.456218974421383518e-03
3.090812889489783118e-03
2.411227539911534046e-03
8.614254134664843521e-03
1.522226428699609280e-02
3.521365430605617741e-02
1.740536383548949712e-02
8.754995268480711412e-03
2.754149852140812954e-02
7.712717288424320895e-03
2.266176388554946852e-04
1.561600061988216610e-02
1.454190845204661811e-02
2.239049021883638552e-02
1.525148167737476294e-03
1.969115484923755245e-03
5.220179297693518412e-03
4.556737098489705914e-03
3.365799418081542524e-03
2.217849242403763330e-03
5.273960501634426985e-03
1.190847577745698591e-02
2.760470359108036648e-02
6.110970697803749969e-03
5.910598686556227215e-03
2.526133420000211890e-02
1.010099322053282025e-02
2.701447631403558827e-03
3.992014878844057924e-02
2.846893776415992255e-02
7.297386594245477802e-03
2.145799069355191352e-02
1.028415956233496090e-02
1.091014923724302303e-02
7.291083424759566348e-03
1.117255048802318421e-02
5.041821408256651725e-03
2.032693909302177304e-02
2.870163110113371340e-03
4.383026679180324764e-03
4.794614812163808248e-02
5.057545978573637149e-03
2.137477288929396854e-02
4.619068119553272275e-03
6.495369243086392998e-03
4.263937066851693214e-02
9.979716683618886780e-04
2.355779625549942607e-02
9.233036696091106652e-03
1.289746015856946780e-02
9.355853748198405054e-03
8.618083968900029992e-03
8.895164539419327891e-04
7.333779653465595343e-04
2.412045220359654643e-02
2.018687192134653585e-03
5.757841369982931098e-03
1.709122272936740294e-02
1.938705606112564248e-02
1.070616605933717713e-02
1.051141715932317824e-02
4.227571835257266930e-02
5.994123990723063990e-03
1.446042449600728856e-02
7.387070635534075808e-03
2.737782791792708025e-03
3.702711601970001126e-02
1.367997966524488185e-04
9.054953681413426686e-03
3.446965441328574131e-03
2.274911045678961602e-03
2.320786681185303506e-03
8.390201745406989514e-03
1.732671336289936083e-03
2.966072452280557603e-02
8.867266008960596538e-03
8.298439910389969476e-03
1.612267317157953239e-02
2.788540780386436838e-03
1.116275701127270384e-02
5.761220154052210107e-02
4.318426274734284143e-03
1.847976088792649060e-02
2.111107776197728575e-03
1.374334509111784647e-02
5.828163530576475036e-03
2.517246360490360893e-02
3.707920587024116782e-03
2.793966572606711336e-03
1.605180729931825895e-02
1.671936333694950400e-02
7.068669719153750086e-05
2.126057762294549305e-02
7.295790519373494647e-03
1.736727046386162682e-03
1.100569500346168343e-02
8.882347445898167854e-03
6.288306950911893081e-03
3.195704134007672226e-02
1.885952344456846494e-03
4.454218860174265389e-03
1.874999858344870464e-03
7.129523664261484817e-03
7.013948076845894983e-04
2.160317269849233723e-02
1.031225952499249593e-03
1.788507881693146215e-02
1.485423029908283440e-02
6.890974152199523181e-03
1.443136206838619047e-02
2.740492596680368931e-02
8.531873434329538194e-03
2.220110613323698565e-02
1.100957214181310685e-02
3.181087920199583609e-03
8.707890486060191476e-03
8.920624279123514494e-03
8.808976001109910386e-03
1.636361887844085469e-02
2.326458554574407228e-03
9.037511755854558439e-04
2.596501669651274727e-03
8.680053169296732957e-03
8.823568724212222259e-04
1.744808643178048443e-02
6.303232505687862003e-03
5.052619514874377889e-03
5.545396112940073272e-03
4.225842492196275543e-03
2.364340220533253482e-03
4.223235993876785915e-02
1.188006143178073478e-03
1.518170534266813365e-02
1.192162376793020045e-03
1.291918381655724965e-02
1.378808115051461877e-03
3.440443124163615474e-02
6.570365587529134604e-04
1.587736046016955879e-02
2.452677196379573696e-02
1.085806968361575572e-02
2.119498531819082043e-02
2.588978188217894508e-02
1.017978778456367882e-02
4.043171923178932176e-02
3.705945658743976454e-03
4.341219351692744005e-02
8.948697476839547263e-03
3.294594235696427648e-02
4.979377026507530654e-04
2.548815994514062530e-03
1.956715582745494758e-02
2.318258469857740513e-03
2.475854518302983420e-03
4.112927506836445805e-03
1.868225850187332088e-02
2.797175196707779241e-02
3.306821645761961852e-03
1.260658829075431316e-02
7.452936160171942832e-03
3.621536830301395633e-03
1.800438950897860838e-02
2.313202483683607369e-05
5.636758244177865820e-03
1.528677386037177385e-02
2.832368002726879525e-03
1.400291860678718955e-03
1.439443363210900911e-02
1.464679346439638069e-02
5.257169780938602752e-03
1.253168836832598693e-02
1.411399398264000064e-02
2.909035854938856261e-02
2.491888628621579532e-03
1.866918119878336127e-02
2.572349998953615477e-02
2.904689161732932831e-02
6.084596810590238436e-03
1.867130294585073180e-02
1.018925340194803617e-02
5.388386182451113116e-02
3.105604273450239539e-03
1.683301657790075428e-02
7.479901264018385017e-03
1.507005051209403534e-02
5.533446785002452822e-03
3.441172452328722809e-03
4.720606198998469893e-02
9.640166323011596997e-03
8.449885720996992006e-03
2.905375555215777145e-02
9.301771297630122282e-03
4.327020047260549639e-03
7.432910798081933910e-03
2.241841983600382192e-03
1.766714392696686758e-02
1.969530394450719202e-03
3.080431673142216414e-02
8.856193749855658520e-04
4.791070443002543727e-02
1.175841356244511186e-02
1.501021763476216575e-02
1.877086229627804650e-03
9.547345860943844478e-03
1.140322689994802477e-02
3.694313230577353502e-03
5.735919946721645957e-02
2.016998006280403682e-02
2.651296867791804596e-02
4.016081052212815139e-03
1.985897217800641421e-02
1.434051464530388190e-02
6.594804053628074147e-02
4.879734192881830801e-02
3.207648692597385442e-02
3.458351497282836570e-04
8.120374577149508388e-03
7.653758832283658747e-03
6.712313616225504785e-03
3.051348740129269238e-02
2.928078539628061611e-02
1.052922296896274812e-02
3.005291372143908610e-02
1.266845196554872155e-06
7.984921175557701048e-03
6.483162287029192727e-03
1.288351272859228347e-03
1.996257165412249762e-02
1.052601103401490726e-02
6.727791002271533982e-03
6.443872580441834148e-04
4.261323524327599588e-03
1.361780981936165646e-02
2.033434480806306163e-02
1.875767424226224347e-02
6.520348228315465088e-03
4.056897217895561250e-03
2.381362049751190729e-03
4.734427333270446736e-02
9.213238564745545797e-03
2.344359005444000832e-02
1.711192879887532244e-03
3.219454412271040289e-03
1.587196226307635571e-02
5.964543017813020431e-02
1.440979347775472701e-02
3.172763776519867823e-02
1.043198856341698462e-03
4.608467522931544193e-03
7.307836744401699849e-03
8.596561499723785749e-04
1.009479301597177719e-02
1.268353550190381811e-02
3.108314238807600993e-02
3.398601344549442155e-02
4.541472974196764795e-02
1.760161360399360719e-02
1.075864359030876544e-02
1.354347510751653660e-02
3.059788875275248204e-02
1.160590255083663799e-02
7.993433700312252074e-03
8.857674586821021739e-03
9.530274859065351878e-03
9.043685319433045211e-05
7.926631642468283390e-03
9.613308712057795635e-03
1.062771253414299642e-03
6.254102136334957311e-03
8.342629926126688203e-03
2.219047477120255837e-02
1.439506343951931812e-02
1.444449320478090673e-02
4.073443261951888508e-03
1.396762284215674263e-02
2.712114935045207079e-02
3.770236580737135884e-02
6.036580513273338486e-03
1.766595653278487180e-02
1.385282169161346222e-02
8.946632275307668525e-03
2.187282124229833480e-04
1.116053073342301340e-02
4.333924119650392308e-03
9.088263229173585561e-03
2.751279939834384500e-03
3.315968739297363993e-02
3.050088014971780864e-02
5.350356615715837379e-03
1.236633005703418817e-02
1.244370346440663855e-02
1.235575253640474810e-02
1.612592095438472942e-02
1.265647741641382287e-02
3.056037713383761428e-02
4.880983099655412244e-02
3.182743260428847355e-03
2.320039356731083691e-02
1.200348965188362954e-02
2.311191772979914738e-02
1.431543357443035638e-03
5.239997191821109054e-03
1.615433642341537746e-02
3.944985726094881948e-03
8.762431475953558896e-03
6.850096945167828688e-02
1.467173648942367639e-02
8.873438627330414163e-03
2.644163700988854185e-02
6.176425710425375790e-03
1.595600485595294674e-02
3.767614683194746295e-02
6.203441581929881529e-03
2.099530153007879429e-03
7.167044357839070026e-03
2.548310157784007893e-05
5.912985679540033561e-03
2.180445235788481401e-02
3.080185043373411674e-02
6.060781796400849242e-03
2.074022095897861545e-02
1.507687916670821977e-02
1.664826021737362410e-02
4.556304646814179210e-03
2.382777218549032849e-02
1.362337787336083406e-04
6.468663725853559046e-03
3.161140725742915547e-02
2.286683622026788876e-04
1.087960195862072536e-02
2.114918085088668409e-02
1.994208795632243861e-02
5.645948602321652215e-03
3.338402100028905160e-03
4.080875861130458040e-04
8.388926312988265188e-05
5.583418223957646196e-04
1.778475171342816519e-02
2.174330893870078663e-02
2.176219701409422974e-02
2.888828891625346701e-02
6.215794098169994883e-03
1.451977220647516359e-02
1.186231805457867855e-02
4.696343372449086721e-03
1.103100421396733047e-02
1.074809940041139902e-02
2.168655373697699756e-03
7.676730647373061940e-03
1.517408400533402923e-02
7.388145884995738627e-03
1.681266141744693077e-04
1.404327524707696395e-02
1.067130260914101771e-02
5.091171128973686136e-03
6.794159210177955037e-03
1.741227696624282617e-02
2.162256692919715950e-03
1.977574443508045565e-03
1.326739439473974616e-02
3.724768737777240171e-03
9.739707276831122487e-03
6.783437831293961419e-03
1.751564285041953481e-02
4.184042834756054874e-02
1.608729441762127288e-02
3.781754643382272824e-04
1.688781788501943519e-03
1.513253967691174581e-04
1.813281256189334945e-02
2.835373617658929965e-02
2.935972353925912250e-03
2.001113252967860051e-02
4.703699206901862384e-03
3.938893631661305461e-03
2.451650936659586361e-02
2.506175440910911670e-02
6.391222606196644319e-03
7.304804990205637782e-03
7.219894704955060610e-03
4.452362253154000006e-03
1.782439589755494685e-02
7.868050521475808412e-03
3.122395513766966502e-03
4.590124921790657286e-02
7.337443198313520903e-03
1.444457961727344149e-03
4.327057039825339679e-03
9.544144580205733350e-03
6.684304890749278444e-03
1.172324363885758093e-03
1.978748112287955982e-02
5.720781051581967300e-03
5.945761222010181000e-03
4.690496546524945687e-04
3.170788342258695769e-02
1.138845941853127222e-02
1.121892693309686773e-03
8.315688354392182166e-03
4.052780388196303846e-03
2.281853677600656060e-03
1.973165149877342470e-02
6.845130540923099333e-03
6.964007966374422681e-03
3.370033772770499210e-03
2.129236039391303043e-02
1.103191924489269407e-02
3.908573066589056573e-03
4.514346099084135672e-03
1.808776278676611782e-02
6.838621138232333155e-04
2.293824635869335174e-02
2.118882743848058553e-03
1.470683264986726198e-02
1.649610246516131432e-02
1.076741307767482489e-02
4.737847826511422389e-02
9.713569241142474067e-03
5.377281294610160300e-03
3.634488418871894590e-03
1.729060402460685236e-02
1.939546468023302730e-03
6.913390399510709397e-03
2.132465612045373465e-02
1.191132571212343179e-02
6.586625512855878023e-03
2.916261739363380269e-03
3.528105968866258185e-03
8.273630915599145680e-03
3.348503640389832378e-03
6.587061302987546468e-03
2.388812451316574530e-03
1.103083218459724457e-02
8.433357041484929040e-03
2.123354508298554502e-02
7.085866735259389523e-03
6.512240691114857052e-03
3.175003808222038801e-03
3.050376481992116834e-03
7.216871845161110938e-03
2.870146607397052862e-03
1.501820586071906348e-02
3.357393230782397715e-03
3.101745675040964989e-02
2.691321029779604121e-03
7.905489132729936336e-03
2.027737208666862898e-02
1.392374392098060486e-02
3.365721925705031370e-02
2.137217757170729523e-02
1.188516544851053736e-02
4.396071018206038766e-03
5.758558957332258338e-02
1.786604717030886719e-02
1.445490505352500440e-02
1.028591695199142057e-02
6.974276557246026839e-03
9.863496211890693602e-03
3.893594873830169903e-03
3.856510660799892729e-03
7.128025857785061370e-03
8.010596593846104271e-03
2.628872398828251654e-03
3.412079979696131665e-03
1.178483686930906389e-03
2.733178137243605366e-02
2.455623096441317266e-02
1.966231998894386879e-02
7.955892531918888275e-03
3.800611660920229749e-03
9.253513282903615134e-03
2.878470310924444858e-02
1.075469745173173938e-03
8.159863475997272686e-03
2.468149890526656100e-03
2.543508854107867645e-02
8.467195544647854871e-03
2.529110204799556866e-03
3.360803897554724001e-02
1.326794967377643505e-02
1.328466915571094656e-02
1.026613302085782262e-02
1.286060153093378580e-02
3.682242467561360789e-03
1.231604017008017075e-02
9.773015615353613031e-03
6.519365293075220398e-03
1.972571858348844479e-03
6.156865016874775096e-03
1.018125178216151318e-02
3.909305876136290325e-04
7.545855781452909944e-03
4.116898313359579516e-03
7.156899916483296792e-03
6.199868814249710064e-03
1.783564534804263010e-02
1.941492037973288533e-03
1.839855685684552156e-02
3.957306528830878412e-02
8.600356109961045450e-03
4.060049385240036002e-02
6.133317365636374585e-03
8.782993357861066525e-03
1.533451174243170498e-02
2.434379630796539538e-03
6.112283610182806665e-03
3.640877819787098277e-03
2.149700987324361379e-02
1.097612165964680954e-02
7.939787123593965157e-03
2.266321121725920970e-02
1.494227103604204958e-02
4.541116123895220895e-03
5.680008121215548295e-03
1.235450863524865592e-02
1.359168231791540657e-02
2.033742867363948909e-02
3.604304486883547383e-03
2.457220588653814472e-03
1.695975130251427612e-02
1.141404805675519732e-03
3.945483228260128310e-03
1.596710249909386731e-02
1.401809262528898965e-03
5.144898972291204325e-03
8.576364968536134272e-04
8.926459378837819925e-04
1.294922801037568308e-03
3.856860197540399986e-03
4.051101296327682538e-03
4.357287910607941100e-03
1.261888643709936555e-03
2.957383008598275451e-02
6.433355200349821779e-05
1.619095463679065539e-02
2.052476251647483707e-02
6.117211469527236538e-03
2.029585691623968582e-03
1.828706456209043887e-03
3.738289128000063521e-02
1.204744619147815957e-02
1.025759476734501227e-02
6.213083935543775582e-03
9.875381490500406700e-03
6.109514017875645325e-03
2.786688765865026271e-02
6.197341703264713786e-02
3.492335721819901651e-02
3.173838143443265258e-02
1.753683309410850044e-03
5.566470654099285598e-03
9.900078789835432824e-05
1.737206760257424543e-03
8.827500643261997765e-03
1.462666517437344327e-04
9.808930839865160484e-03
2.616880250273511364e-03
9.744256248273687818e-03
8.024311203606061815e-03
1.389014671962486786e-03
1.625915381308614543e-02
6.746458186980310023e-04
2.382372900020673923e-02
1.426625164411410816e-02
5.980753570290891011e-03
4.850906270792411379e-03
1.948732329401015734e-02
4.386498639116871712e-02
1.125560714476473052e-02
3.554282096929565690e-03
3.655181952744235470e-03
3.206437650405941781e-02
8.197086157191282862e-02
7.086307401577451870e-03
9.618929122683106750e-03
5.247244002736421720e-02
1.105115504836510013e-02
7.314945165866225049e-04
7.037066837013460086e-03
4.230876338585463914e-02
7.934847840474030731e-03
3.873513640415944537e-03
4.692866210192598100e-03
3.836400144092381483e-03
2.321977144151251941e-03
1.698038471226553242e-02
5.058178312673185933e-03
1.947318570199296425e-02
4.257371871035352598e-03
1.081942393606883865e-03
1.142235901709379511e-02
2.307795793079078610e-03
5.086338167361725837e-02
1.839821041454351401e-03
1.013811897535660950e-02
2.330159117701018426e-02
5.084022266372122817e-03
1.075918300669070210e-02
2.216612513400507620e-02
2.890930665771946489e-02
8.459349501500693091e-03
3.365468447695096205e-04
1.490440178587932457e-02
3.135459095557736886e-02
5.020632707156739982e-02
2.864431852240665807e-02
2.199273237539747447e-02
2.794296671001142776e-02
1.110064586274287987e-02
7.992484768567474640e-03
4.790771922730264684e-03
1.582903177649296056e-02
4.103810232817722836e-03
5.511186358992088176e-03
4.584549497021984596e-03
2.043751727819780040e-03
3.885209295933547344e-03
6.263046903649023556e-02
1.010486642225870944e-02
8.540969165670264651e-03
4.007465173382743912e-03
2.602747450995868128e-03
1.335760057601800312e-02
1.458771477706993086e-05
3.059638096039086347e-02
3.610859986850065845e-02
2.793832161448700762e-03
2.215268838740296758e-02
8.829286924564406364e-03
4.311838082107071271e-03
2.570242475056419909e-03
2.002437625933090048e-02
1.877115680550314053e-02
1.123084582415160432e-02
1.447924455616155653e-02
2.410533691749933843e-02
2.834811096408096712e-02
3.238521070210584329e-02
8.695791999463946959e-03
3.513106757692655794e-03
6.012761272883701893e-03
8.660087901221330542e-03
1.740089437628150951e-04
6.506455970687810043e-03
2.298130927617639610e-03
4.699084817261071391e-03
2.579798331307308311e-03
3.386940773334480830e-03
3.915830514502534679e-03
6.771468687303938694e-03
1.352070864475658427e-02
3.311475969056025016e-03
1.651525280875657409e-03
3.105966251921217329e-03
8.966666600666660381e-03
1.521671329121355217e-03
1.010107510770709427e-02
1.815697644048160087e-02
3.879159570878856853e-03
4.475923753275219685e-02
2.112948611485431644e-03
3.333057855741766891e-03
8.471590558166612953e-03
1.442856829994388843e-02
2.436171951300421593e-02
2.861400521380205123e-03
3.168889642290775507e-03
9.884271260637182005e-03
4.971955684239843729e-03
1.504702006547254875e-02
1.120089635765710804e-03
2.696929451522812882e-04
5.040886953720715314e-04
6.860838075516918419e-03
6.948729112747402403e-03
7.334905000715041812e-03
6.074806775190445991e-03
3.488227391121331497e-03
2.691766225176316085e-02
6.297312631109882458e-03
8.289476142116981860e-03
5.698800970148527878e-04
2.201459578896267089e-02
7.244543977140589786e-05
1.104884645066875164e-02
6.321253063985114717e-03
6.259337412856036051e-03
3.215865019596806512e-02
2.228469431209644663e-03
1.499240377105398939e-02
7.050593425027987596e-04
6.012434221332219053e-02
7.887577103441012483e-03
6.519985362703836426e-03
1.968492994578511374e-02
2.038637489919763873e-02
1.196504391643044528e-02
1.646984558672310445e-02
1.469199838122539712e-03
2.015641122814797528e-02
7.415588975473200346e-03
3.005397205029236140e-03
9.060275193879318428e-03
4.670883581244615612e-03
4.873406980560638160e-03
1.252402558689684475e-02
1.612631097505437539e-03
3.625930485632207489e-04
3.890149893552150538e-03
2.888104960931689967e-03
6.472252446062018438e-02
3.988744078120075309e-03
2.649212294655278743e-02
4.817575800941941398e-03
7.346779218261707649e-03
2.938694876655284505e-02
1.848914630627000732e-02
1.451107361610940241e-02
1.066916487340151959e-03
1.546191084660030086e-02
8.247979384586046070e-05
1.681833510779050245e-02
3.931827041417136799e-03
4.178222487223230697e-02
4.161444387422866611e-03
9.672080384294106520e-03
7.503453135844001531e-02
8.107364207296999595e-03
7.459700037251885268e-03
4.899355258667723728e-04
6.757431294859981424e-03
1.528257079099423418e-02
1.183354255590917878e-02
7.818301681647082252e-03
3.451812529667987704e-03
7.403514710924218728e-03
5.060732761674449284e-04
3.507501674860778480e-03
3.140356037003970598e-03
8.217869699924463048e-04
3.171037393830056055e-03
1.154671135883390126e-02
5.054210244886041953e-02
3.237094953028693545e-03
3.983844763673159706e-02
2.068578604622153729e-03
5.837339282145668357e-03
8.601462668758556168e-03
1.172098586888514239e-03
1.639388961442301076e-02
2.569151573132825474e-03
7.169815078061144743e-03
3.552519952099711647e-03
3.654107245973693685e-02
2.602497402607474759e-03
2.412638203937642750e-02
2.179271587948182747e-03
1.408851517709384590e-02
3.011115975391430791e-02
7.070117443219451486e-03
1.978173100356957897e-02
3.860109193499428309e-03
1.816235745877173985e-02
9.115817035938410251e-03
8.319330493532957338e-04
1.269887633515795998e-02
1.155072290981697461e-02
5.284501469015245520e-03
1.211650987586950293e-02
3.415912752429979115e-03
4.982809975637846056e-03
1.732104512328123957e-02
2.517237375414656253e-03
1.302970158831415551e-02
2.643783067614503129e-02
3.258618523833124682e-04
4.230239451517518734e-02
1.090088533547123317e-02
1.263871946485426237e-02
4.866330180655649602e-03
8.765093513200955533e-03
2.552328738452467119e-03
1.082403216296149752e-02
9.400588266767376938e-03
2.550012892497103070e-03
8.840544099873188372e-03
5.170459940515424735e-03
4.283201729562789717e-02
8.313297636053082473e-03
4.466473254198066734e-02
1.956176815010057801e-02
8.879722646587337107e-03
9.829149718596516191e-03
2.035895699280159885e-02
1.724914440325703985e-02
1.391770949781529626e-02
3.396310877958462482e-02
2.159562942097025678e-02
1.994292674366219750e-02
1.171221539366026736e-02
2.624267477958226041e-02
1.621393674817757022e-02
1.074633590490528838e-03
1.707453297076989146e-02
9.229130720048234898e-03
1.029018196051199180e-03
2.236952742480929207e-02
1.081913738299816567e-03
1.416382781295289980e-02
2.027775425885657359e-03
3.196066594008187701e-03
9.184167458807096507e-03
1.873774180461169545e-02
1.987777553639033523e-02
2.710027085069805289e-02
4.841472785865691408e-03
6.148361781762966619e-03
9.915931338815773405e-03
2.033321163178190144e-02
5.598853993506480026e-02
1.783699654248827038e-02
2.616444019998975107e-02
1.104302453160981370e-02
8.233220843013895965e-03
1.580848583314847094e-02
2.544251633771465321e-02
5.614793858245376544e-03
1.048758561660761458e-02
7.077412570774403375e-03
2.781289477510735797e-02
1.827465219011741027e-02
7.716340059367558530e-04
1.546342236067714884e-02
5.361412654903999209e-02
2.099069517105870558e-03
9.138656459585187825e-03
1.582184339008513253e-03
5.464341835308632322e-03
5.350563643723432218e-03
3.826947751057643843e-03
1.770884355822864575e-02
8.129412645309750871e-03
5.903254000190348745e-03
1.881813389237858847e-02
1.288430510029030598e-02
2.316998210504680675e-02
2.726164744518540586e-02
6.133631787728664048e-03
1.375513385828438292e-03
6.601847000560132767e-03
8.856229143749921873e-03
2.622911708205264564e-02
3.866986315482275494e-03
2.158837664880947776e-02
7.170947761571955237e-04
2.138368722665706656e-02
5.840301278628445836e-05
1.497982286109197751e-02
1.452329705070093749e-02
9.878239566072292803e-04
4.368080553919420628e-03
1.727458764916619399e-02
1.812484345275316988e-02
3.077936929831385365e-02
3.664548711225296650e-03
2.119571102884765593e-02
1.185694631450465511e-02
1.614735503968816287e-03
1.190387932734880000e-03
5.129049250545895770e-03
1.009973310013878578e-02
1.148518237160835306e-03
6.535213208892840311e-03
1.085179331673856266e-03
2.328007035949722012e-02
1.081409260733853794e-02
1.717307616267782153e-02
4.072525454534557665e-02
1.654356273784168135e-02
2.095396628643846418e-02
2.819001577970583518e-03
8.922970153408774519e-04
5.138244528286646344e-03
3.183648048188927882e-02
3.730241444530726490e-03
2.495305305960664882e-02
3.357263005600029208e-03
1.584906735652067897e-02
7.533996510291908824e-03
1.015473291568069585e-02
2.699062694754308239e-02
2.175047902436108571e-02
8.100311760566065653e-03
6.517585848639308350e-04
1.795370546683665997e-02
6.144272244761796870e-04
6.376752290707752430e-03
1.810114054591612648e-02
5.479294312948030342e-03
8.333399287291936783e-03
8.646427038671994358e-03
4.585583025614408011e-03
2.670956686706434796e-02
1.356234588393442908e-02
7.515592042237756454e-05
1.071864807710785385e-02
1.888854226330767896e-02
4.108797811068606864e-02
9.559497155886158282e-03
1.061197067982103982e-02
1.308745585173142281e-02
1.356151693013004506e-02
4.035658264372933395e-03
5.460243505118058532e-03
2.043552951710801702e-02
1.778232894969260930e-02
3.339183787964027702e-03
3.877795064474950926e-02
6.343614371473463992e-03
8.897356433567385481e-03
9.389546743283443825e-03
1.156090326476527652e-02
4.725846475828902882e-03
4.041930060072073186e-03
1.597814110995551470e-02
6.788006272836561361e-04
1.573264828863620013e-02
7.094519742045056997e-03
1.354876731073861341e-02
5.959438750253245876e-03
6.212157840526991159e-05
3.972265690676988689e-03
7.659503050810138880e-03
6.924858828154006191e-03
2.399566572793553759e-02
3.296431699211462701e-02
3.441816636182864087e-03
1.650344540444349806e-02
3.193981301537010542e-02
1.024390568887403874e-02
3.433524811372328130e-03
2.390042274086439170e-02
2.798317444282378760e-02
1.741498783668670586e-02
6.547134765057696475e-03
6.325291017412432854e-03
2.657346390766648914e-02
2.648012200494794660e-02
5.827533783573356566e-03
4.869584213389421129e-02
1.409632456937004799e-02
7.373850965736356705e-03
2.704701853210682988e-02
1.573317571382476868e-02
6.291159284626688698e-03
7.384691316090458146e-03
1.846585142021729686e-02
7.511006806024738899e-03
2.517795601038596079e-02
9.725078987946172634e-03
1.343228581324554596e-02
1.306546941024786749e-03
3.965602256383113887e-03
9.813367411450044098e-03
3.269314668461198448e-03
7.269196569960091614e-04
2.045533540508414835e-02
4.449628512063087682e-02
1.256123711572208930e-02
1.076966797139424295e-03
1.393097650667586562e-02
4.091796402842710553e-03
2.922682474700264918e-02
5.498622552194303709e-02
1.113919247226532322e-02
2.375510210911855463e-02
3.299214122033680002e-02
1.235168306185531993e-02
8.607672105892180681e-03
4.151234628563519463e-02
1.359417374678229679e-02
1.120650863131461041e-02
6.378106990282533632e-03
3.353401009477279850e-03
1.880759717028059053e-02
4.456313520914636367e-02
1.298238921193821914e-02
1.710113073952813922e-02
7.510036175965023250e-03
7.772494134244343524e-03
2.198384707886492928e-02
2.885235067095739958e-02
3.905011515847276252e-03
1.100810438172636699e-02
3.614753430990654687e-03
1.698956876005967148e-02
3.120264747593427465e-03
6.007043628785575795e-04
6.280273946711167204e-04
5.304035434379475444e-02
3.542340059143495035e-02
2.444721314475303137e-02
7.878892546457526985e-03
1.598968105563305583e-02
5.851196916376455968e-03
3.058386359083967859e-02
3.098096000679791129e-03
2.526896095194323261e-02
1.368022766436179441e-02
1.280304917813609999e-02
1.328821504041184653e-02
4.781721954889173176e-02
1.761577038422635494e-02
9.882759470852455624e-03
1.418978263861088961e-02
4.610059297574266995e-03
1.702686821646920076e-02
9.498679148359723268e-03
7.195569214853246923e-03
9.761342191269327742e-04
1.090216650050123033e-02
4.535733579033047330e-04
6.479094239119953524e-02
4.713195211535965712e-03
5.173798579606106451e-03
1.096877537756667242e-02
1.365378080062201391e-02
3.948311831460507570e-02
2.662273446208374660e-04
6.617181186108872862e-03
1.143975261508395347e-02
3.001026842959467200e-02
2.397968524454634209e-02
1.559224980517222130e-02
1.847060882740116008e-03
2.031518127395821188e-02
6.229924677678704351e-03
3.297780482815718811e-02
2.425866917172198045e-03
1.534452461120001422e-02
5.449260249978486736e-04
3.933839193765004821e-02
2.164779293662653231e-02
2.176859039804038970e-02
8.751216224699615714e-03
5.166452315805728987e-03
7.680973709722698807e-03
3.888698947615698912e-03
6.006331661258528139e-04
6.412942826297180670e-04
8.076617245302170414e-03
6.243100005828419036e-03
2.481483111118395340e-03
3.383034110925873562e-03
3.788518755015095330e-02
1.204678559331593540e-02
3.916110581717415114e-03
1.561847190128386881e-03
1.663728099617541381e-03
2.080643366968957381e-02
6.877959536689406354e-04
7.876879073079571733e-03
5.099983618419080475e-03
1.950905696297020042e-02
2.406380576330512458e-02
5.974138175661695624e-03
1.673651022292745039e-02
1.989919272990847525e-03
6.338535791365696240e-03
1.090494475241765571e-02
9.958950728089603632e-04
5.173151571494557371e-03
9.868481829504865965e-04
4.440738767156253083e-03
2.338380673310113539e-03
1.782316968031820090e-02
2.662025972782276761e-02
5.364744140700128047e-03
3.091140575546411778e-02
2.133536945773681706e-02
2.571250677969344825e-02
5.431675278023902903e-03
7.664453969228853317e-03
1.032390089719055146e-02
2.679373007118013295e-03
1.187097413367003973e-02
8.990916057606910400e-03
1.302500993221247447e-02
2.666473940010224974e-03
8.017479411125252864e-03
2.469951767475068918e-03
8.257147558598649378e-03
1.754284390826792855e-03
4.652153520965943145e-03
1.751047534643636674e-02
8.977582436379302061e-03
1.855198893187964132e-02
2.594738968760982971e-03
1.493991019976179634e-02
8.265713012231079918e-03
4.238760456075356398e-02
2.266975900530595472e-02
1.638916296617454801e-03
1.595690079868176958e-02
2.146929422288510955e-02
1.944298528553554256e-02
1.095767591038190186e-02
8.706433670275527323e-03
2.825842260736263420e-02
4.176569589443177195e-03
2.018054126963266665e-02
6.562615529786834136e-03
2.494726677386092245e-02
3.571150108134052426e-03
3.007778563014037315e-03
4.205292220654348323e-04
1.484057142843633187e-04
1.731624797265761406e-02
7.177221892889077033e-03
1.024793786629844133e-03
3.934884762027777289e-04
2.655506648036536077e-03
6.541974324614962394e-03
3.018433512923221484e-02
1.144503844340160302e-02
1.903984380515082175e-02
2.886941171314157811e-02
4.210640100081547953e-03
1.245116028802854997e-02
6.403599188199366517e-04
1.059149739431149671e-02
1.370329158085974858e-03
3.503542483068607105e-02
2.018387486463335198e-02
3.771180256326323293e-03
4.639082949391177754e-03
9.957970879528744990e-03
1.989764713955326485e-03
1.847388637746474275e-03
8.786577270808573759e-03
2.037730382946897553e-02
2.219941162297895624e-03
3.601630894884150919e-04
5.742078249440434740e-03
1.056722767682862288e-02
7.235530345386859304e-03
1.482881341011821341e-03
7.989135872606020067e-03
5.888807929825023643e-03
1.470831567052252598e-02
1.071272710423774865e-02
2.076775302946772331e-02
2.950923312178489483e-03
5.771898095985310978e-03
9.368326505229795237e-03
3.352670043961852864e-02
1.462392229856203894e-02
1.990555516080332737e-02
6.908773200135254720e-03
1.688298698781671298e-02
2.007577227224922531e-02
1.276777385496643755e-02
6.928701594943529121e-03
2.900376705637971314e-03
1.540031144593364751e-02
7.925666779599322212e-03
4.105996318409448759e-03
5.703798784478288260e-03
6.992165597803576445e-03
9.811693544192850308e-03
1.781938279904466543e-02
8.728089502358028079e-03
4.243158403552196867e-02
4.293758659521086131e-03
7.959118524051397164e-03
6.995395923963191286e-03
1.002024194501289697e-02
1.250922383021580570e-02
1.202827455846033726e-03
6.863841926259129159e-03
7.158356875392705640e-03
3.950699269734060659e-02
7.492090049097318086e-03
3.578751832878084016e-03
2.020987889600910862e-03
2.090325447271694156e-03
1.249300310748162508e-02
1.044049756390125205e-02
1.999311115112584192e-02
1.619728988048102850e-02
1.757772708253058308e-03
1.872119333318425158e-02
1.139456637404231421e-01
3.543896812112207195e-02
1.713585491160414531e-03
3.227276167526095703e-03
1.045392040557717450e-02
2.388640771377079433e-03
1.753537161326440812e-03
1.463141100086253268e-02
8.342212830045072497e-03
1.787450869890748299e-03
5.563898323135843017e-03
1.003272878684518046e-02
3.787949955247071204e-03
2.332505506159111494e-03
1.088064177080296088e-03
1.406480466639217384e-03
1.071768685466908608e-02
5.797006764109526034e-02
2.600340171946686520e-03
1.309431812854076720e-02
2.154798314393430864e-03
4.264094476039912568e-02
2.420117100887672276e-02
1.154474972372640171e-02
5.652780441196433164e-03
1.440893083870815536e-02
3.792060416241925525e-02
7.285878779399801778e-05
7.872321998158536560e-03
1.229663658517180999e-02
1.210952366838928540e-04
3.142755209519747586e-03
4.840030555643802523e-02
4.116232746615601512e-02
3.119449419839328067e-03
1.542358839864670615e-03
2.860679543528412902e-03
3.183263164269706236e-02
4.469088159580216629e-03
3.144259352508985486e-03
4.708994116727429138e-03
1.047389059896064283e-02
2.403801426086446535e-02
2.752503512496030577e-02
2.176832152184705882e-02
3.882250282278074463e-03
2.259416494748358803e-03
4.909910787742201299e-03
1.092118755644602007e-02
3.971995240695042062e-02
7.139362559465195317e-03
1.041163811640604189e-02
2.715222497604330779e-03
3.063422703024201374e-02
1.740674642358053248e-02
2.214785125790783016e-02
1.540424166920523370e-02
2.626294452520009856e-02
6.608757060509865000e-02
1.572515801528501928e-02
4.541589576422745862e-03
1.216207277045182333e-02
2.110869991691848458e-03
5.224349227097002321e-03
1.534547039222342035e-02
4.033052838963718106e-02
1.860986211889083339e-03
1.193780943756557814e-02
9.725424686133812835e-03
3.578524206446395683e-02
9.711507799141733122e-03
1.872750863575271818e-02
2.662788576842067736e-03
6.363802768181800289e-03
4.399897959290839308e-03
4.177582976859035846e-02
8.340081370725709736e-03
2.602057323640416617e-03
1.392314006239514512e-02
2.039412904508020041e-02
7.453066831956870961e-03
4.350115965747859692e-02
1.137255091593061124e-02
1.948192660131364785e-04
9.252266779726497220e-04
9.385767370002288945e-03
4.731993548597523622e-04
1.349456540289969628e-02
2.158708724463410770e-03
1.010104326800223204e-02
2.057307322905992109e-02
1.101655255783607181e-03
1.264699486687756794e-02
5.670182753353986138e-03
4.635858396831199491e-03
4.599673282087279186e-04
1.370996128860074888e-02
7.106995845515908655e-03
2.339070146381569577e-03
4.393385895487989835e-03
2.957310271543676927e-02
3.157097730659200879e-02
3.987041487762093932e-03
1.887930974669976142e-02
3.872350552050249362e-03
3.158330046734317796e-03
6.398650919848371602e-04
2.506466685434858427e-02
3.022802062811553916e-03
1.345314028627832975e-05
3.125458779292464122e-03
5.378992365962729713e-03
4.211920288819602856e-03
1.649955023668628687e-02
1.285605341926022299e-02
8.705402537682102940e-03
8.502981820379370073e-03
1.232220465898834069e-03
6.204949491487622704e-03
1.648042100408446051e-02
4.271258178609101466e-03
8.922025591946207423e-03
4.939267441023206459e-03
1.589005517875177525e-03
6.264644608712658172e-04
6.246397756974516810e-03
6.445303744479291032e-03
4.662701125477222361e-03
3.948603504644038198e-02
2.042794941716484514e-02
6.466370201179153995e-03
3.555016582065146334e-03
1.656857473680512643e-02
1.482409401356425682e-02
3.489358735006686286e-03
1.403921259789607176e-02
4.006399094384414244e-03
6.149661968277803266e-03
3.710175749105015450e-03
1.723490445651375963e-02
8.069694204385736286e-03
4.166971779468587114e-03
4.362524160729348670e-03
2.793479374373328099e-03
1.158880972755593070e-02
2.246397526420127952e-02
3.513490982294954768e-03
4.666288273021157972e-03
2.455927655559106242e-03
6.170299400268735440e-03
2.449790055050922455e-04
6.571280041585454354e-03
6.296155989490655538e-03
7.548268135811111827e-03
5.610079820468381190e-03
3.044360147877263681e-03
3.655837935410700609e-03
3.497796634262560073e-03
7.388089262052652609e-03
1.246241334424215939e-02
2.123019560421762417e-02
2.633618192150052884e-02
3.186682601128039416e-02
2.056862315024993518e-03
1.929789319598660194e-02
1.488486066118746738e-02
1.341279079059914253e-02
1.757221634967691404e-02
3.138183716156812356e-03
7.857036790638274870e-03
5.426809488455626961e-05
3.859842360062698541e-02
1.493441652992256487e-03
3.439948717061588890e-04
9.751220036064893806e-03
7.491472551255146453e-03
4.997728910390292559e-03
1.511000483136772793e-02
3.333166739952651489e-03
6.998180208683695003e-03
2.035494500822082262e-03
1.304376429009963942e-03
1.262504706651513056e-02
6.195677699020651387e-03
3.594776014129753838e-03
1.940305499278381987e-02
2.960328102151878887e-03
2.474527167379646404e-03
9.500499908847957753e-03
1.618728109517147615e-02
4.506851257569272073e-02
6.221525810450744161e-03
5.775126886786211521e-03
1.420270036775643854e-02
1.107959949304227788e-02
2.804974902933090718e-03
1.629850672992972857e-02
1.074835240185776763e-03
1.153079614398746892e-02
3.361956915094844664e-03
5.119054543838940513e-02
8.454982867979153605e-03
1.859285638608054042e-04
3.484815124650333940e-02
4.435135986595940133e-03
4.150547296737623279e-03
1.196438012458189010e-02
1.155782676977306408e-03
1.414145354644519379e-03
1.030770235984526315e-02
3.486532171607245427e-03
6.524888557333454082e-03
8.661824850312790924e-04
3.099750008377612914e-03
1.053523141391378426e-03
8.920341359235795659e-03
1.394868991565011498e-02
2.970061130723489554e-02
4.995755821148721229e-03
4.501815316698682193e-03
1.372977926709510179e-03
2.371383761193016429e-02
1.322772330626918909e-02
5.605225043908760446e-03
1.315679439738252909e-04
4.485778256729812917e-03
1.579227602413739093e-02
8.862163658489158324e-03
9.421541718255509179e-04
8.101657576812689582e-03
1.794384892719031940e-02
6.804169597959552201e-03
2.740942944445206100e-02
3.468771490081980213e-02
6.386847848022993157e-03
3.018863961123354964e-02
1.937845637943175908e-02
7.375621675332379168e-04
2.370867157055650196e-03
3.645656255973606184e-03
6.767792196571392315e-04
1.450787265814718931e-02
5.370974463812509814e-03
1.121983385510931866e-02
1.811146031352406371e-02
1.784922158394756930e-02
3.468075406650452611e-03
2.939861622944431666e-02
1.153334837972998239e-02
3.543523070242990403e-02
1.344761595685867867e-02
8.723958693389673343e-04
1.439726745832931726e-02
3.170418527884910631e-02
2.078019021423843302e-02
1.978730650644042882e-02
9.034472981251156706e-03
1.321570767706264221e-02
1.544453553964316057e-02
3.345864565559514628e-03
2.920400906751417953e-03
1.135088141489208266e-02
3.177670602326655713e-02
2.900077858101043383e-03
2.148114589733299967e-02
1.203988888058814440e-02
4.872060556002860178e-03
2.181857255898201481e-02
1.342268090604462408e-02
2.089764682933620277e-04
4.468400547858563179e-03
2.169389362692838996e-02
4.612625295787039365e-03
1.861322340073119641e-02
9.508761684958641144e-03
5.308613463092318185e-04
2.225502285959206697e-03
2.067628201497938301e-02
1.241001002637713742e-02
8.382942503758601671e-03
1.359000227073073330e-02
8.269406090716111685e-03
8.061352771843152687e-03
5.641916340293654658e-03
1.770836774457160492e-02
1.086619111289398136e-02
9.280281450598476534e-03
9.388108767103544791e-03
1.618207462075473696e-02
3.425592250637010672e-02
8.572869536860310002e-03
7.830482964056237338e-04
6.173517217421662165e-03
4.629030976284498680e-03
1.735309976370787155e-02
8.802407151962798187e-04
1.019857367825628344e-03
8.106737409264992700e-03
1.365460279151038507e-02
7.130333872792485837e-03
1.112838733224627910e-02
5.237580689488543009e-03
2.839245713092284837e-02
2.759546987183632977e-02
9.028395372272686459e-03
6.506723401086910927e-03
1.824495497975784850e-02
1.527766222743506645e-03
2.164349940570464703e-03
1.579987249670888882e-02
5.845199638762775887e-03
2.001315747467773479e-03
5.829010134558060795e-03
1.187416045983649346e-03
9.566816474188116412e-03
8.121733859196240968e-03
1.490166015837091421e-02
2.215138050725265310e-03
8.804536410340376221e-03
2.211103751774420867e-02
2.325957514507472068e-02
2.376962719832408782e-02
8.760652741735803703e-03
3.528171300827224327e-04
3.767596062853329972e-03
4.149026101807496564e-03
2.890551783507745373e-02
1.621562090709231796e-03
1.076746467892979522e-02
3.342743653357230314e-03
1.796423001283979637e-02
4.998598610273927677e-03
6.784083850085930248e-03
3.452821418728804249e-03
1.733374414540947775e-02
1.356691913009876529e-02
1.429377171226664869e-02
1.975292120129318839e-03
4.426809603631832318e-02
8.094684112559742337e-03
1.150491312985866751e-02
6.052719692339915240e-03
1.444855506303331302e-02
2.428715490912088451e-03
2.609499563179233650e-03
1.244474526470429505e-02
4.350751579254130696e-02
7.968731529424087634e-04
1.492917583006031328e-03
3.439287415512234068e-03
1.733058917277083277e-02
1.715488482671995510e-02
1.978150779390989988e-02
1.112772801100592873e-02
1.254311424726679315e-03
4.173646035327089818e-03
1.212046604792412809e-03
5.873394462513279075e-03
1.593218617876978466e-02
3.880180202177722915e-04
3.476980834106382229e-03
2.804226652210306536e-03
2.426935078704064996e-02
6.975980210735225825e-03
8.056290651011105072e-03
8.561661838817360981e-03
1.441528228931086841e-02
4.591226927669053888e-03
2.105048289483116286e-02
3.619720297450825137e-03
1.613981595198554775e-02
2.209258727552587155e-03
7.490051560970488985e-03
7.670647310008821620e-03
1.466386679325640610e-02
2.033415810839946450e-02
8.787214200002529951e-03
3.902149072730812414e-03
6.235327540891583836e-02
1.605858174652646103e-02
1.298786906266109070e-02
1.544931958118135433e-03
5.875936855356046415e-03
1.350578060734895780e-02
2.784386879496515785e-03
1.464746274468049086e-02
2.317751213491426633e-03
1.187767860030754935e-02
1.035811835914196566e-03
2.441862210382622286e-03
2.043831944803515405e-02
6.082374805637322246e-04
3.114808083775263969e-02
9.522993832009973500e-03
1.719695009625249113e-02
3.908722588997836506e-03
7.703003493816921315e-03
2.635360115560027479e-03
9.090833300339053527e-03
1.949624407425036045e-03
3.102148795731535583e-02
1.217803912897280801e-02
6.128738331440774893e-03
1.904730459873216208e-04
9.216498638157676060e-03
9.061277741904443656e-03
1.931036274557359697e-02
1.561754522580070803e-02
1.090555521067659329e-02
4.282538704420235480e-03
2.730857918675584292e-02
2.703947016237235462e-03
5.605577699973780803e-03
5.656904393283793478e-03
9.781317275944244327e-03
2.073068553865268712e-03
4.742564327789221441e-03
9.087549096140737359e-02
1.155213240677734066e-02
9.828935447703334924e-03
2.715641347799434193e-03
3.358358661065256878e-03
1.161156063508797520e-02
2.187707224754326368e-03
1.861722257948119491e-02
1.652127978774201034e-02
1.152451659595452559e-02
1.908438281079040399e-03
8.311805385285392367e-03
1.606963621584621069e-02
3.519854985981244778e-03
4.506172375126933985e-03
3.650900358022653169e-02
1.444965682778575483e-02
1.756871117485567842e-03
1.974306701636183940e-03
1.602565389076771041e-02
2.156394408326156586e-02
3.739881790549482235e-03
2.023635934259071859e-02
3.691228465490655961e-03
7.626691708135257576e-04
2.529140837412337597e-02
1.268504115821591192e-03
9.436442706454646265e-03
1.306739916187357915e-02
1.252442738212396212e-02
1.456458287255777903e-02
1.583294264751317071e-02
2.326648916110542198e-02
2.107579949265183435e-03
1.183788551630881453e-03
2.615187911257011583e-02
2.253992874511842603e-02
1.067401800633944152e-02
7.013934244437403792e-03
1.091617847395118246e-02
1.245304040611040428e-02
3.171259273851454157e-03
2.173436880189813340e-03
2.820302464566786307e-03
1.806481647537888993e-02
2.168435532874184515e-02
1.617468949041324724e-02
3.078398400229248599e-02
6.208351097701357395e-03
1.558544604030927955e-03
2.841059485312002336e-02
6.777004269801813370e-03
1.690592888382402154e-02
2.972406466377666701e-02
2.300256975844525154e-02
4.998600058373860178e-03
4.140944133212147611e-03
3.102063755785098784e-02
1.590406932512679859e-03
3.367849287570200134e-02
8.431637543692735003e-04
1.573885156682131373e-03
9.793313297814692717e-03
8.381023363110732052e-03
3.624952684021281318e-02
3.605231854753657150e-04
1.052309983323160281e-02
1.214672740130494713e-02
6.404691307494547736e-03
1.023620047298538435e-02
4.937910118860917852e-03
3.827659363112243581e-03
5.369411188766179052e-03
1.276434835988311464e-03
3.848145552687799904e-03
8.067799775542873475e-03
3.462992875274070737e-02
6.169040736205538139e-04
2.043610005544666680e-02
2.461251800111233928e-02
4.101556065314610616e-04
1.304633802580775631e-04
4.208107330696905096e-02
8.981118684688427223e-03
1.642934632852643961e-03
2.715206726023303152e-02
6.986190516218010807e-03
1.557560749419926310e-02
1.588096668555645736e-03
9.297923986130040078e-03
1.500386268697136193e-03
1.737723364540627591e-02
8.639017133433894713e-03
2.535054882437140847e-03
2.591111193992570380e-03
1.287257615143685974e-02
6.074938270406540081e-02
4.971004028682533132e-03
1.703543017499214302e-02
1.568230544578978411e-02
2.648606236689741555e-03
7.345044769678464418e-03
1.819660491056560025e-02
5.729324234390006584e-03
1.785567388955979981e-02
3.788284217369504610e-03
4.354605121548796309e-03
5.773168670895221719e-03
1.652655103423759236e-02
1.629600318548576204e-02
2.015492246250425584e-02
1.444274567397822034e-03
3.350209393610498187e-03
9.638171446310326435e-03
2.271403508669390253e-02
1.565786411685946011e-02
3.235117273899612220e-03
7.511040143218353921e-03
2.377777917852865255e-02
8.270720415856349858e-03
1.540661398898655887e-03
3.599477559253448904e-03
3.152668300672368043e-03
1.050495895015465635e-02
8.896806554345998083e-03
1.142087548131617749e-03
2.951851142049145144e-03
1.005297316943537175e-02
3.116009440528565849e-02
2.117796996631153908e-02
3.862482518841069135e-02
9.876055179141630253e-03
2.476695659156805812e-02
4.512571890869530866e-03
5.889761585948046461e-03
2.968138907043128046e-03
2.982548878600943532e-02
8.003882428066617233e-03
1.563077629601829178e-03
1.118710593708025468e-02
1.271714117714943006e-02
5.600704171476660748e-03
8.560286131010147459e-03
6.206428317667368050e-03
1.651243144902912741e-03
1.783829523271881351e-03
3.509727228423348624e-03
2.339258857614127593e-02
4.329312378937089697e-04
5.799822073548016252e-03
2.391357675026511021e-03
8.676630155410933534e-03
9.571207180109984197e-04
2.113842037653860390e-03
4.780589421087880729e-03
2.319890640440968460e-02
1.630205498289862302e-03
1.377509473224799996e-02
2.507716508100175327e-03
1.592158711783055181e-02
1.773307949598993544e-02
1.797706690917401373e-02
1.732749244672690536e-02
2.951003834856093331e-03
8.780492561511685223e-04
3.152832611540130545e-03
8.395832679655629294e-03
2.005726122573780763e-03
1.166260386711570271e-02
6.017016474820833724e-03
6.045122354500976312e-03
1.006877581288308926e-03
4.487236022597955107e-03
5.592999226516724189e-03
3.923990992278339821e-03
8.310993121418692835e-04
4.785073575734634377e-04
6.300232704753015722e-03
3.260327167634843870e-03
5.620429030049801759e-03
2.486729667880943281e-03
6.057774410587078370e-04
1.548062324861003598e-02
1.409663713905914481e-02
5.798212584882792009e-03
2.747277362204505764e-03
8.354636846007549092e-03
2.680929738517390942e-02
1.225858456317193562e-02
2.618085273882260131e-02
6.790873820222746715e-03
1.915601574767741497e-02
1.773957857043269304e-02
2.526758840784198296e-02
4.829708670418988818e-03
3.109483759071004355e-02
4.252653237915973716e-03
5.905325851615921343e-03
1.127754565570624791e-02
6.544366142607873022e-04
9.851770589631044656e-03
9.645327995073029598e-04
1.953823805962002017e-02
1.715736155949582065e-04
6.120255818762155957e-04
3.392683813466149546e-03
2.129303920760057534e-02
7.032525951138153888e-03
1.091680406568617742e-02
1.773058775232634610e-02
7.880830167213422055e-03
1.208841410696460950e-02
1.663157165949699645e-02
2.352872354127033550e-02
1.874477055950834331e-02
1.090941295074603079e-02
1.654452261427640652e-02
2.040027659409098752e-03
2.638429913161221760e-02
5.316894468141254715e-02
1.951649714158716934e-03
1.202361895482700893e-02
1.541904130730787324e-02
1.479018898446901251e-02
3.087061029942499146e-02
2.727981775665302283e-02
6.316119109519291452e-04
2.554696169414924500e-02
5.437421027929887143e-03
1.200191470724837339e-03
7.834614542987571734e-03
2.692909066509012114e-02
2.050240790682092765e-04
3.963385556150540376e-03
1.936161552667876526e-02
2.678164961073070324e-03
8.042903243826641721e-03
1.575058088972988712e-02
8.191189894974696545e-03
7.043302817135984294e-03
1.750137744725315664e-02
9.440027242906507549e-03
5.344387935903191673e-03
2.060182585949517364e-02
2.236593033562050969e-02
8.489097713846162005e-03
7.140423832203144847e-03
3.920880634043268781e-02
1.090653113023555207e-02
9.721997893227560944e-03
3.397073152467110224e-02
2.760130091279064390e-02
4.805234988034735866e-03
1.488079798247423854e-02
8.495698781212784878e-05
1.141349361619390865e-02
5.172935677816258015e-03
2.853945869476792047e-02
7.172232663112176887e-03
2.262325916787285077e-02
1.195253897154419098e-02
5.860910488773305241e-03
9.210146507714201194e-03
5.031066595128598495e-02
6.657202711936986445e-04
2.232416337643320509e-03
1.754714439266483877e-02
2.607818062989577731e-02
1.052259580158509608e-03
4.295124356316267628e-02
3.633149222962537769e-03
1.081954550473135379e-03
2.894525151019234667e-03
1.232260001192020220e-02
1.317929314587596226e-02
1.838279729241063323e-03
8.900734225300327429e-03
8.344007737744092018e-03
5.938696491824259523e-03
4.744549575818726717e-02
1.358066792420044820e-02
8.910893266554816006e-04
3.723238006727816463e-02
9.792495463731088270e-03
4.729863862030818204e-03
3.002568009530082183e-02
5.029594618486061056e-03
1.382295430148427345e-02
1.481140768657587814e-02
2.159639173214056296e-02
4.448873586240485734e-04
2.463383813634919053e-02
9.306703378435114346e-03
9.332778153340898913e-04
4.786609818944130221e-03
5.918022239229419473e-03
8.775910212497207812e-04
2.555751089845612490e-04
2.969189132389317941e-03
6.802364262274188458e-03
4.130057431664531722e-03
2.888303401233714360e-02
5.560993363621652072e-03
1.215685660269458582e-02
1.614529269843275943e-03
1.263967217547573661e-03
3.599166262509031003e-03
4.598959630308136967e-03
4.286354351974910187e-02
8.052163223899077432e-03
9.276862850980715017e-03
5.642390473538119039e-03
1.335387815360121987e-02
9.645591552103881944e-03
4.158720888947034511e-02
1.314294185160485781e-02
6.449558288160669138e-03
5.912394727190852309e-03
4.637350606194468039e-05
1.101999197145487816e-02
1.895020361407410980e-02
2.371504341504374752e-02
5.883192725893217692e-03
1.955765120774856022e-02
7.059483492184211867e-03
1.915844179403840275e-02
5.018998400899354721e-03
1.428480889431595069e-02
1.605480223247494984e-03
2.980026538793504806e-03
2.322984651507417619e-03
8.075429640044737983e-03
6.604796800925065436e-03
3.811198586292145057e-03
7.601863438670048573e-03
1.178820865163626719e-02
1.431668856204826963e-03
7.269601805326605416e-03
1.075631387964083759e-02
6.400731100139401761e-03
2.151105363211649676e-02
9.536016629458132776e-03
1.859944551036899971e-02
7.214929743198849818e-03
1.488493641121321071e-02
3.185216658238287923e-04
2.325082728574584534e-02
1.127040614849947504e-02
1.955984212875495898e-02
6.582630877419892723e-03
7.675166492127120065e-03
8.258470875424101659e-04
2.788603751264813121e-02
6.691268608582850996e-03
1.071614124741846440e-02
4.348737611235740930e-02
5.656326418491585718e-03
1.139777017117218558e-02
4.736610407372733242e-03
3.445161004901089313e-02
5.330488368588217653e-03
1.845050319040964643e-03
6.401384570484794367e-03
5.132164941731855515e-03
3.146798963006325854e-03
2.265173255746750700e-03
2.968518879114679168e-02
1.435082383753507468e-02
8.208347183104314215e-05
4.484752148833134021e-03
1.762252519343182611e-02
3.099411933470316502e-03
1.223587697524649090e-03
7.515742591536590279e-03
3.254170951324841798e-02
5.652832224806982053e-03
7.331786060460462884e-03
1.952555719059680204e-03
2.228205084239206699e-02
1.030200235730366863e-02
5.498421154783301491e-03
6.550822197113205514e-03
3.489959630279945366e-03
4.079762829649604891e-04
2.038819323006772766e-02
9.712491502650702491e-03
2.891838262485844913e-02
9.458330068980166233e-03
6.039883820715916465e-03
1.048554157680000459e-02
5.858924045342371947e-03
4.585221008781566188e-02
7.116594676064985636e-04
3.778353367219900241e-03
1.081987820820532430e-02
4.478447647838390555e-02
2.415566129636780111e-03
4.522096521289049008e-03
3.711540999719204620e-02
3.176787374009316239e-02
1.789514827550882717e-02
5.230571561575543538e-02
2.252333189183904245e-03
3.208218528730599761e-03
5.040550182298908152e-03
9.522190354288232253e-03
1.130514272741236018e-02
6.646836986974749908e-03
3.605685127697426384e-03
9.862556254331277146e-04
3.502843079199831344e-02
4.753306804527420923e-03
5.372960852002280768e-03
4.792137984097995067e-03
3.583404956931531080e-03
5.206887817736779653e-05
9.609804464447039424e-03
2.496121313026638047e-03
4.948935169221433533e-02
3.010892199135033372e-03
1.589291824850815743e-02
8.244988295899736974e-03
6.673419766506552553e-03
1.190772566916748626e-02
6.779972020911691211e-03
1.638782078926092484e-02
3.408657995811322124e-03
2.597633878910533822e-02
3.959009901386735530e-03
1.806830426352055595e-03
3.354191824103719410e-02
2.045755345704061701e-02
3.435742181004149826e-02
1.100285735436703181e-02
1.415060786616856477e-02
1.657298282046157020e-02
9.490297121564735677e-03
2.244333122312976159e-02
1.707552060296410254e-02
1.208929723716362439e-02
1.748214248550034391e-02
5.534781379215694339e-03
3.845293782104866609e-02
1.464151937050184663e-02
9.690900336438865170e-03
1.253814998735112290e-02
1.707470176177186549e-04
1.417527787787205285e-03
8.518191764277122102e-03
3.876063118965153171e-03
2.709808432241724366e-02
7.846943191229666104e-04
6.275100639683698842e-03
2.310045813195442735e-02
5.020762381050297013e-03
1.982668753221337316e-02
3.870874418851994597e-03
1.318769325047475759e-02
2.641708988382386342e-03
2.501835274412761087e-02
2.857881559036621298e-03
2.811165210991147315e-03
1.675557369094102939e-02
4.041893725213849438e-03
5.348913014928355358e-02
6.568707102056065006e-04
2.015212637339963350e-02
4.438589829172796125e-02
1.930727311737622659e-02
3.931607373025949176e-02
4.915956988426561924e-02
8.166808582428033980e-03
2.698677580768350532e-03
2.166637130890852747e-03
1.036407729571453031e-02
1.721971317687526898e-02
2.127757813461116435e-02
1.343330855204908844e-02
9.460364390608596435e-04
9.801838952849483561e-03
5.885650756383088190e-03
6.596787331607479547e-04
1.108596107715173473e-03
8.310320210530285426e-03
2.524932295763317180e-02
1.362990118326955907e-02
1.192060052375482201e-03
1.366225959650616689e-02
1.549880274934110035e-02
6.404264044413380749e-03
9.677215437523206329e-03
4.357035496344452419e-02
3.911424255906718710e-03
1.676925249123558878e-02
1.099850790712769179e-02
9.263985511703551681e-03
2.206699724916646663e-02
5.528326027647279504e-03
3.307722501505823420e-02
4.706714459201162548e-02
2.293444723286423154e-02
2.150013799739584897e-02
2.211990571021386562e-02
1.062915739461445415e-02
3.719397270719646507e-03
1.160586592202291108e-02
4.132021786243387715e-03
1.062623260627085231e-02
3.537266262536963718e-02
4.278262249263927591e-02
3.945918760114824030e-03
6.953932410232347566e-03
2.362268128570307012e-03
2.533162180620288518e-03
7.524252645571209274e-04
2.260826399846005766e-03
3.321823904579932884e-05
9.067621428685609247e-03
6.376117622063703222e-03
3.208903212444716435e-02
2.862894501006863976e-02
2.142035876126929285e-03
1.385688927464611775e-03
1.165391783005563682e-02
7.543939757673369731e-03
2.531871339418268613e-02
1.690182717442412046e-03
3.446954527667050149e-03
4.370864991123661614e-02
2.801557848160626460e-04
6.276202416787747367e-03
1.190387817787030150e-03
1.025607674049418792e-02
5.806830326662204556e-02
1.064371879228787413e-02
1.441756558994986004e-02
1.988518953291910571e-02
6.259361911634405730e-03
2.305545592214216025e-03
2.162092000884004855e-02
1.153474475577998502e-02
1.453759541981542586e-02
3.087695817005418723e-03
6.144810971311951558e-03
2.183381581532113994e-03
6.939745884075111497e-03
8.890598936559033875e-05
1.742659034924152897e-03
5.270505660835318740e-04
1.561298812827632485e-02
4.761068957977913386e-03
2.865384397610021283e-02
2.144090182403448133e-02
1.305080825902119393e-02
2.903389341852634885e-03
2.357638424693894209e-03
1.118460716748065180e-02
1.380433814431137121e-02
4.643909620212712669e-03
4.678757607800581100e-03
2.418307359350950481e-02
2.170371205257289396e-03
1.328202880461095857e-03
6.060892736573221702e-03
2.674594347459154781e-02
2.234442421483307309e-02
2.163866142604005394e-03
1.855263412146595028e-02
1.614407326991496028e-02
6.169238425090312408e-03
9.426577583407235068e-04
2.205977254811975277e-02
1.110614426213838227e-02
2.380674086054018757e-02
7.474373648660971592e-03
2.084038192547050541e-04
1.384210145705673523e-03
9.140545449322058646e-03
2.646016332454973873e-03
3.402451296612313833e-04
1.415903139239000144e-03
5.297940366701649195e-03
3.946347069629450866e-03
2.755747755858695136e-02
2.175508019756594580e-02
1.283755102914744400e-02
1.846142036378803017e-03
8.127655857909442394e-03
9.649092536587819055e-03
8.649577654099099844e-03
1.804592902045450750e-04
2.056872918893721917e-03
5.142346815419129163e-02
2.355638721896702661e-02
4.531383322731105667e-02
4.566487115768899825e-03
8.705414080270368338e-03
5.211301568570636533e-03
3.501432823275534185e-03
2.734354374615172688e-03
1.840647409917672145e-02
1.454835826727268397e-02
2.921949511940278438e-03
1.039839418886047764e-02
6.337218729919083006e-03
2.696030411289297365e-02
1.101748679229211554e-02
4.083452149972298904e-03
1.074456084661296745e-03
6.880199426918512731e-03
8.141130155019677545e-04
1.351455156688492927e-02
2.122119000845829398e-02
1.120649186445080159e-02
4.845138069746450504e-03
1.520619377522877159e-02
1.770880095718006808e-02
3.281662265567102110e-02
4.984833390310614704e-03
1.867952184837449667e-02
1.219613963197764897e-02
5.186017173961133056e-03
3.002716842294479715e-03
2.431468547564282975e-03
5.298461132297355158e-02
3.866697447867850634e-02
3.548598111450240733e-02
7.076817661379620344e-03
1.979720086686398428e-02
8.786400276630235845e-03
1.855952210697387286e-04
5.808286625971054683e-03
7.668688015284720431e-03
1.164244479979092625e-02
1.667527130434954402e-02
1.505413755072340307e-02
1.314444679191055683e-02
2.813847624921057139e-02
5.405531657238227261e-04
1.657374495592777580e-02
2.937535132585020886e-03
2.789505131687016609e-03
7.294079317166296886e-03
4.691438132038046327e-03
1.255090514228751793e-02
2.665038210195486146e-02
2.548084448253805107e-03
8.559171083813569766e-03
5.286985880270473823e-03
7.150994361114246071e-03
8.736785851699718081e-03
2.443280651755574961e-02
1.042060587324427495e-02
5.341682617889149942e-04
1.875472734202695418e-02
2.492754953596786407e-03
3.210444495692425793e-02
2.785267400583566963e-02
1.422190328979880056e-02
5.403762849042943045e-03
3.161216675162663303e-02
5.196174487263897218e-03
2.433003775539113386e-03
1.296357529824650884e-02
6.995871040974121526e-03
4.151308654500773798e-02
3.345734279878693519e-03
2.569669979093654189e-02
1.294619162441050866e-02
4.734815585826597159e-04
5.938506662301106832e-03
1.086287974849769675e-02
5.611605605965891592e-03
9.273927174213187231e-04
3.248422273206415939e-02
1.102030480319171613e-02
1.925557377066949155e-02
3.165513901319930157e-02
4.522994646039196548e-04
1.358118595681849332e-02
2.143356993720781437e-02
2.254972284169993145e-03
7.077334065869130691e-03
2.672935117476395867e-02
9.618444790697292662e-03
4.130863367510228222e-03
5.676893354119548485e-04
7.845215605366748918e-03
1.110863799123462670e-02
1.167434757834047432e-04
1.366929436355349657e-03
1.498404221383004865e-04
2.418533856276392641e-02
7.803159654340301177e-03
7.191242129217236337e-03
5.623804016995255506e-02
1.923311951490258576e-04
3.504939598968251357e-02
3.591513075774306705e-03
1.611364139788856384e-03
8.523132175655577861e-03
2.381784266429661824e-03
3.328305004084055729e-03
1.481097568498402489e-02
9.022233785804575218e-03
1.286485169094523512e-03
7.241155190509078118e-03
3.260335538284064947e-03
2.512621679047873785e-02
6.885083984293673652e-03
1.655820408109007214e-04
5.520234925275905973e-03
5.036558884329470770e-02
6.384038706484213878e-03
4.678372681882606021e-03
2.352528051533109635e-02
6.080617462439928331e-03
1.014365557818260738e-02
1.748015092003322177e-03
1.115947966389281218e-02
1.832920426780445654e-03
3.736662839410722758e-03
2.627510513646484289e-03
2.950746508903894470e-03
1.818484501772335560e-02
1.789039014226182639e-02
1.224958005512116754e-03
2.769286397191891499e-02
4.025883257316039093e-04
1.232145360926712244e-02
1.101163345782133623e-02
1.686515493338344718e-02
2.577492242839364307e-03
3.965519995164006051e-02
1.219603535030215971e-02
4.466812449109222594e-03
1.185181906716407593e-02
1.512106310648658747e-02
3.453635586381853528e-02
8.358693376445857498e-03
4.523290218228939383e-03
8.901835240092047241e-03
3.533589008352530213e-03
6.186336643342867439e-03
4.408715703825655946e-02
4.063271674628264607e-02
2.568110342858083688e-03
2.593994865757379142e-02
1.288996655161144672e-03
1.724829487315681503e-03
1.621188199535389266e-03
9.833381123323992924e-04
4.565143479504186813e-04
8.991785852517957672e-03
1.960115328165888682e-02
6.365457318019263414e-03
8.047631967633903094e-04
1.781983783983274311e-02
4.313153348500260026e-04
1.265944853202448199e-02
2.180197909051087915e-03
1.981709329230006006e-02
1.195240034340228595e-02
5.339885567568725816e-02
5.541469074307182191e-03
1.247841446249109768e-02
2.272211728281996537e-02
6.151762421217499971e-03
8.783424987965318675e-03
1.062917461081104575e-02
3.941372795408690927e-02
6.130375341509371537e-03
1.154140445454411752e-03
4.644585694038297873e-03
3.450736027734847659e-04
2.631274281623949968e-02
4.632681557972483100e-02
2.957029653355790905e-02
1.794284185001916720e-04
1.256107624792128508e-02
1.652113934346377197e-02
8.641152150793675324e-03
1.977018634571456671e-03
2.903014000453597865e-03
1.345326659732189005e-02
6.215798463717759313e-03
4.351267535286848509e-03
1.685372135306832664e-03
8.379713544390517480e-03
1.355150027512965448e-02
5.563477341290879938e-03
7.935134457064859856e-03
8.202134624852192371e-03
2.411271626711600918e-02
2.704268260758722897e-03
2.355426263076294477e-02
6.216234761343315818e-03
3.159983947228151707e-02
1.116216393597883882e-02
1.091544381357626402e-02
4.099616296645398200e-02
5.695427873942840273e-03
8.016741123449874426e-03
4.369587461154491627e-03
1.163560210731528523e-02
2.157074208770232149e-04
1.651586827445482297e-02
2.689123363855444940e-02
1.928022136536965137e-02
7.010412718828670786e-03
5.854880225869352542e-04
5.394470793227822136e-03
1.943919175026485521e-02
5.293025570460019313e-04
1.823010063469947522e-03
3.198727732906993075e-03
5.765322047379750972e-03
6.854908715093628244e-03
3.173847484750349709e-03
1.207611867152072298e-02
3.010146705759504226e-03
5.320286683389465268e-03
3.939146824634571706e-03
8.782500511631805007e-03
6.058539142478586159e-03
1.214470293924247227e-02
4.942888307459927799e-02
5.569882366564383840e-03
5.103238919178372697e-03
4.369482321756758963e-02
1.570371702403532133e-02
7.775183529648987610e-03
2.904092072761654472e-02
8.230044717424334078e-03
8.514206526661951754e-03
1.184451800971122321e-02
7.640196889440722602e-03
4.086145381797107179e-04
2.819547884245597949e-02
2.728595691503785808e-02
2.261912454401650979e-02
4.341671448218702677e-03
5.020123163247843662e-03
1.148770928393277359e-02
1.823538818258923708e-02
4.418201153682481744e-03
2.187425476149699316e-03
7.336345047557441684e-03
3.659362856554503746e-03
7.824076946854739700e-03
2.945877632929956233e-03
2.518764998327329557e-02
1.392584254410486957e-02
5.861085152591705150e-03
3.059206721496079105e-03
1.142546587844456285e-02
2.371546972954787901e-03
7.649014341751096159e-03
4.295328481955586197e-02
3.743667454952324947e-04
3.863202366867261872e-03
4.832759754196018845e-03
2.239207740563936566e-03
4.991037317067606796e-03
2.059097719938527554e-02
1.842342138799433343e-02
6.604805842232153862e-03
3.105480981162121040e-03
1.315954331634049124e-02
1.050476859532552178e-03
1.641827453005376830e-02
2.208015818054762450e-02
3.777697626416332000e-02
6.700948149598574821e-03
1.074976980716099012e-02
5.296047330455374777e-03
4.120253621209975757e-04
5.752433953071299337e-03
4.564908725084571711e-03
1.604834077371706386e-02
3.928435878524557008e-03
1.306774726493513568e-02
1.924427628850564759e-02
2.374383979112506052e-02
2.066696286984862768e-02
1.540798813429241146e-02
1.051195764036493355e-03
1.812974158719561982e-03
2.789311127476090668e-02
2.335052208430147061e-03
6.053439098118611195e-03
5.591464043243080106e-03
1.041339972689151426e-02
9.160338705053866493e-04
5.844909754081518277e-05
8.770651067048837804e-03
7.668510500558417542e-03
1.421887864525938142e-02
2.276468240578256776e-03
2.660697916906625687e-02
4.946772175593174004e-03
3.798539624390727572e-04
1.955835251353744281e-02
1.605109657012587440e-02
2.108182470021520080e-02
2.926800779702511124e-03
2.210720048976198143e-02
1.047737908067306739e-02
1.970431338918988604e-04
3.033154898299929812e-03
3.683146587322019827e-02
2.362688932478035700e-03
1.900609573911626188e-02
3.134386925620236564e-03
1.615759440961595655e-02
2.468455923650867637e-03
1.557274600416255067e-02
1.942737431349513336e-02
7.518859213848962109e-05
4.154562864593088628e-03
2.938916127384370511e-02
8.409020700699935263e-03
1.221026067136911364e-02
3.170328429409167113e-03
4.586853984710815603e-03
1.843249535156179500e-03
6.257055168986620786e-03
6.681663278094735620e-03
5.239291042008317051e-03
1.189849923123500151e-02
3.386687104331927850e-03
4.471510543480174647e-03
7.444371025022792840e-03
1.605616185779587275e-03
1.959065613483597715e-02
3.336964317271602642e-02
4.310542538791718725e-02
2.963278499802550828e-02
3.509920774986252656e-02
2.505655347014272907e-02
1.350233960848429976e-02
4.110057992321403293e-03
1.271027416811043587e-02
4.069418681675752297e-03
4.731873618055977213e-03
1.157568567556027661e-03
2.290737007643055961e-02
5.862100903161667279e-03
9.535586000653708399e-04
6.111237395484154372e-03
8.350217886054014937e-03
3.394794721886594362e-03
2.381886458500615325e-02
1.278993849257466838e-03
9.147847047440559043e-03
9.992604967038257180e-05
1.583461510734488625e-02
4.137664453283468151e-03
1.157459535651484198e-02
1.374243723920266216e-03
4.763288325358716602e-04
9.612266565321518283e-03
2.167857540415835810e-02
8.217035485860290506e-05
6.036064295576077342e-03
7.686712512638042318e-03
2.097221615800528086e-02
1.673531295589583689e-02
2.344624340035585119e-02
7.952427052549916608e-02
2.924484179520014937e-02
1.356863116131897494e-02
2.020378969116771832e-03
6.440106565263070855e-03
1.467960292870682838e-02
4.664462295859687739e-03
7.863046919175829472e-03
1.024423641834061420e-02
1.863423322292290935e-02
2.766665768574729303e-02
3.810588361934938786e-03
3.093308282846478352e-03
1.090960251067151290e-02
2.095068478303587639e-02
1.245788215423918738e-02
3.645829570873683131e-03
1.274556889569069922e-02
3.561862793542806827e-03
1.515647819064077848e-02
6.430896827334883076e-03
5.427165239770254286e-03
7.858133286578763976e-03
3.476580121310876223e-04
2.175239962050033032e-02
3.230972272477272006e-02
1.780150321890399193e-03
2.649142294510069273e-03
2.780404914300683115e-03
3.126672001770330889e-03
1.945101647018308844e-02
2.332672382741862727e-02
3.000128424382326325e-02
2.881063974277474349e-02
1.311689195303107278e-02
1.463571533458212642e-02
9.301530289068500601e-03
1.145669047235020090e-02
4.490302533379723904e-03
7.499001801405811435e-03
1.940076085869718234e-03
2.272769656127446650e-02
3.436315693595808074e-02
1.675130506408383478e-03
1.992525159262431567e-04
2.570510500686933346e-04
1.798040089279753784e-02
5.427069392546640669e-04
9.397157096989445721e-03
3.243029818354875582e-02
1.330765197977288455e-03
4.829580069873166265e-03
4.422122520603262441e-03
5.243490432636818688e-03
6.492167345106452173e-03
2.476902494320946252e-02
1.533467529193940568e-03
1.431135340687010940e-02
2.731291848055391810e-03
1.389615196817811128e-02
1.701758040572235939e-03
2.970660109381635661e-03
8.852236663023101138e-03
4.375813056129013862e-03
5.821344927679161785e-02
4.394068304706563038e-03
4.078056603230026736e-03
1.934130886071187133e-02
5.227077861025157535e-03
1.861719585206076180e-02
9.583807896404734905e-03
1.479735554033782645e-03
6.840750019791470155e-03
6.951494215364453777e-02
2.966803901902034107e-02
1.689254524892692955e-03
6.817308981686417274e-03
8.748994164159334952e-03
2.985268216707689243e-02
7.325353621491809131e-03
3.215357903630727820e-03
1.626564723493070797e-02
1.051036204715790311e-02
6.662162063723418154e-03
3.426757564614036841e-04
3.754611047622992935e-03
8.562697392414357275e-03
2.425779988966486958e-02
1.613690015387322582e-02
1.963146448714990326e-03
4.383392889987354490e-03
9.603771278853596993e-03
4.764009787180932022e-03
1.658608585114329168e-03
9.054599690140781310e-03
3.033819236970674085e-03
5.439022260969529621e-02
2.348246942292586421e-03
1.126425236184998117e-02
5.679172975818351163e-03
7.976172909789726317e-03
1.431446741994909025e-02
1.122323065656127827e-03
7.985990099367833508e-03
1.197599443579404691e-02
4.857403679580818423e-03
4.061450734742945434e-02
3.987308918690407773e-03
4.059965176325078251e-03
2.129770667817755536e-03
1.753311103677281449e-02
1.074542437888103066e-02
1.774123695577958792e-03
3.020481576147497627e-02
1.114664761988869157e-04
3.755017377425335159e-03
1.908889613193541501e-04
7.205617610213169155e-03
1.020298929043533635e-02
1.043026050984140196e-02
5.911242623119579952e-03
1.572399135977247189e-03
5.909525411360107977e-03
6.940588460405284349e-03
6.076563093675813737e-03
3.500039616179943802e-02
1.293727654593188623e-03
2.372532886140036462e-03
3.765364470151491560e-02
3.496029984742909068e-03
1.067768750076019194e-02
1.107652551374786222e-02
4.855430174475905067e-03
4.221348586292692981e-03
1.066833738855325550e-03
1.113777011775734030e-02
2.235844660835615422e-02
1.139739810208287470e-02
1.136526589534598598e-02
1.029966376011457949e-02
1.040610141022354357e-03
1.946280894922144738e-03
1.334719420782932812e-02
2.234886262906624066e-02
8.049446951940014694e-04
1.165946880630088292e-02
9.729651760218387124e-03
1.090430500607629874e-02
4.691037118339166923e-04
1.515027035558150909e-02
2.242271248675945308e-02
5.454410224680419916e-03
2.601409955897172888e-03
2.351101697043882222e-02
4.147087222961779070e-04
8.448040265160803447e-03
6.815923907585574176e-04
8.872257588442195725e-03
1.673375650989128785e-02
3.766310575168213114e-03
7.149258470819209489e-03
2.609873172437415442e-04
5.423386037376694280e-03
2.691689848896869179e-03
1.762606409173846176e-03
2.422409975450721259e-02
4.709247558652460836e-03
1.750094281240584249e-02
2.055507632783854996e-02
1.313364157077197975e-02
8.312782049781433646e-03
6.623527633224038889e-03
1.822150644853580068e-03
7.297761161225466836e-03
3.628442969933173227e-03
2.743375653103360262e-02
1.591684624932260608e-02
8.199287220102382048e-03
1.688361030341600441e-02
5.356422717981540980e-03
5.189554510357715159e-03
2.371274591720703290e-02
5.820452866464386615e-03
1.119621633879823962e-03
8.598629745211720452e-03
5.032385757087490252e-02
1.683785665320000277e-02
1.290128177660752190e-02
7.230641522050020725e-03
5.740198471393137374e-03
1.312000039375435349e-02
1.035205247657008942e-02
4.914456312464586529e-03
1.147731513666864524e-02
1.316550071843109598e-02
2.162014294220134664e-03
3.458394225242402906e-03
2.557383009387404274e-02
1.202774121544575303e-02
5.945952932601347718e-03
2.468627383028482516e-02
7.880106061320684210e-03
9.025941326761668937e-03
3.347218987275901551e-03
1.082234963388512168e-02
1.322895205771122858e-02
4.914247500998272442e-03
3.066972457695123916e-02
4.316124511762511884e-03
4.504563381554594834e-03
4.336122816179304243e-03
1.606189868213973859e-02
9.438754220122171079e-04
1.715441285115735723e-02
9.022734574650685246e-04
5.233931287382306147e-04
4.668756502921139230e-03
1.232237643294871281e-02
2.413714909914845691e-02
4.954907032713608273e-02
5.356885671899309660e-04
2.795322892549590918e-03
1.711997228516004207e-02
2.266288893984470462e-02
5.235284789621294987e-04
1.642300227317722988e-02
6.183535902934472403e-04
2.390457978127548486e-03
2.841691569331408762e-04
4.088810322246656456e-03
1.771350099243255635e-02
1.256904523935368188e-02
1.561473878993341335e-02
1.139259768574090066e-02
4.135008093944843310e-02
1.305579221806887902e-02
1.481922352695455841e-03
1.274904957532939538e-02
1.083743428858383560e-03
1.139210986911191707e-02
1.251510650689255724e-02
8.350206172644201660e-03
6.318439445160313472e-04
3.171029149572870964e-02
4.437824560079732528e-03
1.869839909238382725e-02
2.196253926164022652e-03
4.995270613279348751e-03
5.860416535243724578e-04
5.835530513754287607e-04
2.327621338365599285e-02
1.865013176240241932e-02
6.836854352044990230e-04
4.844247400818454258e-03
1.212647787356112110e-02
3.463386118952346132e-02
4.619562480746326229e-03
3.658088917071035395e-02
7.691840601400606534e-03
1.696870720160248772e-02
2.632178244548236470e-03
1.125533378223163294e-02
2.616125836880211358e-02
5.717066927464353396e-03
3.115539130225459391e-02
7.635260976239590519e-03
2.003085962817642215e-02
1.707072273165918808e-02
8.435124869264554875e-03
3.175217614467058108e-03
2.116123027459309441e-02
9.938677458205067566e-03
7.875957280921178083e-03
1.451708235638825457e-02
2.805662124568453208e-03
1.121829645891515501e-02
7.291223981830281461e-03
1.920207140549122157e-02
3.698742694408745438e-03
5.099246181404412312e-03
1.960042386435757039e-02
5.270021975521217358e-04
2.104978961805681684e-02
1.155991310732105287e-02
2.994003518366708787e-03
1.289274358876314405e-02
6.618781232389888379e-03
1.709932639737012788e-02
1.119256397301067116e-02
4.120674011358805428e-02
4.133578416920769341e-03
9.702572700107797710e-04
3.919269671950541614e-03
8.407463488409049751e-03
5.378666936252142483e-03
7.059053650713964512e-05
1.994702524087576395e-02
1.937305154655539000e-02
6.972081014450997455e-03
4.139743034698294133e-02
1.482135684008611086e-02
3.298788135952281098e-04
5.520884877548790093e-02
1.223126306367644522e-04
2.825117018024317535e-03
3.444213172041583199e-02
3.081224335837563083e-03
1.377473101187255342e-03
1.460469651242249020e-02
2.601133348111209220e-02
5.134803171048127335e-03
5.481231732858637962e-03
4.507276736385196908e-04
8.421507048152533995e-03
9.093939592965429031e-03
1.154899620060778793e-02
3.131040275798105572e-03
2.579673030289027572e-03
1.829409028076035837e-02
2.660137904417851987e-02
7.438053738229531133e-04
3.411753693574046120e-02
1.842610280249747101e-02
1.519212862683541609e-03
1.137373993427480759e-02
2.577607206869874518e-03
1.084106762162052873e-02
3.143038637823032666e-02
9.611904834414819465e-03
1.853715712033573992e-02
3.533136028690254948e-02
1.541621901906347659e-02
7.973549421650507393e-04
5.000934671547565234e-03
2.578047993299070403e-02
1.558099717497728187e-03
6.540583090371617295e-03
1.746350693923721942e-02
3.545088000102036493e-03
9.183112718484291379e-03
5.988868880515504749e-03
1.050778287167994721e-02
1.169579582853660753e-03
6.318756270397055466e-03
2.199329548608052083e-03
7.346607741676104870e-04
1.012288844617310196e-03
2.944413641915750307e-02
1.352247733280345296e-02
6.080665300790332600e-03
1.401196971462709924e-03
2.833848331152692690e-02
1.193006093525075632e-03
5.062751588332715762e-03
2.595636711737608904e-02
9.784747823056348659e-03
1.052132877857588078e-02
1.440712423516784732e-02
3.996079919937880684e-03
3.098139438219037894e-02
1.470007867013336557e-02
7.307370739994547074e-03
2.269042345006450079e-02
1.290339022393820895e-02
5.993078115948335775e-03
2.855916935840935138e-03
8.712754682783006854e-03
2.759687604017518111e-03
1.836092806101569802e-02
2.124563906450424589e-03
1.051193275207057409e-03
2.495552468701740800e-02
6.464385043954204435e-04
4.691550284925093128e-04
1.410457811285708435e-02
1.616070285603220247e-02
1.277332202277579399e-03
1.022423924104802137e-02
6.116053796671903561e-04
1.750999766970286892e-02
2.208215665817853460e-03
4.082591892022015279e-03
1.546458749622294697e-03
1.090949947634162892e-02
3.642272491651226459e-03
2.436172215346185665e-03
2.661245643965515911e-02
9.960906488902515968e-03
1.798512077107692567e-03
1.373478722036178441e-02
2.409164056793801096e-03
1.740356416816950594e-02
2.167322263829297990e-02
4.767265908391990492e-02
5.749481517045270176e-04
5.383597177975265463e-02
1.700408643979381754e-02
3.129162388579747375e-03
7.356160227233694143e-03
6.765142421352059177e-03
2.375086199191048242e-02
1.163882292632504277e-02
5.852559604563311105e-03
1.899585681431366704e-02
1.317259521599327236e-02
1.883071615074477165e-02
5.433622778760680005e-05
4.260566622014433369e-03
5.133166013175422980e-04
8.149195681188074400e-03
3.280564451094862988e-03
3.760622790898113937e-02
4.241751320471125533e-04
8.408465134770197122e-03
2.108098043393550128e-03
5.543356633611051798e-05
1.900182895076595394e-02
8.890169999969771766e-03
1.323527536339940899e-02
1.602845635498682461e-02
5.068713058224753876e-03
7.737761341841164868e-03
1.956562174804291065e-02
2.755293625200413987e-02
1.972258075700546523e-02
1.509943214250796147e-02
1.254814896852258534e-02
1.257492853050398360e-03
1.408662127177396847e-02
8.599748786954380941e-03
4.846550576894023687e-04
1.294175550101999382e-03
1.863743410761084865e-02
9.571650563299057696e-03
3.429904367994740695e-03
3.903699476837038662e-04
2.519151952147164787e-03
6.652224289918724429e-03
1.387926777587921746e-02
1.831145459425462252e-04
1.282095941612216780e-02
5.737350871480022263e-03
1.869264634267877407e-03
5.929257980508745307e-02
3.743693252567133634e-03
3.968517976864142059e-03
5.045913123651917659e-03
1.918097717216174589e-03
4.885143417389034570e-04
7.547876981070881890e-03
2.255776319849408379e-03
2.710000634321092783e-03
3.078175569176947249e-02
7.584066355767605898e-03
3.295772495846199107e-02
2.501252891810238493e-02
2.052740888563895499e-02
4.233547789814942619e-02
1.492259116881832978e-02
1.895894175173973815e-03
2.620179440135895002e-03
3.285142501597586306e-02
4.712071033416575898e-03
1.400887530895410932e-02
2.098218607930892043e-02
1.517927200756473242e-02
1.127397286041852131e-02
2.128853590621765379e-02
2.767949209510607231e-03
2.240536629552177320e-03
1.020434629852820345e-02
3.369948803427633144e-02
1.751365916028094563e-02
1.050162827429501969e-02
9.321845478995733313e-04
2.846858133777771527e-02
1.727886944955035406e-02
9.944833604386846271e-03
1.074725603097657044e-02
1.328276362276414012e-02
1.167206039169646666e-02
9.369419592146488451e-05
6.570571952431151184e-03
5.872203018970644818e-03
3.869730922331034162e-02
1.285452085987924542e-02
1.628735917958760299e-02
1.542522195300140286e-02
1.862406959930389128e-03
1.170834869135353035e-02
5.805979696276830637e-03
3.576144759458687195e-03
1.585286341144508809e-02
2.194105727353958674e-02
1.402785046533149699e-02
1.158032262216640053e-02
6.319816633188796162e-02
2.569615948195782401e-02
5.322808448675931531e-03
1.843200469358305393e-02
6.424575380111019994e-03
8.386561768955408738e-04
1.784915804570409020e-02
2.225974131578234427e-02
9.954455065805500880e-03
2.459186743430673630e-02
3.089222154195066412e-03
7.251706568083714742e-03
5.608987094740877644e-04
1.464166548437978443e-03
1.143359484433612624e-03
4.430012766361533794e-02
3.602737154805388947e-04
5.616967765999097105e-03
1.181563681744558954e-02
1.055654662973762314e-03
2.643198333231344677e-02
2.121066198626116867e-02
1.535792848143068337e-02
2.287901830212906579e-02
1.005079327148240310e-02
3.235928676467297871e-04
4.590222858299868383e-03
5.908383548411542431e-03
5.014883977258487169e-03
3.725627697499678259e-03
2.084154076217771892e-02
6.286144526933436574e-03
2.304240386823792203e-02
1.300257394830485989e-02
9.533451394966259429e-03
7.804664047832381504e-03
6.966916889359738713e-03
5.893105830431557765e-03
1.189997916756483504e-02
1.801213134965666887e-02
7.970553308616816143e-03
3.031855934208058101e-02
4.477274230724975074e-02
7.592025185089181470e-03
1.251364148323358752e-02
6.862046663686026393e-03
7.885152471737676139e-04
2.539128827445097381e-02
8.039220482705182816e-03
1.810501309659074266e-04
1.443760508472201852e-02
9.625578517914238491e-03
1.904140373502329064e-02
2.211298436867373263e-02
2.645142413408435589e-04
1.839393745000434885e-02
5.123221269531719711e-03
1.900098761594744626e-02
4.101590866018212447e-03
8.273565688378569510e-03
3.488842573630325516e-02
8.465281840135539110e-03
3.024966881965287027e-02
4.504241456501064528e-02
3.041520214580245574e-02
1.546823799532720187e-02
4.502414677056499996e-03
6.992360110334829362e-04
1.593337325635275914e-02
2.331590799331572858e-02
2.855308407241941016e-02
6.327364662998289334e-03
9.499023861435102606e-03
2.468663463996937507e-03
5.968789120961928013e-02
3.031522710804055842e-03
2.879762814226888290e-03
1.775307274498205690e-03
5.011288003419619649e-03
1.024994739758354392e-03
1.476720541132406014e-02
3.357638330568025672e-03
4.136866351278103288e-03
1.058249656603391098e-02
1.981592067245628933e-02
7.810586208526975639e-03
2.027883943953387794e-02
3.662991150955994396e-02
1.425700887819174312e-03
1.185176538056693235e-02
3.924024745069851217e-03
6.079516591034431552e-03
2.348643427005764339e-02
3.155529131557000683e-02
5.585054385824028689e-02
3.916049374268723224e-03
8.870606379238742470e-03
2.430134107645488123e-02
9.988217544728715883e-03
3.564870118603878819e-03
8.150953700297539420e-03
1.239563681733720987e-02
2.095546509480866043e-02
3.173689566969843841e-03
2.137516092502805831e-02
3.487085465056449958e-03
3.077746551377028364e-02
3.874631072604606263e-03
1.035385276323263701e-02
3.150974594889549910e-03
1.550588656413596014e-02
9.020595623424963738e-03
5.810272776739685598e-03
1.152751463929285215e-02
4.140413692869507334e-03
8.057139290293956896e-03
3.987570668385660710e-02
5.697568476747582461e-03
1.903531529138608944e-02
3.371872888368028509e-02
1.404190247367198812e-03
1.165783421522519417e-02
6.415520961355879528e-03
6.252681665805413791e-03
2.655571864399654952e-03
2.720992196310348041e-02
4.094043709460694347e-02
3.726011707874231360e-02
1.062072105213121218e-02
8.967604437533495225e-04
5.992018561960206664e-03
3.223814571439929423e-03
4.457279082125831932e-04
1.927963064599964513e-02
1.050930128626870533e-02
1.075415395086928155e-03
1.925069123615398906e-03
1.242839060713047880e-02
1.977321807826821695e-02
1.109330737755127340e-02
9.567875100040626815e-03
1.020524702395757613e-02
2.319954521727193852e-02
1.484494336860037872e-02
1.254860056161775234e-02
1.890620413500525981e-02
1.231098883997238172e-02
1.229207982304268178e-02
2.398279375652724588e-02
6.032406113814583332e-03
3.838276444505472201e-03
2.307030689761435313e-02
9.013830871437276959e-03
1.032152302377183604e-02
8.243280726461816449e-03
2.847778495296927198e-03
3.076897954686335507e-03
5.148853707452993866e-02
2.756683609352035894e-02
5.948199221868932449e-03
1.743424618239852470e-03
4.760154613394265016e-03
1.378817120176930103e-02
1.003259560048557798e-02
3.736479842144869480e-03
2.043752371780117524e-02
1.314720933031296793e-02
1.531240565324254628e-02
4.960724930742337058e-03
1.434475932345760651e-03
1.145328933923370207e-02
2.213234038110770130e-02
4.527485535768429117e-03
2.532462332731097096e-02
1.568156234362709858e-02
3.447050151251180444e-02
8.551172196722706814e-04
4.817490681800980223e-02
2.083899677353934395e-03
5.240079387980881714e-03
2.002858132799069033e-02
2.273396615556073225e-02
1.864139224780561252e-03
9.544630790427999223e-03
1.549070676371446659e-02
1.844336170716084217e-02
1.389124135938984983e-02
7.126604598161165489e-03
8.069717221425000420e-03
7.472875959085656383e-02
2.190065547290947351e-02
1.136052431055949684e-02
1.558354216985393878e-02
3.055248701820704842e-03
6.667059752221532812e-03
3.537685193206428769e-03
1.185551171546711698e-02
2.687929260072639825e-02
5.911896700554291478e-03
8.273208382735838459e-03
6.668557876567567100e-03
5.368217903156734076e-03
2.172339414677645214e-02
1.260191712414051105e-02
2.689845837137071205e-02
1.570739267556219704e-02
1.719663623363988994e-02
3.301486485186360537e-02
7.914459773631182110e-03
5.599981808852131943e-04
8.183459857181121788e-03
1.515150813888323234e-02
6.949905502514831107e-03
2.251918594503198034e-02
3.010733094691120750e-04
2.308862812976738513e-03
9.754453508206660517e-04
7.396512788086621187e-03
5.920826900289353177e-04
3.288681059330222922e-04
5.232727768293246248e-03
3.109673968672548722e-02
8.157845154931255005e-02
1.129576071239958785e-03
8.129103374681125038e-03
1.121100511198803214e-03
2.055695114034355054e-03
1.590934549228406950e-02
6.319251389527142868e-03
1.518947530329173984e-02
3.601230504352622569e-03
7.305331936281522776e-03
2.157651240154459180e-02
7.193929726086263979e-03
1.631732283778306383e-02
2.228502306326870380e-02
1.606679231258625537e-02
1.193013624962291699e-03
2.100059186255987323e-02
1.834761655352075416e-02
1.636718625728155602e-03
1.684143522952199698e-02
5.701445091402445806e-03
1.454727283265770275e-03
2.758995996146810636e-03
2.238750096130620593e-02
3.594069124249125394e-03
1.492330901189470316e-03
4.962293099692523766e-03
1.598019648681937160e-03
2.354897044143416680e-03
1.216581713546425331e-02
1.439773216382172691e-03
3.260404551526581733e-04
4.249470189510992646e-02
3.851655256714746518e-03
7.344108619923633494e-04
1.443898428709482554e-02
1.060907921252256421e-02
1.107760293097977307e-02
3.358923358348206347e-03
1.823219973084183815e-03
8.390422181224301001e-03
6.315470950372704256e-03
8.805632486325570829e-03
5.759940725888557447e-04
1.636884695706806656e-02
5.100904328974881219e-02
1.495843463228333295e-02
2.087673612482680418e-03
1.469982250763592763e-02
2.854609854618012435e-02
1.545679926341083504e-02
4.903507379987498416e-02
1.305378189849647208e-02
7.035881879311202750e-03
3.306760708178393265e-02
1.050870722858215055e-02
4.564272925703804704e-03
2.521127737433660754e-03
1.026218016549800688e-02
2.942092301706447470e-03
2.063312792088830075e-02
4.503951738270328513e-03
1.040481871291671669e-02
8.751191995141588235e-04
3.160451723526715162e-02
5.293063471836364445e-04
1.257612421086658216e-02
2.437474207306603372e-02
2.016907798362641002e-02
2.408151257094103340e-02
1.310503119651807314e-03
9.501737240967950138e-03
1.742702903055363614e-03
5.359961199077904227e-03
9.398261670386792721e-04
1.234737518707424960e-03
5.461508606094097121e-03
2.996943874422663620e-02
1.768686701993780683e-02
8.806293786060685053e-03
9.263074347839949166e-03
1.679238135974349400e-02
1.717031189321777465e-02
2.751321103855278866e-02
2.450767443512726768e-02
8.297838211328078389e-03
1.974581684245558730e-02
7.975867185485222000e-05
2.174316614902319783e-02
1.082102959736234646e-03
5.328543697210894742e-03
2.073261507106814727e-03
1.193056965657773860e-02
5.083885855636587070e-02
6.761245460879561006e-03
5.557367796125770032e-04
2.117104462217031177e-02
5.982971088070894450e-03
2.057363729070546543e-03
1.474760825927143998e-02
2.679351903268734764e-02
2.434833488892257022e-02
1.584606500510058955e-02
4.969296485178281014e-03
2.908308739390181100e-03
3.599919121587196943e-03
1.491116359573081175e-03
3.034379422380566529e-03
2.156392356518545619e-03
7.993834443854055949e-03
8.028698681408520665e-03
1.247672738245518380e-02
3.800572366779363109e-02
1.045704385318472606e-03
8.199135003041946659e-03
1.329830729253179619e-02
2.020280203609210387e-02
8.204409307210006747e-03
1.524453606212836793e-02
5.553045885833647263e-04
2.700672381492907892e-04
7.308665647166739249e-03
7.945499969648269628e-03
2.675441941140313876e-03
6.874840832200533429e-03
3.308868628500850895e-02
4.479206313789230870e-02
3.179233916357388466e-03
2.481403221498286807e-03
1.648020501991474471e-03
1.792939781214812579e-03
6.203883191877214084e-03
8.773261340009403525e-03
1.872917227266102450e-02
1.240180847009881779e-02
1.338043244634573581e-04
5.537949700576635242e-03
8.970927302325957739e-03
1.083803256121213324e-02
5.854196625017567962e-04
7.475972054167738003e-03
2.850075077595694284e-02
3.253260406847687056e-03
2.566073998617715568e-02
2.496225290828591251e-02
1.367852218985791610e-02
5.829381100948405683e-03
3.858072956218905336e-02
2.822584296759149403e-02
1.112445359153896134e-02
4.152419073426352747e-03
4.492790728653189847e-03
1.321717749537626007e-03
1.537451003144156385e-03
1.362505719280246788e-02
5.534699516551862611e-03
1.123831495843282541e-02
4.012761591255849247e-02
1.704574407907373176e-02
1.136993839758620485e-03
8.631937211233970536e-03
1.411178316070056497e-02
5.036947895953893493e-03
4.983572023830994818e-04
5.754160219897061848e-03
2.770037216748057196e-02
2.561643939001090678e-02
7.613265002205788206e-04
4.845449011158227924e-03
1.494237166419361620e-02
2.957062931560640665e-02
4.194030678728056030e-03
7.719549812136936723e-03
4.772001072862928905e-02
1.122079997314995347e-03
5.119510446312862395e-02
3.631250110686066318e-02
2.367643813352189423e-03
7.184285651412611676e-03
2.828018589375864977e-02
1.868356238559698915e-02
9.627808215354374810e-03
2.221516309615031298e-02
2.918041513473376355e-03
5.717016910183746192e-03
1.471054351713025309e-03
5.443541311803187094e-04
5.693302176802934184e-03
1.487916107885507017e-02
1.932548183405485148e-02
2.182086079577508914e-02
1.841251998491357303e-02
3.176325732970249754e-02
1.284612764856463835e-02
6.572279076113694656e-03
1.389310787746846857e-03
1.886036119226620206e-02
1.039679113963751234e-02
1.101094111799443692e-02
3.317135770491858385e-03
5.268818988273610282e-03
7.612261782770603918e-03
1.956002395632691973e-02
2.384655709656881284e-04
1.384696765989597636e-02
2.795376850208998107e-02
1.227366399458617360e-04
4.486158280250995140e-02
2.668830448634193888e-04
8.685711897862366526e-03
4.274701479203793508e-02
1.953233905078629457e-02
2.195230852222476671e-04
9.082537920009637819e-03
8.193178390087428251e-03
5.256359662504745019e-03
1.172441246424256282e-02
1.565678630680788705e-02
1.434710978180930852e-03
1.436470657102582871e-03
6.077632144594133021e-03
7.264277225215547140e-04
7.107538972846178665e-03
2.268595303077248007e-02
4.693477174024094332e-03
4.713972769637654256e-03
2.241548968019372451e-03
1.609371191060940398e-02
8.194553343640186005e-03
1.363937822113537625e-02
1.132424785440664348e-02
1.067316863764368115e-02
4.430651633684434213e-04
8.179282184446559981e-03
2.745344395091370033e-03
1.661048508258804179e-02
2.053849676729778070e-03
2.898201644201174598e-03
8.414337125085811532e-04
1.623931143018175413e-02
6.877387494733475104e-03
1.292156237763545865e-03
2.506923362089008567e-02
1.293164243915822728e-02
4.699893604375754864e-04
6.494925685328476611e-03
4.748294319224492105e-02
2.332529585594179337e-03
1.902184494266362380e-02
4.228248935490793760e-03
2.171076548383559564e-03
4.148265268419167040e-03
6.880368112073669343e-03
1.315110927227702148e-02
4.259848389580041944e-03
1.895025385351929714e-02
2.041234496955773685e-03
3.375673582258023955e-03
5.864682186708491517e-04
1.252568674556787248e-02
4.042583134803289652e-02
1.282811051302800223e-02
2.602515613800190572e-02
8.126486588186822638e-03
3.233782447902024647e-04
9.125194216767988642e-03
1.941234706122758370e-03
3.438556079425284656e-04
4.125086582621381726e-03
1.584865929131037271e-03
2.429612832346057794e-02
1.400400027809252379e-02
3.386816693465606078e-03
8.111453451989776575e-03
1.164133287916031996e-02
3.200881997884784391e-02
7.443125393097325612e-03
7.095795885532982239e-04
2.954411967342245038e-02
6.378586139444010483e-03
1.762924723146947967e-02
1.014099390668739969e-02
4.496225899798820050e-03
1.156240340567993730e-03
2.861840190083926247e-02
2.055696519268600253e-02
1.894419135966592116e-02
1.321209491039759300e-02
7.575933817915752461e-03
5.125578751569020985e-04
1.008065680522789165e-02
6.829133014888885949e-04
3.605578061426573805e-02
1.385010329335480996e-02
5.221341542920003576e-02
9.949821404064342067e-03
6.084887581057778043e-03
1.078737746588447413e-02
1.495772708865169241e-02
3.785524268583150692e-03
4.617091263810824131e-03
7.252686302295253441e-03
4.975468966205194576e-02
3.500847125379622643e-02
2.266950496219707033e-03
4.139940020102807379e-03
1.141318071187939071e-02
3.674865844616102134e-03
9.521882744900711168e-03
2.596874575091487336e-03
1.303538656958986609e-02
3.960333743982281940e-03
4.376329958791977393e-02
8.115662194516932992e-03
2.366323641682849255e-03
2.849786029515757879e-03
1.697453074296722056e-02
1.243645193414462738e-02
1.250261416818269043e-02
3.930665598761765717e-02
1.679807615581498798e-02
4.038003453099430450e-03
1.151213645898235133e-02
5.702706426875575781e-03
7.774857422875496374e-03
3.970315384881921775e-03
3.192898246595285427e-02
1.035348694479300627e-02
1.392208647343680210e-02
1.286941432869341886e-02
3.967496891962592198e-02
7.700346909998040737e-03
4.505465041485644945e-03
1.246712262674699000e-02
1.774269717415704814e-02
7.333817999657422926e-02
5.759396702043888261e-03
2.722968919748225414e-02
9.187189339425416712e-03
7.874845996668721620e-03
4.709421501528174986e-03
7.863781444534811982e-03
1.218345645906574772e-02
2.988158226312946988e-04
3.140327207572355533e-02
1.057533236426395429e-03
1.074364006049337988e-02
5.928307038333622582e-03
1.830735851357324917e-03
2.917402495164350858e-03
1.293495504425066882e-02
2.770064586557757433e-02
2.269750381187541147e-02
7.418596652653390057e-04
9.832524011769445266e-03
9.249501971394831143e-03
1.208829231887298752e-02
5.388124457908709253e-02
3.789288783831441798e-02
3.014614189778869885e-02
6.046692391944764183e-03
4.468896427484079364e-03
2.518991040854710525e-02
9.123282419140135713e-03
6.084411148169839752e-03
2.623171181152124734e-02
1.877793608218523286e-02
4.253319145534125573e-02
6.683737500452572970e-03
2.322173851338956915e-02
1.468109784764803916e-03
1.462612038728577923e-03
1.404989473716136000e-02
7.023003260974681854e-03
8.239229629708335429e-04
3.044627090316980728e-03
3.934239576759874374e-02
6.664734726098894835e-04
1.116740246449210612e-02
1.338045494152459262e-02
5.036804383443251737e-03
7.795405664100128230e-03
4.053901089198420730e-03
1.420184342967229646e-02
3.698320943947715732e-03
6.138161483211340350e-03
4.925528348618660873e-02
1.052991909756586554e-02
1.816043745665707129e-02
2.446097863881102966e-02
2.339242115332870742e-02
5.371083468584781501e-02
3.840404022423162672e-04
7.559121215044482464e-03
1.211783259996967489e-02
2.241831809000507242e-02
1.301331810018972919e-02
1.671545664322565336e-02
3.436459484699380673e-03
1.138140963970012652e-02
5.601031030393522139e-03
1.476091106102813549e-02
3.756609567221491728e-03
2.907178382274368256e-03
7.056165900509552003e-03
5.932244072449981490e-03
1.733880647307249612e-03
2.492497569146133810e-02
4.551106498134704220e-02
2.010067359371045005e-03
2.324978951890874918e-02
2.293337007554534929e-02
7.423247923021377218e-03
8.272541905818071167e-03
2.670296205515552013e-03
9.913141501048144261e-03
4.127161372218472041e-04
1.779262794339871862e-03
3.296015332860201957e-02
1.881466924280140313e-02
9.458390447151717242e-03
2.107134379424345505e-02
6.937925303185077039e-03
2.756744575388602597e-02
7.746437465788735821e-06
8.341690042345768080e-03
2.955332304382003381e-02
2.733068907846553791e-02
2.940872484896080163e-02
1.162295832061772081e-02
1.239748594396141747e-02
6.067772770395316040e-03
1.082418295786109763e-02
1.657981842080077928e-02
1.712626964411925051e-02
6.329190904870052314e-03
1.732744042730622464e-03
1.071531427503107786e-02
1.403229238188566548e-02
2.814096231250512101e-03
2.531147439340684230e-02
3.652352521323717904e-02
1.949126571574405498e-02
1.156614946878644148e-02
1.850701711987288306e-03
4.964499062140340438e-03
1.458061073500439148e-02
1.902069330635967545e-03
7.497208656040828430e-03
1.512638439759353415e-02
6.639730242196044407e-02
1.085567595073334314e-02
1.207824776815176818e-02
4.294534792720407571e-03
2.428718551806349768e-02
5.966774250333990726e-03
1.069497142660450276e-03
1.087211601952101699e-03
2.781414938857634800e-02
2.416193934166235152e-02
4.273846508614592699e-02
2.027551428513951065e-02
1.801439868056781135e-03
3.756727220681098899e-03
6.150994406734522704e-03
2.467982033439111711e-02
2.640399274987231121e-02
2.462343600115241438e-03
1.253540829067334092e-02
2.032502770915905685e-02
2.485162195350326328e-02
7.830765840770800151e-03
6.890090727200010035e-03
1.287173429514675872e-02
2.507510066598363577e-02
1.102185674831032865e-02
2.693517114568527715e-03
8.763423930704967307e-03
1.978764167252526282e-02
1.318193015170702337e-02
1.163272769179097763e-02
1.023200544821240704e-02
2.681780225198434481e-02
1.314807613242831817e-02
2.308126616312269203e-02
3.419779855709117675e-03
4.740578408437970404e-02
1.968650906660625657e-02
6.810086751780525770e-03
7.080957233249488003e-03
3.721244958036332151e-02
1.830260215199677742e-03
2.595763439488795593e-02
2.913375908929452876e-02
1.872845151098984084e-02
1.184044851004541991e-03
1.273314900648682803e-03
1.198738676439468562e-02
3.965754079739279570e-03
2.835758379379629129e-03
3.109399008895438743e-02
1.920053506008046265e-02
1.869993363838354933e-02
1.327439273257396968e-02
1.543035798164054360e-02
3.812023726312564233e-03
3.010982747203067716e-02
8.760886679718344391e-04
6.873684216666472654e-03
2.751272450183127240e-04
1.925738255979790939e-02
1.577036519577638962e-02
9.819396085021747655e-03
4.051358314510530162e-03
2.914441352407113467e-02
1.821690943210892838e-02
1.365853173356114392e-03
1.568736982830284607e-02
2.932257542410320397e-02
1.287523811165728303e-02
2.532801405617203516e-02
7.466435043373195225e-03
1.679829436843593982e-02
1.771534934554102464e-02
3.120980573938855057e-02
3.517269279718748115e-02
6.124523552586580433e-03
3.323511279995429099e-03
8.831051313158037180e-03
3.149516507357143918e-02
1.218818166772671525e-02
1.697528695994163575e-02
1.515058273850381984e-02
7.316840416349824211e-03
9.879122995907409222e-03
7.588735917369256179e-03
9.178925652858091477e-03
1.566184808365042201e-03
2.196389273339366399e-02
1.989330248757074926e-03
2.388188536977032400e-02
2.229261915269858344e-03
3.673353222024072773e-02
1.509870806195173082e-03
6.541379854227662508e-03
4.887985651298906373e-03
1.435501195540548995e-02
5.345369476147977805e-03
6.904736112332596210e-03
2.454531725087192098e-02
2.308774665539067850e-03
6.414543683782278176e-03
5.868283469646202316e-02
6.009603065798493904e-04
8.013681582262569686e-03
1.870377258281681609e-02
1.892869553371457139e-02
3.755425067650142168e-02
3.089552883387914652e-03
5.538023483716996570e-03
9.342067706428980323e-03
1.774786980949136575e-02
1.307328806772859071e-02
6.703755396204416975e-03
2.299237545909627728e-02
6.834304885075071639e-03
4.808270514792687550e-03
5.057504351302592044e-04
7.277796128363273574e-03
3.363897522722709976e-03
3.012872254603377389e-02
1.636473568639566084e-02
2.425554920373894016e-02
3.117095173087156001e-03
3.685376553827151430e-02
6.712527609707757623e-03
3.310620729947738334e-03
1.128800259840613551e-02
2.504080608781449752e-02
8.550099536620694302e-03
4.854273222060587895e-04
8.217275882871367954e-02
8.975892483359115825e-03
8.506749618959240714e-03
2.498681479060608016e-02
6.231956288759227768e-03
7.206496073036971171e-03
7.544678457206780223e-03
6.431848756251088220e-03
1.375863621947485786e-02
8.390199733285693545e-03
2.595195521928271229e-03
4.324605564649899349e-03
7.763857803098564089e-03
2.147911416455968933e-02
9.141587137641259131e-04
3.103080094244306184e-02
1.303012034234156402e-03
3.300676919503746365e-02
1.263491479319762967e-02
6.880439709022965686e-03
1.451889926843975311e-03
3.073032330272955706e-02
3.358915298201849836e-02
2.048758873061943750e-02
1.774887163986753813e-03
1.731004075237834589e-02
3.366012580543346292e-03
9.916320603295957631e-03
2.003008368083853546e-02
1.560768237233453246e-02
2.405119220101528850e-03
1.586206929621283325e-03
3.443162883788203343e-02
2.184435805570714498e-03
9.230878611435450534e-03
1.297873158728536473e-02
2.470966463301671120e-02
9.192866463362833404e-03
9.161425372365169031e-03
5.748434891472537465e-03
1.266425461520111553e-02
6.949207166289371809e-03
2.139666415703601193e-02
5.376776459626495495e-03
1.269954472217858787e-03
2.403411291588573861e-03
5.257681501274752769e-03
3.315877459544661066e-02
1.106292656294422319e-02
4.976046681133958205e-02
1.552122225251947527e-02
1.554432543004187831e-02
3.382345863872694008e-03
3.183679447067358503e-02
7.746781314794888400e-03
7.764297569128157661e-03
9.715639137143811804e-03
1.713949423860137988e-02
8.860146373899412467e-04
2.472959855913386268e-02
1.801503158136151181e-02
1.317797160575764209e-02
5.926170543944356273e-03
2.534545318671689324e-03
5.010411120350305447e-02
1.268419104998128738e-02
1.000655585365700304e-02
3.216993177477246897e-03
5.615242078960783548e-03
1.388600438615572932e-03
1.400728098295180024e-02
2.382490533051794673e-03
9.076561562598036217e-03
1.883480221484153810e-03
3.503274577684264979e-02
1.042355579791263975e-02
5.330516332507586122e-03
2.607247819010934629e-03
7.855887379312719021e-04
5.205514564858349652e-02
8.255821599610316253e-03
1.380317330735775921e-02
2.133344789918056178e-02
6.600211366739858893e-03
7.883386762176610926e-03
4.713144033190351523e-02
5.349915825849381294e-03
5.018901747213890679e-03
1.279767889626629712e-02
5.437123139438409906e-03
2.296556497065673288e-03
4.670946293940732297e-02
1.741864986598076759e-04
2.039910877975197045e-02
3.886674377788053997e-03
1.041160115925739886e-03
1.889170259719632344e-02
3.078913666995546430e-03
1.058092367099058677e-02
2.143460309107498955e-03
7.877681802134321731e-03
9.728605445695235471e-03
3.085967818370966703e-02
1.183672035769223023e-02
9.019877396985037654e-03
6.380804860940171054e-03
1.205843783535236885e-02
1.306551061600571065e-02
7.322910139715598432e-04
4.002607751365235694e-03
5.837269727033449901e-03
7.986705430661916044e-03
5.549209146514695601e-04
4.138959920082924127e-03
1.355167604411425253e-02
1.516537871161563120e-03
5.914344156088546800e-04
5.269640867889384406e-02
1.111761082094771952e-02
3.066530296455743237e-03
1.118991422144288705e-02
3.840837882648008659e-03
4.681928478829617581e-03
2.318356568510976379e-02
5.161256776458076137e-03
9.438942621084118675e-03
3.450731866596482358e-03
7.437895282608301267e-03
8.541208952932994453e-03
1.389727967106493302e-02
9.917706618153894482e-03
8.452046338729210864e-03
4.922251482381605897e-03
6.064452184689121325e-03
3.947999125963243955e-02
8.343487680577270013e-03
3.396012055454095818e-02
8.429944189246954024e-04
1.289311144348074395e-02
3.271941432194870603e-03
5.212287977279451284e-03
5.962829342120527440e-03
3.377820616969849470e-03
1.338388158391586730e-02
4.359423384041502883e-03
1.972824183338740475e-02
2.175850347909811036e-02
2.128492565637364262e-03
6.163909709227323973e-03
9.435867594763440447e-03
1.250806273128470154e-02
6.688084065775259761e-03
1.233828455486825348e-02
1.309800546628626548e-03
4.102076923053690413e-03
1.695211780133251342e-02
2.699256116262010140e-03
9.114658321918514289e-04
7.060002624099646212e-03
1.223914317650204526e-03
8.823949371528850422e-03
4.635347967401701880e-04
1.194503102201154715e-02
9.734682149134041632e-03
8.422096235926915600e-03
7.441578589179492428e-03
2.176629543780009973e-02
5.248253467454990981e-03
4.014764649481263742e-02
1.374159347276422867e-02
3.701459216906120842e-02
5.331548580885490940e-05
2.544460250016628618e-03
1.662326194040205339e-03
1.123431081035304244e-02
1.060300177952814421e-02
2.068996332769009426e-03
4.074748576336723570e-03
6.444252513902487545e-03
6.311180891944806644e-03
4.584937880054502229e-03
1.032561866780141828e-02
9.294518605077779425e-03
1.678681000151325750e-02
2.967605766688795679e-02
1.028412766302631842e-03
1.115496988101877945e-02
2.409250846064785873e-02
5.900473310621314089e-03
5.139923500766956782e-03
1.871349233278023216e-02
5.721644005727329757e-05
6.546022718528497417e-03
3.543220837042109373e-03
8.220321954154450814e-03
6.473038892181497486e-03
4.961802498207115719e-04
1.650987886156519285e-02
7.832033060390901011e-03
7.427824499488231563e-03
1.013434441025568705e-02
1.323239468488301290e-02
1.214411033970263891e-02
5.335544759044805532e-03
4.762951815094220061e-03
1.299942734853010845e-02
4.759803139305055289e-03
3.339044976453146851e-02
2.633456119410351130e-03
6.899840110358618044e-03
6.702409640966137255e-03
5.345384150387999696e-03
5.310802980390783197e-03
3.637049254197433773e-02
1.225292784610617844e-02
2.705220828951227039e-03
1.489419440745366752e-02
4.592586123323784408e-03
1.875438257671450948e-02
2.853336734070977335e-02
7.272888526368505129e-03
8.179389575936533291e-03
1.105229466361827735e-02
6.682794657912093442e-03
3.262348236512564725e-04
3.811547976308384596e-03
3.014997125893972493e-03
1.806923471650431073e-02
1.081266753620854781e-02
1.138977039921831858e-02
8.597693574314091078e-03
1.570519730783957041e-04
6.783503796667596231e-03
3.143710553691624748e-03
3.161488214200012387e-02
1.110045035300079135e-02
1.033014948327532975e-02
3.474819246386484650e-02
5.223258238342054147e-04
2.453834175520143435e-02
2.586283586023982797e-03
1.428182065191156138e-03
1.823972393555644764e-02
8.010166538240978684e-03
2.492673723181539763e-03
1.567588079350027558e-02
1.685201386060095757e-02
7.737345443525250888e-03
6.701366472098648636e-03
1.812210030223927390e-03
2.209881848614003198e-03
2.873134937330663191e-02
8.902197325110388845e-03
1.085505584358052028e-03
3.327385783730164512e-03
2.720064290610417577e-03
2.046749934385725181e-02
2.384612887176142376e-03
1.484728436923309428e-03
1.056805502148692316e-02
8.277043653018187688e-03
1.218904397908617682e-02
4.296135866635678556e-03
1.677554254704766157e-02
9.197564936465018465e-03
5.545158584498361722e-03
1.084730447285255778e-02
9.647164214195471862e-03
3.239357949172440299e-03
5.377298482662392666e-03
9.409202325487645707e-03
1.622100774582903651e-02
7.800366926484958614e-03
3.777049000409434844e-03
4.325034609149753378e-02
1.267467837021595684e-02
2.143460621328073870e-04
1.121498934661431177e-02
5.379388220665109327e-02
4.268977624866798250e-03
9.651771777219979309e-03
7.630533281687682835e-04
9.775835391388949108e-03
3.291470327097032605e-02
7.478813945032505330e-03
3.126331255134397538e-03
4.707944508329537682e-03
8.119559834178384505e-03
1.542802420937399929e-02
2.671317659626465304e-03
5.186913028699138145e-03
2.676189019225644339e-03
1.971746842840131630e-02
2.277002433266147111e-03
1.644003239211293353e-03
3.125371438168050506e-03
1.835077524222303996e-02
5.227474961209665864e-03
2.760350413645794657e-03
1.972734530888049787e-02
2.950687557629100462e-03
5.491528912938347176e-03
7.348548024909534390e-03
1.553232909203501599e-02
1.658405971491354542e-03
1.381102751354529312e-02
4.642318586799465407e-02
1.164894200759925003e-02
8.694610486172399400e-03
5.324611429499789828e-02
4.367730572764259855e-02
8.061808299086349605e-05
3.606365602615499433e-04
1.213832895220771403e-02
5.582168269431147731e-03
2.035174815642705817e-02
2.032849112359031568e-03
3.944112341995352662e-03
7.836337449289972057e-03
7.979837872926706654e-04
2.862790424179024670e-02
1.631221832873896776e-03
3.904137060837742303e-04
6.612022692896529601e-03
1.656376915090424645e-02
1.677488128489961622e-02
9.303356880758124892e-04
1.066178237745315713e-03
1.200050262423186902e-02
7.784632552882013272e-03
5.698571473871657557e-03
4.181860625774884085e-04
6.335477956155048315e-04
2.924003447831181532e-03
8.233494339498182227e-03
3.025371677898481063e-03
1.712826277974903444e-02
1.346684236074721305e-02
3.069655898694322385e-02
2.402422894124493780e-02
1.441991178251699098e-02
4.221718803339719051e-02
1.723658390711953203e-02
1.596519249070100285e-03
5.391112845804199236e-03
1.441587959804898136e-02
1.423872935499769996e-02
3.677058426871321686e-03
1.553748000077001708e-02
1.519943879699406884e-02
3.183108682703689185e-03
7.461820378455508336e-03
2.483483832201794500e-02
3.526847025648310787e-03
4.699929355072140352e-03
5.581906221395919153e-03
9.742831783436963280e-03
2.080466301604644991e-02
1.428201829653309197e-04
2.066026764712607794e-03
4.394707040759744839e-03
1.256524755852332989e-02
1.600203810623330655e-02
9.914188825971332122e-03
5.396423769787777810e-03
3.397198488863823265e-03
9.295761572252436017e-03
2.027855200881514483e-02
8.152920473763945741e-03
2.019594199850250488e-02
9.443745431161887360e-05
3.217937594481039276e-02
2.309754855992183359e-02
1.456511069890231366e-02
9.694076057429537943e-03
8.052043785133265741e-03
1.147069011059537874e-02
7.610420590960795609e-03
1.313045308359541558e-03
1.100848170365436359e-03
5.807202617518182446e-03
1.935605933719198278e-03
1.176912822364322916e-03
1.336702390355626509e-04
1.238324269514000896e-02
2.616902899232008677e-05
1.201646127751219637e-02
8.939092126693526374e-03
1.017400333199085238e-02
1.070278706893218294e-02
9.116954152851877019e-03
3.258679603738176209e-03
3.190338669846941397e-03
2.095248687155218045e-02
7.589079065659024535e-03
1.656565698116454002e-02
2.538818646120847341e-03
6.633770459675631531e-03
1.220189945648453463e-02
2.676995487612121929e-02
4.496911454089611536e-03
5.191333192316570366e-02
8.412005201684827869e-04
3.443025837431775565e-02
1.301264145304119671e-02
2.717539672429174560e-03
1.763162042301771176e-02
1.336697698518395268e-02
3.068079330565919027e-02
7.938918383107937404e-03
1.205241647741217212e-02
1.220352478915752610e-04
1.179467754524769502e-03
5.613381471788204393e-04
6.691094951346827566e-03
4.602031134250396741e-03
5.143983643542578144e-04
1.522112426060979323e-02
1.197323857288098287e-03
1.382845557462772899e-02
1.033333272274377344e-02
4.253419873111228752e-03
7.227140927800071966e-03
3.456445283613746033e-03
2.066411660376032966e-02
6.336290092493385151e-02
1.091561782545171638e-02
2.586361286939742495e-03
7.501798526261457649e-03
2.085443090649545528e-02
5.352630976920950967e-04
2.684159092406016023e-02
6.743373116231669677e-03
2.269611196618435273e-02
9.949066522922715011e-03
3.420173281103425222e-02
2.836292943304312940e-03
4.249378096275116534e-02
1.080971228720224372e-02
1.774840065301550376e-02
2.396730620972499504e-02
6.040156642042097956e-03
1.545286323507200771e-02
1.261474747443893513e-03
1.112655857234406617e-02
1.139649481003884857e-02
1.721505842041602327e-02
4.473727510684076883e-03
9.644226994073933079e-03
3.697751450048767340e-03
5.153338851179615002e-03
1.830913491489449124e-02
1.732815393098589840e-02
5.487009251845237530e-03
2.567566362257770948e-02
1.013394104730873727e-02
1.062407105682053321e-02
1.429860824417361100e-02
1.028357420769566467e-02
1.355105983697134711e-02
1.201682055957276280e-03
2.590414238652865436e-02
4.487665035047439400e-04
3.285744078392379558e-04
1.020269972469737413e-02
3.316149611305499456e-02
1.260341780201643981e-02
1.304209743934723470e-02
1.169067099792737464e-02
1.255432620392447907e-02
1.013033060267253850e-02
9.542398178959115435e-03
6.280122594309214823e-02
8.201196483313270488e-03
1.131226231681435775e-02
6.564032423052878346e-03
2.951241733438236814e-02
7.333184813392937609e-03
1.897267498382356615e-02
2.527619591142872546e-03
2.232639377919867080e-03
8.524173537364038156e-03
6.928338191658445222e-03
2.779787888178988225e-02
7.648708363283155884e-03
3.429924643843316329e-03
1.768806510859778636e-02
2.312068222633757372e-03
9.719446900426672101e-03
1.545567902401599053e-04
4.609216409756627247e-03
6.663065459652839362e-03
1.333740103693467627e-02
1.578449800563825819e-02
1.257501979734000587e-03
6.484112532176445481e-04
1.110984128513303054e-02
1.674855270261121215e-02
2.135569197525169494e-02
1.637893267245655151e-03
8.558334754285176760e-03
1.672574067349298643e-02
7.772780509796649306e-03
8.067548815159585572e-04
1.778918057000771630e-02
7.198266170059754512e-03
1.451035656088094442e-02
1.061259796572921500e-03
1.157775315957501258e-02
7.204284479372637974e-03
1.711446124377204864e-03
1.073395305582664980e-02
1.284705031744074084e-02
2.069466068820348739e-02
2.598350222988089070e-03
2.535378291566218675e-02
9.312334080832596062e-03
1.446822668566484331e-02
1.183129623493116463e-02
1.154207497187977050e-02
1.810329548696503615e-02
7.053916949537857549e-03
3.007645039382243432e-04
1.569085959472191205e-02
7.087403163662912148e-03
1.208445682922074625e-02
3.465323243910734246e-03
5.992582127411565443e-03
2.451625223146521038e-03
8.748335511855564323e-03
2.526504260617785241e-02
2.994378030870576725e-03
6.490017952603704954e-03
1.978961972520787427e-04
9.306027302804704623e-03
2.594707863190376298e-03
9.927260844663159112e-03
3.274436840409256869e-03
5.362613123424359723e-03
1.871350518256025691e-03
4.320997214118388850e-03
1.135009027725393874e-02
3.505835936669993852e-03
1.537033548273496197e-04
2.577608666646045293e-02
4.589705219828592309e-02
1.156928983315233181e-02
2.326905042500031912e-02
1.524682755240944904e-02
1.966175844830447914e-03
6.024352735922301576e-04
6.507110600354535160e-03
2.605011543476578456e-02
1.165019430487965711e-02
7.342881006450290710e-03
1.841992060929322633e-02
8.581504801615439174e-03
2.263973861285815958e-02
8.885847015512452537e-04
1.386713967486833191e-02
1.123911894434988061e-02
6.502413406815255384e-03
1.008135907558881453e-02
3.792651977533183921e-03
8.009846799168843234e-03
2.571216651140203688e-03
8.361969596584396813e-03
2.783810412620129314e-03
1.201678008014146933e-02
1.344909670555934599e-03
3.265419154997967460e-03
1.216877303201076982e-03
1.900597885344628953e-03
2.074841482366440205e-03
5.580739996042959408e-03
4.521014835233703663e-03
3.329565167544537747e-03
4.626572331684701556e-02
2.033135550435946973e-03
9.839121573510488383e-03
1.644688148789755526e-03
2.508261718184411765e-02
2.382535025122469938e-04
1.377028002417358607e-02
1.376806606144284802e-02
1.830850645923754946e-02
1.938911755742650511e-04
6.559917213371174727e-02
8.036014472784010904e-03
3.790294810219243301e-03
4.049990929949688276e-03
3.356011369149935336e-02
6.467647652385058281e-03
1.564464457280465882e-03
4.780219736993801538e-02
6.223737479902801545e-03
6.745575182182521096e-05
1.268257052825687639e-02
6.953181167670465304e-03
2.336449629508162602e-03
4.008271423901074021e-02
1.323542638291292902e-03
6.374916850115145382e-04
6.102122875732241686e-03
2.166063288215441286e-03
2.705996156318354190e-02
1.874766449214342046e-02
4.944521214181034352e-03
4.811559060531305637e-03
2.087356198657727702e-02
3.702308352064868652e-03
4.301759328711581010e-02
2.729226538626716107e-03
4.478655606309776827e-02
1.374123788147829303e-02
7.414971409825925168e-03
6.086266343244188179e-03
1.419440692959877438e-02
5.030858322553070222e-03
2.316206372548023501e-02
8.855121221146405527e-03
7.247968228262020862e-03
4.204235198937395813e-03
2.630717704882775190e-02
6.228404256767172513e-03
7.139139992253143441e-03
1.415497994683025292e-02
2.812178097425986970e-02
1.922465343007328641e-03
4.143072306469764744e-03
6.537556590298821031e-03
3.039038397084762623e-03
3.071462181396779692e-02
1.052236754815730028e-02
4.271876559908803495e-02
3.798433353424704798e-03
9.172935545968714799e-04
1.069349311057953000e-02
1.762273445945704287e-02
1.791847194253618457e-03
4.715263480179025801e-04
1.813802317596371547e-02
4.745821183478686998e-03
8.772904504846771798e-03
3.319167029366661484e-04
7.184739711445604915e-02
1.544129958233316814e-02
2.047683673434586710e-02
9.550222174644320411e-03
5.023250943369441529e-03
2.715488736685853655e-03
3.207075039916273962e-02
7.062346000708411356e-03
1.246641593558892383e-02
3.284843958518553556e-03
1.453765782769429055e-02
5.646827879120661781e-03
5.826535457843319554e-03
1.224736078467564791e-02
3.512857479102849539e-02
3.113282019766184985e-03
8.938560428664093713e-03
9.066121385709592639e-03
4.176936544316678553e-03
1.426988923092652878e-02
3.179553341272717965e-02
4.930507397616754051e-02
6.223050820484197013e-03
4.035386943243273600e-04
9.694976995873139059e-04
1.482227566987880281e-02
6.039821196540088796e-03
6.035837065653497022e-03
1.737571369957512796e-02
8.608057073352031602e-03
2.660969991630770127e-03
8.276726765512601100e-03
2.417548429842379665e-02
3.117074981596071673e-02
4.037212528852829330e-02
1.026923570179024033e-02
3.270018890280407958e-03
4.109014941370074149e-03
1.904225084222936626e-02
4.519442704950144517e-03
1.226187694039559961e-02
7.803787477550601023e-04
1.731274794891993554e-02
9.264937289249527974e-03
1.161576553860409677e-03
1.092090751510682578e-02
2.058586831546831836e-02
3.253729080605019964e-03
3.463191173082320190e-04
2.857539559286282824e-02
1.031840463721792923e-02
4.003699560158405918e-02
1.528500725651807390e-02
1.014103641388381175e-02
3.071701295239159107e-03
7.236181378927897256e-04
1.049870701796422334e-02
1.468388948973574012e-02
7.357767053291750653e-03
1.746067763455036101e-02
3.915251682302261366e-03
7.485850508309507823e-03
1.622936284005716684e-02
4.459619149605201921e-02
3.145417779129486280e-02
1.549574831479554396e-02
4.172517714399312516e-02
1.191560857323452696e-02
1.165427028828932426e-02
3.212084954712357381e-03
1.926713760683134227e-02
9.484625294186569203e-03
1.087102636029742969e-02
1.838287798776596510e-02
1.430792196463973563e-02
8.868419701026780677e-05
1.368480960328882778e-02
1.343224081362414356e-02
1.438310166437926571e-02
2.798220093950799098e-03
7.630059677461983880e-03
1.332996973363466051e-02
3.319042317441036477e-02
3.323771683958665762e-02
1.607782696306179690e-02
3.729817867486624056e-04
4.337070171602178809e-03
3.027220385592951923e-02
1.013158509763482755e-02
2.214804999993983531e-02
1.597117469111416360e-02
1.317812858646652194e-02
3.500816318031700278e-03
4.713091279171348347e-04
2.389931810156234807e-02
1.758335025775103339e-02
1.238157468226159033e-02
1.236738879042750643e-02
6.820890381367032684e-02
2.572133532477546489e-02
8.424710774275175409e-03
2.803985306013948280e-03
5.770079349344850450e-02
3.015617158537294354e-03
1.854718676628821367e-02
4.063245335189860641e-02
6.784703786240880996e-03
1.969990314715893993e-03
2.192859405415623422e-02
2.332505497420846174e-02
3.604098994186063359e-04
7.097292432243267057e-03
4.576275132042508312e-03
1.156623302480905280e-02
2.212953728932468694e-02
1.782528877317171231e-02
4.766824462634957488e-04
4.058909639587488308e-03
1.160704755212814410e-03
1.405896315317343298e-02
8.902531846579920518e-04
2.304755035524330697e-02
1.007782122992713272e-03
6.036644491982825003e-03
2.585444221785748731e-03
2.449018885327041567e-03
1.226895886690679413e-03
1.369839203680792324e-02
2.390715314200628043e-03
2.660101394334800709e-02
4.077410162776758107e-02
2.475216489275296194e-02
5.712098676714173068e-03
1.891574615893593103e-04
2.559818867157620526e-02
5.722691664568346770e-05
1.869215811280237893e-02
4.082806850115458519e-02
1.938116271300526633e-02
1.046782200172222295e-02
3.981311354899762928e-02
3.115818136635112312e-03
3.531146982881356797e-03
4.391842549228076181e-03
4.007852080284892565e-03
3.045728111368235531e-03
3.817222231593495572e-03
9.459462262943706817e-03
1.320709081950326678e-02
3.818570482184740350e-03
3.680048464195740440e-03
1.395284384826442868e-02
4.477631705538553941e-03
2.196761744560658119e-02
5.819829818041820368e-03
2.321294991797347163e-03
1.111979566602207953e-02
1.105951272613541099e-03
1.021203044859539735e-02
1.904963687644081749e-02
9.676684260955227546e-03
2.067942979021014649e-02
2.903345444065708394e-02
3.186658066600867034e-02
5.666234603521342738e-04
1.804802384880044297e-02
2.029464380452528777e-02
4.424620037697293840e-03
2.167760007502011511e-03
1.812158315339088346e-02
1.558072492019549164e-02
2.206615159016588751e-02
3.224369536459492647e-04
5.167420667798931864e-04
2.451747465770170997e-02
2.250755492413730047e-02
6.183158088580787033e-03
2.098482296003293529e-03
6.757897799235496050e-03
3.616174599699234493e-03
2.485088279406689939e-03
9.729056220189987586e-03
6.607128438343788657e-03
1.529571641017939479e-02
5.168742767007154446e-03
2.317614178586905119e-02
8.443138079604693268e-04
4.660759605196334449e-03
8.006456386271348577e-03
4.360312045827722562e-03
1.128341976502357860e-03
1.933557124329582377e-02
1.495529791199711606e-02
5.244918359076912624e-03
1.544136500740286334e-02
4.503727962978874844e-02
2.542995069132245045e-02
7.456388668998458619e-03
1.721383099692997201e-02
2.788636198006076011e-02
2.916957859170623071e-03
2.652240845009795622e-02
2.237007912641660046e-02
5.443265164542408774e-02
4.723334469375124745e-03
6.381748145139499832e-03
5.932714208769325134e-03
3.927338442673754260e-02
1.431395882764316049e-02
2.662041143483480712e-03
2.189999294333210000e-02
3.207499924021094823e-02
1.313977281988789811e-02
6.099713487510074507e-03
4.932239845237844714e-03
2.454729869271146930e-03
1.325021953986862261e-02
4.547695672821053248e-02
1.106197879360376612e-02
3.234541563012097512e-03
3.906529541268633637e-02
9.378607279864639018e-03
4.456270491851989715e-03
4.166363463238045156e-02
1.586792490505299288e-02
1.942143203628112630e-02
4.010411999879253536e-02
5.935183013954739573e-02
1.566768166389061190e-02
1.365112489508509171e-03
7.617262459151607004e-03
2.044607880232012648e-02
3.340089131455434984e-02
2.912800187256204404e-02
2.667784361143233501e-02
5.391108048544736298e-02
1.462172050763073730e-03
6.024326979217414606e-03
2.274583737548957485e-02
4.807341601135345366e-02
5.890208695852459930e-03
8.378157864779876840e-03
1.887533712620762319e-02
7.594029017224561591e-03
9.023394588040772879e-03
2.429576043532397436e-03
1.108214001206540324e-02
5.061021905297672513e-03
8.600267828535613363e-03
1.186171130763329258e-02
2.800123350579561410e-02
2.387394396393237393e-03
3.023747614474352197e-02
4.112268666386222765e-03
5.894027114003525837e-03
2.756474249250445707e-02
5.580191636883656027e-03
5.206004128624714365e-03
9.732495972390415445e-03
1.670974796470773779e-02
7.099448993411088156e-03
3.458859895320016281e-02
7.076578388807628489e-03
5.872064246287059947e-03
2.594257708085576097e-02
5.617321687897261495e-02
1.795188272410737362e-02
2.362438312306944926e-02
2.145128917724606864e-03
7.408790049782025891e-03
1.920305203508198416e-02
5.414861153443038810e-02
8.114746743900311948e-03
6.898440162320247128e-03
5.500412163752263148e-03
9.526306776323455183e-04
5.190964883011635334e-04
2.203663901050778064e-03
2.263395328070131468e-03
2.158770843860340072e-03
5.086748996494257213e-03
1.605359645906788077e-02
1.433821455838565732e-03
3.464509984529318912e-03
5.108168514457418069e-02
3.648682021806486618e-03
5.002382458191935444e-03
3.891192197262352548e-02
4.980291662457005109e-02
2.002373590068184245e-02
8.660161411378149848e-03
1.203334243964983979e-03
1.730818070558057947e-02
1.324727068510385582e-02
5.414867129916865751e-03
8.849012321387315916e-03
4.638671543704291772e-02
1.040244325585316064e-02
4.025273452901530213e-02
1.823105604409046634e-02
1.550072319434426821e-03
1.274776515612647751e-02
1.309427098954330827e-02
2.673524452397978840e-02
7.469266996224369071e-03
2.555432734179657883e-03
2.186777203446886586e-02
5.350705938461455119e-03
1.687407159110496102e-02
2.489944834690179659e-02
9.960226483365237568e-03
2.460519025942152493e-04
4.703068090204013882e-03
9.413441454773017678e-03
9.053640398452944202e-03
1.538825377972541028e-03
1.542679122874195119e-03
3.833066346495099530e-05
2.571563472854310195e-02
5.105497433733455909e-02
2.611326721855050659e-02
2.509428457416309349e-02
6.608398213607943536e-03
7.424939417040615774e-03
2.267366441725775922e-02
2.185233283774250593e-02
8.311755786724656439e-03
1.110200363593500349e-03
2.369112747986122994e-02
5.696345717394663867e-04
4.923741607382019908e-02
1.104298166403394447e-02
7.817829401551297519e-03
5.506292701117961735e-03
1.681774509831026818e-02
1.935191983808287608e-02
6.528859568215141310e-03
3.662647815039492272e-03
1.964474834334987638e-02
1.273601969417961777e-04
1.498499969111904973e-02
3.174518889395493149e-02
1.784036935695863454e-02
1.058912883809166872e-04
2.129230471337376432e-03
9.943036892722464243e-03
1.749230219461127972e-02
2.358639649747314160e-04
2.036730961882594892e-02
1.517062471043977489e-04
1.339410026848894542e-02
2.200838347023534661e-02
1.784068559914075286e-02
2.949185424395955879e-02
7.049236143039765970e-04
2.575256964668095130e-03
8.179352758789235414e-03
1.195756849867546032e-02
8.393353330417878053e-03
8.350394774907765258e-03
2.307171846798760154e-02
1.382209025294931122e-02
2.093446512017976824e-02
6.857330722898190983e-04
7.258695799125733372e-04
2.555133117980217840e-03
3.175851137838934645e-03
3.361705237347550890e-02
1.256954539576211199e-03
9.898552143334875784e-04
4.869206190835323293e-03
7.321321112470515965e-03
1.459533434090586057e-02
3.395333379396135720e-02
3.891123545323992711e-02
4.409484785227435998e-03
1.120006607667761722e-02
1.398834661638329903e-03
1.475230192582517759e-02
1.119572881748712168e-02
3.780775929342007971e-03
5.682265309252667457e-03
2.605257274402111509e-02
2.405775630292638495e-02
1.253314445054934910e-02
3.452139993583450833e-02
1.312111854275725600e-03
8.569079293765588523e-04
1.439534314205277894e-02
1.132345796304650353e-03
1.338493046648487131e-02
1.940300106188323423e-02
5.813515925768535618e-03
1.467798550567483637e-02
1.695246904438153790e-03
6.213514848136293678e-04
1.978455893203307642e-02
1.185506338387781744e-02
8.083061887181754168e-03
1.880767046244889024e-02
8.443798406092137970e-03
2.152202593625759941e-02
3.207858992459136638e-03
5.432687154745551071e-04
1.334436794836441759e-02
3.586617459068394687e-02
9.866384899993446700e-03
7.249903066053654116e-03
3.061566746687282084e-02
9.791091451112942171e-04
2.782354334091594397e-02
4.081421331486196485e-02
1.995501395389476153e-03
2.555968318356695648e-03
9.281868640364560399e-03
1.214049581101516763e-02
8.196881574971157103e-03
2.762764766233261060e-02
2.407093774185413600e-03
1.122145927162037163e-02
1.764321944235988301e-02
5.085268315312600242e-03
5.812888538913129829e-03
2.526418750488145046e-03
3.880358042083506369e-03
1.102591713725920367e-02
1.052831228954679080e-02
9.126955841282894874e-03
4.575277160347095140e-02
1.074580424511051985e-02
1.613837261091031344e-02
1.705395201816086587e-02
8.176781421847183207e-03
9.342687089350987240e-03
4.043475789658640927e-03
3.365506979709827901e-04
2.908007142135852000e-02
1.545085928010337707e-02
2.439554201198554373e-03
4.654634666520761702e-03
2.055846215723750731e-02
1.526325788179144077e-02
1.689483430678592052e-02
8.138310022595793281e-02
1.025150996190305440e-03
7.357308194119645608e-03
1.171766323803118993e-02
7.213122845331388852e-03
5.744492093916499058e-03
1.817736697965734172e-03
1.972626828071720462e-04
4.024776978703330232e-02
4.767417181980588940e-03
2.125182775104714900e-02
3.515497702376237273e-03
2.191112780483620015e-02
2.695795866493183590e-03
1.505263517267012817e-02
7.415099272032005077e-03
1.637373776249314086e-02
2.132176374263716756e-03
3.591125193031237395e-03
5.685908011733471767e-04
1.009893392034617171e-02
1.658700107366622989e-02
7.112868421445117141e-03
9.108328133350690470e-03
3.675261796589925078e-03
1.736799124819967538e-02
2.213760472894951009e-02
4.107751493353588648e-03
4.806532475506618968e-03
3.936860007394094030e-02
1.537416188960477950e-02
1.086041962422798837e-03
1.485456575759480299e-02
2.807850319756090285e-03
5.799105636449903775e-03
7.265382323218767639e-03
8.855269570020831565e-03
1.533638473966983861e-03
6.292773998750526496e-03
1.977665626297071474e-03
3.439037091526668879e-03
1.589181208842699658e-02
1.653644961311501876e-02
4.702136135708943204e-04
1.700482861472536397e-02
1.222057614366520899e-03
3.266422344286677715e-02
6.557992628923350366e-03
9.862937555275596777e-03
1.818746095466061696e-04
1.089446857944464421e-02
1.114772487184078655e-02
7.585330545022223037e-03
1.183145164187513788e-02
3.761554878241527532e-03
5.406213016130805016e-03
4.748170744424486805e-03
1.404301092003211807e-02
1.056675619786395445e-02
8.672818585998484653e-05
3.196162114784269898e-02
4.171861201088596788e-02
3.499805398857405020e-02
1.220408403271706476e-03
7.799662681049528146e-03
1.679002624194008905e-02
6.782140575317656232e-03
6.287350550895253604e-03
9.088575010365203266e-03
1.771616449274232563e-02
1.353619445610196228e-03
5.145636056370638499e-03
1.133368334687127540e-02
3.232116233328301974e-02
1.964627772111008155e-02
2.285571443472283332e-03
2.184511748258952807e-02
2.046787147396378521e-03
2.096765642615364827e-02
5.918613424850486908e-03
2.862024298416723095e-03
5.108819570776493681e-04
3.907724446334885637e-02
2.006270068387304602e-03
4.401611050795957436e-05
8.707538844010528911e-03
9.634809030489924209e-03
3.508547186874705261e-03
1.063621969481457277e-02
2.258048709103841964e-03
9.449141906990813494e-03
2.848512337390674085e-03
2.290255324752767108e-02
4.567603169493632265e-02
2.276339971745693080e-02
1.665316617218125239e-02
8.352789459615896778e-03
9.788060093083094521e-03
1.659541485562501459e-02
1.849986587105466318e-04
1.404157895547788332e-02
1.232333953351838485e-02
5.172799613842745357e-03
1.788671560871397427e-03
8.594242835653197882e-03
2.059341897595358406e-02
1.480819927515836243e-03
1.410313111696408694e-03
3.393362804890609485e-02
1.446049530641388935e-04
8.708457411250401098e-03
7.888642908991839661e-03
8.915791340187856351e-03
3.758796632209720351e-03
2.518823093205236827e-02
4.209251702356872626e-02
8.802321620115227934e-04
2.526491214005860408e-03
4.168314887738992780e-03
7.439765404981047055e-03
5.976919614245832652e-02
5.894845337978218448e-03
9.715340991554263436e-03
2.191060453107843663e-03
1.727904881125628261e-02
1.382961063818140615e-02
2.052338888764953032e-03
1.068004171832933648e-02
9.724694568435309980e-03
1.004391786776388275e-03
1.537642951532606703e-02
4.040513314830348340e-03
1.404042332389330129e-03
2.411505269729796383e-02
2.204949612528678271e-02
1.535211428865204501e-03
4.667273365519131884e-04
2.153540202662950626e-02
5.292811519026423966e-03
7.635022163585319759e-03
9.386428358873840846e-03
6.438681213198157831e-03
3.752125234068071774e-02
3.464110292946800951e-02
3.648744194163915187e-03
5.771222152766526323e-03
3.802412310070331196e-03
1.469101215896409171e-02
4.637658500371490133e-03
3.350768718243059708e-03
1.011100594099665143e-02
4.426140394031568941e-03
2.881531505129764081e-02
2.821249033978642448e-03
2.538681632262011940e-03
5.554343100093324034e-03
7.917463945914962262e-03
1.448554887314869137e-02
1.372161905044827837e-02
1.164347071810002861e-02
1.773701283847068516e-02
1.332932192517057631e-03
1.391026172601995264e-02
1.508646618123118260e-02
1.333545735728206005e-03
2.252976670778903193e-03
1.594069742594006467e-02
1.189026452661844785e-03
6.545875669083512163e-03
2.478989240744915775e-03
8.698997424779052190e-03
4.531792541231668275e-02
8.910247029241305169e-03
2.721612764625636061e-02
2.120793857921710046e-02
1.710790240146039740e-02
1.105109243267903170e-04
2.262760794327090680e-02
1.107500623253403205e-02
1.418657158941637880e-02
7.236582029273257513e-03
1.690116140087136870e-02
8.921905801867395340e-04
9.632566944683593896e-03
5.092010782028378799e-03
4.745609236051530344e-03
2.493361598920368523e-04
2.622578955677478535e-03
2.247879005807166099e-04
1.074329298641795750e-02
2.723100159508048696e-03
3.528152346965475993e-03
7.413047816585444094e-03
1.350553842138487587e-02
5.208220675568155621e-03
1.244470197585814501e-02
2.471768303274595596e-04
6.558236354236591722e-03
1.555383604091212756e-02
1.115521843482185534e-02
5.182272742459031675e-03
1.748359857286719415e-02
9.387832554314724798e-03
1.981790750027576792e-02
1.020449291348780700e-02
2.145950942413512100e-02
2.965368465577752216e-02
1.744478656574949618e-02
7.819587377541445394e-03
1.308779381056908442e-02
1.461623660431394210e-02
5.624454313650106840e-03
2.426061406794473990e-02
2.165009356663753076e-02
1.641378825871732394e-02
4.172618552463524394e-02
6.362728352799201965e-03
2.438788818050308810e-02
8.009042159806229952e-04
3.239444640550803983e-03
6.253588037620981879e-03
1.367395712788632700e-02
6.579321879035520543e-03
5.454555574520743300e-04
1.288609270610664367e-02
1.150078065525503464e-02
5.840493952619187079e-03
8.898837302295304827e-03
5.316515222180823175e-03
1.696412650911678296e-03
1.336478261603787042e-02
3.432394963642536930e-03
3.900244822531023954e-03
3.651260460723076973e-02
3.281205432228458119e-02
5.350449350979478991e-02
4.313091153364751254e-03
1.903938981936444813e-02
2.361835399137569153e-02
5.525724661603013781e-03
1.496671580891253267e-02
4.881640781878792204e-03
1.107745146137996276e-03
2.439852472970252539e-03
2.803239291672649305e-02
1.698760161974240818e-02
4.691692315256386359e-02
8.346050094700734057e-03
1.554450461227993054e-03
5.073376013723721045e-03
4.077792386569892638e-03
8.355415205677993451e-03
1.072871636570255430e-02
1.339453591209361846e-03
8.152129465560402008e-03
5.447210101139023444e-03
1.217182627064013374e-02
1.473629260186549994e-02
4.311024909210775459e-04
1.458794858720473091e-02
7.399925042480437476e-03
3.019536989851858214e-03
8.573563194362650297e-03
2.477942463225905889e-03
4.141978385133979548e-03
8.043460716809325978e-03
7.619152889428794373e-02
5.638500286477902967e-02
4.384761714073025576e-04
2.439999796055051292e-03
4.679474679347516916e-03
3.981900296594104334e-04
1.089630360597609350e-02
1.740763985904068660e-03
1.137856651127534292e-03
6.066620378597489295e-03
3.209632197532025222e-02
9.403587532369883997e-03
1.349709865392692554e-02
5.634740557490178214e-05
6.354014211931210271e-03
3.611608469151824513e-02
3.395871144832146235e-03
9.794320031736275523e-03
2.560450737878797178e-02
1.778064453244767446e-03
7.693156108907328941e-03
1.183274773582636968e-04
9.669231012372058592e-03
2.454507182779696456e-02
3.590951278985690664e-03
1.471172446969815084e-02
2.424773933304111371e-03
5.118622783526674720e-03
1.052664302445726480e-03
5.540913849472978679e-03
3.181299383005769393e-02
8.741291686455630178e-03
3.299297422660380646e-02
1.673331670652632858e-02
1.139091906539966420e-02
8.436268893071391384e-03
9.866604205172312472e-03
2.764952990078712106e-02
1.457168660308673543e-02
2.660545164864813045e-03
1.438309126236432187e-02
2.015955013068660567e-03
1.682722928289966807e-02
8.251476322274707564e-03
3.141749725987601303e-03
1.510880807177299862e-04
6.321548664453453814e-03
2.970584114658431432e-02
5.576130911965668235e-03
8.429333334165099029e-03
8.349890293038314537e-03
2.621754262798741547e-04
9.096693484681436792e-03
1.258754117372988014e-03
2.797957805571826828e-02
6.587954193118704393e-02
1.403560250147692368e-02
7.864976022320651489e-05
5.329000644489442252e-04
1.941917563476988629e-03
4.309608229555417572e-03
2.665450031882287373e-03
2.234030327050404163e-02
1.367420636693677041e-02
2.657644404841619235e-02
1.740687520732997137e-02
1.356331431655123654e-02
2.406411606308327122e-02
1.292296012088444378e-02
8.113966147553844377e-03
6.661513102906775965e-03
7.813097858771801685e-04
5.993937413627657695e-03
8.130039265952185984e-03
5.423042786630605239e-02
6.973118824804630349e-03
2.511745187793023443e-03
8.948885297304420838e-03
6.157860788651429995e-03
2.471029932998401214e-03
9.505461500924017315e-03
2.447671136592507925e-03
2.010996011869818634e-04
4.690987243741562285e-03
1.499007431034874230e-02
1.136402071182136299e-02
1.943453345749488262e-02
2.021114304777502438e-02
5.368294934546487956e-02
1.533164466143690369e-02
1.257372578949387046e-02
2.428498974097338670e-03
1.034089366983530212e-02
1.185003950143049536e-03
3.018834667101662206e-02
2.377527491224142031e-04
3.161992941311739941e-02
5.293860573427410648e-03
8.409743334804385510e-04
2.523452504520399750e-02
2.547159936689943937e-04
1.809556350599509159e-02
2.367169174267624160e-02
4.709076438309687564e-03
1.839067041089936360e-03
1.256734947763944385e-02
1.216493804624687453e-02
4.837564860092485874e-04
6.350128976911101515e-04
2.041412963101656153e-02
2.112962993709398274e-02
2.990894101387870339e-03
1.013196641718182344e-03
4.300434907141404209e-03
4.131779700085163806e-03
1.203986113051029247e-02
3.447315776114260460e-02
1.276090267512789908e-02
9.068505556941941492e-03
1.679836925710046294e-02
3.948053888634525666e-02
1.904683168428585385e-02
6.132727883027036184e-03
3.485971314640443942e-03
1.777983704101425422e-02
3.123353473387818421e-02
3.615381302476008279e-02
3.161177965970845237e-03
2.765150996033851130e-02
3.658113654856546756e-03
2.273011908014752492e-03
5.331890143306228236e-02
8.448690904560244436e-03
1.105610589954999015e-02
3.037554193807565778e-02
5.322267587058461188e-03
3.983302257743008556e-04
2.092142405653462517e-02
2.282942791697429447e-03
3.204694355217328761e-02
1.146030765452462838e-04
2.639415958140568438e-02
1.359975431146258698e-04
4.890887118913076446e-03
1.768162867666144000e-03
1.180552339534630957e-03
1.566224008437320722e-02
2.163720716809977226e-02
1.331570897489104018e-02
1.624880208103218412e-02
1.681294466255329328e-02
2.533558967310847732e-03
1.869287722959277198e-02
2.744735360179962561e-03
2.810257789597245259e-03
8.331143806952767683e-05
2.301332006045517936e-02
1.954121232635624289e-02
1.860181458241830926e-02
1.775708949620847729e-02
5.185726089619130570e-03
3.568000739399786181e-03
9.076793080232209432e-03
2.480242987727277956e-02
5.803755280540980055e-04
3.554261227131753041e-03
5.269228298026609053e-02
4.458721164068223108e-03
3.361558070781969429e-03
1.069854504257053071e-03
3.403845028201799017e-02
2.566873104126954699e-02
1.277102382464540692e-02
3.742179683097012106e-03
5.598802391233609690e-03
2.559155075762524750e-03
1.459829792746408089e-02
5.612159271282714419e-03
1.181673978489730052e-03
3.424326624258358653e-02
1.167590731530858232e-02
1.557288398135507797e-02
1.526572291932612110e-04
1.290046040777790420e-03
1.835259856538151366e-02
7.085128173655719577e-03
1.870526175711110031e-02
1.087318998304590348e-02
1.578666812803584951e-02
2.231204571572390633e-03
1.051865968365459786e-02
2.480518242143061117e-02
4.707829831219523947e-03
4.748778402497599860e-03
1.249349036232782345e-02
4.068608293219881655e-02
1.188659622231651863e-02
8.229158855744144255e-03
3.643143378122962184e-02
2.174458018099196047e-02
5.020105929438091127e-03
6.393517581690369629e-05
2.724860862434747705e-02
1.527608661920677562e-02
7.839686952558813302e-03
3.303787219759746294e-03
5.839325652415565393e-03
4.451716433837387549e-03
4.026288995543894633e-02
2.556533760846590661e-02
1.188900301589524734e-03
3.962382606340478230e-02
1.682834712852629075e-02
9.058508113925559796e-03
2.778950546178642761e-05
1.172920662668431105e-02
9.653187564095635359e-03
9.102191683330223063e-03
9.165874450544583482e-03
9.179915212687095663e-03
9.231719616061366193e-03
7.892158966506171783e-03
9.282685517456000512e-03
7.929679320015370347e-04
2.534717255276131009e-02
1.731465682158605385e-02
2.194462101192383788e-03
3.046736967356980172e-02
2.965868200492940802e-03
6.868377589949247602e-03
1.514282579829712844e-02
9.916262809592129787e-03
7.111902916154216533e-03
4.300318213817226913e-05
1.534719110721872830e-02
3.059633772854489925e-02
7.576574349543217270e-03
1.455122151080390919e-03
8.002832861007825455e-04
1.083273583445549908e-02
1.766514412441173160e-02
2.238154010607163250e-02
1.779353327610490657e-02
2.258992010525106772e-02
6.895523049884440085e-03
1.480802581295109256e-02
1.027428723914626182e-02
7.213895078414297307e-03
8.142664441277945586e-03
6.588202228949076311e-02
1.608673805352299827e-02
2.418707997941904869e-03
9.645067023362798031e-04
1.103549434193924761e-02
4.546802202979986947e-03
1.562300671229521765e-02
1.687226699703297736e-02
2.182285369062857139e-02
4.178466661981863894e-04
4.433953229783178102e-02
1.760027165871353924e-03
2.956089239176149658e-03
3.578916923000918099e-02
1.001768265551716657e-02
2.645283983563131991e-04
2.328309675542503641e-03
1.545598537634819587e-02
4.058468307217348581e-02
7.094578871403564579e-03
4.378206431721130137e-05
3.415032231972520323e-03
1.004640811785395375e-02
5.141968630385259850e-03
3.307128798552725485e-02
4.856513583253283146e-04
1.150625498768209631e-03
3.610696043107013836e-02
1.356984766311426262e-02
2.210571103449705550e-03
4.097503986930126768e-03
9.512539774394802167e-03
2.709421996223501661e-02
7.135029915667506425e-03
1.105495273701968470e-02
2.230772385998106965e-03
5.405197664139331677e-03
2.278525587626040183e-02
3.073849627168952908e-02
7.616214465460537791e-03
1.496515905625272168e-02
1.911117419573981832e-03
2.388341333254877935e-02
4.917305179789530772e-03
1.620833982096805959e-02
5.898728571991335157e-03
1.059619796175750688e-03
1.320541492320257207e-02
7.077841157972001446e-03
1.931855609896657167e-02
3.117461852558666216e-03
1.080586634958640921e-03
2.899293601049797008e-03
4.832992348834188462e-03
5.004487451152066398e-03
6.583027078033805088e-04
2.994508789318027150e-02
1.946213405779850716e-03
7.027756666137304625e-03
2.065561538220338136e-03
5.082261692248481871e-04
1.992797417181686043e-02
4.164666587339087983e-03
3.579109350443876632e-03
3.483275723694172210e-02
2.334258343612822043e-02
6.744980773915518722e-03
4.384075711215873819e-03
6.921048353660293716e-03
6.166663059798594207e-03
9.166966701841475912e-03
2.105968462358965079e-03
3.111216973972619898e-02
3.432966352117107142e-03
1.532446203594636965e-02
2.111722349507315355e-04
1.356940602768811656e-02
1.573622309922184659e-02
7.598368774719607135e-04
1.715167474288696592e-02
1.027340341169701021e-02
3.265947492824843035e-02
4.600313302279859101e-03
8.742723715241887406e-04
3.312325503066753263e-03
8.259892843734059631e-05
1.349432006288943560e-03
8.013297358798503883e-03
3.370270783539881104e-02
1.732542036545049041e-02
1.323264524282679114e-02
4.825559634482943713e-03
7.406384042359191039e-03
2.992513783805382174e-02
3.236105260722660013e-03
2.368494348822912030e-03
2.927114329668355913e-02
1.528787776466124931e-02
1.010790420935464562e-03
8.274612061097877391e-03
2.771281879033244636e-03
1.107803201223682074e-02
1.322523411979152110e-02
9.161095102333441376e-03
4.193216319045328828e-03
2.070609196050412180e-03
5.843979899469303740e-03
3.571794159446013564e-04
1.608488645293695493e-02
7.527302161205454839e-03
3.389835839121310528e-03
2.327811590261555721e-02
8.241523361666783926e-03
6.066620280195481746e-02
2.164610802715838736e-02
1.480098432631406571e-02
7.896081832142600593e-03
3.238975100426355006e-03
1.609896219544741311e-03
3.384830242706931940e-04
1.783289318244228594e-02
1.380835330155930768e-03
6.438484247119200497e-03
2.237835127360161564e-04
1.404836545956921834e-03
2.732106261154892274e-02
4.607755438360973226e-03
3.846286826958733671e-03
1.082238427993761735e-02
1.965807186853063895e-02
8.138810513034879998e-03
1.158561419799336405e-02
2.793894699620924887e-03
9.730265981095723854e-05
1.900202465810494484e-02
2.155491676601952247e-03
3.366639936207831574e-03
5.763211424070865951e-03
4.410128171301492227e-03
6.946612414924913451e-03
2.573068979322053890e-02
1.222856854240239079e-02
1.423166081573970249e-04
1.423879021695456139e-02
1.956436255450202943e-02
2.530111755925675346e-02
4.749269589705590322e-02
1.913686431105048394e-02
7.836525835124967879e-03
2.635561330980466799e-03
5.295596875356677405e-03
6.737180521372387702e-03
1.697802937046036936e-02
2.204942947682023147e-02
3.085897138450142182e-03
1.437265149089508171e-02
1.235755279998015932e-03
9.755321033258043846e-04
5.170582907372284903e-03
5.057886712229773575e-03
5.008181061365316045e-03
3.577065592609724592e-02
1.480530095786959308e-02
3.233331033759260890e-03
5.250770260074234808e-03
2.167889980277907126e-03
1.392059311676571189e-02
2.988449669399725981e-03
6.164770505022770103e-03
1.809539761295717638e-03
2.889296169749124010e-03
2.080353755527210302e-03
3.450624090228997243e-02
1.524673263752900423e-03
1.600599154093618149e-03
2.987429440947858214e-02
1.210819222607364271e-02
2.819553681742125589e-02
1.902749723739361604e-02
2.957679507750729173e-02
6.176189153148509831e-03
1.472804184770036030e-02
3.159137033188051495e-03
5.791623898869073875e-03
5.688905346266232010e-04
8.110704236919690294e-03
4.000092068594852251e-03
2.627650870710873665e-03
2.255189033097656018e-03
6.998117879271153162e-04
2.118776916990096348e-02
2.414478019465889080e-02
1.495694850659932788e-02
1.976530765022879721e-02
1.098842946574202315e-03
5.185522425579781186e-03
1.665789010746288393e-03
1.279487769513098366e-03
3.007930282661978698e-03
1.359596338454591852e-03
1.222327859843344577e-03
1.605267156954290342e-02
1.412686204514227405e-03
1.892439504699003393e-03
4.243263647889848611e-02
5.787464380060441428e-03
8.170251382133958060e-03
3.995933044103087972e-02
7.615511742145128493e-03
1.791590968609469911e-02
1.199528472621038538e-02
3.093126195218113411e-02
4.786738577305058376e-03
1.155607002524465694e-02
1.250993659543990152e-02
7.297620578493778376e-03
3.450078226842238222e-03
5.715782502164544303e-03
1.558467017226503222e-03
2.184952225180902818e-02
3.219958679905082083e-02
5.120118775762172274e-03
5.925797554829412284e-02
8.221426927089497960e-02
8.901737116451164961e-04
7.311896166948658911e-03
3.874050791650766618e-03
1.154935506482402709e-02
3.675425203385732260e-03
4.857900432287122179e-04
2.279148862880789111e-04
1.820734333571331215e-02
6.964316479742866869e-03
6.260756552864812224e-03
8.082279377115871022e-03
5.663923412394272772e-03
2.014444112511878243e-02
6.684226010193907927e-03
2.554444284447518476e-02
2.385439191584181468e-02
2.684763601412515441e-03
1.742178004823585410e-02
1.026577910814183495e-02
3.302293827009149252e-02
5.578257523698661353e-03
1.307041340818321934e-02
9.691015904766727557e-04
1.020282078779121727e-02
7.527309341924512398e-03
1.024455017173934871e-03
4.590899777830918446e-03
2.362935097945067890e-03
1.040987410379555153e-02
2.382796864179155538e-02
2.865854069750442545e-02
5.933757288153274079e-02
2.719137385979480959e-03
1.794023512986799712e-02
1.270679514914444669e-04
2.649746912838024659e-02
1.086809803572407265e-02
2.250017536380333888e-02
1.601855045112306197e-02
1.693815977434476663e-02
1.577289247441864342e-02
9.121420340135934918e-03
1.323050817204757951e-03
7.830916852430588188e-03
9.478645112224513489e-03
6.136666383342559775e-03
4.817683697198565929e-03
3.062597262050822250e-02
8.069674742570500520e-03
2.883256051669126976e-02
5.029719652466446526e-03
5.074468515928139828e-02
5.489225699991280571e-03
6.387787072544209160e-03
1.339727465009753725e-02
8.451431826179481299e-03
1.649642689771183349e-02
1.467204752243900234e-02
1.073798082405017645e-03
2.892699325234945190e-03
1.533627123944042783e-02
1.506048214902739983e-02
6.871634171112032952e-02
2.134053576856857412e-02
1.390230466056761871e-02
3.176550929781417343e-02
2.257190578405281201e-03
2.926181373727518298e-02
6.247870402317300120e-03
3.111234415876905444e-03
2.222160437406788674e-03
3.413644326379036004e-02
2.695656535535446551e-03
2.362642806373825219e-02
3.847871784711229259e-03
6.026845800615777959e-04
4.147476313180534224e-02
4.812247239889138467e-03
5.888679926978037694e-03
4.090918259973573556e-02
1.528064731078652028e-03
3.301856609989638897e-02
8.644480780254891472e-03
2.467920930433899901e-02
8.846388804624351690e-03
5.447364684296587822e-03
2.113008010673354115e-02
2.503047921039163945e-02
8.546486830897483469e-03
1.211912628900828695e-02
4.310788369098589659e-03
3.107219126521352376e-02
3.258335634482366350e-02
1.256687013192040424e-02
4.049060020353045797e-02
6.234484150484591140e-03
5.397324857981188051e-03
1.320865651832335737e-02
1.900681198483855291e-02
1.940319907651652173e-02
9.054176694091222583e-03
1.011031314137914722e-02
1.286959835667723061e-02
2.310473312294233222e-02
7.012767368154888131e-03
2.736880228063028053e-02
4.146641266497811187e-03
7.847400177065925325e-03
1.819026621919146713e-02
1.866210649646114078e-02
3.714887429593239504e-03
4.191294390672409970e-02
9.510935276727425572e-03
1.925325366454508705e-02
1.379246776037023475e-02
4.015735247369302263e-02
2.943519066843564708e-02
1.934875645048966808e-02
3.291768901951982323e-03
2.614510699018459013e-03
8.592079075523052084e-03
1.282105831315049835e-02
1.215415285471758630e-02
1.470685212981929883e-02
2.599315802722297966e-02
5.271137683781465435e-04
1.097461852147411758e-02
7.567877453190619344e-03
4.824875354199143276e-03
5.438015024840857706e-03
2.188743365464770191e-02
7.275049208783912480e-07
1.422581634997632620e-02
9.937033269299939617e-03
1.108102868526634338e-02
2.031792660215778895e-03
3.572977077472332987e-03
2.202052256367483668e-02
1.046186988296559511e-02
3.451957500843752524e-02
1.645296119860008288e-02
3.349461994995994642e-03
2.985615565372174915e-04
1.774127238917486832e-02
5.962391807304689290e-03
2.247070976347859128e-02
6.934790600231284519e-03
9.498649675843797227e-03
4.928747616905752166e-02
1.549522879451318592e-02
6.102164174479040790e-03
1.858907806964029547e-02
5.242558355553586166e-03
3.390868207890258140e-02
8.170676170918315939e-03
7.747986379101928778e-03
2.723951224015004266e-02
4.069870337201250167e-03
7.067337858549877817e-03
1.750645427924078226e-03
2.436008552768077762e-04
6.299078361071857798e-03
3.073545764804077457e-02
2.481474838893844848e-02
3.486341351715335768e-02
6.061091077773441554e-03
2.320018576989409456e-02
6.939361658891687532e-03
1.214580970081711314e-02
6.008613612113505170e-03
1.523611087390628997e-02
5.189385172124136303e-02
9.637378462335591950e-03
2.218578093454352460e-02
1.017951782907106084e-02
3.129040636757642740e-03
2.371398916813455271e-03
2.028874585240134087e-03
1.795414304489216344e-03
2.131572944284947091e-03
1.650459235121555165e-02
2.446689535384779721e-02
1.506681179621287975e-02
2.679258957905966253e-03
8.335801320052335650e-04
2.459766456556287603e-02
3.822243753312616187e-03
5.942220244998296617e-03
3.179571310799834960e-02
8.510860615508052812e-03
1.942948333252272029e-03
1.082255390253827367e-02
4.273400911660566598e-03
2.548954234276664885e-03
1.941423895951937401e-02
2.122770950894777020e-02
9.268533768172031867e-03
8.538318438338077243e-04
6.517054120992148147e-03
1.161333664300999956e-02
4.587071237895035125e-03
6.706294364173197471e-03
4.902178778212582140e-03
2.179353456728617966e-02
1.177847387407963270e-02
3.294081316014315329e-03
2.406111582523197921e-03
3.704306376566920966e-03
1.408935707896569536e-02
3.861391739733700118e-03
5.265759175030871805e-03
1.684534011843140736e-02
3.464560889977209152e-02
1.619153561368266714e-02
1.418790704475253982e-02
8.971111066883192056e-03
3.880954731166201196e-03
4.747688008900230461e-02
3.287644103650760874e-03
8.412728399394621068e-03
2.650437837373425393e-02
1.548101678889469979e-02
1.426934980100491579e-05
8.571449531746724859e-03
3.402048392238680302e-03
2.944907551159563815e-03
4.179191987365729610e-03
1.931150830126674833e-04
6.896076097905323721e-04
3.135311929834070418e-03
6.019250828254566789e-03
4.025755833379379180e-03
3.613098964318039313e-02
1.171665521558684815e-02
1.193259476859487127e-03
1.992200705291100743e-02
4.052541045355455979e-02
1.694474107266124435e-03
2.049555083091401941e-02
5.278292975231187872e-03
1.290352478902944897e-02
1.589625580517010006e-04
5.050331896031728766e-03
8.570851493297122758e-03
4.864569691358273940e-02
4.076467102122963149e-04
3.557628764005561772e-02
1.832065674454556176e-02
2.909575637334689546e-03
2.395516080263652287e-02
7.335361964070747157e-03
1.647725863406055216e-02
2.538249565871517066e-02
2.210445208494947467e-02
6.054620304737278955e-03
4.908143749367817159e-03
3.516385210329625588e-03
8.591889507526678793e-03
8.376386691411174396e-03
2.876075161492644416e-04
2.603974390065202579e-03
2.675489398258439067e-02
6.451703463525755577e-04
3.240830071929618611e-03
1.954711339807957762e-02
3.118500252797837963e-02
1.030525113027194913e-02
1.015467011668568821e-03
2.870532490011382803e-02
3.938612244078440808e-03
1.520406329737405797e-02
8.878984349029247700e-03
1.793910878805662912e-03
2.479484946601107076e-02
2.966883515683090000e-03
3.576921021282987358e-03
2.928637149317949925e-02
8.720964773003514817e-03
1.247121414661939674e-02
1.921106626223076722e-02
5.898425475998831172e-03
1.584225924149227499e-02
3.256469819078586757e-03
5.756053522323070770e-03
1.938891617896890476e-02
4.880279418009772149e-03
3.409878816963718764e-03
6.551236236898298065e-03
2.510882873459886755e-03
6.032051787416713509e-03
9.481922217040666956e-03
2.945493719091640816e-03
2.967599285025509289e-03
4.424319462480436060e-02
1.297030801668917245e-03
1.361177617772844906e-02
3.024661819077545735e-02
2.560477457710950283e-02
7.435128070156570707e-03
1.166247903887614960e-03
1.443991610043044924e-02
7.519227590053688924e-04
1.087703298989082384e-03
4.632066122819383791e-03
7.646087212920590209e-04
3.708295927171449680e-02
4.619997478012670064e-03
3.676372040207702852e-03
3.668109490189097599e-02
1.754606611406835017e-03
3.175133966130552071e-02
1.934888272624157163e-02
4.866498155569160336e-03
9.433675544030120305e-03
2.755769810468700759e-03
1.670110371827958004e-02
1.481053482760292389e-02
2.662632632160735931e-03
1.681444607633610783e-03
8.059816512269713656e-03
5.307610012274400178e-03
2.633195500862764091e-03
1.194384962605230666e-02
1.231352792586886888e-02
1.402495235766786433e-02
3.732200772531416716e-02
3.660803758477224404e-03
1.884210177012984877e-02
7.218943513273585327e-03
1.425228414602233359e-02
5.718911272365037775e-03
2.612953908452950169e-02
1.235763319660119694e-02
6.145098261554850574e-03
8.427223359103345329e-03
3.169003495850644062e-03
4.194880636683615341e-03
3.381592221234610424e-02
7.932302724697554153e-03
7.959553761936931371e-03
2.745936596798156590e-02
4.322238502316952391e-02
4.249237593919043612e-03
1.899843562162190948e-03
4.031839138016344616e-03
2.456861321928374003e-03
1.315044566153659306e-02
1.620143437678628340e-02
1.578780173832742759e-02
7.107390423158926190e-03
4.904413358344465040e-04
1.016024755316074363e-02
3.139276663673259450e-03
3.319557765341964173e-05
6.406566394279517712e-03
9.911278978406729695e-03
3.458461900897102058e-03
3.945343682024694126e-02
1.923392998715901109e-02
1.506330744118812570e-02
1.294278967000017828e-02
5.856259022349336735e-04
4.244864535748252288e-04
2.126010020353719110e-02
3.032159774503315891e-02
1.163885774992110336e-02
1.849541397623132022e-02
1.233672874611002959e-02
1.498716952817359931e-03
1.709947029857347353e-02
2.166114523687500716e-03
1.610257891360647106e-03
2.498821096761733723e-02
3.248881889862041683e-02
8.439382080133353125e-04
1.175321254475617666e-03
6.646718524715886436e-03
3.165586079212390300e-03
3.948573228383272724e-03
2.021119918128416043e-02
6.870368457868313537e-03
3.644008153252939648e-03
8.784358358613748863e-03
9.779663685266660328e-03
1.627033914105101894e-03
9.389185790996760475e-04
2.965559392735155585e-03
4.860888966753525164e-02
5.514708079989598388e-03
2.280830687682152899e-02
3.223588975781239291e-02
3.123258830039362527e-02
3.478212791010982900e-03
1.489733734936719151e-04
1.591307578360922660e-03
2.353460799622567740e-03
4.990699181774569532e-02
3.025390854865222211e-03
8.222111432712356227e-03
1.715270037075322662e-02
4.939562925973381077e-04
1.212729509128903684e-02
1.653818961710358526e-03
1.649037429347595743e-02
1.796605376911267898e-02
6.205697573666689275e-03
1.796463129516794738e-03
2.031024296642662454e-03
1.050015065463387465e-02
4.446003309464850901e-03
2.766720385658083016e-03
3.018095748557298938e-02
4.323181650885618565e-04
3.028393133593415727e-03
1.293963654901034632e-03
9.257524612954088142e-03
1.004063053656841648e-02
7.176141532892645405e-03
9.322513181174793204e-03
2.737263667261466416e-02
1.680886847766812145e-02
1.422920602236139170e-02
8.538119263294395231e-03
4.744608437672129947e-02
1.335946770585549545e-03
4.277339529972406899e-03
4.621800573314365293e-03
2.842131307956661385e-04
4.966940959581811130e-03
3.188302950319957772e-03
1.663054176928887434e-02
7.341302399244577226e-02
1.479675752651889989e-03
1.590922485542962256e-02
1.977619743847182539e-03
5.423643913123755989e-03
1.341157373684345733e-02
1.733476679480205895e-05
3.978835401368100225e-03
1.695923561266731577e-02
3.135445455987245517e-03
2.745986662522617236e-03
1.241364837564346013e-04
1.413821093488101290e-02
4.910837164820464930e-03
1.337755012577042206e-03
3.632473792046699707e-03
5.461758246135086856e-03
3.045665929125419748e-03
5.034597236316874953e-03
1.190091819704090781e-02
1.433419119375421887e-02
5.591226767937550711e-03
6.443027798600804885e-03
9.282608689606355878e-03
2.147401429920740151e-02
2.685807641368054277e-03
7.963357699981698373e-03
7.748007247102733572e-03
6.120126182723470074e-03
1.724383170632391715e-02
4.014505964054423774e-03
1.337572353226089070e-02
1.477825940926407247e-02
1.054880594049969599e-03
3.187784455650448292e-03
3.136048339089608176e-03
4.910275001635002433e-03
2.201104095291032611e-03
7.127768892203581452e-03
7.226825219412091883e-03
5.874571632304161593e-03
7.228406347319370033e-03
4.168782406533448615e-03
5.838283591999090041e-03
2.456940826060343558e-02
1.574695508886882547e-02
8.328574168258440213e-04
9.134693105035962286e-04
8.912083447770105180e-03
1.439944157797998919e-03
1.145570519844229911e-02
8.848135153590792890e-03
3.983016955493044048e-02
3.336600719593570824e-03
1.146390243220035427e-03
9.528074477959809843e-03
4.928596494180113169e-02
3.200670194256049692e-03
7.985146704474325487e-04
1.737124550310167881e-02
1.527890330615386608e-02
3.080498251223033265e-02
1.591123980005619033e-03
1.078188866436593368e-02
1.760334830760559854e-02
6.859935997402236488e-03
1.532781180716449171e-02
1.836895194679516279e-03
3.824145959395085226e-03
1.555165521601173384e-02
1.665987150557588642e-02
2.405822717563341597e-04
1.496211226107747871e-03
1.052413786479305599e-04
1.546065426207631800e-02
1.481460565026352684e-02
6.266822694093354858e-03
3.905096088378732979e-03
4.626203169468762547e-03
4.810736346073922476e-03
1.899676422998803141e-02
6.363068855752027769e-03
2.850500744651217680e-02
6.021681682865670342e-03
1.277987846173573618e-02
8.791620414361472208e-04
1.135597506675944425e-02
1.151049828780760509e-02
5.041949657882341396e-02
4.629082399904756520e-03
1.221520830939193392e-02
2.587579310314519487e-02
1.924962927246295225e-02
5.017899066131838171e-02
1.362125018661079420e-02
9.829675879545954689e-03
5.282888276554563445e-03
1.657456924967215528e-02
9.148151337269120817e-03
3.201551194615898880e-03
1.550714727893996725e-03
1.171087745779148849e-03
2.132331851712444479e-02
1.502494318028275641e-03
1.162527314622525954e-04
5.919356531299720982e-03
7.058965305700583281e-03
9.943375972581491862e-03
3.731444046412810134e-02
3.738100189511447263e-02
3.429632438638243949e-03
5.638099207428736229e-03
3.709241747039696696e-02
2.251850680535333500e-03
3.156599938104609482e-02
1.066810605441214331e-02
8.706055097983281948e-03
5.856038505178819825e-03
1.281134874784256410e-02
8.536715106737422995e-03
2.263485851405156943e-02
3.549649032714207852e-03
2.096125558242217975e-04
6.260664356807035813e-02
8.765331464310847920e-04
1.078508465628548983e-02
1.105046712868944236e-02
1.166192315961314153e-02
1.053886763013289762e-02
4.480569910977006721e-03
8.736897626973346917e-03
5.920257148051317683e-03
2.893912289729462864e-03
4.240411596309934944e-03
2.810146588916911936e-02
2.737318505975363039e-03
7.489838526537782523e-04
6.732206034769467815e-04
7.404178116382243444e-04
7.662137969115796580e-04
1.084628790614510820e-02
1.103168049859938604e-02
4.895146387266218618e-04
3.409567636039941268e-03
9.971122092854063645e-02
6.253844122330329616e-04
1.744741874946150947e-02
8.164120595651424422e-03
7.873903786383496320e-03
5.196827475283148992e-04
1.290165955722642407e-02
2.426052807530650578e-03
2.374061536429970115e-03
6.096656711109891234e-03
8.642744753384189616e-04
1.433865167104635824e-02
4.366676208367020577e-03
3.112837134053439599e-03
8.386645180337066324e-03
5.481365585920772165e-03
5.228488826098319844e-03
1.248663692124306682e-02
9.469065763974895966e-03
2.619610833729629079e-02
8.569361461063872143e-03
4.402298886276046277e-03
3.501346439979377556e-02
1.794258069295925732e-03
4.008327239421981270e-04
8.415107465825459598e-05
7.567964179698041111e-03
2.297581422607380443e-03
8.307869685181518138e-03
3.502394998495210812e-03
4.971796671166341802e-03
3.506823400589858218e-03
1.768686806472834910e-03
8.890043576894990363e-03
2.568872584698797881e-02
1.385785092604381250e-03
3.269385498775394250e-02
4.936674525001110564e-03
2.592956871401889442e-03
2.609248678384424799e-03
1.534994857151386789e-02
3.765219655498197593e-03
9.594332089050819357e-03
1.505267083248270840e-02
4.546162120550497829e-03
6.533613763145418134e-03
3.768301740596405758e-03
5.143450935426768095e-03
3.157472851549522879e-03
3.011683035855682380e-02
4.368061222666480212e-03
3.948313202548481976e-02
2.693068055684300771e-03
1.384234176027483373e-02
5.594250634650198284e-02
6.900694684036865964e-03
4.603523061707076071e-03
5.081135319373876816e-03
3.141179995799037866e-02
4.681116418530223422e-03
2.627271144728308971e-02
3.159721952646121768e-02
1.020279884477546129e-03
1.524645330220231187e-03
3.779713807757572284e-03
1.437169414758887251e-02
2.219462757747660622e-02
4.987699253704166134e-03
8.900865634342061683e-02
1.286276308556556780e-02
1.118554149902218839e-02
3.544174157241571088e-03
8.046391819244462160e-03
2.883408289121900531e-03
6.038140766420116608e-03
1.137699674102776726e-02
3.240792558617977548e-02
3.968319557604241959e-03
3.966779463850227463e-03
1.283614332698114133e-02
3.034406769554161623e-03
3.025832137685141587e-02
6.795040028131451616e-04
1.462368175488645665e-02
1.334598674205718372e-03
2.236610847065621105e-02
2.797006749843879148e-02
9.863845244049637695e-05
4.077652397917233551e-02
1.620296503910506440e-03
2.103128367450728814e-02
8.893737809259338878e-03
5.898657916962540479e-03
4.078716985304965681e-02
6.361518840484971585e-03
5.261770976627179117e-03
4.542778737748634672e-03
1.917108274736315995e-03
5.398477583457168480e-03
1.278697920212136865e-02
2.513305163407947296e-02
5.830468078061311864e-03
1.488560961235601068e-02
8.547422763068551754e-03
8.230423357056368579e-04
5.063007752371640260e-03
1.130771546474235037e-03
1.552689455412898040e-03
6.927797104097091702e-04
2.575538558246306606e-02
1.998542208909017889e-02
3.711196609461175910e-03
4.645581087248794316e-03
1.179149192365192694e-02
7.650613354399444371e-03
4.305459806130300729e-04
1.306361126342467111e-03
8.121891898649188923e-03
1.953935228900676932e-02
1.536326208415680515e-03
1.305254555581825647e-02
4.656465053183981781e-03
1.374255432370134755e-02
4.354636277286073887e-02
5.416772230794807130e-03
1.075067397922283008e-02
1.242286546216511689e-03
2.352754558419212216e-03
3.427409313553552231e-03
2.990624682486059394e-02
2.872731882543088852e-02
5.415728508673775705e-03
1.440736377510770314e-02
1.142431539864591575e-02
1.880977736861687982e-02
9.502112544267129687e-03
1.736916301852823794e-03
1.942142885793633408e-02
7.076336198276434244e-03
5.452636161077158844e-03
1.365797273626230546e-02
1.588584241467266150e-02
2.101419920932412824e-02
1.024963326853567565e-02
4.997433208866417995e-03
1.311811078588945127e-02
9.992995071574374208e-03
8.208227171303842870e-03
8.779545752608419740e-03
1.077781754085317505e-02
4.506395350872707817e-02
1.543331122985624679e-02
3.083434865354536640e-03
1.811293695308844112e-02
1.227587239535053720e-02
8.743893832385252196e-02
2.710110732285676144e-02
1.042840409059495391e-02
4.867184915834482997e-03
9.061160725042496922e-03
7.150424320072894246e-03
3.553837393801836941e-02
2.407274363623347624e-02
9.540746362246449105e-03
1.375936098204355584e-02
2.198712045256627501e-02
1.529913223011877994e-02
1.972803020463666929e-02
1.467938057058559842e-02
1.665320288374153718e-02
4.789524300651307534e-03
8.444102095895125379e-03
6.253104542909814975e-03
4.927749117470377541e-03
2.380166790342003180e-02
6.955522559006053693e-03
1.375992769312509023e-04
6.816320360963204483e-03
7.804449822198336953e-03
6.630894205176205043e-03
1.367881126659636556e-02
5.543454608096581512e-03
1.530010239585165299e-02
1.191931613725096678e-02
8.860332636412582633e-03
4.741662235206479947e-03
2.355683102705715889e-02
5.907737416887312576e-02
2.795663686505917012e-02
3.352643084721497815e-04
1.145126313355204414e-02
1.041584760245764171e-02
1.119632013989197046e-02
2.766441877894243451e-02
3.449262390796677819e-02
5.450632957637845284e-03
9.931579927678237454e-03
2.983536971637133425e-02
2.700914682682261855e-02
8.670391307701374312e-03
8.569477875859788166e-03
6.339095984186307424e-03
1.622238859778991904e-02
1.299763692987491830e-03
4.957116119436626514e-04
3.488282415366883351e-03
4.818338417201585566e-02
7.316621072013792214e-03
5.620688570315676182e-03
4.827646743697410620e-03
2.735408566305507199e-03
2.133469104640856127e-03
6.889730982175176419e-03
9.763460821205440301e-03
7.694531853583064587e-03
5.805422690468085671e-03
3.898555509014262760e-03
3.297877276218440755e-03
6.810057401208935435e-05
8.359441441571446862e-02
6.012705511546346214e-03
1.507181832318185352e-02
1.872495889073249459e-02
1.039991303466003547e-02
6.502245800947647862e-03
1.739803455935551649e-02
1.073324044960366486e-02
5.497508343302770668e-03
2.840075364809150835e-03
8.188945157625264828e-03
3.899711759643684911e-02
2.753908317237359696e-02
5.548249539193405092e-03
1.746943935365410580e-02
7.800418612573432019e-03
1.041969826308486273e-03
1.024992485589054994e-02
7.079771247006235238e-03
2.903707008141652793e-02
1.202471828547518537e-02
4.430887790429071695e-03
5.985951303372852653e-03
1.214081135705613081e-03
1.303974232678953293e-02
3.896191322442675228e-03
2.275611238676799458e-02
3.604894782562081262e-02
2.814539850818124737e-03
4.092727631345802891e-03
9.453572650382296993e-03
4.503285908737247878e-04
2.648850708732201908e-02
1.371563633094939269e-02
1.945293415488794433e-02
4.632089526515967282e-02
4.622162768660743881e-02
1.751095111231518175e-03
5.998630141672157967e-02
3.982165299916189290e-03
6.685294637595460415e-03
5.940766878886786367e-03
9.872474142378694778e-03
1.818906235408159280e-02
1.856020543391813209e-03
4.010644470158462351e-04
1.181753938200935140e-02
2.298707275462725380e-02
1.218918526465464537e-02
5.665022961940668206e-03
9.255180007244768591e-04
9.195841367233515903e-03
5.330617368995440274e-03
1.962605904927020549e-03
1.054940077458293643e-02
1.508687771344586863e-02
2.207988415806153102e-03
1.801098777744795237e-02
1.830096702504022121e-02
2.127742142333296366e-02
6.278256757245035194e-03
1.002068070231072403e-02
3.664785263604921142e-03
1.683026658934159633e-02
6.958638337387478695e-04
1.425617253541653501e-03
1.040488749789209716e-02
3.029140813513653274e-02
4.140406737321600944e-02
1.809462765618274904e-03
3.408126444411686828e-02
4.070115793872264819e-03
1.093734585410896260e-03
6.534836336268850902e-03
4.958031810424256246e-03
1.855742834051802084e-02
1.047137259307679563e-05
2.603907323641580472e-03
3.314168525450226360e-02
1.034290853469855068e-02
1.023900928349282761e-03
2.871382104086376424e-02
2.365121194135481539e-03
2.928430630207900023e-02
5.404535183968112687e-03
7.977692934860997412e-03
2.068839155305690278e-02
4.213447515454032261e-03
1.685384689707501021e-03
8.355891388949371681e-03
8.058857930380318793e-03
5.683112146376316509e-02
2.129226374757719337e-02
4.560030145435592028e-03
5.837494411515676065e-03
1.314246371161593464e-03
2.460161454973803195e-03
1.205184207050049444e-02
4.490687751562604836e-03
1.586818860688673366e-02
3.287349772990577623e-02
7.956747090517117798e-04
1.009435028766483486e-04
4.066324497278079458e-03
1.452984648185019420e-02
6.231701148087548381e-03
1.811422102738991999e-02
1.345533644080476252e-02
2.544800291824130239e-03
7.315079740266375481e-03
1.227379158685881766e-02
1.400295199438599154e-02
1.971103323138595487e-02
4.298032156896739592e-02
2.983626835570555094e-03
3.702271976596931830e-02
9.659345069626287111e-03
1.983257392788019546e-03
1.967900552173224016e-02
2.989261044166693741e-03
1.212991270123293594e-02
8.680056441624733540e-03
1.313865743183536411e-02
2.581687165129156747e-02
4.166166883765473616e-02
2.483842910395457799e-03
6.617688517562836381e-06
1.423318320549274603e-02
6.146632354188649727e-03
1.431316552920652331e-02
3.373206496440885049e-03
7.080886018548860142e-03
8.286956552143212931e-03
6.172740405418570588e-03
3.160796402601027608e-03
1.364030763134314005e-03
6.295563670731386778e-04
2.041093331756198628e-02
5.479407191029297790e-03
1.372684031616247871e-02
8.646497285070491035e-03
8.831967784867070020e-04
2.787672477957397338e-03
8.366193183167714570e-03
1.197916639015895318e-02
2.306075610765150746e-02
3.130551765218363581e-03
3.720628537006835657e-02
1.198386021640819241e-02
7.423182989959862740e-03
1.953256519322670026e-02
1.233762100781386067e-02
1.250431043174822336e-02
2.328970251670484451e-03
5.505477679893585816e-03
4.845002346591981840e-03
1.221964217533641657e-02
1.857234858816499828e-03
8.407990046979084420e-03
4.600499689410809771e-03
1.626966380058330382e-03
7.111530275637628629e-03
3.225917044544082853e-03
1.164650897282666978e-02
1.604654024567763251e-02
2.062964755251055216e-02
6.704458874964631943e-03
2.517885532856235092e-02
1.284516031013956897e-03
1.912805103747366314e-02
7.487344711589191161e-03
5.183367549189597800e-03
6.429151924167972321e-03
3.464648458424200023e-02
5.132092627147838426e-03
4.039015013216145158e-03
9.218651080953009502e-04
2.474206237989966597e-02
7.873381664292276177e-03
2.901022300444899490e-02
9.407519534992692112e-04
6.479002393385226068e-04
8.130049807464720391e-03
2.537019469430141626e-03
2.403370467687938189e-02
1.511713332725484263e-02
1.019670180320307595e-03
1.407243847111807125e-02
1.088839995308728097e-02
6.385538062882618014e-03
4.424213059802193336e-03
2.075853834180290715e-03
1.895748483630721112e-02
2.392767589371179969e-03
8.952901101319863178e-03
1.133039156158826763e-02
1.011824684753549926e-02
5.468075691960432028e-02
1.590953052105675142e-02
2.234542523931419902e-02
3.369762456167796783e-03
1.744733725620579642e-02
2.750614612875080731e-03
7.562796230464956249e-03
5.708863183729933830e-04
2.096596863463923849e-02
1.046500692982103853e-02
1.509247076277878347e-04
6.665476799679330606e-03
7.689724812697791220e-03
3.869287126388743989e-03
1.578740640756826075e-02
4.513507110419572727e-03
1.742161791949754096e-02
6.200503570987189392e-03
7.238858425501469920e-03
3.422074207777681121e-03
4.628627826276549007e-02
5.409040239329994566e-03
1.971679208747598167e-02
1.663843867956259898e-04
1.988955726132217439e-04
1.626051129422498992e-02
1.903017075140604752e-02
1.174155004225139499e-02
2.381537299718444051e-03
8.356526845448671763e-04
9.801821806017310679e-03
1.845542364328928153e-02
1.080102526383876563e-02
3.575072564274381012e-03
3.885226498981534521e-02
1.037239961675250587e-02
1.886359993035859051e-02
1.063003934419532587e-02
1.839932070827237157e-03
9.593765371437718015e-04
3.572277811433365036e-02
4.158391430098707514e-03
3.418681953982049410e-04
3.857866503676606225e-03
1.573142328572048679e-02
1.453055644040869218e-03
1.460480179328420280e-03
6.436296468302193236e-03
4.462656623073119749e-02
6.519425085910511911e-03
1.047701121801470660e-03
2.976899235270302670e-03
1.291380501653285710e-02
2.257454722166560984e-02
1.544124023881884508e-02
5.553868422536078174e-03
7.960148897093063253e-03
4.244862156021483868e-02
9.516844519616303108e-03
5.933076641212258438e-03
8.525731439161845712e-03
1.023816047145914045e-02
3.128268206535905760e-02
6.053727766907403274e-02
2.180207811994233982e-03
9.006316954285754905e-03
7.596431035837793513e-03
7.931780824357937201e-03
1.919280873736845666e-02
1.090133891337177058e-02
2.121310776636258291e-03
1.188820014422803384e-03
1.756104380022101979e-02
4.406160994465748576e-03
3.942534921776582289e-03
9.190679224710779707e-03
3.454736749800149404e-03
4.227293355387955198e-03
7.583709277784143020e-03
4.201258450640243253e-04
1.091185243541565805e-02
4.493152510413218892e-03
6.826827693996028769e-03
5.324272043605219815e-03
1.193647231963504418e-02
1.121683030143330768e-02
4.054114103301318175e-03
2.190822857052729389e-03
5.944617528406173981e-03
3.289860344863230340e-02
4.992244305349271757e-03
3.251295591357709729e-03
3.779790501550125970e-04
9.365585948070502802e-04
1.706823313385642804e-02
2.138425125201198762e-02
6.081268425167655339e-03
6.485226107384684663e-03
1.362417415843958021e-02
8.069517374723373868e-03
1.709335687276529805e-02
1.214536313566493518e-03
7.164814713893067309e-03
3.552133345135830358e-03
1.641546265978108265e-02
7.915632638429476522e-03
1.721558720527975594e-02
1.281989066800988050e-02
8.968602273966719968e-04
1.494130175526491196e-02
1.825633492819520552e-03
1.599285562301816857e-03
1.336453030965834010e-02
1.402098386838458895e-03
1.509881291574752780e-02
2.475472376491095507e-03
1.227605228742350077e-02
4.315645558236891506e-03
4.209832726052838148e-02
4.353358496005166507e-03
3.104166388167316215e-03
2.140006489359319412e-03
1.268757829411680960e-04
8.632745681633921878e-03
4.157345863024005349e-03
3.320108977817078609e-03
2.404449678961091685e-03
7.926949885934238271e-03
7.164971473138994143e-03
4.043395484608950513e-02
8.025748849602465720e-03
4.003023650766802943e-03
3.140974988702718157e-03
7.410093579255882384e-03
1.749228271890807679e-02
2.000278753212104531e-03
4.795553840158529174e-02
1.187035920982309860e-02
2.957706987989019293e-02
1.735405593365049737e-02
4.775722213304617499e-03
2.218237062662377010e-02
2.329960382384517470e-02
1.539101361701947224e-03
2.226237781320528075e-03
3.551633072635216638e-03
1.335355966419100870e-02
5.638753748028611096e-03
5.836531727433047663e-03
1.062061106802983726e-02
4.255652056299046027e-02
1.831983568319473649e-02
3.166622377880519423e-04
1.338535494577706986e-02
2.962505743915398726e-03
2.553405097554316272e-02
2.200248826011799372e-02
1.449730835793940770e-02
3.988312633733291472e-03
4.051477209163253934e-02
1.071417129687451258e-02
2.099976005062128420e-02
4.916610235991034084e-03
3.811873891083839005e-03
1.200155354302318358e-02
5.812515730173606343e-03
2.275083382843854501e-02
3.950906659572417379e-02
3.981325775731532624e-02
1.136630412673827681e-02
1.292879852939974629e-02
1.703719757760858988e-02
1.561796340693836702e-02
1.384114902743953900e-03
2.445722409551089657e-03
1.256199968859377869e-03
3.976149701656333732e-03
7.241012816752280187e-03
3.493908752289937719e-02
1.860570041640279351e-02
1.016150909136379760e-02
2.780505066135484371e-02
5.158082949150603891e-02
7.463655221202068410e-03
1.111134605589359208e-03
1.117397153498560875e-05
1.654506432509529612e-02
2.953801837382923762e-02
1.689515947867210183e-02
1.813684419783678781e-02
1.298753789602948711e-03
3.428089160964298276e-02
6.513648266101942919e-03
8.837708333150874618e-03
2.055016050939663039e-02
1.895259866479596022e-03
6.431302926876714121e-04
6.526843999432365047e-03
1.752141219202646427e-02
4.613740604065517947e-02
5.328911929222773791e-02
9.866838552850891106e-03
2.703231099402835652e-02
4.151742801034637165e-02
1.666724249351340600e-02
7.557825610465251920e-04
8.974263814732867661e-03
7.169266056329498885e-03
1.634347085949306583e-02
1.591361794992725634e-03
2.375009760556810387e-02
1.633441992594557648e-02
1.602698633904420245e-02
4.519938857440344848e-02
1.846495161811533697e-02
3.410532913725837154e-03
4.401405645651754878e-03
1.411129864324843844e-02
1.727286016794766718e-02
3.566502493623972120e-02
3.155590086259296798e-03
3.159435088765356545e-03
3.495883144015033382e-03
8.998383349946244281e-03
6.129110597374237863e-03
3.745421112458117985e-03
5.726341856019320775e-04
1.943505608560391548e-02
1.646750245515416627e-02
1.799656105074417872e-03
1.028281316362935141e-02
2.235782394819163521e-02
2.497160757974747208e-02
2.536202119590028840e-03
2.352264020221675120e-02
1.128937026439868693e-02
3.316567570628320416e-02
1.358189506333951080e-02
1.050809152744405089e-02
3.421675568204288198e-03
2.521655664044370262e-02
1.043675590023809656e-02
4.742792421922012100e-03
2.627643273017365652e-02
5.949927691937505377e-03
7.286481674202258292e-03
8.326232718817758172e-03
1.139939762445536797e-04
1.032487556222410827e-02
2.357177517813904832e-02
1.562589283066606258e-02
5.663031221369053958e-03
5.430351952307566066e-03
2.223434651250781862e-03
2.324917169573237352e-02
2.177202288303027589e-02
2.448948319058089247e-03
1.209698909953788037e-03
4.365585442981776212e-03
2.003484043668325720e-03
1.398816573773137284e-03
6.431387319828266516e-03
1.340017843457777351e-03
1.253771138850948846e-02
8.943811410770170778e-03
8.636809508248096887e-03
1.762730480257064525e-02
7.834659996795627704e-03
2.110803901178824604e-02
5.788679628390188542e-03
3.254171575894470713e-03
3.153027700757806903e-03
1.377822743026339489e-02
3.490465533329342816e-03
2.808214377105164652e-03
1.703142119198778476e-02
4.663385110974652137e-03
2.577451948825253136e-02
4.262876321447975521e-03
7.073502568940622653e-04
2.599866444389455078e-02
1.322893132103230250e-02
4.794518920554693975e-02
5.679315049675478892e-03
2.435330909750437183e-03
4.342666705811300265e-03
1.684074113421744900e-03
1.375668645518574387e-02
1.363887511154836946e-02
1.563054539884158739e-02
2.964960466093834093e-03
2.369642600810269086e-03
1.088832673123275516e-03
3.017162237186084978e-02
2.419079931237141934e-02
5.776915097310372088e-03
1.031516746478854107e-04
1.865886224461594731e-02
3.955866322919025097e-02
1.316745771546404785e-02
1.417609349512944164e-02
8.633204574990989075e-03
9.732565889434306033e-03
1.672332416984231504e-02
5.853412894386103051e-03
1.051463418936098362e-03
5.401764478514429341e-03
5.705660843475598813e-03
1.014760849317963148e-03
1.416809369500111014e-02
1.410837877694766720e-02
8.419207738439658112e-04
4.683459614560486067e-02
4.480317233732251589e-03
4.696090523999493782e-02
9.063585221599365031e-04
2.626237777743138137e-03
1.172085264949685249e-03
9.775142307100635405e-03
1.264775453519953810e-02
3.332940436903313042e-02
2.763036583980934754e-02
2.917416356927472754e-03
1.128509203394212476e-03
6.668824811579782824e-03
2.094607859105918762e-02
3.857117069351078537e-02
1.889263323002828010e-02
5.552271452424702852e-03
2.883396475056830555e-03
2.665525818691202170e-02
2.396085749783917820e-02
3.876263478317598220e-03
3.048288895116074704e-03
4.021497714385580818e-03
1.042374782357866243e-02
1.002166850834361120e-02
4.522716029838589474e-03
3.607644868288874263e-02
2.989934860589535046e-04
7.386710404137086100e-04
9.540105370513404792e-03
4.806433807423774601e-02
6.562804715317811267e-03
2.802803627191352911e-02
1.915146320511872634e-03
1.962455702378055125e-02
8.217482240819876105e-03
6.169029544587042481e-04
1.777520709702881847e-03
5.926977458623139405e-03
2.755738889524836366e-03
8.079389582944560000e-03
1.008312924441781035e-02
3.955895521207767121e-03
5.470626067469374840e-03
3.501525936513195242e-03
1.264564073117284068e-02
4.355999653896287967e-03
1.204657640109672509e-02
1.256754812144075979e-02
1.428892522794641962e-03
4.045383974267374033e-02
1.709871197398887127e-03
1.110703052432033752e-03
1.396785421548775268e-02
3.716451943973331923e-02
3.226599895560057496e-02
3.173178552307098776e-02
2.381180106181820383e-03
4.828737308865919953e-02
4.538903098720457885e-02
6.721306067850767348e-03
2.225545066553807211e-02
5.543635323105373935e-03
8.529358491846550372e-03
1.978292866601469302e-02
7.358654152801265193e-04
6.065299083135661240e-02
1.816288626537061052e-03
1.792398897000439806e-05
6.580330678228021174e-03
3.252775766270135302e-03
8.438905373303573834e-03
6.138878800320461768e-04
1.599812486045331522e-02
1.613699775998896080e-02
6.380526392168720320e-03
2.827773818324615974e-03
1.297355700252231930e-02
3.464133273737851279e-03
5.707961683713501724e-03
1.154705145242674799e-02
2.058909793472128540e-03
1.320393810339716249e-02
3.075136819373468396e-03
4.217652460229075889e-03
2.055091205503394025e-02
5.074435333150689731e-04
1.623948637385189825e-02
2.514801878218657014e-02
2.485508847025362164e-04
1.366601284156638077e-02
4.653391341878963285e-03
7.338684945625983599e-03
2.389629018515001049e-03
1.877631829788985185e-03
4.950397712424832279e-03
8.962873065300721101e-03
1.165716154843988474e-02
2.020000007737002279e-02
6.146893954773668609e-03
1.036108886268580654e-03
1.733083819771930392e-02
5.424890530309339765e-04
6.178433059282264096e-04
5.977312406206119338e-03
1.107685462807555220e-02
3.074463499636970881e-02
5.658596209973337874e-04
6.959831329583280463e-03
1.246059797037336707e-02
3.183244357024886222e-03
2.185053826255705170e-02
3.516845219282795781e-02
6.776800573019478580e-03
4.862400349163455322e-03
7.603034364097319836e-03
2.880524211416275043e-02
1.118165361794836235e-02
9.767976532894934172e-04
3.357267598781991241e-02
2.355797471523311468e-03
7.752304325972360008e-03
4.554904171721014389e-03
3.823013858882754953e-03
2.857326761952070325e-03
7.375362549556912888e-03
6.073729463333951218e-04
2.916710111973108699e-02
1.389979286882273707e-02
9.260103824363383543e-03
2.945801975394090472e-02
1.131874127396197832e-02
2.512547431307566442e-03
4.602798525194129464e-03
8.189801545906566504e-04
6.873905808228505422e-03
5.479822323480119071e-03
1.861942127076108427e-03
1.079252577311547862e-02
1.101247076053398465e-02
1.095742045205874877e-02
2.413984091003112259e-02
3.423507586706810157e-02
8.646776646566227756e-03
2.608363728951289262e-02
2.519694439378837580e-02
5.735831185726526435e-03
6.152185592174856145e-03
2.515473926188347906e-02
1.407644426678489324e-02
1.940359743534739861e-02
3.401407327120407192e-02
9.573614291119338093e-04
7.928245982235458331e-03
3.240323122608012099e-03
6.067989220052425262e-03
2.567890547752171935e-03
3.044864414661053661e-02
7.778308734573587124e-03
1.149645434071892500e-02
1.968736859675668249e-02
4.150803378182237914e-03
2.494780754707513412e-02
8.918922093803863249e-03
6.168595323315366474e-03
1.879035518002135016e-02
4.961217333800932612e-03
1.625019271127771392e-03
5.379030384069926826e-03
1.874918645441495807e-02
2.646339025983147214e-03
2.286018494599816736e-04
8.566185114975538237e-03
2.687568795854602260e-03
1.391780867635190357e-02
2.802612387625033272e-02
1.904938943994640907e-02
1.780268346864515017e-02
1.544084119740870035e-03
5.950017215116114311e-03
4.825753597186993767e-03
5.599412023415217474e-03
2.398196277820515560e-02
2.294050555965485710e-02
1.218491853816989915e-03
1.275941472914877452e-02
5.815877236833508213e-05
2.627346409830491614e-03
1.864507258561473590e-02
3.434998024375109094e-02
1.091519288640801361e-02
7.158265459475857129e-03
7.797946774059719144e-03
7.535851261837242521e-05
1.402240542818908656e-02
4.094616491035665828e-03
8.337828050066548383e-03
1.813353122897168324e-03
4.686117814218133081e-03
5.211521160574796724e-03
1.555151022394966800e-03
1.528039278266826381e-02
7.555418789686369624e-03
2.417195856174649427e-03
1.765474454453043289e-04
9.905867005458791896e-03
6.224672432167241767e-03
2.819224859650649312e-02
2.567580218559945004e-02
7.323876448365836643e-03
1.973200550320790281e-03
1.412024911566528255e-02
3.342568577982618985e-03
1.180026966796611163e-02
5.696535205924218616e-03
7.500296588595598522e-03
7.851025602835107545e-04
2.936809756231822943e-02
2.648492125379281296e-03
8.193644419437729268e-03
1.866308569345966756e-03
7.554103154552677113e-02
3.811196266592349526e-03
4.360982228769355248e-03
7.863137313109096888e-03
1.159210393151627327e-02
1.131972553350248621e-02
4.439503727757160984e-03
6.336340969685588104e-03
1.443369252786269033e-03
3.309495856017760987e-03
5.817180972345910306e-03
1.258394611359283516e-02
1.378247789226073579e-03
8.226096679931262784e-03
3.928940525422095278e-03
2.568895890540007915e-02
1.813454246327380476e-02
1.092686846609804141e-02
1.838233537419840108e-02
7.675327874200506273e-03
1.966749776171478059e-03
2.268281167290124491e-03
9.775266255155415362e-03
2.140857722258391899e-03
3.059369772059032655e-02
4.038613814110072683e-03
1.302093128960339283e-02
1.767375644481929131e-02
3.213635787962142165e-02
7.907570352402339131e-04
1.231765301645561077e-02
2.692275831379728132e-03
3.952870523792172130e-02
1.155181912830520463e-02
3.063249548834467983e-04
2.125086699590162526e-02
1.091588078367674436e-03
3.484715105808600111e-02
1.000053323110590940e-02
6.365811313531915573e-03
7.389230181169038209e-03
5.557828407631124935e-03
1.103518518514434027e-03
2.142297130010976935e-02
4.540710170350545187e-03
1.129079909480863904e-02
6.299063147133065858e-03
5.439927554907653118e-02
1.805987325689835388e-02
3.013128293532715829e-04
1.951978750485317340e-02
7.970595295435650360e-03
1.000859848400335178e-02
1.211437941496063334e-02
5.425291172279645899e-03
2.124886832295447628e-02
3.236312150975441393e-02
1.155722062733836181e-02
2.033230615736616662e-03
2.705483821022855104e-02
3.596579196497655308e-03
1.381544895216881702e-03
2.132320800318590615e-02
1.053014303120453771e-03
4.780916446217133020e-02
2.230824172790130469e-03
1.312498225664802606e-02
9.094450155438721373e-03
1.501586103070344166e-02
2.263723085290632320e-02
3.910087665558324189e-03
5.747892430747715380e-03
2.109218131811509828e-02
2.214261918174524613e-03
6.391900893393514388e-03
3.224789032167733188e-02
1.385511584630457274e-02
2.929234147758946749e-03
1.545531679957257501e-02
6.358270670367127675e-02
1.735169035205144303e-03
1.516651202159044216e-03
3.310406288051262469e-02
3.094275988486701410e-03
2.367666280261672418e-03
1.024353308517134305e-02
5.402140725347649719e-03
5.830611084645645828e-03
2.500245616535153037e-02
1.172403947086348569e-02
4.629447717931998649e-03
2.261177678753081149e-02
1.300487270461574488e-02
4.927087949305141573e-03
3.523192737151145670e-02
1.131048076048063629e-03
9.354831198710063245e-03
1.981614902984109826e-03
1.348312696543531655e-02
6.617643702002173715e-03
4.313947240640374214e-02
8.126863264833233264e-03
1.449667038200571495e-02
6.558974031345103997e-03
3.443936907151038535e-02
4.145811257865162497e-03
9.028591014129973974e-03
4.042359362783870536e-02
1.061991351217755376e-02
2.920082762349529223e-02
1.393985778746758414e-03
3.253470700461617154e-02
9.135582287340109769e-03
4.849840773036150077e-03
6.860306172371951824e-04
2.063901439397367379e-03
4.701614522052702944e-03
3.645276519337407525e-03
1.876218179445306514e-03
5.053227605510521477e-03
1.122587372978200299e-02
3.708652392885476538e-03
3.128665693847164364e-02
1.463166375616348214e-02
1.436704300003486048e-02
9.519635359292177856e-04
4.887847693000834520e-02
5.550231979789196912e-04
2.540234571919330192e-03
1.986300976688386982e-02
8.932643503159160697e-03
5.411216704524319035e-03
3.068647047103991235e-02
1.506961150213722428e-02
5.060157953698482536e-02
7.823441729836146802e-03
3.699495146241529170e-02
2.177959592492817974e-04
6.994632269173871320e-03
2.589412210015198251e-02
3.764784973272132344e-03
1.439839786978136700e-02
1.163615341358850697e-03
3.632728679872249122e-02
1.615954167407654060e-02
1.021373619521195181e-02
1.630510605259128179e-02
1.198493311190652194e-02
2.031038896578738623e-02
1.903511493413969496e-03
7.265892701927099268e-04
1.958878664504537168e-03
7.466655978075094867e-03
9.734502324862137970e-03
6.074166733826689285e-03
3.898925547514730389e-02
1.221612653662247985e-02
4.569071208217173607e-03
2.727236733789858286e-02
1.272409917718562988e-04
1.090655558415101756e-04
8.225192659749754054e-04
1.038788288584920061e-02
1.184415354975817264e-03
2.072507879338159054e-02
3.502684936134099758e-02
3.700246648652023938e-03
9.238897147585915098e-03
3.004405602705679731e-02
8.378836409455638415e-03
1.114755842961265807e-02
1.304650976935879669e-02
3.225137156405383926e-02
4.347755837702738796e-03
2.215662824243297066e-03
6.003868783658837527e-02
1.320101926919810958e-02
1.559541716334611298e-02
3.064839098403532996e-02
2.295753798001719595e-02
4.485012609519297908e-03
4.053644220331983905e-04
1.772142092514228384e-02
1.647565768443735000e-03
5.686357378303836564e-03
1.865964875649652605e-02
7.752384188659852682e-03
1.845369105178475133e-02
1.570957085295006384e-02
7.010634367203172346e-03
3.419009316696219880e-02
1.116993140703213469e-02
3.144644367742082704e-03
5.222026838366332357e-03
1.383136634181115002e-02
4.461865136575551838e-03
2.672010397404849663e-02
2.456218310101718552e-02
2.976468476427903548e-03
1.931442297256706284e-02
1.490553059626251176e-02
3.759506486964069027e-03
4.459811172072032127e-03
2.676670038813346378e-02
8.967207107417685466e-03
3.490581800562476966e-03
1.552512643442149551e-02
2.219835196966182117e-02
4.808899121523033983e-03
2.093346312195014033e-02
9.846662368588731534e-03
1.509370910369012102e-02
1.429052657616654374e-03
4.819279634210391766e-03
4.618303683880763469e-03
2.362231859663461303e-02
2.678399419902507267e-02
7.787621330505937502e-03
5.057773029037372983e-03
1.534157330013640949e-03
6.503037695316547101e-03
1.568691724180468899e-02
5.048292874518743589e-02
4.099088141466081248e-02
5.844825561717498577e-03
9.634761853762299072e-03
7.062956441423351439e-03
8.103920663376382172e-03
7.219043136743544947e-03
1.315211856507343506e-02
1.112802706392465937e-02
2.200012402450510739e-03
5.500462250916920287e-03
1.350019927785107814e-02
1.073922638788822256e-02
1.227774361736416048e-03
7.229179519563759711e-03
3.654440227288493701e-03
2.724372773102442039e-02
6.002879149084402316e-02
1.000893758289741857e-02
4.555396300578490668e-03
9.645626984261523873e-04
4.670612457991480532e-02
4.666678508037589920e-03
9.014483682722970390e-03
2.744636212868416594e-02
2.381744610733442166e-02
9.070634820697070361e-03
2.443464008145768140e-02
1.415092061745223040e-03
6.352800902965994971e-03
2.497671034343090790e-03
7.619051799373525655e-03
3.136957312788656027e-02
1.127625876642828970e-02
1.457202140259894474e-02
6.947476222068180857e-03
7.623400255452124526e-03
1.133376702926917369e-02
2.205090478437935365e-03
7.816625181883866263e-03
1.106522204353057454e-02
1.912239575166418265e-02
2.260956788029594433e-03
1.374974945929511791e-02
1.890773872645390430e-02
1.797480722105236281e-02
5.831178507647851936e-03
8.678359914109221767e-04
2.032123075282371572e-02
2.240014862369739748e-02
1.177308863194001520e-02
1.107930700106777265e-02
1.056436728093915721e-02
8.577846469546105204e-03
9.498519780362091325e-04
1.290893726372536760e-03
2.306453190049467805e-02
2.466482431874631592e-02
1.139566013906103542e-03
1.787679354508929508e-02
1.864544179156775450e-03
1.046441681480517888e-02
2.309805648104215625e-02
1.253318338201546769e-02
3.182976782666467348e-03
1.333458784396581061e-02
2.426488875895024128e-03
9.538734860207764496e-03
1.642648611064084080e-02
6.824068786760812723e-03
2.799554550814613643e-03
1.334910903307422181e-02
4.022127845232235238e-03
1.669662453691119625e-02
9.261238975896285419e-04
1.080760438158756380e-02
1.432109151372375558e-02
1.623593461354185669e-02
1.548759674420916062e-03
1.214150040585668805e-02
1.222940142371308457e-02
1.576948408451088468e-02
7.507501901555072542e-03
4.184399082424268904e-03
1.628093656569086500e-02
1.076977158309427168e-02
4.687093242356935550e-03
8.698911744679967140e-04
1.391441994456445869e-02
4.789272075997370523e-03
9.709560701035907168e-03
1.261157541781657461e-02
1.214835307727996560e-03
5.439450508192486544e-02
5.277270533680096520e-02
3.363211335178752006e-03
8.350395781329992065e-03
2.321133801555821247e-02
1.339012075206694533e-02
5.645535960284286253e-03
8.738104993036288626e-05
5.526212886417126297e-03
7.074972829090546769e-03
8.824328398197439638e-03
1.167089344525736559e-02
1.482649478400314969e-02
7.073293728328821327e-03
5.462914319226711175e-03
3.094366721605300991e-02
4.623985157758926656e-02
7.961867595688808252e-03
1.398962417333065450e-02
5.566218626956141030e-03
2.060377727437010670e-02
4.587983700468176856e-03
8.718444147198761533e-04
4.107908651664431143e-04
1.177572785917640856e-03
4.496611224190798922e-03
7.583438888174581262e-03
2.962822583791619585e-02
2.204235213252281854e-04
7.320657541984144576e-03
2.865164708018511780e-03
1.919639387923506579e-02
2.669944500871357373e-02
3.627208242202131783e-02
3.484300943848125161e-03
1.723224719297860794e-02
2.075998709970531750e-02
2.120881134838131440e-02
3.496594554311845127e-03
3.045382561547215622e-02
1.880694699760535353e-04
1.481616543576439078e-02
9.262185609040025913e-03
5.496250463064834141e-03
5.549930094812644508e-04
7.392779053911602109e-03
6.051614217910142486e-03
4.526648378451504813e-03
3.340710309393990496e-02
9.422253381796169558e-03
5.140616152950538281e-03
6.038949852385737567e-03
1.949187432563020570e-03
9.089091524445331444e-03
1.139017532358179222e-04
6.876896524475002020e-03
7.748920781168863389e-04
7.029617436828465918e-03
2.040647933873545369e-03
3.105666467856739443e-03
1.602805575763571050e-03
3.041581392670695758e-02
5.943333250291727744e-03
2.997297347771856260e-02
3.186150375019496106e-02
7.573196070630723586e-02
3.597889602651923452e-02
1.042763890208376135e-02
7.987607441356587429e-03
6.284759116098015755e-03
1.635015714281122176e-04
5.167422880043561970e-03
7.872987763688331017e-03
9.819399008139714086e-03
7.827922807414894671e-03
1.548651838925031721e-02
3.462447494716296148e-04
3.597685047673244985e-02
4.916285133752947359e-03
3.810720601865465532e-03
2.760629670672371666e-02
4.300696211457228149e-03
2.936529118139154064e-03
1.638998251032959541e-02
1.780560325933310331e-03
8.649275279510476935e-03
9.281309355708801997e-04
5.092380877562022699e-03
4.046450413392422771e-03
7.227723513265242941e-03
2.361945817020684457e-03
1.974302797302252346e-02
1.237464901148771675e-04
2.187772826629779191e-02
9.074516382781036387e-04
1.600470938789314013e-02
2.029704040094566439e-02
2.721018464564349537e-02
6.179883311138956344e-03
3.286391481783984547e-02
5.674140424826305470e-03
1.905030338419303262e-03
3.739152908108370546e-03
1.709308651636507609e-02
5.677520392653092468e-03
1.486160230394290710e-02
1.920942671014142303e-02
2.369255896514534110e-02
9.297575771203582529e-04
1.091512775634345678e-02
3.123352342559481028e-03
2.537232736876628234e-03
6.372114021350100193e-04
1.767090016841156314e-03
3.188810081763862429e-04
3.300375664319866315e-02
6.560393771791355952e-03
2.756193963091322502e-03
1.559490351031422688e-02
7.241205980966237618e-03
1.473706226663542077e-03
4.240232419992153064e-03
7.001660500665493267e-04
2.659705461965094359e-02
8.677312322614840617e-03
1.757973280702223445e-02
1.008734246410934905e-03
2.173967423279448904e-02
1.093147097255350300e-03
2.745717478688748658e-02
2.930042721299216946e-02
1.493611905999446890e-02
3.943742700921725255e-03
9.150029809428954913e-03
5.780353320235350617e-03
5.025138376498017312e-02
3.077798321699264095e-03
5.027545717049596019e-02
1.272643269578066158e-02
3.084941099741484935e-02
5.236975534031466234e-03
1.504948627830413749e-02
1.048487155117039295e-03
3.227364658087370983e-03
3.602254440203569823e-03
1.383911331867081207e-02
2.075497968738506012e-03
4.501026896335885708e-03
3.401564272157304655e-03
1.475732682635504806e-02
2.565137862078580369e-02
1.629730397354413503e-04
5.902756380891965209e-04
3.972063250844783816e-03
4.181054736382788968e-03
1.662750788682160891e-02
2.160619103776646732e-02
4.176309405547322731e-03
5.366793595824813877e-04
2.121522298246881350e-02
1.055527773062205771e-02
1.710847394231691451e-02
5.304494853513812280e-02
1.951189434867030281e-02
1.419700132324364615e-02
4.715548605538624413e-04
4.448334767616598726e-03
1.153236473374065832e-02
1.240107878056522298e-02
4.197539016149665070e-02
3.773083743091527539e-03
4.141190580558594576e-03
4.514361957280828980e-03
3.320816718958281150e-02
6.660163918488054037e-03
3.415775596431412306e-03
