2.846816498068294524e-02
6.845291531728223827e-03
2.988883488089987689e-02
9.862565596468557405e-02
9.618926067040957373e-02
5.871822241064703074e-02
1.279043600693778593e-02
1.030810201879890642e-02
6.430105475945294136e-02
2.010409034900724132e-02
2.026654139040268143e-03
5.659126791413613550e-02
2.482614428133743389e-02
4.824438858625481469e-02
2.921163605192962295e-02
9.428027484354471743e-03
1.209466638846891894e-02
1.696736145659442918e-02
1.817088317984338203e-03
8.861690132998913116e-02
2.251496044002550267e-02
4.958003869894311161e-02
1.213951908945057855e-02
3.334019473439503445e-04
6.779392421340042774e-02
2.137235427438637439e-02
2.824291423098477388e-02
2.960907087579950012e-02
7.332347776595735112e-02
9.088026142742136604e-03
4.286865462640975649e-02
1.914288139720005111e-02
3.724506279134980058e-02
7.850993312963556667e-03
3.295970414030249818e-03
4.886419403538916351e-02
3.836451110625531402e-02
4.498500762910397771e-02
9.813217506502339149e-03
2.769301742710823452e-03
9.087753386531276234e-02
1.414546460841683076e-02
1.703385462498933217e-03
5.196288186346487148e-02
2.277384309596339543e-02
2.635650251499108143e-02
3.250266719285344053e-02
1.326069637971096990e-02
1.093819597957781248e-02
2.679204383119082253e-02
2.988094485007679151e-03
4.362539019661410000e-02
2.117552549630596220e-02
4.722015685062560392e-02
1.298976832171977111e-02
3.334019473439503445e-04
6.491302580470120764e-02
1.902970623912762435e-02
1.548812712448927389e-02
4.804892787899568002e-02
4.016636533387307056e-02
6.576596240105054419e-03
8.774769567065479614e-03
2.111159582243511690e-03
1.623276780674530462e-02
1.130319178096979293e-02
3.836757390192095316e-04
4.134122705414133153e-02
2.165939220351110334e-02
5.983666692654105584e-02
2.242262002215944516e-02
7.963425593969078453e-03
7.992109323118748443e-02
1.311147313125982962e-02
8.025020795513586325e-04
1.191677120866838080e-02
2.166978878522444682e-02
1.720587417920371037e-02
3.840267550015299264e-02
1.174364966247619380e-02
6.779567065484163463e-03
3.785011675934721320e-02
1.767964154389223275e-02
2.069691029240700725e-02
1.924361606864305463e-02
7.051522301344866073e-02
1.011944909807021425e-02
3.334019473439503445e-04
4.318924194171672171e-02
3.179595395047125211e-02
2.018312696204055748e-02
2.278060223015827834e-02
3.479759188312478435e-02
7.538013992504366545e-05
7.886492594932226902e-03
1.238743200393500367e-02
2.000275227902210268e-02
1.274330647264788896e-02
2.482198753916082905e-03
2.513695975247184911e-02
1.716292858308995570e-02
3.213145960599054357e-02
1.603525685577239512e-02
2.924127747610250072e-03
4.839009344821832564e-02
1.279641674546094440e-02
4.083667632176146527e-03
2.892387932970509612e-03
1.931571007815444455e-02
2.101990083036760562e-02
3.870646252924202918e-02
1.051011675341293611e-02
6.397474704940998153e-03
2.923650108888903310e-02
2.844990428923830847e-03
2.847736017931995489e-02
2.111092432485271730e-03
7.185132131705868064e-02
8.382738695802352188e-03
8.054283410571584298e-03
3.847543900317132448e-02
1.373514616017128265e-02
9.689528384485395981e-03
2.037436359583289988e-02
4.844072828520062934e-02
1.287328971820650425e-02
8.446682427013723488e-03
3.223299879565412474e-03
1.817692718456065393e-02
1.406237744304904801e-02
1.354033637143339103e-02
2.090370224603173635e-02
2.980419384417398038e-02
1.377279153239434339e-02
1.484396398803899085e-02
1.149379490726770703e-04
4.630694386546763130e-02
9.492072960607514376e-03
5.749331691635349573e-03
2.809626084752222565e-03
1.715716601431854782e-02
2.253621189267643321e-02
2.942382478361615233e-02
9.830704080068825707e-03
7.169831759185564882e-03
2.923650108888903310e-02
2.844990428923830847e-03
2.762834009920256406e-02
2.111092432485271730e-03
7.478117359692793009e-02
9.230217832513498005e-03
1.292580628932563612e-02
4.624891002455289168e-02
2.145031602002724080e-02
5.327902980466139513e-03
2.418017928575576236e-02
1.041507285784438186e-01
1.003053196197019672e-02
9.549599688773535364e-03
3.223299879565412474e-03
1.817692718456065393e-02
1.870688353422967146e-02
5.058704222788479310e-03
1.657352520367796553e-02
2.980419384417398038e-02
7.584137824688906918e-03
2.256678922885804045e-03
1.149379490726770703e-04
3.012226818688741245e-02
2.447503211488604932e-02
5.102425319827758737e-03
1.230947391835332701e-02
2.893124488070424744e-02
1.654826011723628532e-02
4.415244361947626150e-02
1.259009702546948044e-02
5.245260140701705348e-03
4.278458152217405087e-03
6.273471030167450217e-03
4.470287408775151794e-02
2.111092432485271730e-03
4.120318128508866640e-02
8.040648004194513726e-03
2.071615869117653108e-02
2.867243586010764789e-02
1.865860367219625282e-02
7.041077466056807482e-03
2.418017928575576236e-02
1.041507285784438186e-01
1.270111509870846395e-02
6.082407615347819319e-03
4.776834744333246716e-03
2.319972778724487678e-02
9.450012579365427851e-03
2.868766545946616064e-03
7.074334112631359799e-03
1.391601712728519902e-02
1.068522283594455086e-02
3.311632850513665689e-03
6.660152875821853322e-03
3.413813732712359106e-02
2.803647266137133595e-02
2.140123770362777761e-03
9.008243711753060115e-03
2.893124488070424744e-02
1.345127355306421912e-02
3.909532242835758731e-02
1.296815612505239010e-03
4.449354266420103843e-03
4.361259788522978825e-03
6.589860262138650532e-03
5.740929230168228398e-02
1.322216928392700927e-02
3.266494235862693607e-02
7.913726000664008178e-03
2.044026792339211779e-02
2.867243586010764789e-02
1.072786279260227321e-02
4.547922792555562227e-03
2.243885874411780806e-02
1.030662965240318057e-01
1.696648811022582679e-02
3.132102493022002887e-03
1.636264053072134655e-02
1.546305621662704202e-02
4.871624369008621148e-03
1.015574690419295684e-02
7.689727434301874345e-03
2.125822328652034535e-02
8.272590627502034513e-03
2.808713311402536578e-03
1.645873507041595296e-03
2.745816776287506034e-02
4.202247978371508041e-02
2.140123770362777761e-03
1.795055124448119432e-02
3.041080932231442560e-02
2.593100474120794627e-02
3.105206563450251672e-02
4.277253874372760785e-03
4.088205346254149622e-03
1.037412846580822168e-02
7.463303164139189344e-03
6.841543645710937427e-02
1.322216928392700927e-02
5.013787498910103613e-02
8.897723976468412815e-03
1.914402287235742947e-02
2.810214091703114314e-02
1.443315724599494171e-02
1.660124009672987039e-03
2.159796536143355344e-02
6.823053806792467313e-02
1.307766587199987035e-02
1.114639934890714230e-02
1.733936273907098896e-02
5.030446167239214714e-03
8.697605256684438207e-03
1.888774155594411669e-03
7.771905726954725542e-03
1.745282326550752494e-02
7.332600139175969242e-03
2.608553708570972730e-03
3.207557308717574711e-04
2.188030859648766591e-02
3.146145675392771068e-02
2.140123770362777761e-03
8.936512777472874897e-03
1.850894539550460710e-02
2.797089080930359462e-02
5.593135857507386399e-02
5.906390052881526492e-03
6.809622203476507762e-03
4.236929310688971467e-04
4.964773434954770567e-03
3.618304045065622032e-02
6.687398749339878989e-04
2.396517791667101410e-02
8.897723976468412815e-03
1.072235202958774641e-02
2.869958713682919590e-02
3.270985431995426101e-03
2.496005015146340270e-03
1.417738352722015989e-02
3.258002739986874674e-02
1.374600709722883021e-02
1.038517365068065273e-02
1.611781785407910561e-02
1.251867508085466318e-03
1.817319637458574000e-02
1.264116992093847203e-04
7.771905726954725542e-03
3.586864856856212397e-02
2.308013656228561847e-02
5.403762829170946635e-04
4.461810575457641906e-04
2.534115185330589742e-02
2.207237775346790679e-02
4.734887571537811993e-03
6.732126174464426148e-03
8.737957502277649349e-03
1.800378899493157436e-02
2.416014945169329270e-02
6.286181012019912903e-03
6.958170613857908582e-03
4.236929310688971467e-04
3.121652758337405392e-03
2.269509823035972818e-02
1.290849979181199394e-03
1.547678652344422479e-02
4.265730323203376084e-03
3.617024039089020149e-03
3.012015053118281827e-02
1.403338209612599134e-02
3.803260311403257061e-03
2.030116953339645633e-02
2.344028718656216564e-02
1.462607410490001161e-02
7.409241270683973937e-03
1.858727669630705695e-02
9.337177367778125119e-04
1.744950492126266101e-02
1.264116992093847203e-04
1.043706757530502537e-02
2.541158117255982313e-02
2.460067876229417999e-02
1.444345288982859868e-03
1.599235590848309407e-02
3.055234309754344471e-02
2.207237775346790679e-02
1.355290048523051342e-03
6.567317139090439286e-03
6.473935090662415182e-03
1.742097523599631104e-02
1.335452734095787103e-02
8.970714742890569665e-03
2.173576363188636264e-03
4.236929310688971467e-04
2.568312303247333173e-03
1.673371295494345892e-02
6.598240134291845881e-03
1.999897956510926153e-02
3.962608411596920885e-03
1.802757381589980851e-03
3.780068842718225380e-02
1.269311522613307194e-02
7.974800350400126220e-03
1.879433946928590546e-02
2.835223593277544016e-02
4.400109867619045323e-03
3.360088916787767020e-03
1.670307683929229611e-02
6.953246908323796119e-03
1.222368623862989979e-02
8.254941562977172491e-04
1.254752737543594898e-02
2.562430655312726568e-02
1.183951742701623566e-02
7.679345200532657068e-04
2.327137424801090787e-02
2.343965784115461387e-02
2.046430588918745838e-02
7.624933362283554256e-04
6.567317139090439286e-03
6.170622708127279643e-04
3.228427454673048203e-02
1.297694132819279464e-02
1.689222337597810070e-02
2.173576363188636264e-03
4.660126508298525344e-03
1.797975567968865349e-03
8.563678252819485748e-03
8.261891296720679650e-04
3.529536091818770427e-02
3.956149926544844271e-03
1.397109639538862517e-03
5.290868200385231979e-02
2.710108493584961233e-03
6.486204405812837082e-03
2.006838157815545379e-02
3.008955578279973869e-02
1.225840551835946646e-02
1.479349278271632762e-03
1.951164409571450389e-02
6.953246908323796119e-03
6.004603329404603271e-03
2.627556884452295766e-04
1.329659951438762720e-02
3.153374183963740529e-02
5.468825825486118772e-03
1.904110488242247851e-02
4.622414114964731174e-02
7.687878876051737476e-02
2.187398098539826419e-02
7.624933362283554256e-04
2.288309861452432481e-03
1.838765721159668892e-03
4.171828619918646619e-02
1.311626807091947899e-02
1.935406780604738072e-02
2.173576363188636264e-03
1.374677518739379940e-03
2.420116533035391367e-03
2.498519154446061236e-03
9.561810078304209485e-04
1.739459333298433441e-02
2.912679652336686020e-04
1.218483931740798817e-02
5.290868200385231979e-02
1.559872617952934304e-02
3.135658810180193268e-03
1.413533529950479657e-02
5.037144084811015499e-02
2.013269355466842242e-02
2.780793078753055012e-03
2.177113872097802272e-02
6.772456320071895686e-04
1.043368070984451029e-02
2.331454167595906068e-03
9.022297457913532048e-03
2.680546592440189932e-02
5.905988374956603996e-03
5.660852356093868873e-03
2.246374759903569523e-02
6.692668621792061123e-02
4.029856342212622539e-02
1.266734517052775857e-03
1.997250933262370923e-03
2.513121306908671325e-03
2.998126493004237697e-02
1.864807850889271118e-02
3.384914979416993319e-02
1.179420762263109004e-03
2.977561509051884076e-03
1.357846245475573038e-03
2.498519154446061236e-03
2.094232264090007366e-03
1.751696382011410508e-02
1.223198207962062495e-03
1.218483931740798817e-02
5.230866026929163054e-02
1.793912736350254666e-02
3.135658810180193268e-03
1.413533529950479657e-02
3.626395424600884626e-02
1.125514457871168612e-02
4.187917305064401893e-03
2.177113872097802272e-02
5.695979680281734042e-03
1.079929487001595780e-02
4.297333712185567867e-03
5.395282280052111218e-03
3.484449063676403613e-02
4.964484405806280851e-03
4.140487134070161210e-03
2.565453190315713367e-02
3.200585843362081795e-02
3.325077808519710798e-02
1.365611399202002266e-03
1.172028995566652340e-02
3.672830125359665548e-03
4.149122105630369262e-02
9.021206754786945115e-03
3.582857177726507525e-02
6.025594583202167551e-04
1.080688697621700819e-02
7.652626661124172381e-04
4.906630880140139955e-03
1.164253414394201408e-02
2.717279866568680230e-02
1.292253769721651152e-02
6.943021482343596229e-03
4.324544869724429585e-02
1.804629923243410150e-02
2.849887316006008420e-03
9.468202463478165784e-03
7.273705832490262591e-03
1.227384859556976751e-02
4.187917305064401893e-03
2.177113872097802272e-02
4.249933176713426887e-03
1.124128056868701694e-02
1.004922780631949814e-03
2.541847687959337358e-03
1.406627644736343531e-02
2.452696633295854862e-04
2.137285769952649867e-03
3.779559154535504228e-02
5.668790389330664869e-03
1.955632423927863156e-02
5.266631774198799604e-03
3.390364114075283819e-03
3.133920225461538436e-03
1.616551226542752365e-02
1.246802191975875801e-02
3.857402020932011733e-02
2.623094517514168965e-03
2.103689589733484175e-02
2.795585931061816791e-03
1.805115056089000303e-02
4.000202991251646314e-03
2.717279866568680230e-02
1.000843058216378985e-02
6.943021482343596229e-03
2.393376914679807427e-02
1.804629923243410150e-02
3.249171843612859607e-03
1.618216908801696453e-03
8.055512515131027160e-03
6.085677471851997852e-03
3.106024953270805373e-03
1.476072629448690367e-02
2.082871944458444423e-04
1.045447811937320198e-02
1.134969663770318132e-02
2.973563998785806045e-03
2.646259721665370282e-02
1.899887791216441166e-03
5.142699511308228971e-03
4.368985040163117506e-02
5.499515637301751608e-02
2.040715931019481191e-02
4.616669319622224849e-03
4.476183259475989204e-03
7.394632691469990582e-04
3.980897721618668894e-02
1.662486094717979118e-02
2.434586464091889266e-02
3.067847677704221149e-03
1.023881756340544284e-02
3.319315648844297067e-03
2.264461486587667632e-02
2.319744375697352021e-03
2.828922890337763965e-02
9.231371865583704039e-03
4.834208394440615147e-03
4.418630985795175825e-02
1.536691236130559648e-02
1.857379534804941626e-02
1.282748513267022855e-03
7.150350911590167696e-03
6.085677471851997852e-03
3.372265071812023500e-03
1.370060067431841909e-02
6.126250842613943648e-03
1.647433712442939249e-02
9.114563487677914549e-03
1.775895887975049992e-02
1.341208373877016136e-02
4.749331420838300705e-03
3.231830604924547726e-03
2.972482648806748159e-02
5.955787407033175801e-02
1.545179899958923873e-02
1.196357879861512097e-03
8.943157041516928973e-03
7.940683312863277415e-03
4.607744533346340432e-02
2.330851443391017755e-02
1.805146226996620293e-02
3.168096820984635763e-03
1.023881756340544284e-02
3.722887855880641344e-03
1.745529611514803556e-02
1.636181736170251935e-03
1.128814974217987217e-03
3.137348649509177217e-03
2.607744300499500664e-03
3.867308797521737396e-02
1.381670830705665313e-02
1.025392625895016167e-02
7.233077876953129988e-03
7.339240410929107061e-03
9.666900562555447510e-03
3.169116492248328070e-03
2.598008034885647410e-02
6.126250842613943648e-03
1.496433624803646806e-02
1.941802768518598871e-03
1.051177048039718918e-02
9.250609274127671866e-03
3.890992092396878144e-03
1.605707636292327475e-03
2.164918401950952781e-02
2.954416530137524838e-02
1.975479302939298770e-02
2.216274408477839075e-03
1.650392550363717972e-02
4.642337577995493333e-03
2.580285183464095522e-02
1.890755807503937888e-02
1.828833780147266080e-02
3.168096820984635763e-03
1.332500190772216778e-02
7.230767381186342831e-03
1.313572526202592267e-02
2.665940482323948032e-03
1.263813630562877176e-02
1.290179341550637925e-02
4.910634222754063985e-03
2.081818327872042226e-02
1.317594038941611277e-02
7.925601672730125946e-03
7.803337295979326585e-03
1.029583437044955495e-02
1.709339130959849559e-02
5.420172640240748449e-03
2.278212366010178014e-02
1.734540639956139857e-03
1.776101091405787175e-02
9.480502894426985627e-03
8.404550630275939294e-04
3.302476057295961314e-03
4.548172245242322609e-04
1.415190198707487294e-03
2.394895392258502079e-02
1.858771549929715688e-02
1.000603758874641508e-02
3.283577920751954045e-03
1.855280565996394668e-02
1.165698440882975695e-02
2.947742966121871810e-02
3.053386358157728075e-02
2.141509305273627678e-02
1.195860064815751703e-03
1.324925429356184001e-02
6.262155070363897152e-03
1.309986436693788732e-02
3.667384811509709353e-03
1.263813630562877176e-02
1.222799808709369197e-02
5.975888532627796415e-03
1.122387738854418136e-02
1.240689454903248258e-02
7.050415742729923552e-03
5.961152767454713439e-03
5.480747188225471890e-03
1.365996537609653200e-02
5.420172640240748449e-03
2.278212366010178014e-02
1.181216350236338926e-02
9.839556300017558710e-03
3.490674006675813582e-03
5.624587156828717016e-03
4.391379667119367503e-03
3.534230997379367756e-04
1.415190198707487294e-03
1.901455614510821207e-02
1.818137073342562804e-02
7.996987331471553870e-03
4.856763919272217428e-03
1.222013799210202450e-03
7.301674920544367481e-03
2.737710124844992821e-02
1.329312102782616301e-02
3.941514556823945414e-02
9.188460245426995424e-04
6.369612258804707022e-03
7.038958699672904357e-03
1.291984421829601645e-02
4.145775474539204787e-03
1.259558313523565475e-02
1.674968468549300690e-03
6.093847980816429269e-03
1.228775898857948148e-02
6.634559432959243920e-03
8.635588345932899978e-03
2.269320441504013488e-03
5.480747188225471890e-03
2.016285983520636413e-02
5.420172640240748449e-03
2.278212366010178014e-02
9.202709700215123620e-03
2.616706120819564749e-03
1.888212738028236838e-03
3.807281665085630699e-03
4.181298168420646312e-04
1.685882258909907061e-05
1.187942475681590462e-03
1.903627020753317911e-02
2.023926902922594181e-02
6.012207898554233071e-03
2.403935011966073371e-03
7.982787463433824171e-05
5.433398281909482611e-03
2.138737378116624399e-02
2.718233283942686485e-02
2.641028837734948898e-02
3.589223248465582203e-03
9.252562870295355513e-03
4.777894947146120626e-03
1.023517508633700265e-02
4.119389855542932716e-04
1.557900075299655657e-02
4.002400624758151171e-03
1.274200888761197782e-02
4.414261019548212060e-03
6.374524385926401415e-03
1.726984376987824102e-02
3.240021569652903888e-03
1.113008263733689801e-03
1.600847964913957450e-02
3.187845665925607540e-03
2.278212366010178014e-02
1.332423959008345593e-02
3.477893859475880787e-03
2.475656378212299710e-03
4.100998749315866096e-03
4.181298168420646312e-04
1.837968496504811811e-03
8.277797285866664257e-04
1.411866193026256079e-02
1.507200912232386711e-02
9.438862212189404188e-03
4.583082931132386947e-04
7.982787463433824171e-05
9.334282762009578002e-03
4.478561017614958450e-02
1.140810332803026544e-02
2.321836395126842395e-02
3.116806300172516794e-03
6.258081626755026758e-03
8.168840871335276629e-03
1.886408544708487872e-02
9.771968495031185115e-04
5.390219385682452902e-03
5.419009641441678224e-03
8.195168225420856531e-03
6.074555078834051845e-03
7.144495681115408704e-03
1.410818311589267376e-02
1.722997599408570939e-03
3.286289118930221104e-04
1.091392727095338855e-02
9.451094607568121192e-04
1.679264848922717643e-02
1.898322977185738086e-02
5.853934469179655070e-03
2.188799758928656851e-03
3.986096908896653856e-03
1.642274614165822573e-03
3.225147988832136221e-03
2.635770352076361941e-03
2.629215274114206358e-02
8.414008452363230806e-03
6.295341893449608005e-03
4.583082931132386947e-04
9.955430421079323675e-04
1.370670542773831657e-02
3.523891181439593040e-02
5.474447212398489762e-03
3.165335697306152773e-02
6.195324441444292896e-03
7.942891398620095800e-03
5.847479330540162126e-03
3.070213736679732949e-02
7.644999297328001174e-03
1.179178433713891751e-03
5.174029468722871408e-03
9.651330056424987577e-03
4.929157599288280442e-03
8.679475481318097221e-03
1.568976008245190346e-02
1.082257298754499969e-04
7.910424012083411630e-03
1.100026510116359699e-02
1.851040717378990390e-03
1.664984364998880334e-02
3.148248036478085154e-02
8.742321712315294369e-03
1.819251840130983386e-02
1.049477301289510425e-04
1.642274614165822573e-03
1.300119964334419146e-03
3.485694070284570817e-03
1.375979594606135253e-02
9.514523554200293720e-03
3.492660869252961139e-03
1.482351321641861563e-02
2.037913967676599145e-03
2.431912154024758188e-02
1.238664344685577214e-02
4.045679061657737885e-03
1.812911019818606514e-02
7.221239563061394341e-03
1.165832657960855397e-02
8.342294457301016597e-03
3.278094236649409937e-02
7.585842000213845193e-04
1.179178433713891751e-03
9.077553092972812099e-03
1.146854421094177512e-02
7.762817198589171998e-03
1.113447591445691082e-02
1.568976008245190346e-02
8.582704362192683425e-05
7.910424012083411630e-03
2.294798565057662096e-02
2.651408066939042046e-03
1.146166802141262292e-02
3.908033644610864332e-02
5.159507248891432446e-03
3.237780678239821075e-03
7.696717431135279008e-03
1.768174039724471069e-03
5.814373434008202057e-03
6.278357303050150981e-03
2.392062052351322937e-02
4.162895688233513372e-03
8.554377347794756697e-04
1.709438521306404224e-02
1.006075313744670546e-02
3.356865804127625447e-02
1.321592623157104296e-02
1.002016329949039289e-02
1.894835752916975563e-02
1.629807405285121913e-03
1.192684362252597816e-02
4.111996460869363212e-03
3.247976363125243404e-02
4.077104826504648807e-04
1.179178433713891751e-03
9.077553092972812099e-03
9.366110671913358693e-03
8.484204890000322102e-03
1.813551580486928109e-03
1.837550596371892789e-02
3.841774633916866105e-03
4.180209507323878054e-03
2.912489699168131080e-02
2.657740820269752745e-03
2.854166822143681254e-03
3.908033644610864332e-02
2.221525073329204923e-03
1.526066742753636601e-02
3.040571579176126055e-03
1.074843030790488888e-02
5.788220106972873438e-03
5.654410424180895609e-03
1.537652914429169307e-02
2.512947623320331732e-03
8.391760632620770717e-04
1.027222913467707582e-02
8.245092872997229067e-03
4.168651381695120950e-02
1.471931277749533550e-02
1.119415906622692886e-02
2.092766372673243724e-02
1.629807405285121913e-03
7.684606076896116286e-03
2.531021324645237394e-03
3.156438891805993241e-02
4.077104826504648807e-04
1.179178433713891751e-03
9.654340540337881180e-03
7.601918022974141730e-03
9.304537044954553845e-03
9.655485953542297748e-04
1.510179083517735471e-02
9.258535309593491497e-03
4.180209507323878054e-03
4.244703642459822512e-02
3.422746544199818403e-03
7.990111128503014915e-03
2.425651345868311271e-02
2.221525073329204923e-03
9.059268515588254911e-03
3.144295814366792827e-03
1.318812473717625999e-02
2.759953688120012245e-03
5.654410424180895609e-03
1.902456055557329856e-02
1.361962419923192988e-02
1.150396970045438824e-02
2.248426208502768420e-04
8.245092872997229067e-03
4.168651381695120950e-02
2.875086824056125034e-02
1.532725748440557506e-02
1.591824016614013654e-02
1.520210823694369447e-02
7.100184563244316474e-03
1.300067004473448758e-03
2.559794612102223726e-02
1.523411188017103745e-03
1.179178433713891751e-03
1.242069106338318171e-02
7.345489669022581443e-03
1.164463986032275924e-02
1.148174355301625213e-03
1.811242482377372828e-02
9.260394464190441211e-03
7.036018764250051051e-03
3.406455057112280776e-02
4.268071185179676298e-03
3.104803449554556505e-03
7.404315132576069769e-03
1.796330276084645225e-03
2.743007963898948937e-04
6.380986104427065903e-03
1.374844711524840848e-02
2.539370280868303437e-03
1.219368897177470004e-02
1.075217375458095530e-02
1.362110621603271864e-02
9.823184389541717021e-03
4.589098830570100332e-03
2.503834367981978143e-03
4.643139053674793376e-02
2.464054652201204051e-02
1.540177740285278256e-02
1.480418363686068078e-03
2.101290048471182031e-02
8.696458343393493121e-03
8.846319973844331622e-03
2.559794612102223726e-02
1.523411188017103745e-03
2.085952538348003621e-03
1.173482080280336196e-02
2.254387562956924190e-03
1.597777260938814531e-02
1.280292496116202175e-02
1.709096849012369315e-02
1.014420469351685547e-02
3.625660167434693881e-03
5.130236381157091130e-02
1.595220440198453701e-03
3.104803449554556505e-03
1.274720799172165617e-02
1.630796016979771043e-02
7.375758391305999376e-04
9.898009166557865737e-03
1.094205485196707815e-02
5.193226746298995264e-03
1.219368897177470004e-02
1.075217375458095530e-02
2.012054644348153926e-02
5.701820180193021767e-03
4.793075590326415295e-03
6.174994520729368969e-04
5.815259105320619293e-02
2.067177617238953602e-02
5.832497253063436554e-02
1.414659560194712635e-03
2.087379750486757085e-02
6.140173540656060358e-03
3.583450604152707553e-02
2.071382000336621787e-02
1.323860278956754235e-03
7.347919408188921531e-03
1.633931592638721009e-03
4.668784693651172567e-03
7.601143948029881470e-04
1.232380432088391736e-02
1.841653535917221404e-02
4.886730130219851115e-03
1.002293958146613286e-03
8.850026062171033325e-02
3.483522221402895330e-03
3.881021860018733435e-03
1.290518547637107237e-02
1.503759905598537130e-02
1.317138609652446397e-02
1.832021534246369709e-02
1.232278271600337552e-02
9.948517264400014506e-03
1.470863226654195617e-02
1.050284929351798235e-02
1.572297636210257671e-02
5.015442072970300105e-03
4.595151803755935516e-03
4.131125683789454994e-03
2.748688793168248962e-02
2.145420193494203959e-02
5.623536539959403391e-02
4.209515625223203550e-03
9.851760702794809532e-05
8.044366067120306552e-03
9.533397350025054826e-03
2.869990944028871782e-02
3.308503249962219291e-04
7.189164821582908968e-03
1.033985692982017368e-02
6.054350582998679724e-03
8.274895628633480984e-04
1.602283223990112054e-02
1.699970497283651363e-02
1.688215207187163114e-02
1.002293958146613286e-03
4.228663088163669287e-02
1.756769897025012468e-03
1.094931469963619612e-03
1.542698187802628643e-02
7.326269472011705600e-03
1.737980975090661073e-05
1.406769862045875730e-02
1.281174137097193522e-02
1.940707952999898289e-02
1.968502570126325416e-02
1.044601257909851325e-02
4.433779704119342885e-02
1.475502668394228917e-03
2.458002487276313847e-04
4.695692744144874635e-03
2.850852746466587054e-02
4.526976381226122809e-02
2.356460758471435463e-02
5.584110257256222169e-03
5.706641322048945164e-04
4.249656516550413647e-03
7.554524086761642970e-04
5.309398978545886577e-03
7.340277789043690064e-04
6.003889266070046304e-03
1.939951994246742056e-02
1.265921103873277748e-03
7.902056510389549385e-04
6.482047418162259489e-04
1.159328981920084399e-02
1.618123229462926915e-02
2.277589238261618076e-02
4.256821693978377064e-02
4.987402675169810840e-03
5.650751637734193443e-03
1.186806086590933354e-02
9.317528710275430753e-03
1.737980975090661073e-05
6.240875905259471446e-03
1.044070720846485868e-02
2.501417886783567288e-02
2.712691400516799300e-02
1.484301212622594207e-02
3.821572820960446315e-02
1.453106356379563896e-03
7.539644501393105713e-04
1.106138550505213897e-02
3.314064428668030138e-02
2.206634150308346698e-02
2.223365500721818586e-02
9.750314324541277042e-03
8.234440121807698465e-04
6.069425074364295791e-03
2.098409636225401654e-03
4.776186553373293342e-03
2.912213865368321573e-03
3.825366255723717558e-03
1.993849173165301511e-02
6.351321417969273825e-03
1.799893430338745867e-03
2.034948193798002958e-02
2.226509023744100216e-03
4.283814623480174111e-03
2.091073124393251492e-02
3.840251265470250031e-02
4.660233464633673287e-03
5.640511383072446122e-03
3.244663052192445912e-02
5.586625334304214097e-03
7.962527898897849010e-03
5.166985275522205552e-03
1.429901137838077239e-03
1.448306990845069434e-02
1.617410390699207737e-02
2.138027127438504871e-02
3.368818640887215332e-02
1.453106356379563896e-03
9.930254765503679880e-04
6.777804244590159011e-04
3.588667931565836522e-02
2.497324463652531717e-02
2.186836971855919340e-02
9.750314324541277042e-03
5.633965170551161195e-03
7.758000700421001719e-03
3.912229583495728004e-03
9.752672025169491915e-03
2.912213865368321573e-03
4.819953336957511457e-03
4.379734586112331990e-03
6.351321417969273825e-03
1.799893430338745867e-03
1.644543463650963849e-02
1.094084424889887538e-03
2.734687642205618947e-03
4.617689863318735419e-03
3.173380725218102882e-02
6.537779747908773614e-03
1.767263746000578839e-04
1.193619456909092089e-02
7.721278275925535714e-03
2.212527972012873906e-02
3.215956393699140412e-03
1.379109139112814908e-03
9.557580255869708649e-03
1.288041181361733456e-02
9.631937599176625120e-03
2.480555145052936936e-02
1.177626971420236979e-03
1.613375826197745427e-03
4.272166042907930665e-03
3.026582199417884519e-02
1.244142996050557649e-02
2.186836971855919340e-02
1.829218071089382114e-02
7.937915187067032252e-03
7.758000700421001719e-03
3.912229583495728004e-03
2.794996584339141856e-03
1.325948643401532630e-02
4.819953336957511457e-03
5.078163618230358521e-04
3.682095569328259262e-03
1.799893430338745867e-03
4.332094406399837616e-02
1.664636885576451647e-02
1.216535713856940065e-03
3.035101163409518240e-03
3.928682156684121934e-02
4.106847433836467026e-03
1.443619701510448841e-02
7.349154780743860291e-03
5.002020286280411954e-03
2.209794911590359096e-02
1.954287533884472086e-03
6.490204100019089650e-03
9.676103657665729302e-03
1.923240013146511329e-02
2.533672015459274146e-02
1.517490181801316694e-02
1.101782020957984415e-03
3.056814302142979618e-03
1.710609909015149699e-03
2.918085322825274275e-02
1.117040953993885324e-02
1.775184180797211367e-02
1.494303011495546306e-02
8.208303116333560967e-04
1.307416887683298702e-02
5.025566885208008865e-03
5.630705768114654952e-05
1.021737440014591769e-02
1.874103102521538361e-03
5.800750070955641019e-03
5.151733557238061603e-03
1.799893430338745867e-03
3.431458979324029934e-02
1.128647781207688279e-02
7.578409045507820962e-03
1.162087883081792603e-03
2.863987544518690684e-02
1.013153057762438206e-02
1.768447003116787458e-02
1.171650229732552201e-02
4.057891968403667254e-03
4.170743382197335258e-02
5.562298368243919974e-03
6.195068468399969608e-03
1.652046268068273899e-02
1.437132662310719976e-02
2.956441836934738110e-02
7.067269761742881601e-03
6.097998771517437050e-03
3.056814302142979618e-03
1.478467640257601513e-03
1.724142837776565171e-02
1.351186326032226704e-03
1.764384615148944374e-02
2.191412227243923899e-02
6.327413927732349758e-04
5.375534477267236537e-03
6.622180687119446491e-03
1.127599995356449569e-03
5.836572849180116790e-03
2.286058018607137199e-03
1.142926241741504473e-03
1.647636017255444535e-03
4.234934635396342406e-04
3.165961345055071791e-02
2.480571813348564358e-02
2.156783388216982830e-02
3.169316034453171799e-03
1.351249156069081470e-02
1.417110092852146876e-02
2.019168337308864872e-02
2.166639649488326380e-02
4.822593666706648241e-03
1.742905300173850855e-02
8.166503714816664497e-03
2.180529066195286206e-02
6.992963234994500898e-03
1.468224985944382652e-02
3.039248642709985529e-02
5.358960857813916540e-03
7.356100955066453839e-04
3.230971284229125495e-03
1.478467640257601513e-03
5.475102245238176041e-03
1.113249811443844592e-03
1.899421690052833719e-02
7.235136557496626639e-03
6.813859572568047029e-04
8.178419196251522985e-03
7.416145128701289932e-03
3.700239539050301923e-04
6.884176205065907495e-03
7.306630313129881121e-05
7.687661585986473034e-03
8.296886521385305434e-04
2.547694154219098082e-03
4.600926669079921649e-02
2.283790776256432870e-02
3.129572479928639100e-02
3.169316034453171799e-03
8.959618410186522691e-03
2.492253400752387354e-02
1.800223612425997169e-02
2.260668248812485251e-02
4.859481515642960318e-03
1.742905300173850855e-02
2.157693867360491180e-03
1.737852191723559744e-02
7.037960789667671753e-03
1.211736968795419991e-02
7.968207150420715534e-03
5.358960857813916540e-03
7.356100955066453839e-04
3.644497166910635501e-03
1.211829308412642851e-03
1.166240039005051604e-02
5.388877648195649316e-04
1.487058319765320775e-02
7.549598348405711645e-04
3.832835809803886856e-04
5.426072313006375693e-03
1.061363720566568455e-02
3.856919032500221584e-03
1.047166410405938122e-02
7.306630313129881121e-05
7.356151630919047918e-03
2.478733884805905518e-03
4.443930853849691054e-03
2.392663718378686827e-02
1.306737741205029474e-02
3.129572479928639100e-02
5.973608023436487169e-03
1.777360450526943580e-02
2.338976571802775170e-02
7.641950021056847890e-03
2.209452874013626000e-02
2.167904728207126555e-03
1.945488362593873061e-02
2.237554523683702411e-03
1.228747219453834444e-02
5.966402987405000635e-04
7.549019538356276787e-03
1.023717452884650471e-02
2.378666341703675972e-03
1.166024564690680380e-03
6.459335385948363623e-03
1.355902863414181272e-04
1.054391805869119361e-02
6.985297860324169231e-04
1.910207426134602829e-02
5.049045754985923007e-03
4.836089040192712019e-03
9.587469853567735095e-04
1.104823289607500918e-02
4.078904060762538614e-03
1.152266929963323069e-02
7.306630313129881121e-05
6.964737016688867660e-03
2.460445935353677231e-03
2.688328956026692085e-03
5.472049432902779259e-03
1.621364526725359301e-02
3.129572479928639100e-02
5.360064845740435471e-03
1.272276065665313774e-02
2.338976571802775170e-02
1.307907527704410544e-02
2.434372691109345371e-02
1.803781783879320356e-03
2.178506799041473457e-02
2.084108789461237149e-03
5.304403289668229576e-03
3.507309625716877738e-04
5.793592149908887573e-03
1.096176053694664261e-02
1.054934798613564421e-02
6.744756399468029157e-04
1.254144935428103125e-02
1.355902863414181272e-04
9.417492034122117855e-03
1.095618733169342537e-03
2.017970744501619909e-02
6.248018832230696831e-04
7.354286963265432506e-03
9.587469853567735095e-04
1.709737429452224539e-02
5.203584256306074268e-03
1.152266929963323069e-02
5.458888267976283806e-03
3.196173345539201054e-03
1.122467494444260097e-03
2.435376183129387903e-03
3.050037411582320543e-03
1.142328280210356574e-02
4.574415044664171398e-02
1.466941499409399156e-02
1.912415192250196613e-02
1.612511990715582294e-02
6.517582258737233958e-03
2.434372691109345371e-02
4.339986158569186098e-03
1.443037039307439040e-02
2.716426959406632782e-03
9.744697168557209938e-04
1.170367681835842583e-02
6.862621889822295013e-03
1.534627973838261286e-02
8.052046891638547921e-04
6.744756399468029157e-04
1.741301540035482959e-02
5.478446271522737984e-03
5.059335539872172882e-03
2.911775763652641250e-03
2.017970744501619909e-02
7.784236286517004499e-04
6.895196673062181647e-03
5.349436817849687227e-03
1.709737429452224539e-02
9.829132561326506951e-03
4.743987880439188426e-03
3.989100049584934880e-03
4.601904104995717393e-03
2.256401854757467823e-04
7.698978914725890070e-03
2.716534936536956217e-04
1.244531599584373927e-02
1.766085027480616965e-02
1.729520980258387672e-02
7.673637419117432246e-03
1.371495170771424091e-02
4.535330518190621232e-03
2.434372691109345371e-02
1.838298492662544803e-03
1.443037039307439040e-02
6.473141755766968070e-03
1.034099918407072397e-02
1.170367681835842583e-02
9.256628298755543993e-03
1.048393812699076159e-02
5.047369026670581009e-03
1.130974550557029348e-02
2.856448463927581394e-02
3.243336901393133187e-03
1.148197526352068808e-02
7.626247505095691895e-03
1.863768392286151154e-02
1.143718261273004612e-02
1.139780559748653117e-02
4.980657897223539701e-03
2.243135101464081155e-02
1.183100170434693565e-02
1.039219613984681536e-03
2.029506277139037779e-04
4.793394869616634212e-03
3.600884248721749302e-03
6.282488380380278625e-03
2.716534936536956217e-04
1.180930255073424189e-02
1.537598419165824709e-02
8.695131983887946850e-03
8.522857217999404988e-03
1.235926149306185509e-02
1.115810042098288463e-02
2.434372691109345371e-02
1.763318490366192794e-03
8.930326525922998443e-03
7.422348752603948399e-03
5.339085953937957631e-03
9.228904163769747343e-03
2.484637964339457550e-02
1.332427749741565623e-02
5.478008575642342309e-03
1.063528127135641294e-02
4.077761336932894665e-02
3.389045228004676155e-03
1.667758155559969507e-03
1.471139271561193451e-02
3.885429206471817387e-02
1.029691361500329090e-02
1.236462652885166047e-02
1.535811906707045503e-02
1.904383074061123671e-02
1.026820270343054703e-02
5.405594072874313899e-03
2.029506277139037779e-04
2.408421939189366902e-03
7.337610479876846212e-03
6.236396632442946925e-03
2.663754498467339402e-03
7.106082890304239730e-03
2.873919772268870854e-02
2.514973884292828407e-03
9.225441702618504200e-03
1.235926149306185509e-02
1.229938473547270011e-02
1.887195681366979697e-02
1.763318490366192794e-03
7.719842855519552967e-03
8.486123335999420925e-03
1.483735135904450369e-03
2.834482057716164460e-03
1.874663675928559328e-02
1.235335222590855549e-02
7.286433933583932529e-03
5.767038383764855336e-03
1.467686473124415504e-02
3.543139395266068411e-03
4.666829569395390155e-03
3.949070606683249135e-02
1.191885618273961708e-02
7.983510043375503795e-04
1.533038185114488083e-02
2.081773544975867862e-02
1.733344182113236154e-02
1.979861158295422377e-02
4.722219885119564170e-03
3.183150556572696827e-03
1.399891397619069597e-02
4.589958051084852379e-03
2.073863085157293118e-03
2.663754498467339402e-03
7.476227593564950015e-03
1.527785011273134069e-02
2.514973884292828407e-03
9.093874496454074086e-03
2.263926308878345950e-03
5.865680319704042606e-03
2.104143958233556030e-02
1.763318490366192794e-03
1.550447277695367332e-02
1.322734527127043987e-02
2.183285732732431240e-03
2.899239779873191702e-03
3.498146498318645964e-02
1.126398204560389096e-02
4.972400876226586164e-04
4.197004786088320144e-03
5.374425202712166012e-03
3.543139395266068411e-03
7.017282729220981896e-03
5.310224263307773696e-02
9.445379078601389561e-03
1.105654901181593944e-03
6.019847644504417762e-03
2.833718722927515074e-02
1.081611866949420270e-02
2.350314312589186008e-02
2.226695954845561015e-03
4.758503682920963568e-03
1.879179884274325904e-02
8.431761254115960336e-03
1.980544348327281830e-03
2.721551599447517671e-03
9.431529206654644046e-03
1.617821166947831096e-02
3.026159926488389967e-03
1.109194753562963917e-02
3.892683983198922532e-03
1.270080984708212880e-02
2.439256528909465940e-02
2.420535628170133666e-03
2.136139827657186976e-02
2.338593728966258806e-03
2.379517889810064003e-03
2.469931757987713691e-03
1.900011806683239018e-02
1.847176128531539865e-03
4.972400876226586164e-04
1.181064772156582279e-03
9.195494469458642336e-03
4.244742258536372131e-03
1.087884143801620858e-02
5.873236382681273210e-02
4.626126350604385651e-02
9.645434875472508329e-03
6.019847644504417762e-03
3.122607443019005322e-02
8.011666638787010020e-03
1.373043316879372575e-02
2.035211172784878730e-03
3.038654340305900221e-03
1.189165706794531596e-03
1.520532018443392780e-02
1.394648640934353836e-03
2.751452361254390269e-03
4.733357724444727833e-03
1.256490098488961989e-02
5.148523550070304745e-03
1.748419594492163845e-02
2.866368554719516196e-03
2.711977197983501606e-02
4.748411151261878321e-02
2.420535628170133666e-03
1.694937919020607364e-02
2.901442431577934411e-02
1.472600840220022154e-03
2.989233157698592894e-03
1.089568448208809090e-02
1.459412514696716229e-03
1.295730341927044116e-02
2.060249424206067950e-04
7.739915135241738804e-03
4.347031856919139278e-03
9.647414314065277247e-03
6.556620792331192826e-02
4.087378015527860786e-02
7.806748515015120467e-03
4.262715299968342086e-03
2.639651571312789935e-02
5.874555248718750511e-03
4.786992099094498909e-02
2.759580316728461359e-03
1.077976947423051057e-04
8.194650340789966930e-03
1.282132223553166493e-02
3.473344415577473213e-03
1.900178943991758657e-03
8.828169841276340551e-03
1.444905676681790263e-03
5.265210940149523539e-03
1.152808972971797533e-02
2.924217300030188850e-03
2.711977197983501606e-02
3.878916510945786683e-02
8.522200488228643886e-03
5.121500909050141770e-03
2.901442431577934411e-02
1.472600840220022154e-03
3.811381346412254754e-03
9.174175732798587127e-03
1.459412514696716229e-03
8.430399675708639962e-03
9.602909988824558443e-04
1.176029070023304826e-02
4.780293552071817643e-03
5.569287294551365309e-04
8.644611547809945284e-02
1.682977582538084174e-02
7.806748515015120467e-03
3.508320700920689213e-03
1.427697307816608308e-02
1.143799129096760223e-02
3.496674099069430053e-02
1.440752540015956609e-02
1.077976947423051057e-04
6.852128957191203767e-03
6.360646600235108326e-03
1.149308943588929141e-03
1.337604071722188568e-03
4.390854257784890463e-04
4.886511229048693273e-04
3.669774660073257550e-03
1.300704761198843117e-02
7.762994382291842771e-03
2.711977197983501606e-02
1.815857128958558303e-02
1.271786095531736438e-02
1.138519319531932153e-02
2.201249578372734689e-02
5.688215865866445321e-03
1.100984366234452824e-02
1.332927450328829158e-02
4.490838608746210159e-04
4.277862555638493880e-03
8.987085626689251400e-04
2.171848846709956149e-02
4.374230615693508115e-03
3.401953136773476103e-04
3.912287459941128642e-02
1.927079166066930985e-02
6.714970331392611930e-03
4.635439874993100423e-03
1.181985854940627995e-02
6.005679632027121490e-03
2.121097385132178839e-02
6.101949079074706593e-03
5.730276399984603024e-04
3.007013945013051540e-03
5.555643206421156076e-03
7.277685640629719512e-04
1.165933001233430966e-03
1.037193442019350892e-04
1.699217577963276025e-03
4.137285335205900458e-03
1.258900850237878663e-02
7.483067710973703018e-03
1.294187178579495924e-02
2.937905618167944294e-02
2.110552166521997841e-02
1.138519319531932153e-02
3.495621784596678744e-02
4.138520914657026900e-03
1.267873546116292556e-02
8.223531834737913410e-03
1.037023463633851561e-03
4.277862555638493880e-03
7.966835319695754480e-05
2.695217449997375919e-02
9.332217773174238465e-03
3.184058990714056609e-04
3.595071642240706133e-02
4.122991992742201794e-02
1.797326130183862086e-03
1.134835134500390523e-02
5.221065263555523320e-03
3.683341906021618973e-03
4.219276166551991225e-02
3.676747041150145532e-03
3.542385760493451524e-04
4.615817043041677351e-03
2.201985262133486845e-03
4.232561043899610645e-03
3.500355341103048717e-03
1.037193442019350892e-04
2.352246790759610247e-03
6.187205079817515753e-03
1.872881643695813517e-02
4.473298599940713112e-03
2.263584765675636518e-02
1.991231184500154988e-02
4.272093840803436321e-02
1.494666380144778380e-02
2.199316381828582412e-02
4.851959364641282753e-03
1.353248670787277758e-03
5.324472806107326088e-03
1.037023463633851561e-03
4.801379825891009812e-03
1.553514211934860917e-03
2.033505440735077635e-02
9.332217773174238465e-03
1.894699659330775776e-02
1.463399296777661597e-02
2.446377824785448893e-02
4.322223837550106564e-03
5.110109597259144751e-03
9.144961675651899075e-04
4.061950645131014517e-03
2.670433986542939536e-02
5.907200332883060130e-03
6.969790519903613230e-03
1.089170525575065482e-02
2.201985262133486845e-03
4.983472510003176485e-04
3.500355341103048717e-03
9.981321711767254107e-03
3.427224953140736892e-03
1.115381000879477405e-02
1.872881643695813517e-02
6.190763953517152557e-03
3.234702460083795084e-02
2.140710895300819427e-02
2.029356365539307719e-02
5.879368247980680529e-03
2.292678450603953533e-02
2.440502624041948967e-03
9.813837888365907480e-03
4.553374048146963636e-03
1.211053697631394189e-03
3.544630667916033248e-03
8.275364968949178168e-04
1.633085919820244369e-02
1.809192279590050856e-02
2.059112728875842763e-02
1.269216866613144881e-02
2.573872401379340841e-02
1.141276246139291857e-02
4.776700107847606756e-03
9.967129333083430548e-03
1.215484121242327992e-03
3.512889879775951685e-02
2.592576215902072517e-02
6.969790519903613230e-03
1.089170525575065482e-02
4.990641798302421217e-03
4.043876571897305622e-04
2.135544820963396293e-03
7.077950925917186192e-03
1.746056046210700367e-03
1.444804603399045539e-02
1.872881643695813517e-02
6.190763953517152557e-03
3.234702460083795084e-02
2.151225859440443824e-02
2.029356365539307719e-02
3.277626880859163018e-03
1.697960502346137004e-02
1.038422095057335223e-02
1.930421490993506489e-02
1.370866147316449069e-03
1.211053697631394189e-03
9.966239730783321878e-04
2.119359128052395423e-03
7.025212621070395930e-03
1.866103821141454691e-02
2.808249407145622586e-02
3.017517562194067283e-03
2.021594307629735743e-02
8.261702068840054425e-03
3.726923388641138410e-04
1.895302351683563966e-02
1.911299656480164267e-03
1.027624074900504968e-02
3.815541956063721318e-02
4.600758227713268311e-03
1.089170525575065482e-02
3.702277514682168758e-03
7.910155428230859070e-04
2.264685059756415316e-03
1.292632547922820119e-03
5.564866570933690859e-03
4.940069578992846780e-03
1.872881643695813517e-02
6.190763953517152557e-03
2.326489976321461511e-02
1.601838748042262034e-02
2.212484616416133393e-02
3.677600685049100399e-03
4.797634554054339140e-02
1.608779795493743212e-02
1.284360708660383169e-02
4.767990104694126360e-04
1.168435467388625332e-02
2.106950412111888247e-03
2.416694748013584280e-03
2.808465022595689649e-03
2.014290366987863540e-02
2.026202900936069362e-02
4.620876186797811917e-03
1.603864538067008641e-02
2.773806215263306067e-03
5.650207172794730753e-05
1.290838248720091799e-02
1.921667200263302636e-03
8.910882483244602498e-03
1.375090974971006352e-02
9.788442227251156758e-05
9.687250038673364538e-03
6.626625432333079629e-03
7.910155428230859070e-04
1.745198959175192719e-03
2.532112051658497349e-03
2.499830921158657793e-03
1.285763981617263005e-02
1.872881643695813517e-02
5.955559859034580475e-03
2.405151014769580861e-02
1.935662712706046756e-02
1.596325145421085417e-02
5.567267613978865021e-03
2.231227352524193033e-02
9.595349479875565912e-03
5.635912812198559142e-03
3.598979654944522641e-04
1.053163826454251058e-02
2.106950412111888247e-03
2.355254436283417581e-03
4.230384103351787425e-04
2.014290366987863540e-02
1.159228885629049952e-02
1.206714402954208419e-03
2.993456004938309378e-02
2.095705290381661215e-03
4.335969515518690246e-05
6.226154674640733272e-03
3.836106095043459799e-03
1.167158978426732427e-02
8.185811265381662261e-03
9.556635460415823804e-05
1.497593838504293617e-02
7.117590042410748552e-03
1.556597068949693670e-03
3.068792937853764141e-03
2.502482333855407179e-04
1.666215020720484760e-04
1.101790293743614216e-02
1.872881643695813517e-02
4.884318645096983116e-03
3.489199918013104196e-02
1.703460750970699905e-02
1.596325145421085417e-02
1.150267882901320239e-02
6.527889897832777136e-03
1.788465281548064917e-02
7.933002692866095856e-03
2.093071411642841509e-03
6.808291558176945805e-03
5.335458086696812444e-03
8.061252016741942555e-05
1.357209856155217748e-03
2.014290366987863540e-02
5.490886827937514064e-03
5.389183962215065085e-03
5.720738572624722157e-02
2.095705290381661215e-03
2.317850936879975498e-04
1.088367962310859104e-02
4.997232609005338236e-03
1.192628932406231308e-02
6.985400576298597501e-03
2.362859186460137834e-04
9.278662399843162073e-03
7.117590042410748552e-03
1.556597068949693670e-03
1.024636274234868097e-03
2.502482333855407179e-04
2.393912461905974010e-02
6.527658211830749541e-03
1.556115546388209259e-02
2.960596001264012567e-04
4.938734307216423314e-02
1.599121261433488275e-02
7.853896793314149583e-03
4.823111534083029256e-03
5.705382060905167356e-03
1.685344745325180818e-02
1.690843631861320764e-02
2.792008258220237543e-02
2.311483789265426046e-03
8.497737328027367421e-04
1.645862006445633630e-03
9.435779960651532322e-04
3.063625717984440680e-02
2.230465279512428012e-02
1.803986088877863880e-03
6.810027684844030538e-02
1.841974844932064113e-03
7.481558715225810133e-04
2.032904712095794098e-02
1.652247004436659464e-02
8.401133248461492564e-03
3.275270124329301459e-03
2.362859186460137834e-04
1.624989096056886351e-02
9.009677171771635767e-03
1.556597068949693670e-03
1.034753286520973849e-02
3.234934995685870632e-03
1.985302617256841373e-02
5.187639320020066835e-03
2.297343842459869181e-02
1.469815773868109535e-03
2.872794652500181012e-02
3.728122347497808686e-02
7.002390007564729055e-03
3.182571023254695403e-03
4.277543377208169184e-03
1.220941104652495043e-02
1.511359088857719239e-02
3.886684872414852832e-02
2.523889479025755340e-03
4.158631836923953190e-03
8.581850080988653526e-04
9.435779960651532322e-04
2.219663286465275651e-02
2.623550241437521552e-02
2.566777652267852178e-02
8.876533936484957976e-03
1.395474028509594705e-04
1.233941870326426497e-03
2.029260721393062045e-02
2.107035138624864870e-02
4.043414871317386680e-03
1.859806009135775776e-03
1.082634741045738515e-03
2.633638075318693594e-02
8.355803711149259461e-03
4.069012820212932618e-03
1.618748375307195800e-02
3.032823418715674142e-03
1.985302617256841373e-02
6.712535592227121886e-03
3.107968371019951409e-02
2.024539726177515195e-02
2.702363569035236279e-02
3.156322785136026626e-02
6.217499211777124946e-03
3.217992624241068373e-03
8.835102188062184808e-03
1.195780192270484536e-02
4.620372951362997256e-03
4.337537886184679448e-02
3.038743162398643144e-03
5.841115722449151740e-03
9.461522981961255786e-04
9.435779960651532322e-04
2.290976942035838695e-02
2.744174250805619247e-02
1.076249647781933605e-02
2.188091929338031524e-02
1.395474028509594705e-04
8.402466716229128885e-03
1.795292001279228875e-02
1.718829970848392147e-02
3.768146190092245759e-03
1.564948629017000412e-03
5.301864121592773926e-04
1.711347139823847507e-02
2.181714977575446510e-02
8.833115963503904156e-04
1.732159679167232652e-02
3.795286573294498825e-03
1.414497018957430567e-02
1.373172288825076637e-02
4.124636135638490297e-02
1.842984397331043703e-02
2.998948935531817184e-02
3.935301829228041171e-02
6.217499211777124946e-03
7.920310122745029269e-04
9.847947417602968823e-03
1.190325443006922182e-02
3.331310724639849515e-03
4.746849319004257939e-02
9.923376352391545877e-03
6.009744752771772024e-03
2.720115873719473019e-03
1.384266967360520129e-03
7.508208188528668094e-03
2.018880830631891027e-02
1.655095133786927894e-02
4.137235774461748596e-03
1.395474028509594705e-04
2.331978696270247536e-02
1.952174856726488980e-02
2.347457530681655580e-02
6.431274654256587120e-03
1.796214148358083601e-03
6.025069814688115664e-03
1.324549002114944890e-02
1.162534303585417358e-02
8.011459327806514860e-03
1.778877725902925505e-02
3.795286573294498825e-03
1.074538506708886364e-02
1.100380799186797230e-02
2.954122204059252479e-02
1.953243762000948097e-02
9.166842805476617395e-03
7.443549570161794859e-02
8.830072443981130947e-03
7.920310122745029269e-04
1.012512131802750445e-02
8.062973613377578952e-03
1.122964211268938708e-02
3.363756669116502868e-02
4.474556792293245960e-03
1.893047347113909797e-03
2.389277323328667206e-03
1.384266967360520129e-03
2.955425150594413915e-03
2.041692500941680657e-02
1.195274289681106175e-02
6.874637696548333184e-03
2.861663642334723139e-03
3.597503571194615724e-02
4.136635306017287517e-02
3.230583820832221009e-02
9.895346985632874973e-03
1.714251681448402884e-03
3.216893241696316789e-03
8.345754500889514260e-03
1.051280127141091501e-02
1.588779750564096177e-02
1.154734464274912928e-02
6.639420719769520939e-03
1.338071415085568053e-02
5.265949304498357755e-03
3.824783246200573472e-02
1.361955550627485037e-02
4.090086762012778120e-03
3.848116267815415714e-02
8.830072443981130947e-03
5.439421054272697287e-04
2.942746280287702326e-03
8.665943553781099706e-03
9.036744004336336178e-03
1.830000780165418409e-02
5.093144662836838338e-04
1.270246611911489409e-03
8.982513640269940494e-03
5.191015898551485167e-03
6.349469719718990948e-03
1.679180414588561654e-02
1.358719537298269144e-02
3.395056075082725222e-03
1.541787878038897858e-03
2.280471770261889575e-02
3.488978161246892445e-02
2.649507486411964430e-02
1.172353720595341667e-02
1.714251681448402884e-03
9.471657124790150081e-03
1.437191977219028777e-03
6.059114807571086385e-03
1.732515055049000524e-02
2.108614838772656513e-02
4.198581371550044912e-03
1.912272506649299875e-02
5.554026967720256894e-04
2.613643227859067247e-02
1.174284231787474375e-02
7.639014612660595394e-03
3.496201832979212165e-02
1.461149585698562174e-02
5.935388645458160653e-03
5.122567301287394084e-03
9.504196075926141588e-03
7.483992576495277806e-03
2.757213247861296443e-02
5.692041266150537487e-03
6.543594667186528047e-03
7.580426520634966914e-03
5.099724185192874848e-03
5.976072955713625234e-03
2.143668059383882496e-02
7.420318166069395614e-03
3.751455636599407631e-03
2.181774467572904046e-03
1.382672064760516462e-02
1.410356020047390940e-02
2.451158535895791440e-02
1.319948648732069407e-02
1.145013689358651866e-02
8.496166974847422712e-03
5.005144107960735403e-03
4.825426330221228681e-03
8.315696191102154092e-03
3.927198376852798073e-02
3.384793308104908430e-03
3.126001633530119117e-02
8.470307386530540050e-03
4.902571988101041278e-02
6.561959624378294748e-03
8.315817609139271663e-03
2.263377378638993520e-02
9.159095056711478305e-03
3.821483929710434158e-04
5.490067376569622223e-03
1.743586553684105950e-02
9.396413724848239751e-03
2.516570798531233416e-02
7.919870834386661188e-03
9.486731197894462952e-03
5.470536631761044322e-03
5.099724185192874848e-03
5.976072955713625234e-03
1.803064654994900040e-02
4.055478630926730513e-03
7.449868491965717411e-03
2.181774467572904046e-03
1.694401840562947958e-02
3.820596198952568717e-03
2.505742235377179244e-02
7.714697453175452420e-03
1.239549234337805790e-02
1.718426969970803658e-02
1.375656158750487856e-03
2.902173871597689067e-03
9.033081102929760298e-03
1.059787308683639642e-02
6.364626332580741556e-03
4.384345446427111159e-02
2.478561027048330201e-02
3.296527832655841983e-02
1.954463574937613177e-03
1.435551974325177844e-02
1.678858648178368704e-02
6.507657764308136771e-03
3.745329425500012327e-03
2.801188459919277604e-03
2.599147465248436914e-02
1.037363718025089039e-02
1.393027776595292394e-02
1.147051931174466848e-02
7.396799833720362621e-03
5.470536631761044322e-03
6.831805489141629800e-03
5.976072955713625234e-03
3.207146118343175839e-02
2.125714633678053508e-03
5.521847613078728276e-03
1.759510912310193907e-03
5.806420097732484936e-03
5.469691485401080057e-03
1.834150867274099775e-02
1.284393461440772044e-02
1.239549234337805790e-02
7.080652570123959107e-03
1.990624006129402407e-04
4.816410804064541647e-03
9.033081102929760298e-03
1.025975000980835876e-02
6.364626332580741556e-03
3.911379839464559222e-02
4.138056180233451453e-02
2.448126994712051044e-02
4.722492370777261333e-03
6.300140934324596764e-02
1.511550371513553995e-02
5.134442708196152241e-03
4.215686924968216343e-03
1.301889262262032922e-03
7.095620983086256030e-03
2.315708730754421907e-03
3.059809671337269596e-02
6.041810046073972651e-03
6.188387015541875133e-03
6.486843942590039824e-04
1.016683768691523625e-02
7.969548545383996555e-03
3.826458351408514036e-02
3.353431382715879421e-03
5.104799016664897035e-03
1.150935324944415104e-02
4.165300286005388895e-03
7.294733273893190539e-03
2.591588378440042029e-02
1.798239506679696897e-02
9.865403224529528670e-03
2.324347518043598515e-03
1.990624006129402407e-04
1.119631663208291942e-03
5.282854784292410552e-03
1.132614506726051067e-02
1.588162025887218665e-02
2.228148769201008031e-02
4.138056180233451453e-02
1.225804608877613909e-02
1.500427419681554103e-02
2.514754395413313498e-02
2.214756265811785446e-02
4.148827117110470523e-03
3.491418519627753625e-03
1.139823988766772503e-02
5.293565833229009303e-03
3.128139660295379404e-04
3.351918187786176451e-02
5.965619184202332337e-03
6.188387015541875133e-03
1.267042267547717829e-02
2.300628850564083450e-03
7.969548545383996555e-03
3.165002884023080526e-02
7.429643110795631882e-04
5.104799016664897035e-03
1.393793356492550699e-02
4.434615510886141809e-03
6.166570584002453725e-03
3.258325305326170707e-02
1.711862225326036407e-02
1.342441312911209043e-02
6.704881863933499601e-03
1.647385899121344777e-03
4.833472705413352846e-04
1.077096379539994181e-02
1.890402402733649262e-02
4.235116073568160472e-02
2.357945157490438579e-02
2.900023247198086490e-02
5.659774166233735339e-03
6.882385246475868773e-03
1.032125269238898767e-02
3.359478962249524969e-02
6.179380566491860308e-03
6.064776931272680520e-03
1.195241605348363982e-02
8.035894021998089137e-03
3.128139660295379404e-04
3.938916922837835261e-02
5.965619184202332337e-03
3.485538781310179145e-03
1.666705943088690398e-02
5.007229009751734770e-04
7.969548545383996555e-03
5.512738461706880727e-03
1.343292189412006966e-03
7.639967127386205863e-03
1.219564502362236076e-02
4.784252567425510347e-03
6.166570584002453725e-03
2.361743474961865152e-02
1.398979666984229500e-02
2.371235516548078626e-02
8.069641950548295251e-03
2.449708539298096725e-03
2.953041804791410596e-03
1.498329769662517380e-02
1.329066202400613732e-02
5.530976749817863997e-02
1.884034660045549522e-02
3.142585296233990633e-02
2.483766214261959836e-03
5.556366571229827411e-04
4.967369927559067005e-03
6.512095199155555625e-02
1.324335034374916030e-02
2.849645398912796501e-03
3.114548717361123598e-03
4.610004003519333274e-03
5.946573666214712006e-03
3.251082255336332910e-02
5.418954898448001892e-03
5.845773646749832797e-03
1.259862876018024054e-02
5.007229009751734770e-04
7.478145560577664427e-03
7.433885384295194944e-04
9.295683786209570434e-04
2.728280016495721050e-03
1.927646698961715463e-02
1.602412291467372914e-03
4.953681282101583122e-03
3.687247358330231206e-02
1.398463777061231296e-02
2.879487530645918891e-02
1.720368891286799470e-02
6.608107676828594255e-03
1.972877372529381959e-03
1.114970724019199652e-02
8.231951792560429984e-03
4.694931486979921076e-02
1.967766443367992973e-02
3.142585296233990633e-02
2.109693274194327124e-03
1.345942216018468883e-03
6.217014367186082628e-03
4.609628928164155592e-02
1.732844996254196898e-02
7.002664809736313181e-04
6.351867725432112574e-03
1.211684662995675052e-03
7.014381447617583712e-03
3.339037173826958638e-02
5.418954898448001892e-03
3.738759949230651249e-04
6.000193626945381914e-03
2.629092324534480427e-03
4.511548628549131787e-03
3.427156578640703274e-03
3.037128057629201808e-04
5.783900929622490771e-03
2.466515667767197120e-02
3.163421811330036602e-03
3.606552415276577730e-03
5.124596667852929915e-02
7.880196143262432201e-03
1.111344986162295968e-02
1.364855545695732066e-02
1.021467834303089149e-02
1.972877372529381959e-03
1.452704624331336430e-02
5.872295818224154695e-03
4.177248427911482015e-02
4.494913728984402390e-02
1.038632351423956005e-02
2.668841847867295392e-04
3.147001435357693437e-03
1.500304495360877712e-02
2.471536667873425533e-02
1.789773714038148458e-02
1.396165051642810247e-03
1.223758917756911056e-02
2.603802071501949873e-03
9.772711207424820273e-03
4.082479108620816477e-02
1.870209034515688332e-03
1.331493287516084117e-02
5.697285491015060058e-03
6.861770275263367330e-04
3.982000024320711540e-03
3.805917351229638930e-03
1.627318447669171258e-03
3.697530622501188705e-03
7.286265866158110616e-03
9.090109933941291354e-03
1.269503233311699425e-02
5.582766743978211793e-02
1.436254866353293275e-02
5.034821733054938020e-03
1.087878492039383131e-02
1.588955499054082662e-02
1.217876570108729004e-03
2.092515022385649237e-02
2.287896500932706106e-03
3.096937010404574031e-02
7.293942815218623643e-02
1.105871841176961357e-02
2.668841847867295392e-04
1.764416491943943122e-02
2.300904724694759207e-02
2.471536667873425533e-02
1.789773714038148458e-02
1.396165051642810247e-03
1.260002128310966189e-02
4.015742983682710904e-03
1.554940608340181149e-02
4.544708947101670088e-02
1.870209034515688332e-03
2.182500484692875831e-02
5.974703684637101830e-04
1.371298382509858124e-02
1.689667231192643060e-02
1.419680592031278415e-02
1.978125654955018020e-03
5.448335368103896653e-03
2.927680143187996395e-03
3.976027536566874299e-03
1.314749203104872977e-02
3.916729488589212188e-02
5.037536633326475041e-03
2.957090473459268211e-03
1.438574337733327345e-02
1.144350635294713592e-02
1.011714278464653782e-02
1.035258623115628551e-02
2.066159921967074438e-03
1.677274784107570665e-02
6.307663406950546336e-02
1.983068540821184694e-02
3.184839946429475661e-03
2.032356849911848284e-04
1.062816805160662383e-02
1.224343528329597912e-02
1.268752310328661627e-02
5.027228584898205295e-03
1.163951886325118208e-02
7.366830674523035943e-03
2.443098015921786950e-02
1.907658080832116271e-02
1.870209034515688332e-03
2.474414111963232910e-02
1.007494635723642923e-02
2.290021050416863116e-02
7.785290124587101318e-03
2.384560796884568207e-02
1.148972032951396660e-03
4.607713322845552635e-03
2.005162353924626155e-03
3.976027536566874299e-03
1.266759660110488954e-02
3.982077269341847969e-02
5.037536633326475041e-03
2.957090473459268211e-03
1.438469339297135906e-02
2.514557977003867295e-03
4.621332637778662045e-03
1.185798435513082255e-02
2.066159921967074438e-03
1.618437614162665517e-02
3.478675347435291471e-02
2.640431280424779953e-02
3.346884178306780422e-03
3.466669389201376336e-05
1.062816805160662383e-02
1.794058063761836547e-02
9.534268214304544853e-03
2.765392851539064285e-03
8.275745663562716209e-03
9.196993208022630900e-03
3.169951048132007426e-02
1.907658080832116271e-02
3.300572490239524204e-03
1.722550845692713897e-02
1.007494635723642923e-02
1.625193154196816897e-02
4.856220371022677493e-03
4.624807603212952034e-02
1.106749859771413540e-03
7.293254017025544052e-03
6.765474392026899278e-03
3.976027536566874299e-03
1.163729911804748003e-02
5.344109402324442870e-02
2.386457148720489297e-03
2.957090473459268211e-03
1.767934663997185185e-02
1.320588734014773759e-02
7.725037096577507846e-03
1.390566623407023944e-02
6.914736130267311147e-04
6.407721101142861350e-03
2.097744079125747271e-02
1.285359155489417329e-02
2.793492221980677179e-03
3.466669389201376336e-05
1.891429987036713847e-02
2.790330372069444245e-02
1.273756721475861539e-02
3.107392729357378799e-03
9.656151301605894743e-03
3.317245413752709093e-03
3.712897310698426434e-02
1.462791584619316416e-02
1.673886235044743515e-03
1.226340295929492438e-02
2.197052523102191457e-03
1.164553591689418757e-02
2.536302106376267171e-02
3.552929791174057328e-02
5.050210504344379916e-03
1.130126635338568955e-02
5.389157877853644266e-03
8.822396072084787502e-04
1.237264615921632865e-02
4.498676497948007197e-02
5.341546980975939336e-03
2.901150181850579643e-03
1.767934663997185185e-02
1.320588734014773759e-02
4.274879026136456373e-03
1.093950400224881492e-02
1.708786418528102265e-04
6.613019952721068198e-03
3.140500501799467492e-03
1.092754038034738501e-02
6.341382718797372760e-04
1.290641014521302053e-03
2.520951475580448728e-02
2.858461110549730469e-02
9.175167087793907258e-03
1.210740876454225465e-03
6.423255373210395858e-03
2.492838829239670678e-03
3.005304351652380440e-02
1.789549474235202497e-02
3.174162039557141320e-03
1.714491518718927812e-02
1.000916019490583238e-02
1.356022536482617835e-02
1.693776860455337499e-02
5.451402618669907302e-02
1.565754217656042642e-04
1.604039400519274502e-02
4.857996689510089491e-03
2.597469736716489282e-03
1.340130524037040291e-02
2.279962849400803127e-02
5.309108129832977585e-04
6.202583127226369425e-03
1.767934663997185185e-02
1.787220673049351449e-02
5.215556328176956628e-03
1.407548902123000045e-02
1.708786418528102265e-04
6.029948110657887619e-03
1.054351730766910251e-02
1.088732150836263513e-02
8.680210856055352092e-04
1.290641014521302053e-03
1.964646095420993083e-02
1.963146455717270158e-02
7.430990160221207126e-03
2.964310861045758513e-03
1.678550799923086978e-03
6.276526859485884527e-03
5.448440766384271550e-02
2.855109585093811714e-03
3.697207437832310435e-03
9.907421295873280326e-03
7.720659344769372281e-03
1.208986928231816499e-02
1.931951926563912209e-02
2.408916222476360433e-02
1.565754217656042642e-04
2.119802755158834220e-02
4.890430769119490616e-03
9.761126582251943018e-05
4.873669317120582142e-03
2.013543007107274074e-02
7.837689391602788505e-04
6.202583127226369425e-03
1.870809960489250648e-02
1.241405802580774695e-02
1.738343326443500536e-03
9.775068296426566924e-03
1.889442489462975217e-04
6.976068257334201023e-03
1.202228717207926532e-02
7.727575246811262816e-03
3.489758039263987383e-03
7.908930806501950506e-04
2.411370785077368573e-02
3.487516348116883463e-02
9.370192876435479157e-03
4.440864526729810906e-03
1.706800100182074079e-02
6.276526859485884527e-03
3.384418849665186968e-02
6.678694577892683136e-03
1.632121759297107400e-02
9.019436508743126218e-03
4.343543092643982820e-03
1.277239576409815863e-02
1.943398603380249584e-02
2.089759923415646786e-02
7.351684203865142472e-04
1.988427436206080881e-02
1.688683057608866833e-02
8.162548491703466511e-04
5.475818680923142008e-03
1.624157539794994498e-02
2.642090400981579254e-03
4.253058622013809048e-03
1.352930485290465210e-02
2.053468541936798869e-02
3.653465733195497209e-03
2.298973715076778335e-03
3.804888578305793204e-03
3.618845674018303284e-03
1.202228717207926532e-02
1.167015935040092121e-02
3.489758039263987383e-03
7.908930806501950506e-04
1.662945607426286054e-02
2.134737828406226001e-02
6.603224289684571022e-03
1.499684463868881067e-02
2.012673370842212039e-02
1.324088060463425023e-03
3.198763378466082385e-02
1.342675056143258217e-03
1.332908714932870553e-02
4.787961486394150951e-04
1.125871298671521359e-02
1.105607534292440616e-02
1.615799231028877334e-02
2.094650932476312469e-02
3.736620370142566729e-03
2.163690970615569573e-02
6.994149159233709404e-03
8.162548491703466511e-04
2.570300612192092347e-03
2.541523114444167210e-03
2.642090400981579254e-03
2.083400282874854625e-03
7.003940825088305136e-03
2.053468541936798869e-02
2.094732063370528634e-03
2.298973715076778335e-03
4.238903855233829530e-03
3.810822076013634790e-03
1.253386152299082804e-02
9.320979795310062668e-03
3.351646869667083799e-03
2.624860718813315855e-03
1.538510294323162247e-02
5.577281689670544537e-03
9.144186065623940637e-03
1.207503193896576621e-02
2.175652428979459735e-02
3.738499850625617849e-03
8.408389713011207856e-03
1.060868621722597070e-02
3.883290692481868034e-03
3.235933553689994760e-03
1.345157072082842076e-02
1.162654539643377324e-02
1.399013417665610163e-04
2.367024531612588190e-02
1.171610716866496732e-02
2.074173157615237170e-02
5.705133021953041200e-03
8.162548491703466511e-04
2.415209630373459787e-03
2.541523114444167210e-03
3.859520503687941147e-03
2.057512028529925006e-03
1.118019225738057024e-02
1.183075126583306609e-02
1.656344876891306661e-03
3.292155804835752465e-03
2.495839461028952905e-02
2.038432142489796615e-03
1.253386152299082804e-02
5.915714102087184928e-03
4.666461218072209816e-03
2.586809082499215602e-03
1.634431081678234740e-02
8.568657772937672557e-03
1.241017943916518547e-02
3.417372637379918754e-02
2.152452509034731218e-02
3.738499850625617849e-03
4.125530219292320930e-03
1.060868621722597070e-02
9.236909153212600337e-03
1.033145845653848059e-02
8.656210872962331881e-03
1.080643397409435970e-02
1.399013417665610163e-04
9.953757420422159469e-03
1.310671036933090498e-03
1.612411461725393735e-02
1.220931724306357352e-02
3.992641144419137138e-04
1.038111152941946329e-02
8.130016674622672287e-03
2.695076847836505238e-03
8.045967599758603248e-03
8.321618075812907411e-03
1.988649215073999554e-02
2.363001792177414802e-03
3.340611500818926535e-03
4.769239249993285912e-02
2.038432142489796615e-03
9.469733967813255895e-03
3.264773956629106987e-03
3.236109289275895806e-03
3.578645879827987465e-03
1.655280817525540266e-02
9.832801369137514347e-03
9.122602830179959987e-03
3.566536752708583669e-02
2.340673440598778007e-02
7.992857439662041930e-03
3.785746982688600187e-03
1.064760610521905612e-02
4.412067644984139433e-03
1.917848921949416238e-02
5.115443660272112059e-03
1.154490680626480206e-02
1.708563544379720738e-04
5.973673791693381516e-03
1.310671036933090498e-03
1.472216539779157632e-02
1.202871462866360840e-02
1.183412409342785368e-03
7.918717743869832515e-03
8.130016674622672287e-03
4.173959600698363970e-03
1.306111688993372112e-03
1.235248682527496922e-02
1.458178139350900515e-02
2.094556840529600804e-03
5.228968435003230122e-03
7.598270908244161848e-02
4.406301091089067333e-03
2.013670347149430426e-02
3.246324089147782123e-03
3.339336848561410415e-03
1.400670861411959164e-02
1.519215444798485519e-02
7.221894148864018738e-03
5.941522058906517981e-03
3.112156440451891923e-02
3.847751954451996553e-02
8.621808216640696604e-03
1.962633904677386909e-03
3.388769520271039254e-02
1.257180096491894439e-02
2.811192287995426323e-02
8.335315371808676987e-04
5.697004129958153050e-03
2.480092161525695310e-03
2.447370594505370728e-02
2.266340773489892296e-03
2.003490053480553104e-02
8.027446169430565645e-03
1.530121003142260712e-03
4.144907022418381146e-03
8.218288182847716811e-03
1.694611911133085376e-03
1.533458844363225519e-03
1.235248682527496922e-02
1.459277285670422010e-02
2.094556840529600804e-03
7.548408076843835489e-03
2.688126394909149189e-02
5.966444516503551301e-03
3.640005762914231766e-03
4.218499573071697421e-03
4.345174448817639562e-03
9.253779650682969482e-03
5.271775014217654209e-03
8.733738346959346241e-03
2.922572659923297449e-03
5.839714851289568021e-02
2.333144828229816864e-02
9.242117470025616732e-03
1.962633904677386909e-03
1.725124069164186286e-02
2.561288696831398246e-02
3.605360372695542298e-02
4.805559030635471636e-03
5.234929664542942521e-03
2.480092161525695310e-03
2.511714973513578392e-02
5.848395806459297068e-03
1.559653038710423836e-02
6.597273670989197217e-03
1.176089155725617251e-03
1.608646250638044728e-02
6.479031973000769044e-03
2.319585232324704923e-03
5.026010647471249385e-03
2.097242481919678672e-02
9.878771958799020814e-03
2.094556840529600804e-03
8.434704054696083933e-03
1.161460374326547980e-02
1.589100386611152355e-02
2.087798633045148070e-03
4.562881374972443255e-03
3.485359787773766732e-03
1.146819582417093683e-02
6.531702572741293969e-03
3.982536341854447590e-03
2.648656172015139646e-03
3.638337863307924275e-02
1.423635186049533596e-02
5.005732650518122592e-03
3.974211535005586771e-03
1.490857649540351312e-02
1.623870445457260836e-02
2.525910001457975021e-02
4.917266881723385274e-03
1.224257968610185411e-03
2.455675464441539526e-03
3.005938852190414776e-02
4.052746979227158861e-04
1.315320619820361039e-02
6.859403698666016562e-03
2.767747127429485456e-03
1.357180640684064847e-02
9.312504933993739215e-03
3.883956573903658144e-04
4.878720091090056957e-03
2.838320030873406688e-02
5.898655177867486409e-03
8.446895345198962568e-04
7.275309212316982341e-03
1.307410064803458602e-02
3.688591679945318110e-03
3.343337838168318650e-03
2.457273416483294302e-03
4.005084183222507380e-03
7.135436049145232364e-03
2.709842623405959300e-03
4.909190211107214083e-03
8.186390052610558257e-04
1.639902956934422007e-02
9.735331356052635138e-03
4.883458898034801279e-03
2.103434798385548157e-03
1.491224131452745238e-02
1.623870445457260836e-02
2.525910001457975021e-02
9.470380940159651983e-03
1.224257968610185411e-03
2.455675464441539526e-03
2.872576514393847258e-02
6.450447899424233654e-03
3.368569944437068558e-03
6.898596866267024154e-03
2.767747127429485456e-03
6.217915716986653282e-03
8.427797685591414262e-03
3.883956573903658144e-04
5.334824084350809487e-03
3.087647507682033179e-02
3.837688769243677561e-03
5.694787213564585053e-04
9.223617541238241652e-03
1.738707516944140719e-02
2.672581234753197178e-03
2.641530358299538916e-03
6.421506656675506075e-03
7.120573171935117886e-03
7.592647357739751128e-03
1.177871695887554651e-03
4.512232673965863722e-03
7.610783205169039181e-04
2.145962867087687631e-02
1.248794681075843932e-02
7.986988809028712499e-03
9.099364409477917262e-03
1.222072739844500683e-02
2.133466494673260522e-02
1.043750839739441758e-02
5.585831531870048307e-03
2.456302173804296961e-03
8.897358620154746309e-04
2.884403967884017692e-02
4.180471295889908769e-03
2.227264613363508922e-03
5.147136551925000567e-03
5.969295837236399463e-03
8.020317669435199012e-03
8.229424178465349210e-03
1.476320716167551193e-03
1.116289627463584906e-02
2.092789158658772339e-02
7.391857736328818172e-03
1.013543636045090290e-04
7.430251514174628785e-03
1.876535207432095120e-02
5.199862034624559703e-03
3.594398520517154937e-03
3.929653679433811695e-04
5.920107361047745494e-03
5.461326010035927672e-03
3.272028299389843822e-03
3.502928455305531763e-03
6.725372955071730330e-03
1.741137897346618432e-02
1.418344659260606724e-02
1.557493672736357665e-02
5.127903665272926653e-03
1.722084708954355406e-02
1.843610681605028362e-02
1.697524637079719442e-02
9.740721954755506354e-03
2.401971705045488278e-03
5.639297910158443117e-04
3.136886562926058386e-02
3.374324631840046156e-03
9.847161353954913231e-04
3.326983169718245037e-03
4.172494952293227463e-03
9.562935041383576959e-03
1.018624820336687560e-02
1.476320716167551193e-03
1.490425531087074575e-02
3.870882085525894495e-03
7.386323504243361669e-03
1.191558550571829560e-03
1.492741871105255757e-03
2.238572318632307129e-02
7.749234460722222335e-03
7.741233710193275858e-03
1.683365008016717750e-03
6.092762468371091741e-03
7.137238302411629334e-03
2.165739724796895971e-03
4.997263304173080872e-03
7.756859071210533627e-03
1.576417893493048047e-02
1.412704431509591643e-02
9.160147034850405975e-03
1.071971046798710948e-02
1.434367352545719808e-02
3.694265725381861570e-02
1.217456895234953276e-02
7.801116865971215175e-03
9.425593187290866315e-03
5.639297910158443117e-04
1.623243437259933031e-02
3.745934735525108944e-04
1.595777345678429503e-03
1.050978874306794826e-02
1.411417101266057919e-03
1.096514067685934977e-02
7.587678808090404098e-03
1.004884998666469124e-03
4.606872784167993264e-03
8.326455796810657353e-03
1.005794729335863710e-02
2.144865932112540070e-03
4.402175712071404803e-03
1.954317072347096923e-02
5.419659095844455050e-03
3.842567500448696230e-03
6.262114751249284184e-03
1.043146120924631597e-02
3.259933454776191980e-03
1.259554788591314700e-02
3.371877960119437634e-03
7.950470565633461356e-03
9.820355701624929393e-03
1.442599795579165706e-02
8.938928143705216628e-03
9.399654818690365843e-03
1.706129646004827735e-02
1.918607540232317860e-02
9.959440526402667943e-03
4.073007393720207495e-03
1.148925124214671308e-02
1.484326729835630954e-03
2.414706441327461872e-02
3.745934735525108944e-04
3.671037281593863069e-03
3.434148607361724864e-03
3.011567225241703477e-03
1.262616119187784554e-02
3.588753727136590171e-03
9.766631782151310309e-03
1.133308830359894791e-02
7.281882964831270372e-03
9.221445681355282947e-03
2.555215141400497651e-03
6.910163812794568178e-03
1.751047273272302723e-02
5.842883542421082113e-03
4.363026636035306771e-03
3.239060602616477755e-03
1.925107991554156003e-02
5.736134113765888574e-03
1.135829322301958738e-02
3.371877960119437634e-03
1.803757356933182246e-02
1.734320811160096690e-02
9.159324336089255322e-03
2.589678780787537521e-02
2.509268643987238798e-03
9.975357337928252022e-03
2.051883756892426691e-02
6.026890099514870328e-03
3.609302734433618084e-03
1.754547557799985419e-03
9.567529926105770161e-04
1.738827708357552904e-02
5.331734687377357590e-03
6.811444997059945723e-03
4.723806725904861926e-03
2.802731562541474920e-03
2.566667357034511238e-02
1.154384089823672771e-02
7.653960322159294484e-03
2.190661728896408506e-02
5.202352746585123949e-03
1.401236000123737627e-02
2.555215141400497651e-03
1.446913881236964669e-02
1.551018152584941572e-02
9.555156409637135390e-03
5.023522499604859103e-03
1.159033688253888889e-02
3.821806622414121446e-02
5.380610241718521147e-03
1.063290269593785559e-02
5.106796452064893584e-03
1.049781299448875570e-02
4.851606807093869662e-03
1.671049340954473827e-03
3.720305727470664403e-02
9.959046525977824707e-03
5.233879651674225308e-03
1.517648403171740004e-02
4.370810348129373565e-03
2.992695276011533151e-04
1.716484298451391097e-03
9.567529926105770161e-04
1.006133573011043156e-02
9.930960614429953925e-04
5.294242246258740181e-03
6.208397664184975295e-03
2.652235426713363611e-03
2.110122095300595579e-02
1.515088637983556634e-02
1.018789222098566601e-02
2.043448607099659572e-02
6.442969359188015915e-03
1.608030621154954085e-02
4.430289769382573725e-03
1.861984181464556437e-02
6.861288091544908915e-03
1.383019682851199285e-02
4.878168227505452412e-03
2.880435890267501325e-02
2.635162898587983110e-02
8.021155053372339833e-03
6.760643730859392311e-03
5.600355058409374996e-03
8.642480060962477381e-03
5.636819331176263874e-03
5.543431550859888660e-03
2.892622412828524392e-02
1.029772121036555237e-02
3.593679307222956074e-03
1.517648403171740004e-02
3.983939379721132719e-03
6.021166014145678657e-04
4.311072956562321534e-04
9.567529926105770161e-04
1.002450028529423484e-02
4.903010204816808659e-03
5.294242246258740181e-03
6.243887263576658811e-03
8.797213066721869257e-03
1.218824221557326254e-02
1.509072127579516240e-02
5.520394718185434382e-03
1.870750200022910231e-02
8.536810452809153599e-03
1.167010290690614731e-02
2.301417326074304756e-03
1.402379448043748408e-02
5.985535183568145221e-03
1.147222096971530977e-02
4.385564244930675350e-03
3.144537369191900689e-02
1.516558843651186900e-02
1.699131874066663050e-02
4.553134215345353009e-03
4.239961308382993177e-03
1.616143068917620315e-03
1.260038716144351936e-02
3.855028778231911132e-03
5.059907771843436680e-02
2.194970712239394280e-03
1.508451648519773319e-03
3.456168110835748913e-03
4.057179992728755270e-03
5.787388298217685870e-03
1.878271555464522619e-03
1.077137045814493838e-03
1.578365582853397467e-03
4.680492221242287150e-03
6.084572832650131033e-03
7.261965371852387857e-03
1.637148285650356916e-02
1.456499033579889725e-02
1.173157185125882351e-02
1.256867721538088359e-02
1.935962675217421311e-02
8.536810452809153599e-03
1.307849014037545422e-02
4.471240269744605582e-03
1.825667830297754771e-02
7.556217905652204761e-03
8.013248427397146045e-03
4.306800547384557337e-03
3.570535813831243049e-02
1.661603191689133355e-02
1.699131874066663050e-02
4.783353871667995333e-03
5.092244901984771706e-03
3.287306219055992351e-03
1.945494735937462402e-02
3.651524144882843746e-03
8.222250948426441941e-02
7.296815318456728768e-03
8.454938924008993835e-04
3.456168110835748913e-03
6.185215171048728984e-03
1.484997884583193206e-04
1.629262801914382365e-03
8.833802734504701826e-04
1.559411754914503435e-03
5.566697874438326227e-03
1.099992640065945368e-02
2.442800463019656650e-04
1.125725994023960702e-02
4.585820478182560389e-02
9.433882091572252590e-04
8.061720133335715383e-03
1.070106302270722176e-02
1.079775797665326331e-02
2.259430139802980075e-02
1.127762539890202198e-02
1.751927766045238005e-02
1.154728947205229360e-02
6.186891326828711582e-03
5.307916988351534492e-03
1.448034613535665455e-02
1.444477919388719236e-02
9.824607539373957782e-03
5.105627298331130368e-03
4.671757271249353180e-03
1.791681448106041468e-03
1.997445846030812544e-02
3.651524144882843746e-03
7.578386551461775700e-02
7.464593798377499798e-03
8.454938924008993835e-04
3.456168110835748913e-03
1.053421238986149144e-03
1.484997884583193206e-04
5.927277321664184764e-03
2.243200464766013317e-03
1.259294654825890772e-03
8.342031741175755938e-03
1.868191152404547698e-03
5.259965293359231131e-04
9.604040205043604811e-03
1.571606722337304252e-02
1.330225682794366170e-03
6.507353899740353845e-03
9.422566024676077429e-03
1.452901225418594400e-02
6.626629877219182563e-02
1.165135372001938410e-02
2.369298542643814495e-02
3.050512238967017196e-03
7.196879986632764847e-03
5.311844358108998645e-03
2.043536992423324733e-02
1.546349891070562116e-02
2.283489240854919000e-05
1.702876514802217868e-03
1.980194823672494150e-02
2.070087627230736936e-03
2.321856733384873236e-02
3.950333669915054302e-03
7.613564715463179422e-02
4.821046991057079123e-03
8.458938422459616815e-04
3.456168110835748913e-03
2.298408160576911538e-02
1.484997884583193206e-04
6.792188690987320965e-04
2.307028101216934170e-03
1.071243230589060368e-03
6.500465754356450979e-03
2.455969374795474378e-02
6.917445507826644815e-04
4.321075362194000229e-03
9.562995839136497617e-03
1.833772111865999543e-03
1.427284500760180735e-02
2.599922729758227108e-03
2.463519818427979333e-02
6.626629877219182563e-02
2.608677726376299258e-02
2.835242420364285365e-02
2.991570919860997522e-03
6.964290894782968790e-03
6.294361873114930235e-03
4.723704609488029935e-03
1.939723009312295174e-02
2.283489240854919000e-05
5.032421606365836478e-03
1.336182871982922148e-02
1.078955452645993449e-02
1.876259595092495680e-02
5.102004400830803706e-03
6.070119053931281872e-02
4.617852065225268310e-03
3.597320062055006304e-03
1.763703893506993366e-03
2.145447756482522089e-02
1.484997884583193206e-04
6.792188690987320965e-04
4.756322926621245339e-03
1.071243230589060368e-03
8.267937801132545228e-03
2.809374055083656285e-02
1.109102242532297375e-02
3.392294064978029593e-03
7.688002986563951396e-03
1.833772111865999543e-03
3.281343428984175026e-02
3.592895137994447062e-03
2.513365693860558983e-02
4.148772213281341076e-02
2.880198700250334587e-02
2.906364852287171563e-02
5.962971838428901897e-03
8.543335381698026476e-03
1.023786554795503255e-02
1.039669812577816502e-02
1.303956493005052619e-02
2.355578058358397120e-02
7.815869111482737566e-03
2.581059219107482289e-03
2.306416588255219904e-02
1.664353357721922583e-02
3.273015216914559010e-03
2.238163068373339240e-02
1.398714511679101033e-02
5.462836457184851169e-03
1.438334536115042431e-03
2.257668223174903732e-02
4.256520331055854353e-04
6.792188690987320965e-04
8.610569545943573544e-04
4.628482000127440328e-03
1.409058833403802405e-02
1.941402035233546000e-02
1.052961592470868374e-02
6.325184073397573797e-03
2.320251894013939439e-03
9.646066938762730761e-04
2.847555859394934608e-02
3.651638599320268345e-03
2.585929393433789025e-02
5.037183321449688334e-02
3.248266417143496482e-02
2.564985755189476413e-02
5.494779253660817160e-03
7.530743881467602367e-03
9.992818277388201484e-03
2.539242892248240804e-02
1.246216784928373504e-02
2.365521007480907850e-02
7.757728250211749083e-03
1.215525939217724886e-02
1.496211405577877254e-02
2.883485266602860489e-02
1.575785656882582736e-03
6.314395628008447753e-03
6.109906331804033919e-03
2.089032211935172231e-02
8.720512936742369145e-03
3.519992813564751244e-02
1.213846174988692135e-03
6.792188690987320965e-04
8.694080056686209626e-04
1.679690193494388223e-03
1.263823097139564477e-02
2.609685734936685597e-02
1.170819494504832942e-02
5.191108361743416305e-03
2.320251894013939439e-03
9.646066938762730761e-04
4.579023203143930965e-02
3.742599718071522915e-03
1.963440780044549416e-02
8.023292353613645234e-02
5.207184571735599954e-02
2.240581541478157968e-02
7.353823752402878500e-03
4.484076084791770861e-03
1.360605060408692779e-02
1.359056325195027570e-03
5.013487795172681671e-03
3.259777874555173927e-02
1.208350699351114915e-02
4.923656173585252288e-03
3.304858116930281357e-03
3.929098037741081406e-02
1.987853040469171259e-02
9.314247679662893131e-03
2.535898593086960591e-03
1.826594916027556720e-02
2.244215755163978324e-02
4.089680866126156611e-02
9.744464054739498948e-05
6.792188690987320965e-04
3.342324012672057230e-05
1.414980463343349683e-02
1.047445767757980775e-02
2.659018130148620151e-02
2.490765737667746671e-02
5.191108361743416305e-03
5.342381986366672580e-04
9.646066938762730761e-04
5.777822239816444994e-02
2.870858400049585042e-03
3.168897980464419062e-02
6.554664760301787130e-02
2.478237191316170346e-02
2.314939758306796061e-02
6.472038957584415678e-03
5.977338585739136456e-03
2.368326147306425156e-02
6.201039755093921621e-03
9.196457524259717131e-03
4.186843244319091162e-02
2.070254906353266589e-02
3.995964677875658670e-03
2.503539269390289094e-03
3.929098037741081406e-02
1.987853040469171259e-02
8.092045949993454529e-03
7.530983870089775177e-03
2.555617089122174529e-02
2.471096227741925375e-02
2.091716148212091619e-02
4.317256267731070171e-03
6.792188690987320965e-04
4.448153719562394741e-03
1.266484774850330959e-02
8.364566855071144461e-03
2.289922385254334475e-02
6.943825589000715212e-03
1.083624633893327978e-02
1.176281642457401196e-02
2.592672246050163609e-03
3.832028696805091922e-02
1.829990242202654896e-02
2.321454945263337968e-02
6.793900441060084228e-02
1.868905941571075147e-05
1.832034545819913318e-03
6.472038957584415678e-03
5.050380643317331844e-03
1.787643412423245426e-02
1.063703104099717953e-02
7.979251700239057415e-03
3.271681578698070608e-02
1.672535364267418306e-02
3.899994694142065385e-03
2.316242620461355511e-02
2.938602893614186695e-02
1.950055343448346690e-02
8.092045949993454529e-03
1.402129835199538224e-03
2.047725183372108015e-02
5.661635462158899623e-03
2.091716148212091619e-02
3.877992843175435099e-03
6.792188690987320965e-04
4.448153719562394741e-03
1.259050329912509043e-02
4.509109048811250908e-03
1.682609340270226073e-02
2.345878123059599862e-03
9.277198267596006506e-03
9.951878929706269375e-03
3.677119167427944733e-03
2.490525262907510723e-02
9.633514742681481557e-03
8.486023452313574272e-03
6.448596257534339182e-02
1.345548376337319177e-03
5.327202833536878041e-03
6.847228706345448619e-03
2.715801511348594436e-03
2.906805936826670211e-03
1.414174100406476176e-02
7.606290430219374808e-03
2.887464038442099507e-02
2.691224499817233135e-02
1.799887233055203623e-04
1.472767816170725622e-02
4.522478206360264902e-02
2.565237860846824106e-02
9.866865202414615288e-03
2.233169849731024385e-03
1.039131842914609027e-02
6.831069723441200552e-03
1.669419853051098274e-02
4.340559711519944436e-03
7.339815637813595743e-04
4.620825323049265569e-03
1.665507197322704802e-02
7.969308010376784102e-04
1.866122884780940447e-02
2.345878123059599862e-03
8.982964437381002476e-03
1.566670703425813299e-02
1.253803251703899425e-02
1.524136357042537443e-02
5.634002072745804973e-03
8.628791367471999249e-03
5.246357384494289289e-02
3.727038316411229475e-03
6.376430474375652246e-03
5.744547310167979863e-03
2.715801511348594436e-03
2.550043056905797016e-03
8.791424841879703911e-03
3.556197459364982341e-03
3.709177037423476431e-02
1.250556228045510837e-02
2.195177322353865368e-03
8.947190910508891204e-03
2.625564789291716730e-02
2.840828538892819707e-02
1.087171387388746226e-02
2.233169849731024385e-03
2.956333745702130478e-02
6.831069723441200552e-03
1.036282739319921431e-02
1.544486082950320954e-03
2.064164827033407312e-03
5.338894098676348621e-03
3.778370008117485496e-02
4.678341604741932669e-04
2.700743517500768520e-02
1.698486048847895960e-02
8.982964437381002476e-03
1.338903720505810191e-03
1.084063328105626389e-02
2.286153029959028804e-02
4.591396390192598043e-03
8.628791367471999249e-03
4.016958885923003347e-02
1.690982153871938573e-03
5.470291606175780100e-03
4.800178669608750823e-03
1.825131781371861633e-02
1.853938498208549356e-03
1.214510624626477867e-02
3.359160210946882715e-03
1.933613561979616313e-02
1.987748652860282100e-02
2.275644253787827836e-03
3.969220939275387369e-03
1.735246157196159572e-02
1.256470763393014584e-03
1.696095592486086476e-02
2.233169849731024385e-03
2.821682569757510625e-02
3.769572424013444261e-03
1.081527323290871340e-02
5.971595985110617760e-04
2.357748660462552492e-03
1.040257286033279688e-03
3.178472328328819235e-02
4.678341604741932669e-04
2.755004654619420609e-02
1.743782397746878460e-02
1.150528559944662826e-02
3.308839814555299130e-03
1.632453361329737687e-02
1.835882975639310452e-02
7.985011349589609189e-03
6.128574685040249700e-03
2.258798602450265425e-02
1.947711466740443794e-03
1.116031367837309364e-02
5.549282890986374089e-03
2.626025643881808869e-02
1.022367231717928593e-02
8.387928947430537893e-03
1.205487920113361075e-02
1.713900558919969827e-02
3.466495751000130132e-03
2.914560870477221621e-04
4.175668308134046491e-03
1.735246157196159572e-02
7.146737302908779017e-03
2.453542369058724082e-02
3.484946084586468956e-03
1.505416763348861250e-02
7.239742710810374501e-03
8.213357888230354842e-03
7.504355724763007301e-03
3.882026145259101849e-03
6.478682412395075918e-03
3.418933152937884967e-02
2.666067638854633520e-03
2.506359267379627484e-02
7.395984282274802035e-02
1.881775711634933517e-03
1.116805950561656526e-03
1.813632145892584216e-02
1.796269483669116901e-02
9.674179569317771510e-03
6.128574685040249700e-03
3.404697556134215347e-02
1.005770732484387656e-02
3.520526098503645729e-03
9.845078610509309935e-03
2.952348965723296595e-02
1.195250807513556675e-02
1.951480235768460192e-02
1.223781346743797738e-02
9.833741572243644841e-03
8.535261291350199758e-03
5.832015907795383425e-04
3.386771925944263763e-03
1.774511885872248271e-02
6.952352955394928286e-04
1.056575160270985941e-02
3.839729427759374855e-03
1.100276634724316194e-02
1.573362574893833604e-02
4.390890514313575826e-03
9.980648236336923940e-03
2.609408672262968076e-03
6.875595401239525083e-03
3.713245536839123589e-02
6.385564801491295031e-03
3.492553411663206625e-02
5.451162208783045388e-02
1.881775711634933517e-03
1.106070473122510583e-03
2.288787450608637669e-02
1.876141291708227979e-02
2.764482864462251138e-02
9.757816675709617485e-03
8.279170221261882012e-02
5.546725491306379874e-03
3.520526098503645729e-03
6.107855912147565521e-03
1.255814941474977381e-02
1.149931396095120982e-02
1.100630808455271489e-02
1.223781346743797738e-02
1.241304340572183668e-02
7.448689230537491532e-03
1.017892420296477585e-03
5.115568614897101143e-04
8.566234218741343442e-03
7.825612386823132573e-04
2.082395002695813964e-03
9.558089107401010476e-03
4.719104968237654990e-03
1.395230500260265412e-02
4.878784636578675782e-03
1.026903221680046038e-02
7.613689280545469541e-03
1.887551536551420814e-03
5.867239383517416224e-02
3.011919842146965065e-03
4.181315008087824886e-02
4.453344367248712743e-02
1.881775711634933517e-03
9.165676226864736403e-05
3.386238621572747187e-02
1.764379443639624637e-02
5.024580245397491235e-02
1.351496618300250356e-02
8.771599295824390741e-02
1.832276018771430287e-02
5.433315005805299143e-03
1.335946829913991357e-02
8.609873704133359784e-03
1.149931396095120982e-02
6.665459031672713378e-03
1.214071654625610563e-02
2.816799897336237472e-03
4.004468076175255083e-03
4.396093941345278859e-03
5.115568614897101143e-04
1.239183582367640174e-02
5.811730348930066025e-04
2.082395002695813964e-03
5.670006905532350497e-03
5.400812256067642411e-03
2.626776791289944096e-02
2.592554213740617605e-02
2.282357794484986269e-02
6.699574989053227146e-03
1.145253116193983844e-03
2.405045850690396003e-02
1.116181100243703560e-02
2.156866375152976731e-02
1.999712265353531526e-02
3.452375172280581876e-03
9.165676226864736403e-05
3.386238621572747187e-02
1.001662436050551087e-02
4.041664308982334530e-02
7.972902901724870581e-03
4.777694435622669572e-02
1.250347594226972753e-02
6.227380906978730209e-03
2.015509512732571729e-02
1.111548472899029708e-02
4.486839298586071945e-03
5.482792946682659568e-03
1.657038012541447308e-02
1.482085543276880904e-03
2.114401706393512388e-03
5.157397775075501373e-03
1.481812202227577452e-03
6.859387248289872813e-04
5.811730348930066025e-04
3.657600509382099435e-04
5.452975167843136621e-03
9.443986609769992879e-03
3.158314160984426744e-02
5.320202223777892314e-02
2.428777745080194436e-02
6.447285905637211573e-03
1.145253116193983844e-03
3.923851097452066977e-02
5.960733510025639087e-03
2.576055824333105954e-02
8.852621406067021775e-03
6.239730163902498968e-03
1.057297114661395407e-03
2.026554716990285054e-02
1.916551463946550987e-02
5.725719617729355115e-02
1.068066690779433288e-02
3.748309391281023223e-02
5.044449612785373988e-03
1.420180811082989367e-02
3.534502822166560310e-02
1.111548472899029708e-02
4.128299508621781182e-03
4.061169966755848876e-03
1.989580668653042478e-02
2.090643830333600156e-03
1.046118457485431660e-03
1.118189000950648229e-02
2.255897819905044663e-03
4.859372793451777195e-04
1.901571635995180035e-03
1.322660975206330428e-03
1.193169752065068902e-02
5.755355763581602654e-03
2.356416703757414216e-02
4.930647838244155146e-02
1.198376769243062259e-02
6.447285905637211573e-03
1.145253116193983844e-03
4.395348738946764505e-02
1.664978342006837725e-02
5.744758163650102133e-03
8.852621406067021775e-03
5.665839930232323234e-03
1.059783634233232895e-03
1.136605566936776598e-02
1.712760641489236707e-02
6.247390760048057018e-02
9.686658138793772382e-03
2.644017136225360748e-02
5.304555117443020447e-03
6.699664957079661323e-03
3.534502822166560310e-02
1.488053336396406162e-02
2.881251556694437981e-03
4.068661296314609460e-03
2.010409570758142986e-02
1.165678509390033262e-04
3.173491693503719367e-03
1.054431851195538131e-02
4.156699197663822620e-03
5.470385807858524352e-03
1.901571635995180035e-03
1.720281204266874185e-03
1.182807345006373079e-02
9.289880130511751072e-03
2.532509721930925606e-02
6.117827384564852866e-02
5.655196068139016485e-04
1.032898519057171352e-02
1.145253116193983844e-03
4.876644861722596869e-02
3.828764070483880360e-04
2.461232083747232763e-02
7.801615441678084323e-03
5.559905628318597207e-03
3.761203166976373122e-03
9.391292978891796484e-03
1.962421104234755853e-02
6.900445534952234783e-02
8.810059200581910749e-03
2.671837214881772615e-02
5.511314811228848649e-03
5.545105392426199868e-03
5.021945902804758610e-02
1.481251074723618708e-02
3.563461715323448450e-03
1.331958169661518962e-02
5.825770627753169839e-04
1.838309921592732460e-03
1.311729018095703254e-02
3.221354206406905080e-03
1.066500875129351017e-02
1.036621305195656491e-02
4.480925977751617703e-03
1.178559006092192319e-03
2.715255839623363643e-03
1.288108703403722036e-02
1.531393147458384903e-02
7.107357329203506380e-02
3.360357609694262972e-04
1.377606902861395165e-02
1.194420344957961358e-03
3.496529887317818830e-02
2.377520829405547001e-02
2.461232083747232763e-02
1.090903815636849045e-02
4.877090493586519471e-03
2.409383252502559844e-03
7.539405924426836186e-03
2.999572552039799986e-02
7.467794535770874709e-02
1.108542071260466139e-02
2.073802040740290939e-02
4.353331518517657844e-03
9.291420581195542969e-03
5.259344607277192246e-02
6.773106401882827456e-03
3.563461715323448450e-03
7.591302384966819999e-03
9.959846421356876103e-04
1.838309921592732460e-03
5.821255386155462647e-03
2.144491025985914914e-03
3.178320623124978369e-03
1.139659423671938836e-02
2.161757129535582175e-03
8.288262210201857022e-03
2.173975618941550655e-03
1.990632933645060387e-02
4.973682409097934451e-03
3.254291790907510445e-02
3.360357609694262972e-04
5.985539239353167285e-03
1.194420344957961358e-03
3.496529887317818830e-02
2.060741220432429216e-02
2.371990941722479720e-02
1.715735033188205139e-03
5.727573742264870787e-03
2.378058995398310820e-03
4.743714666509575399e-03
2.227394249283110375e-02
4.831395879253905928e-02
7.248499180937575948e-03
2.073802040740290939e-02
4.243323451429488642e-04
7.841876304815370222e-03
5.951652803684036319e-02
5.102600329777683130e-03
3.781137443418162818e-03
7.591302384966819999e-03
1.733506486032177722e-03
4.255608649549106476e-03
4.452479651138126562e-03
2.394417292284184082e-03
8.769545732079636613e-03
1.126765545540237348e-02
5.158873214689066455e-04
8.389320514595063200e-03
6.823912034833244482e-04
1.765623034509499964e-02
6.539070675899670559e-04
2.695008629593289434e-02
3.360357609694262972e-04
5.786359452116379525e-03
1.194420344957961358e-03
3.496529887317818830e-02
2.060741220432429216e-02
2.475860152762363042e-02
1.715735033188205139e-03
6.848358638826977131e-03
5.498859443730340704e-03
4.605487783146691716e-03
2.806065688626116494e-02
2.350780683328784759e-02
8.501329856513317046e-03
1.696215209390984635e-02
3.360798082967065420e-03
8.185247034656169957e-03
6.413385447535420447e-02
1.266377835810452053e-03
5.443521893764978470e-03
3.045085481803900054e-03
1.023034722333693650e-04
4.397066633192746321e-03
9.484252874399853178e-03
1.449564456715993991e-03
9.356301606849349445e-03
1.678888139572374616e-03
4.587046412040511091e-03
3.093674611891307838e-03
6.694787400144782546e-03
2.051222946375586692e-02
6.419721208106235130e-03
1.692850957219781474e-02
1.977039789911676747e-05
1.286972666970857132e-02
1.677114313066253859e-03
1.251638658947868202e-02
1.233055020485563161e-02
2.956585250273120052e-02
1.108972873868356319e-03
5.507924026160192048e-03
1.111014998676568104e-02
4.353270852643566224e-03
2.932575434793398966e-02
3.102681647144276897e-02
1.282633688809174666e-03
1.272780474021661945e-02
1.995852731421056750e-03
1.166225715546696795e-02
5.374870967557215939e-02
1.249174263834780876e-03
8.182920801241971853e-03
2.909161860051376856e-03
1.023034722333693650e-04
6.495816355478587281e-03
9.400508515147175045e-03
1.995004348332753141e-06
3.783322916438403016e-03
1.678888139572374616e-03
2.863146074631881845e-03
6.398142552752568435e-03
1.095814349105991153e-03
2.186456900825100441e-02
6.210930807029564626e-03
1.620744505883679742e-02
1.977039789911676747e-05
2.027893485907482363e-02
1.540648808675514070e-03
1.840346180010729582e-02
1.895834440309694668e-02
2.956585250273120052e-02
9.837934969724728904e-04
4.781393937649593487e-03
5.779643376842915486e-03
1.240710285381460554e-03
2.883703877378514940e-02
2.159926249855850106e-02
1.485727260525871330e-03
1.452244251849977782e-02
1.969846477238417978e-03
1.209039788883585487e-02
4.140706655240004863e-02
1.512795182267157035e-04
8.455159041290211119e-03
1.927672879644767856e-02
1.023034722333693650e-04
9.788039621983803118e-03
8.224638324553799895e-03
1.995004348332753141e-06
3.604501481759912751e-03
1.438320475867647897e-03
1.663732427656503671e-02
7.631907568354554666e-03
7.032223793782803149e-03
2.260457239580238378e-02
6.210930807029564626e-03
9.364950745966389711e-03
4.930255278475679723e-04
1.820294659298501289e-02
1.843331839470231746e-03
2.526774142746037594e-02
3.602040921730383094e-02
3.865891172232843731e-02
2.689587990902373403e-03
6.277135691752615786e-03
7.299549057496378113e-03
6.288304293486039059e-03
1.925485196462107390e-02
1.470492872533894074e-02
1.485727260525871330e-03
1.606574311283835016e-02
1.969846477238417978e-03
2.121638700996929250e-03
4.236301806031709388e-02
7.318297326196405474e-05
1.313246990808938225e-02
1.927672879644767856e-02
3.951802378560895007e-04
3.267469220513585099e-03
8.224638324553799895e-03
1.995004348332753141e-06
3.604501481759912751e-03
1.287051975906055397e-03
3.172449597536756288e-02
7.757730447484587587e-03
7.289771204991786144e-03
2.563534798188792443e-02
4.714149871844932997e-04
1.763141758088384095e-02
3.141467859579868006e-03
1.023407623801326181e-02
1.218064650041339589e-03
2.882151231406132608e-02
3.602040921730383094e-02
5.878624505203589035e-02
3.739863263646166051e-03
1.609160915630766624e-03
1.065773007801646202e-02
2.348361955354857922e-04
1.925485196462107390e-02
1.925670551457544372e-02
6.853589997682479375e-03
2.356666532181112342e-02
1.969846477238417978e-03
4.380182483823510595e-03
3.882881821065344019e-02
1.996184489424559713e-03
2.255217798292372469e-02
1.645485722003674905e-02
3.240739355458717441e-03
1.254449674368239348e-03
1.423589769907780342e-02
1.475758146837606935e-02
3.604501481759912751e-03
1.465616096853465016e-03
6.548944084882005190e-02
7.083864375638907612e-03
7.713231884622081397e-03
2.605218533173568607e-02
5.122345619790264403e-04
1.763141758088384095e-02
1.446086056884537951e-03
1.401157749980373561e-02
1.653617416000641724e-03
3.808691575321780654e-02
3.602040921730383094e-02
2.527027762647110834e-02
5.470128464077214474e-03
1.691724653439704608e-03
1.065773007801646202e-02
2.275530163962179771e-03
1.795883288815688927e-02
1.223115346028261392e-02
6.851627771574598375e-03
1.750067560343959716e-03
2.939498368694642549e-03
4.380182483823510595e-03
2.235828035334113534e-02
7.137692907609904935e-03
2.361446443424169636e-02
2.888010823458185550e-02
3.410372190930482418e-03
1.254449674368239348e-03
1.604518780035644673e-02
1.730145013996382819e-02
3.615371514386032503e-03
6.092066942330628607e-03
4.866170803774616527e-02
3.257892197059800848e-03
8.691680825013526485e-03
3.791067573682026237e-02
4.408281842752419938e-03
1.993329707807819928e-02
2.863294899236068156e-03
5.134902114784428706e-03
1.653617416000641724e-03
2.514499054296615368e-02
3.803380337963208763e-02
4.265194857048480725e-03
1.285351535706704545e-02
2.498652307815749096e-03
1.197800985005088338e-02
4.959124165276190821e-05
3.385850786176862470e-02
2.967932851637263697e-03
4.082671810942023125e-03
3.322346663169647996e-03
3.409340783717062454e-03
6.388038439178754524e-03
4.632855129837400165e-02
6.689894514881541097e-03
2.045851508052239781e-02
1.745534712520172005e-02
3.410372190930482418e-03
2.030791822113569602e-03
1.887369327403371627e-02
8.860693579868759995e-03
8.582347515041513497e-03
3.218965434953641527e-03
3.392314742786169124e-02
2.306603661155794561e-03
1.226992834434974949e-02
3.832453770989854847e-02
5.569053739927167304e-03
1.809513806206489162e-02
7.625146096040169054e-03
1.606146986139541863e-02
8.387298651863152495e-04
5.263307226968759467e-02
1.975121889700331285e-02
9.621267540655930803e-03
1.758302184868800258e-02
3.435805447782392004e-03
9.560883734979284954e-03
1.229411330079831915e-02
3.358554865007083723e-02
2.484604812334355230e-03
3.828684696687224571e-03
4.540871075791374188e-03
2.834476501679701957e-03
6.130631533419366938e-03
3.481783619364592353e-02
1.567337753057619978e-02
1.474537786800969238e-02
1.605415155817424902e-02
3.123342756342450781e-04
3.725299492586059240e-03
4.729940632458891001e-03
3.400929028963274939e-03
3.426244790530148451e-04
2.291252416814631987e-05
4.812285406107259106e-02
1.985585737731017982e-03
2.448872610344715248e-03
3.111616238061065340e-02
7.036089532007006736e-03
1.638535341327057235e-02
2.257260191793480919e-04
2.154296633148683471e-02
6.951559202151293918e-04
5.573349841458016818e-02
1.056590449102531686e-02
1.516879331454008828e-03
1.472056177429332049e-02
3.435805447782392004e-03
1.090817785200515894e-02
1.534057687593756020e-02
3.426223570498223431e-02
1.670739882506324520e-02
7.930195975972836528e-03
6.033411031872343115e-03
4.110275493867169422e-03
1.542177441634537405e-02
1.859478582290482324e-02
2.694104866559150074e-02
1.474537786800969238e-02
1.108876196317818211e-02
1.482646904634505550e-03
3.654318274568260205e-03
1.591633816860010472e-02
3.083435800774882857e-03
3.426244790530148451e-04
2.291252416814631987e-05
3.425706172078996081e-02
4.001399230956112843e-03
2.306864453813932663e-03
3.017840860108672585e-02
6.032000365345223727e-03
1.193906556604447215e-02
4.335053541282144277e-05
1.859232799799657998e-02
1.485134476736913334e-03
1.563195861170744300e-02
2.089907979729683455e-03
2.529274555501047697e-03
2.217385358255629518e-02
7.404227025550672026e-03
1.090817785200515894e-02
1.821351369693742506e-02
3.771828245774155874e-02
1.115517890494400512e-02
6.717898489154962988e-03
2.453178601174913973e-03
2.866833309498335869e-03
1.101590289655874841e-02
1.828210178394002947e-02
1.687193132726678979e-02
6.934203281996967339e-03
1.601498338832126750e-02
1.175994351236204268e-03
6.877452216078324548e-03
2.057648738758057622e-02
7.421682725147272716e-03
1.377515262590135563e-03
3.506648153065112898e-03
2.302055959778359986e-02
2.242142204199033470e-03
6.003075180303329636e-03
3.038520322292054959e-02
6.032000365345223727e-03
6.690488875791136304e-03
4.335053541282144277e-05
4.443648297350681620e-02
1.012896590113734245e-03
1.695361014294589214e-02
2.089907979729683455e-03
1.823523851453576552e-03
2.759290821703182239e-02
7.404227025550672026e-03
9.058073923126843882e-03
1.417488946082386472e-02
4.550910089176934958e-02
1.855703162039163551e-03
5.429634671588138423e-03
4.612344842834724748e-03
4.468094086210985978e-04
1.101590289655874841e-02
1.828210178394002947e-02
1.961349975040856120e-02
6.998788025765725201e-03
1.595985949285022229e-02
1.292634217621000531e-02
5.276573678997487256e-03
2.333688488074617609e-02
2.422031961434156777e-02
1.377515262590135563e-03
2.819093591376377068e-03
5.469372717400579169e-03
4.208059942648913893e-03
9.304001997376363034e-03
6.029483362914873218e-02
6.032000365345223727e-03
6.101626154354373652e-03
4.335053541282144277e-05
2.476062672863919151e-02
1.429419632510112994e-03
3.143910103314822430e-02
1.737726007801507905e-03
2.673761010900684628e-03
3.101374587676921507e-02
7.071261674303929226e-03
1.822890890976130301e-03
1.725530320044622824e-03
4.574203928455999185e-02
6.154276405957399831e-03
4.255374122535014389e-03
4.486632121035554789e-03
5.604677842445155052e-04
1.398074500686025644e-02
1.828210178394002947e-02
9.878853614281851020e-03
1.259736178755409969e-02
7.580308627882744940e-03
1.226176832362212490e-02
4.256430270516678785e-03
3.929137358169706301e-02
2.087259657054924347e-02
1.616206880545555330e-03
9.032023174228152873e-03
5.611727745017330328e-03
4.992337874156777683e-03
9.171347400827322555e-03
1.811752167380589404e-02
6.032000365345223727e-03
1.742495420892656993e-02
3.238046943069038293e-03
1.594176276260669822e-02
2.036426114721573855e-03
3.632976668130696862e-02
1.094329106974184507e-03
9.605364253627759336e-04
1.503465473445133281e-02
9.754616526686413908e-03
5.145376031294350040e-03
4.195941519964888761e-04
6.340487849383870389e-02
3.537621235127767425e-03
6.038947508032034214e-03
6.885197325814803107e-03
7.511707215782740914e-03
1.398074500686025644e-02
2.242734650298938703e-02
1.703815584462462993e-02
1.277319457329006459e-02
5.798015432171694378e-03
1.043429846035529018e-02
6.646380130511021604e-03
3.062434910592564535e-02
2.175426458041410105e-02
6.145147906741059082e-03
1.093946625414690330e-02
5.780887347400016051e-03
6.732064325276789288e-03
1.325247056254841467e-02
1.266882692297913865e-02
6.113005783053343002e-03
1.992495835416622021e-02
1.973702125948534510e-03
1.183211397440963111e-02
3.359995068953744793e-03
4.656822447900694356e-02
6.099836484864591159e-04
2.492779385846384445e-03
6.901836593904179910e-03
1.700169851074527505e-02
6.164740901578993904e-03
4.195941519964888761e-04
4.603400819664309890e-02
1.740682882951519747e-03
5.222875806773321847e-03
1.809067729571213479e-03
2.681105210274686151e-03
1.820965233951844786e-02
7.675591403780848004e-03
1.810166345096870730e-02
2.103686423007976661e-02
8.843329197706840950e-03
8.180605525720498900e-03
4.395183100502700335e-03
3.062434910592564535e-02
1.263850410038371182e-02
7.892274484819446212e-03
1.663941259459522648e-02
9.780134028349016934e-03
1.004602458108225585e-02
2.588672745225915894e-04
1.766636303919623049e-02
4.593638780487950893e-03
9.356876933352336473e-03
1.973702125948534510e-03
1.760034528436597162e-02
3.925279326980935651e-03
4.163127580965995944e-02
6.279816839906509490e-03
4.855333214410437193e-04
2.059208905319544203e-02
1.500067486106853448e-02
8.449317843621656499e-03
4.195941519964888761e-04
2.543874296521975512e-02
1.561277370380923998e-02
6.232711253225398269e-03
7.382844918575763582e-03
1.111463696314984873e-02
2.031916501810326903e-02
9.105031009250093288e-03
3.165779427515562350e-02
1.812492790300763296e-02
1.430283280394506820e-02
7.335820997941726491e-03
5.167385864417950447e-03
2.629734744190517087e-02
6.289301310610484995e-03
1.493503025346737401e-02
1.834456698844201539e-02
9.780134028349016934e-03
3.586437982447289799e-03
1.110831749359742111e-02
1.422691203857920361e-04
5.940619968758676858e-03
3.076937233332807317e-02
2.824399010438224077e-03
1.615556780652689650e-02
1.805112117258197285e-03
3.201981181647092084e-02
3.642793480557153171e-03
4.855333214410437193e-04
1.638484498582865392e-02
8.303725967108661898e-03
4.808695318561957179e-03
4.151363391662235558e-03
2.992955523552523478e-02
1.479317912843214344e-02
1.006565501877971884e-02
3.871451833136755477e-03
1.723024214127944972e-02
2.444856588570030326e-02
6.879976891835364559e-03
2.781244348606128416e-02
1.217043359107507217e-02
2.281102392010004448e-03
3.943492705667170362e-03
1.216326822144024253e-02
2.917712743488418484e-02
3.132081023655072793e-04
1.439574309304658337e-02
1.638701080177864741e-02
9.397542602085775382e-03
2.009103260708619554e-03
7.601222896689975236e-03
1.775582193063526479e-03
2.873569883498120880e-03
3.076937233332807317e-02
3.652658135860962704e-03
3.193022565262055440e-02
1.805112117258197285e-03
3.032524341244781721e-02
9.983193955417253573e-03
5.037646687041850285e-03
2.913368988169542234e-02
7.184854878461437340e-03
4.737537799532913832e-03
8.015141214902460343e-03
1.071009604122474118e-02
1.174675940544719042e-02
1.178452145692481662e-02
9.649378628985513101e-03
1.184894031971560520e-02
1.665662359923310992e-02
5.045993400223178736e-03
1.857989175996068582e-02
2.682273244375437543e-02
4.324383246149467348e-03
4.222309777677242526e-03
1.216326822144024253e-02
1.626938714581901285e-02
2.881342641231518682e-03
2.366882469957660301e-02
1.195537799830685352e-02
2.823486254570283654e-02
2.009103260708619554e-03
1.157824930795426852e-02
6.228835062881244757e-03
4.485661021357011807e-03
3.808137332898277327e-02
4.110286629613183092e-03
2.273186950846535839e-02
1.805112117258197285e-03
3.032524341244781721e-02
9.983193955417253573e-03
3.585631117483537370e-03
2.620872037281491915e-02
5.823836488573709037e-03
9.073174201152868490e-03
6.530454397251881336e-03
6.380742199485647630e-03
5.694602761472772855e-04
8.009148123320699794e-03
4.678677068101207842e-03
5.046055513754257697e-03
1.381877318693061976e-02
5.867217613393450708e-03
1.380532112423897562e-02
9.057114317321021679e-03
5.560328477069340428e-03
3.862164254376224473e-03
1.768346327508392088e-02
2.490782433107244231e-02
2.357994303857085736e-03
1.699460319399163921e-02
1.835094394390691247e-02
4.056532804154269756e-02
2.009103260708619554e-03
1.131558669757238601e-02
6.228835062881244757e-03
5.008076978461587989e-03
4.112454784561454801e-02
1.141195152008746098e-03
6.232850336256283083e-03
1.208634960121522661e-02
2.382493735348542585e-02
4.768797633431858148e-03
1.072018629027053638e-03
2.726757746760273549e-02
1.141995387233375389e-03
9.073174201152868490e-03
3.998230604750834666e-03
1.107106049673357503e-02
8.115211698785096406e-05
1.668636584637403497e-02
1.127436851355976752e-02
5.445943295141550920e-03
4.210850158022841350e-02
2.756214948828774984e-03
9.055139533022147497e-03
3.602910371474722694e-04
8.687600595969600242e-03
6.488317085132193351e-03
2.618237588351463724e-02
2.490782433107244231e-02
5.265580979584942416e-03
1.742819561459301933e-02
3.113047893362841725e-02
3.030178559296915070e-02
2.527656196583818321e-03
9.968779764666077514e-03
5.340123797993344586e-03
7.040096686808917925e-03
4.112454784561454801e-02
3.622360621060888731e-03
1.718360225146672512e-03
7.983878510638085443e-03
3.742758489159407620e-02
3.419577828928508333e-03
6.424441876319662154e-04
2.841872570661652803e-02
9.524113026483821062e-03
1.320829056409406586e-02
3.664884191667470287e-03
4.672102000829563007e-04
8.115211698785096406e-05
4.613195968309434861e-03
2.491073426716495023e-02
1.813171622811648098e-03
3.286429128409576461e-02
3.258946674303759075e-04
1.085876874132293488e-02
4.666152618093797081e-04
1.808868215641577099e-02
2.021900853911976371e-03
2.223271549163200606e-02
9.855822610139562331e-03
1.593925927532945791e-02
1.068055269446863478e-02
1.705039870424141651e-02
2.590167564646694495e-02
1.127638934619888678e-03
3.449427217775355176e-03
6.316536696132187684e-03
6.664981152535822892e-03
4.112454784561454801e-02
8.737904306685924383e-03
5.519103681011004563e-04
7.931206005247324817e-03
3.656337681886168839e-02
6.373379980455727220e-03
5.591246396026868654e-03
5.139766993600494716e-02
9.626564473319380866e-03
1.657164461826705210e-02
7.055307564193976505e-03
7.289122165712863879e-03
8.115211698785096406e-05
4.189685417876761256e-03
2.040831112275441617e-02
1.924694786492764376e-03
1.397913944138198805e-02
3.258946674303759075e-04
7.458542912314651205e-03
2.700474191012164002e-03
7.643205387651470090e-03
8.772768563145924223e-03
2.304220190548508795e-02
2.497034957177635822e-02
7.356076165789718346e-03
1.921608185825912293e-02
1.576082967762381520e-02
7.706861613896248686e-03
3.691840311249063034e-03
4.082668793927901954e-03
6.284641965141564424e-03
6.314891801086214285e-03
2.425389292846519967e-02
1.261827147671573321e-02
4.485335078360784024e-03
4.928689441242498255e-03
2.237708234004892605e-02
4.719695171652076547e-03
9.065632635968500636e-03
5.139766993600494716e-02
1.225536138683865073e-02
1.657164461826705210e-02
4.506183158390733232e-03
7.289122165712863879e-03
2.753132450463192937e-04
4.189685417876761256e-03
2.223805128358283950e-02
2.087154212853188119e-03
1.232306470296326215e-02
3.258946674303759075e-04
7.602519970422209027e-03
2.700474191012164002e-03
5.183217580821514528e-03
7.604564007066900305e-03
2.490558888029118650e-02
3.014544197760915187e-02
7.365277437993262254e-03
5.570873147680570348e-02
1.786990039105923467e-02
6.679472084431175259e-03
4.609634753123240461e-03
6.181651684266703875e-03
3.293055663871662098e-03
6.372736475814979804e-03
4.565452521781171447e-02
1.701821500054972666e-02
2.662244507436164510e-03
2.008366111033190599e-02
2.745029457522007998e-02
4.408635160238491904e-03
9.665794017730090087e-03
1.976614413956927913e-02
2.512258852061261330e-02
1.132987569903539174e-02
4.120689618341572685e-03
1.202439734826234174e-02
3.825924316917438985e-03
4.350397120146794194e-03
2.561500542807487041e-02
2.142340223892452711e-03
8.168183186338382959e-03
7.071809637086755827e-03
1.473314730474685821e-03
1.587070115078430613e-03
6.781632654517981591e-03
8.518335895940174624e-03
1.122829626359399431e-02
2.874686759349340953e-02
1.195758466205190836e-02
3.859689070403381217e-02
2.135969717425601974e-02
3.624015916650730543e-03
1.753577919161137741e-02
5.846777729826641012e-03
1.242469652096698032e-02
4.688867531430737298e-03
3.121069788244408214e-02
1.258835234593416903e-02
9.988293203589231062e-03
2.558707773728261317e-02
1.761249417551532387e-02
9.339390663118153635e-03
1.614988589594635801e-02
2.782960165013176335e-02
1.533697393792710084e-02
8.257755343345878074e-04
7.117885942760852468e-04
3.445379116889333432e-02
3.825924316917438985e-03
2.978440454526717213e-03
3.499788471250712962e-02
2.142340223892452711e-03
8.168183186338382959e-03
6.020140476295570038e-03
1.357903899114224627e-03
1.587070115078430613e-03
1.699203057346884704e-02
6.115560110954512858e-03
7.169909047027215807e-03
2.424674010005539726e-02
1.277059713376045569e-02
1.483186876968388065e-02
2.130481195198756506e-02
2.215795148289324487e-02
3.089188796463533324e-02
5.894084497220245834e-03
9.908346375865987807e-03
5.501549009749021578e-03
1.732135140467810572e-02
7.847990663600137515e-03
3.590531615263915441e-03
1.994677559129446470e-02
1.856249117260293235e-02
9.339390663118153635e-03
9.661812340511036559e-03
2.071605482677134347e-02
3.819531918285861121e-03
2.988889995941802335e-03
6.638687861233970311e-04
3.445379116889333432e-02
7.186978457568765979e-03
2.978440454526717213e-03
4.710271116373256767e-02
9.231685507954244529e-03
7.829543843391937458e-03
9.538200557279441494e-03
1.240831205366276684e-03
1.587070115078430613e-03
1.510597847942866077e-02
6.115560110954512858e-03
1.040472417008833465e-02
2.349441478944605186e-02
1.548431247043332432e-02
4.077872320442516019e-05
1.964265675389223476e-02
1.240096552654369744e-03
3.089188796463533324e-02
7.590884138900784103e-03
3.657384637336727473e-02
6.359511123953665024e-03
2.760273133226999465e-02
8.222908298555339432e-03
7.161485319494068774e-03
1.829479539665297694e-02
2.267333182403435260e-02
9.339390663118153635e-03
8.059781352182470923e-03
1.317374978862882740e-02
5.332292583926466836e-03
1.228703484181983829e-02
1.211031448854197950e-03
3.936806974823233579e-02
8.902502579793428183e-03
3.811843189936459445e-03
3.719284732827211892e-02
2.557429423198251742e-02
8.590824965557943005e-03
7.048893221655055073e-03
1.517735263364271454e-03
3.236670139036722325e-03
2.452870447493050304e-02
7.927137901790014957e-03
4.319632885921287357e-02
3.247283556481624783e-02
1.818833535844413887e-02
1.607978363009218009e-02
2.014504278122725839e-02
4.081670773648909609e-03
3.543816993735584425e-02
6.486763928737020873e-03
1.972585132857854889e-02
2.297269807623604498e-03
2.303638880497637167e-02
1.030610915568166974e-02
1.659905265931251039e-02
3.357917268974894981e-02
1.240007504746507526e-02
8.249297620880119072e-03
7.559273154028785420e-03
1.549158643940854591e-02
5.332292583926466836e-03
9.076328929222023806e-03
9.015985179005443079e-03
4.090918962112712054e-02
2.946792618377120504e-03
4.395526186175925665e-03
4.198169303533792751e-02
2.989306885953839366e-02
8.590824965557943005e-03
3.497972405678395624e-03
2.907055091422564366e-03
1.142110265023787638e-03
1.989451504170363857e-02
2.618536604903274473e-03
2.952925159444037134e-02
3.125660055764978296e-02
1.840029343400089237e-02
1.480911393705380483e-02
9.262698954528023661e-04
1.328689575845595425e-02
2.270093339061638946e-02
7.978988913183004267e-03
1.723677583854233211e-02
1.919823532724393433e-04
1.744147732206033363e-04
1.316983330763083979e-02
1.332901813818438211e-02
3.417663434534000400e-02
5.603191593912420533e-03
2.565875362932606291e-03
1.896045252810566600e-02
1.220626877707474064e-02
5.332292583926466836e-03
4.755702555505768661e-03
7.865916602984128481e-04
5.192495834311701419e-02
8.976465007608038643e-03
1.622760638142147632e-02
6.260427312936703292e-02
1.695026021444053996e-02
4.721024402639916948e-03
1.547770021003307128e-03
1.274984737080565693e-03
1.142110265023787638e-03
1.937429229855422777e-02
4.861528401553727279e-03
2.955529040912453081e-02
4.966492887833442310e-02
2.554994837830342619e-02
7.460167692031791434e-03
9.690654169369589468e-03
3.310091481640987758e-03
1.550876106360135967e-02
2.658368467167404083e-03
5.393652358084255471e-03
1.919823532724393433e-04
2.966687768206286747e-03
8.431479784916637299e-03
9.310545225527848065e-03
4.900444136162854236e-02
6.415983241151578843e-03
4.570537224127119158e-04
1.896045252810566600e-02
8.355962676209513496e-03
3.096705911046732790e-03
2.070175223557825517e-03
2.452657983983432943e-03
7.251134767613917620e-02
6.595645793540295780e-03
1.113448204339966864e-02
4.276346744281154383e-02
1.905177990467563087e-02
8.383339180272324914e-03
2.913431177801044034e-03
5.422310681195609099e-03
1.142110265023787638e-03
3.527200860933241838e-02
9.168189249724185974e-03
2.642058136396201878e-02
5.604089643244328234e-02
2.592255249809343950e-02
1.795372487370061262e-02
8.100049847981169449e-03
6.373388847252399111e-03
1.186412159002866139e-02
2.842884888178047118e-03
5.393652358084255471e-03
2.550832010656534435e-02
1.099704934187301780e-02
4.802109910098400006e-03
6.059044617431741560e-03
1.765877202980286470e-02
1.211184320951986908e-02
4.570537224127119158e-04
1.943543551261177685e-02
1.933024626455009595e-03
4.847514066964733054e-03
3.096719234771672970e-03
2.880613492718655556e-03
1.226204589379772253e-02
5.207042594673361169e-03
1.495615850291232007e-03
3.075271055069571033e-02
1.449481363739927448e-02
4.232662695361270183e-03
2.913431177801044034e-03
1.056757799965737932e-03
5.229177673364126394e-03
1.930968357809716152e-02
2.280878495436791924e-03
4.284227350658760536e-02
6.805866511178401690e-02
9.618985595624995541e-03
1.513245234373075156e-02
5.202891604391406567e-04
4.003128290029973890e-03
1.284801799391828078e-02
1.236878626503724876e-02
6.534199964080243672e-03
3.477320331886203653e-02
1.232311788717903485e-02
4.085078396785749022e-03
2.006047994276975374e-02
2.154316502370229661e-02
1.981410576123058404e-02
6.000405369398980693e-04
2.005058427450024695e-03
5.867806968426368328e-03
4.627865695751649973e-03
2.156737023677162812e-03
2.982979606629540190e-03
1.239224205821335204e-02
1.766295092367877601e-02
7.717060985245368775e-04
2.017699970793575617e-02
1.542139049202571367e-02
5.267039107732429150e-03
2.010606911301938710e-03
4.961475722357056028e-04
4.476471319346944817e-03
3.103136597212157594e-02
9.200086006858438845e-04
4.284227350658760536e-02
3.753834743605207608e-02
2.111272807274142821e-02
4.277964971115606752e-03
6.218406663195793962e-04
1.312588923720808820e-02
1.674236172223683705e-02
1.891609285607524088e-02
9.190960166676172619e-03
3.342219656763542601e-02
2.725967897686598987e-02
3.718986342309257842e-03
1.059526756394773249e-02
1.570722216990585313e-02
1.869841019539172228e-02
5.414265170975418855e-04
2.753892574976281836e-03
1.667292302173989382e-02
2.120434242446715516e-03
4.035256482562692149e-03
2.843054287902912688e-03
1.027577580838092558e-02
3.413112201774055887e-02
4.310738145536029998e-03
8.045121948489818500e-03
1.360831166813437909e-03
7.149075794120728772e-04
2.476541788206043041e-03
3.684676784275082821e-03
1.880502435417906199e-03
9.544308881599065930e-03
1.022052229977830256e-03
1.086895140694930234e-02
3.530708407921740594e-02
2.111272807274142821e-02
4.311696398692266979e-03
1.205360688293877387e-02
2.007081564916662203e-02
1.808926952912589398e-02
1.261641199245803341e-02
4.581781782839462573e-03
1.432870861075572974e-02
2.261722670507513785e-02
7.326120151072252999e-03
1.030031073377763590e-02
4.963207337386708710e-03
1.916410362028080072e-02
7.944870102201302686e-03
5.014828344472425231e-03
1.012842441566321611e-02
8.192184543273783740e-04
1.655807205477248523e-03
1.022924476063502564e-03
8.316549202386192344e-03
3.356783516213582286e-02
4.053188367670277140e-03
3.536961544302523464e-02
6.802547811429387158e-03
1.493478906113542828e-03
1.370790997071354503e-03
2.881196078468256996e-03
2.839468685439517151e-03
6.944412366151255650e-04
2.845856368066829525e-03
9.009640610106027514e-03
3.530708407921740594e-02
2.279358672934671953e-02
7.801569674461529547e-03
1.092959851149453640e-02
3.240505355863351061e-02
1.950368622394589233e-02
1.072475662294745079e-02
3.150574835034274102e-03
1.101731385856508788e-02
1.725405999837285875e-02
1.289495974529406355e-02
4.232152459962609109e-03
1.048211240155016988e-02
1.879901146452266428e-02
6.087787536124746046e-03
5.014828344472425231e-03
9.747227173140575462e-03
3.721979669193560200e-03
1.655807205477248523e-03
8.185618246469232584e-03
1.226099380389572731e-02
2.958587815381712866e-02
6.725276142216352927e-03
5.816104798429015676e-02
2.817367901083365350e-03
7.666221096409414279e-03
3.232766936240982075e-03
2.100561183189952712e-03
1.756854615824924659e-03
4.035065929753513768e-03
5.250833502562207017e-03
1.243215251738111898e-02
2.348145812371750518e-02
2.279358672934671953e-02
5.548376754228051370e-03
2.814044133819696564e-03
3.773982377041666669e-02
1.423019703882810044e-02
9.963651422944051761e-03
5.222552145523421535e-04
2.057056160281850107e-02
1.349464109946176861e-02
1.190518168917470247e-02
2.315937143419491894e-04
4.791035948693150859e-04
3.036303822583209799e-02
1.684542573863159753e-02
5.014828344472425231e-03
1.709900349999161906e-02
3.402151575380458950e-03
4.340767641831260598e-03
7.510998992097273758e-04
1.684616123004289284e-02
2.185531838211307934e-02
6.017529651596738131e-03
6.634342665926673543e-02
1.686184339210901328e-02
6.151784678959877455e-03
5.874316847474305228e-03
2.100561183189952712e-03
7.556151679771805352e-03
1.644178428912229130e-03
1.278045728042357526e-03
1.323001784008780331e-02
2.666981893926051450e-02
1.031795317590269295e-02
1.429296634678001859e-02
2.814044133819696564e-03
2.833906377335152979e-02
1.244279445898497163e-02
1.074398207780202959e-02
5.222552145523421535e-04
1.812698716656612960e-02
5.229481705160368699e-03
1.278760994395760145e-02
2.315937143419491894e-04
1.747548316990778054e-03
1.857312460933072118e-02
1.590267541012616026e-02
8.589634193623215189e-03
2.185185448874431627e-03
2.581149541401532577e-03
9.902617726414743304e-04
7.254350023424765287e-03
1.767868311886492544e-02
2.056582244737558546e-02
6.799629486342910131e-03
2.813269564837812473e-02
6.827320479616103346e-03
6.743192154804397882e-03
4.125492873866692251e-03
2.100561183189952712e-03
9.522590460154706921e-03
2.131810472088412241e-03
1.429781463018714926e-03
1.090050039059417553e-02
1.167097837495938845e-02
1.249791244554962315e-02
8.884561588453349437e-03
6.192227387682082418e-03
1.399302723249495201e-02
1.228505068892112723e-02
8.898624953456248793e-03
1.197718177384062260e-03
1.826358460303448977e-02
7.880050499434809036e-03
1.736219173700322832e-02
1.140898767761471325e-02
5.570612308335920991e-03
1.408567865988544048e-02
1.580644756181508875e-02
3.145655248713248586e-03
3.050548365253416896e-02
5.505130380138497509e-04
4.747770568369100164e-03
7.409576347170659591e-03
2.895990029580015890e-02
2.874210200749563460e-02
9.604839192960708608e-03
5.181309692041642656e-02
1.847592409747763828e-02
6.819297126104031936e-03
4.425758282069868453e-03
2.100561183189952712e-03
9.256357348343480576e-03
2.704684373881372644e-04
1.429781463018714926e-03
1.085881024568616585e-02
4.879214378136263394e-03
1.906367872262577923e-02
6.557364931279598130e-03
1.582071769075862888e-04
1.150098917726992583e-02
6.078350963255266942e-03
1.231455741604747106e-02
1.256995951632997564e-03
1.425872075553020341e-02
2.430116815766052152e-02
1.736219173700322832e-02
7.706973902280649276e-03
1.950550825065853642e-03
1.440909092649562788e-02
4.046688428811356930e-02
4.349203574796624630e-03
2.371929263783580447e-02
3.486649618008534623e-03
3.364281485907776904e-03
1.571816172407042300e-02
2.329734708923562186e-02
2.133115576409707476e-02
1.198940367832567605e-02
4.679702024266835236e-02
1.721460547706656075e-02
5.636179053479346661e-03
5.186700791355544279e-03
1.228935721441808127e-02
2.292616848472383423e-03
1.206143854326864606e-02
1.429781463018714926e-03
4.209004056283608547e-04
4.966784380615700545e-03
2.400690326187965296e-02
2.655004496690248263e-03
1.582071769075862888e-04
6.892807912573804645e-03
8.188601308046598859e-03
1.236709003245985150e-02
5.471696244622129696e-03
7.081326587989922143e-03
1.594126890873785035e-02
1.828351190970585807e-02
8.374117134048722141e-03
1.447022180003938469e-03
1.866646754352629251e-02
1.435246552199973685e-02
2.821657945085816448e-03
1.118919376805303442e-02
2.736859713966864269e-03
3.364281485907776904e-03
1.254520759279140717e-03
2.477331433605128516e-02
2.724849226893592477e-02
1.336037141990040894e-02
8.117992130827764163e-02
1.214214749750662514e-02
1.221678154446416767e-02
4.184325596927162237e-03
1.812643841279948376e-02
5.319171553613386179e-03
1.206143854326864606e-02
1.429781463018714926e-03
1.782044182117414020e-03
1.835868520179331081e-03
2.116625825283069418e-02
6.776723726918362431e-03
9.921634904748318287e-03
5.632703053817548697e-03
8.392287522634848604e-03
8.429076034500677245e-03
2.429605641592075954e-04
1.167295332494525453e-02
1.870327638553976116e-02
2.679915878081513131e-02
6.768566676798709256e-03
8.108138154786032059e-03
2.906649875994885349e-02
1.263512284661717083e-02
6.987131335764333595e-03
1.552886668455663415e-02
2.831667963258083925e-03
2.907949614437843871e-03
3.930006569529588198e-03
2.477331433605128516e-02
2.434248395279874078e-02
1.336037141990040894e-02
3.848692363555024365e-02
4.819078928397963618e-03
1.434111975124484697e-02
4.184325596927162237e-03
1.956609461702431274e-02
4.829144196847882237e-03
1.072974831554678564e-02
1.626384792534201710e-03
1.204750844673954571e-03
8.538155957485424677e-04
2.041872519898747795e-02
3.171617278257626849e-03
1.228721863724794271e-02
1.176736472929471033e-04
1.668869251701073433e-02
8.032172518218225893e-03
4.301904585203139043e-03
7.239533859047141834e-03
1.627850847112021632e-02
1.484289156849680907e-02
1.408600816969074812e-02
2.133090527153159478e-03
6.285274065889902284e-02
6.560421007433991231e-03
8.075318144166324444e-03
1.244693332377037019e-02
2.831667963258083925e-03
7.517983945842748525e-03
2.161034770804520083e-03
3.505318079187856595e-02
2.529095796387976353e-02
1.336037141990040894e-02
3.093425999585874830e-02
3.208147200079114469e-03
1.627607896884406685e-02
4.352346175613534124e-03
1.287607186643309302e-02
5.827546465447971252e-03
9.711331987082077663e-03
1.626384792534201710e-03
4.847660878066969992e-03
8.538155957485424677e-04
1.762847454514328283e-02
1.510801167234152725e-03
1.053415823943015112e-02
2.792078419213692327e-03
1.516421988602925826e-02
6.114920815348616132e-03
5.026567121716792041e-03
1.664548776277089553e-03
1.179551525366955705e-03
1.696510274245373187e-03
8.772846891279318521e-03
4.527747142480222434e-03
2.244533381541300582e-02
1.537662489871413803e-02
1.169204001052041864e-02
1.537794818453228594e-02
1.401589653494340199e-03
8.971998975780262273e-03
8.657384263014360898e-03
2.745033555591606597e-02
2.581276529726696939e-02
1.335540056624887582e-02
2.180314993877796592e-02
3.029524266192565405e-03
2.402463583038643574e-02
1.215567908831954522e-02
1.478038437559646597e-02
1.256778944928031716e-02
9.637702783536952061e-04
5.676380174847023546e-04
9.590996299744546094e-03
8.538155957485424677e-04
1.655458833277020578e-02
8.762386917989244128e-03
2.988993198215054298e-03
7.450504279828216309e-03
1.700099917009089551e-02
3.739673479358690544e-03
2.593140922666064933e-03
4.939084826063814410e-03
2.542247019401976636e-03
1.105214816911450791e-03
2.251651022765255306e-03
5.018023586495275017e-03
3.257864562458773899e-02
1.756564863063817331e-02
1.082027831015465458e-02
1.537794818453228594e-02
9.856478234108154851e-03
8.971998975780262273e-03
6.710787599464100930e-03
2.483837503561319576e-02
3.463721043566772573e-02
1.848793713662040886e-02
1.515516885933541891e-02
5.767644722144947729e-03
2.026925067289513105e-02
2.934678512936692713e-03
1.159746974202677597e-02
1.479676769266013645e-02
1.430599503264776487e-02
5.676380174847023546e-04
1.719740308748525515e-02
1.017844846480775792e-02
2.213763744988080789e-02
5.006351482863814067e-03
1.822203933706991602e-04
1.009662492065728154e-02
2.793628311802986985e-02
6.689721045853577047e-03
2.593140922666064933e-03
6.780701130286418028e-03
2.542247019401976636e-03
1.575106691940058798e-03
2.135494933109915658e-03
2.535759249400856147e-03
2.316623979293954208e-02
1.407907505833990401e-02
1.101058702843245481e-02
1.106795770108335436e-02
1.298239465964597106e-02
1.022768269166821932e-02
1.410929606582128626e-02
1.444914014471262997e-02
4.874202787985773555e-02
3.144475487486694115e-02
1.430420271920610116e-02
2.971800201468017752e-03
1.628582326392311388e-02
4.435735442999148327e-03
1.564315110192635722e-02
9.954999618993928129e-03
1.181823797972469253e-02
7.271574087052336960e-04
1.419485416732819971e-02
3.336027251454030864e-03
2.700842229431114558e-02
3.808830803023641534e-03
7.029869159236986666e-03
8.569033874768375997e-03
3.229842071068863424e-02
1.196694253916620945e-02
2.747184210459761768e-03
5.839816629376510387e-03
2.542247019401976636e-03
3.179242086437333512e-03
1.550710516875985524e-02
2.678573366175350523e-03
2.781112859428925416e-02
1.124741080566889553e-02
1.765962687333778522e-02
7.031144644094380718e-03
1.298239465964597106e-02
2.073226154460578591e-02
2.128327204212694668e-03
1.601453671627773440e-02
7.498455153546278174e-02
1.451543956774770973e-02
7.191378665300878631e-03
4.378406105599070772e-03
1.860463162299902384e-02
2.136932349151470997e-03
1.384226187969374300e-02
7.495550928757642103e-03
9.952098107856636316e-03
4.974321707690031874e-03
2.142548861091145632e-02
1.883568497051161693e-03
1.405761724625975706e-02
6.370053406874591831e-03
7.175779555744495747e-03
1.009740838815565561e-02
5.316869729399945066e-02
2.813805788031194938e-02
1.380726639851903234e-02
5.839816629376510387e-03
2.542247019401976636e-03
1.935710132443169054e-03
1.002659227166150316e-02
1.802763650661339326e-02
3.670976137418088120e-02
9.821637242280314983e-03
3.860068102867098006e-03
2.549350217398611840e-04
2.120127014289340667e-02
2.073226154460578591e-02
4.735073182704184480e-04
1.410513977339634614e-02
5.761248895050394281e-02
1.918449017722632238e-02
8.050394045496241102e-03
5.833215206191028762e-04
1.923499969182971767e-02
7.456554314000439151e-03
1.484066660536293922e-02
5.319245923965902276e-03
1.068690540647846896e-02
6.011494101137209757e-03
3.244396222580198108e-02
1.883568497051161693e-03
1.752127462002869146e-02
4.699168788889040993e-03
7.241480550323625004e-03
1.011827798755976157e-02
2.839743728775059525e-02
3.880535874169172700e-02
6.293670546397193456e-03
9.861308122937510051e-03
2.542247019401976636e-03
3.637810289782322272e-03
8.323529950925431797e-03
1.923373592128545251e-02
2.806804414338253881e-02
1.025431381293790203e-02
4.144032623755222570e-03
2.762835496700892166e-03
1.099363751300907327e-02
5.051829138500166932e-03
1.767352307949789179e-03
1.630234891875272443e-02
4.157191695331320658e-02
9.491564586730205297e-03
5.505433003898349206e-03
5.323548568017458368e-04
1.843873862064645749e-02
1.211501526386922142e-03
1.436620648086722046e-02
9.127650059263194351e-03
1.572612184853629941e-02
7.799782835939568330e-03
4.624146033099314768e-02
2.399227491667044188e-04
2.173639696813918151e-02
5.054036604092218554e-03
7.991132614053710406e-03
2.125611213464072627e-02
1.473162882568531881e-02
9.938700774055272968e-03
6.293670546397193456e-03
9.290363866485712441e-03
6.865394736121424590e-04
1.834596860600141901e-03
8.287019379944462680e-03
1.538876366679640430e-02
4.061490615388385628e-02
1.080469368976197039e-02
1.018352811205415487e-04
3.038846371554980788e-03
2.214980473889634205e-02
2.958386423252888815e-03
2.224464606172809646e-03
1.826146683132066559e-02
2.503815332652839509e-02
2.097604381751463562e-02
1.133051910396459805e-02
1.031669938220226368e-03
1.508887492845294165e-02
4.244774739393424728e-03
1.519240285368533491e-02
3.512581155127373483e-03
1.178599288241432078e-02
7.501846862234908854e-03
4.646151823763682021e-02
2.399227491667044188e-04
2.168072381179307964e-02
5.054036604092218554e-03
8.686408453297459961e-03
2.175005146688761132e-02
1.281850166494927570e-02
1.321964833376352601e-02
4.961434429227164905e-03
5.562996706243690005e-03
7.994917633208429089e-03
1.622268857603701656e-03
8.936166286885049298e-03
1.279916214501736899e-02
2.280832022366065942e-02
6.589075657425431595e-03
1.089863905631211893e-03
1.704053274068823703e-03
1.780172720987963780e-02
3.670511749542410343e-03
1.482609801064118868e-03
4.383642936771297433e-02
3.106204569261546838e-02
2.415404030527121271e-02
8.810659232870174731e-03
3.627652396304598820e-03
7.111925925172367380e-03
4.244774739393424728e-03
8.463926519578821028e-03
4.175445915996301230e-03
1.605359482611786251e-02
8.869832954308029538e-03
4.218158028567760981e-02
5.713107010643275795e-04
2.168072381179307964e-02
7.639500800993778706e-04
1.131792323909635786e-02
1.468267189182928187e-02
1.245020629867144707e-02
1.533689381136990083e-02
5.738439024992547655e-03
2.144442163992366437e-03
1.346715747663214738e-02
1.622268857603701656e-03
8.614782145180265027e-03
1.357471657309348469e-02
2.304457768094534537e-02
1.356915256571456473e-02
3.280863470832208473e-03
1.920313057755929434e-02
2.512149873745258416e-02
7.471254530455674267e-03
1.170165775048383899e-03
1.662288910831027228e-02
2.938114527341622109e-02
2.349395456883512576e-02
2.612112449122184349e-02
5.009112232522895496e-03
9.507304954465608388e-03
1.076812670180771897e-03
7.968961414869288329e-03
6.446424745422812963e-03
2.036134880526006136e-02
2.874656835528540191e-03
2.840546638274843091e-02
9.163934252330523111e-03
2.905767869367064521e-02
7.450905309005380166e-03
2.229268186840606403e-02
1.676486202364364103e-02
1.600276778976092787e-02
1.712344950564761992e-02
5.722063626503764988e-03
3.929502273311664615e-04
5.355605499814970055e-03
2.586391594531429246e-03
1.446671871543556143e-05
9.765895616865600398e-03
2.612344278432083416e-02
1.893736868188349021e-02
7.018864902988029494e-04
5.907000644242261459e-04
3.293931035874778784e-02
3.192825806821585066e-03
2.107523536690678045e-04
1.300830484233636564e-02
2.505157716475192586e-02
2.113558323615203141e-02
2.408393670978038401e-02
1.582058591516674519e-03
1.095789928360913282e-02
2.296797401519356553e-03
1.088616715333052230e-02
7.813351519971978298e-03
1.507209045728973712e-02
2.915175613385383169e-03
2.733679824014321330e-02
1.602140442579880197e-02
2.185086155658496482e-02
3.777112754428509252e-03
1.570180321728913489e-02
5.838134047327324383e-04
9.968295747410663155e-03
1.263552784101962256e-02
6.677345530200382191e-03
1.196119064050699815e-02
8.004573381037152421e-03
2.586391594531429246e-03
1.157797291320294616e-03
9.904530964663944143e-03
6.320320259785676409e-03
1.000581277194735781e-02
2.950135950918552664e-03
4.512995658691512906e-04
3.469188063768464253e-02
3.414376493895773020e-03
2.107523536690678045e-04
4.953674084640030152e-03
2.505157716475192586e-02
2.902311268767861219e-02
1.240974152710242265e-02
1.346771921372839215e-02
3.601983591827104259e-04
4.502865684084880749e-04
8.472210401405158228e-03
7.421132907879162896e-03
6.491494657658187020e-03
1.876225479398850073e-03
1.632594378993543899e-02
1.011936571567416399e-02
2.543402533760079701e-03
5.244472232474878780e-03
1.445377279136618801e-02
2.165361684016427462e-03
1.266520516555217366e-03
1.396329872922639700e-02
4.327198893616144605e-03
1.295875195779582628e-02
2.379348391537014495e-03
1.360351845979510714e-03
2.762388556402329762e-03
4.618461369430060248e-03
1.784424282719051895e-03
2.021655428617614297e-03
2.569589454996049245e-03
2.088099405903780584e-03
2.523361367365045682e-02
1.142718660050678209e-03
6.520536513380968333e-04
8.698700838398959814e-03
3.649942061994048553e-02
3.750626934339749280e-02
2.066030618726926935e-02
1.364946156945827729e-02
2.542840515341395196e-03
7.741940745627534648e-03
9.504673301664316731e-03
1.045936449114972036e-02
6.891775833052711173e-03
5.839686062312384601e-03
1.427399365211991927e-02
7.478028497202801779e-03
2.551000335756330173e-03
2.729458777885305359e-03
7.700752666660626820e-03
2.165361684016427462e-03
5.739812483332020626e-03
1.199949257074003905e-02
1.389721444906771332e-02
2.276500233833805842e-02
1.861653407513834749e-03
3.334496742962262186e-03
1.388751611661573522e-03
6.205664310288122945e-03
1.851191910534233376e-03
4.799041561569513531e-03
2.742536486246856427e-03
4.642629459818683677e-03
2.961654987468332473e-02
3.860749872048663441e-03
3.957265973486247083e-03
7.952260424830902286e-03
2.001148403205740833e-02
1.355039545164543960e-02
1.282125501508754074e-02
6.525699013416028094e-03
6.537405650582179747e-03
8.391206747667887683e-03
1.227158728508127850e-02
2.290445456358046472e-02
6.475936154450825238e-03
3.585750873094309052e-03
6.560126105230172991e-03
6.459950407827140875e-03
2.892605706209044718e-03
6.252370506781767742e-03
2.350439464481177219e-03
4.781969219758120185e-03
1.859393352900554682e-03
1.199949257074003905e-02
9.918455645256722686e-03
1.753620960125673589e-02
1.401069572124651486e-03
1.434571461912139117e-03
4.000680393317552520e-04
1.004271387928446641e-02
4.454675100768888847e-03
5.448598662838607595e-03
3.483463888097324858e-03
3.525894724065634610e-03
2.580676140404477778e-02
2.624624117039643916e-03
7.603375963095241469e-03
8.237030292309398261e-03
3.011017090852204786e-02
1.333148609761772123e-02
1.599942401260768393e-02
3.387986762663757617e-03
9.730139443751478767e-03
7.991268322384014605e-03
1.429127037842316088e-02
2.159444845525434684e-02
8.251972843087025319e-03
5.607987351175418647e-03
6.626575642169576195e-03
5.364505946657521784e-03
4.700998052346029056e-03
9.818600127104323838e-03
1.143398643878509521e-02
1.709807075090533438e-03
3.470050048073291572e-03
7.759225996270647380e-03
4.264894520505289888e-03
1.750905261599671608e-02
6.739444037341471311e-04
6.066831512408447230e-04
3.013107768116418672e-04
1.083485182041922512e-02
4.065766168030988600e-03
3.450402768824272891e-03
2.629697462549345464e-03
2.783889585482467958e-03
3.006374407913038962e-02
3.079241433769639488e-03
7.603375963095241469e-03
8.156309592667342762e-03
2.825618989374613366e-02
6.261653821256688360e-03
5.289810938458100117e-03
1.565446276391435632e-03
1.152656515843296890e-02
2.161055025006862473e-02
2.261024625221979417e-02
1.476845646960698449e-02
9.362853504355717754e-03
4.698120878554489649e-03
4.571059020607983782e-03
6.762491164967485667e-03
7.692379923060401609e-04
7.455499992668045833e-03
9.023170736293531849e-03
1.763144168190748130e-03
2.279487061432898878e-03
6.211793155326748167e-03
3.865313686967068729e-03
1.967105622561390529e-02
4.034529255294202685e-03
1.888415204989946083e-03
5.567633858004902153e-03
1.658317038915403663e-02
4.156824152938823000e-03
4.219513668937026687e-03
5.659301132118090168e-03
2.783889585482467958e-03
3.516531765416691657e-02
1.202936149139348376e-02
1.676151131441790468e-03
1.189337520079698091e-02
2.979016978335375168e-02
6.323169020248000337e-03
7.887651799044936851e-03
4.762183714363192426e-03
1.425354266111614025e-02
1.019550546059169033e-02
2.650838497960807810e-02
6.306004994267738056e-03
9.198602097669022343e-03
6.556944241265214718e-03
6.160181909827758956e-03
1.816058291197323454e-02
4.531005855510636567e-03
3.317411453547232381e-02
1.567824668147520945e-02
3.442972184395962781e-03
4.954933812757893880e-03
9.580917715214493091e-03
8.547573225351330628e-03
3.864405056677126110e-02
3.890465027597171145e-03
2.127210001599572509e-03
3.885157999853844010e-03
1.551660831820677114e-02
2.128790846644060611e-03
2.170749664808867274e-03
1.645806578548329735e-02
1.548598772212923802e-03
1.939921796087530279e-02
8.008284067716593679e-03
1.676151131441790468e-03
1.945640602312825526e-02
1.652148176599611828e-02
7.383649685057616478e-03
1.545420728633453006e-02
2.262938577092720761e-03
1.124847242017327359e-02
1.235421404012257592e-02
3.864764190247910181e-02
7.264013068407950899e-03
7.657855341495950312e-03
4.778246896506847807e-03
9.796859272170383229e-03
2.162217950743915151e-02
3.085251664068038632e-03
2.828405883845269003e-02
2.878073792681550697e-02
7.099740463601185436e-03
3.885383345054629466e-03
9.233166750129308611e-03
8.679665474700636041e-03
2.710329709858108269e-02
3.084266346153909794e-03
8.921285659559201678e-03
1.201532468238901245e-02
1.568620868275268088e-02
5.633266257928540993e-03
5.068471888438771944e-03
6.016754770268431529e-03
1.943013512529253575e-03
2.571980354582263997e-02
7.621530334177017280e-03
1.256700778588665940e-02
2.759924152257117042e-02
1.082875216722373017e-02
1.617485889425092707e-03
1.320916862397855315e-02
9.575574361912662057e-04
1.599766687675444055e-02
1.309157529286419236e-02
3.480446489179054442e-02
1.227373130582117000e-02
2.617896293723239939e-03
4.778246896506847807e-03
9.796859272170383229e-03
2.192323308523707118e-02
2.015786240385387257e-03
2.870550504420163462e-02
2.584901908711662033e-02
1.047111295805673581e-02
4.424074172154034146e-04
6.343130046148781620e-03
3.986198705289777794e-03
3.312587558571306046e-02
7.854704196438121525e-03
1.376692008675855020e-02
8.898335444886086576e-03
3.068922514216018693e-03
3.800611207130227213e-03
9.244267436874686189e-03
1.845129101190545740e-02
1.003224375248988089e-02
1.837376547224831014e-02
7.160867571432535418e-03
1.627948660499946645e-02
1.707731998514500776e-02
1.041266363304235894e-02
1.544468123446469856e-03
8.403620949182954991e-03
5.583423706427730233e-03
1.572105936922635339e-02
1.309157529286419236e-02
4.289867638428598862e-02
2.854544976232949172e-03
2.013500350468359727e-03
5.927801059801068514e-03
9.920156349080007374e-03
3.328113249102445520e-02
3.833278237836534180e-03
3.382374730397028073e-02
3.097184544852708832e-02
3.543988518044748764e-02
1.669944067857557710e-03
8.033057715984726066e-03
4.507342280213243353e-03
3.263276522213803821e-02
5.826893406546213884e-03
1.309002981241862151e-03
1.348471979835453444e-02
9.570001317586018103e-04
2.727724090159977521e-03
9.469181986963134609e-03
1.320725049403808152e-02
1.036368407661668323e-02
4.778923118680807741e-02
9.114703900445161183e-03
1.200296824775473614e-03
1.432824920854258895e-02
1.218044218044686891e-02
1.544468123446469856e-03
1.521383482881888752e-02
8.134283560819275533e-03
1.412513047035487621e-02
8.290340343884108898e-03
3.503020487256946341e-02
2.525586731021479264e-03
2.013500350468359727e-03
8.274327588852679882e-03
1.619291575482622453e-02
3.349646451600348657e-02
4.268754287983393680e-03
2.135439853724919318e-02
2.167625875820988757e-02
4.990989250778815611e-02
4.379967324632470446e-03
6.702977195058954819e-03
3.985903143298824905e-03
3.173119871541249526e-02
4.269156014751740273e-03
2.396515407408900990e-03
1.102285704748357312e-02
2.333277740131187161e-03
2.012848156100682101e-03
1.218635611912582961e-02
2.705184383585208449e-02
8.245777712858854552e-03
2.633213137456173747e-02
1.372799409844696616e-02
7.265427163009688730e-03
1.348577692734716574e-02
2.593205993453301036e-02
1.544468123446469856e-03
1.266198133101034684e-02
9.641878460144134161e-03
7.685933723548867350e-03
8.505149902169096415e-03
2.945062876475859626e-02
1.612521261666598552e-03
1.518564908067812592e-03
6.963347720853406420e-03
1.619291575482622453e-02
3.024688720875905179e-02
4.514707833880606674e-03
3.286990271615625181e-02
2.212387960036309512e-02
3.171853890031488699e-03
8.699753664553448035e-03
5.313877741848888579e-03
2.756553375678397590e-04
1.599171590616057029e-02
3.398183716856019790e-03
3.371613119011237364e-04
1.299092197747665420e-02
1.886087164704140784e-03
2.259164756058099511e-03
1.109430901938315318e-02
1.322293638049100266e-02
2.620032052524721988e-03
2.476781008773628126e-02
2.579208816031149099e-02
7.419270074055087094e-03
1.799724998255628275e-02
3.615845374376253085e-02
4.842986622215304966e-03
1.608375072051947130e-02
9.641878460144134161e-03
5.951729877810951752e-03
1.225621397899916230e-03
2.055730449123093981e-02
1.612521261666598552e-03
7.211354277213772451e-03
2.474549657048014020e-03
1.619291575482622453e-02
1.429376940501479731e-02
5.318338412266839302e-03
3.184026511864625902e-02
1.131120293322025044e-02
2.640801283795678276e-03
2.975009195697852701e-03
6.219598377096525674e-03
5.117522191562948013e-03
3.816198256668573013e-02
7.120821636756112516e-03
4.703878426026487404e-04
1.244135764638971270e-02
4.788036741208021030e-03
1.896301963502218090e-03
1.359848899967231774e-02
2.450229266217651691e-02
2.729128442240462936e-03
2.777498364393177210e-02
1.396028327860454263e-02
1.156020867103403280e-02
1.462020680564867295e-02
3.615845374376253085e-02
9.664397972930425379e-03
7.573724367232169581e-03
1.427080851799358840e-02
1.386521194255327383e-02
1.628413520066190412e-03
8.748567121987325251e-03
3.985372492731010553e-03
2.552152711235267102e-03
2.109876077223265221e-03
1.343105947640132330e-02
1.513154460145307335e-02
3.685545522273645479e-03
4.849125375662773768e-02
7.620290412914862074e-03
2.640801283795678276e-03
7.706604044383506130e-03
1.338057312481511722e-03
1.053936910187327006e-02
2.485590223933187293e-02
5.053948581074051670e-03
4.703878426026487404e-04
1.324566462845315484e-02
1.174953484706267592e-03
2.911660724680060694e-03
1.125802481513155963e-02
6.067658828199720689e-04
2.055344684094508219e-03
2.988130389096381803e-02
1.396028327860454263e-02
7.079819680242323623e-03
1.165211992530248639e-02
2.821082899182298862e-02
4.281648797000593872e-03
8.955487881090344604e-03
2.474435539844701583e-03
1.428931612234358474e-02
4.433312660511294981e-03
7.923176068465528910e-04
2.209343351862651759e-03
1.200501476093271576e-02
1.212157464757531410e-02
2.122802543187295859e-02
1.390830422439452707e-02
2.633520685558837435e-03
4.849125375662773768e-02
8.685073310529598314e-03
1.338092000316972938e-03
5.075861980184674833e-03
1.285645728728948903e-03
6.995479054848226415e-03
1.382732223947502094e-02
4.760795289185396073e-03
4.625052974096557912e-03
1.431286341495973009e-02
1.210315984264643402e-02
6.692594419595469975e-03
1.125802481513155963e-02
3.977589181209791221e-03
2.628399098598494833e-03
2.988130389096381803e-02
1.000187732562714607e-02
5.699086102819897470e-03
1.165211992530248639e-02
2.128363011667901844e-02
4.281648797000593872e-03
9.535661886119616015e-03
2.474435539844701583e-03
1.428931612234358474e-02
1.693817625648148112e-03
8.494910595696734609e-03
3.587371042412620514e-03
9.679047918866319489e-03
3.198474437155394978e-03
2.177497515730437982e-02
1.039473386251652323e-02
5.667920331483305117e-03
4.285759802501419580e-02
6.134033684305338630e-03
2.096048783173680083e-03
5.142027559254826012e-03
8.838003110083307579e-04
2.314666158770145241e-02
1.048334691293602988e-02
4.414282199322910015e-03
1.000723727947887276e-02
1.297918720697491257e-02
2.286118986782566254e-02
4.349587651398745952e-03
1.125802481513155963e-02
4.564961752974953414e-03
1.671415543883268597e-03
2.988130389096381803e-02
1.000187732562714607e-02
5.699086102819897470e-03
1.165211992530248639e-02
1.487982835650588156e-02
6.205234118080520632e-03
6.690751996537890392e-03
2.474435539844701583e-03
1.523195131623340456e-02
1.697555515116959835e-03
3.863085485905077936e-03
3.008620003645810261e-03
1.425086387769497389e-03
2.169679882478844218e-03
4.100972885693872361e-02
5.882030825902368094e-03
1.183162773964866431e-02
2.383553097800143739e-02
7.626852399502654853e-03
3.931673498081139813e-03
3.783419984037496124e-03
7.742230016366900142e-04
1.506352513761170450e-02
8.664185928053881602e-03
3.533802681809543669e-03
2.107216753077990196e-02
3.183249471849822210e-02
2.438081311302818521e-02
6.033464721477673279e-03
1.243004427207578325e-02
1.970403802746614752e-04
7.200141009657838077e-03
2.197001752950686337e-02
4.457156186525857572e-03
1.001112775953521238e-02
1.379443092759401190e-02
9.934837144294661471e-03
2.986197001353052549e-03
7.086664298681911132e-03
9.768674183534926600e-04
9.864182495768421960e-03
5.851558104179145972e-03
2.393752757029934692e-03
1.677700045575096499e-03
2.563312383398108282e-03
2.169679882478844218e-03
2.813901148493860166e-02
1.037547072450979019e-03
1.014812057457678204e-02
2.349000809647412702e-02
9.480343165982918832e-03
1.909091897577398821e-03
1.837897185999000284e-04
8.786764437450494958e-03
1.812893584647093381e-02
2.082419268276500257e-03
4.491034714139351472e-03
1.872655517541084794e-02
1.676390828744030517e-02
2.714200053869732926e-02
6.585546071437358047e-03
2.390893659057842166e-02
7.352380514750623576e-03
6.984798085578932357e-03
1.455892505508033646e-02
3.580145899783125467e-03
6.778410777926917666e-03
8.757391808200391814e-03
1.860301191350464088e-03
1.616974122432061206e-03
8.217227994940460439e-04
5.474225737354374705e-03
1.490920118828786486e-02
4.104653040576370163e-03
2.803494861140666278e-03
6.461470647010953902e-03
2.563312383398108282e-03
6.682692403652018987e-04
2.504209177106051995e-02
3.196119612036459577e-03
1.522785171737802735e-02
1.744156692207592119e-02
1.341819533807176758e-02
1.922051392081182333e-03
1.837897185999000284e-04
1.611966642212293854e-02
1.697825784207462538e-02
7.328283813183371874e-03
2.551426649776497666e-03
2.642007545755506101e-02
1.462343640411629432e-02
2.323255017702687691e-02
6.421651485545772434e-03
2.106571628941288771e-02
9.238122155391031293e-03
8.935279399776686546e-03
1.262494220216622311e-02
5.284755392935901186e-03
1.806439215361447387e-03
1.560470738761520273e-03
1.573895405039104755e-03
2.014160725295480875e-03
4.152083546226304628e-03
5.014159661132193066e-03
1.545532804065116207e-02
5.061510939432922913e-03
2.803494861140666278e-03
1.115695629868129930e-02
2.563312383398108282e-03
1.448344203665071417e-03
1.792264118006488965e-02
6.075518853333377288e-03
1.464166152201441459e-02
1.303804011008070571e-02
1.602938095224782158e-02
5.576157952326006237e-03
1.146278377190294764e-03
1.025544250508184096e-01
2.455631403459762607e-02
7.328283813183371874e-03
2.551426649776497666e-03
2.642007545755506101e-02
1.555721304038054816e-02
4.361561144483692976e-02
6.864272837817902984e-03
3.175728885542274810e-02
7.956206691568072295e-03
6.806615875293875809e-03
9.854840754475759773e-03
3.098345834875119737e-03
1.165359912694259939e-03
1.400417190381694939e-03
1.573895405039104755e-03
6.915818731854366398e-04
2.339800129898816916e-04
8.405730395977251135e-05
2.316635841612709260e-02
9.921573682060326124e-03
1.107886612197505130e-02
1.176833274145584404e-02
2.563312383398108282e-03
1.043780869160919030e-03
2.359268391228882406e-02
7.229998871328025857e-03
1.318668147705047075e-02
1.303804011008070571e-02
3.555089894121128691e-02
1.132482481156897591e-02
5.740215899190491064e-03
7.580977290681031877e-02
2.755457161007452901e-02
4.668698586200391819e-03
3.276332873767268464e-03
4.702856716658017355e-02
2.646424232272348576e-03
4.671685357244936138e-02
1.754314704240668432e-02
3.672096695292695334e-02
1.173898662327733412e-02
8.941841243098597528e-03
1.224472207450281666e-02
5.311231675987267489e-03
3.695674042995433090e-03
3.663262938999475860e-03
7.204024017707325034e-03
1.803400100863269268e-03
1.275315443031790896e-04
3.289186999258206928e-03
3.456063082582606916e-02
3.708528912144511830e-03
8.986061846377072643e-03
6.756466483469478895e-03
5.988829398794534055e-03
5.989552054232013395e-03
1.972834881038747212e-02
7.657739430366408521e-03
1.398581422309001614e-02
1.560811255079578436e-02
1.430710638603263640e-02
1.978036363890686017e-02
3.346519341529036878e-03
4.156691236007448165e-02
2.889681618776905603e-02
3.121525832006611170e-03
2.454264725704577866e-03
1.868263822113146178e-02
1.980904231092597226e-03
3.074874976494991821e-02
1.577953108760229983e-03
3.177598136326748035e-02
1.414757160409698539e-02
1.143283240524208683e-02
6.130446883492735033e-05
6.506368341569424008e-03
2.910846357056845815e-03
1.663352618263232163e-03
4.761772161503398382e-03
7.564443357625422887e-03
1.865282212383618729e-03
4.720258861723978377e-03
3.287591038251581887e-02
7.604345632687267362e-03
1.330717087059851006e-03
5.764035047121297134e-03
5.535850914403714351e-03
6.386675540445333962e-03
1.272205499492949990e-02
5.263684714118992483e-03
2.104557250565800355e-02
1.728287973360429636e-02
3.145657388950518982e-03
1.999774180253246700e-02
1.498707026967383005e-02
6.149157725471955660e-02
1.933316390884149902e-02
3.477517087195195790e-03
2.454264725704577866e-03
3.311135474770703774e-02
1.623420425114647375e-02
2.215751962379992890e-02
1.577953108760229983e-03
4.073606186149799496e-02
9.483945974370144166e-03
1.676307986264542749e-02
6.612163000232451973e-03
2.969995710114267315e-03
9.893807947853223983e-03
1.468309006905447675e-02
2.738830586540410249e-03
3.827348625121615444e-03
7.990487398038152028e-03
2.217860559206338237e-03
2.880930722276178052e-02
6.618271177243197773e-03
1.387209897877973372e-02
6.495103806746109487e-03
5.102606013945430730e-03
1.266356721293762644e-02
1.034616485582478401e-02
1.585836294258453731e-03
4.205144206791296829e-02
8.787139036010360726e-03
3.159206952234882432e-03
1.513400156223274236e-02
8.968597531257095634e-03
3.265400869011782226e-02
4.127383629117621633e-02
1.875266524074372873e-02
1.732936533013727798e-04
2.512264004374659826e-02
1.424642911424225250e-02
2.215751962379992890e-02
1.132284682428409857e-02
3.610889990738047617e-02
1.018120282688804792e-02
2.253781517589464184e-02
3.789607321077016061e-03
2.831874620907721355e-03
8.121407074283361338e-03
1.648401028068620378e-02
1.224364952701291476e-02
6.825956718476978644e-03
1.074286704585320287e-02
1.493391235990606126e-03
3.731603155386827020e-02
6.618271177243197773e-03
1.184825244174315777e-03
7.255999285478919106e-03
1.284575472290220427e-02
1.316460726159282557e-02
1.409578736795443973e-02
1.585836294258453731e-03
2.039889997183551643e-02
1.060051920761046276e-02
8.236243570841662864e-04
1.994413990554648464e-02
8.610448181568490858e-03
6.376552161762662208e-02
4.646204619716697709e-02
3.504873778569442266e-02
1.732936533013727798e-04
2.237451443413431343e-02
1.650569924445560721e-02
1.963030852542296464e-02
8.047776513851792254e-03
7.255717646257385522e-02
6.290681738393130717e-03
2.621003916257707515e-03
8.236353147013630513e-03
4.300281765821707680e-03
7.119415213230197853e-03
1.717183825675098335e-02
6.265946978647313030e-03
1.532332050750050828e-03
3.709894513780870318e-03
1.153659772179793652e-03
2.149880477531548525e-02
5.337978224593446439e-03
1.637229886559849606e-02
1.756598241994532759e-03
9.576940838776991372e-03
1.668809238533298586e-02
1.409578736795443973e-02
1.717098104643996178e-03
3.664191510785703293e-02
1.147867454089681466e-02
4.548705842561623011e-03
1.062174048453595407e-02
1.727915945764253031e-02
2.343864837865709469e-02
3.882859113366780857e-02
1.846099638133538723e-02
4.173987044685236944e-03
2.564002056328557044e-02
1.686581863270352963e-02
1.963030852542296464e-02
1.497562030081420713e-02
9.210068614568608925e-02
1.894381257381589148e-02
3.145996569242028376e-03
1.487022866333764098e-02
4.141756238381415212e-03
4.190190828282681912e-03
7.679106092791399343e-03
6.265946978647313030e-03
2.948837632453852036e-03
1.009014291603757205e-02
1.292844202929157010e-03
2.900159879214903036e-02
3.966982379571352621e-03
1.298062626843092364e-02
6.543357183114629876e-03
8.187009067056027697e-03
1.875037889659209728e-02
2.558553272566413406e-02
1.717098104643996178e-03
2.162026950130855468e-02
1.249593145310790888e-02
1.181039915705485097e-02
2.659257559265964209e-03
1.234834505146696973e-02
1.906085445537463591e-02
2.595684553208056980e-02
5.778216279405334888e-03
3.287206068524334626e-03
1.653976858699386307e-02
1.360102583439631863e-03
1.293131972810833766e-02
2.275230447044494786e-03
6.953815966172517682e-02
1.819900153937716383e-02
3.485851176160993659e-04
1.729914943887354145e-02
4.070986888459339481e-03
5.538464360601316055e-03
1.094822061946958310e-02
1.090124968886465456e-03
2.839967157650609246e-03
1.486536856273807522e-02
1.292844202929157010e-03
2.545269987113695648e-02
8.843166708960167877e-03
2.486544406729817094e-02
8.219446162488744725e-03
1.450392333916832380e-02
7.968907305926066498e-03
2.150991028449428938e-02
8.989653843518279758e-04
2.033427923585573102e-02
1.950749503956558661e-02
9.230020770570217248e-03
2.368770173649058751e-03
1.430244592186976846e-02
2.902748997890814905e-02
2.445469615257110652e-02
1.455817875349559097e-04
1.369231862798514499e-02
5.052138156648317002e-04
1.240008855428552338e-03
1.293131972810833766e-02
1.455057087034754802e-02
8.579271848310340842e-02
2.445265033513864886e-02
2.066366417084374019e-03
1.138303200298065691e-02
9.973442020913592804e-03
1.747079945655473712e-02
9.336130870632737555e-03
1.217953307429560893e-03
2.729608617045954817e-03
1.274637884971718121e-02
1.179994867377531960e-03
2.752956776595485988e-02
2.061458088780256451e-02
1.229157947798078555e-02
8.299871862177111287e-03
1.519570613809170107e-02
1.004436661430719788e-02
1.825180514844037399e-02
8.989653843518279758e-04
1.527678171830472442e-02
1.950749503956558661e-02
5.303262802691592441e-03
5.347900554209191609e-03
1.211474222563763657e-02
3.846572356225172462e-02
2.241374114088129366e-02
4.269319164140960091e-03
1.400948407957117517e-02
1.733099859513535096e-03
2.064346389744999184e-03
3.318809141110799082e-02
1.670804248136148473e-02
3.109192638932824909e-02
2.448657711722251190e-02
8.383742627184460200e-03
1.060121387517967348e-02
4.856993571590482832e-03
2.407064163409760454e-02
5.512977589749852754e-03
4.582351515865298527e-03
2.980033781111059935e-03
1.453414347749997296e-02
1.046977126808126303e-02
2.752956776595485988e-02
1.161341565065178612e-02
9.405297499190678340e-03
8.299871862177111287e-03
1.556457710154415114e-02
1.184744050787657661e-02
1.295310438625064953e-02
7.659410208106316644e-04
6.244731458546672748e-03
2.864585579666568960e-02
4.958022718998344666e-03
5.730443224107907574e-03
2.665391637401220808e-03
2.815285208876447398e-02
2.241374114088129366e-02
7.241004640398869888e-03
1.461157429576137243e-02
5.456075192967178161e-03
9.619014567582623645e-03
3.134025606547309606e-02
1.454182603977852845e-02
7.803954559977239157e-03
2.588733809567984184e-02
7.455142530199459529e-03
1.079842893529719614e-02
1.616733276158090725e-03
4.054183729724622487e-02
1.303469126904908265e-04
5.481979589127540693e-03
1.397026663121480466e-03
1.709753980354785513e-02
7.990656747006899541e-03
2.752956776595485988e-02
1.213337442978484199e-02
8.101083150815542588e-03
2.532816610386621689e-03
2.208343831359348142e-02
9.972958679753925540e-04
1.744757586357940926e-02
7.605569497963426961e-03
5.059434066483148654e-03
1.586072617177974875e-02
3.774180248293337522e-03
5.175397068724045535e-03
4.971022672038491116e-03
5.766710556554603684e-02
1.056624956672285592e-02
2.019838161957769607e-04
1.131518836173127027e-02
4.029500670708185267e-03
5.075401824899333086e-03
2.668096031235137056e-02
1.566851201123187209e-02
1.557034420039215931e-02
2.150081966068810579e-02
1.992262752717515947e-02
3.640014190548010106e-03
1.616733276158090725e-03
2.572027665778073291e-02
1.303469126904908265e-04
1.456882290479400571e-04
5.643575029936901549e-03
1.657788949557110689e-02
5.428685171480332472e-03
1.796245542368594614e-02
9.017817660686260062e-03
2.568749802352407116e-03
5.475040169054859983e-03
2.208343831359348142e-02
1.014592658085332029e-03
1.684142725200731341e-02
7.438465474073549522e-03
7.123200050890122516e-03
1.358618625208208794e-02
5.358029833452546825e-03
2.728834238627686481e-03
7.799149761504186977e-03
4.117382003861287665e-02
6.053837946296230024e-03
1.690164840698160469e-03
1.812285716362632346e-02
3.952676332824520133e-03
3.638503405037822689e-03
2.015218692935310044e-02
1.757330749534102843e-02
1.039035912337375571e-02
2.833985572977835293e-02
2.683693374973390028e-02
3.304473879865313900e-03
1.616733276158090725e-03
1.857345621906866112e-02
2.080977884531836145e-03
1.816134265785040091e-03
6.346857217349136104e-03
2.411525901366305680e-02
3.773920310451292330e-03
1.125949950533937198e-02
2.204312156839950687e-04
5.298706365932260437e-04
2.294963129606477151e-03
7.958931212758053181e-03
1.196315559757774949e-03
2.049550896425911609e-02
7.231320026998278028e-03
2.228474201808423524e-02
2.245255873608347982e-02
7.967893838800619438e-03
3.972958858445580638e-03
7.869282617193724960e-03
4.642907613681104828e-02
1.808129345787855627e-02
6.650068694799597061e-04
1.269027220845818198e-02
4.271391292282215174e-03
5.432756662351238483e-03
2.167694606801195620e-02
1.033405217940108409e-02
2.030780334954743541e-02
1.267694930660073424e-02
2.776187901981201633e-02
2.333761320388601235e-03
2.463007859657822922e-03
1.487720950575382832e-02
4.685256148225590278e-03
6.079875503478783180e-04
8.759234306050234925e-03
2.691823015265806807e-02
6.217172063009437054e-03
1.750932975403617781e-02
2.204312156839950687e-04
3.119200707587565288e-04
5.940512961743638944e-03
1.292299808964196203e-02
3.355142651009314358e-03
1.581985507479862635e-02
8.654882170663732088e-04
1.732931323481035762e-02
1.812042646161545617e-02
3.837211225245877599e-04
1.769728125337478170e-03
6.737322225918981888e-03
2.067547631930062579e-02
1.670582294719043237e-02
7.554593470310488543e-04
6.947314333550266841e-03
3.940957808931224229e-03
5.635351747290058208e-03
2.578570532718874736e-02
3.491626328636583503e-03
1.720029545908952420e-02
7.508861952282926480e-03
3.327406704367795454e-02
3.679897929886445304e-03
9.184253580868080927e-04
1.463478538886530192e-02
6.322486262017133242e-03
3.384524878845020495e-04
8.534111070884874833e-03
4.024018403842522656e-02
5.023276877200226649e-03
3.673892543190442062e-02
1.042153118886420329e-04
4.854020715542878978e-03
4.907707369269026683e-03
1.808723320233249915e-02
2.392199070330037602e-03
1.416397283498313509e-02
7.142606326040359770e-03
2.027549142395198081e-02
1.909635589349365642e-02
3.837211225245877599e-04
2.484526166927282249e-03
1.180199163997371417e-02
1.453892287733032224e-02
2.241157036367655286e-02
7.554593470310488543e-04
2.059515448718206299e-04
8.075667415411152007e-04
9.491584063961916451e-03
1.934424689430864347e-02
6.885847370476885776e-03
2.738470502543355334e-02
4.050510068502339439e-04
6.320269957595403554e-02
5.232650025806197605e-03
1.168320765341610001e-03
2.644655012971115771e-02
6.629922852682190379e-03
3.384524878845020495e-04
1.476101152770518954e-02
3.475328497911264747e-02
1.409118155937614386e-02
2.884875597147876225e-02
4.545326928011949111e-03
2.599851602280980976e-03
1.310767891344834755e-02
1.544413768487388171e-02
2.392199070330037602e-03
2.730697502327996198e-02
1.855779681640408723e-03
1.218451095531200915e-02
1.789454720200332749e-02
2.986796263717477872e-03
1.130536761946323437e-02
1.634097618354628505e-03
2.407434494371733791e-02
1.715366991782110370e-02
5.697155848087658014e-04
5.530039141888639341e-03
8.682608463223937152e-04
9.531532666221908916e-04
1.651637786157124019e-02
2.221851970691211819e-04
2.081797983110688505e-02
7.584206246119823761e-03
6.363566318905380936e-02
3.592463797680880717e-03
5.793540781645584864e-03
1.844389826397726737e-02
3.041179118664834660e-03
3.525767595231761847e-04
1.333489466070442338e-02
2.473917931452725497e-02
1.617367204581207640e-03
1.784485648740350566e-02
1.051364774333671780e-02
1.306714094291284295e-02
1.346047030947301708e-02
1.619512450011377849e-02
2.268336759190049505e-03
7.986819407252328251e-04
2.108649197715610143e-03
1.196839569198908035e-02
2.378122242536126474e-02
8.053674094923569254e-03
2.099533682174002658e-02
1.835542834729137276e-03
2.615717827959153016e-02
2.082428158139662533e-02
5.697155848087658014e-04
9.900154491001560142e-03
6.186437401467301603e-03
1.099577005982854856e-03
1.573672576762075517e-02
1.067295659334988912e-02
2.200643959670632241e-02
9.022887899800694292e-03
4.033789400782210322e-02
2.514517986261665186e-03
6.149462819701441776e-03
2.081473136372280486e-02
3.041179118664834660e-03
9.086663625767349428e-06
1.789381069222598444e-02
1.851040159936757218e-02
2.418177699028120631e-03
2.454795483073355170e-02
1.369189796658867170e-03
1.123578367510613858e-02
1.346047030947301708e-02
1.255414390527533758e-02
3.177495630859797360e-04
9.316308778802651416e-03
3.231641240859369716e-03
6.436209200014602130e-03
2.254538654097189634e-02
1.480140438033093753e-03
3.653283006049640874e-02
3.164111610355445706e-03
2.541918796732786645e-02
3.286700188646758669e-02
5.697155848087658014e-04
1.826114594305625061e-02
4.295791335029737479e-02
2.851762593703507671e-03
2.375988099618654703e-02
1.014804772545993029e-02
1.834879331605361596e-02
7.624387176968540347e-04
5.488673573460076116e-02
4.807815692686076905e-03
7.680601134733806151e-03
3.888434655699048864e-02
3.041179118664834660e-03
4.409948090738264465e-03
1.034411143826222471e-02
1.705112599681924898e-02
2.228081603485213870e-03
1.477921268725157847e-02
6.204179622318801296e-03
2.779609948776733119e-03
2.712352742043453585e-02
7.489504423367810554e-03
7.434404094052642770e-03
9.655966761733646847e-03
1.205009434934701043e-03
4.224865184261558659e-03
6.217508850603507831e-03
1.202870198036732610e-03
1.649558797665226506e-02
9.040839998119398063e-03
2.541918796732786645e-02
1.538730091504309123e-02
4.514678561854191044e-04
2.420705224415751686e-02
1.708013886806746331e-02
6.540577575191828738e-03
1.165085074949090069e-02
1.145297418940251916e-02
2.334602559314223960e-02
7.473027803703679705e-04
2.226280185131817441e-02
1.008705794397189888e-02
1.183610262870444553e-02
5.290779091087176311e-02
3.041179118664834660e-03
1.969089993020131657e-03
1.578228800575933941e-02
1.705112599681924898e-02
9.802080666751415705e-03
1.302856892558096683e-02
4.244836394689005532e-03
4.202909871200676169e-03
1.944598711055238807e-02
1.330196096750401596e-02
7.434404094052642770e-03
2.770093261856008265e-02
2.413354728049833461e-03
2.651040659279431735e-03
5.152247795733254018e-03
1.202870198036732610e-03
2.064608678776839318e-02
9.901913980474824628e-03
1.171357554544757984e-02
7.306091687021873220e-03
7.492551582610814265e-04
1.439883765647681849e-02
2.047176682214302268e-02
9.601838814074481997e-05
8.161893103465243243e-03
9.158888709655411270e-03
2.064651729761182025e-02
1.261824340943793615e-02
3.619963861165882008e-02
7.893040227003617765e-03
8.813900775535642163e-03
5.290779091087176311e-02
5.452162565620262413e-03
2.052220133882868766e-03
1.520471984025812025e-02
1.136957253347461137e-02
9.116699705143574417e-03
1.551307138777556494e-02
8.134541724556354492e-03
4.202909871200676169e-03
1.871482627853482059e-02
4.078518286321393405e-04
2.014735689198819679e-03
2.770093261856008265e-02
6.046795595844742244e-03
3.046000293528803790e-03
7.672335545753441750e-04
1.202870198036732610e-03
2.290224307775052398e-02
1.279123344031504739e-02
1.171357554544757984e-02
9.641433438735141567e-03
1.989749161335739765e-03
8.052102463268089039e-03
2.071282842929535184e-02
5.727075779870700011e-03
1.151919981257197925e-02
2.789810363669211271e-03
1.429212941537205683e-02
1.073629871191199119e-02
3.790829162541629188e-02
8.880358787176698479e-03
5.735384586779409405e-03
2.859556228603852418e-02
2.402040889922896476e-03
5.556960831306858098e-03
3.082183087961132620e-02
9.489091226939248488e-03
6.941052089758237807e-03
1.554258905283518490e-02
9.404550633815331184e-03
5.251557755551914883e-03
1.641626686909112426e-02
3.731662209967869653e-03
2.196737291739011243e-03
2.946572308443153390e-02
1.631167122355257210e-03
3.303883276528363222e-04
1.239285875579614147e-04
1.598269447022793166e-03
1.314475675917358560e-02
1.279123344031504739e-02
5.598040316221603030e-04
3.886025927702322497e-03
1.989749161335739765e-03
1.942114707651136293e-02
1.604093339558322617e-02
1.072303770301089379e-02
1.205819977893404435e-02
3.468140307153380619e-03
4.234208786349269275e-03
1.841408989000497057e-03
3.790829162541629188e-02
9.182829963687733771e-03
4.912954370128567311e-03
1.553211927919418735e-02
1.314653638419609541e-03
3.934347348552170998e-03
1.967037448570767982e-02
2.041072594916860244e-02
9.406764072424352724e-03
1.038656237595543368e-02
7.824368630086139462e-03
1.061052457791814528e-02
1.787702044634665449e-02
3.707042351914506453e-03
2.735248750252282195e-03
4.509035006346760049e-02
4.346135311627391529e-04
4.906252120074308838e-04
5.799102227123997116e-03
3.731031933056603439e-03
1.588431363438889271e-02
2.867157003729668002e-02
3.256916695771981153e-03
2.503389985369855984e-03
2.267867140089627198e-04
2.087006923299452102e-02
1.605921870392476580e-02
7.156879710268430547e-03
4.452046588586295456e-03
3.706846054823979310e-03
1.250112780327645653e-02
1.778924225464687805e-03
3.356867686784271998e-02
1.595368230223358219e-02
1.287626211050884803e-02
3.908170197422304593e-02
1.700748537462912560e-02
5.680104987763105739e-03
1.965055252633084865e-02
1.618691828516176379e-02
9.406764072424352724e-03
6.627016846648126069e-04
8.983577282779665538e-03
7.662209994418116114e-03
1.901355989583298350e-02
1.729564191440884253e-03
2.300274375788359353e-03
4.509035006346760049e-02
3.276904782230430357e-04
2.973997059036249989e-04
1.416641437064975091e-02
8.559360956189117700e-03
1.653022785662386016e-02
3.347176907519126138e-02
7.977169728852831487e-04
3.709987008655856941e-03
2.267867140089627198e-04
1.483548558346607128e-02
3.503947199938235550e-03
3.431951367963093080e-03
2.660381277763338662e-03
3.507342399245094548e-03
9.841101077775549558e-03
1.105580201530097055e-02
2.922904673845468093e-02
1.583696171037039802e-02
3.018180571337721399e-02
1.773681033542639021e-02
1.813591012739342381e-02
5.680104987763105739e-03
1.574688133889369859e-02
2.056033960852401976e-02
9.406764072424352724e-03
4.510138953985951341e-03
1.257448120987780110e-02
7.662209994418116114e-03
1.896429264272821852e-02
8.913150560720589644e-03
8.690105938281077885e-03
3.590287249264201286e-02
2.096454742988892832e-04
5.245470404817681453e-03
1.571095112264531135e-02
8.559360956189117700e-03
1.572595777568581293e-02
3.560261269778144250e-02
6.530392257568804273e-04
9.509307801525153370e-03
1.849418049990964735e-03
3.292329306699359054e-02
3.621455595523559272e-03
6.950969267179167230e-03
2.660381277763338662e-03
1.237491561997401332e-02
1.282560210993824792e-02
1.290190299664849966e-02
3.775092785236463383e-02
1.593903031797131234e-02
3.630402246411684047e-02
2.307117607765369130e-02
2.007194895557228714e-02
2.044744477223288739e-02
1.353822970911259041e-02
1.797043371166578626e-02
2.240771962747900570e-04
1.536694109128314972e-02
2.464101385247729342e-02
3.372696974270574487e-03
7.402461049601356813e-03
2.434133507377907873e-02
1.419011729605525879e-02
4.017181489670855477e-02
1.381041454760788875e-03
7.989106705054403040e-03
4.764669132596851056e-03
1.232819878001526967e-02
1.658725008540781060e-02
3.111577116219053224e-02
2.930452340698406826e-04
1.764687289475022972e-02
3.404004898327132270e-03
1.632440672543171434e-02
7.760446413404412103e-03
4.220800219304262496e-03
7.923804840262275995e-04
1.237491561997401332e-02
1.369385651358356534e-02
6.663880219494384971e-03
2.702276628620273180e-02
1.675894240737608315e-02
3.716034390241532842e-02
1.609314698807166530e-02
6.902778871241910252e-03
1.185314989936786349e-02
1.081653005027033432e-02
1.451179574049987764e-02
5.273893792595270649e-04
1.609687503906120573e-02
2.453247335539069859e-02
1.245100854169369289e-02
7.830296094574184032e-03
1.092225923087810149e-02
1.494677711567982126e-02
2.767826051106957175e-02
1.267173059286085327e-02
6.371956345044100731e-03
2.822297680417451635e-03
1.052279947024091326e-02
1.732220180681796548e-02
1.994039258520345637e-02
2.930452340698406826e-04
1.981354165130599226e-02
3.910097283052918309e-03
9.980311643043691602e-03
3.744716987454928953e-03
2.988247163038169636e-03
7.923804840262275995e-04
1.402480913307517854e-02
1.565902513292365822e-02
6.691725265025782500e-03
2.083568543558197983e-02
2.284639447204780960e-02
4.730780086207284074e-02
1.609314698807166530e-02
1.328554019657700400e-03
2.905238610653983200e-03
2.282716061513007447e-02
3.202900276561332360e-02
4.708316407505372695e-04
1.581559558476326385e-02
2.526216427167876297e-02
1.962990410207643768e-02
9.905907329614859532e-04
7.313867086822446739e-03
3.746172546105084461e-02
2.073557539955718509e-02
1.237752654664920141e-02
5.338895548621060659e-03
3.477230142851613342e-03
5.713001415525754967e-03
1.732220180681796548e-02
1.788140901676022604e-02
2.930452340698406826e-04
1.981354165130599226e-02
3.910097283052918309e-03
3.427755047933101276e-03
3.744716987454928953e-03
2.409989355253073715e-02
4.603907594147331125e-03
1.146005413297749263e-02
1.987887872196869923e-02
8.068320133096367613e-03
2.083568543558197983e-02
1.577619851486141908e-02
7.903066588507673407e-02
1.610017848883239094e-02
8.012736645134892893e-03
2.905238610653983200e-03
2.167437426601402650e-02
6.955594623199583271e-02
1.332416936564438962e-04
1.736479321019257158e-02
1.890913126250719223e-02
1.172059688353410158e-02
1.442723586426748403e-02
8.801868125293123984e-03
3.632120439775378407e-02
1.448949035829979679e-02
4.054546489222048307e-03
5.645918495189047523e-03
3.477230142851613342e-03
5.713001415525754967e-03
2.010379949371485231e-02
1.603016256650797999e-02
5.691834957823817438e-04
1.929768674532940029e-02
2.248408729346840218e-03
2.143401717663832515e-03
3.232934634321338319e-03
1.691842819033238798e-02
6.504956797439961393e-03
1.239488195444381907e-02
1.916307268359701207e-02
9.779230782354359983e-03
2.738364218891437604e-03
1.044624311187891674e-02
8.048706182639688012e-02
4.400294068060590057e-03
7.699551648895063341e-03
2.942207834717934165e-03
1.856598740890087404e-02
2.938405210402827983e-02
1.332416936564438962e-04
2.863439264806581785e-03
1.309077622010949155e-02
9.858733174299371543e-03
2.104370376068624010e-02
7.985675331291099827e-03
1.083336476636076115e-02
2.650051952051538789e-03
1.789417230555693204e-03
6.515079737302685928e-03
5.314340061967809219e-03
5.958928440242897313e-03
3.811502911809001165e-02
1.533351289191697137e-02
5.278065358584809602e-03
8.636740263289373332e-03
5.153629474063386486e-03
2.133179510680606548e-03
2.879830917915382482e-03
1.479092029909476191e-02
4.435359863627879977e-03
1.002314302424817810e-02
2.188841823126988495e-02
9.779230782354359983e-03
2.738364218891437604e-03
3.324274911340210220e-03
4.528108663612717688e-02
2.807437690853344450e-03
9.181872236545367272e-03
1.783203586001154417e-03
1.627692528484094361e-02
1.810792618256816186e-02
5.732891078500063596e-03
9.565807108884407522e-03
1.644038812840339925e-02
2.594056974464317364e-02
2.304657987121341844e-02
8.950736508749290027e-03
4.601234911997572133e-03
2.650051952051538789e-03
1.882084259629464643e-03
5.689899847608374112e-03
1.509141313027789061e-02
8.633870685974768394e-03
2.537099531926018808e-02
2.028071477967281072e-02
3.521336803286877030e-03
9.425240964140744332e-03
9.260255024468004234e-03
4.656190633367581627e-04
2.880421086838801971e-03
2.274669653827356836e-02
2.052468381707083910e-03
1.184341434468985481e-02
2.677758071422051828e-02
2.177634582589415418e-02
4.546075419125073305e-03
2.888123397713909801e-03
3.815520097494960045e-02
4.323713725238941680e-03
5.038955986160869455e-03
1.783203586001154417e-03
4.457641376481907315e-03
1.810792618256816186e-02
6.029362710223255123e-03
2.260946245512534571e-03
1.273030892345173616e-02
4.159869261029608412e-02
2.909921549620184816e-02
1.217136786999832576e-02
1.101414607838999485e-02
2.119745911263153787e-02
2.355667327920649493e-03
4.813172039691403920e-03
1.580680262985600937e-02
4.071768510552372863e-03
2.797372619846806574e-02
2.985575862379908491e-02
6.722407864724460128e-03
1.237134988121299517e-02
2.593005860780938504e-03
1.757936780699739104e-03
2.880421086838801971e-03
2.078572981521223384e-02
2.246973410722355197e-03
1.264806481197356877e-02
4.735286967553131027e-02
1.840653105629948966e-02
7.092352805670147468e-03
2.949493413584893409e-03
2.578470778878432651e-02
3.735194325167438822e-03
4.730585083986685487e-03
1.783203586001154417e-03
2.492900333062079369e-03
1.966364375117851671e-02
5.681228968197411973e-03
5.063097348662700184e-03
1.131598359094527877e-02
2.575478094458515110e-02
8.647980481993770840e-03
1.614479005579108964e-02
6.374020522837871294e-04
2.462759494771572452e-02
6.378570265586944871e-03
3.362363380643579314e-03
2.054034440178063858e-02
8.863646240578140073e-03
3.462518031556668929e-02
1.751140529602005294e-02
1.045605048274652997e-02
7.455246958904572507e-04
9.967412993612985439e-03
1.865514849857921424e-03
3.133970455248225213e-03
1.638318926655761565e-02
1.392548363986032683e-03
5.146733222569335915e-03
1.605513882277036578e-02
2.728485478531368982e-02
5.642696628470056375e-03
2.942935364682898285e-03
2.155563268346460948e-02
2.809434289919740535e-03
4.730585083986685487e-03
1.256294736042655111e-02
1.630308881251322150e-03
6.488319811990574809e-03
1.390767146814596506e-03
3.638105294983263495e-03
2.324210014732187163e-02
8.921513452245356454e-03
8.537675217250687704e-03
1.601543759966850625e-02
5.923883296253645543e-04
2.078776482573937989e-02
3.422308320907405891e-03
6.380352465612526558e-06
1.215767880122908817e-02
9.470910820680255443e-03
4.137037130740049695e-02
2.228333526223203256e-02
1.707821614937796856e-03
5.533533707054718795e-04
4.178198857534946853e-03
2.518069684970324334e-03
9.443658248993562487e-03
1.662637766119598112e-02
1.392548363986032683e-03
5.585930290399617783e-03
2.029007308162415063e-02
1.572666361503009119e-02
5.642696628470056375e-03
2.615561934730528844e-03
1.515934515108967144e-02
1.430083799470452909e-03
6.213213055927504364e-03
6.614647452103455776e-03
1.788484495533834576e-03
9.995654039262821811e-04
1.015781324277766767e-02
3.540968450701060914e-03
1.872934677015299781e-02
8.921513452245356454e-03
2.455845740284988594e-03
3.987267472308300698e-02
9.379315175109724512e-03
1.117109025770828337e-02
3.587553346367758963e-03
2.118881110132959586e-03
3.251104856981012082e-03
2.717983079270921976e-02
1.927652967714039989e-02
1.447460507584230789e-02
1.724418957521139982e-03
3.772412124632403083e-04
4.024530570700936283e-03
2.911072083232796315e-03
1.257617410521944326e-02
1.662637766119598112e-02
1.776202095778775698e-03
1.278745043570740474e-02
1.023486466744924495e-02
1.499835258000185162e-02
6.064883845852361323e-03
3.716429017513405049e-03
3.186617444059906129e-02
1.205898566480805706e-02
1.325534141039332731e-03
4.387151538891576052e-03
3.725232961080130606e-03
9.069064899333999577e-03
1.481042935238873100e-02
3.041258312103957504e-03
1.436144812909350907e-02
6.022602309590449794e-03
2.782311147419871435e-03
5.360692475004756596e-02
3.373121784653035013e-03
5.127405562639949198e-03
3.263993068628599954e-03
4.171488363424074794e-03
1.291853004825047405e-03
3.160913705546490593e-02
1.083614812835718630e-02
1.447460507584230789e-02
2.333824737894793153e-02
3.772412124632403083e-04
1.446349795874511679e-03
3.984749126543399994e-03
9.621741307527792789e-03
2.104008667220327172e-02
1.776202095778775698e-03
1.669587534523442329e-02
3.865834186657275857e-03
1.640391599657204519e-02
3.035203040764393803e-03
3.276430587137058037e-03
2.088587156996600178e-02
5.992111599237350331e-03
2.054050295920394065e-03
5.408194432482199207e-03
9.166826497905618959e-03
6.270508428209501869e-03
1.834311430016057065e-02
2.554764178894052516e-03
1.081519045323568913e-02
2.671976521958827240e-03
4.680968152117777337e-03
5.209203403102488639e-02
1.147149354012003825e-03
1.032480305040594550e-02
1.040340178114348632e-02
6.584476008245018948e-03
7.791772780850296509e-04
2.002283769865335211e-02
1.248864390041883737e-02
1.649211335777918397e-02
2.459718664402972543e-02
6.460915894212647739e-03
4.079689309740876235e-04
7.219736540539404938e-03
1.130613532410172650e-02
2.725080082751499613e-02
1.291701099375658704e-02
2.896562810124982124e-02
5.708636426237805039e-03
1.341422188952574174e-02
4.272881125721959827e-04
1.787809223052396618e-02
2.297771605678955789e-02
5.573430197538808105e-03
1.712629136375104803e-03
4.255077289793278254e-03
1.735921297886338505e-02
5.741392538830104343e-03
1.883638627398463369e-02
7.635553257318364317e-04
1.073598995389812329e-02
3.296124191107498852e-03
3.536343127826845414e-03
1.196022965540383814e-02
2.382610513353142397e-03
7.963364918665869624e-03
5.374681689444682844e-03
1.038945734741017306e-02
5.189099109821257091e-03
2.121684248571099884e-03
9.728426913807115134e-03
2.171379318907561140e-02
4.766589024266319752e-02
6.454143712062523387e-03
1.669398861166696002e-03
1.399721934837820300e-02
9.602660896354598893e-03
3.245751010268156656e-02
7.216929953464981846e-03
2.496602343226740281e-02
1.828331897417762031e-02
5.930789508307251004e-03
4.172566752983594696e-03
1.787809223052396618e-02
2.339741448313676156e-02
8.171114549306638525e-03
1.352060451313332606e-03
4.494449065186688699e-03
9.144038231732648861e-03
5.826789791423106490e-03
3.013955287814658324e-02
1.440915695250338715e-03
1.612146017266060868e-02
5.185243457958315337e-03
3.191280595304687821e-03
1.041387081590462033e-02
2.382610513353142397e-03
3.308083590193838103e-03
6.792073149388856354e-03
1.708105926917562190e-02
5.076310076228865778e-03
3.735178616319413062e-03
1.930870347050712629e-02
1.910642256860548699e-02
3.734107185946460711e-02
2.424499519384758391e-03
1.530335972119483507e-03
2.972400189842124701e-02
4.848904403468701392e-03
2.558876415101521418e-02
6.801517841844491666e-03
2.771122491919555952e-02
1.501879559321104077e-02
1.154092891042735481e-03
4.330830847223472724e-03
2.164446287724706292e-02
2.343305355427258846e-02
2.538529768712209644e-03
5.095007165117930101e-03
5.596511764818703355e-04
1.734371360615512021e-03
1.484910940935292925e-02
2.589915445836169644e-02
7.251157928616294582e-04
1.763130276726293869e-02
1.320720195633725419e-03
1.657450211885458380e-03
2.025821535589010340e-03
4.516112344441329703e-03
4.741530203881632807e-03
8.593310679569730187e-03
1.444298753121372667e-02
7.831869905075677582e-03
2.346409342457994075e-03
2.267602258222618100e-02
9.386422940470484644e-03
3.285179539272667371e-02
2.237076113862845102e-03
1.577405243333992969e-03
2.814384474674932329e-02
7.601992085767175604e-03
2.322519645750849987e-02
6.021044752420614231e-04
2.286331835701528939e-02
1.321211101677059567e-02
1.154092891042735481e-03
2.048834739244499194e-03
1.229862496947065238e-02
2.955022250139454840e-02
1.584600598037017288e-03
3.788794161141099438e-03
5.596511764818703355e-04
2.717664867345924527e-03
1.265666852498032943e-02
3.155329724834558813e-02
5.853962260471901741e-03
1.967049363266649975e-02
1.320720195633725419e-03
4.635242783867999511e-03
2.025821535589010340e-03
1.921609079675742036e-03
7.754920500707906776e-03
8.603591936253519867e-03
3.466170537640784945e-03
1.527426930509876097e-03
2.420076434835981196e-03
2.358915286376533915e-02
7.758685640420977941e-03
4.404594902025796288e-02
2.354541141847997163e-02
1.572204135609346024e-03
3.988713875294784550e-02
4.957990980850753709e-03
3.196316078990349419e-02
8.385066564674246645e-03
7.413223116353589992e-03
2.012052581998699519e-02
3.324653226198721109e-03
6.952527773808787892e-04
1.829380233382732132e-02
3.192063784518726910e-02
5.530706300503875072e-03
2.896705403002597726e-03
3.463059291796540158e-03
6.042349826699362422e-03
1.305461472389757641e-02
2.012063333834879925e-02
6.167715359345658094e-03
8.388473575122262771e-03
8.782358126597562820e-03
2.366081290550036201e-03
1.137935950610246411e-03
2.416494010881374728e-03
7.754920500707906776e-03
7.739764862801280614e-03
2.891821394181523508e-03
7.464552213826238566e-04
2.410734258353448324e-03
3.032894247738127103e-02
6.484400726623016503e-03
3.111996356789543255e-02
1.156850361284212508e-02
9.099334451483503949e-04
3.868465649336440271e-02
2.618692812990994559e-03
4.710315763546443768e-02
9.345936192992367747e-03
5.754791092772803748e-03
1.754883498978768164e-02
2.720671862811292491e-03
6.952527773808787892e-04
1.437658696154568358e-02
6.158242799958089930e-02
4.592164734327434938e-03
6.502040355727212173e-03
3.463059291796540158e-03
6.648499630387610590e-03
1.971767741768478549e-02
2.121061099122823965e-02
1.500378715894829483e-02
1.568860265902159018e-02
1.144731688322560455e-02
2.366081290550036201e-03
1.137935950610246411e-03
1.531128562569398707e-03
1.799953169636841002e-03
9.045553893419940039e-04
4.726272397401226621e-03
3.267184043756091866e-03
4.623066682408463399e-03
1.915982083128171462e-02
6.169137157059158966e-03
3.111996356789543255e-02
1.442350929484321337e-02
1.324515565036569163e-02
4.391214833321731986e-02
2.546658520539083273e-02
5.818915819078365748e-02
6.942199205950333636e-03
5.137919593797796863e-03
1.484427204993151762e-02
1.395989914049228231e-02
4.556892108886424070e-03
1.517250672453591270e-02
6.876908735881419321e-02
7.171627265258700284e-03
1.104639202039025062e-02
1.665819704283664354e-02
1.871611009983947110e-02
1.381053284636588746e-02
1.939537606017131821e-02
2.488891918610958848e-02
1.342934575500259395e-02
1.314106861284945575e-02
8.607570344270742274e-04
9.017739607279865593e-04
1.370197416000843230e-02
3.245259777983876878e-03
3.949292803774252965e-03
5.295003568544020406e-03
1.568365438214699287e-03
5.774672857975839471e-03
9.146436997919352163e-03
1.158350076386153310e-02
1.933881421794956743e-02
1.396848283704048115e-02
1.392277487997758273e-02
4.391214833321731986e-02
2.014414545129586398e-02
7.853046949471970128e-02
8.869234014844197198e-03
1.388264674700295798e-06
1.484427204993151762e-02
1.492967445641090601e-02
5.018496131426368814e-03
2.012589809432551585e-02
4.767239458737593250e-02
3.774243575385478888e-03
1.044587207926257581e-02
4.659112587359678231e-03
3.456919610252914832e-02
1.332933002632808069e-02
2.757006713420410982e-02
2.479787431495967392e-02
3.409224300316406487e-03
9.681205294108104209e-03
1.774007423867567969e-03
6.287166713712270989e-03
1.830128018841451973e-02
1.617313850545275267e-02
6.461954531117604546e-03
1.076418968401016314e-02
1.452819888509782054e-02
5.056490729135653187e-03
8.155372639063870541e-03
1.158350076386153310e-02
9.155465975676315565e-03
1.019120892451315721e-02
1.849553389670915288e-02
4.307874701633443437e-02
1.537213314719217475e-02
6.217312978299184556e-02
1.261400980727393761e-02
1.692333671712923423e-03
8.663578996248186281e-03
1.443618880808135441e-02
4.083775126491922397e-03
1.793717835279252590e-02
2.582847937683484946e-02
3.831964976579504967e-03
1.434159147664000773e-02
7.369908720908866125e-03
2.184251694864144597e-02
1.998994426925369827e-02
1.720415689407165868e-02
2.479787431495967392e-02
3.854822574816748389e-03
9.635663536081345154e-03
1.774007423867567969e-03
9.587132938561454196e-03
1.816683280660469704e-02
2.077813883822246868e-02
6.461954531117604546e-03
7.612912003074066500e-03
1.042846385788211497e-02
7.247958052930540684e-03
1.728265057918625938e-03
1.158350076386153310e-02
8.429001497248804833e-03
1.009499572525972104e-02
2.094959793996130359e-02
2.951886124934297723e-02
9.740892972922580301e-03
3.987976095545053834e-02
6.121998225182216646e-03
2.308392307637793101e-03
7.564186846203480204e-03
3.368692815057656303e-03
3.650301847975314859e-03
1.810800134956569094e-02
1.757504586859835044e-02
3.831964976579504967e-03
1.795029720027525172e-02
1.794463843042101714e-02
3.494990658879300327e-02
2.219125354702928057e-02
1.240812752401912467e-02
2.845170283355138302e-02
1.159305101657624217e-02
1.123959116747064169e-03
3.981338306806586277e-03
7.860095486583017904e-03
2.424536188344168092e-02
2.851363409565047663e-02
5.196253195673196032e-03
1.115026339712646593e-02
7.665478329759122661e-03
5.513320433592192905e-03
8.146508356423132549e-03
1.196811412597564156e-02
3.427118933616313257e-02
1.742640051162586134e-02
1.855651220101573254e-02
2.470293859823294302e-02
2.149423714401139940e-03
3.674859909330092933e-02
1.023753988350365601e-03
1.918626217254613270e-03
7.703357571917760632e-03
6.097940060753830396e-03
1.282129887460133066e-03
1.821564972068000221e-02
1.455745041459340604e-02
3.831964976579504967e-03
9.465948002977014539e-03
2.844004582502197842e-02
4.597182137185081008e-02
2.399597278472832829e-02
6.800303519841170707e-03
7.660344277893782125e-03
8.193219085975268420e-03
1.006404365395905352e-02
5.435120308873893358e-04
7.860095486583017904e-03
4.369660438230572180e-02
3.837685898946592566e-02
5.364961448561231250e-03
1.248749460482189919e-02
8.234566747581339302e-03
5.771471539554768292e-03
4.981218283331111107e-03
3.122371497193070222e-03
2.633957700781853692e-02
2.796279070959442961e-02
4.105508305902334787e-02
2.141312286923260227e-02
1.610956571667899410e-03
1.888014669084678299e-02
1.108248717488422019e-03
8.112506767648072076e-03
1.378271535413397135e-02
2.032654969792819719e-02
1.105127027290733754e-02
1.735113449197045118e-02
9.525138697394828352e-03
1.990403666623466461e-03
9.465948002977014539e-03
3.120713530151608683e-02
4.383567538951009535e-02
1.746064496743474082e-02
1.116292146521608367e-02
7.660344277893782125e-03
2.022970733635356608e-02
1.006404365395905352e-02
3.824090641109869227e-04
7.713722558479279429e-03
4.762016048620212882e-02
3.137366634260311399e-02
1.683926459545456375e-02
2.705542673030453954e-02
9.526301640999067233e-03
3.698246778619772909e-03
1.152178362578507725e-02
3.341306104976912630e-03
4.810628706943174959e-03
1.350396896670476299e-02
3.045696446246413600e-02
3.354354538069148194e-03
5.851431251908732409e-03
1.189570123352294388e-02
6.409036965316455142e-03
1.739115438999792873e-02
6.553660474541631031e-03
2.472050789035048352e-02
6.384586058882200585e-03
1.200352639064144328e-02
7.129754909903687418e-03
7.457732323551755603e-03
9.465948002977014539e-03
2.151934798657529485e-02
3.818072942493420247e-02
1.969324198378470669e-02
1.231207487498022814e-02
7.660344277893782125e-03
2.246296818927580666e-02
1.792775148847186237e-03
6.322761687148653609e-03
2.832186518753948209e-03
3.603341925477438618e-02
6.775597174977737724e-02
9.490836700531846831e-03
2.454461648695074188e-02
2.646869123384024830e-03
5.695949520070220026e-03
1.814806443997133908e-02
2.097214639322162507e-03
1.270821689620749498e-02
1.571007639645522619e-02
2.750021641383290638e-02
8.385895893519776378e-04
5.851431251908732409e-03
9.919200803450718695e-03
1.154243308994264486e-02
3.396020531221977112e-02
4.350525135610121275e-03
1.982039573294736706e-02
7.245033047177506375e-04
1.556610689090526592e-02
6.978699167110507390e-03
1.021205118974982846e-02
8.406736202007237049e-03
2.040116879519042817e-02
4.642869951273291551e-02
1.922099564534578142e-02
1.732705424437948338e-02
7.660344277893782125e-03
2.246296818927580666e-02
7.066674140248827528e-04
8.953626514730042563e-03
2.832186518753948209e-03
4.114371769346104185e-02
5.522016093299815520e-02
1.012763168187185391e-02
8.546170699728565523e-03
9.220772539398555678e-04
5.865894108505984549e-03
1.191589653460686793e-02
5.463526355590478736e-03
1.542486812602660018e-02
2.694611841962721299e-03
4.084605106221505383e-02
1.529387099708253914e-03
5.804873267327397522e-03
8.270016705430191517e-03
2.308908116692189039e-03
6.044238348239696496e-02
3.939272161742054384e-03
3.621645221756496225e-02
7.245033047177506375e-04
1.136607061763134432e-02
6.607490425259198233e-03
3.842488801135913491e-03
2.301909067941388526e-02
1.625078414252052739e-02
2.528418563502461691e-02
1.003061250567868767e-02
5.399339865190122198e-03
7.660344277893782125e-03
1.715466730459924011e-02
2.864900957486627396e-03
8.953626514730042563e-03
2.839729723285727356e-03
5.376815309135050958e-02
4.706532083506791142e-02
1.012763168187185391e-02
5.360960827432851086e-03
4.445589986915523921e-03
6.575660784537517949e-03
1.221176976085110513e-02
5.463526355590478736e-03
1.496330041278763970e-02
6.795298068904102005e-03
2.478406340780506603e-02
1.421567861467302324e-04
1.141625941566278869e-02
9.998601812603615663e-03
1.526346905304669377e-03
1.110671155125965079e-02
2.881348428846687050e-03
1.320725321704716883e-02
2.572933645514225744e-03
1.647058897804710292e-02
3.086787478080291625e-03
9.039888953090709917e-03
2.301909067941388526e-02
3.433147294347997647e-02
2.241246456236264256e-02
2.481793303177694254e-03
1.726182317188013418e-02
7.660344277893782125e-03
1.574918484340664948e-02
1.675350768667132131e-02
8.953626514730042563e-03
2.017164205043104133e-03
5.879072992212480697e-02
1.747434813866204431e-02
9.039124293686091882e-03
2.503653793619720069e-03
6.838960968486612786e-03
1.012576692936028103e-02
1.425638518336375116e-02
9.630436571531404699e-03
1.503006314596614344e-02
9.401379247622456900e-03
6.280985960655065259e-04
3.025105894679957878e-03
1.480866801091737343e-02
1.419463493557224579e-02
1.526346905304669377e-03
1.580934679866882395e-02
7.885412432667559396e-03
1.320725321704716883e-02
2.043088183660767779e-03
1.297108331152762271e-02
1.732661941392678795e-03
7.556059490874170691e-03
2.294445772581124587e-02
2.251845068624214879e-02
1.442932550050180125e-02
1.585189526226092951e-03
1.564810955445377835e-02
8.426307121662379024e-03
3.735939219771357983e-02
8.258880063338774891e-03
1.357402505155231101e-02
1.576422005268809760e-03
4.016302303265194967e-02
2.278570195907739931e-02
8.416585733632270250e-03
6.041055098274767700e-03
4.171916045786675138e-03
4.341068513278434522e-03
1.552407467279649615e-02
5.599517276355315404e-03
2.419164890956734468e-02
7.368123775139151510e-03
4.626428030741331493e-03
1.022425791892165106e-02
1.599719466304026783e-02
2.078148826093351165e-02
1.526346905304669377e-03
1.037372991958747728e-02
2.616837756748764676e-03
1.098555201492754617e-02
3.943880782726727485e-03
2.146072073877877944e-03
4.666127547589747800e-03
3.119375319207496125e-03
3.431393224116099927e-02
1.679248129906918408e-02
1.427990697245135922e-02
1.585189526226092951e-03
1.951222913932230962e-02
2.759120624141852759e-02
2.852621913826345126e-02
5.177763727286565330e-03
2.939936640980566826e-02
6.843250613268491919e-03
1.981270351718803641e-03
4.123288612282588472e-04
2.035946165483691964e-02
2.911529534213911762e-03
1.718402673189852337e-03
4.133914718940260441e-03
1.450048376248271563e-02
4.652554659807764566e-03
2.419164890956734468e-02
7.935653860625530021e-03
6.446032642564684598e-03
1.022425791892165106e-02
3.243693415996676266e-02
2.446311186641766597e-02
4.590127437974296856e-03
8.057903656169110307e-03
3.063614411538077148e-03
2.931696452944455075e-03
2.202592412765153398e-03
2.975437931774870849e-03
6.559394846145701757e-03
2.985772814055993873e-03
1.931309453165690193e-02
2.470365738680138992e-02
5.827604015726551255e-03
1.778216065581900585e-03
1.894659697871755449e-02
4.363068302008612370e-02
3.018585361431247102e-02
1.253400981159759689e-02
2.035483724852744924e-02
7.089038251434980238e-03
8.819196067688384044e-04
2.289337908898521345e-03
2.299276700202639023e-02
2.016743069870913403e-03
2.379434210924065256e-03
2.319753031834017980e-03
1.450048376248271563e-02
6.406042422508317208e-03
2.419164890956734468e-02
3.522278401418535779e-03
1.196842403652890324e-02
1.061357156631092050e-02
2.217622276959858515e-02
2.766432808294793169e-02
4.488261773918634373e-03
2.787292283363625341e-03
4.372856695075848926e-03
3.186162744765097879e-03
2.402387708367113850e-03
2.588735417531815540e-04
8.701219337674769710e-03
9.060887904647971225e-04
1.220579004260766848e-02
2.777812102551573820e-02
3.411186273088836346e-03
1.747410367827214456e-03
2.088346881226094132e-02
4.815002924380005350e-03
4.486539959377769393e-03
3.143691165593289621e-02
2.002860585523981093e-02
1.288959214782576385e-02
8.535725844647221172e-03
1.031548151507508462e-02
1.732350437759570816e-02
2.043183605206307010e-03
8.951353999197501216e-03
2.509638006831700803e-03
1.310603685028400613e-02
6.406042422508317208e-03
6.420675382380906793e-02
7.145240064799301960e-03
1.991783319527124993e-02
8.114733139992743802e-03
2.704237663496990990e-02
2.861555917775977093e-02
1.841460970993660101e-03
4.104856273826427288e-03
3.741421453983556026e-03
1.130152873680313579e-03
1.873046973261903100e-02
3.685299144888121853e-03
7.389462952089557654e-03
1.588043819117084627e-03
1.451584602864284049e-02
3.544221848420235632e-02
1.948607112085103121e-03
1.747410367827214456e-03
9.915476945758045987e-03
8.768144646596143232e-03
1.495430409482049854e-02
2.561775383416558388e-02
4.800247761451013895e-03
6.947600791173918003e-03
8.844649490191241331e-03
1.465968527918387783e-02
1.246896750811392687e-02
1.154920736339840048e-02
7.246559254587069815e-03
3.956208846960658845e-03
1.746252763959617663e-02
1.039683965418818253e-02
2.300398841010451584e-02
8.162686066370321292e-03
1.991783319527124993e-02
1.187169193394632151e-02
3.090832572862369648e-02
2.218343120267404767e-02
1.003715547081237593e-03
1.396586386207376851e-03
5.635135668673667969e-03
1.130152873680313579e-03
1.077371501509793647e-02
3.190191804554569875e-03
1.640276992743126827e-03
3.179653223387221214e-03
1.250632842402680557e-02
2.756666299019506008e-02
1.948607112085103121e-03
1.181511591938427634e-03
6.622590638024408727e-03
3.727233074881323299e-04
1.104975888350438577e-02
2.134235273527982507e-02
5.736746134362862883e-03
9.388610267761481748e-03
2.769260783547722315e-03
1.461817070723508971e-02
1.384890811042139083e-02
1.406938079060727348e-02
6.401389580038189739e-03
1.868463508774675930e-03
1.637884233054798244e-02
1.765042484757464725e-02
3.148252424800509347e-02
9.834274150212995308e-03
3.207416713497948657e-02
2.040025627645285569e-02
1.062517602077790897e-02
1.992147659751369870e-02
9.869664863455702986e-04
1.218500458980319515e-02
2.904547093571917954e-03
2.248618300966058470e-04
2.287047217948508585e-02
3.281157325044617781e-03
6.547338304797102257e-03
1.509219850753622076e-03
1.348175811733276844e-02
1.684781094135018309e-02
8.383936653847085668e-03
2.272983112793001623e-03
5.302357814362798280e-03
4.114202904096024571e-03
5.467557224211558667e-03
2.507024382335839435e-02
5.691452454437073531e-03
2.902504562886770376e-03
2.769260783547722315e-03
2.082203859847194666e-03
8.324222029254792210e-03
4.112898116155631889e-02
4.820623664052226844e-03
3.599218110824839705e-03
8.457337501295632276e-03
1.680914776269066060e-02
3.911442538034253652e-02
8.636099889219475342e-03
5.841854770664638846e-02
1.396192687543703140e-02
1.458715681865251426e-02
1.390826189414387862e-02
1.293385401751608738e-02
1.946388822601854279e-02
8.613613171491625586e-03
2.248618300966058470e-04
2.717216653460595432e-02
4.002594221183819467e-03
2.333570662783137056e-03
1.959944666308877786e-03
1.333336051277111099e-02
1.684781094135018309e-02
5.928807171624757288e-04
4.373108387600751525e-03
5.302357814362798280e-03
4.671980190435956123e-03
1.114516335963765953e-02
2.411529290083527094e-02
5.691452454437073531e-03
2.902504562886770376e-03
9.978843848049557055e-03
2.020163843242386674e-03
9.155452055711697096e-03
2.040547731428401720e-02
6.999232954850071603e-03
2.021487589766645873e-03
3.291042301020288656e-03
3.223748114899817330e-02
4.998574729415995038e-02
8.674450833065398131e-03
5.101517518640223681e-02
1.051052931120194421e-03
1.869959987740815732e-02
1.829795421487087626e-02
6.217223505940385961e-03
1.805509740855298917e-02
1.984098290612863746e-03
1.039643758453864461e-02
3.433698313606638186e-02
2.179146685199570554e-03
1.730540698427207591e-04
3.179377171475527945e-03
7.816688075199010668e-03
1.549515723731614489e-02
2.623991378710451884e-03
7.932028188437415667e-03
4.822571338842139566e-03
4.671980190435956123e-03
5.744357635062119494e-03
7.410928017195197309e-03
5.691452454437073531e-03
3.639742535819865538e-03
9.978843848049557055e-03
3.437951858077685583e-03
1.057954558143545803e-02
1.106280383306616245e-02
6.575308596245367510e-03
1.281262013624692980e-03
3.799460062811442409e-03
2.273155586785396975e-02
2.098459684327399349e-02
1.443911067225264050e-02
2.119720839060117157e-02
1.657676494619991087e-03
1.753099773045737816e-02
1.185777169869504238e-02
6.526637734204920882e-03
1.199925832002751713e-02
3.312043629069464680e-03
9.716383383923480124e-03
2.693982922164765009e-02
1.219863170817453999e-03
6.557138060336625135e-03
5.065477746524283884e-03
5.948372164095394772e-03
1.549515723731614489e-02
1.006237743138386868e-03
6.945729442254017574e-03
4.822571338842139566e-03
1.520426362733173428e-03
1.054261311176091231e-02
5.825750333499964823e-03
5.691452454437073531e-03
6.986560092447691162e-03
1.214819197020796174e-02
4.115455436705146505e-03
1.057954558143545803e-02
4.076889860901117962e-03
6.426145813611162244e-03
1.281262013624692980e-03
4.160982132567371712e-03
3.185761812741459698e-02
1.567402969888317954e-02
2.397218395836819144e-02
1.951452435138542607e-02
8.497989247290784268e-03
2.335604421534701394e-02
7.405446202506225754e-03
7.743956556759681517e-03
7.514776384299376097e-03
4.814285305726754421e-03
1.995884146155174274e-02
1.825332504887170609e-02
9.772801710802969666e-03
6.676153577797842333e-03
2.316154106885523825e-03
7.709240661414360797e-03
1.549515723731614489e-02
6.547558611834291761e-04
8.808895812348465151e-03
3.264693973125537552e-04
4.096604494847910262e-03
1.042176678956805227e-02
3.112928182822253045e-03
7.837337070984527060e-03
1.061313859414454892e-02
1.285022495872600000e-02
6.052361896772412431e-04
3.481227024515901828e-03
5.447591624578331654e-03
1.442896316794354747e-02
4.695499553779740494e-03
3.160477288917606931e-03
2.113230946217258335e-02
1.195491300858284381e-02
1.828960416609776152e-02
1.119071359836287111e-02
9.501328989215731755e-03
1.713010835060631981e-02
4.515580893706986829e-03
1.295348623294901094e-02
1.770111075043497365e-02
7.696295873994945559e-03
2.274734261848011807e-02
7.199115617965297712e-03
1.050237824422867519e-02
5.248997440127177797e-03
4.248927789580383280e-03
5.749053675094206728e-03
3.095516609203657898e-02
1.212094529047306156e-02
1.486521738628481491e-02
4.963066720203852637e-04
5.318863460881110249e-03
9.563978022016812741e-03
4.348791998358129962e-03
7.910605809500793895e-03
1.239226423224885042e-02
1.050137005624338787e-02
4.017374199263082368e-04
3.483322913152104780e-03
4.337101030825463166e-05
7.990905898311336311e-03
4.028226617828846445e-03
1.996873543380694310e-03
2.316847258338099874e-02
3.265250459112823203e-03
1.312095129759408008e-02
1.668768933915825564e-02
1.954045055346339405e-02
1.876316641566324814e-02
3.920870567146773900e-03
1.365609280630129645e-02
1.703056761252946111e-02
1.817867305648024345e-02
1.976503837146650552e-02
2.498436297528824207e-03
1.937787372763755817e-02
8.898852173947788963e-03
4.589421742783039715e-03
5.095559379594262646e-03
3.084409957595908580e-02
4.916429886488412997e-03
1.584003130971234699e-02
4.747943074081242137e-03
8.069920814753519384e-04
9.722213472651120014e-03
5.222256605744771824e-03
1.463137627666370039e-02
1.090223656849169387e-02
1.950098264955097208e-02
3.028862470631076432e-03
1.726144206540667150e-03
9.762050608077225272e-04
1.421044023658507224e-02
7.068256513956325607e-03
8.272170875054055822e-03
2.872853247853921974e-02
1.052026363066863729e-02
1.165322856578374089e-02
1.691476247686311482e-02
1.849251440947611430e-02
2.848792172259190583e-02
1.637823344312840795e-02
2.238468673727257371e-02
5.131360795733100680e-03
1.746377002064906925e-02
1.766908761083547941e-02
6.020530216340087837e-04
2.337476156019887424e-02
8.788376109854065601e-03
3.004648849066163252e-03
7.003371599312247821e-03
3.170723967802498156e-02
4.916429886488412997e-03
1.766020728910816517e-02
4.747943074081242137e-03
5.063269643398340264e-03
6.538217870518976162e-03
7.763036384139712295e-03
1.189390869222502027e-02
7.932840413888045394e-03
3.102367926729670058e-02
5.625710165404374137e-04
2.138918937530831683e-03
9.762050608077225272e-04
1.169001940466672142e-02
7.757206131386396551e-03
9.061691590188856310e-03
2.159233495318184370e-02
5.986341666558068347e-03
1.415393542246752567e-02
2.306619452174841350e-02
2.919220236273253194e-02
2.010429969165127700e-02
1.881379487633645653e-02
4.758949173303798214e-02
5.439255622454679424e-03
2.773992225220595423e-02
2.255989436751509869e-02
1.279312267442375348e-02
4.267791031317723360e-02
6.976224545197591553e-03
6.750750653819672688e-03
6.581838870807656464e-03
2.824496101624200672e-02
2.122745528366516005e-03
8.314985474812550820e-03
5.620252314564831708e-04
2.429178384258146289e-03
6.538196184944142925e-03
2.489460251923218681e-02
1.366975384670801943e-02
1.900424545697442999e-02
3.648295120121690382e-02
2.723508238130164377e-03
1.287213927096686472e-04
6.737664511615385453e-03
1.352483103686766795e-02
5.986200960017160067e-03
1.611395481698485455e-02
1.416553212757905300e-02
2.373427453778796659e-03
1.584980062354958072e-02
3.163158582020297871e-02
2.749421430173033809e-02
2.373526030423678962e-02
1.444138683119935290e-02
2.316824572392748791e-02
3.535594741834321379e-03
4.082557972069059821e-02
3.475401369421281250e-02
4.456316044495570519e-03
5.070670667851923108e-02
7.762579513302808598e-03
4.996680468269932250e-03
6.581838870807656464e-03
1.723466804759153648e-02
2.122745528366516005e-03
1.706219249810753125e-02
1.269508527483657542e-02
2.458106619448406898e-03
6.874660891184582179e-03
2.202104898494024882e-02
1.435227023770687879e-02
1.811255646436430583e-02
3.648295120121690382e-02
2.267719165508210073e-03
5.985916772186619314e-03
6.141101665384507413e-04
1.352483103686766795e-02
4.713667762769071373e-03
1.235677040121617443e-02
2.696364721770051764e-02
7.433428941545528780e-03
2.342983982973659979e-02
1.328618841960755789e-02
4.037735763669297179e-02
1.930999678184618443e-02
9.318662126380692495e-03
3.162110106225808626e-02
4.213806624559243361e-03
4.367760873029796070e-02
6.628625496860952870e-02
4.261119181446977947e-03
4.374453974662645406e-02
1.129202914707178214e-02
1.348508168985539969e-02
6.581838870807656464e-03
1.304063288902079787e-02
2.081830511917882875e-03
3.800024650780860908e-02
8.643020544845890149e-03
2.458106619448406898e-03
8.475453454789694599e-03
3.211266124099918656e-02
9.295413752716218114e-04
2.007519080083795121e-02
3.648295120121690382e-02
5.674950595500183673e-03
4.837610834916206484e-03
7.280777624457919830e-04
7.822015873949806491e-03
5.896421461123207107e-03
1.532480799749268152e-02
2.400776970069205471e-02
2.245322587115201537e-02
1.981351083454548079e-02
1.061836501138132410e-02
5.776811273705453886e-03
9.537100652165203529e-03
9.318662126380692495e-03
5.202888757731941732e-02
4.094069132689363497e-03
2.288148681980540708e-02
3.268073127225729069e-02
1.182043191542176894e-02
7.514632663247040878e-02
1.129202914707178214e-02
1.348508168985539969e-02
6.581838870807656464e-03
2.998086538829668538e-02
2.002514197193870117e-03
4.479814165069928578e-02
7.617911112273454202e-03
1.040424676055115398e-03
2.551143939562094606e-02
3.071975774592422895e-02
8.066612415223543830e-04
9.632287488963319280e-03
3.648295120121690382e-02
7.432444280233058836e-03
9.498107277281663333e-03
1.902523415021408881e-03
2.551983406417554848e-03
7.514398416511085428e-03
1.100924413580932001e-02
2.391025505881863231e-02
3.819547357433371315e-02
1.386920028446720493e-02
1.071244178047296020e-02
6.820248886750310442e-03
9.062270807334682488e-03
7.836014896057973134e-03
4.925460718945300076e-02
1.400862355373307284e-02
2.527224016667437706e-02
2.509875388810491742e-02
6.038443920891641697e-03
7.275152357550587756e-02
1.019633794296234339e-02
1.086254142700767908e-02
6.406564611455909351e-03
1.906521552779436718e-02
2.323051760352803745e-03
7.393229223164606012e-02
6.953727144413074206e-03
4.112930520692198444e-03
2.858784052625064093e-03
9.364534898043549993e-03
2.523934291856976334e-03
1.532932637804141837e-03
3.487919604880324737e-02
2.033072825023532482e-03
3.840361677921794691e-03
5.627265303170883581e-04
3.702166317249920569e-03
5.404264889308248339e-03
8.018826603293163421e-03
3.251762949295454452e-02
3.189660670849764346e-02
2.041249560928476772e-02
4.441513267715951202e-03
5.689410256052894813e-03
8.342657657142078451e-03
2.059368850148074470e-02
1.750397612451766102e-02
1.706510867208946985e-02
6.631529235662953284e-03
3.283654947298250693e-03
5.564136069916935864e-03
6.825249974314695489e-02
2.458631056387152077e-03
9.800589928112465529e-03
9.354854063323028365e-03
1.884679716018519691e-02
2.007003832431443913e-03
8.473490029630222076e-02
6.228730960092646908e-03
1.634561584577228291e-03
4.296048962260148527e-03
3.566361519128000666e-03
4.999217917632671048e-04
1.532932637804141837e-03
3.087987392122005376e-02
1.281866995538876591e-03
4.098028429924364426e-03
5.203415913387465352e-04
2.446227764803169617e-03
6.287637889426279589e-03
8.580223469002449393e-03
9.700067988987572110e-03
3.659999932112717458e-02
1.929295674489714396e-02
2.674644339558275921e-03
5.689410256052894813e-03
1.260268706114166942e-02
3.515162463936716969e-02
4.008494310426424095e-02
1.689426660009571424e-02
2.835896876711336417e-03
2.265258897083380699e-03
5.564136069916935864e-03
3.751179895569694417e-02
8.891740618446938166e-04
5.807595761044300961e-03
1.414468323467569025e-02
1.884679716018519691e-02
1.508108408410848951e-03
3.559576127482638741e-02
6.228730960092646908e-03
8.136102421656878775e-03
3.803890002623580482e-03
3.566361519128000666e-03
4.999217917632671048e-04
1.687089942202792472e-03
2.933477385093116035e-02
1.281866995538876591e-03
8.411314898531620232e-03
5.203415913387465352e-04
1.944560399656410088e-04
7.174667269071911477e-03
2.662305078075844628e-02
1.891837591905823693e-02
4.655928879816789712e-02
3.755120026249102183e-02
1.157813885168824464e-03
1.677066772941427850e-02
6.227828690654877396e-03
4.950863861735955995e-02
1.547626151673159658e-02
1.668275059929967899e-02
2.831841603001028322e-03
9.158921229200138459e-03
5.564136069916935864e-03
4.064088620041298588e-02
8.891740618446938166e-04
1.761619438981748553e-02
1.010654838453247002e-02
1.884679716018519691e-02
1.329651368194023284e-03
3.396916585240952746e-02
5.004445239977450832e-03
6.740562449121838100e-03
3.370267381263920749e-03
3.475674736534650755e-03
4.999217917632671048e-04
3.438899637872141861e-03
3.192212106288508378e-02
1.281866995538876591e-03
5.159192482124558971e-03
2.759530705576197784e-03
1.663097380467276620e-02
1.714090442627851443e-02
1.430889989130077096e-02
1.338442010829987705e-02
2.063008187473247199e-02
3.731511570146574253e-02
9.769665069346913921e-05
1.781044831538233092e-02
7.255984395940863474e-03
4.950863861735955995e-02
1.321780437253172735e-03
3.176503899792760405e-02
8.137639160362357404e-03
6.490600439949530814e-03
1.022558296884898410e-03
3.418324062960591964e-02
7.742409478144474111e-04
2.931861040536007726e-02
1.128697581391538765e-02
9.088149541511414062e-03
1.022884203376042515e-03
3.973675112506445256e-02
5.004445239977450832e-03
5.854832398681245054e-03
1.892706482172532229e-03
2.924686082864756329e-02
1.695378504441580336e-02
5.646586817941115326e-03
8.520262212234883115e-02
1.281866995538876591e-03
7.504622611373060539e-03
2.318479439633954267e-03
1.552203385527229848e-02
2.072005429554110018e-02
2.260832777069720495e-02
5.285973844377538609e-03
2.043775118467466845e-02
5.154093110168114777e-02
6.829585977401681288e-04
1.822204797271023344e-02
6.808672047740547614e-03
1.847995807014844033e-02
1.265770225866897497e-03
3.758325492023829179e-02
2.788956150084805422e-02
6.490600439949530814e-03
1.082722825995727917e-03
2.691457023378769631e-02
2.789227150852744558e-02
3.999384495688013130e-02
9.658568806519760019e-04
1.424521058977893002e-02
6.299289843545346004e-03
5.020362130420773922e-02
2.972076331786747613e-02
5.854832398681245054e-03
1.425118316821554106e-02
3.041141846456599240e-02
2.661976056449814193e-02
6.180120223166474767e-03
9.318455592974425605e-02
1.281866995538876591e-03
2.594464169351775110e-03
2.931528381873173359e-03
1.012596206320215755e-02
1.448477826254114184e-02
2.533323464874351685e-02
6.065753749729368982e-03
6.057794128949668677e-03
3.970521200217566604e-02
1.459808631259197111e-02
2.703435376422622799e-02
4.629429112068107408e-03
1.034127751332402680e-02
1.265770225866897497e-03
1.591257293085782121e-02
2.643513918534904153e-02
6.889858562670820967e-03
1.024704315534801175e-03
1.781758221696402161e-02
2.832150663104279070e-02
3.999384495688013130e-02
6.204068581141069377e-03
2.219217331027740006e-02
6.827575980589818336e-03
4.482339349063346745e-02
1.995262732193642599e-02
5.690913040237730383e-03
3.644279918505043125e-03
1.200248378275741920e-02
2.661976056449814193e-02
9.255573908132941688e-03
6.142570287126532247e-02
3.300450989076730152e-06
6.842475234983080509e-03
1.172129271567971462e-02
1.213840401210168445e-02
2.028504849596116100e-03
2.272896294887694069e-02
6.069900939236190160e-03
4.928696150841858740e-03
6.234548621228383491e-02
1.477634947176719935e-02
1.987557790689887388e-02
6.181903254066341627e-04
7.054026845515322386e-03
9.374525127406836689e-03
2.722148584640654567e-02
2.193921194022535603e-02
9.156886968630786189e-03
1.063340857315128035e-02
2.751011299826754825e-02
3.641343799750734050e-02
3.575025182165754434e-02
5.910220145315839974e-03
1.978645749020230965e-02
7.324798274594798708e-03
3.786465929372102857e-02
2.402623436761034889e-02
2.837303589504312339e-03
2.020521672873640436e-03
1.501307072547527349e-02
2.247799739896238699e-02
9.582015176072275833e-03
4.219964937848540154e-02
8.573430179264986042e-04
1.072591222785137730e-02
1.485254399602522341e-02
1.213840401210168445e-02
5.310723023592417782e-03
2.753684964583157091e-02
6.396087086105041453e-03
3.500467430445877888e-03
3.801318789157744765e-02
3.156980181537740598e-02
1.987557790689887388e-02
3.759593207288277564e-03
1.215678436003070004e-02
1.530011876579392104e-02
2.608909348373686723e-02
7.387980476130862756e-03
3.761627767515275753e-03
1.584110934057681580e-03
1.972144007880217986e-02
2.929576564224212892e-02
4.552622669163115116e-02
3.323909939703614293e-04
1.498723314236732017e-02
6.176448969915104142e-03
1.747042830731844465e-02
1.133704121573673659e-02
2.139364407221136521e-03
7.433147613519345762e-03
5.687544964237768730e-03
1.824075410824253785e-02
1.019384493616191933e-02
4.871854021286935871e-02
1.229534945006013902e-02
8.131879253439139310e-03
1.804331441104642733e-02
2.582941819048314037e-03
1.159263936941295819e-03
4.544075099811464846e-02
1.087410553995192368e-02
1.288990940803838928e-02
2.279295468337635272e-02
3.156980181537740598e-02
2.796513480697022588e-02
1.961865073147850760e-03
1.046148690088330273e-02
2.153921792729281137e-02
2.103156431402043725e-02
4.701216917820761482e-03
3.969459566273836684e-03
8.394240202026781450e-06
2.497018301336567658e-02
2.763468617615521400e-02
3.873953840098766366e-02
3.323909939703614293e-04
2.386892074199762140e-02
5.995442732844785856e-03
1.735580668173748384e-02
6.484650066492340936e-04
2.673041522137369064e-03
6.276750870407700987e-03
1.372205896551952076e-02
1.548160086561255894e-02
2.541419346177159477e-03
2.934270554310823217e-02
1.949937949521876601e-02
2.952774390216937779e-03
1.256882644493674886e-02
9.640761824664978094e-03
1.503521808413864347e-04
1.651121066608510213e-02
2.172502705690276814e-04
6.697927259951192737e-03
2.221780498746823984e-02
5.197384876247018726e-02
3.358313279297947540e-02
7.754195697874425100e-03
1.698334690528065585e-02
1.845679498656907155e-02
2.076510318354880813e-02
2.440813063607061035e-03
3.412365285797477367e-03
2.119768293095268714e-04
2.105508856281830543e-02
3.476734159555992798e-02
3.873953840098766366e-02
9.071291819960245958e-04
1.901172379878071986e-02
1.406237823175665244e-02
1.713479977023235623e-02
8.530418071807247329e-04
2.673041522137369064e-03
1.103598913745796814e-02
4.918921372338220729e-03
5.011336231093565206e-03
2.541419346177159477e-03
2.992814613545407426e-02
1.566329010219515497e-02
2.952774390216937779e-03
1.090074585237977428e-02
4.339882008066025913e-03
1.503521808413864347e-04
1.742370346714988694e-02
4.345091618319208912e-03
1.098230391405620801e-02
1.439637043525396690e-02
3.917947944972002827e-02
3.704621863249561720e-02
1.089000410123646886e-02
1.903081173752751293e-02
1.997177641363833203e-02
3.107399725213915581e-02
4.855235069554104943e-03
8.962232312630803721e-03
5.234370029090873282e-04
2.227893146677525221e-02
2.924618033894762353e-02
2.157946517723315083e-02
7.135560819724537374e-03
1.556382166921546455e-02
2.272038771403010055e-02
1.670052521910132814e-02
8.530418071807247329e-04
2.680059123919425329e-03
2.738166364792181482e-03
5.509784470775262732e-03
1.490473313343813021e-02
4.323622085861233977e-03
2.356922002808852293e-02
7.600078815594704315e-03
1.235170009377514408e-02
3.595357496898377025e-03
4.751172978421661086e-03
2.583582026741627208e-03
1.993206293042479316e-02
3.390996219065255807e-03
7.138867881320114239e-03
7.824009547046108216e-05
2.441263546241657922e-02
3.389490654447734064e-02
9.392037944651702996e-03
2.155243154411571119e-02
1.997177641363833203e-02
4.881306928451155380e-02
3.913694062387240886e-03
8.414338583219818299e-03
2.871028534311098699e-04
5.829631841644304646e-03
4.457177328370073160e-02
2.377262593137556557e-02
8.002706682270002703e-04
1.643179735386825907e-02
1.092083603228902883e-02
1.662973083686478809e-02
3.343091809734279052e-03
2.313721272489946326e-04
8.970530499885706610e-04
7.861642406381753184e-03
7.350531364496690201e-03
2.722707312695535689e-03
3.445495485164735971e-02
2.353051766294652833e-04
4.789436410742194811e-03
4.068873386972641192e-03
4.762448128999487162e-03
3.524541952351258577e-03
8.868054542000326779e-03
5.387481642216029876e-03
7.392035211508864168e-03
3.116987031993055657e-03
2.441263546241657922e-02
4.534655761717937272e-02
1.263240120944955289e-02
1.591767954907210431e-02
2.509589258587506186e-02
2.584257808296112208e-02
1.604804855646046677e-03
1.630818183702845495e-02
1.119543142073338091e-04
4.754862629500995058e-03
4.667149821616174005e-02
2.057860542932863843e-02
1.339482883974488356e-03
1.161090043889067419e-02
1.049672019968980567e-02
2.750697787712389104e-03
3.958310057455875601e-03
5.977888468596568444e-03
2.611134729134675578e-03
7.861642406381753184e-03
1.361813254941966062e-02
3.507414793706731780e-03
3.906810930625761319e-02
2.151554620136641657e-04
3.156074399301312533e-04
4.057422409601609339e-03
2.261342652052709956e-02
4.417752107013171378e-03
3.843452597765231217e-03
1.503165670586366701e-02
2.685671137679948757e-03
5.122866135890082398e-03
3.591326790989683021e-02
1.915828714403317035e-02
1.032113391617953818e-02
1.205677076684556759e-02
4.419900827794150111e-02
1.685912065233620763e-02
1.985667805043998032e-03
2.016480802352366847e-02
1.867439421260921797e-03
5.775888166164658277e-03
3.165670003523281956e-02
3.268224821560140880e-02
1.339482883974488356e-03
1.535347510003793464e-02
4.741206553238029586e-03
2.750697787712389104e-03
3.958310057455875601e-03
7.244534311905437632e-03
3.759909918035617658e-03
7.861642406381753184e-03
8.854666434817845544e-03
2.279566253128697487e-03
1.847523541108380199e-02
1.931562741815827031e-03
3.050819508448564255e-03
5.639409297649702370e-03
2.506370650525405197e-02
1.627155928554238629e-03
3.900587417180283439e-03
1.160783829513031482e-02
8.312892704635754804e-03
7.516816367884092930e-03
1.814860066830497123e-02
1.396839962947130261e-02
1.774811604369063225e-02
2.364149044796566915e-02
2.377849812214150732e-02
2.933546945954993226e-02
3.978390090846467553e-03
9.955138628047610974e-03
7.777431866060405263e-05
7.438635918422506314e-03
2.233607763646645872e-02
2.071140866819414644e-02
1.388829193742834121e-03
1.332499457650075658e-02
2.697558975247515197e-03
2.949336956339282390e-03
4.398624193467440269e-03
7.244534311905437632e-03
1.278921568225756256e-02
8.878993640321783398e-03
6.250834727378158824e-03
2.279566253128697487e-03
2.981517997714614940e-02
1.931562741815827031e-03
3.181895860280160165e-04
7.695331399109045858e-03
2.441384084523209874e-02
1.627155928554238629e-03
3.900587417180283439e-03
2.116101608998399025e-02
1.538955412594040367e-03
6.794484937977950459e-03
1.814860066830497123e-02
7.905098654060211533e-03
2.377789032846809592e-02
1.782259359969894791e-02
1.629059940731784895e-02
1.922865523843250365e-02
5.055651143254400078e-03
1.187121621452650808e-02
7.777431866060405263e-05
1.550491426410865146e-02
1.683852966015160837e-02
1.328661752547665234e-02
6.202778655226035692e-03
1.396603687349706746e-02
2.697558975247515197e-03
2.949336956339282390e-03
1.016967876202251771e-02
8.203220741585708423e-03
2.463952445776824637e-02
7.592258149683792437e-03
1.910003140721896770e-03
1.548843137931554250e-03
1.801715795505911405e-02
1.904279446825584386e-03
3.792224541102968277e-03
1.244522645544256061e-02
2.850182572491018196e-02
1.008755816161207262e-03
5.196366296121303699e-03
1.224213976950851157e-02
1.390420440814148922e-03
1.763333419584627720e-02
1.764609205411174497e-02
9.091951359207017455e-03
1.207472857302891237e-02
2.116902709608263489e-02
1.657849398921575762e-02
1.922865523843250365e-02
7.954847083012885761e-03
6.666340570438263231e-03
7.777431866060405263e-05
1.550491426410865146e-02
2.268237796093145603e-03
3.339278518463513479e-02
6.202778655226035692e-03
1.262650373317628950e-02
2.300566327151323809e-03
8.957793949913410436e-03
1.351499563663689438e-02
1.051600476986162477e-02
2.982847556842384978e-02
3.358209479921303239e-03
1.263083013732984455e-02
1.548843137931554250e-03
3.379633388451974696e-02
9.322584981781610949e-03
2.006028064187978695e-03
1.663334280526698392e-02
4.570475986069795493e-02
1.008755816161207262e-03
5.756711991793395100e-03
9.843986882882931576e-04
2.641951789953842812e-03
2.438317238172463958e-02
1.901585192500737653e-02
1.741862876710596753e-03
1.195673367536771552e-02
2.116902709608263489e-02
2.129883017050883398e-02
7.112388843046449360e-03
1.459935083008392920e-02
9.615448366805338237e-03
1.432452565659440803e-03
1.550491426410865146e-02
1.544232590619009499e-02
2.590363800128294217e-02
7.204017693544093742e-03
1.551441264777631002e-02
3.276989289028843511e-03
2.354255139957225906e-02
2.329602973582787367e-03
1.745309537148534429e-02
1.718641298872829182e-02
1.040310916546433387e-02
3.220343269477998760e-02
1.741602772326999310e-04
2.538297084957377714e-02
7.688911478916708037e-03
1.371415902428690763e-03
1.818119051645080211e-02
3.518650422502558883e-02
3.108530273468619251e-03
5.756711991793395100e-03
9.257721240593498255e-03
6.784128898144371755e-04
2.868481771639325856e-02
1.481121702922066387e-02
5.249826373171101630e-03
2.441271440538732643e-02
1.387487359825023865e-02
1.264063330468826775e-02
8.954179469265724847e-03
1.751936902238145771e-02
9.615448366805338237e-03
2.046047473701510799e-03
1.766632179812492598e-02
2.340465596305301571e-02
3.377761796183004900e-02
9.857685911202895834e-04
3.128712805449608558e-02
1.305195343412348524e-02
2.035150827619703826e-02
5.503716672798952478e-03
1.432422108554153549e-02
3.781018780909337768e-03
1.573387436187416097e-02
2.225467180217385182e-02
4.076094919208408766e-03
3.287802342921511412e-02
1.268548489177295790e-02
3.927388419981664436e-03
1.025063473831156445e-02
4.549469678661747368e-02
1.413010898834740452e-02
7.008795061401609447e-03
9.257721240593498255e-03
6.784128898144371755e-04
3.229087605612467049e-02
1.429683127211829607e-02
4.875348612350791436e-03
2.202160024041548148e-02
1.468431039631527824e-02
5.580411199938308496e-03
9.087975504792577403e-03
1.933979855964407593e-02
4.681710223262870382e-03
5.993168370935475150e-03
1.088356250500149142e-02
2.021320801459267069e-02
4.414720983271997606e-02
1.151672209530162604e-03
2.451894806645052785e-02
5.855367839781360981e-03
1.030744766828961545e-04
9.132662411482991502e-03
2.662173994957422324e-02
1.495915308265306602e-02
1.000925625499341290e-02
1.316542738294653597e-02
7.589645724505430374e-03
4.169696780568655364e-02
7.436119437991570678e-03
2.603150591440491282e-02
1.846625918037985217e-03
4.549469678661747368e-02
1.466398660444230041e-02
1.589146837828766742e-02
8.977932425215325724e-03
3.674309858569222180e-04
3.229087605612467049e-02
2.001580872164501756e-02
4.875348612350791436e-03
2.359938408640018664e-02
2.103068174366773402e-02
4.967230527805456888e-04
3.263519010208605978e-03
1.350550828513478498e-02
1.847043332122604714e-02
4.058305614807605766e-04
8.288830405743293633e-03
1.154431384016849083e-02
3.385434668106214462e-02
1.765425849786287499e-03
1.232312357560020125e-02
1.642425988104736362e-03
8.860779100190554255e-04
1.238822574003424146e-02
3.256208179105972433e-02
1.040173805270329724e-02
1.033866277830735279e-02
6.982325319861753567e-03
7.589645724505430374e-03
5.000930681549821399e-02
1.264986652528615405e-03
9.135498567126662181e-03
3.039305809681674096e-03
5.697865978279900018e-02
1.475299989527286944e-03
1.399610023675976374e-02
1.188657267323629287e-02
1.900990221714412209e-04
3.337478521098326961e-02
3.956034290513478491e-03
1.664692095732377836e-02
2.237254868135186980e-02
2.393451285036245560e-02
4.957449368009344626e-04
2.927080556139299416e-03
1.784054695693024911e-02
1.847043332122604714e-02
3.753611223003880783e-04
9.378632468692917404e-03
6.663985719747688406e-03
1.782336020491110187e-02
5.920971200063518403e-04
1.727960142952598976e-02
1.019076908327954788e-03
5.121591342756606725e-04
9.650470623948541674e-03
3.613910560487394730e-02
3.062202548048416524e-03
1.033866277830735279e-02
1.408627714878303225e-02
4.672154719346920115e-03
3.347792856955456031e-02
3.168537049511067905e-04
1.829302126955107202e-02
1.819202663092414976e-03
3.953204570475815638e-02
7.819625315735080628e-03
3.752041372575946887e-03
9.742114443549767730e-03
8.379745959979850028e-03
2.989439250065197007e-02
3.900496027684330347e-03
1.995649378046460143e-02
2.338534329964996050e-02
3.034536117662996885e-02
4.957449368009344626e-04
5.556417964414465949e-04
1.864397206263768841e-02
3.362637580717558333e-02
4.643043697520851318e-03
4.218686212887304277e-03
6.688856982229257966e-03
1.686088121756280575e-02
2.389917089628964056e-03
1.728948021079713612e-02
5.364925192499835072e-03
5.121591342756606725e-04
2.022535694216949509e-02
2.515569293767204798e-02
2.680308697924198638e-03
8.474134407191764168e-03
1.538480953316029992e-02
8.015093878169348915e-03
2.063552805996865525e-02
3.577627003540946940e-03
5.686832811730411358e-03
1.932403486759158009e-03
2.432830453971338708e-02
2.391332267809695433e-02
4.170473893193330991e-03
3.913710944289577019e-03
2.746635903868969997e-03
2.338876388450068095e-02
1.074657354526484081e-02
2.249380250240189810e-02
8.934074405038088321e-03
3.104495191896562700e-02
4.957449368009344626e-04
8.942809654129526067e-04
1.980785995198931781e-02
2.411547148841467272e-02
1.907945820900078249e-03
5.776516081420587923e-03
5.221627345406075656e-03
5.089356608621538325e-03
1.724966534051611614e-03
6.276670101246915184e-03
6.308915460086095967e-03
9.784101916202275415e-03
2.391495930970579525e-02
8.240588979796616143e-02
6.762671958490812374e-03
8.556297165653913364e-03
1.186203635941758365e-02
1.096983494185437523e-02
2.853820505969056898e-02
3.603749087595619618e-04
3.083397117404848738e-03
2.567337762698902563e-03
3.056237265272201270e-02
3.357685785756961416e-02
1.282942571043052277e-03
3.729282811531382021e-03
6.111178605422514301e-03
9.093381671540987088e-03
1.392044840847618883e-02
1.896468740728814509e-02
3.902053480790208806e-03
3.856233665151367895e-02
2.482746151244025201e-03
4.729387400925638002e-03
1.000995413656185877e-02
3.623773939926862309e-03
4.525809838771238658e-03
7.875825243112142757e-03
5.670698004164125700e-03
6.502811232075907805e-04
7.257123738676540814e-03
5.222181304607018647e-03
5.195278302208092974e-03
7.622526938115620904e-03
7.642189185659824940e-03
4.214390612641125133e-02
5.203767692538558386e-03
8.556297165653913364e-03
2.095814814828431127e-02
9.539908940307893770e-03
1.523647258048431603e-02
1.354276951520455487e-03
6.194758892690358995e-03
2.132004578019901751e-03
4.251569010883063382e-02
6.180217064653203973e-02
5.886834438320479382e-03
1.793172959125540616e-02
6.111178605422514301e-03
7.891036498832182736e-03
9.706556938409530502e-03
1.113606276393715871e-02
4.576954092450465084e-03
1.666820005864934340e-02
1.979809181896097052e-03
8.011734675790966112e-03
7.174588348737402643e-04
3.854838989001783001e-03
4.549725835586050128e-03
8.456383023713110944e-03
5.854031834527949341e-03
3.821464289943235330e-03
1.286795527331296984e-03
6.605521575283266819e-03
3.233876374442130192e-03
6.343620637377171342e-03
9.078881353122932388e-03
4.304335018008945829e-02
6.148015904668322623e-03
1.836270649600307142e-02
6.223643548611901624e-03
1.918573861390301949e-02
1.308903821547177312e-02
1.136211305467472836e-02
1.768251726329831547e-03
8.024848638766707287e-04
2.208654042852196964e-02
5.249567543556378502e-02
3.117524485453766585e-03
1.793172959125540616e-02
6.111178605422514301e-03
7.273485056553844613e-03
8.620647908257055014e-03
1.113606276393715871e-02
3.242665211060196274e-03
1.247818573631080674e-02
4.837457431754794979e-03
9.022441027085714715e-03
3.160117485915832792e-03
4.326123345844149620e-03
2.599875390676964493e-04
1.264816221308021765e-02
5.070308948500860252e-03
7.824942302993319332e-03
2.353133693900689820e-03
1.045128372359026107e-02
1.919884292223797417e-03
7.189500572568639780e-03
1.889690590365933343e-02
2.658415084710565729e-02
4.676519133856926920e-03
1.912962791856755163e-02
6.223643548611901624e-03
1.744616338035834269e-02
1.031526727520878754e-02
1.134789283060381321e-03
2.003218943570628935e-03
1.522324709720612387e-02
3.744176605013827680e-02
4.350600437596026382e-02
1.091105627589966653e-02
2.132435676327655572e-02
1.672002365944888838e-02
4.375616057203487314e-03
5.370719792188867817e-03
2.106095183195803855e-02
3.242665211060196274e-03
9.891044084047584742e-03
8.917976704930462295e-04
1.091020155382086375e-02
3.538029860805634932e-03
1.004210305918793941e-03
2.922222076129281734e-04
1.264816221308021765e-02
1.321368356784481668e-02
5.238164243603983354e-03
2.353133693900689820e-03
1.860333982578418061e-02
2.066809994098996010e-03
5.645053225128583013e-04
2.428027248712435679e-02
3.126240877261363127e-03
9.915709719916709561e-04
6.111931307535109492e-03
2.244410342724739282e-03
1.588192498788027623e-02
9.833850543763912253e-03
3.360278539097658404e-04
4.875426548459645300e-03
1.340385819604014879e-02
1.721104762466926091e-02
2.473020975052854509e-02
1.086060444457963813e-02
1.486541886347348372e-02
8.709270470627141283e-03
1.432220295784417292e-02
5.937552272147867197e-03
2.027056166354525985e-02
3.051207383468349313e-03
5.530427587934213553e-03
2.362101712420707628e-03
8.856259213745215977e-03
1.789391325522357752e-03
7.309256632568824665e-03
7.102752906045856768e-03
4.968378505086330256e-03
8.155326473678042171e-03
2.606569968071689204e-03
4.212709195813756080e-03
1.929647999649962420e-02
2.248189550059633522e-03
5.645053225128583013e-04
2.428027248712435679e-02
1.082748412139284203e-03
1.063544363966280326e-03
7.101417982264372764e-03
2.648175319532621724e-03
1.030513622763420088e-02
9.833850543763912253e-03
1.896332046433238036e-04
5.338321789673951268e-03
1.528759024410895548e-02
1.948156393431206210e-02
2.169109060972576955e-02
3.116470899918882993e-03
2.582621862576258906e-02
2.638472192098230418e-02
1.057403958447199893e-02
2.622520011063105005e-04
1.452027679164213068e-02
6.360394070409213299e-03
9.448647361600438083e-03
4.267174100305546301e-03
1.694479503884235155e-02
3.386094346345507912e-03
1.669416948695545688e-03
7.615912372460663729e-03
1.731286108322226472e-02
9.772619251800137782e-03
1.292438959568136675e-03
8.986690589282503305e-03
1.560411735131468983e-02
1.816947056487499320e-03
4.765645259963745620e-04
1.894320899338989769e-02
6.903854640468328179e-04
4.341955408429531288e-03
7.101417982264372764e-03
2.648175319532621724e-03
9.079907346875838725e-03
9.451183460465313602e-03
1.288835837125525477e-03
7.026479437201461203e-03
8.016965983429989381e-03
1.819455852442514870e-02
1.599058147306750902e-02
1.437811726632323359e-02
2.397830218652245715e-02
1.757703494451858320e-02
1.353181865178099477e-02
1.087592361225638536e-02
1.739362988641714181e-02
4.603212331131363404e-03
6.655973189299410273e-03
2.587038038711461391e-03
2.294982286033250135e-02
4.496988215537513559e-03
7.903336518637409450e-03
1.337890774269920313e-02
2.343892073919404823e-02
5.758432764727584169e-03
6.192645548627037557e-04
1.662793783736746245e-02
4.085064117664916755e-02
1.034237115135711862e-03
6.463137144267630703e-03
1.894320899338989769e-02
1.119805321393556492e-03
8.658995148810706005e-03
6.000065640311446832e-03
4.368658083800444972e-03
6.542836814159576353e-03
3.487920154674830492e-02
6.536296060920238071e-03
3.437878684085418635e-03
4.140044246567226548e-03
1.186215455936287348e-02
2.510533277968451590e-02
2.299223219722789854e-02
1.486389441469532398e-02
3.358755941449595439e-02
1.527203485095801269e-02
4.014921389599510060e-04
1.145278534895096539e-03
2.120637295081707202e-03
6.655973189299410273e-03
6.447203497126133970e-03
1.282145536892027871e-02
5.023019967021287793e-03
7.943115364560625336e-03
9.883843817345496635e-03
3.082307467702646853e-02
3.713136171233348375e-03
6.192645548627037557e-04
2.291340630079122254e-02
3.765151529356726423e-02
1.997530314457058014e-03
1.181538354432991669e-02
1.382473001014413762e-02
2.160599413211442953e-03
5.616239727955506938e-03
3.488614931658269754e-03
4.912619249519649747e-03
6.542836814159576353e-03
3.027134932688155255e-02
6.536296060920238071e-03
2.683138889109465582e-03
7.307393569065644134e-04
1.764370629357223802e-02
2.199775751297147752e-02
2.782948031025403793e-02
1.747387394051634277e-02
2.354275480091924666e-02
1.489491997803650807e-03
8.809624960435949795e-03
5.285214243565955483e-03
1.222451524224962534e-03
6.474691058750091030e-03
5.541071090803451407e-03
9.309431870602574363e-03
8.648112817889306095e-03
1.539493821808839667e-02
1.872376951960024079e-03
3.082307467702646853e-02
5.526663427389381933e-04
1.036869199871248183e-03
1.353170080940794585e-02
2.786499406837617335e-02
2.550324738404442272e-03
6.234694773664874179e-03
1.382473001014413762e-02
7.935586820502774780e-03
1.623052147038027415e-02
4.008248561568387124e-03
5.913330576459062404e-03
6.542836814159576353e-03
3.027134932688155255e-02
5.563528983055458094e-03
2.552231893482564268e-05
1.081175197355874456e-03
1.466430660698525915e-02
2.638695742953118747e-02
3.181650668866096987e-02
1.666691347155122710e-02
2.307251598272724510e-02
1.073496217716669865e-02
1.274988044753484415e-02
6.447220810045582728e-03
9.914592365499092647e-03
1.445546948525663032e-02
5.541071090803451407e-03
1.269778693527175498e-02
1.015009330004327907e-02
2.393656298005230471e-02
1.954600988583908225e-03
2.524326023414452669e-02
3.534240952471988991e-03
1.612641873471542218e-03
5.376745259971721716e-03
1.721556592017416815e-03
2.931375364373812326e-04
9.479034909468116166e-03
2.165479151122374352e-02
7.206188599103040271e-03
2.247969357042974708e-02
3.910847369086955724e-03
2.936743206106220971e-04
4.609325497408904050e-03
1.762366682495625225e-02
5.758572411676248642e-03
7.658175426012610310e-04
7.106028490571924573e-04
1.043940500454683049e-02
2.190625486178676695e-02
3.113707376465250226e-02
2.754803641046490656e-02
1.617391262489841983e-02
6.162639934328209557e-03
2.001227639351483081e-02
4.750046559928618184e-04
6.019553778214010997e-03
8.453882159490593712e-03
5.541071090803451407e-03
1.148687398935732337e-02
1.589067089851482761e-02
2.649396209576143982e-02
3.564415530286507011e-03
4.523536278130704802e-02
5.519610974883671500e-03
6.179474017582616691e-03
5.532857913848112166e-03
1.721556592017416815e-03
1.048837389727995482e-03
4.276300881164868395e-02
1.734834774171456484e-02
1.573657401927121974e-02
2.247969357042974708e-02
1.569340269067401664e-02
2.936743206106220971e-04
1.949427717943378463e-02
1.658912830509926689e-02
4.089054260932714624e-03
2.247192124261424354e-03
6.325050767229910276e-03
9.715081784638198575e-03
1.157399132517108152e-02
2.179933568668326188e-02
2.127917701907894310e-02
1.617391262489841983e-02
1.719162777128835015e-03
1.915882427653591707e-02
5.190254621451754688e-03
1.291665248296179798e-02
2.293921513517260813e-03
1.243906845403706420e-02
3.217364050304705875e-02
1.589067089851482761e-02
5.743571192373372880e-02
4.846200677952695879e-03
1.600153895026381820e-02
1.728694605330430983e-04
7.173543531712452820e-03
4.520524706020549038e-03
1.607022767146247186e-03
1.455960499913420622e-02
5.844940300325563581e-02
1.677484881501916519e-03
2.032770618048890948e-02
2.339985708094987835e-02
1.688631201788401426e-02
3.752484379204422144e-04
2.054787657259811440e-02
1.339882620467932467e-02
2.185514795170755142e-03
4.981935307017144182e-03
4.909378885849170759e-03
1.081557791725045771e-02
1.224385781071549162e-02
1.480292283386648068e-02
2.175417750832440988e-02
1.662379037522243239e-02
1.067552398348065729e-04
1.093953564929058854e-02
5.187124342835747193e-03
8.994820494231479252e-03
6.688567982993375363e-03
4.378870271463023919e-03
3.783867905738939191e-02
3.681169775769654873e-03
5.743571192373372880e-02
7.041653543946313487e-04
7.263273176856759918e-03
1.728694605330430983e-04
5.046963993368186116e-03
1.137448735331423461e-04
4.148708945963526344e-03
8.394632461290015696e-03
5.844940300325563581e-02
3.563141338689280319e-03
2.032770618048890948e-02
2.072363859401041286e-02
1.875844617374406928e-02
1.301959754387858274e-03
1.371050075097886289e-02
1.751823483251310765e-02
2.185514795170755142e-03
4.091945431616806142e-03
2.912588871653722100e-03
8.351698826839091400e-03
1.769638590980310289e-04
5.743498616689284020e-02
2.293666371251754793e-02
3.192843693411807904e-02
1.290909458464488749e-02
1.246100146120934088e-02
4.336288717625939870e-02
4.785024940074362673e-03
3.258994893647040349e-03
4.378870271463023919e-03
3.107680932970818127e-02
5.171660877879636839e-03
1.595459769317235724e-02
2.745482100390697969e-03
5.011120350557929023e-03
2.086222997145359762e-03
6.309948033961564583e-03
6.956425004897381567e-03
5.140362107747053350e-03
1.276827959554458110e-02
3.402844020932313529e-02
3.216644656773006913e-03
1.826197225796910573e-02
1.742360984464854518e-02
1.928509874789891693e-02
1.301959754387858274e-03
1.472815420546665609e-02
1.699455419911764451e-02
2.185514795170755142e-03
3.664240980742900552e-03
1.518227275966265583e-02
1.131020255137943353e-02
4.187226041715751135e-03
4.149348895585892177e-02
2.742970203658055828e-02
1.230767065612031405e-02
1.612889754459397723e-02
4.789116274523263009e-03
1.171120191847105710e-02
4.785024940074362673e-03
2.089509974076375620e-02
4.573167871146876368e-03
2.814171896519326865e-02
2.223102085548505150e-03
1.595459769317235724e-02
3.338516068154887689e-03
2.822049048232577739e-03
3.073553731651589710e-03
6.309948033961564583e-03
8.798373982496198939e-03
8.914408088266769295e-03
1.491813202162543990e-02
2.821155162290807025e-02
2.451636116930534792e-04
2.211121647239228799e-02
1.287620988940900955e-02
5.666100563453603522e-03
1.301959754387858274e-03
1.395790056374475799e-02
2.369635058966736152e-03
1.308484066016315410e-03
6.112618599366296396e-03
1.654519634501121911e-02
8.713766986878819509e-03
4.589088872178957376e-03
2.216360022196693647e-02
3.015677603089143843e-02
1.230767065612031405e-02
1.697768258555178503e-02
6.037896385791986092e-04
1.577987027091679734e-02
4.785024940074362673e-03
2.885637014599910441e-02
6.959845046834237971e-03
2.786088755283432777e-02
1.149560947483899837e-02
8.959580562729340530e-03
6.122304550658166922e-04
2.778967648070632124e-03
3.238765758762517447e-03
6.173663717763643900e-03
1.121705588424073974e-02
1.529906972816192680e-02
9.725973775444396799e-03
3.475310659881744590e-02
5.374632777622234464e-04
1.178107777802752873e-02
1.276587009174646320e-02
1.329670210727034937e-02
7.439723818081382667e-03
8.785191794208868296e-03
3.980164603639295244e-03
4.557709504444500126e-04
9.592213613609651413e-04
7.652231874257155175e-03
6.847740268874577714e-03
5.465094085300790938e-03
1.516672496805873162e-02
2.530138180686895832e-02
7.557064280507241189e-03
6.232496323455537224e-02
1.996307217818713703e-04
1.107377500314916247e-02
6.237227979635329156e-03
4.761669817221590370e-03
9.885663022960443705e-03
4.270066639123330093e-02
1.156190052820399612e-02
1.562206927271785582e-02
2.392020493853638449e-03
6.826501600863460126e-03
3.272483026154984070e-03
2.196876648248299174e-03
1.170723935312706701e-02
1.803866636572788035e-02
2.087821377308084203e-03
5.039645121943615858e-02
5.268688501823548531e-05
9.761268295806741976e-03
1.304912819400532928e-02
2.963998502234129959e-02
7.283722803200736243e-03
9.671763540859315555e-03
3.645352799515211989e-04
4.557709504444500126e-04
5.084020612559776199e-03
1.281695990484560399e-02
1.104071537653697130e-02
4.783277536134269634e-03
6.016156070131692055e-03
1.131157076542323170e-02
7.336433281246706323e-03
5.707405543125797232e-02
4.351608884884530966e-03
6.989238041220854902e-03
5.997449449771038305e-03
1.138647650649680584e-02
1.053275816813653044e-02
1.487773326168508221e-02
1.168336404907631410e-02
9.312633080715929448e-03
2.416190042016121402e-04
7.432415060016140003e-03
4.739499766419993758e-03
2.196876648248299174e-03
2.022429099281095391e-02
7.078871247396762399e-03
7.436470015695145416e-04
2.991555578605639698e-02
1.513203066130487662e-03
2.279580148875758397e-02
1.435265877384817729e-02
2.512277434113107180e-02
8.861972030988098450e-03
9.671763540859315555e-03
5.421853679443477958e-03
4.557709504444500126e-04
3.290840956415023305e-03
5.405403388625309481e-03
1.024160312016454688e-02
3.010470501938967286e-03
6.553001744922603775e-03
1.000249665276804062e-02
7.198011779479701090e-03
3.788816915045868650e-02
4.620434598736202630e-03
1.671676208525556956e-02
1.601863285609853027e-02
1.487827339726058122e-02
3.175754761585757036e-02
5.250610272289079478e-03
3.784336500639091938e-03
1.250709194386595037e-02
2.416190042016121402e-04
5.256176917613641746e-03
1.065027247955340275e-02
3.397048346304235023e-04
3.036849431135943758e-02
1.658253156872232159e-03
1.571013811926884676e-02
2.136539785439194039e-02
3.337193605070623830e-03
1.279597661459607252e-02
6.486414618025064527e-03
2.762901000034535814e-02
8.861972030988098450e-03
3.105722688703566395e-03
7.460869836355021878e-03
4.557709504444500126e-04
1.907774577892179741e-03
7.303655321883360287e-03
2.551371018065635987e-03
4.466600393646658063e-04
6.553001744922603775e-03
9.552647483734633127e-03
5.144350778837694649e-03
2.350069153839590835e-02
7.715006940621976957e-03
2.638407517825592033e-02
1.969867477000920158e-02
3.493076866569985728e-02
3.956584249446297441e-02
5.647390518437205020e-03
1.667643843264148950e-03
2.015285390107624322e-02
2.416190042016121402e-04
2.899895125263293651e-03
1.065027247955340275e-02
3.486290042471093227e-04
3.733558978576059784e-02
1.658253156872232159e-03
1.350665215012034938e-02
1.489291989089208332e-02
1.232947858070707753e-02
3.218776705597282441e-03
4.838972837997586665e-03
7.298782438012125021e-03
8.499261371401924114e-03
1.322602558035083573e-02
1.518531136980101788e-02
4.698192190388320033e-04
1.355930397101459857e-02
4.395677485233565746e-03
2.221756128538588705e-03
1.252080594713087837e-03
8.551475785763896012e-03
1.110092331691551158e-02
5.245743029242241201e-03
1.653965787483602234e-02
8.178387192901308278e-03
1.005525548514444277e-02
2.390619469148209247e-02
2.813101097373030615e-02
5.179360645916974287e-02
5.986178591953337028e-03
6.146936465488284616e-03
1.218925501128453708e-02
6.772814992483235184e-04
4.545835279997799058e-03
2.215705873419389349e-02
1.098132244369118835e-03
3.239187717279358447e-02
2.792892545509832996e-03
1.522704151083846547e-02
1.496954226629269684e-02
1.124072950657057507e-02
1.998932919095666033e-03
1.275796559178587163e-02
8.200356620955678161e-03
1.072060597376026797e-02
6.361238503544688894e-02
2.974490022451281926e-03
1.730231808938426704e-03
1.511122137851897938e-02
8.472944553146804017e-03
3.564828334682708551e-03
7.542254279315672126e-03
1.749004910233425969e-02
1.382035846767074722e-02
7.371765316643935639e-03
1.127467037597492706e-02
6.102654679542096963e-03
7.144496739209582614e-03
1.169616408261655791e-02
1.863258471800008018e-02
4.070888192137788603e-02
2.795784851667532014e-03
3.737196895935925630e-03
1.403310996161010425e-02
5.173824785508736659e-04
5.416850000492590134e-02
1.033737255453303673e-02
6.083968852679816006e-03
4.326034887485781522e-02
2.295302233882700466e-04
1.409416287916570587e-02
2.546981401155060110e-02
7.844591938534839839e-03
1.998932919095666033e-03
1.121178176493209215e-02
8.313620343569647422e-03
1.034446127255084225e-02
7.447447881427539385e-02
2.974490022451281926e-03
1.692198152369440208e-03
8.724853296635911443e-03
7.954023176691547847e-03
7.192309766188175434e-03
1.045742097281767737e-02
1.220744691245780056e-02
1.619253408599828983e-02
8.249329688521765333e-03
1.202072001694535347e-02
3.892621291207088580e-03
6.141976637608244360e-03
1.247926327070093995e-02
6.287758437885188068e-02
1.977920100621332472e-02
1.326408975382879774e-03
1.330647124743766438e-02
1.488961942872404735e-02
5.173824785508736659e-04
5.416850000492590134e-02
8.709192653445677057e-03
2.110011615809773144e-03
1.999254820140522124e-02
1.705427633914794600e-04
1.361359314822501929e-02
3.136306185268945140e-02
3.916838763544481725e-03
8.508523357252112049e-03
5.494998645031836174e-03
3.841591831977008223e-03
1.016121587694457720e-02
6.151732494983230826e-02
1.687224527194411145e-03
2.887996551576062915e-03
5.371639196251038091e-03
6.621855197067595157e-03
7.192309766188175434e-03
4.269185067323585936e-03
2.606133173438097972e-02
1.619253408599828983e-02
8.373249260569676222e-03
1.180536063712791378e-02
1.523283332141475363e-02
8.521127888283880347e-03
2.356668105886902675e-02
4.673618502091464455e-02
1.191573298362445452e-02
3.822410661914958652e-03
1.330647124743766438e-02
1.568959094348029021e-02
5.173824785508736659e-04
1.242373653602480386e-02
4.147074565809113697e-03
2.197726966428883207e-03
8.276968552840886784e-03
8.821911515852522145e-04
1.392575054344408030e-02
2.994991626094685444e-02
6.246571641277103709e-03
6.635223051078166859e-03
2.510831611406110636e-02
5.529605770750540585e-03
2.385250921783258621e-02
4.194852486069929748e-02
3.315072799740075016e-03
3.410194984206829823e-03
5.371639196251038091e-03
2.912883412428087567e-03
1.907185892367285578e-03
8.573864276736368681e-03
2.106862262732552005e-02
8.903089622873144870e-03
9.187707988927004341e-03
1.493897530736398860e-02
9.495723119541749080e-03
4.394260162171566980e-02
2.320835811460360970e-02
2.461599032400657583e-02
7.095698636931746170e-03
4.896326983272636379e-03
1.752181604762662048e-02
1.675915174370569763e-02
5.173824785508736659e-04
1.675728440628368107e-02
2.285624157662539263e-03
1.952423973800967386e-03
1.477820977233676968e-02
1.583196306523784389e-02
1.291076119149200778e-02
2.029944626867967450e-02
4.262533253464127932e-03
1.726039383251309900e-02
9.931781323487723356e-03
1.358944522424927054e-02
2.385250921783258621e-02
1.833272776263714793e-02
4.650671962478161725e-03
7.787692832591340195e-03
5.371639196251038091e-03
2.721416654885871599e-03
3.963599390365493344e-03
1.422478953619599890e-02
1.284631585387981979e-02
1.142876378914327654e-02
9.725734227924956454e-03
1.613902646013611053e-02
1.463889339642119019e-03
2.952417468692551325e-02
2.212025583491279007e-02
3.288028753952719485e-02
5.191334637419798073e-03
1.050782542302178962e-03
1.970609168659769733e-02
7.530119980366300342e-03
7.163256156704967586e-04
3.347194777874637484e-02
2.285624157662539263e-03
4.840469831521122812e-03
1.477820977233676968e-02
2.954612348380230083e-02
9.248546706408174861e-03
2.380327858326735518e-02
3.523171254466555538e-04
1.222281446822040020e-02
5.426488185082726200e-03
8.518017049770589683e-03
1.903231842881137822e-02
1.561606149082010210e-02
9.545770658004304118e-03
7.249644776282856105e-03
6.441244414613600880e-03
2.547500413770450479e-03
3.901580195753369222e-03
1.493571107208507831e-02
1.284631585387981979e-02
1.637604162161752919e-02
7.718551824223325586e-04
1.483787607338847049e-02
2.119430175430776948e-03
1.473851230705227819e-02
2.299750662213818561e-02
1.665407913681280286e-02
8.536120198740157483e-04
4.386977883156588029e-03
7.450358473318692207e-03
3.390108029474262191e-03
7.615594408485772387e-04
4.837545753593263526e-02
1.285090557007445176e-03
3.739949411856652306e-03
7.624455542163642574e-03
2.022481143345467025e-02
8.117572889258569541e-03
1.208118277740401030e-02
2.126896868076821878e-03
1.491217444510075339e-02
1.176981954312161446e-02
4.314930050642674757e-03
2.247158729574572078e-02
2.437928622305416890e-02
1.388509391404905242e-03
7.662453414640813497e-03
1.156120792729767657e-02
1.214968877662092606e-03
3.788224296151911780e-03
1.852449204407881356e-02
1.939634072970701506e-02
1.835881734862276904e-02
8.090035338299965710e-04
9.304600787655659122e-03
2.119430175430776948e-03
1.446765381096569957e-02
2.299750662213818561e-02
2.203869228806548675e-02
8.536120198740157483e-04
4.386977883156588029e-03
2.080662782840261849e-03
6.371831396239931167e-03
7.615594408485772387e-04
2.514693059804542358e-02
4.340676070228387251e-03
1.692402121508510687e-03
1.160276170206961388e-02
1.896542476661696244e-02
4.415987436023611004e-03
1.860507905551852387e-02
8.785493826821439561e-04
1.651742255941105950e-02
1.057703964451706634e-02
3.459193871763669229e-03
2.379974377514515113e-02
1.048300540147177606e-02
2.836265583431351114e-03
1.300572903928858166e-02
1.017419613663199558e-02
5.075878102694713657e-03
2.450070431520567915e-03
1.852449204407881356e-02
1.939634072970701506e-02
2.573533974878318073e-02
7.491576421894494825e-03
1.285802570226704869e-02
2.073472622659125464e-03
8.661497281310794744e-03
2.665501166442033054e-02
1.996834179293574194e-02
5.932480675249292637e-03
2.485185720643393048e-03
3.126396703783472508e-03
3.842646313366828055e-03
6.197524767634838769e-03
7.011856921502819529e-02
4.340676070228387251e-03
1.882807182595023533e-03
1.694780864704330606e-02
9.249575412312029468e-03
4.415987436023611004e-03
1.866079261280001456e-02
1.994621682067519025e-03
5.412373446676825572e-03
8.343565068615395319e-03
8.347474520222115946e-04
2.253255954849767845e-02
1.686556081119517519e-02
1.117630137267818305e-03
8.463288027102708333e-03
3.327151278746153656e-02
2.162709384345262720e-02
4.714625321843057479e-03
1.696293824791177476e-02
9.081628039810628328e-03
3.928379872880630175e-02
4.368037010788519345e-03
7.632181496111200766e-03
9.802194181001838702e-04
1.194928288280122826e-02
8.810680111335322459e-03
1.943995288227057944e-02
2.509214775546753616e-03
2.757717711125421377e-03
1.025640427276477799e-02
6.329903252236659082e-03
3.112945950420123453e-03
6.870779406527403876e-02
5.835433470051032065e-03
1.882807182595023533e-03
1.344739232368579590e-02
1.059405482885970341e-02
4.986850457140111492e-03
1.866079261280001456e-02
1.578941809244645191e-03
8.885632271212768468e-03
1.391958536387321796e-02
7.096617357623621631e-04
2.422117041206052826e-02
2.493434996228486439e-02
1.117630137267818305e-03
9.097729207039325500e-03
2.910285658703321010e-02
2.650678001543316925e-02
4.714625321843057479e-03
8.298565148312481154e-03
6.582653174447666324e-03
3.265563755453260164e-02
2.224932265959680272e-02
5.951547862713266884e-03
1.354620322895757831e-03
1.431755185767272925e-03
1.409687328297139046e-02
1.616266884664458933e-02
6.220240851798158194e-03
3.907408770933368594e-03
8.968362069979541815e-03
7.853614864164117082e-03
2.083597197065471113e-03
2.837798507446261803e-02
5.997814279886583277e-03
2.890381177439414750e-04
1.012018997391079395e-02
1.407589471942731832e-02
4.003592210479258416e-03
1.331464645737168509e-02
2.700212684353444585e-03
6.996957619405623843e-03
4.009101435693472604e-02
5.110467075536764825e-04
2.366927701143664922e-02
2.280293738195909165e-02
9.124105998236146063e-04
1.429249135117476033e-02
3.582546439777749281e-02
2.668826572780789649e-02
4.714625321843057479e-03
2.078484864536258442e-02
9.437585694299683789e-03
1.863641837936337933e-02
1.184140517631285597e-02
5.951547862713266884e-03
7.991931854307231589e-03
2.874189380188608978e-03
1.486303472420989064e-02
1.757081798926970334e-02
6.220240851798158194e-03
5.956731815549518375e-03
1.111354014953667459e-02
1.095068927934085036e-02
2.032629630598810355e-03
3.667183891562059150e-02
8.737809287789508397e-03
8.455939327749595466e-04
1.773231476237370485e-02
3.164624466135232406e-03
5.329878177192544191e-03
2.663968470921390663e-02
2.714647317174247523e-03
5.180075809419891486e-03
2.529465577104443585e-02
2.661984028771412821e-03
1.777521748929478118e-02
1.652864991801896236e-02
1.490391107342023489e-03
2.211115280324681825e-02
1.540218575172459976e-02
1.574499268115846229e-02
6.104006421386514586e-03
2.375867559970552476e-02
2.155827012501437823e-02
1.470577767958678068e-02
1.380894881618611146e-02
4.322086549264947050e-03
1.079669372560353342e-02
1.405700322525475256e-03
8.572805705845926161e-03
1.550030784587304311e-02
6.016394782155644501e-03
9.708756213581056296e-03
1.397839416032712473e-02
1.042243766205427219e-02
2.059420703924512604e-03
1.445140834122162973e-02
1.200016738392165570e-02
1.248652340729641819e-04
1.734322922574228765e-02
1.912084633574322005e-03
6.407241089363200151e-03
1.916545289822105952e-02
2.035417888809412656e-03
3.204995649213818534e-03
2.416484155471221307e-02
3.474999681207746778e-03
7.455096459531960693e-03
1.973077956337190159e-02
1.415012738368390428e-02
1.404989860279844474e-02
3.332660979124071887e-02
1.621313623873295306e-02
4.236778239229740256e-03
2.464840311393120750e-02
2.149680239255954278e-02
1.134197855353354101e-02
1.916354749899266963e-02
9.400987031528321158e-03
9.711865024303652921e-03
5.960522845181640168e-03
9.841657864483684473e-03
1.672321390292723711e-02
5.110325417239273277e-03
6.880923541554262099e-03
6.739880712094810378e-03
1.056678708664391536e-02
7.330966784168460593e-04
4.018446602841436663e-03
9.699421658918773448e-03
3.216549220354171512e-03
2.178873558086814877e-02
1.979750624125059533e-03
6.684752177597662673e-03
2.088952396988378452e-02
1.658952315659825531e-03
4.884176221160022209e-03
1.783229616314944976e-02
3.976893553314824956e-03
7.455096459531960693e-03
1.581025798660236348e-02
3.450826088319381910e-03
6.027532213563603809e-03
4.890247344083520353e-02
1.621313623873295306e-02
4.228216870177724067e-03
5.347805608013758011e-02
2.706214536375363064e-02
1.639840943016648844e-02
2.358402500614505820e-02
1.683683431971783398e-02
1.670265531584057966e-02
9.284474571024659006e-04
2.028421992659265247e-02
1.610985774307659504e-02
1.881556024032317309e-03
5.075055508690462340e-03
9.324521372920790280e-03
5.327028038849955516e-03
7.330966784168460593e-04
2.719543122983104216e-03
6.199794382377170517e-03
3.216549220354171512e-03
7.594210773332324069e-03
8.391148059267825206e-04
9.969968557642098356e-03
2.140139347015196369e-02
2.853187587050374108e-03
5.499138184696522602e-04
2.280604854737446757e-02
1.013885323641273983e-02
7.455096459531960693e-03
1.354128033754223998e-02
9.316452096727505586e-04
5.171408295899701177e-03
2.658473007337160826e-02
1.059444767440965648e-02
7.950595634983795984e-03
5.641441861620032777e-02
2.351695850096755663e-02
1.401235093166306248e-02
2.316092811867806467e-02
1.105266285849743416e-02
9.636364168267960023e-03
1.955651408185841988e-04
2.579253991609779806e-02
2.361635302939429915e-02
1.554747038842469809e-03
3.766593748704245674e-03
3.114877791824677278e-04
6.395261555978242786e-03
7.330966784168460593e-04
3.496681006074730310e-03
5.037733919041812239e-03
8.129305244510822911e-04
6.807656841631254743e-03
8.391148059267825206e-04
6.494198902711661135e-03
2.685516671662888100e-02
2.149566965004207075e-03
1.576524499118023975e-03
3.880279769399005291e-02
5.044677575111447196e-03
7.455096459531960693e-03
9.785756911411118072e-03
7.485876419154983974e-04
4.640403887787711810e-03
2.658473007337160826e-02
1.177419932798835431e-02
1.076514529837889478e-03
2.129051306586250344e-02
1.582636208235441502e-02
2.248575134694080074e-02
2.769009537502328117e-02
1.644569568104815166e-02
2.246466834107140043e-02
9.841808548974413304e-04
2.399062584857665145e-02
1.965058928744514016e-02
3.914512831362485998e-03
2.877463022348866924e-03
6.825890083419043630e-03
4.468458972198884570e-03
1.415153602570692285e-03
2.593185054801854048e-03
8.916011233416338069e-03
7.876223404575223921e-04
5.905192161295635782e-03
7.864591481998985199e-04
5.552659630888100162e-03
3.286681525181256447e-02
4.128570212217770943e-03
2.800393582222144174e-03
2.139758684465866562e-02
5.528533084222444528e-03
1.518992420201703206e-02
6.524592787456848925e-03
1.368454457805402813e-03
4.588400979602939855e-03
3.264529782631057225e-02
2.077280452192949850e-02
1.076514529837889478e-03
7.082176798251573271e-03
1.582636208235441502e-02
1.137744216590750972e-02
1.964668539484740184e-02
6.181125367396528986e-03
1.449730516857760179e-02
9.841808548974413304e-04
3.037554986281024161e-02
1.171142101800797669e-02
1.644344474345928913e-03
3.070202565922595418e-03
6.821451527372898033e-03
3.484602147933161219e-03
2.530808189432475624e-04
2.193385839191531322e-03
6.903601459483359876e-03
1.541904891867402171e-03
3.090815360751276303e-03
9.011035004493926637e-03
3.007734837494840160e-03
3.276295677738833012e-02
3.397929930591722658e-03
1.091231735231534524e-03
1.237014582341757971e-02
5.202164347378545640e-03
3.613736280666482448e-02
1.172742454926010286e-02
2.015855561677478824e-03
4.554124243595963385e-03
4.524286871497920637e-02
4.171519490860354368e-03
1.076514529837889478e-03
7.565739702415458408e-03
1.069927017646669400e-02
1.234225774905687786e-02
7.623165418366310668e-03
6.518470776986490939e-03
1.066324846710176022e-02
4.991679200899242289e-03
2.953548600954928466e-02
1.147629810264064187e-02
2.202970087671823202e-03
2.917361055612214746e-03
4.836114326028758542e-03
2.127839193960343739e-03
3.522368713244010408e-03
3.538571959879690393e-03
1.599137927880592280e-03
1.760165094106001804e-03
3.008982057725896869e-03
9.356066870588661613e-03
2.202041265059278413e-03
2.991282732893894153e-02
1.267653149579323416e-02
1.906656358699855038e-03
2.181870425100398275e-02
9.633828069174375092e-03
3.647087994492295704e-02
2.111584995473501924e-03
2.015855561677478824e-03
7.183278786079503979e-03
3.402201458981953669e-02
3.945496490453554231e-03
1.076514529837889478e-03
4.741676784766201032e-03
1.069927017646669400e-02
1.042377968937928390e-02
1.080804879115159801e-02
5.672461064750812521e-03
4.231913952555853113e-03
4.790730948454796460e-03
2.565788023654023975e-02
1.092230240003542324e-02
2.202970087671823202e-03
2.917361055612214746e-03
1.282585459416033836e-02
1.686643196568484836e-03
3.522368713244010408e-03
6.815876110751985066e-03
1.599137927880592280e-03
6.155529400551405274e-03
3.067234514214126420e-03
1.614825779494611854e-02
2.971389930970923243e-03
2.231240895926089873e-02
1.148366344079238509e-02
2.359965674068550436e-03
1.749470507519153978e-02
4.528607691636194095e-03
2.934438444236344909e-02
2.379186395642484200e-03
2.649795765770294326e-03
5.973543658940475530e-03
1.547021076960955130e-02
1.706644874977276613e-02
3.211060760689147045e-03
5.468142754478670133e-03
1.059789448551391039e-02
8.074609332101299539e-03
1.948546148473922698e-02
9.264918213155077381e-03
2.842597969774922351e-03
4.307587478774634396e-03
1.992243973359166670e-02
9.667571137255831504e-03
2.202970087671823202e-03
1.858929755484640609e-04
1.079226684233349984e-02
1.686643196568484836e-03
2.604451464870042449e-03
3.251872348868419665e-03
9.593871200929086213e-04
4.939005234617127593e-03
3.987391313779424171e-03
1.799201275063593702e-02
2.971389930970923243e-03
2.100264796432974729e-02
6.669983218506980727e-03
1.140004299397333332e-03
1.628942599134543950e-02
6.285832244487178644e-03
3.279107575433283517e-02
6.163138484774136928e-03
5.444958132813319113e-03
3.465547973748070703e-03
1.848214155776688183e-02
1.424615451632501271e-02
2.590175051382516414e-03
9.771720596725085375e-03
8.815139284792007299e-03
8.782951445783421240e-03
1.384262336589573220e-02
1.575669867936625029e-02
3.545862500721890052e-03
8.206825105538849419e-03
4.543206938369332044e-03
1.191091909260328860e-02
3.012451666906621698e-03
1.858929755484640609e-04
1.079226684233349984e-02
7.999091605255245069e-03
4.306223291472862855e-03
3.770397764945705721e-03
9.593871200929086213e-04
1.708958545501293447e-04
3.545058969504280479e-03
2.404272297603266689e-02
2.971389930970923243e-03
8.615547980591813787e-03
7.231217528389257548e-03
2.283000224539177489e-02
1.436957743187882580e-02
7.138011250334382225e-03
2.890888061400556826e-03
2.029702582546364861e-03
4.961114247475947696e-03
1.783231895818091287e-03
3.561773323763003929e-02
1.322909089522339432e-02
2.410945090495671128e-03
6.991996554816751891e-03
1.994790390819799544e-02
8.684304824642363405e-03
1.115883767239350156e-02
2.178586383845405178e-02
3.545862500721890052e-03
1.095374758308559869e-02
5.451030032927475788e-03
8.071478493972559023e-03
2.847865528057428285e-03
1.451982961727469462e-04
6.599440409486459318e-03
2.976381353575000173e-03
8.419619952703544241e-04
3.770397764945705721e-03
4.766364465002326939e-03
2.159468912051158013e-03
1.254431530404382517e-02
1.849763547817577167e-02
1.450452149871813388e-03
3.297748968150542893e-03
8.225622830676626585e-03
1.580965375012825108e-02
1.832833779234840921e-02
8.821608401550651984e-03
1.405353894606537098e-03
8.600396351681189981e-04
7.828316036851934792e-03
3.225275479532753453e-03
3.205028336378645815e-02
1.416339495822621988e-02
4.513444430367889032e-03
1.258068278836951999e-03
2.816792432486553768e-02
7.112604814467002323e-04
2.573698274363864225e-02
1.787867453875773699e-02
3.764559264447162740e-03
1.466556222731561603e-02
2.412259042350364032e-03
4.956149664900076808e-03
2.847865528057428285e-03
1.451982961727469462e-04
1.721697323263023799e-02
3.234618390840875157e-04
8.419619952703544241e-04
7.155398218107907916e-03
5.451859910020019281e-03
2.803054721089615238e-03
4.074666242647660003e-03
1.577749482415301274e-02
1.262350866402374948e-03
6.327942696470317645e-03
1.702714415880786716e-02
1.810314489382493924e-02
2.174489248344275982e-02
9.379887678744491114e-03
3.088103363549397212e-03
4.158559085059600896e-03
6.020321747932851422e-03
5.295055660534783021e-03
3.205028336378645815e-02
