6.885572286677335910e-03
9.835730399661870432e-03
7.739892485152333190e-03
1.773892311626843257e-03
1.993661319738552345e-03
1.374345117627963353e-02
6.208444062880283387e-02
5.231317443658192734e-03
1.745824991443428731e-02
8.042021272357603376e-03
3.681389600329361064e-03
4.910556041827292967e-02
1.377822308880910854e-02
2.057348090186551792e-02
3.018392650658267666e-03
1.534454254663780888e-02
9.155561952692594079e-04
1.909193805516690504e-02
3.950940209088331379e-02
3.307294962090202850e-02
7.256560645158893763e-03
3.094040893062066991e-02
2.146378423832986937e-04
2.280624041437868260e-02
8.054843781411830540e-04
1.376719986712358207e-02
2.693335046578222876e-03
1.539966428904945839e-02
2.749735024094274866e-03
3.750001655217979207e-02
2.327963968771779024e-02
1.473830923999605580e-02
9.922126863863352242e-03
3.911989219502387885e-03
1.184517617244177159e-03
1.085658307237412357e-03
2.736965427806309532e-03
3.489870834786898413e-03
2.514828235132412354e-02
9.179284469519705461e-03
6.832288905418954818e-03
1.850295088690039318e-03
2.307596457877999357e-02
2.413204158005251981e-02
3.556811333534382405e-03
1.178843535167247575e-02
1.663348920102367123e-02
3.956970551385476098e-03
5.575038433955434997e-03
1.213784782202676632e-02
2.195384075854651604e-02
2.427643005202328313e-03
1.558692498756484440e-03
7.795944931172049154e-03
7.623914147118551581e-03
6.837052613093991087e-03
8.229008995334033405e-03
6.092017864914612071e-03
1.692768504917063765e-02
3.698575551570449510e-02
9.513333457552314298e-03
3.152058588695180394e-03
2.702318217734278258e-02
1.453812094214518812e-02
5.256859912650263533e-04
8.808610809616030171e-03
8.125749153045347048e-03
6.566608242775265857e-03
1.097341552647425333e-02
8.507966170256861180e-03
2.879054214885143348e-03
6.051658926559510231e-03
6.595149868284975840e-03
3.430879480641536947e-03
1.084752746884823024e-02
5.169351990150499593e-02
2.216604581909997762e-02
3.124263480535157539e-02
8.670042024120389046e-03
5.612657767402988440e-04
2.178087233335188402e-04
6.881272270873643737e-03
1.669696237115723958e-02
5.262837916500507675e-03
3.938236194567524759e-03
2.416757577515381630e-02
4.696671622009283842e-03
2.450485300737158777e-03
9.701113890140961732e-03
2.164649127463694200e-02
1.205824708473766591e-02
4.707456250413708659e-02
4.654451493549920972e-03
2.140321612961280408e-03
5.687801809213369197e-03
5.130833601143865164e-03
4.592184580384774117e-03
4.784696952532342673e-03
8.907531552748834333e-03
4.319585385470586791e-03
8.613226891501512021e-04
2.078506164257858113e-02
1.504920292267718143e-03
2.426938956906781603e-02
1.027841046482310013e-02
1.922149813468784774e-02
4.879755923846566812e-02
1.975754107306895713e-02
2.051268107960875497e-02
7.089929136433854688e-03
1.195662026204232257e-03
2.337325733386636916e-03
5.464244843255821119e-03
2.906112986430478291e-03
3.911165057875649886e-04
7.945347746172563147e-03
6.168383049565189999e-03
1.305354908572364109e-02
4.026132642040144982e-02
8.888228241819850356e-03
1.808557987145073933e-03
5.711877925303407433e-04
5.708923375012817103e-03
1.874673188273124833e-02
1.606037861651206031e-02
7.231881967761361399e-03
4.489422537586200412e-02
1.068464373546502977e-02
3.562133371444706903e-03
1.573160286763350749e-02
1.945722253325905468e-02
8.905302465881578464e-03
4.318404454612103684e-03
1.732414962889869403e-02
1.134084516326668533e-02
1.067118943398119579e-02
6.278551549292726158e-03
3.784802294484989477e-02
2.124819497295602974e-02
5.120519653888499362e-04
1.437597953348621581e-02
1.636780871768357681e-02
6.127059830124561776e-03
1.144694510989971090e-02
8.275033767068108032e-03
6.053857714726305211e-03
2.221191404083230382e-03
3.616791349720553141e-03
1.614702862280270254e-02
1.094386541351041568e-02
1.837265277337499919e-02
1.318948807457816751e-02
2.958601936412071087e-03
1.642575926357117602e-03
4.071758441760354834e-03
1.157262949083434286e-02
1.032497341766569141e-02
2.136962164049458109e-03
1.655661132278869740e-02
3.384161094119498767e-03
9.874112460588840498e-03
3.399371179371698387e-02
1.106974553659014621e-02
1.719780256948305955e-02
1.704317628367814363e-02
1.229850751689494370e-02
1.749423728313955970e-03
8.306281424562019650e-03
1.878221575613259545e-03
9.209534988224997443e-02
3.350889292135220132e-02
4.871217236134314094e-04
1.050906184878951793e-02
1.571350479837500813e-02
1.371737371624833467e-02
6.040079422861485692e-04
1.718418684282365522e-02
7.212288131624293788e-03
4.843577477422530281e-04
8.416913979877204592e-04
2.593330506644494701e-02
1.184871273281613846e-02
1.471740809641801026e-02
1.405972419558141825e-03
6.923871578154681961e-04
4.649370172219054881e-03
1.595116191188711285e-02
1.591626749110848938e-03
7.311422970668562601e-03
9.994910322100959699e-03
2.466488399894967154e-03
1.794215207954223679e-02
1.107723086565352150e-02
5.388552629383609044e-02
1.849138691922564900e-02
1.758498357334250389e-02
1.607452590303081689e-03
4.891835204647552136e-03
6.299285173905050904e-04
1.554667845147977151e-02
6.273379190444693804e-04
1.340127149212096830e-02
2.473162273569264394e-02
6.699440830563136579e-03
9.447330449660432464e-03
9.218317343803870967e-03
1.054259559843397434e-03
3.509269500891200669e-03
1.173058103013616127e-02
1.247192013666063512e-02
1.205384733153006330e-02
7.275109067638523344e-03
1.608472505170904440e-02
4.050810639536824714e-02
1.601462870098367686e-02
5.757323315692731459e-03
2.748501550776695501e-03
3.333891581120806968e-02
1.611843821513639363e-02
1.576897550845514015e-03
1.287694748336630501e-02
6.452147383519449796e-03
2.690742190304278719e-02
2.760224580492827082e-02
2.282226745120723502e-02
5.213990802700987220e-02
3.035135543955803927e-02
1.348305038167288417e-02
7.661331483336962858e-03
2.808604890402984638e-02
1.019133263950620059e-02
2.260453363059718515e-03
6.976205039018520265e-04
2.413894845114456476e-03
3.487188166327276177e-03
1.417842042190782872e-02
7.198386093906121788e-03
9.221543786347326244e-03
3.674887629941520767e-03
3.158452880662274836e-04
3.857571761348320069e-04
2.556275340357587814e-02
1.211268737522437113e-02
6.144686915495491814e-03
7.432527822174864185e-03
1.165343496883900973e-02
6.651366844471384883e-03
7.435863080062101067e-03
3.929209176251077448e-03
2.378436262693055941e-02
1.958804995852873182e-02
2.127069510618299041e-03
5.445315226771758541e-03
5.944170972308777251e-03
1.928125252323586308e-02
1.102196277573580172e-02
2.765869103177542171e-02
3.190644030257078819e-03
5.997317202823551630e-02
2.061890812130677628e-03
1.227696344473450107e-02
7.873326169378022654e-02
2.075883441529311618e-02
6.440571558265857123e-03
6.852064155994704725e-04
5.354890110866645028e-03
3.039439053678441929e-02
1.439120148473423122e-03
6.477812483880775185e-04
3.695762798975862906e-03
6.875338297752435490e-03
1.079458350194137557e-02
1.064696400998193550e-02
5.550905660817459855e-04
4.834273259555384172e-04
1.267115533128009355e-02
3.081807363236731961e-02
2.003807710017157379e-02
1.379787501298166894e-02
4.841625088259212881e-04
8.636833985917594103e-03
1.520292365124933584e-02
1.090606932543188023e-02
7.743171564187169287e-03
8.938024393179243646e-03
2.068916462563127195e-03
3.209611212577478251e-02
2.261913973121818314e-02
1.600383479005462392e-02
1.216971960954064610e-02
1.049752972853293907e-02
7.751848791478204576e-03
9.484041755441471877e-03
5.692089955033502457e-02
2.437466830632388504e-03
6.624942016018771362e-03
1.340330747917103937e-03
2.344094689257879630e-03
3.350164696595438196e-02
5.868198879889137062e-03
5.555038585735791457e-05
1.166620611469771675e-03
2.352201318652476225e-02
4.762349431552389233e-03
1.050944658756434828e-02
4.023209684078656381e-03
5.801713262538686980e-03
4.357023862354016119e-03
9.195189889248563120e-03
1.645610291765161465e-02
2.015212686018699739e-02
2.682824242248875793e-03
4.418827795956491861e-03
1.757180411111836094e-03
6.576520825141221605e-04
5.252654728498229453e-03
2.847093341547428380e-02
1.245808257074292047e-02
2.478325216370970766e-02
1.532183452785792696e-02
1.346812204591219496e-02
4.576635981891701531e-03
1.206416539051992582e-03
2.346920684351554327e-03
1.499524984850984961e-03
6.283908407549634867e-02
8.860035978881135917e-04
1.360203676111580717e-02
4.917830420431756888e-03
7.815961050131369284e-03
2.481751034308563378e-02
2.459777978453127345e-02
7.703397242025517531e-04
1.300568941597212563e-02
7.169594955502875226e-03
1.687660036003956875e-04
2.822203413305219080e-02
9.477946313438186110e-03
1.683028766147897856e-02
1.232435264969067475e-02
1.173968443560675879e-03
1.946735421128254016e-03
2.602155492553698615e-02
1.972544167136090765e-02
1.550839248839386633e-03
7.023767361384621218e-03
2.400193992702137191e-03
1.604007816807475131e-03
1.866295087381326587e-02
2.925513857369188911e-02
1.834352099486935431e-03
3.608859676182220311e-02
1.597328775920556221e-02
1.102329380843675849e-02
8.049211442743141320e-03
4.652273665293549590e-03
6.264042286302290083e-04
1.240620659917419932e-02
5.061746373802057664e-03
2.289931049812990449e-02
1.316080106811357139e-03
1.183185265540749598e-02
1.558750317898718873e-02
4.429797762965581587e-02
9.199325200279773185e-04
1.539818761176525719e-02
1.007531401765198939e-02
4.435068819719684835e-03
8.864949821457451112e-03
1.386428921283136897e-02
3.852400887821677555e-02
1.930894683654773777e-02
1.274611388512277184e-03
1.757655658101308499e-02
1.594173701817915012e-02
3.041532496664229451e-02
2.934800041679605075e-03
1.257472740912612096e-02
6.706836175608492899e-03
2.924371506295401699e-03
1.159397631435389771e-02
2.689665987547609077e-02
1.306046961423885933e-02
2.047141724245999175e-02
1.431642420761374337e-02
3.878235328071818686e-03
3.270836059335978027e-03
1.433409750132175892e-02
5.788027850729550450e-03
8.800205904573879523e-03
2.588150549694958821e-03
2.235898356567333350e-02
9.008966107056214784e-03
3.353197697773117186e-02
3.276254497417419032e-02
2.850671705954142127e-02
3.481520508656600447e-03
1.276663327859275249e-04
2.644014854450182136e-03
1.635590397961314210e-03
1.024658097392861476e-03
1.885582270332960891e-03
4.182441527730772213e-02
5.738795369809989583e-03
8.148011455643769385e-03
1.021401342193254368e-02
3.434736225354153433e-02
5.327902470111483407e-03
1.107208727819396221e-02
1.399127383667622335e-02
3.144641670403273276e-02
5.859876285683050107e-03
2.141154506999587773e-02
3.335175682388628188e-02
1.348349687307137841e-02
3.322447910662200410e-02
1.768956661037913991e-02
6.298763113391803517e-03
9.444413565775565747e-03
3.301335274854749063e-03
1.706809161820730530e-02
1.732899515732432005e-03
3.474957274261474688e-02
4.556398602881749429e-03
1.322359897581193780e-03
3.788692984730787638e-02
3.040988343583023862e-02
9.720754036664634723e-03
7.833508628982523495e-04
9.829233183421567585e-03
8.397289801001317847e-03
5.109380961034418016e-03
2.948755683142564171e-02
2.694901278387287595e-03
4.208139376761883821e-02
1.051918289728626804e-02
1.409842479446938787e-02
3.754370403499842843e-03
3.251245687451655847e-02
8.455221770194679479e-03
1.193548050977380655e-02
8.358459623597228050e-03
1.137482373486820367e-02
8.848360972947376737e-03
1.672642850759923847e-02
1.446717002288079590e-02
1.469574434884565045e-02
3.523019145772227079e-02
2.133624777828107416e-02
6.633309722360938854e-05
1.082376899390444236e-02
1.795711839944130403e-02
3.572607189231302282e-03
2.166646137795941694e-03
1.959700902010035398e-02
5.541271348608045599e-03
2.393361598534738365e-03
1.810057104844847720e-02
4.593960817770208205e-02
1.966359235066640621e-03
2.784721836058335828e-03
1.080408134312235355e-02
4.501493517779238396e-03
2.619698333560337069e-03
8.639824180626922215e-03
9.383196384057587713e-03
2.617014007932406267e-02
4.654249870345291556e-03
1.199523553399257925e-02
4.056658610465522369e-02
3.957203184793239847e-02
1.233933085540442343e-03
1.340356830861170676e-02
8.485713905631301485e-03
1.774496846167566977e-02
3.993595732052070829e-02
1.323164469568622117e-02
4.041932072143469834e-04
6.451961857990145058e-03
1.964098989241681859e-02
7.067075576708337255e-03
7.410371684352647266e-03
1.356322333590994494e-02
2.426967734598122622e-02
1.255961755780658426e-02
1.640962728989019820e-02
3.615145130905285387e-02
1.180278633205457395e-02
4.748867543699918786e-03
3.013803396127313905e-02
1.351956076174478522e-02
2.940241313521969359e-03
1.863957378532850317e-03
3.133280549042157664e-03
1.166759462416479612e-02
6.565851512415816528e-03
8.097432159962610759e-03
4.495426280911563044e-02
1.759980346207564578e-02
6.168669026392852202e-03
1.336914220678128533e-02
3.019886686429331876e-02
2.618655079052501986e-02
7.920680133583546390e-03
2.599202863280624526e-02
1.768445883881444164e-04
1.501632933904774488e-02
8.359517155606812494e-03
1.149352424663375484e-02
9.324085243835180531e-03
1.976931201331252191e-02
1.268597501048218841e-02
5.028232290937928797e-03
1.386356951943107721e-03
1.733611577080003407e-02
5.680565638234844582e-03
2.517334722675563033e-03
2.482631946568122222e-02
2.717730328597885853e-02
1.086319268388810481e-02
9.706959370914714988e-03
1.372914827221649939e-02
4.893329931956712404e-03
1.718648881867881374e-03
1.889243778683282436e-03
9.988281962534380221e-03
1.205165257722307440e-02
6.581893729566317200e-04
2.850632257392884863e-03
9.891133664078862950e-03
1.479814229314746531e-03
4.973629377510916869e-03
5.171057001947820114e-03
1.152079933966929787e-02
5.273473452033728900e-04
3.826162024130787785e-03
2.678765998841587878e-02
8.723938051965689222e-03
1.729829918591775303e-02
1.991193455367780418e-03
9.389064070614659002e-03
4.163961839160065098e-02
7.227224489174682506e-03
8.051754393379909752e-03
4.185691404620168164e-03
1.272450141159445387e-02
1.360555893879857557e-02
1.086690055074406372e-03
8.426093419639155840e-03
8.529101896505516395e-03
1.252252860196348579e-02
9.212040109049654188e-04
2.763868427493828585e-03
3.132639309686643947e-03
1.116433709581600778e-02
5.242584307112579944e-03
4.813589671502339039e-04
2.261921843408018148e-02
9.092094216934210396e-03
5.106302781594110676e-03
4.144059207014636620e-03
1.017310457179488800e-02
4.064015269661038973e-03
5.032337618456062846e-03
1.089699075081990674e-02
7.438339807313549754e-03
9.065287566120494231e-03
1.748946781338719253e-02
2.452902532995994422e-02
4.407759565781849131e-03
1.272301802820780502e-02
6.377956966651884135e-03
1.249724854272653285e-03
1.456135096224409932e-02
4.230367218390361853e-03
9.329784668911279485e-03
2.356954682422703930e-03
1.251539663595317362e-02
2.213234673532369322e-03
1.461523970712294909e-02
1.740284964867090667e-04
4.251449228678400027e-04
1.865836169502603503e-02
5.121945949982092267e-03
6.695472686155170931e-03
6.558429665683845021e-03
1.212093510621096645e-03
8.036253462499833716e-03
3.681442624946242807e-03
7.972520541261161886e-02
2.317521815393383305e-04
2.532577636032249703e-03
6.424236403884835134e-03
5.744532457973422317e-03
3.491529144176572924e-02
3.670074164076300022e-02
1.567248020355106741e-02
5.496100038758684921e-03
7.430556558037398895e-03
7.916140419341641254e-02
3.096723495363541342e-02
7.084527044330796164e-03
1.001996918751144744e-02
8.124955004050433277e-03
8.680998978807209429e-04
8.382535007122976728e-05
1.114307868128632147e-02
3.654916678803652418e-03
5.459032206084636282e-03
3.365624908784771441e-02
7.752691342629671953e-03
8.900021494663009486e-03
2.119801136686978726e-03
1.317086418334563296e-02
1.868971340731082065e-02
9.412555149584049541e-03
1.091906971033604346e-02
3.367868026648753940e-03
1.187788393882121749e-02
2.275133939726914356e-02
1.101986988275504946e-02
1.674546124964326754e-02
2.454417661649872014e-03
3.923711169927536317e-03
1.226580012117321240e-02
1.201431365495260993e-02
3.151782906135788820e-02
2.641810941603266877e-02
3.440721246131275141e-02
1.072207558319456661e-02
7.915130187340180951e-03
4.757333819912498013e-02
3.099464873254371977e-02
1.553404432721818343e-02
6.777786372599362008e-03
2.614852548445290026e-03
7.249728154077830777e-03
5.391730811310302754e-03
3.263833698148915080e-02
1.895777152175691371e-02
1.386351049036105981e-02
3.031258081538088997e-03
5.698251751280990207e-03
5.787284893625188782e-03
3.415602564990878956e-03
6.326838860394944086e-03
2.753163663541381007e-02
2.372123494945161531e-03
2.748348062137048048e-02
5.012333486011238959e-03
2.343989703038886277e-02
1.394908711506651251e-02
2.061045069780627695e-02
1.328837687674275583e-02
2.033793806817620411e-03
1.599316745839015827e-02
1.346001301586074138e-03
1.349828713469570368e-02
2.059685906258789528e-02
1.724372867767143963e-02
2.446471047390959622e-03
3.772282910474076406e-03
1.435842590195905277e-03
2.535918667783856884e-02
1.551090216713867098e-02
2.212859209252804327e-02
1.101064749546059457e-03
2.802470096266456660e-03
1.014327066660673099e-02
1.490624466270175190e-02
1.578490430580465828e-02
3.480724571704172515e-02
1.699814542439548326e-02
1.058898347298002640e-02
1.205493844552777555e-02
1.107105521286997230e-03
8.545494023456216837e-03
1.516001770232110191e-03
1.180344446384899194e-02
7.597668238728611662e-03
2.153501059537763634e-02
2.457103956324421107e-02
8.804422796073825899e-03
1.929070859282130956e-02
6.839514149959644192e-03
9.679645778518786506e-03
5.536244839412456271e-03
1.118345236358540135e-03
9.707258039494962715e-03
1.484447870316533968e-02
7.059734174311787028e-03
5.984160175529798682e-03
1.316401863092132862e-02
1.383312803456580864e-02
1.434293654247022556e-03
6.464464112687967959e-03
5.982789228453774116e-02
2.076123992703166055e-02
4.321783955812790942e-03
1.700455833009874296e-02
8.056698113700026115e-04
1.637561770588822491e-02
1.125635162995456892e-02
2.517363372509079725e-02
2.919991504458025952e-02
8.878223328199555398e-03
4.702820634370683504e-03
2.759752040215718641e-03
3.593504569056976856e-03
5.798178490726470929e-04
1.865430615545619203e-02
1.097554384160602872e-02
1.568735014101764122e-02
2.950639000980454993e-03
5.173351720222104690e-03
2.237482614571235234e-02
4.150529189168899319e-03
1.568655343083164705e-02
4.467939805379813820e-03
1.891582622758590515e-03
5.388782347690292303e-03
1.720602982116624380e-02
1.072368849868123551e-03
9.894090214040085485e-03
1.062584282280094189e-02
3.655292482385706556e-03
9.484827444680109937e-03
1.259321149028841749e-02
2.320948545483832171e-02
4.993366911524822586e-03
4.950351684519928123e-03
2.920374645656936136e-02
8.722588648815731913e-03
1.306150616230311069e-02
5.682626578522446611e-03
6.767936728904850111e-03
1.981991473408364554e-02
2.457960748196564953e-03
1.571613607212255220e-04
3.257423878681018747e-03
4.062336020129921760e-03
6.579861152020166637e-03
5.690576197732803362e-03
1.280677548432316432e-02
2.174648951947013437e-02
9.346252204099981858e-05
9.849826992866071371e-03
2.908908342224864052e-02
4.058966906611113229e-03
1.441142101916353772e-02
2.591106283497769669e-03
3.352311526481741195e-03
2.713047465892599354e-03
5.075897324927662255e-03
7.428073975887154821e-04
7.773315383559953155e-03
1.682808050175450820e-02
2.150818195433379203e-03
7.214624993551658691e-03
2.117507327046169036e-02
2.206896367842803991e-02
1.916473811593127907e-03
1.668671025357740256e-03
3.509642699174316677e-02
9.097640450915978755e-03
3.794182055397058578e-03
2.375582531013952642e-03
8.025364861164880834e-03
7.036245471044980798e-03
7.784195667277847390e-03
1.773778206937747914e-03
1.087998235446727829e-03
2.894444742876294691e-02
2.413384812477983518e-04
9.871791534006250229e-03
7.832609696610712269e-02
2.780844606166272756e-03
7.641209631963656254e-03
1.653770747225864063e-02
3.395603607175433705e-03
1.886996320278519143e-03
1.058312742895787043e-02
2.071939268541002008e-03
4.451875865739869653e-03
1.080641134584949502e-02
1.218161529466389031e-02
2.810436087224702645e-03
5.379335793902676952e-03
1.530853136982231362e-02
6.966158306114277228e-03
5.491203226643804475e-03
2.358980051027625632e-02
1.310856362832781355e-02
1.471891617107550995e-02
4.052568697054914106e-03
1.624837018124372645e-02
5.644236192641960935e-03
8.053612783456726501e-03
6.080684370254602414e-03
6.239317124127485500e-03
6.413937064078758556e-03
2.589302782251746982e-02
2.043294021370150627e-03
1.111980077482286819e-02
6.380626182263539684e-03
2.664094587439378489e-03
2.874097237650883284e-03
5.468502539405013102e-02
9.955176814279197497e-03
9.930163460592743296e-03
2.848683290717467318e-03
9.575031565350066581e-03
1.007189868594412542e-02
6.260162554524756513e-03
1.550049773346591150e-02
2.135583378440591637e-02
2.351368232086064117e-02
2.101325675810696708e-02
7.150816945215646148e-03
3.425656161309582892e-04
2.550023869733161579e-03
2.509603064679104267e-02
2.439879405642822550e-03
2.885252667044041139e-03
7.189088223134387431e-03
9.416062395007928493e-03
7.753285517890235422e-03
1.926963754697979397e-02
3.119411748993075779e-03
5.595283010590365765e-03
1.862413277202578862e-03
1.058856842316333599e-03
8.840907573694406496e-03
2.147135391039492122e-02
6.058667838671371285e-03
2.663498139261537972e-02
1.041149846436972143e-02
5.755604876987091556e-03
6.568753022436380103e-03
1.673696327750716362e-02
2.304208701955603317e-02
1.032248510319809173e-02
4.199767646842354936e-03
6.193159199651066676e-03
9.697741028803540456e-03
1.603814778370903082e-02
7.240594726321127744e-03
1.982698077961329852e-04
3.441001534862715705e-02
2.177677699087492841e-02
2.278192257316671160e-02
1.416447232798568982e-03
4.014309805374752238e-02
5.061924426302353425e-03
2.608453369232528393e-03
6.618211226032775542e-03
7.834697414947466854e-03
3.768030284510562322e-02
8.618635613035050165e-04
1.774205201281462904e-02
6.744324022983531203e-03
3.326893306367428426e-03
6.934680288153199576e-03
5.351789028051398903e-03
5.729732345824116273e-03
3.117360457484889824e-03
2.117636284835180960e-02
2.687325699018997677e-02
2.587350104395982203e-02
3.245003898702478878e-02
2.435328924738776931e-03
2.354046907796129851e-02
2.776063650353340247e-03
2.381989454237715131e-02
6.669116044838361429e-03
2.634380430573504336e-03
2.708176626682253906e-03
3.772254978815558612e-03
3.140738284859555252e-02
1.251499323966799235e-02
6.082188275058434887e-03
4.715081259154541016e-03
1.151305490598453739e-02
2.554844487402292696e-03
1.540441594287650807e-03
1.026797843734967262e-02
9.814226874965057117e-04
6.335541913095444830e-03
1.520049149186598197e-02
5.078709861424835631e-02
3.625713381337742226e-03
9.453011697052834603e-03
1.127423516918656457e-02
2.423036431773347918e-03
1.477329859870561354e-02
1.977293513793592153e-02
3.909426358317220213e-03
3.701570933812961799e-03
1.586404018457291190e-02
3.637175024554956462e-03
1.372869894189100021e-02
3.662216759150933171e-02
3.956380114420003646e-04
2.700099106243701585e-02
7.724354161065974042e-03
3.366360960512229314e-04
4.052757010049542509e-03
4.536718468424019539e-03
4.473950198153596805e-03
3.381857016594673384e-03
3.415122434484454267e-02
4.166973872999985701e-03
7.351317039343887097e-03
1.183148882908993931e-03
6.072441855722562724e-03
2.817769559191159656e-04
2.980803135039164498e-02
7.652440417845528947e-03
3.629425664726635857e-04
4.945450278010939463e-03
4.930198939980517947e-02
3.730682256972585320e-02
6.493182828259586904e-03
9.971547665547513678e-03
1.204651959062295538e-02
7.272240183926743755e-03
8.164928444710398830e-03
2.089260991886120449e-03
1.727481279017259452e-02
1.796822037130625313e-02
1.109097234336147916e-02
3.097627733187376629e-03
2.187960288353257843e-02
2.484612046133302665e-02
8.632566927051218281e-03
1.325531693670260400e-02
1.728919819698252619e-03
1.091508414100278088e-02
1.454840099586602979e-02
8.604873927847226864e-03
1.047880957104251054e-02
1.558148661156660267e-04
6.811359753290745223e-03
6.478239511849996635e-03
1.708343368176213836e-02
3.879236796657861090e-03
3.423434802807785726e-02
6.006677843611259171e-03
1.934543340090473518e-02
1.943048325923769915e-03
2.224251785061526210e-05
6.151931791117944831e-03
1.550686673592351593e-02
1.735750796785304889e-02
6.429775726033915006e-02
7.885456431442807584e-03
2.027747932794658065e-02
6.162810418123397353e-03
5.315962775256191306e-03
2.573365540051093456e-03
6.689444506672618911e-03
2.717540029046437364e-02
9.065517805943307250e-03
1.223089967999407314e-03
1.796452212367117066e-02
1.096843804353893684e-02
3.891054864610171693e-02
6.467567446693777040e-03
2.370280318119992805e-03
3.955826479090616965e-03
2.987702441643209916e-03
6.419066408391432832e-03
8.145456261797415914e-03
1.485323531457498868e-02
8.750373783501005920e-03
3.497189343733511646e-03
1.781661292587544826e-02
4.365544986346184264e-04
1.665421976663190168e-02
1.393324588060969663e-02
4.127480293220539553e-02
1.483877071104231990e-02
1.703403030036787329e-03
3.112419882336912684e-03
1.417514665694719588e-02
3.748989766029378699e-03
5.711542599588996516e-03
1.073305347164928494e-02
1.575165978784085624e-02
2.083877668889528439e-02
1.310287087159602883e-02
2.579222459874588869e-02
1.689868350905646133e-02
4.277804733739831028e-02
2.183788311240981300e-02
6.921763704451629889e-03
6.305486543601236844e-03
8.751999847042384040e-04
4.814843123296262684e-02
1.075535273625576049e-02
1.004320229124228483e-02
5.529902145609919689e-03
6.296722705386606153e-03
3.089947562965197903e-03
3.159918503495335977e-03
6.872205906424799088e-03
1.925306119766186097e-02
1.008777739673325825e-02
1.981661514434921584e-02
7.225868364679403737e-04
5.703329042766863005e-03
7.076280924638789042e-03
3.484829813810947502e-03
1.535892521693595428e-02
4.258602948918733741e-03
5.495906892969292315e-03
3.271486390062314144e-03
4.373028464831393153e-03
4.274623880843677476e-03
1.298907044314901588e-02
1.409227227276950260e-02
2.584833427944849271e-02
2.445071193465820237e-03
3.407255792822505569e-02
4.574799020055295151e-02
3.313394657398002763e-02
5.862670309230009168e-03
2.951019620409685469e-03
8.993448965723037369e-03
3.765908505195362209e-03
9.392734876856382448e-03
3.085371437759921315e-02
7.770605547643725380e-03
1.252253588323534034e-03
3.125054802285756432e-03
5.631141108910317494e-03
1.598366360696286750e-02
3.270204011221654761e-03
3.449010395808876223e-02
8.792180507697786723e-03
2.482634644357015891e-02
6.026042886614158510e-03
1.131346113602442298e-02
9.359093886296899339e-03
1.677972487823397793e-02
2.189269612920032720e-02
3.979348623719170669e-03
2.861290801485278160e-03
1.716344153574143883e-02
2.622744988422814200e-02
2.030336800709648531e-03
1.819876390777375175e-02
3.681005521624391465e-03
1.995361013225577240e-02
1.186046137013451948e-02
1.960822314605719166e-02
3.071828750723160431e-02
1.482439641773850708e-02
1.440443117838802536e-02
1.529060898629781839e-02
4.895828552081316065e-03
1.846085073326469289e-02
2.074978346599887224e-02
2.597634187202873396e-02
1.553770965657944730e-02
2.539252614344996578e-02
4.747955498505072175e-03
4.798468914935714175e-03
6.692178524086486724e-02
1.078749619809465845e-03
2.838014370509551673e-03
1.720131306549913669e-03
1.555737905472940816e-02
3.970791357022982783e-03
2.743072764140109740e-02
2.263684974613469972e-02
9.993050229439442989e-03
2.022971114475798082e-02
2.770222503538529585e-03
6.150516592544463118e-04
2.331539107925380966e-02
8.975511826651128011e-03
7.605805261988033902e-03
4.101057686444829764e-03
9.771873379952288746e-03
4.413820690214077802e-02
6.621834022387321217e-04
3.463111277564527579e-02
5.478507554765353615e-02
7.236885731612012485e-03
1.800619292762957110e-02
9.190030145914311957e-03
2.007178507940967846e-02
1.673893986268501846e-02
2.113760346937496211e-03
2.298017107671754961e-02
3.144393490938175717e-02
3.552266019703307232e-04
3.639523501897147517e-03
8.723347689129200971e-03
1.299848369098696374e-02
1.382919503572133113e-02
1.037893585239252695e-03
8.552884681541987957e-03
5.399864912039245221e-03
1.197891657824380271e-02
2.030314563750005435e-02
3.688647381304203943e-02
1.761826438218405330e-02
5.166092429443652073e-02
5.169045868082659291e-03
4.746270635165479590e-04
2.075928651190198787e-02
2.243326307191571140e-03
1.300078955385847168e-02
5.484641960626486512e-03
5.276552675412053868e-03
3.085558191697035380e-03
9.216775967004205844e-03
1.799023879590797188e-03
5.011584975915781698e-03
1.741073392683028988e-03
9.361549100878684138e-03
5.610993003333404616e-03
1.795306141109590144e-03
3.771372268678958167e-02
8.259473884194761060e-04
2.875724427157128060e-02
1.292484928530757485e-02
2.420532133248793488e-04
2.610014337854547634e-03
4.000640761542688037e-03
6.500203934210260770e-03
2.449222750758206849e-02
3.174736640260748225e-04
6.080386231363667932e-03
4.097219463141377714e-04
6.867086493760584179e-03
1.040289351500516685e-02
3.692446190602145795e-02
1.778194926576616430e-02
3.047571119493705516e-02
1.928706440304964664e-03
2.907825770350861826e-03
7.894660806970762307e-03
4.680902055236829673e-03
5.437542136854561781e-02
2.091511307529029043e-03
3.631740343682490942e-04
2.205804455935999470e-03
2.727750522791100307e-02
5.003700329782159728e-03
7.660528835285078733e-04
1.861844295456514375e-03
2.569744500653848435e-02
5.863244249505090294e-03
4.550089794735276416e-02
5.833866834282699920e-02
9.545207965687223760e-04
5.981815148394753652e-03
1.021877832221757681e-02
4.250056937639341489e-03
2.757308359905656474e-03
4.757850194933637908e-03
6.403406626659026261e-03
1.598965161533260487e-02
7.288143291395380446e-04
2.553944887123477114e-02
8.248359943237432851e-03
8.974675169903585659e-03
1.443386264044342875e-03
2.200808156158522155e-02
1.041077297550372337e-02
4.264684797952950079e-02
1.008384472953648657e-02
1.412629407611769305e-03
1.458888156285177533e-02
2.802009400796400245e-03
3.394200477630914675e-02
1.197324422285244230e-02
2.926225850318052695e-03
7.874599762978020528e-03
8.840977301223868628e-03
1.033766969250672803e-02
2.711061086585416641e-03
1.154244520793017668e-04
2.298873121755329665e-02
2.944059631023675759e-03
1.047416679732347811e-02
3.602726160148913420e-02
2.632026471250060659e-03
1.762662700892549464e-02
2.717132335502976323e-02
2.539000163900848733e-02
1.284439281818618855e-02
4.512063956791806125e-04
5.172087710922578310e-03
2.084437996758526854e-02
3.609509831035159419e-03
3.946423739830356991e-02
3.789197982129129116e-03
1.720572256290244309e-02
5.176878997955484951e-03
1.368891293402530428e-02
1.601865562696153794e-02
2.501466062724660294e-02
1.195629245273844427e-02
5.892405878944032005e-03
1.531842942400719366e-03
8.454331056370511166e-04
1.979721156360379763e-02
2.727400933498264415e-03
1.029486841419827506e-02
1.670572245874515352e-03
1.608655748840931606e-03
1.098778263314525994e-02
6.942787431270387201e-03
1.496033133407466192e-03
2.362787771901758357e-02
2.227268495941354953e-03
1.377412005957234613e-02
2.834573035731773744e-02
2.990756544106879140e-03
9.605269919454869493e-03
1.321971435100234571e-02
2.411233457675157621e-02
1.204453471306878194e-02
9.523896417092104355e-03
4.154597814952603121e-03
4.306321899930513897e-03
1.538311866197033043e-03
2.435230457266606210e-02
3.372558506699141739e-03
6.801413836464119400e-03
4.992435242843052887e-03
1.503709760629131503e-04
1.834552417959154497e-02
1.887079902716833069e-02
1.811629697947481077e-02
5.666795500044001510e-04
1.379141050194099966e-02
3.219135180893770154e-03
1.030219781706813269e-02
8.080462686872328174e-03
2.394250895009249203e-02
1.107691700630799268e-02
3.010804448061539865e-03
5.502760840912181671e-03
1.371335972377399522e-02
1.489402371130555021e-02
2.180314905886264823e-02
4.898354392881748565e-03
1.776118731862461747e-02
1.784109202806249267e-02
6.338866219790176802e-03
2.013284199601620555e-03
8.795310394753501348e-03
7.722232526440797953e-03
1.340092685927348447e-02
1.916226490309517333e-02
9.909965984303825692e-03
4.565361926350157591e-03
1.185671702744504549e-02
4.368647437907163464e-03
8.555514940789354580e-03
5.860792683534433133e-03
2.819226535236707583e-03
4.185927612629460060e-03
1.359671154015716123e-02
4.476599526375091287e-02
3.252163385163556186e-02
1.655911337166594832e-02
1.086698875786478238e-02
2.467429570397000616e-03
2.524805880273513908e-02
5.803419015884898197e-03
3.281737150016979937e-02
8.530699389894619289e-03
1.344526918215892958e-02
1.866207036453904067e-04
4.178230983558414019e-02
3.278446994644978324e-03
2.884648652844927497e-02
5.889712525560454603e-03
1.884717903122241217e-02
1.771804910773849828e-02
2.969806925154534760e-05
2.546995676484243437e-03
2.080283562540297115e-02
4.136826366218371298e-03
1.863945752187848998e-02
2.680902070155960493e-02
2.748192396727808587e-02
2.268004349713799699e-03
3.286826718287414427e-03
5.248684817265003057e-03
3.171863668652252083e-03
2.392852247208530556e-02
5.741043824630478846e-03
1.141013900973572755e-02
5.951174295020220106e-03
5.435406419051098253e-02
4.110910517987275206e-03
7.759735395769394063e-03
1.464096024200315337e-02
8.903446302078347335e-03
8.228574584043154769e-03
7.707921228285351950e-03
2.075809459632562901e-02
3.430139522948114084e-03
1.519127118944062042e-02
1.252540984165177382e-02
1.773029595836653205e-02
3.588157501699959506e-02
1.330801769920705868e-02
8.801200446356648166e-04
1.101168051583440929e-02
4.289615966581479881e-03
7.604779687856659531e-03
2.036903106368952512e-02
4.012924239853513098e-04
2.240492380503857767e-03
1.712517752520067646e-02
2.104841687925595312e-02
1.814746347888115258e-02
1.128927684841416965e-02
1.241549527210916194e-02
5.943472732637235592e-03
1.247736121102630685e-02
1.838850364270428264e-02
2.077583158694448068e-02
1.715420800879686623e-03
2.702838042961957718e-02
2.905530620863911589e-02
1.027887058652053945e-02
8.071574153431684655e-04
3.259825621473053103e-02
3.627835267630222932e-03
7.658317156522109065e-03
1.058578351470561285e-02
2.056656795593172354e-02
1.428523827003719271e-02
2.607625268334883353e-02
2.316673440916151849e-02
1.715836045704706610e-03
4.158672644478683678e-02
2.354231570676952601e-02
1.132230761332472455e-02
1.387559490702248294e-02
6.276978931466160178e-03
2.462764777565059834e-02
1.975943573126531100e-02
2.057441602600287162e-02
2.456768372958630792e-04
3.188155285527665556e-03
9.174098418165806124e-03
1.049010176049663956e-02
2.494437884415137436e-03
3.687313534952208621e-03
1.027654733398556536e-02
1.423794077664436962e-02
4.876907272957886966e-03
2.294408258704201675e-02
1.116339884471308740e-02
8.299512642288408432e-04
3.992391803865615041e-02
2.641649109387618575e-03
8.587381417100640318e-03
1.169483010324950598e-02
5.725065336458987075e-03
1.732802309317948986e-02
1.126373588704037039e-02
1.800945592351367586e-03
5.046818713859731534e-03
1.958299470608638321e-02
1.946366662475197684e-02
7.072933072134433841e-04
5.620752143141957702e-02
1.666896841670211654e-02
1.883623674277152410e-03
3.156893377063949013e-02
1.536749687960769530e-02
5.455664276435560900e-03
7.040170153313721202e-03
1.379968974386424491e-02
7.814566698854800639e-03
1.613845822870289826e-02
1.863460677198541804e-02
2.608420036651513951e-02
4.543790320538222509e-03
1.143850164634613309e-02
6.609385402310170160e-03
3.045131440280061073e-03
6.783219342809053767e-03
1.064867776954543828e-02
1.717501079234069056e-02
5.743386880609696772e-03
7.515226324463469831e-03
1.849573536389184127e-03
1.023869451038358740e-03
4.652759335444585538e-03
7.505160226805149618e-03
1.935210511953395704e-02
2.471383423484451586e-02
4.793765354304443602e-03
6.853825276185096516e-03
2.174330971154104022e-02
1.017164248153547799e-02
9.880685741104559827e-03
3.028771438465199806e-02
9.665443710695992632e-03
8.753312967564421884e-03
1.822420371563874750e-02
1.173351506559085211e-02
5.844669776454026328e-03
2.140773051181083658e-02
9.575564040383307760e-03
4.610754270875224922e-03
1.170346706702602053e-02
1.823134552504900030e-02
1.660907119007953847e-02
6.935974554268243414e-03
2.301241916780845387e-02
6.969917017795540602e-04
7.070349878708379575e-03
8.546612812148426941e-04
5.599062196692844440e-03
2.636736250449021532e-03
1.304620623299011448e-02
5.497874544819866122e-03
3.229698124207619481e-04
6.405940165838225689e-03
1.152581399264198531e-02
6.333048938070122424e-04
9.723403216413226136e-03
3.350270697472616799e-02
8.398293420233161888e-04
3.051078910802805869e-02
2.578478210633927334e-03
1.690875033512719353e-02
8.432062443538772267e-03
1.170151296026436354e-02
5.885886724924186547e-04
4.039185781221108461e-03
1.522507393947638080e-02
4.287274348510564798e-03
3.484927546658545330e-03
3.038048111151666134e-02
8.760206370487359090e-03
1.122852100919306297e-02
2.660697833792385024e-04
2.021925439567881511e-02
2.386383823711362220e-02
5.273101920336044010e-03
5.370056800486362747e-03
9.885591006008996248e-03
7.349582629602675887e-03
3.791702441027407396e-03
1.304236183656437564e-03
1.929695920401906795e-02
1.017244209356437876e-02
3.149042217748428130e-04
4.352071329133835528e-03
5.344942086185786034e-03
1.126814998171526278e-02
4.517550974824285914e-03
8.917187849405941447e-03
1.871637407430928185e-02
3.103254527062197874e-03
4.064887014653743857e-02
1.374382141928603626e-02
3.029176146617488727e-02
1.318865283318342756e-03
4.138966213502788365e-03
1.096921201968278220e-02
8.148221816724095234e-03
6.898548026739921915e-03
6.640163756265412415e-03
1.504873339934504695e-03
2.309910601464931768e-02
1.979421872259503473e-02
2.847904496941084697e-03
3.033388675369993147e-03
1.876854217053178578e-02
2.332335800348865965e-02
8.255469809751635191e-03
1.614631997670879990e-03
1.373078514181999901e-02
1.889286650635673553e-02
1.953217252132651363e-02
7.096732693650215952e-03
7.942510742809147373e-03
1.576347981204029997e-02
2.895018341206033116e-03
7.584329610105778295e-03
1.433280948218681192e-03
1.453022405295605751e-02
3.231420094695149764e-03
3.200330886765628737e-03
2.471095583932336748e-02
8.997112728393328110e-03
2.308819801030573271e-02
1.743806588210255332e-04
5.748161435362805077e-02
8.198789989385538504e-03
3.606364404076971460e-03
1.354336720957919661e-02
3.064396378272825003e-03
1.484656859434156650e-03
1.776185162364728870e-04
2.398401369915969042e-02
1.941339126648223071e-02
3.120131164581445640e-02
5.482199541127148398e-03
5.130523909426167734e-03
3.523775564672346032e-03
1.000197822604969450e-02
2.132372128428357966e-02
5.159249263953920653e-03
1.677076710828668063e-02
5.443733136013009094e-03
5.583615705978535286e-03
1.330234974424430484e-03
1.576932858424117453e-03
1.309293248067052579e-02
2.374450338795606758e-03
9.822569908594730448e-03
1.180006979536031390e-02
5.442907286904771075e-04
3.609972243878635956e-04
5.280511377957753522e-03
3.122403365954464979e-02
9.801713957786117870e-03
4.304329485891883467e-02
4.756844532126512648e-03
1.273128071426487921e-02
1.500801237145201611e-02
3.943059109304297011e-03
2.807240051752330628e-02
1.340026303910684530e-02
4.092453433559939055e-03
1.094816215567182005e-02
2.849733811974241443e-02
2.217922786007281172e-03
2.456241668655036181e-02
1.895783309031842320e-02
1.177122074279760879e-02
1.448853465184787165e-02
1.893573803877502282e-03
1.047443690724538141e-02
2.859160493528906891e-04
1.042391962179411644e-02
4.863271523130058976e-03
5.532129169943215963e-04
1.912093744866634124e-02
2.541576916849331950e-03
5.082493322648828221e-04
1.612156194027707101e-03
6.069984532188821280e-02
5.258551818427957547e-02
3.194968609343366850e-04
5.224384885263996976e-03
7.537978506906817602e-03
1.794396753833666508e-02
6.647970314572173439e-03
2.360010491681786143e-02
1.778795686892347371e-03
1.129757854452649417e-02
2.030966212829898865e-02
7.436174801262467222e-04
9.627077553515276526e-03
9.879274720253589798e-03
5.346803529434499512e-03
1.496103462396018713e-02
3.336984708429314994e-02
2.648098822010832437e-03
6.277848352648992408e-03
2.719724634004141994e-02
2.560699131025555644e-02
2.140762539776125406e-02
2.573376605949044028e-03
4.263457056357527163e-03
3.008842473172198759e-03
1.760436850894798316e-02
1.011246419093837778e-02
8.604920637945044290e-03
2.225664011229096240e-02
2.325201168200137676e-03
3.150709348520717296e-03
5.347150157394104861e-05
5.746696249835477749e-03
4.022073650537390244e-02
2.378873297411961130e-02
4.205342307863487242e-03
1.597956578618144052e-03
1.575045503882014503e-02
5.400957714745873231e-03
5.729848585251448058e-03
1.611097381960296254e-02
2.667812243084907373e-02
3.428439587536605271e-02
8.557299637366688706e-04
2.639707516711184507e-03
6.359013228188479562e-03
1.125647121222679223e-02
9.656344494566416331e-03
5.123717171002405146e-02
5.653253186658446956e-03
2.825308088571295596e-03
4.363215101024772030e-03
2.775289957122217821e-02
2.975926213674300741e-02
1.609572147389873309e-02
3.822387048539113708e-04
1.307642139219726204e-02
7.642287088403297915e-03
1.137532345375286309e-02
1.920720484483476233e-03
2.499340757969360782e-02
6.640617518904320254e-03
1.251263766642434286e-03
4.352777570703469240e-04
2.105795392575065053e-04
2.189090680950343121e-02
9.978604843400108726e-03
2.292181381248532823e-02
1.908380936353610419e-03
4.982929176999141563e-03
4.380158347549709813e-03
6.345997228635923484e-03
1.828473234480489790e-02
9.771797485270662664e-03
4.136176849923298149e-02
6.303094013217045051e-03
2.378716289824492867e-03
4.226278503797007563e-04
1.127998090015572621e-02
2.751397299218789200e-02
2.583376749147769241e-02
4.704884914251675557e-03
1.686120883148244098e-02
6.931982653433249944e-03
1.352218376202615063e-02
3.638022119935750004e-02
1.028589598177819149e-02
1.026666983513767036e-03
2.697052280919392392e-02
1.168831633341749221e-03
3.536480895628088886e-03
8.399652628438707830e-03
2.194289803950091270e-04
1.414528107197573527e-02
3.382078883665257454e-03
3.920676714454687795e-03
4.770894261616629752e-03
3.177687174251713625e-02
3.072487687791814436e-03
8.939359787229992152e-03
1.097496091750487651e-02
2.046517612024934506e-03
3.052144037949982430e-02
3.147007766456233480e-02
1.041134535037930436e-02
8.627543171679739539e-03
1.736924220147676584e-02
7.650688716959382595e-03
2.580243965719247051e-03
4.775435040624634482e-03
1.004481357791068598e-02
1.891198386553162233e-02
3.702983135849217955e-02
6.079460321175430074e-03
2.128796930808762519e-02
3.736477171080632501e-03
2.055263670441574014e-02
3.976606206295141277e-02
8.575721312810428293e-03
5.585957488807482239e-03
3.746073714017360973e-02
9.282190505382849344e-03
1.946895628256381516e-04
2.031268694188553998e-03
2.424030834508948684e-02
2.629409424087080643e-02
3.153732035800543322e-03
5.059448212403281839e-03
1.031012532662787737e-02
1.492248681574034203e-02
1.227499417619071220e-03
9.313943114590224337e-03
2.696500812166029853e-03
6.598508017672338744e-03
1.176991690921464807e-02
3.966971617690780161e-02
2.770056073038370398e-03
3.517674069176039611e-03
4.782338779236575133e-02
1.499532438090175543e-02
1.264006257016194942e-02
1.001805126264840654e-02
1.752326003639279040e-02
1.866664599774529171e-03
4.587669645287773684e-02
1.792935891477390881e-03
3.118388389001562882e-03
1.156879224769103397e-02
6.390402386207307342e-03
3.565938920983806326e-02
6.024152307930803751e-03
4.777396548734914872e-03
1.849285915935619876e-02
1.104198545474993111e-02
1.232755439161582409e-02
1.179334419233570366e-03
2.532010608352464054e-02
4.036829918063718214e-02
2.977900044329598057e-03
1.973253834171814422e-02
1.560319471068186137e-02
3.502817407517257869e-03
6.656575286817102699e-03
2.309005574497317512e-02
8.289649786258138087e-03
2.718699505184538068e-02
4.022552851694410903e-02
1.388059567244407343e-02
3.695626627754476038e-03
3.629276919405132612e-03
3.930337619311384534e-02
1.748384275784035241e-02
3.654462465106995961e-02
2.028182534946919302e-02
8.869850960258477204e-03
2.974025214025065311e-02
4.277962072066072985e-02
3.111049376672038458e-04
9.411163334221133575e-03
2.356788182694402947e-02
2.428437197295051260e-03
2.306355353997605051e-02
6.248020786204611793e-03
1.432504711062066588e-02
1.298134906312538653e-02
1.910327604528992695e-04
2.201201666135948337e-03
8.550404685591409329e-03
2.992658794402448114e-02
1.941785716731016936e-02
4.958339678245229920e-04
2.133855410061128929e-02
3.598151401153051702e-03
8.421539765190409754e-03
8.476220507130791809e-03
6.234681763988628167e-03
1.961330935525213565e-02
2.473056587523583122e-02
1.698180830590093407e-02
5.283192192650833577e-03
2.136011959549523678e-02
1.892893305877403273e-02
3.770482356029486448e-02
7.426285880639121872e-04
2.141332435581860816e-02
9.952327636981981446e-03
1.406158830481132882e-03
9.187818372568060110e-05
1.795247398567453856e-02
6.815189121574635051e-03
4.563803899230303024e-03
2.674009765745609390e-02
9.256471775297550608e-03
1.951391972071572084e-02
3.169863904672103744e-02
2.510560457423260516e-03
3.025877365616625250e-03
2.197224405417727393e-03
9.587653291935494676e-04
7.052957287382283225e-03
2.378771435629689276e-02
1.188142784895491804e-03
4.790366236177025748e-04
2.225694610375840432e-02
3.830933950580669642e-03
2.682393372990401342e-02
1.280112625223707792e-02
1.484277000642370350e-02
1.200682440697835871e-03
1.020286530347730772e-02
2.819942718489755473e-02
8.700823416238309335e-03
9.536879491927902769e-03
2.172141487441262703e-02
1.850032299496992896e-02
4.412680023691346182e-03
3.241525265367209852e-03
2.498578129586146064e-03
1.007130503170682728e-02
4.456229331302322301e-03
4.082138917103571296e-02
4.537741948001963038e-03
3.671653824799704646e-04
2.456659420095748739e-02
1.463497220275610661e-02
2.378265671634750139e-02
2.006505807834696800e-02
8.427883691763369406e-03
1.038042871969295164e-02
4.634865257449284279e-03
1.417968344265742309e-02
1.412717185946989543e-02
2.535938032813061724e-02
1.195868061710958930e-03
8.534970464107647509e-03
4.293988531548860801e-03
1.027540376489817150e-02
1.374422201744231534e-02
1.380206209576658599e-02
1.278588319242787361e-03
5.646187215745905076e-03
9.172563335206686957e-03
1.088108743070723139e-02
1.204714490799168106e-02
1.499619331443979246e-03
1.504565606467776935e-02
2.066194195528792132e-02
2.436522566743089951e-04
3.282907798509936831e-03
3.284854081409958014e-03
1.314092006281365917e-02
4.790261686325250623e-04
3.381670306629450812e-02
2.134732411039238706e-02
3.877424717074077825e-04
6.773817962937907916e-03
3.475195623663962508e-02
9.459388972753397795e-03
9.515856948786899361e-03
7.646171025861639436e-04
2.501046641241986071e-02
2.543646556414844856e-02
9.382176725182121702e-03
2.779205671090214519e-03
1.508786634476346963e-02
2.108878380344434908e-02
6.949658950906229676e-03
2.453125737090290290e-03
1.004505708888281910e-02
4.091015519828551661e-03
1.653470872106139675e-02
3.948553452731012881e-04
1.501695109084210528e-02
6.251058678230734036e-03
5.850094955923437756e-03
2.637466511616901044e-02
3.794350806534965703e-03
2.282436073484019751e-02
7.880527799571761249e-03
3.753565078955724710e-03
2.060549998855847054e-04
8.548026092589176145e-04
8.724284710248900176e-03
1.495907003757763684e-02
7.571712041769671463e-03
2.666165232545697830e-04
9.478711827800922335e-03
6.044493934576105482e-03
6.726264850191419897e-04
1.308416273238494076e-03
1.769361632638567512e-03
1.443136085120306448e-03
1.415247979201437328e-02
9.715957528552253072e-03
2.821446544217735136e-03
4.043500244422914419e-03
1.846205963873537997e-02
2.869088799082668631e-02
7.866968861552314091e-03
4.020330550919010842e-03
2.465894448557831575e-02
4.075398704373109360e-03
9.168215011420552396e-03
2.315284778896149753e-03
2.721858727543905593e-02
1.824538828156067275e-03
4.392123510832627448e-03
2.819319487131849433e-02
4.645940502297435729e-04
1.305600883458129038e-02
3.813441751398286006e-02
3.828784242192993098e-03
8.052146585966787722e-04
7.366453257910245481e-03
2.849533086539660087e-02
2.833370418434810051e-02
2.768570901278658361e-02
1.157901970273896020e-02
8.315065109325515610e-03
4.017871414973502725e-03
5.785653307260581538e-03
2.478835391359693330e-04
7.200703009525941806e-03
7.719538928381588366e-03
1.227434671963443039e-02
2.375698072437486610e-02
1.175619865277740053e-02
6.384935624161071355e-03
1.418910461873613624e-02
2.103296386995846118e-02
2.025728366817349316e-02
1.131516897755336683e-02
3.127153119570285494e-02
5.348566319014507429e-03
1.234870052174178931e-02
4.677107221858473225e-03
3.291340297186507585e-02
1.107429821487366031e-02
1.492537642397763833e-02
1.799161482110540541e-02
7.829375503359018926e-03
2.070687959350625898e-02
2.037952237489399840e-02
1.442360795276522931e-02
4.706313680793834664e-03
4.354894532708382393e-03
2.875990231469626249e-02
1.544777474648662864e-02
1.490022477790038484e-02
2.055373059503019795e-02
1.352803625327516843e-02
2.304211246577101205e-03
3.565245969678498394e-03
2.108742166413771907e-03
1.251048640696788769e-02
1.739419544688936394e-03
2.078181645776759276e-02
1.985254163462682464e-02
1.114415906994311624e-02
1.949718534280527613e-03
2.873160505015612265e-03
1.185240869195857034e-02
2.417957017760758581e-02
6.816433874508342691e-03
8.887722471590550274e-03
2.937107473393731766e-03
5.111442154755408904e-03
1.331198106944902863e-02
2.657677975566601764e-02
1.768768932110158579e-02
1.086194578708563584e-02
1.625607417388067952e-02
1.536884621648949845e-03
3.615253334128079588e-02
3.879289331864107376e-02
2.369023613348804347e-02
1.923606185908095789e-04
1.621820558435124043e-03
2.910211451019134588e-03
1.084091912109454853e-02
1.867980083341278658e-02
1.233183188264274505e-02
6.703282308608218484e-03
1.718025761059692024e-03
2.113449285133463251e-02
1.993480544810446661e-02
1.344709560581540744e-02
1.497102734616696839e-03
5.757466167387812958e-03
1.989404718474159853e-02
1.070560189444631251e-02
9.931039515998709918e-03
1.520505902383533989e-02
2.000898783228605496e-02
3.740334852225749712e-02
3.743627283089796635e-03
1.157884167745426140e-03
8.427038163640308312e-04
1.684491748839578654e-03
2.138491883293827667e-02
6.894445308296023173e-03
1.157371977705713706e-02
1.579981114265194362e-03
6.901053245999119387e-03
5.098553895223411486e-03
2.642982458801285822e-02
1.316659700128840899e-02
1.731881397033144948e-02
1.784514932413612965e-03
1.554725023514786503e-02
6.094005667456438638e-03
5.887267894086292697e-03
8.207120770205841853e-03
4.100151167163220561e-03
1.697022474294199862e-02
2.718295418786086017e-03
2.961443039248882678e-02
6.562423355657740626e-03
3.912388871808349620e-03
9.806469907175995732e-03
5.917938334828156061e-04
1.601341670294496866e-02
1.915307732292138854e-02
1.575557630245716725e-03
1.751796267210474836e-02
4.665070159457585658e-02
2.134027701980764635e-02
2.196582422687243241e-02
2.820056186440939982e-03
2.585107543971357225e-03
4.551844442600015000e-03
2.274783511336130049e-02
5.324913399130439332e-03
6.611358661913457543e-03
5.254580323898563367e-04
1.404384829716717048e-03
3.154024515983258354e-03
4.441510631026690525e-02
1.216561701911161864e-02
1.575589171568752070e-02
2.136435016751239355e-02
1.338100040371445823e-02
8.223965898401373875e-03
1.457546259574108924e-02
1.315635352973543171e-02
7.214798434056002643e-03
3.835650213383254292e-02
1.851048952164642590e-03
1.271242379672254778e-02
8.544509152943547195e-03
1.293410069517456594e-02
5.578847152026170791e-03
1.357120980277471724e-02
7.344885031107663102e-03
1.450751877323962387e-02
1.023401283727076727e-04
2.374580495695160099e-03
5.798309795410025447e-02
2.161202417204308515e-02
2.814433125555688975e-02
1.370447405639515365e-03
8.496118468244740277e-03
3.336100575560595975e-03
5.050905237091858797e-03
9.839533500240728314e-03
1.550290058088268745e-02
3.460547062407143271e-03
8.298814866734189092e-05
1.531668663685833640e-02
1.693595957925385365e-02
1.612325700572500228e-02
7.678318553640092053e-03
1.300110262668871877e-02
6.188603513341661266e-04
1.097526054344126478e-02
6.393672375221018736e-05
1.546342251695846659e-02
1.616606742501736343e-03
3.333312384754433255e-02
4.848973366021969156e-02
5.173571084524704149e-03
2.630308573909490716e-04
2.541152834033023888e-02
7.463410544192375373e-03
1.365545508758237402e-02
4.279007627792102628e-03
4.153848948512925236e-03
3.123249822774484211e-03
1.472701875071508182e-03
3.192528906822861279e-02
8.779160184731895841e-03
3.493247719435689513e-03
2.254912918854533668e-03
1.529748912988635259e-02
5.909618600692608664e-03
8.932276899087151362e-04
5.591925172521747950e-03
1.255076167378353647e-02
3.966391536329548148e-03
2.564590251490774658e-02
6.971227016946822397e-03
1.468912928883304991e-02
7.367589944894282518e-03
9.522580841922843181e-04
1.451648997327965353e-02
1.007194195728321889e-03
4.817458884968520497e-04
1.093101251232712554e-02
1.485354661912313690e-02
8.678746582248868247e-03
2.071601353816017455e-03
7.796451979872918298e-03
2.325586677567691770e-03
5.153429601059983205e-03
1.539918381081516185e-02
5.902445119264111695e-04
2.034794815609066235e-02
9.877849557297114017e-03
3.093806532109647737e-03
2.753426740267557547e-03
1.054697429424721750e-03
5.779305515206526606e-02
7.699851684656080705e-03
2.532973232802919472e-02
1.317125048264394804e-03
1.941648201539402513e-02
3.964924504328825455e-02
6.825947067359667934e-03
1.350555680697325227e-02
2.606835561902318132e-03
5.106767573406023088e-03
2.066428353683878033e-02
2.513623827133408192e-02
2.268554908816425991e-02
5.922085467979132552e-03
3.779531872942550746e-04
3.213132458861833740e-02
9.880063789848687883e-03
5.385826157879866974e-03
8.765351804829188756e-03
5.517349757673498112e-03
2.419611859002492385e-02
1.337984403298629783e-02
2.718501280077978942e-03
8.850869750963760718e-03
7.999519743920383702e-03
2.097127497625498466e-02
2.142547959588320117e-03
1.563596924880197815e-03
3.222411713009291911e-05
3.236052006282615079e-02
6.263962757991029407e-04
3.339401748629626694e-03
1.442734175774656145e-02
2.921905615284041413e-03
4.115179638085606113e-03
5.580251216991790469e-03
2.920471639812357786e-02
2.045403190222822715e-02
2.573854400985772090e-02
1.427199033745929317e-04
8.558652789078761026e-04
2.521701663545715746e-02
1.438095825598423826e-02
2.161716912303761340e-02
2.214045694023972222e-02
1.717809731016096617e-02
2.161241052995836742e-02
4.880655752330535779e-03
1.917140994819432204e-02
1.643124142413543431e-02
1.607121877938575208e-02
4.710703098384859400e-03
3.026424361632375909e-02
3.082509769066855976e-03
4.480116281057594865e-03
1.360195930368469398e-02
8.554411512943041820e-03
4.742816841681461726e-02
5.417573058968854285e-04
7.885050541716256273e-03
1.716020996725140966e-03
3.956345142288292260e-02
5.970277358035912946e-03
1.732041590673861001e-02
3.092087394826025654e-02
4.420062238420615491e-03
1.000511451787587311e-03
3.132917644229742723e-03
8.253450754107797757e-03
3.754249175127273574e-02
9.837366340815813237e-03
1.868543866874052689e-02
1.926719857670896457e-04
1.124327769765799678e-02
7.883341954930858653e-03
5.649252392618701879e-03
2.061587400866581737e-02
1.601664251292088045e-02
1.048292860495167456e-02
5.652283814109414564e-03
1.910220358326954193e-02
2.127161633462644474e-02
3.976656839262683943e-03
1.093981963160984075e-02
1.952772494741260301e-02
9.386725492635951407e-03
6.866050913035801756e-03
2.491805153843282272e-02
1.276244957676222168e-02
1.174851688903581770e-02
1.073968171943717742e-02
1.376225417038146222e-02
7.151747166936416045e-03
4.339861303953679306e-02
2.915605203557564834e-03
4.458565068402899068e-04
2.165025301068478417e-02
4.941504308437191795e-03
3.368046398851195101e-03
1.473098891703981950e-02
1.463541761453804498e-02
4.681338264138086569e-02
1.184256940125979303e-03
1.698295200894394535e-02
5.375315842225232565e-03
2.619832500169100471e-03
4.800126796224622738e-03
3.642383075342968748e-03
3.729721542662632616e-02
7.411112257435451510e-03
5.887292594542873833e-03
3.883915699194098823e-03
2.328982371055200729e-02
1.903173558692730638e-02
2.440707134196549652e-02
1.269468510838454162e-02
9.109437919092385275e-03
1.618051772435208716e-02
2.209019111887638477e-03
1.609765650559892569e-02
2.791863645893181978e-02
9.187233583220016930e-03
2.386692281318048871e-03
2.319429508067120949e-03
2.426487628848302686e-02
5.565771306955493575e-02
7.849785694630762381e-03
1.232613068417160243e-02
1.460856277411817089e-02
1.815034098874937496e-02
2.963780407030137953e-03
2.016498675690932968e-02
2.843267065462817822e-02
1.320261460182980441e-02
2.759313448730225070e-03
3.362933306095678559e-02
1.963674923105145770e-02
8.869305251377572474e-03
1.916161357055967468e-03
1.297168634296650899e-02
5.545702508413569848e-02
2.622377959520819958e-03
8.063250807577736559e-03
5.464580578695001772e-03
1.311910648113525334e-02
1.293459416590329002e-02
3.640499593132045381e-02
6.464667138153959436e-02
3.489455731819553902e-02
3.229532137740270814e-04
1.180447788918497637e-03
4.000257524622312724e-03
2.128666985318279983e-02
3.989141780439491025e-02
1.391093542848471833e-03
9.448022274588518954e-04
1.841195283636528832e-02
4.898277118795768548e-02
9.962485900778621922e-03
8.265756728534072451e-03
1.121355403914771516e-02
6.564848346388918281e-03
4.648007374058637370e-03
5.521056161811064428e-03
1.122339187367755661e-02
2.984623391898572412e-02
9.891282901459165500e-04
3.293096860681010707e-02
1.189342073050910290e-02
7.008855871074311239e-03
1.602974552119578594e-02
3.212420734699378277e-03
3.780854396951638385e-03
1.660006134646087143e-03
1.493773712765793064e-02
6.028164228560798678e-03
1.697336897462400560e-02
9.353561727957142302e-03
5.712640939209654226e-03
9.910700370342669097e-02
1.105839002608873661e-02
2.359019737040697964e-03
4.804395194808104910e-03
7.784221563900289333e-03
7.048523096593590012e-03
9.428013941770567452e-02
1.227622927346376513e-02
1.523818152424970436e-02
8.545431448486472169e-04
1.869965556135334828e-02
2.384849946010964700e-02
3.107188701966821787e-02
9.476878534263275325e-03
9.283936511304134026e-03
1.355996204104509967e-02
1.898606423855489500e-03
9.441644669107695370e-03
7.659129098519249813e-03
1.391290021771196886e-02
8.148095678708810671e-03
1.393785143961097893e-02
3.332049473730927872e-03
3.854507306816045559e-02
1.189706300018046614e-02
4.923836162000867593e-03
4.563103822647580909e-03
1.490971215819994478e-02
1.860510149992119708e-02
8.486172564444571104e-04
6.358181745447465116e-03
2.135709143297337062e-02
4.076423445697133913e-02
1.497364392442411540e-02
3.303181991956003968e-03
7.802086088083441326e-04
6.500412365255767155e-03
1.229707151257493358e-02
2.575312926807837161e-02
1.549355752976711714e-02
6.396954012575541137e-03
5.922055284041762187e-03
2.057397693235474972e-03
1.444664739233875519e-02
2.823806145882429980e-02
4.676798853235294290e-03
1.570057142463780059e-02
1.318158538927377381e-02
4.216293392602793455e-04
2.178275568383506583e-02
3.767552791779864296e-02
1.743409702768957195e-02
3.477854109934577775e-04
5.155960986744827571e-03
9.718201041904631771e-03
1.831481334277624412e-02
2.330680469188567416e-02
5.537016282705510550e-03
1.420433074306183194e-02
1.334967698261019936e-02
9.106523454044432309e-03
1.767138001358210461e-02
6.749458453107816738e-03
1.172731065262172002e-02
1.475032074500813757e-02
2.357929455519723952e-02
9.860248455947155308e-03
1.173966166259756208e-03
3.914140391462696440e-03
1.796039553320041143e-02
2.154779017650086323e-02
8.265538458973901645e-04
4.150436832131391973e-03
6.185708828945080812e-03
4.782342137294735666e-03
3.768607092237925837e-03
5.618535689984084647e-04
3.879905911555375352e-03
2.613093661068163071e-02
5.812061095377008685e-04
7.237674816898659325e-03
8.940445862046578207e-03
1.345009697558355657e-02
2.600153066205975264e-02
6.315544368938602951e-03
1.207160319423727056e-02
1.255631879788436309e-02
4.327107815425256139e-03
4.879052570623694518e-02
2.296315895657211753e-03
2.397204188647687056e-02
1.842872529869334086e-02
1.060322338670431977e-02
1.962195678599901183e-02
2.565476785776261634e-02
1.745499375600823716e-02
1.896495260169271321e-02
3.360588743734720801e-02
3.904053259556651556e-04
7.294937075062390801e-03
1.441704489630264013e-02
2.483472248466741389e-02
1.368365103751329956e-02
3.383526800812775882e-03
3.814289149247275350e-03
1.222943271182765253e-02
8.180011662754341911e-03
2.481750578992525380e-03
1.140862055180211221e-02
2.124062114739833779e-02
3.476398384134341685e-02
1.659584972309846107e-03
3.668479483259524943e-03
6.893010391548236304e-03
1.059748391336150231e-04
6.265712255735074454e-02
2.100137711967283924e-03
4.327305827891371926e-04
1.025268068522340766e-02
1.005784866253259463e-03
9.647682931439291454e-03
3.555527225522321644e-02
7.699179606716266208e-03
5.753575007117717882e-02
2.665023924240177144e-02
2.050835686224170007e-02
1.241829030209845326e-03
7.291284403918636692e-03
3.572890755817140218e-03
2.351230258671789183e-02
1.621658857641721657e-02
1.609287656167721070e-02
9.423751737168589715e-02
3.191946514714500555e-02
1.298431719784908303e-02
2.685812468836701328e-04
9.757205944091285749e-03
4.090671757926827787e-03
1.014662712136294061e-02
4.831958576685311396e-03
3.444031475975680486e-03
3.961069274679764746e-02
3.756470964218536213e-02
2.465451878667430929e-02
1.893999179850669673e-03
2.389283655183940119e-02
9.315178088756018507e-03
3.602463163566302362e-02
1.100299286407121439e-03
5.182214774492448564e-03
1.391839141836090366e-02
1.832317363008260360e-03
7.188301146496035160e-03
1.621050066986084656e-02
1.063432441092629528e-02
5.382098064746345528e-02
6.832865087246477870e-03
1.327317841191444359e-03
3.513709489559708327e-02
8.778819174500799433e-03
1.888328450070641401e-02
2.977314206700802657e-02
3.116664040467828634e-03
2.950192856631859289e-02
4.646044831728783631e-02
5.299157226579896685e-02
1.650616924686739914e-02
5.353672733791167010e-03
1.799414979551141811e-02
4.062644150636346950e-03
2.255130039202327304e-03
1.706432179166262469e-02
1.105919805976386498e-02
2.274961463011175578e-02
1.142001885963743989e-02
4.277272880221178603e-02
4.332254286918513046e-03
9.136062747730320718e-03
3.788017591976073056e-03
4.406104470996662775e-02
8.084476055553832530e-03
5.651111031698997922e-04
1.546085498690063023e-02
1.815604564926572018e-02
7.653261869401621620e-03
3.135245831580191038e-03
2.445571016309869977e-02
6.401622228433545558e-04
1.126658213981168721e-03
1.145189975926116065e-02
2.949646822010344987e-03
4.098835382550765696e-03
2.496440823756895799e-02
3.076046176493906631e-02
1.728423184647977229e-03
1.367863005544951369e-02
1.952306917807057965e-02
3.187275791181794909e-02
1.421077780830739233e-02
7.638085557313236329e-04
1.151668644205407557e-03
2.478430056408015628e-03
2.005243626470676853e-03
5.333749573954803432e-03
1.867728615563394798e-02
9.388531826690041382e-03
5.267499770734412196e-04
4.291415624932179429e-02
1.194794439498375258e-02
2.089510767799134666e-02
9.627102974392724721e-03
4.131190464823868147e-02
1.207916663925545989e-02
3.052417815481568708e-02
2.356570856715620860e-04
1.168051957631910213e-02
1.809890962586976904e-03
1.803645812702718565e-02
1.574645851491934118e-02
1.879760096322614232e-04
8.597255358002238793e-03
1.456216193327620687e-02
7.552986360527225509e-03
2.191155462832955307e-03
1.980105531611802555e-02
1.802189184855045034e-02
8.514457997721543853e-03
9.205727182776585887e-03
4.319023398401603334e-03
3.279798653694711991e-02
4.737907222978900504e-03
3.354899703891290035e-03
1.306809701261437556e-02
8.349744193010070689e-03
1.094732908598280985e-02
2.478167685028447725e-02
3.685550224874248326e-02
9.027679456648195211e-03
2.564622749939437368e-02
4.462771877918445679e-02
2.477784933716722926e-02
5.178784038432494158e-02
1.159978637552191993e-02
1.709334491343176762e-02
1.050917458837021673e-02
1.595551788840902929e-02
7.862603445911947250e-03
4.564359529907737953e-03
6.989481637211398743e-03
2.017302770704449549e-02
1.214186593962380926e-03
6.370721783413146183e-05
4.202546314879752887e-02
9.263802900794482209e-03
3.436226186557457540e-03
4.542162071585174182e-03
2.450478152467268356e-02
1.143326410299544751e-02
1.389171667604834071e-02
9.816356588508053094e-03
2.837423658129587661e-03
6.091201378765626583e-03
9.621170653360424860e-03
1.332977218173582619e-02
1.051040826793442351e-04
4.753990161231987435e-03
1.763513781872265256e-03
2.203527240454639970e-03
1.910705223617888138e-02
3.328537548200998820e-03
2.569638461158015377e-02
6.128374867507257670e-03
2.245559717201116648e-02
1.762934284266503421e-02
9.039535319031039018e-03
4.393054362211321062e-02
5.727560950119364724e-04
2.329164311778301674e-02
2.017203997874532969e-03
1.795603610849554532e-03
1.104608833052351906e-02
1.721606642380890673e-02
8.205261489726738480e-03
1.354694359895218699e-02
3.645467843666415353e-02
6.657067150899068433e-03
1.887779018349513985e-03
4.019831902833055463e-03
8.207770148637714633e-03
1.425539126204335150e-03
1.599907462787850815e-03
4.944387917693577120e-03
3.992727057821335128e-03
9.406255414984712043e-03
5.213552033911030004e-03
2.678122961200008617e-02
8.385724674953770608e-03
1.744998819263186146e-02
5.961568621781663038e-03
2.654800510157028295e-03
3.258198684733330797e-02
7.190130814456360299e-03
4.819675686139937576e-02
2.662701173531294152e-02
1.004346171646782609e-02
1.238675865087869588e-02
4.181011635743825741e-03
8.092968206522433566e-03
1.712198327839880435e-02
7.437303743627758472e-03
2.538361643740692439e-02
9.820806766748093469e-03
1.052190077543668084e-02
1.705433247288624943e-02
1.023532482716712003e-02
8.281537879964252780e-03
1.542288570705292738e-02
1.560299631481257276e-04
2.274644704902673269e-03
9.467772238464388160e-03
1.030300789601584256e-02
8.648116533305428427e-03
4.917878553892779392e-03
5.674260116068643826e-03
1.534955200092558841e-02
1.363124287560831330e-03
1.819671744410228690e-03
3.572873169376135360e-02
9.105307635710359337e-03
1.808495863943644644e-02
3.590616942313285594e-03
2.343153138572045928e-03
3.004342392908851411e-02
1.060651205858888398e-02
2.351318720700745768e-02
1.507294735858222094e-02
1.487079029197295281e-03
9.841730271062006097e-03
7.045084045412081282e-03
2.094445220774584279e-03
2.987181844243214784e-02
1.688027224367108503e-02
1.167214466757486926e-02
8.956959205120334361e-03
8.170232658648222263e-03
2.374536798658691966e-02
3.762851168554722479e-03
1.994086883249458764e-02
5.298534291337832908e-03
4.349984301817803054e-04
5.576632174185419330e-03
4.600137215813760762e-03
9.700418676727468048e-03
3.161224070136151726e-02
2.359262724155802848e-02
9.858952433354974121e-03
7.911828212282347172e-03
1.355621295991583236e-03
1.327872441075687165e-03
2.427109481945752267e-02
1.965873219693964336e-03
3.229409028228017592e-02
5.055294171148316112e-02
5.051288067236813645e-02
1.863304829842492120e-03
2.090820792186046453e-02
9.431286006738662242e-04
1.543163014628425814e-03
2.985408633316618491e-03
8.765818890367725602e-04
9.250644016188309948e-03
8.035091460555456901e-04
3.658759784496236345e-02
3.280913334280026288e-03
1.314268991238187398e-02
3.611405556771529746e-03
1.107852008300467400e-02
2.243617565467980607e-02
6.162441932466982374e-03
3.438684058243793307e-02
6.534950491686107067e-03
2.631885282635483200e-03
4.842196100835133993e-02
2.055092611341095832e-02
1.056762184888569885e-02
4.790759378293135695e-02
1.154025829925632053e-02
1.276451760153298268e-02
1.521210961660899620e-02
3.828972216381463026e-03
2.659275939922453244e-03
1.413256101489589363e-02
2.310062210867516903e-03
1.855235094150605932e-02
4.361603112042237301e-02
1.310832060980539684e-03
1.521884983939292280e-02
2.239786853960101798e-02
1.295621786800083518e-02
7.313245011910374065e-03
1.239629555287103876e-02
6.689034604016469605e-03
1.222986725050099859e-02
4.435716933330629067e-03
1.574904822447022526e-02
1.298410162218389431e-02
2.167160961043681708e-03
9.372771477015675451e-03
5.862239501555469891e-03
1.964934034371345131e-02
3.646412655079609832e-03
3.579152034903030494e-02
1.047314595907778041e-02
7.232440312188231565e-04
1.620717135137765162e-03
8.343732225779785031e-03
9.687248617203481765e-03
3.264758150844652984e-02
3.413706295183769213e-03
1.605558080871472004e-02
1.067664860788254330e-02
3.352437337999020911e-03
3.197634562692931726e-03
1.377412344064950223e-02
1.038312474281987211e-02
2.858740589425529458e-03
1.880323136480187285e-02
9.373980246134012984e-03
6.299542636226428301e-03
3.784860091030621543e-02
5.216092046176840080e-02
4.758338540590714531e-03
2.197198075092945957e-02
7.355059271028764264e-03
1.342583135051588286e-02
6.411046662547494404e-03
2.346292576161990856e-02
1.647778719635346889e-03
1.631550434446150250e-02
1.094557648934033588e-02
4.887906473129893792e-03
3.138526186551169467e-02
1.863086807001681708e-02
3.200404960944343291e-02
1.639034009846104464e-02
1.496497816394756070e-02
8.182814516310511765e-03
1.642546139262096930e-02
4.782706190609193643e-03
1.746795070370877126e-02
6.161418295149895079e-03
5.280528060095197526e-04
3.380187347193130964e-02
2.342841227002368312e-03
1.464171267016951133e-02
1.900671320537264744e-03
2.634226995759250158e-03
6.875844862703322721e-03
1.344872946121608570e-03
1.934416336378294576e-03
1.836115584491385122e-02
6.930987662192203413e-03
1.436506366019925894e-02
6.311767239676541012e-03
1.693769242979785428e-02
1.292778031780081847e-02
6.828461305707112482e-03
4.376070483566077071e-03
2.791541400941296991e-02
1.146331787043235358e-02
2.191821683606447538e-02
3.557672488932592247e-02
8.437256096745567036e-03
4.930859127883922138e-02
2.364153797976636939e-03
9.780766367710143350e-03
2.111851487860178997e-03
4.664317237516510395e-02
1.580567450405644114e-02
1.637101759322507830e-02
1.633949298141595605e-04
1.296073738120664259e-02
5.925040253368986723e-03
2.461631066369230139e-04
1.412503314380080671e-02
1.398848033393429273e-02
5.573372940849592727e-04
5.915040160536788605e-05
5.292061999004752000e-03
2.608222733037059149e-02
4.559499292263033930e-03
1.954514664713916366e-03
7.092137863270057963e-03
8.442751479481640231e-03
3.631143346798077973e-03
1.071465031597029424e-03
3.332037127002279719e-02
7.215149073648539219e-03
3.981051397268565994e-02
8.394639677311108855e-03
5.177557031252398578e-02
5.371095775558859531e-03
3.499383687770806634e-02
2.922427232507637113e-02
1.459061658997688055e-02
5.607526570604157157e-02
5.977380474815208872e-03
1.899633474027009883e-03
2.102006742284056456e-02
8.997339750730326546e-02
9.472007540623215635e-03
3.231705595075785170e-02
5.725138663429701208e-03
1.394294671405980207e-03
1.901873314686525207e-05
6.675424503274759655e-03
1.181727072119214024e-02
2.829351469985884673e-02
3.020427476406837425e-02
6.588872831048907600e-03
8.903052095050184578e-03
2.020228477553094593e-02
2.044460149625478007e-02
5.143473966354782188e-04
3.005918211261966039e-03
6.675465295780553046e-03
2.728295062650681890e-03
2.020941572989670698e-02
3.046055962593386714e-04
2.606253923333641531e-02
6.078954145141145758e-03
1.734627133298327975e-03
6.287805713576743311e-03
7.902163582782338255e-03
4.886755780737162685e-02
4.318255905814033166e-03
8.471688999572173084e-03
4.435302387524828194e-02
9.988797267395520436e-04
5.270862184270943412e-03
2.686073571220053136e-02
1.028780043206115394e-02
4.124225172367934622e-03
1.209123436610396373e-03
2.599133348771479578e-03
4.390729623361624978e-02
3.628351175917679007e-03
1.315329431157505162e-02
9.137994456295747692e-04
5.582288832258098729e-03
6.247381334232347816e-02
1.632081129363719546e-02
9.352334384432968439e-03
3.022323873700271529e-02
5.300207337502228777e-03
1.244341266842500203e-02
7.590725419444331254e-03
8.166404090690724399e-03
1.827470390691702390e-03
3.787168969418540712e-03
1.073655946861365798e-02
1.101574325284824900e-02
2.831798243664920833e-02
5.735422829152405158e-05
2.895223863877744233e-03
1.319225695500494261e-02
1.659562086634364803e-02
1.249378961897642387e-02
2.094273105481754202e-02
4.988519842895854095e-03
1.635739374241659827e-02
6.382091841628624758e-03
2.143532909766904249e-02
1.284607748773908958e-02
4.033660934974162005e-03
4.310683048274277854e-03
2.485825803088556260e-03
1.621279154070567885e-02
1.709807140106068407e-02
7.218867485924628132e-03
1.766788304218142036e-03
3.841610402495700127e-02
3.990127518685530894e-02
3.302441799089117502e-02
1.720017693264330391e-02
1.625504844774125837e-02
2.138508371953705151e-03
1.078235688084281177e-02
5.549659863433977283e-03
8.915363264431125367e-03
7.113787458968781272e-03
6.204470392281726757e-04
1.352095846191289120e-02
7.608023186766113208e-03
2.109591004963296337e-02
1.642803309435236087e-03
1.443794899228807715e-03
5.813324094563830646e-03
5.545796880790489561e-04
1.217630720829528806e-04
8.613131668439327759e-03
7.283367615112974237e-03
2.130844258970081284e-02
1.590595726166310619e-02
1.692511166145181309e-02
9.893776130204331651e-03
7.033031865239323249e-04
1.374447190009140188e-02
5.610825094983791506e-03
7.516677252466635525e-03
3.338760994061261422e-02
9.464660835444563963e-03
8.920324712217569951e-03
6.722403703941715047e-02
6.294451483686071616e-03
4.334601642548330941e-02
1.586636451486284072e-02
6.993710459305283247e-03
2.309733178314180707e-03
5.179312602592179432e-03
1.021248807365815470e-03
5.588441422414421565e-03
1.209737873958986742e-02
9.861012030438686890e-03
2.361398323013139469e-02
3.251266716809777385e-03
4.474381987230811181e-02
2.022267214991818954e-03
8.844790354503268698e-03
4.713968884875787031e-03
4.586115725595840339e-03
6.431722002094311663e-03
1.607517619111351395e-02
5.649705470602115961e-03
4.380769590188057089e-02
1.345960951366026535e-03
1.551255520404904234e-02
1.666362579789940762e-02
1.832135046407327647e-02
1.883237631679697197e-02
9.566002950660026927e-03
3.039490417797963487e-03
2.401702995994165271e-02
1.467928915755872116e-02
1.427889393372304676e-03
1.688215760808230853e-02
1.161079087459633910e-02
3.064382358293743849e-02
2.703509243945810547e-02
9.067692655793536255e-03
5.172969182037121839e-03
3.186553952635666487e-02
2.595860896734052646e-03
2.333684748750711538e-03
2.374910096961944939e-02
1.736696461562949566e-03
4.160117517236017540e-03
2.507720928056137236e-02
2.373397927546484765e-02
2.425158401375397503e-03
1.155519601475670996e-02
2.009989617835768877e-03
1.353467417655420182e-02
3.109538245192488073e-03
7.402216205926371098e-03
5.945988988053900991e-03
1.141757142648028127e-02
1.090157483572771861e-02
5.650620230479701245e-02
1.819366905476292248e-02
9.040100946033349447e-03
8.237726033565353741e-04
2.093845030769934598e-02
5.575305986236011929e-04
4.446570573276872537e-03
2.895428775398047744e-02
2.169220417632646697e-02
1.648617492388867317e-02
1.993801508210111748e-02
8.436626588698859647e-03
1.853606612085421934e-02
3.875152569143512898e-03
2.713671503739436414e-03
3.292087413382592878e-03
9.981166278145324131e-04
1.343473494344332546e-02
2.159103141660290853e-02
6.563932959403636150e-03
7.456013799892954874e-03
2.786605744298488452e-03
1.294485487484488273e-02
3.122844027358662698e-03
3.114410625496776518e-03
1.044443711577715782e-02
1.136262140816524970e-03
8.658293839822021887e-04
1.962961300526126773e-02
6.059363023392987102e-03
1.695992070523544152e-04
4.911991202354422381e-03
2.296885209202828571e-02
6.358664424220386233e-03
1.142000980094974799e-03
7.725595227778585955e-03
5.918542586200798566e-03
8.645244750066833142e-03
7.587613440635156831e-04
1.780178891973328847e-03
5.278886131004949245e-02
1.868251507525300198e-02
5.950843509872575515e-03
1.008324512768746630e-03
2.453236309576948410e-02
1.666403474677097653e-03
2.971476755479424484e-03
2.359582018990310018e-03
4.961902971023546965e-03
3.981823123109930890e-02
6.159006320004685453e-02
1.951320516825316709e-02
5.214843095526604244e-03
6.144561619256805329e-04
1.073049991672653247e-05
2.550040773812356151e-05
1.370184012241941387e-03
3.851509228114041034e-02
1.089990946621000219e-05
4.622281955021317022e-03
8.328877332364146777e-03
1.744724851532410137e-03
9.709266587792491363e-04
7.962646126279534012e-03
1.482231075447432676e-02
3.219800413851638815e-03
1.150976521120020135e-03
3.598413471798837804e-03
9.537603098309387073e-03
9.734162272953678086e-03
5.481243308392318853e-03
6.858498521366163548e-04
8.641846676549139183e-02
3.363347554281844419e-03
1.526790119362125830e-02
5.532401713811084185e-03
9.132682619075181349e-03
3.136446128332928684e-03
1.513604026340275438e-03
4.533653561213933300e-03
3.392815933741574058e-04
2.318465738245329213e-02
1.256140386060606955e-02
1.267386767265260387e-02
2.485304521219337467e-03
1.318738708990751032e-02
1.356778984628160406e-02
2.044185678449660180e-03
3.051125381054254140e-03
4.392598639918834924e-02
1.229136829000726516e-02
1.056602672401122170e-02
1.668369458771669367e-03
3.173436545244404799e-02
4.320803739956084050e-03
2.711542903783836778e-03
8.067379936999317935e-03
8.417829772997428156e-03
3.620525036788297974e-03
1.145470437557719393e-02
3.427907145490587462e-04
9.783009035006359419e-03
4.127450029253311101e-03
2.063278789247816394e-03
2.474360189075371433e-02
1.369490329673840861e-03
9.829768343013599308e-03
6.141293773023041337e-04
1.733835241675365721e-02
5.525152008322563313e-03
6.693667277338697513e-03
1.107142099712464522e-02
5.519238929667790328e-04
7.270516886510569252e-03
2.530582868562896923e-02
1.145262948612154122e-02
5.411249751438552795e-03
3.651269310096628973e-02
7.374266341103243722e-03
1.406622190759915843e-03
7.976076796739139203e-04
7.181969168008710963e-03
4.778768249952012291e-03
1.588213091450831060e-02
2.027089972791871683e-02
1.607357432131503033e-02
2.536539053173535174e-02
3.897467526897558515e-04
1.244893682802188095e-02
8.935498701099763366e-03
1.194986515685654560e-02
1.189818688313800873e-02
7.368882017456954495e-04
5.127773015643932730e-03
1.046719628463173811e-02
4.314529851534007476e-03
2.328674597790014039e-02
2.646857293390476266e-03
7.121615314823376112e-03
1.446935408732186873e-02
1.290910397773131074e-02
2.586622933152872561e-02
3.427606195220613688e-04
9.608729199023249151e-03
1.001211563362265113e-02
2.454054174431855029e-03
2.366425453571532889e-02
7.015079586581796610e-03
1.538075738727418505e-02
1.840568318206232956e-02
4.605826751465993962e-04
1.335966678382583504e-02
1.815349246836011829e-02
7.694678623565459619e-03
2.917551866573430200e-03
4.149957146977727163e-02
3.547157862090648262e-02
2.691510078167063530e-02
9.466181912444558005e-04
5.739631596078914773e-03
4.260247024830009568e-03
8.387658581375963956e-03
1.560110908675588041e-02
4.477190077553508396e-02
4.455671119380367161e-03
6.556862969936583414e-03
3.855430652970228203e-03
1.673837728273258607e-02
6.244954478854203295e-03
1.047388722769876726e-03
2.663646275529551414e-03
1.271380066346275775e-02
3.909789373884501804e-03
2.450263787238535218e-02
2.562427364957751020e-03
2.718210622729174894e-02
3.618504322895437636e-03
3.223504885720627350e-03
5.794620683968996350e-03
2.275606511554698758e-02
7.262439975561949673e-03
3.038117602851406196e-02
1.069393227821500633e-02
2.586588681006769981e-03
2.984769604172012383e-02
4.268098383359772430e-05
4.262112158159470088e-03
1.411369472582849408e-02
3.020987058196835523e-03
2.291665816909507769e-02
8.867634307063132840e-03
4.179989856224752831e-06
4.892076791805549489e-03
7.222842953677633543e-03
4.834459411815412999e-02
2.818484892858880153e-02
3.908598634015192884e-03
1.387330335821456567e-03
1.638984681034713880e-03
8.293973660289942137e-03
1.500694418873794143e-02
8.358553608326758227e-03
6.069038597145824665e-03
4.193362865702942449e-03
4.825250587806107286e-04
6.192271057711638479e-03
3.774194448621177346e-03
1.580633514571353621e-02
6.839014675859035868e-04
6.069641084449869592e-03
6.084807413664102341e-03
4.289556839813062766e-03
3.756666928729848753e-05
2.515460309337133951e-02
1.103800042084151709e-02
5.548679745196268345e-03
7.337541604377191898e-03
6.756327323756213150e-03
7.119127644456339256e-03
3.105835190372310470e-02
9.007787848486234136e-03
4.329259272377129764e-02
1.147967384297824637e-03
7.107230295590689917e-03
1.064370023103178124e-02
2.628391436755729560e-03
3.537358401109881589e-02
1.370152393363924595e-02
6.274740759846437511e-03
9.861741255511266915e-03
1.846123997596333527e-03
1.195532441794927569e-02
2.777513730059895034e-02
5.897311499189704896e-04
3.475686498350151477e-03
2.431882476988524860e-03
2.689803836077522478e-02
1.271135747306273087e-02
2.866528276371379472e-03
1.220153863919688601e-02
1.574307819556138716e-03
5.427108302876760930e-03
5.876583598449600099e-03
1.279091090878663184e-02
7.817285195278210475e-03
1.094017197641021337e-02
9.582517794642147688e-03
9.296266348126220854e-04
4.057504669147655660e-03
1.992645873400766127e-03
1.943072688455149688e-02
2.016189903331175315e-03
2.321296628359162395e-02
2.131729949696175436e-02
1.733601441330759330e-02
5.447111955491352846e-03
8.710015219805305672e-03
2.115703854826866438e-03
1.608878160969998486e-02
1.797187338193369580e-02
2.334459018954163773e-02
3.708960490623619283e-03
4.672131920547800688e-03
3.305265740168403243e-02
2.872117937752391437e-02
2.674397355132220738e-03
4.496442749119772958e-03
9.983081015947400938e-03
3.823050692289187147e-02
6.707642441891974172e-03
2.445073848701851717e-03
8.657164792046437296e-04
2.177319874232410248e-04
1.050832158462556426e-02
5.729220694447694807e-03
3.037525641992989620e-02
3.482224106921770826e-03
2.804190207828499877e-03
2.857789329650647914e-02
2.474228263719016607e-02
1.500989306362481707e-02
1.009690487481523444e-02
3.998054401219282294e-02
1.726517711812652553e-03
1.574552003700214337e-02
2.523129532022223842e-02
7.993495733989199048e-04
4.971106557419814609e-03
8.882742354580424812e-04
4.441621811610875492e-04
5.615198874617434097e-03
4.308218405327640319e-03
3.118380692716502672e-03
1.048477051945490533e-02
1.381234856111844891e-03
2.634040119767885879e-02
7.958711667220659189e-03
1.515110222684495217e-02
1.050351874298934701e-02
1.193577088242298717e-02
2.615972258029866312e-02
1.546835474273588161e-02
3.692423349404105881e-02
8.957644492526445693e-03
2.658186214442001885e-02
6.896679216491128153e-03
1.014364384842906565e-02
2.208957879400551272e-02
1.413627848117111896e-03
9.249139064285889084e-03
1.025612490102866849e-02
1.058468265401244293e-02
1.831057644065550716e-02
7.112896489317160204e-03
1.689706085753528431e-02
4.874401608250840748e-03
2.890752842037666928e-03
1.825018324733094707e-02
1.207882237767549279e-02
7.771735758570548491e-03
1.165523451410702127e-03
4.234943501739146798e-02
3.930357411308788018e-03
1.321498705258038198e-02
3.366576607428163614e-02
1.332608173162838118e-03
2.319341346516213750e-02
2.312246385598658652e-02
9.108062286588922835e-03
1.357019390878846064e-02
1.204910668317723046e-02
2.043471234941061226e-02
2.238913851836096466e-02
6.922684720490762667e-03
4.613622975568371087e-02
1.044521190549113632e-02
3.281331266191864909e-02
9.040540889687207274e-03
6.978156202056609407e-03
2.387781726464045448e-02
1.510249997639732077e-03
2.300564526819476319e-02
1.074610293719869408e-02
1.531951902823358753e-02
1.488646332646002129e-02
2.546999730747168816e-02
8.329657122007347661e-05
1.023286113289023636e-02
2.000267961628334618e-02
4.272216501462028707e-03
7.930604594772634741e-04
1.344958863064242560e-02
2.110121580724271580e-03
2.841105655363348331e-02
1.371055808806308056e-02
1.647272455876084424e-02
2.655904378139949812e-02
3.803489501107547126e-03
2.433651966363526223e-02
1.818293584166950569e-02
5.208034568022028993e-03
2.769091334616398392e-02
5.285048468755684965e-03
1.670324844223176897e-02
8.646088465233611742e-04
4.285539829490082192e-03
2.447753164865114697e-02
3.844104285834892311e-03
1.772503664820597458e-02
1.453550997819171194e-02
5.998840257545021842e-03
2.075844626297335474e-02
1.623458068727680337e-02
4.245628568130062341e-02
2.727628686696951382e-02
2.212580933136467851e-03
1.013788994505930574e-04
1.048532799845080729e-02
4.856135759956177120e-04
8.776733900493275536e-03
7.872092620564041798e-03
1.014527487715343249e-03
1.043368878631353858e-02
3.859351722625008890e-03
9.453686330872174484e-03
2.874881022996988306e-02
4.221590960513410887e-03
2.839005911689084644e-02
2.928571132889982997e-02
1.276505952153932782e-02
1.670706482599117887e-02
6.896522458668945255e-03
7.619238985112241312e-03
1.393599195687900659e-02
3.515500449235601371e-02
1.571911401097072711e-02
1.847718576694801218e-02
1.944228286372479825e-02
1.258004081057096865e-02
4.042342592021073641e-03
4.286128391550922401e-02
1.081690528509137578e-02
1.888541034359934694e-03
2.028246985241082771e-03
5.815718668431271374e-03
5.696977614380933919e-03
1.171054949179602643e-02
2.147765301005662500e-03
5.097996123281656189e-03
4.209263856989040042e-03
1.543141946009900928e-02
3.561149224490416099e-02
1.879408227772036769e-02
1.463586748591513137e-02
1.275827028781042517e-02
3.262117305365392836e-03
1.377938081228407587e-02
2.028732710859088711e-02
3.610731868689360732e-03
1.984755217716388520e-02
2.554824005950416185e-02
6.234342446480576824e-03
4.811869584269001104e-03
1.156992961331923270e-04
1.972486137051602390e-02
6.321880280024474302e-03
1.433392826877897056e-02
4.448277218717299961e-03
2.772829859918504551e-04
1.861617660603070989e-02
8.949198049349651324e-03
5.138809075780938207e-03
2.995599177292650878e-02
7.060642715561500464e-03
1.805149848396454121e-02
5.037503722138702601e-03
6.986293128047917078e-03
3.360549283921362984e-04
2.025521578324933694e-02
1.122350467412545731e-02
1.280473146740493742e-03
3.619626360550939198e-02
8.038465567805963552e-03
2.893344642770429714e-02
4.215764074636310470e-03
6.323299263008076362e-03
1.807205250590386558e-02
1.359490081005674394e-02
6.923083644246180723e-03
9.666456724302583542e-03
2.035367463014878947e-02
2.049557808712594575e-02
2.330040484135839640e-02
8.333783274039607836e-03
5.150664088700644162e-03
7.347450575090190041e-04
5.783235760923410504e-03
1.777754848800352366e-04
6.153513069982702137e-03
6.143603805160104472e-03
1.758923541260640818e-03
4.367459160276343164e-03
7.279167805692581678e-03
2.279797963025662760e-03
3.194039481601418373e-02
1.352801685463317187e-02
1.637511117959862192e-02
3.115782382828664702e-03
2.539502769527279130e-02
3.567194974737182989e-03
1.556227535081346723e-02
8.780488072261168758e-03
1.009017820881204924e-02
2.417446186239775863e-02
1.535199378953889561e-02
6.444140335334425096e-02
1.173872493046058084e-02
1.102179708879717085e-03
1.454299322453651497e-02
4.584867744423565608e-03
2.220840140999236559e-03
2.240273351500921342e-02
6.808015753313541481e-03
7.175908064693771980e-03
2.183329217148165247e-02
3.780034561546146213e-03
7.031082590121549847e-03
1.940363447584282641e-03
5.400500916158743406e-03
1.101377672752077395e-02
1.754820147942498347e-03
1.001563562377221460e-02
4.619235504179062396e-03
1.426375240666328918e-02
1.561528985158822103e-02
4.686976471086489945e-03
2.177393014766458579e-02
8.025134516181010869e-03
5.683356041732541553e-03
2.696452422399714822e-03
8.658915259967175926e-03
2.127088676873578523e-03
2.289724148169978296e-02
3.756478340200981696e-03
6.924365615534246003e-03
1.104066952768330279e-03
2.488279821113915588e-02
5.623871150402224434e-02
1.166157849965175630e-02
1.118631905626741793e-02
4.449763562290146024e-02
2.428209995287579099e-03
2.563490509639974185e-03
6.639522956824737629e-03
8.641910102559385506e-03
4.143575768671038315e-03
2.482949201608294215e-03
1.615456964715582949e-04
8.570362767270399765e-04
5.492678525830074765e-03
8.623976115964960068e-03
1.899341576608549673e-02
7.479586548856629290e-03
2.237590272235686836e-02
5.553921806312803709e-03
6.426954513608038391e-03
1.637102860985832197e-03
2.513715246996752611e-03
4.402130952631460453e-03
3.818640531856042596e-03
1.134568732869802726e-02
3.148507201601459526e-03
2.752364797623106651e-02
1.619704862676712986e-02
8.485996998721823115e-03
9.769334314436384226e-03
4.982229794665520364e-03
7.820101730207897062e-03
1.424184644977426022e-02
2.410941183179786396e-02
5.691756433067633042e-03
4.078095161302633907e-03
4.742841818519982072e-02
1.376914826224944063e-03
8.756344479683184773e-03
5.087300714464709078e-03
6.242638246253599983e-03
9.015654966700217821e-03
1.769501761217808986e-03
1.883344240342551407e-02
5.911894297543339796e-03
4.294532272116391479e-04
1.872393221444514089e-02
1.256483496015037629e-02
5.199290184766271368e-03
1.665349752506294426e-02
2.420981915338058649e-02
3.577664283459412124e-03
2.210693702874189093e-03
7.034677518352535838e-03
3.942924793006953935e-03
1.044936337160187138e-03
5.091058464110396337e-02
2.168468298167539055e-03
4.081026384959752368e-02
2.246126678740369836e-02
9.801940965968659533e-03
8.066528996987849809e-03
2.298810098339118188e-04
8.324749397065034709e-03
1.601942236755125176e-02
1.987927632378128084e-02
3.233461002310215361e-03
6.036699147099058166e-03
5.304352906943955726e-03
3.526165628754733550e-03
9.961704947757980214e-04
5.918276888812373836e-04
1.349818300203863529e-02
5.988690636330405975e-04
2.465093752165257827e-03
9.244278247970819096e-03
1.075772426429230308e-02
1.312480022228765947e-02
1.047612685109554874e-02
2.091398553440123459e-02
1.517197002764655682e-02
3.605519603412436942e-03
8.787765187429151525e-03
8.732930617163202347e-06
3.641863153508964612e-02
5.030404947314765516e-04
4.228585671880690823e-03
2.019049834325888776e-02
9.899493223500937036e-03
2.222100427287543312e-03
1.136930588808788070e-02
2.736584331322482189e-02
2.700039235920922986e-02
2.698416213282983644e-03
7.433404249415319354e-04
1.161099672214753117e-03
9.574575022350139200e-03
7.018518735596011686e-03
4.901354101497699262e-03
9.841332951979028104e-03
2.037154215831797274e-02
8.465258850759637896e-03
3.259328494473801886e-03
7.643025709706020854e-04
1.541386296935204868e-02
3.990295736026513648e-03
3.895163662640210162e-03
3.893646252954055444e-03
1.183865638412238269e-02
2.441920261312782812e-03
1.622225135423571718e-02
2.079756306413379358e-02
1.706957800391205662e-02
1.938436266171957934e-03
4.856192985717316425e-05
5.432480717021979932e-03
4.949069504126765023e-02
1.371702334282671239e-03
1.098421602609057739e-02
2.562682900800917693e-02
1.567679165747062550e-03
5.884327854057888607e-05
1.472379048095552936e-02
1.747932879377449983e-02
3.077048389103452519e-02
9.963763786207046561e-04
5.687074947961305235e-03
8.114832371049353343e-03
6.103499708246426861e-03
8.655523647904934600e-03
8.039332271455659762e-04
3.152054906114774846e-03
4.367244306334051168e-03
3.405611145332642850e-03
2.991432123717361474e-03
5.222323959129946541e-03
2.898881342826367322e-02
2.683791386109541516e-03
2.250661728252500993e-02
3.159202537586857252e-03
5.206125757663312981e-03
4.036942865020848314e-03
1.553085582944624572e-02
2.944155219934043236e-02
1.608413532461281520e-02
5.762471533700950534e-03
1.485308759821899263e-02
2.538715349362611479e-02
3.531453352668968704e-02
8.674131385120704280e-03
1.474279790470223866e-02
1.820551058907580663e-02
3.965300841768729101e-05
1.187654992596390291e-02
3.294750706734943246e-02
7.618209399842441193e-03
4.364803333117234230e-02
9.255784476176018294e-03
1.539576968030295125e-02
1.806585641877903048e-02
8.539685791956588834e-03
1.085679442434817066e-02
1.311789259337682242e-03
3.550593727402367832e-03
1.926954638176621177e-03
1.622236431875285351e-02
6.602131221224834257e-03
8.635694174587852170e-03
3.951214927121211168e-03
9.094061014958691042e-03
1.840480254517586067e-02
1.489735155612997158e-03
1.051309730517601760e-03
1.785143437659141713e-02
1.886473476537422339e-02
4.693376236224156700e-02
1.129896340206948922e-02
5.743969518240184952e-04
4.198040851021356268e-02
9.227261888492297587e-03
3.825843899513445973e-02
1.423469074447163835e-03
1.073248413772346851e-03
1.990378186387331896e-03
3.715489093978511376e-03
4.765695547643734181e-02
3.807163517017903703e-02
2.252983844747856457e-02
2.678541561555149511e-02
9.559265781539653256e-03
2.327291599293350617e-04
1.433442611283503032e-02
1.022306264398431183e-02
2.357944107613856727e-02
1.961814016748347073e-02
2.053632197912878127e-02
1.899464220711782197e-02
2.607209232888477515e-02
2.990627478697012627e-03
1.379975507192358029e-02
5.926764957939759798e-03
1.950177050346703703e-02
1.549396145911680067e-02
1.226710529110586895e-02
1.673814089060192412e-02
2.358867384531134620e-02
2.513722745981201989e-02
1.581556315159137957e-03
4.985511617348628577e-03
5.137110955377640481e-02
1.913834054158800729e-02
3.975778931627621526e-03
2.295360673125346890e-02
1.054405982687116501e-02
2.277078579794714064e-03
1.197948132280926212e-02
7.158945150830894541e-03
2.490119535034567011e-02
4.480221982801945585e-02
1.057037732918852599e-03
2.840930283306398324e-02
1.110734463056840815e-02
4.449382781141758038e-03
1.059891269763446608e-02
6.533358545322343232e-03
2.507417600306305339e-02
1.746236782783025434e-03
2.322595082826933027e-02
7.313953073073811532e-03
5.207144361079454192e-02
5.306801258637350131e-03
1.911939190682956924e-03
1.079303743868118177e-02
9.858243406934315278e-03
1.203768896849440224e-02
2.077092583698774211e-02
9.271134835597431845e-03
2.412377591347412281e-03
1.962276419426551427e-02
2.765155709606029362e-03
1.369061943891812169e-02
8.213944548276138832e-03
2.739348110337384498e-02
4.605996161211636276e-03
2.052136986427226945e-02
5.318950670969754824e-03
3.777440032441403694e-03
5.794175633198568598e-03
1.398298179272046762e-02
1.848995919925796108e-02
1.998293337840292144e-02
3.030060409999011523e-03
1.056369420922197329e-02
1.917290662779096676e-03
3.061782003456795659e-02
1.461296513543585557e-02
1.109731446745550014e-02
1.755581285891782278e-02
5.433503195945370290e-03
1.898100398084967555e-02
4.527198126306411496e-02
2.462115619620638615e-02
1.336594468243305911e-02
1.493341657971262310e-02
2.661401175641458020e-02
3.088340456320729215e-03
7.124819607181739033e-03
2.613961486260852826e-02
1.159831949741758558e-02
5.657243443404741910e-03
2.422355609215750064e-02
1.072312227787485667e-03
3.315252526865656441e-03
1.947856189265524240e-03
1.318636096208388765e-02
7.394266670379992870e-03
2.740212715949259109e-02
5.691154657180020823e-03
1.582838113001529831e-03
3.395311897095998864e-03
1.408016941685163656e-03
1.894747806371198384e-02
2.031480040731769438e-02
4.127938747218648508e-02
1.312655305197328072e-02
6.408753931069627319e-04
2.015709975696212616e-02
1.553499526614527532e-02
3.339680034280756438e-02
2.005840219744416467e-02
7.442983141972871197e-03
3.667440959274220497e-03
2.017523650656436601e-02
2.472691338531367994e-02
6.347211580835950689e-03
1.079993596753096516e-02
9.517353685137924790e-03
2.476259596272779168e-03
5.629682737482932797e-03
1.417212510561188972e-02
9.034972762905074672e-03
1.234141676918106001e-02
1.861533320960533436e-02
1.934496821678121856e-02
8.065931848970950974e-03
4.144537100990835707e-03
1.127506722051156707e-02
5.788269003507552288e-03
2.640831731576294937e-03
7.738666612720077748e-03
6.968571233928780653e-03
1.567902416803276106e-02
8.609754732041258185e-03
3.127319497249723967e-02
1.749345566006430333e-02
4.620345324838463774e-02
9.380077694900720853e-03
3.169607528594381440e-03
8.321527702092476608e-03
1.068835013834175743e-02
1.042329498305758287e-02
1.072128213665897445e-02
2.259186766645783842e-02
4.639880837879925904e-03
1.890086613746538163e-02
1.791821893677812694e-02
5.980380825644612992e-04
5.347663038572344867e-03
1.595501320485386530e-03
9.667669195932687004e-03
7.829756795970325024e-04
6.434273089447196080e-03
3.502721251514989698e-03
9.804161685399152837e-03
8.082117459627051470e-03
5.320508964358492202e-03
4.726586528376701402e-03
9.696029482206902986e-03
2.137215239349405521e-02
1.461292222842621629e-03
7.632430085157092259e-04
6.652812303606862876e-03
6.514340268538446228e-03
1.481213873014519504e-03
2.002977583193879182e-02
2.324312882760439306e-02
1.820762556857117784e-02
1.306917124134570826e-02
1.176495802131392182e-02
3.835682229466462478e-02
4.766872100107389515e-02
6.718451315118059534e-03
7.449525878257417556e-03
2.116049260290454176e-03
2.291668249477394823e-02
1.500622413209988862e-02
1.136222511067211741e-02
8.067119305304768645e-03
2.422489928240401102e-03
5.393894333690742345e-03
2.649171705044047961e-04
3.032251764247376018e-03
1.166065402515166147e-03
3.175732278089949193e-03
4.366193150874638287e-03
2.325666130210391272e-02
2.396148079753847998e-02
1.693546040223677671e-03
4.295065095560578368e-03
9.737857656716267241e-03
4.477556246808407311e-04
6.517128542861030070e-03
5.736778404020718460e-03
4.104456086053073771e-04
6.689007778342050820e-03
2.788911059151332958e-03
8.063819786343381750e-04
1.197609726535128804e-03
3.968789365559503846e-02
2.200698963611166445e-02
1.133877805911699677e-02
6.718515334268216829e-03
1.862384296624582450e-02
6.538217523303683186e-04
1.655934667877373770e-02
3.578679800917725778e-03
1.930442720108320118e-02
1.858191156501724783e-02
3.986704660897031315e-03
8.007789089556228285e-03
3.147555958380608178e-03
1.982991948162850931e-02
2.240287905437027965e-03
1.172690058324851042e-02
1.202395895268529649e-03
8.279735689154991626e-03
1.987317094342467595e-03
5.643761905258834477e-02
5.620009733376304245e-02
5.658068045607809668e-03
2.366027891161181368e-02
7.917890329380590855e-03
1.429251949040860094e-03
3.767161612274858712e-02
1.568367548712304958e-03
2.206272330596972114e-02
4.801865461179895267e-03
1.137162906440992516e-03
8.690173911419640101e-03
1.028217220779964990e-02
2.701842566337600213e-02
1.236297917452738523e-02
9.898416107640330835e-03
7.266771823366942329e-03
3.309649048806210386e-02
2.877550224979919229e-03
3.088989868566868746e-02
2.050652814122178123e-03
3.492413104552245795e-02
1.750320911541575902e-02
8.046967768784905883e-03
2.624166052946168282e-02
4.081925565467699711e-03
9.057860793673627731e-03
1.700689458648933089e-03
1.508204887725725189e-02
1.924912244435540362e-03
3.281473913715255829e-03
8.049590967018641074e-03
4.803119090107188516e-02
2.797915602218642786e-02
5.966240480735783037e-03
1.400386852962558736e-02
2.953387445180987586e-03
6.682606076791374264e-03
1.986157759702054937e-02
9.136231105833048788e-03
1.025535241606773465e-02
1.836978454709080680e-03
2.814398387715402391e-03
9.892777001290951888e-03
1.054293715958695699e-02
6.194296207380730820e-03
6.365008073738439090e-03
1.926024990000225687e-02
1.912076485262757114e-02
2.275240494526539758e-02
3.588248952091347213e-03
3.608311372268829809e-02
9.464402401482746585e-03
2.535388615703598053e-02
4.072352204352482075e-02
4.868174474975074315e-03
1.998917709102838655e-02
6.025245854017913932e-04
1.200526498706757164e-02
6.322773663376818169e-03
2.362619257487248020e-02
1.694660899683012728e-03
2.379097956641574446e-02
1.081709637499934581e-02
6.551325214853452594e-02
7.580967305685557683e-03
1.059519858140338042e-02
8.582824167179110147e-03
1.909957391205680324e-02
1.657468492910648891e-02
2.131877671510535449e-02
3.499063686790935060e-03
1.515641905171440790e-02
6.713444566946153921e-03
3.570492921920309821e-03
9.178682193519555055e-03
6.578124511451561088e-03
1.993339778110548438e-02
6.529822504436931692e-03
1.311791948530124756e-02
1.729128846120701890e-02
2.653917965312154945e-02
2.520644874998295010e-03
1.408242709987700576e-02
8.778550392139915573e-03
1.006507894672716702e-02
1.425408543044321893e-02
3.264348843109703829e-03
2.574593542231833759e-02
2.330526357346821703e-03
1.316952796209160809e-02
1.620866710288203574e-02
2.470285003462243528e-02
6.241171659040973922e-03
2.385686675751144334e-02
1.454042390999560428e-03
5.551339261791590762e-02
2.254967253036789521e-03
3.597758492996394955e-03
1.004849667885398742e-02
2.120277710710773145e-02
1.965198041252176619e-02
1.702628200852524670e-02
1.435973560787218856e-02
4.961992906376725548e-03
6.376940723567483052e-03
8.074006130621985342e-03
4.102417576381540282e-03
1.324777605522430186e-02
5.914968586490099156e-05
1.477837483844915423e-02
2.383847108527519659e-02
1.984798180379371627e-02
8.141530501496040129e-03
3.038116581183686890e-04
9.672146648871914054e-04
1.037345890267793967e-02
6.677371422046690652e-03
1.367793059197404057e-02
1.152346844786447883e-03
4.837553644518655799e-02
1.221328908397625521e-02
1.516990618073568199e-02
7.797436102997120852e-03
1.012869365591583491e-02
1.749405530728708911e-03
2.511858790204011746e-02
2.987397310973679675e-03
1.323967679297204623e-02
1.198545432814490490e-03
1.262811151985457347e-02
6.102070474880857964e-03
2.614415736332429546e-02
9.688648124118475922e-04
8.048955122296643297e-03
2.520207406980377873e-02
7.191042931189048533e-03
8.886627097924920584e-04
1.495337196674736621e-03
2.343174600098894833e-02
1.603263428275420940e-03
5.552626432151132330e-03
9.947282778845484633e-03
2.474666408308659818e-03
2.269061986012654158e-02
1.067256726491454602e-03
2.573746883712512909e-03
6.009169745608423062e-03
6.051420530542889632e-04
2.628942076360201580e-03
6.941050592956878734e-03
1.983504533318894772e-02
5.714978958318496505e-03
4.751114812633579904e-02
2.604867920483852628e-02
4.203217424779422118e-03
3.912195979806682225e-03
2.045110776432228564e-03
2.667783685938146521e-02
3.229744895334191006e-03
2.011587003690879644e-03
4.945645491578232363e-04
3.407349954944363657e-03
1.871223571672958955e-03
6.911051513751871600e-02
8.474055153154403525e-03
3.086076731549105678e-03
3.866609564803696886e-02
8.444916396903682024e-03
5.232822067557034440e-03
2.664009481242601493e-03
1.396959214580453974e-02
1.582502437603065283e-03
1.298545763447392885e-02
2.553837234145509179e-03
5.652966775538809108e-04
1.417284019308516323e-02
1.301385767035564099e-02
1.251660385617305157e-03
8.049693249399480360e-03
7.640066288242379662e-03
2.011064161168758802e-03
1.775195511946328674e-03
2.791043202276967047e-02
1.361003028918129996e-03
3.223244287858322704e-02
4.172915605667747857e-02
3.813269356381362996e-03
3.320601769196524899e-03
7.246803276368221289e-03
4.345042078713307054e-02
9.349928214316812966e-03
2.864263506427217141e-03
5.426493443454381838e-03
1.115090373506231330e-02
5.301324729051150667e-03
3.413320557951351336e-02
1.876791946258139386e-03
2.733810104080321504e-02
2.958126170780895486e-02
2.166807779235384313e-03
6.715806032909179234e-03
6.808451162372018695e-03
7.613844352511797350e-03
3.016585831574136387e-03
2.070083781914480725e-02
8.258684136084205180e-04
5.280756740420680662e-04
4.371989524018939956e-03
4.779185670495002258e-02
4.310979245336531845e-03
5.286996824945683349e-03
1.809954669077239175e-02
1.348528322203078767e-03
1.472157552797785998e-02
6.564765549839787773e-02
2.303988329620931808e-02
2.326984082003285409e-02
1.527133837460573247e-02
8.048519312400843548e-03
3.240421935588662372e-03
8.694236452286580735e-04
7.249814905476609748e-03
1.114716072125654205e-02
1.564276438430594468e-02
1.367799555776779037e-03
1.436799177753848638e-03
8.351388445547176798e-03
7.775172168956726547e-03
4.268418108125101272e-03
1.222025996163592781e-02
1.429904675599169214e-02
2.062656101467745529e-02
1.465370879852349959e-03
9.627419453775609010e-03
7.372782120638896042e-03
3.530935487147094168e-03
1.392366575382499895e-02
2.487385970767497581e-03
1.336297241438411457e-02
1.724547447085487441e-03
1.641827766844270245e-02
1.223802340647334175e-02
6.697301243001562571e-03
3.058272353491429951e-02
5.859251447542538835e-04
8.959439737955031749e-03
1.866360017675924160e-02
5.975416499172444586e-03
1.529228333579042351e-02
5.347803215725250095e-03
3.622958188474808151e-03
7.377396162167478705e-03
1.802095414963572704e-04
3.062732808745996863e-02
6.801296168729950228e-03
5.749581671450639149e-03
2.397877551849950800e-03
2.396992675203118289e-02
5.330430891801657411e-03
3.058475982043501809e-03
4.630606778765235243e-04
1.172238000478150778e-02
1.773656691086666556e-02
2.204377469707656870e-02
1.832966858880242730e-02
2.194288925151267194e-02
1.939200417815705943e-03
4.513358301803701254e-03
3.124295024245760805e-03
1.217041213907023127e-02
4.097718085073797159e-04
1.904234287563645513e-03
9.924902744408563640e-03
5.055430631065258723e-04
9.829751252432340075e-03
2.672417901347713676e-02
7.190951396126733092e-04
5.361088504378202363e-03
2.148909554446805370e-03
1.658599810260132090e-02
9.186982299563422466e-03
6.562848098567577310e-03
2.115095085423948293e-03
2.406202878628885440e-03
1.727942998962000466e-03
1.130574707084892536e-02
6.247830140910323564e-03
3.321009511552647231e-03
1.258803138925417356e-02
1.412064168510519455e-02
9.810143458769300662e-03
1.433589947567326557e-02
1.864743214310486327e-03
2.625548704233026526e-02
4.266096784147990935e-03
1.128840052252932241e-02
3.388039196483925986e-02
4.564961325935887326e-02
2.143418694442345701e-02
6.766007237354173739e-03
5.564903214668319963e-03
1.565004742944280103e-02
1.101532803075288419e-02
7.613462089537489062e-03
1.654366874682274696e-02
2.286800497908712815e-05
9.716047876557323479e-04
7.447112911703301051e-03
1.806737033468823299e-03
6.437712886668237044e-03
1.595387607628569182e-03
6.551840951926461883e-03
1.149402513956884406e-02
2.133633543188614978e-03
7.227825097944734142e-03
4.742929615426971432e-03
3.937430823581939202e-03
4.086539335624863115e-03
4.731220087515562028e-03
2.628659068169467670e-03
1.270180381243214869e-02
2.012915738723178305e-02
1.189674574385866761e-02
2.441707373867359199e-02
7.833839598274697572e-03
2.759153648127148778e-02
1.461647979651143139e-03
1.335758549554834709e-02
2.631089374121031721e-02
1.935104337181110107e-02
2.289468515839013230e-04
3.593069003202452143e-03
2.305596921313430962e-03
7.645911819598374438e-03
1.298182355071971633e-02
3.359175981233127745e-02
1.213647541996873760e-02
6.432912263023427522e-03
1.143609352382086476e-02
2.988300418701534539e-02
3.989465676861385607e-04
8.287474394428815533e-03
2.234859168780947182e-03
4.562566144696160973e-03
3.981922782379086583e-03
4.572574748761958074e-03
6.768422076663557947e-03
3.387046989350157682e-04
9.558061261277974591e-04
3.391569778044820072e-03
2.037233663098168661e-03
1.516172067772540710e-02
1.634743242659825874e-02
1.282345905006943357e-02
1.186103129509090068e-03
3.089649390348374325e-02
8.513177961486480955e-03
8.277176450187218038e-03
1.146151264407061984e-04
4.816299483082309846e-03
1.721883596771429242e-02
6.485583853479354524e-03
3.956788150403908223e-03
3.114123676161663010e-03
9.167285703285116402e-04
9.788829339499810836e-04
6.315512142982580325e-03
3.069173059144677043e-02
9.477043066526170956e-03
1.103433265332170315e-03
2.372189789806042337e-02
7.522285210439110664e-03
3.648035903797483895e-03
9.078357967244390925e-03
1.264433311123847742e-03
5.479142986851706035e-04
4.943369901748452533e-02
7.845193871687667882e-04
2.199815099721215590e-04
3.147952249508078129e-03
3.847745136348791487e-04
1.136854620280080240e-02
3.453392243972923902e-03
7.537003622434778650e-03
7.299792432384882498e-03
7.775368465543469609e-03
1.513527817766349530e-02
1.490318166623991539e-02
5.744229086788298771e-04
8.248428766036217455e-03
2.580716569354148723e-03
5.391806398455564406e-03
1.768879060475393034e-02
4.241035086460377690e-03
7.289425383688544896e-04
1.385572273016160913e-02
7.100938433938062781e-03
1.478601189682147120e-03
8.159737019101739527e-03
3.434850109091202447e-02
1.795789805798635175e-03
4.026876363003954566e-03
1.787421247774749478e-02
4.688234761360448102e-03
7.803779274180824149e-03
6.658894623985028849e-03
8.312357216465223603e-03
4.765514411098147702e-04
2.839041755358721192e-02
7.856985330715335683e-03
1.971338827902630042e-02
6.951380626178279426e-03
1.083750595314656156e-03
4.127059859564775890e-03
5.385752984866204159e-04
1.053210448243346690e-03
5.015835814199443715e-03
3.850693244539792146e-03
6.530280758958267179e-03
2.740274484095427815e-03
9.832936709549586207e-03
5.617579346764072466e-03
8.124346965271447797e-04
1.003099687361746649e-03
4.118113971986723382e-02
6.064525195825100357e-03
6.973925200876356090e-03
6.677011081539855654e-03
7.305431139189816174e-04
8.912122663080094490e-04
1.129785393521325239e-02
3.612719310109820114e-02
5.223882555505620674e-03
5.401922132444901374e-03
7.969220823747576177e-03
7.571464440866858183e-04
4.914523937987989866e-03
5.293215678802136882e-04
7.000557567991514199e-03
1.848655335049064277e-03
1.824935380408349711e-02
9.398681096466809243e-03
1.620275176615759141e-03
4.548575504780300906e-03
1.428464237672497604e-02
1.512692939722573137e-03
8.530068247121359859e-03
1.742755235469298052e-03
8.501554944335301504e-04
3.581838113999544996e-03
7.276680674711374225e-03
3.411161536541795075e-02
8.721571703968427833e-03
1.664405979672971617e-02
3.288825224870092160e-03
6.528357981139728747e-03
2.496584768517439573e-02
3.735526735002404290e-03
2.049255624187349550e-02
1.581128850944419750e-03
6.478925307081217187e-04
1.751491805577296479e-03
1.030826884367608449e-02
4.289584829462848165e-02
1.255251687832608515e-02
6.013134535171186287e-04
2.479975221386310213e-02
1.271985038847104135e-03
3.346996059372209058e-04
5.352857187842399549e-03
3.200943919481332584e-02
1.716552359004543636e-03
1.197381017528249825e-02
3.450371719848724286e-03
2.360206552481621325e-03
4.534707194845408705e-03
3.369348396454367907e-03
8.583278101259098070e-04
1.269529574618001935e-02
3.583189536410308178e-03
6.945942247879426275e-03
1.080992976835476634e-02
6.769595079476524446e-02
6.089659920562271594e-02
1.227575256896636623e-03
1.509759520285303136e-02
1.622754465913301553e-03
4.609384131021925738e-04
2.576644397665017738e-02
8.046528406545298134e-04
1.966564557109830302e-02
6.571252621697760629e-04
1.017220485581220996e-02
2.713403507095446011e-03
1.891474601501038841e-03
2.750254777461901001e-02
3.718817650352901436e-03
9.992419478719802295e-04
1.293016479028709885e-02
8.234339138550776996e-03
1.862843739788948641e-02
1.042161433744635476e-02
5.449719402977079227e-03
9.779078021567189083e-03
5.299803478166466991e-02
1.645717195403810507e-02
1.626550900779170266e-03
9.945376090259028246e-04
2.137841069969489971e-03
6.480219094651360270e-03
1.901243527830946342e-02
1.548921998344599676e-04
1.028743176184977390e-02
2.620748770673726052e-02
8.706762930316210014e-02
1.935289539220632141e-02
6.793554235029231579e-03
1.932965766133269703e-03
7.849960811718745615e-03
4.052727099843611569e-04
2.710044672716278163e-02
3.660768881461988478e-02
5.486815497062902391e-02
1.526403877194921913e-03
3.366366091373744485e-02
6.583499773006394606e-03
9.936358071315801524e-03
1.040132630284839547e-03
5.851094300586719404e-04
4.364489090856127351e-03
9.626374953308102639e-03
1.016084963232321940e-02
1.219847215975981489e-02
2.717688771925447612e-04
2.777150962129357886e-02
4.658485931050768136e-04
1.323948140741241196e-02
1.453201399615570988e-02
1.269910395110682155e-02
1.948287678733809369e-02
5.837611929213080107e-03
1.379201847347560211e-03
4.248079113827973180e-03
7.758184272172436824e-05
2.374991015113468544e-03
1.936790243765672964e-02
8.971556699710364624e-02
2.245552183294704032e-02
4.906494908423516058e-03
1.191909868712211391e-02
3.946443613624533997e-03
1.551492317427847697e-02
2.384981156671464597e-02
2.281437159078153476e-02
3.103896943577723333e-02
3.571154231780081234e-04
1.610224324375082380e-02
2.059952712536986322e-03
1.495053544094228706e-02
7.552545548245560847e-03
7.283342010581042927e-03
2.468351201801635003e-03
1.619425094698082393e-02
5.668394042829673178e-03
4.325323255568985087e-03
1.511928952285574237e-02
5.352993554538102404e-03
3.968770061760031054e-03
1.027943379168232835e-02
2.508646611728198705e-03
7.612851676515832409e-03
1.552279841430386897e-03
7.009441930098556268e-03
1.335577291197222877e-02
1.426852343360543278e-03
5.622285026342246396e-03
3.858436335995767911e-03
4.539683679010834971e-02
1.256424870348582870e-02
2.844719636858284925e-02
1.573769839245348079e-02
2.297566043456864861e-03
1.993983813786988357e-02
1.125813796132087499e-02
2.925599532743391670e-02
1.163947127899564796e-02
5.264465090826829508e-02
2.475986140792885148e-02
7.371700242103002704e-03
3.909559101143947335e-03
1.812218780796304857e-02
6.725093880786929415e-04
1.093497788850355396e-03
6.672051376708541988e-03
1.770930053534470680e-02
2.021263339415995883e-03
1.014477198691762089e-02
7.183330355852427310e-03
4.169149131315679283e-03
1.321185222639937457e-02
5.707634220379304707e-03
1.328798128730833764e-02
5.618202993139848750e-02
1.329819091744929892e-03
3.996190339663215248e-03
2.830767631687450270e-03
2.646521360974187810e-03
2.344155773075963858e-02
1.068177780945283283e-03
4.924527893587483246e-02
1.618200001575916328e-02
2.867570975708694930e-02
1.020937216843252268e-02
2.697093237166114672e-03
1.441140049321765898e-02
7.186746891071590579e-03
3.536575143453908610e-02
2.386224365080557956e-03
2.853428461909235728e-02
3.545835348512128664e-03
9.042708809634593739e-03
3.222792023458418732e-03
8.573003705647634989e-03
1.658880824263612302e-02
3.623677586264736038e-03
6.325215874093854940e-03
4.581191307895124409e-03
8.681002528666808410e-04
4.622376411123597061e-04
2.060641807509456386e-02
1.405968913714480094e-02
2.127361208446150020e-03
1.952992090098261413e-02
2.006480171162042941e-02
7.446476021422626657e-02
2.633039004937089145e-03
9.738106890408763927e-03
2.682171755862326843e-03
1.230777056844847145e-03
2.391370594833731184e-02
9.138238838221567593e-04
3.442597712794041864e-02
3.716035216829112302e-03
2.117647246752760171e-02
1.947043655924237532e-02
1.811424418011932380e-02
5.207822811408781716e-04
4.254726172545037627e-03
3.755440427429822953e-02
2.926012492794800596e-03
1.942449656543163974e-03
1.048269998234632218e-02
3.131812272367043293e-03
1.190849651906588681e-02
2.420192829889561068e-02
1.437447322027595419e-02
1.627861131971579389e-02
4.152325188288225402e-03
2.532786807460250117e-02
1.842057449188114031e-03
8.576765293696348574e-03
1.038640114058471398e-02
8.631149078752913331e-04
1.104698260781453688e-02
5.329260384265654960e-02
1.485662525994087615e-02
6.125732859711441325e-02
4.645329657327019329e-03
1.018829907467858759e-02
1.357489056340818213e-02
3.747474895384283414e-03
6.599699355599739428e-03
5.851517469605714214e-03
2.159991017827007226e-02
1.450714521953698315e-02
2.295536973214005322e-02
1.301118761623411627e-02
1.768914197265004928e-02
1.358275579294440823e-02
5.559915068213978212e-04
1.211726809976915349e-02
4.840492429220568868e-03
6.358342017304009254e-03
6.130058414251566071e-03
4.617917767032526932e-03
1.241074084654920917e-02
2.880183792866263665e-03
2.146371732216780653e-02
1.360036566435564656e-02
5.805686028954835931e-03
2.616732402515853720e-02
4.456761453249038184e-03
1.841098198643051007e-02
8.603794762508189947e-03
3.269472938776334277e-03
2.615779738867946361e-03
1.247214224065727739e-02
8.408598008270658231e-03
2.532060607597280688e-02
6.999861547201668976e-04
1.111891310150100835e-02
8.353889798550725304e-03
4.701141782549234441e-03
3.170113962702469229e-02
4.588478770945435964e-03
1.610639564692981432e-02
2.457043177500768324e-02
2.394902166421875728e-02
1.722944468671945561e-02
1.413799187592869495e-03
8.791828530109933176e-03
2.414031048353102241e-02
3.746193040060562598e-03
3.466260548727267271e-03
7.648163490809170573e-03
1.337121807258865105e-02
4.321779181404765760e-03
6.283583415185899686e-04
4.947083930832280735e-03
5.256503925158332799e-03
8.682505248631598033e-03
9.043590686732279338e-03
3.100520832547820887e-03
2.389459495837287922e-03
6.946320668335954907e-03
1.152836761285244010e-03
3.965191478873171527e-02
6.829737671715322041e-03
1.274164470249723562e-02
3.550554991427874729e-03
1.006136927263969610e-02
9.506959039726134431e-04
2.746796095173691804e-02
1.227227880415607177e-03
4.410988928517755453e-02
3.120233641079027398e-02
3.279746153087889637e-03
6.678375211513142354e-03
1.374637501396748680e-02
3.257146232712533618e-02
9.161375210510827594e-02
1.194398963159189718e-02
9.118404293032171537e-03
1.597765794802972344e-02
5.080732195597431611e-04
4.004168257703895339e-03
3.073384597839677254e-04
6.300005094849526685e-03
5.287534931167150315e-03
2.581465735013704216e-04
1.620206180596510739e-03
7.433905961564714338e-06
3.706035448184445170e-03
3.035294128750993387e-03
2.531699465369225202e-02
6.707127801090223898e-03
6.812371493426222849e-03
1.319779484044130390e-03
3.574332986636258314e-04
4.706568058985431506e-03
1.546709253604548404e-02
2.505130135753768413e-03
1.570376469212339185e-03
6.986944553340822955e-03
2.672678167465254717e-02
1.757950141299622487e-03
1.237435581758828534e-02
1.959625114327644135e-02
2.762348618700462364e-03
6.909883651148181725e-03
1.442356090550397582e-02
1.638417066281002560e-02
3.481942717644642693e-02
9.866455645089207416e-03
1.040149609418353563e-02
9.439981728275002870e-04
5.303501320996495405e-03
1.797060398813712240e-02
8.545841506191634383e-04
1.300274191642148552e-02
4.972404952024697504e-03
4.668164738129598063e-03
6.506462308981851572e-03
3.174988033812573517e-03
3.039105681509692057e-04
1.283125819418844300e-02
1.505970004394585962e-02
2.100781450830755195e-02
2.317116434561495436e-03
1.493247114777691495e-02
7.025263568590376512e-03
3.410016223146742492e-03
7.462758345860664652e-03
1.023995199494937350e-02
1.558107023350213671e-02
1.199258553380193153e-03
1.386536287020944530e-02
4.690892236368831084e-03
1.839782691939713388e-02
2.984405282583301247e-03
8.483475734673574450e-03
1.005569915147970853e-02
3.928624983014624046e-03
1.745516542789401354e-02
4.663389488777366920e-02
7.730666742467506500e-03
9.849849381525808273e-03
3.379887029214710334e-04
1.611089485816119549e-03
1.659721151294422242e-02
1.051606617722531528e-02
2.132145503886745917e-03
1.611233993548077253e-02
5.197319352373184174e-03
2.763760110690063540e-03
3.622444785505168560e-03
4.368725847801940149e-03
3.289638379784774053e-03
2.884949957128755526e-03
1.570453517275906957e-02
1.303949778350567412e-02
2.342866355098355974e-02
1.107477413742582670e-03
8.149755082967103520e-03
2.328343856051182711e-03
1.039148327397208804e-02
2.859863969008857171e-02
5.753963282356916453e-03
1.482353044324707242e-02
6.091151380148584864e-03
3.452083140371092068e-02
3.761378133921848554e-02
9.728949070257621526e-03
9.669397017439997077e-04
3.303871640421673049e-03
2.119699780420190340e-03
1.816824257556456240e-02
2.778321088844765141e-04
1.908479207488454621e-03
1.180887961305132107e-03
1.114717523551887269e-03
1.361595918319510184e-02
2.718379828337736878e-02
1.624639317490330845e-02
3.406387528447213375e-02
5.967672587651413896e-03
6.477925195310957340e-03
3.224922441123772351e-03
2.860723460163728214e-03
6.616537751151750635e-03
4.378876484279071134e-03
8.937310992296037399e-03
2.367153380260762427e-02
1.943933279076986639e-02
8.145230002589138804e-03
2.710307526633471548e-02
2.093698318805315567e-02
5.047129978128571219e-03
3.756238410370232438e-03
2.736231507391110457e-03
4.666942256786330359e-03
6.314437855754750917e-05
1.489279292858435716e-02
2.218154927935883300e-02
1.266438928788922794e-02
1.222973869690571758e-02
1.976535540763849248e-03
6.112980622351538856e-03
1.302789038900352935e-02
3.296532379893669928e-04
6.355465999607764864e-03
2.442742290662108448e-03
2.280942864651017490e-02
1.816769640048319229e-03
4.011795773230218687e-02
7.714481490639600592e-03
4.666141970297965624e-02
7.196430990478401742e-03
1.181682176608634879e-02
2.468708386767726800e-03
3.932610089668574227e-04
5.785802939909127571e-04
2.192841907140554575e-03
7.223216894547678305e-03
3.269603091992182714e-02
2.047169287759800088e-02
9.637439339114364442e-04
1.056488684407426784e-02
8.740317732485238314e-03
2.263857001187131318e-03
4.403437688416735052e-02
6.907145071033559194e-03
1.131610375146953340e-02
3.413269228274451450e-03
5.707994368090203371e-03
2.148930044387047100e-02
4.261564183766009678e-02
8.739965093510895788e-03
7.587306806167250402e-03
3.798843566841366912e-04
3.871479163424516867e-02
2.782227992193409428e-03
4.664878154782957191e-03
7.295660564634119227e-04
2.511620107544615746e-02
7.949718011842321977e-03
1.872872266327085811e-02
3.010946175278602852e-03
2.816228913039265855e-02
3.462088174434029691e-02
9.637861404330236997e-03
1.029091822266196311e-03
8.934773863407302272e-03
5.258814505329043043e-03
6.639584554531529660e-03
2.126260953578702154e-03
4.353626265266410597e-03
7.581910409120353779e-03
1.429707538276723221e-03
2.736244038086008828e-02
2.619286058480291279e-02
1.929576581844640731e-03
3.742455517144176180e-02
1.307914056407433537e-02
1.420356335861838910e-02
1.475730816380123626e-03
1.128847131337436249e-04
2.665058098871305250e-02
1.774577708138177015e-02
7.623556204550716725e-03
2.084974065703271498e-02
9.298843522858590838e-03
3.466763329231464796e-02
7.717512317217792338e-04
2.693765071062944032e-03
2.495568359238964189e-03
5.851289111716309610e-02
1.037096089381428152e-02
1.943588817280527195e-02
1.140400864325780139e-02
1.104111549526807720e-02
1.752083929600617429e-02
8.574456015657462571e-03
1.719696699116963004e-02
3.452881709035909396e-04
5.892151843070491009e-03
1.694655554356790279e-03
5.702315135889079838e-03
2.356433453825561297e-02
1.189738598404895681e-02
1.465806722694133757e-02
6.538978993882957683e-03
1.609068593777777251e-02
7.819884642001192696e-03
3.582020456140681819e-02
8.906414990447733895e-03
2.833755067028943114e-02
5.087737835581184268e-03
7.499952052672878913e-03
1.207878149508419263e-02
1.737423114004289608e-03
9.073308820077648565e-03
3.025066057293105022e-03
4.345657203867439589e-03
1.037274345404011477e-02
7.641264742217159303e-03
4.297813519136361657e-03
4.909556959643820821e-03
3.022211565501958450e-02
1.606871783573763984e-03
2.554117333222661115e-02
1.070527507205683640e-02
9.619138942317974686e-03
4.074345877210172606e-02
8.617038348957134497e-03
1.872113133120635597e-02
1.466342849499256695e-02
4.287882621591047189e-02
3.013935741868558477e-03
1.809317524132127847e-03
2.750116547723397559e-02
1.315811673592480989e-02
2.372190771228996353e-02
1.010548298638311998e-03
2.025211639773540420e-02
2.979282153446248180e-02
4.999708525517027047e-02
3.988521245730325057e-03
1.638297794799918605e-02
4.942304557958422315e-03
2.411345786867974926e-03
8.836939267235197765e-03
8.178030742929384006e-03
1.613544204960799117e-02
1.097390148733461135e-02
1.364863586463276046e-02
2.313746858831408973e-02
6.049385394787342579e-03
8.240668820267749162e-03
1.547705033030843426e-02
3.499991447814049944e-02
4.650200115974910398e-03
3.138005409474314399e-03
2.292720830584356675e-02
5.738428967112715710e-03
1.504334734523933050e-02
5.333896957382511239e-03
1.790970238159954667e-03
1.881007759210629121e-03
5.725142262488366884e-03
1.060052971893299563e-02
4.580499749902409989e-02
2.551976470734309763e-02
2.039881466981110711e-02
3.140684047640350529e-02
1.047381630216176820e-02
1.923602343035697715e-02
2.501102198247176500e-02
2.226008064976411210e-02
1.401173674067571900e-02
7.711646240187721227e-03
2.529288020628977455e-03
4.511446383524053347e-03
4.644984901554313067e-02
1.044973530651640246e-02
1.319074208029491491e-02
5.149119939154648759e-03
1.533401316918841378e-02
1.818432162344654768e-02
9.581337906743021479e-03
1.763440258990224899e-03
1.543038994774372820e-02
1.475092149074870920e-02
1.183626432205198142e-02
4.172258664024691005e-04
2.784156415305100163e-02
5.679840775504787359e-02
2.347859661325050334e-02
1.771046224609362438e-03
7.856810763325922098e-03
6.689377064278482533e-03
1.767389326969312155e-03
7.414467813692219612e-03
3.698803785739567668e-02
9.015154273818819231e-04
2.638765759535896885e-02
2.805908860192872500e-02
1.002562185097556624e-02
9.091416833879864198e-03
8.738152085582167120e-03
2.344264692000053857e-02
1.033265531129073413e-02
2.487026232429615652e-02
2.302027269872018722e-03
5.064745222323908252e-03
6.321912957441272463e-02
1.090304324295938640e-02
6.733929502373199073e-03
1.098332658821139611e-02
1.968269051998646282e-02
8.564480117877887322e-03
8.461582517196742509e-03
3.182569624683502518e-03
7.512433008350886607e-03
2.138770433484022890e-02
7.315618725854363021e-03
1.347175508460803561e-03
2.191123645891904920e-02
1.993534639076304307e-02
5.306209450611691289e-03
2.006966929296219795e-02
3.622395094981687574e-02
1.351050771630131660e-03
4.028017423831683347e-03
1.351178952360974558e-03
8.596032542477025085e-03
4.737555410852275009e-03
2.166308750413013795e-02
2.204428593883440979e-02
1.634597846900843338e-02
1.944965062985011192e-03
2.734738827250111307e-03
2.261710834582939672e-02
5.593014726708507925e-03
1.171056778867532108e-02
3.371188856191587903e-03
1.330741868831164521e-02
2.267268550475715419e-02
2.477581930805935334e-02
6.691075967756426532e-03
1.274023809542588342e-02
1.420424765174643084e-02
1.802784119046740852e-02
1.441357936361872469e-03
5.479903129507705285e-03
2.861165265134463145e-03
1.687290061281494086e-02
1.904047578079264350e-02
8.616870260724463285e-03
2.383366314512815748e-02
6.977825178451451532e-03
4.037223285109458985e-04
3.636918631389020329e-03
3.688944592733847672e-02
1.500264321070456965e-02
4.886033197848299939e-03
1.171363546028582510e-03
6.927089446909605666e-03
2.591942641747099069e-02
1.647225798187153603e-02
4.838702888351965881e-02
1.713760463529906755e-02
8.125130322943780597e-03
6.779225833818689276e-03
1.410028828908968697e-02
2.787909302848109311e-03
7.155911684499523945e-03
1.146465567041434971e-02
1.153887005276985935e-02
2.371435523871850276e-02
4.708394475086816536e-03
5.097662568737820928e-03
2.094156278479978109e-02
6.265783317602942673e-03
2.240117621676504522e-02
1.304259552705660727e-02
1.498680519261753365e-02
5.362065298696472998e-04
1.673503396053623027e-02
1.854163485813652840e-02
2.754686466258180616e-04
1.423562790249200544e-02
1.310204182000826792e-02
4.849018194625930901e-03
5.445563017366591291e-03
3.605524857112026721e-02
6.745719708218476766e-03
2.132507304129192469e-02
6.770551176918739728e-03
1.550632654350322546e-03
1.021265205346025794e-02
1.255667253807062934e-02
1.099586172207345919e-02
2.684380528764587076e-02
5.363731072250202403e-04
8.571905170163996932e-03
2.603006836892250014e-02
1.031573716722352513e-02
1.156228191887188200e-02
4.056794433153963070e-02
8.515790406096023640e-03
4.222917280967917325e-02
9.753139106577865536e-03
5.851496856144996345e-03
9.304112690483984024e-03
5.693829883266971793e-03
3.748919312778539042e-02
2.564737682285526607e-02
1.183894177172905432e-02
3.055785018353858896e-03
1.519492217955303870e-03
1.364587608532413093e-02
1.732275841495663216e-03
1.378257649035958404e-02
1.891848310089513929e-02
4.364970927997213063e-03
6.508740545765497737e-03
3.499018110225473287e-03
4.447432444584288949e-03
6.828902569761454572e-04
1.904451159188452931e-03
2.703876214089811006e-03
1.215252507078079178e-02
7.591007264533475296e-04
1.065709434456898336e-02
2.115781629436767203e-02
7.087494926090033391e-04
2.626727241895799106e-03
1.609612011253120506e-02
1.780858376599641149e-02
6.847928575585790923e-04
8.581804185318095413e-02
9.487925937364870971e-03
2.593173634704483768e-02
2.920775179921317015e-03
3.751863862826503200e-03
1.693078952321524014e-02
1.222932835611839630e-04
5.795821150304954726e-03
3.398233747073156012e-03
1.343525279176093629e-03
7.454405752543766771e-04
2.709499762257426645e-03
5.425856709698920026e-03
1.049095633787782041e-02
6.487925432854677738e-03
3.361823334887665410e-02
4.930107005532763029e-03
1.937458947439613501e-03
1.776503399546405532e-03
5.970531076271995072e-03
3.422090048259274642e-03
1.305727542632431626e-02
7.985700571019398522e-03
1.244289050052998884e-02
6.672018973901997288e-03
2.537452553095818908e-02
1.850430259035675679e-02
1.552844570890282543e-02
6.158919582421404186e-03
2.707244749831773031e-02
3.843671458411497543e-02
2.477724034048577051e-03
4.682639911652011766e-02
3.407024336196204373e-03
2.656042753946187204e-02
5.974132553247882022e-04
5.195513609904835314e-04
2.403096563733345820e-02
1.273947050400253862e-02
7.114343386063370911e-03
8.663329387953173921e-03
3.975883998331063152e-03
9.005525383241584636e-03
1.314703971454053016e-02
1.935902056037253766e-02
1.974570328259363412e-03
1.093193728356758009e-02
2.472347310722492267e-02
6.828200421522026900e-03
8.678805461273590011e-03
5.648700959121944615e-03
1.289293707741059197e-02
6.377291431827972895e-03
3.250026481100894843e-02
1.073327328257382435e-03
3.419707158214520173e-03
1.010271744298339366e-02
8.450008263307173806e-02
4.673625392334431264e-03
2.980720932845774135e-02
4.280183006826766834e-02
1.954292638291056997e-02
1.269071467346060550e-02
1.664039322178216540e-02
3.685160464241112044e-02
9.734541361742194560e-03
1.517452711764218955e-02
1.796680364510589920e-02
2.813413488090334060e-03
1.173488799516175796e-03
4.043340003046938871e-03
4.974163554405899856e-03
2.859947939737204556e-04
1.435174907882023898e-03
2.889368530224230638e-03
3.102731900761290101e-02
4.081041149244311016e-03
2.597570334762590999e-02
2.717166663623434009e-02
3.679739871825455158e-04
8.885241919674958036e-03
8.294991598891340856e-04
1.360728112418588785e-02
1.663119878264267618e-02
3.422684591062062631e-03
1.748299710075811031e-02
1.693435152018195333e-02
5.250248277974483603e-03
3.003092594794504189e-04
3.768133819246907018e-02
7.167364659461042051e-03
1.985952383536682825e-02
3.482633412712853038e-02
1.781346874180356546e-02
1.662816522336127770e-02
2.040610128488387978e-02
2.688680699108221550e-02
2.278906086069643760e-02
2.151243375693589338e-02
9.070030607053738633e-03
6.601755690558222534e-04
3.158773089107971138e-04
2.239495727404137299e-02
6.112963697878722596e-03
3.801093365394976175e-03
6.516866754589692445e-03
4.001924390118767713e-04
3.294377528044778458e-02
4.322358753054967445e-03
1.805171281147644261e-02
9.088372105233007148e-03
2.814997181625165934e-03
2.053801345550626198e-02
6.482953899441204308e-03
2.514917136881532345e-02
1.328621023314629015e-02
2.685513050332738461e-03
2.064396972611928782e-02
5.048937294872079748e-03
1.312503115373101457e-02
7.076372402984944070e-03
3.620407574908658666e-02
1.197070007688535304e-03
1.060211318389028823e-02
2.919133728042478532e-02
2.366735271604988172e-02
2.407741578573509983e-03
3.258515984780540470e-02
6.490692018851691204e-03
7.458742212917857800e-03
2.565516994429799941e-02
3.196838343384743319e-02
5.358130619937315903e-03
9.685046775331883004e-03
1.935836833499154919e-03
1.418016617276160983e-02
5.806127402668647894e-03
1.485147609103583052e-02
2.058659652830991532e-03
5.796976956604690118e-03
1.611486439138701959e-02
2.224456317489202639e-02
2.111143277607471953e-03
1.277490758977452290e-02
2.497336759616629667e-02
7.223324553909523868e-04
4.335255612248043594e-03
9.905361968981611642e-03
8.316762436400030808e-04
5.064007880055376720e-02
4.435450397272089861e-03
8.413441655644631270e-03
1.197550132185069231e-03
4.374463519429205860e-02
7.220864163354904705e-03
1.252707629466426505e-03
9.511043829540681213e-03
3.207634427409871564e-02
2.550720575470696166e-02
2.936874219475462192e-02
1.397083001716758338e-02
5.382090379325200555e-03
5.580176952444813876e-02
3.491312133631327419e-02
1.100965088269663036e-03
1.691199529070329388e-02
1.028205117080627229e-03
1.011036399391957580e-02
1.148095924985450232e-02
4.978065750950000368e-03
1.934342465102909013e-03
2.488311025872888896e-02
6.287494163815669605e-03
1.283322309089328199e-02
1.564182111090557659e-04
4.347585115206501621e-03
3.349429208376102085e-02
4.518136881147364128e-03
2.100199468164770655e-02
4.107531454764880470e-03
1.496211271018799312e-02
4.247403535158730120e-02
4.010424079533907518e-03
1.995642796610140428e-03
1.850515436189632129e-02
4.048570463960454724e-03
3.413539766730618388e-03
7.781746585211742756e-03
2.158289050159087688e-03
3.437612883543470638e-02
2.211835509817223350e-02
9.768324566925713076e-03
2.181736552217212154e-03
1.596459874024610658e-03
3.428835820194430645e-02
4.164559030033739354e-03
2.065639818505523445e-02
1.265243811486046685e-02
2.655328446120147970e-03
2.893993672407060673e-03
6.593663647805968198e-03
2.182374705465946890e-03
1.425986106161316810e-02
2.946221229488074113e-03
1.603849737714131002e-02
1.233880721496794994e-02
8.161152056364918451e-04
4.792663552346141873e-04
3.271413363523456574e-02
1.051193158129528141e-02
4.243586167842194889e-02
2.316758600692559247e-02
1.407897312732719897e-03
1.986893850162405745e-02
3.060466393028463041e-03
4.427751407664589321e-03
4.825387835887862825e-03
2.050188309506214418e-02
6.149416652724585750e-04
2.500828137090576817e-03
2.438392503953716595e-03
1.095478456337746140e-02
2.469435550198453497e-02
4.720854154716681546e-04
2.865701707645262278e-03
2.574707947000760833e-02
4.414515169456140892e-02
1.753541478910956505e-02
6.558556980667437121e-03
6.941035547481338823e-03
2.121468771696165354e-04
1.913969533820005994e-02
1.506449993956923000e-02
1.816693402747900088e-02
1.304592247287426204e-02
3.368143653983812075e-03
1.031416526725724078e-03
1.022643462200150365e-02
2.405044739132375375e-03
1.414585764547343291e-03
9.511220274530163277e-03
2.194490271910185669e-02
6.453945568383534503e-02
1.724985802571439575e-02
3.116327909387031289e-03
1.624574080807997256e-02
2.761646691838481188e-02
1.247369396185670550e-04
8.018856265382432597e-03
1.358391591341883906e-02
3.054709185967001417e-03
7.627165395636627612e-03
4.608299559635731582e-03
7.550900870406383400e-03
2.338855927293616993e-02
1.869737290430382223e-03
5.328377642262301095e-03
2.454190470957780257e-02
1.842736507448637651e-02
2.188502831153097544e-02
2.210531164654529895e-02
9.971053312639463484e-03
8.173180713206107395e-03
8.732609304587390583e-03
5.618476837489405802e-03
1.476152856571752436e-05
9.298582163599590153e-03
9.417870466017275177e-03
4.277835274744007724e-03
1.307087126489210084e-02
1.326224601276539822e-03
5.408711209635905931e-03
1.868437488364765517e-02
3.563298089021282866e-04
5.606723801681022523e-02
1.234850636057327478e-03
5.464541707056869493e-03
2.496886807728122132e-02
5.767418421619464886e-02
3.088123173747654021e-02
7.202450865757515155e-03
8.531334793734416527e-03
2.400503978307530831e-02
2.274918592489112018e-02
9.076841227768736586e-03
9.689707985344603314e-03
4.828879601828839699e-03
9.707119816931966683e-03
1.400283880121997414e-03
2.597781085420656014e-02
1.138591849924132197e-02
2.408097133558797023e-02
2.299909437765546016e-02
4.395467448540875573e-03
1.041174497622292944e-03
3.105468529103878883e-03
7.043062691700419271e-03
3.933482000711749534e-03
2.330834365146623385e-03
1.236301854456774846e-04
1.022458417164585909e-02
3.851689906329214090e-03
7.011341785108073099e-03
1.714020000190839138e-02
1.246229550950148784e-02
4.484432265439013653e-03
2.312158946250468874e-02
7.336939287297309861e-03
3.513140066662739230e-03
2.132780694997755272e-02
5.536601525764316134e-04
1.071025063306664180e-02
1.185363016716223282e-03
3.826443902840173834e-03
1.213654622167591179e-02
7.071217952877184576e-03
1.434086651002040684e-02
4.825225557745702748e-03
1.264711465632321202e-02
6.190766386985452688e-03
1.974026151113736360e-03
6.350684258971521848e-03
2.692816436405921603e-03
4.965712862863966293e-02
3.356281382038991956e-02
3.244303110948732328e-04
1.155702606431391853e-04
8.274911795882491233e-03
9.107649193981021130e-03
7.020078304806120356e-03
3.778867691301234996e-03
1.780507883957223791e-03
1.029460094149702715e-02
4.818204067734390555e-03
1.129928356094206561e-02
4.383772790566812724e-03
1.613547754158287800e-03
1.677010285202825898e-02
2.121710550575422322e-02
3.909569536310886217e-02
2.111420390455924674e-03
1.604669792680907606e-02
4.453251065357096122e-04
1.807871565112541962e-02
3.067255155592026744e-03
2.945886424376410739e-03
8.830835056869818303e-03
1.332504760500787498e-02
3.102751711379591465e-03
4.337960933132416902e-03
1.799254483124099885e-02
6.559680481338370228e-05
2.392021102445672856e-03
5.232557425635591536e-03
8.703839511955392683e-03
1.574864042205770254e-02
2.232834359596460108e-02
1.441589093209461048e-03
7.647224834545147606e-03
1.312028929073078692e-02
4.164829262890453430e-03
2.312019560832582424e-03
1.293469970106357874e-03
3.992024193566406226e-03
1.237999336808477333e-02
4.778260710875489869e-03
3.008604327929314051e-02
2.742921491864617773e-03
2.762596448544102443e-03
2.636160727673244469e-02
2.146258616415080284e-02
3.981019397629383810e-02
5.011248727619390352e-04
2.328611010567738920e-02
1.098307990836052284e-03
2.908814246869060455e-02
1.344491812937026985e-02
6.069402174293917623e-03
2.405015569303134947e-03
6.594722669990145739e-03
1.141737358219481512e-03
1.065053801861681054e-03
1.619432462569337511e-02
1.142103871489690003e-02
7.305238544708775837e-03
4.745841530932605815e-03
5.127119123182866112e-03
1.688697534626771440e-02
6.749689791345436785e-03
4.527295661586309798e-03
4.173421943318014055e-03
2.165725219060547074e-02
8.470880672519061350e-03
4.319080279372385783e-03
6.971320519486073550e-03
6.585209519943506506e-05
2.626169535828531097e-03
3.971901742156280779e-03
1.375478982252807333e-02
2.616161100923337923e-04
1.288187195337891361e-03
1.235386170639267596e-02
2.649065510615334663e-03
3.197423950879627746e-02
1.172601659199435601e-03
1.062488853286183352e-02
6.482325780176088383e-03
1.766043709655795713e-02
6.394611287973960348e-03
8.617518552638613050e-03
1.103999370523143890e-04
7.989084621224424795e-03
4.067506676046009351e-04
7.611185593369441602e-03
3.736221448474397883e-03
4.109226455628223196e-02
2.184096076481933935e-02
1.275234590051885566e-02
9.207331889853630907e-03
1.406338382368083929e-02
9.476126154599081447e-03
1.054079288650112967e-02
1.476272210183721123e-02
1.777293023562644819e-02
1.579716765392335381e-02
5.168064789540138121e-03
7.517957377307629176e-03
1.351869862120587927e-03
5.602118119406871224e-03
1.712289580521540039e-02
2.032673493035319981e-02
1.351523246135031067e-04
4.224540606612318255e-03
1.652905947786741103e-03
3.770652408399236075e-03
3.811749734565786363e-02
3.537734564287553160e-03
2.580487644839498003e-03
1.505282886627905790e-02
5.589990757275752065e-03
3.990427951966099215e-03
5.351016710828120429e-03
4.418354203481293652e-04
2.377773580175964255e-02
8.630881349612283537e-03
7.037447022178550289e-03
1.084299520969123597e-02
2.587308484007028175e-02
9.876354631999980510e-04
8.108111027652534220e-03
3.860473458638077199e-02
1.130562842030244895e-02
1.712585657382296664e-02
2.181152254171201538e-02
2.066268996986344100e-02
1.351769720331305949e-02
8.671365014628569512e-03
2.543674077938696404e-03
5.837092469410703338e-03
1.979232496916851890e-03
1.259888318653630546e-02
1.180402825780718645e-02
1.626281110927119827e-02
4.020452791370594803e-03
6.545512771346789251e-03
6.533332178907125427e-03
9.652934754589581959e-03
1.115699097126966050e-02
8.339205971939897197e-03
3.518856661987683314e-03
1.827625335940833567e-02
9.593592626393140227e-03
1.983174292906787241e-03
1.225790417107376976e-02
6.698165484070276766e-03
1.298524613118774360e-02
8.462868462625056229e-04
9.030502212925162892e-04
1.033127010614419417e-02
1.844891377990012446e-02
7.545546392071552505e-04
1.562730745127266507e-02
2.941521531584079599e-03
2.177139063564629065e-03
6.931978830101037659e-02
2.126178662052017124e-02
2.312446904242242141e-02
1.141792814549272631e-02
3.223780907140485867e-04
4.460621045250115838e-03
6.537586492925200402e-03
4.372601640615206980e-03
9.572314730387368811e-04
6.756368577906100154e-03
3.684104217995341508e-03
1.971364161271333716e-03
3.769310553302666813e-03
1.633621302781844767e-02
3.006511711859278894e-03
1.185771055415924327e-02
9.989394655520928736e-04
4.138085407152161492e-03
2.208744679719778364e-02
8.959953550397617775e-03
1.459680669660946579e-03
2.389563887742596378e-03
1.129519264930591363e-02
2.457892855349349398e-02
1.273102983265075178e-03
2.178598904116516022e-02
1.208283281309957026e-02
6.166999460114838683e-02
1.528973275418311949e-03
1.069111292826181205e-02
1.876837581866430595e-03
1.531073456354562195e-04
2.037213654704377389e-02
1.026418807847936411e-02
2.113610141592405650e-02
2.824743030404270900e-03
1.028498584312103779e-03
4.174033654835911794e-03
1.503201039238934167e-02
1.739643917619686578e-02
3.826095795096580432e-03
6.595403868517066108e-03
1.136529980491098740e-03
9.284600506129557160e-03
1.504999088054203606e-04
7.176924116236749716e-03
5.279751656002838918e-03
1.024739400326643568e-03
2.508165312147185404e-04
1.171359193188633435e-02
6.255707425508189035e-02
1.036492767031223922e-02
3.497092674283879422e-03
4.864540543772929125e-04
3.746700014613592398e-03
1.040788879998852043e-02
8.055096130044551821e-04
3.042964383352074129e-02
1.340777911362878508e-02
2.700841602788472962e-02
2.371275402955354793e-03
5.525209227005816598e-03
4.023755278013754766e-02
1.916857751527134557e-02
4.443263257076655350e-03
1.499090982800970612e-03
2.589778190246234263e-02
1.176018395966924425e-03
1.983238821349417313e-03
1.355264155605989326e-02
1.639336420273276168e-03
3.602582423808022710e-02
5.954194455843746757e-03
4.007859143849065720e-02
7.949614753144637613e-03
3.058635089263378459e-03
6.334517437934509415e-03
1.085395211846084014e-02
5.371768316049889674e-04
1.002357853765339403e-04
1.310296839827041968e-04
1.416287393032019358e-02
1.970087356356081676e-02
1.383814899319997169e-02
4.039508764474147862e-04
6.043318014949814604e-03
3.686363351128773419e-03
3.712851180852651256e-02
1.989509225050805664e-03
4.563484868266317815e-03
1.430015316296847500e-02
2.225461144275819522e-02
7.374214108704837262e-04
3.363104784303640486e-04
1.436818155389550655e-02
2.725170491197488609e-02
2.221073691127645189e-03
1.087347410089394527e-03
9.002762616716848687e-03
8.138919767744310502e-03
1.894343830711633578e-02
1.294759444656786405e-02
7.450768018126940027e-03
2.237280296259348822e-02
3.228074135347149681e-02
3.378032281211446053e-02
2.952977829612801926e-03
2.827559338653936379e-05
1.426296209893113121e-02
5.026635846895718268e-03
8.018447952484693275e-03
6.211316970008352867e-03
1.798678139332128036e-03
4.512235219714648242e-03
3.389688887597844258e-02
5.060372776704372307e-03
6.299683773600156522e-03
9.924040632191684710e-03
3.948654345751902162e-03
1.936671097771957423e-02
6.134422331536845338e-03
4.990471055207133799e-03
2.855486955304950124e-03
9.173291884157577097e-03
3.107270390870612003e-03
6.812351755396212939e-03
2.367137345458591481e-03
5.244854661342641944e-02
2.601145536070409436e-04
9.451310067155433217e-03
5.718747454892622421e-03
1.133369784783417114e-02
9.198756379439258432e-03
6.068620817971915292e-03
8.104630102808919184e-03
1.648772144140596072e-02
1.190403412396465709e-02
4.640457986625963482e-02
3.811671592023731236e-03
6.707117317700713247e-03
1.660842895296181509e-02
1.166890988442420649e-03
3.446358679459683022e-03
4.132626468149276644e-03
8.404318617689018889e-03
1.092221532674305523e-02
9.690739034110079642e-03
3.780484500959427341e-02
2.451868369563722089e-02
4.701071610997949526e-03
5.691519540650388093e-03
1.395471021990610933e-02
9.261016915480969197e-04
3.730344754259724144e-04
1.080290141819834071e-02
3.477189355697851703e-04
7.989438836865179333e-04
3.370493789412427194e-02
1.173956779671893758e-03
1.858533109752181361e-02
4.920679590626142463e-03
7.492605739914625501e-03
1.875407318141695395e-02
1.125329054673937339e-02
4.222942468477263595e-02
1.010180197961211071e-02
6.736250522705322652e-04
1.695581733679079120e-04
7.675529962909166844e-03
2.082940630835743503e-02
9.768836850813892789e-03
4.397475700686223100e-03
1.358856318487790434e-02
1.280988674675332794e-03
6.410834107680590810e-04
4.726268816883372192e-05
9.532396731557596023e-03
5.377064589300671604e-03
1.271634230576102614e-02
4.074885249261213371e-02
2.495250177246750856e-02
1.878425457391375009e-02
1.526075430159140253e-02
2.076245935685107694e-02
2.624436546986408034e-02
1.296402597881356027e-02
2.845524259446129828e-03
7.397255282297083429e-03
6.255054098106564882e-03
2.320117478629363239e-02
4.100532543030185537e-03
3.774640007997162594e-02
1.052271280668431661e-03
8.760795967703637749e-03
3.150200144076723344e-03
1.470339751867824271e-02
2.092465453335280029e-02
2.719930706278350652e-02
8.171371679659138187e-03
1.752562824118001489e-02
7.659209690868694007e-03
2.569819639900019353e-03
1.978535509359451508e-02
1.990357354545049806e-02
3.041611319935289687e-03
6.236153800505378486e-03
1.911642309366738245e-03
7.817450794667239224e-04
3.213712430590314612e-02
1.923062404511600987e-02
1.584752754355759491e-02
3.720382965428669503e-02
5.121103103344247336e-03
1.882319568270683294e-02
1.778417895310432581e-03
3.283639751307115134e-02
1.488225897756980526e-02
1.891064298405272653e-02
1.264261364162136934e-02
5.090865207569803333e-03
1.244430521636072373e-02
1.727039192467215781e-02
5.644435087933620185e-04
2.559348872598727828e-02
1.529957135183663067e-03
4.458619390389191930e-04
1.728404251506426847e-02
2.219854423775491706e-02
1.240458051035766424e-02
2.444522768145310568e-02
2.684912945209205065e-02
8.868095599176731986e-03
1.100396529378433463e-03
9.163906232788690542e-05
1.973186778268824423e-03
1.074081390720044160e-02
5.637979565284636368e-03
9.620739577140994397e-03
1.159406436960189538e-02
1.923212491476112423e-02
1.640645363863704048e-02
3.450886906190329950e-02
9.072219699544822533e-03
8.980321428911773596e-03
1.107388431820182685e-02
3.140589526177597901e-02
1.628884603879131310e-03
1.724398284904470925e-03
5.057295682714953861e-03
5.392297461586467028e-02
1.864986355125127990e-02
8.816300033674652481e-03
1.366274216103269615e-02
2.188251681080837646e-02
1.349432697658522681e-02
1.725661662192928825e-03
1.531023737908988967e-03
3.652991389032663686e-03
2.044612191380230926e-02
4.658135185183725352e-02
5.990643238036732175e-03
4.153261945009136674e-02
3.589488230298765181e-02
1.730474475702173734e-02
1.124190423912757586e-02
2.271221239729163954e-03
3.738397119724591426e-03
5.126456870479530192e-03
1.226139935010523221e-02
1.868029211449490079e-03
2.030768871747998597e-02
9.470377190366197073e-03
1.876922610404953978e-02
8.460842832301723737e-03
7.542114658101299954e-03
7.757038551281728554e-03
1.086086930417784480e-03
2.045882593142776124e-02
3.111727914168519599e-02
1.055989178925644152e-02
1.185300062444763491e-02
3.101738469228546707e-02
1.473621338935205902e-02
4.246473340132163495e-03
2.289809250162420581e-03
3.230516768786656848e-03
2.799671079905629439e-02
1.567587111224006541e-02
1.209328473899345946e-03
6.166132853622471703e-03
2.661996454446476090e-02
3.509042329908426683e-02
9.732163506364476663e-04
9.236882055380873577e-03
2.628613577414353267e-02
6.526757570442466919e-03
3.380122667252999542e-03
1.950827309293506895e-02
1.000384436186468884e-02
5.586204058161531143e-03
3.462783526208665710e-03
1.151300922609637192e-02
9.170757538362094355e-03
2.597541031459250221e-04
2.804057831984176768e-02
1.126096311545282322e-02
6.444751872090041106e-03
8.462342730893140583e-03
7.116551530338246882e-03
1.198730084165372696e-02
1.764686270510098728e-02
1.245953114715010225e-03
9.385979335340675390e-04
7.447142406034175377e-03
7.581988891239476759e-03
6.929692339104360360e-04
1.190312714266817534e-02
5.267809405447777815e-03
2.577833720641319049e-03
5.883784561701322149e-03
1.740729979609755181e-03
3.434103780974162926e-03
1.215299598771422962e-02
5.264923940030227789e-02
1.470825485045219004e-02
3.978793840275576810e-02
2.095985163890871916e-02
2.177426545585094478e-02
2.908716732116074354e-03
3.284650250125935658e-03
8.907934487593371226e-03
4.722664970492847225e-03
8.399266286303075715e-03
7.974373675710456216e-03
2.540686304746262586e-02
4.467329489016578017e-03
4.861478101317111625e-03
1.467650472120481109e-02
1.150285895251385894e-02
9.823854086123292445e-03
8.900147576124406174e-04
7.277266575020138392e-03
5.796803586784218115e-03
3.081790657094267503e-03
2.332906307537744445e-04
5.975337087062876709e-03
4.081943892687082444e-03
3.966315416617465991e-03
9.101557345473394386e-03
1.004834304405884636e-03
1.076517161616312793e-02
7.530148835373456570e-03
4.425130287257446338e-03
1.494461687239476144e-03
2.515517829180703713e-02
2.137264440125710707e-02
1.020644194705097769e-04
7.596114776337098418e-02
1.549555580185570970e-02
1.313694340267290012e-02
3.354090191182976244e-03
2.817231385190468833e-03
1.287188485239305902e-02
8.547603434807611762e-04
9.911550496506719293e-03
4.938410434926596322e-03
2.281401470507730261e-02
1.432663064799085187e-02
1.987974072399099727e-03
1.224959615492292667e-02
1.548801257465194994e-02
1.792732569259880560e-04
1.352377633618934150e-02
3.778896790055353075e-03
5.646103086146092402e-03
9.523937968405581100e-04
5.788808917440778183e-03
1.553763845359807695e-02
4.701131706985888122e-03
7.505077692812420903e-03
2.478185558328888701e-03
1.873485542219601591e-02
1.391434327197476131e-04
2.571290238303763388e-03
3.719371222153789684e-03
5.873828138409180159e-03
1.376302238941705045e-02
8.989136613135774792e-03
2.095689831251386359e-02
2.654316058995793981e-02
4.705064819507529666e-03
5.148849732738113721e-03
2.093499744575878438e-02
1.160364943275838355e-02
1.968467664430816749e-02
2.118421484106281297e-02
1.139694308934212016e-02
1.118625151560844085e-02
3.998799456409117548e-02
3.521271660418924532e-02
3.237892957728600446e-03
5.410991068226234102e-04
3.773026771689392579e-03
3.506619664337754655e-02
4.712500691735626787e-03
8.690673422075481658e-05
4.754300126408490812e-03
2.636013523271245329e-04
4.430774959532221211e-03
5.388640985815170911e-03
4.840508815326636377e-03
9.765119030800824620e-03
3.063515879750487031e-03
2.605002805403049300e-03
5.446778337629244217e-03
4.878031708909146349e-03
3.691093946061618260e-04
6.637984649325731623e-03
1.422357058042506180e-02
2.566210770117326526e-02
2.500221519797411751e-02
4.266533816001075868e-02
1.138345060572447734e-02
1.048362528776326796e-02
3.300033908791489418e-02
4.088579862321060215e-03
3.368926357731646774e-03
1.967405531695940596e-02
1.178792773456865603e-02
4.350797029652019726e-02
3.115570670403564058e-03
2.046375866804114874e-02
3.980152730850967241e-03
6.820350117303678253e-03
3.465617648983385091e-03
1.154559349877992691e-02
1.248497054937405468e-02
6.478901772926929509e-03
2.886797886349528469e-02
1.166087005998392434e-04
6.674008534594469758e-03
3.197616738725183802e-03
4.105016366734978717e-03
7.895213746480510969e-03
4.122519650386352250e-03
1.444754207486662534e-03
2.897081359354701513e-03
2.617719765139255028e-03
3.144140879165173300e-04
5.674536692432168017e-03
4.431276876501887008e-02
1.812550040065988299e-04
3.902632699631094007e-03
1.650195691632888942e-02
1.006201183215782100e-02
4.105396313910450456e-03
2.352190339280084766e-02
4.640815029506012608e-03
2.124388065688015068e-02
3.420218825174103569e-04
4.311840918686240740e-04
1.894244239081929737e-02
1.194663456003302628e-02
2.585752610564171633e-02
3.415308097374781388e-02
9.050204923513582292e-04
3.174732297830067801e-02
3.615465957323680396e-02
1.067442074777657027e-02
8.248589198977305734e-03
3.349555678665224606e-02
3.916473170804551235e-03
4.301249961577907621e-03
5.532879254237971917e-03
2.028773336371918201e-02
1.636630718931564050e-03
1.289496386231007638e-02
1.100067646999563879e-03
1.781800376052921058e-03
1.286006002255679626e-02
3.275561157294977575e-03
6.408832570962374325e-03
2.380141167545939823e-02
2.726798911888347714e-03
4.929424060698121834e-03
1.037743337759457207e-02
1.439974524250701993e-02
4.694998057449311507e-03
2.645982313580282682e-03
3.207440938712189781e-03
2.139033592751916901e-02
7.698147191655520249e-03
4.169123197047437668e-03
1.331538025957464122e-02
1.669397078263060857e-02
1.658690079897298664e-02
4.625001122950112009e-06
8.595237122197788709e-04
4.429629413573323189e-03
5.324179342420069794e-02
1.902516382854238519e-02
2.787708755855623603e-03
2.021043811874946236e-02
2.989039083879152514e-03
1.268379300342090989e-02
1.506958721819010721e-02
3.597786422455372113e-02
8.100101444029332576e-03
3.904124330608384555e-03
3.367300486213204574e-02
7.929801729234338056e-04
5.582626093545856212e-03
6.811151482441043375e-03
1.007473092000355300e-03
2.665629807306675592e-03
9.372710813644852257e-03
3.787194057091239525e-03
8.884807984444204748e-04
3.610056134773597172e-03
3.913312618599886980e-03
3.350696355694728241e-04
6.285114855881440872e-03
1.782114775420174518e-02
1.334877879121659783e-02
2.582408811852506328e-02
1.167435579100295148e-02
3.304589173034699207e-02
1.292367850216080694e-03
2.916836660853301677e-04
1.332708684265060221e-02
1.125155767803407911e-02
5.404985864369325765e-02
2.090322340312586458e-02
3.882662752419064819e-03
5.098915321961361435e-02
6.768398673149265618e-03
6.508280770298154223e-03
6.197583825132771569e-03
2.653712690744637615e-02
8.951929932072650795e-03
1.013433742738873225e-02
3.018671390852886716e-02
1.393008346888018056e-02
1.221021898720682508e-02
7.159142561060878596e-03
4.843685352458847182e-03
9.884821993454834255e-05
2.255341032448566693e-02
5.062161478805657366e-03
1.487787942756639906e-02
9.371323933096949513e-04
8.886408001825286604e-03
7.630530515526732366e-04
3.943283821019939739e-02
1.699812728056563499e-02
6.825931978167528238e-03
2.689022031827327519e-02
1.386838857504053271e-03
4.785065515817197440e-02
4.861586109289675606e-03
5.079285280563679283e-03
1.566988674876054408e-04
8.168207738705475507e-03
4.000797575815110557e-02
3.300447996484491553e-02
2.288061234080622161e-03
6.376807447866830389e-03
2.615435616043792089e-03
9.222035005474530506e-03
1.806278987877983633e-02
2.308080661192694547e-02
9.927390895034721163e-03
1.432884039498145620e-02
1.706459936530501167e-03
6.631275161016104806e-03
4.841110833336171801e-03
1.167138466627942392e-02
6.250109741119114215e-04
2.346582624633448966e-04
3.216383711371079146e-02
5.545340792343737661e-03
1.055851561851009132e-02
1.115626490027117612e-03
2.032258795931453019e-03
2.268701397658848262e-03
3.137328487272271482e-02
4.165196888145442089e-05
7.284404539594753827e-03
2.069843764897093957e-02
1.018094119559480662e-02
2.404254617047948267e-02
2.825886526388675379e-03
9.714737911467718340e-03
1.999807754710205762e-02
1.663125905515970213e-02
1.605225514475444246e-02
1.307708262445096345e-02
3.599835603925238825e-03
3.915119463310122797e-03
1.127842484627009957e-02
2.133458446360174052e-03
7.364212863537090981e-03
7.798796647591709624e-03
7.579256108405457715e-03
2.471502903809836421e-03
3.938302473447535812e-04
5.852323073134205710e-03
1.042548476027308803e-02
1.500112293741059054e-02
1.527344544447115440e-02
3.496442723008631910e-03
1.560175057253108954e-02
6.554204966137955335e-03
1.924516282157420072e-02
9.458222095027505466e-03
1.109875143033833833e-02
3.597968083262239984e-03
2.045336629382902074e-02
2.615876672516203802e-03
4.564904225228785112e-03
1.904178069946151422e-02
4.844650544008708565e-03
3.025342842300427978e-02
5.624053285846867395e-03
2.667800915921747420e-03
2.054172486714047827e-02
1.762663276867015502e-02
8.373921107621593377e-03
9.942342461287294667e-03
2.119035766180978053e-02
4.725986669195301332e-03
8.437690829043269225e-04
4.308141432675266849e-03
2.401781256831860001e-02
3.015111876555863490e-03
1.379387721446644587e-02
6.958360393741529204e-03
1.626821528161711758e-02
1.919240765102921131e-03
2.730622347465411215e-02
2.149112236781805518e-02
3.570005796349624838e-02
1.225318115901562199e-03
1.787081201716914439e-02
9.731484461181621201e-04
1.769636698732522662e-02
4.307646612697377253e-03
2.163776212657535919e-02
4.706590161306214992e-03
8.632806589244632067e-03
5.490768561483214127e-05
1.369119007496551362e-03
1.534223463735209618e-02
4.053186433963342980e-03
2.606326646055106069e-02
8.798226826691774201e-04
7.037980385392057781e-03
3.466192213766326746e-02
2.520328413466811981e-02
5.914835957449169658e-03
2.278621925860552233e-02
2.714898747706755502e-02
9.617815102797706807e-04
1.221715523211060889e-02
5.141540257178350663e-03
3.072791604964929257e-02
4.495418451160122439e-03
3.965816520840028596e-04
4.440404033726583384e-03
1.893160046347845682e-02
1.441605055027370130e-03
2.220536651710749640e-02
1.272127334470897660e-03
3.474621724178568894e-03
4.205563951606393347e-04
2.605299683796596932e-02
7.515474716234614438e-03
2.007480275806017289e-02
8.339531671727190218e-03
6.296168783400880181e-03
1.812668514922871274e-02
5.632685475222911492e-03
2.874651138214221954e-03
5.993749973676805454e-03
1.415627187192145670e-02
1.497146003075702780e-02
2.323476643676929826e-02
7.310594074819060789e-03
1.402858202088734518e-04
1.197253661923569981e-02
1.582742849031155280e-02
8.921551186158227509e-03
3.460155412142928641e-03
7.403271281369867840e-03
4.356355837847655094e-03
2.162272776514609710e-02
5.953771970656628054e-03
2.158637132502182893e-02
4.904177011356836494e-03
2.943196192695953298e-02
1.516703299283020563e-03
6.854754016231054056e-03
2.262248625340327821e-03
1.897317115020623335e-02
1.736250750597078535e-02
8.349221870964694883e-03
2.194041411609737313e-02
1.879320062155540386e-02
1.765882427199298721e-02
3.332338004409722554e-02
2.838226164927680484e-02
6.355835374010347649e-03
3.009550632202235426e-02
2.159023153708097831e-04
5.068358661364260470e-03
1.181982097081799021e-03
4.865706893052583297e-03
1.858021818900854744e-03
5.514448245306093760e-02
2.260118816797874325e-03
3.378195913428880780e-03
8.720787473103144144e-03
8.958821644328382808e-03
3.303927904502613339e-03
1.047885304322140020e-02
8.582961773632628508e-03
2.579056822909699814e-02
2.919887557548579357e-02
2.518719831330327313e-02
7.044165354591406386e-03
9.407207120845941656e-03
3.349413856391246502e-02
7.186190603527230214e-03
7.673880643325864045e-03
7.110747274569796314e-03
1.749917084076325902e-02
2.216736037875660301e-02
1.852158910271187522e-02
2.264039621562956642e-02
1.087703427398311815e-02
1.245480770899166055e-02
3.381928929604242906e-02
4.619085236454545385e-02
1.471812190353483920e-03
3.859320006465402630e-02
1.124656409673811981e-02
4.496562813774396782e-04
3.594516273868475498e-04
3.958724381571587965e-03
1.684992793529504693e-02
7.478194118600570151e-02
1.807205037670755327e-02
1.165396472515129594e-02
1.198810639965713909e-03
2.519429464569721347e-03
1.847794048973904618e-03
8.777839538972178474e-03
8.124866613119872266e-03
2.779949448315049976e-02
2.235386273392151249e-02
4.527513414795812652e-03
2.310633793613496405e-03
5.505964801027650804e-03
2.954079199534835609e-02
6.164475432454304127e-04
2.783748774986551447e-03
1.346234576279275487e-02
1.710314120460347184e-02
4.064804845024577208e-03
5.092889995927821732e-03
1.679073976847368643e-02
4.198499167581345136e-03
4.190376071378046699e-03
1.407642675475730305e-02
1.407188050001137621e-02
7.737255581271133831e-04
3.703012690861762213e-02
2.508497622345683825e-02
2.563735059246292046e-03
6.619605614326774107e-03
3.528792126023779646e-02
1.113287679424461614e-02
1.469171230950339600e-02
3.238193453103146470e-03
6.600701666416974173e-04
1.769463157470958781e-04
1.626141957649823722e-02
3.440055771097757717e-03
1.012655956935442844e-02
2.114915327597508346e-03
4.474663154302317009e-02
1.976388823082241009e-02
2.340228652726335408e-03
6.415728961195725326e-03
1.756503060493115262e-03
1.601431174431253851e-02
1.697187650801318740e-02
9.184775017296292060e-03
1.502397540677396191e-02
1.401579921981915833e-02
1.470869532657370464e-02
2.029771232686136510e-03
4.439094897854188593e-02
2.256100033763105191e-03
9.321555882768471635e-03
1.713494239198813836e-03
1.753772142428691380e-02
8.765917228028219377e-03
5.009176954267142295e-02
1.324781947125755997e-02
3.459512253132523280e-03
2.321731212879426035e-02
2.970649617621146099e-02
1.418076898849550405e-02
8.193850594779736665e-03
6.025581700963018872e-03
4.073468234136286216e-04
7.837949866979247379e-03
2.597842625435953581e-02
4.896163482829153646e-03
7.638774736120504914e-03
6.281634578484497633e-03
3.381162913437412570e-03
5.033645930961349463e-03
9.649178962077557820e-03
5.202133368385321657e-04
4.655260591807169716e-03
3.140749560108663935e-02
2.106441234041549898e-02
2.492380814366765632e-03
1.462631214262432623e-02
2.406164728348366560e-02
1.453763604253908819e-02
1.187607013271882797e-02
4.266907550240703340e-02
2.896952708168459151e-02
5.104947698328224544e-03
9.340986736609305577e-03
1.009332635014626930e-02
2.467554383446150974e-03
3.316768149824601830e-03
3.564607415780610047e-03
3.616248488854412755e-04
2.337226254699174485e-02
1.754869189752081282e-03
8.622803633642324439e-03
7.313438451354783640e-03
5.015800842725237629e-03
4.746931068773403012e-03
5.138713174898152866e-03
4.282153105034434276e-02
1.121488980243171008e-02
5.031310802795559839e-03
9.111972184659153720e-03
1.999664510459159272e-02
1.823943090046187265e-03
1.606366885112704354e-02
1.069974116281367446e-02
1.206009128138514630e-02
2.797619613315335124e-02
6.073354742555481939e-02
7.962252098904941053e-03
3.485156709335350544e-02
4.474740469254480379e-03
2.232376181412495247e-02
7.749332111344279768e-04
1.338402044711372793e-02
2.842106271943540749e-02
1.550613683070841374e-03
1.599596699832957908e-02
1.414420226384973875e-02
4.153584187315528635e-03
1.104827037760446745e-03
5.611665212793876326e-03
1.930410543411840291e-03
3.050228280377288714e-02
1.053895368150492041e-02
6.354875955329589154e-03
6.489286684905382768e-03
1.013222047061645113e-02
1.991766204133382356e-03
6.235799001456183901e-04
1.028897325914622518e-02
5.913440800626472080e-03
1.365884222288282074e-02
1.183411858030694597e-02
1.570874699048624423e-02
4.701550034765525831e-04
4.890629443255194858e-02
1.502419279997322266e-03
9.744918305526501651e-04
1.586207707007667583e-02
6.961363150077704010e-02
1.091652718355630089e-02
8.606105100678287934e-03
2.746565657355661948e-03
9.831270846560786342e-03
1.086517702001546905e-03
2.295803313896024531e-04
1.230754697764786451e-02
1.404810971971534594e-02
1.043236447208452681e-03
5.305134867553161666e-03
3.848104075632376858e-04
4.370023623208534047e-03
3.040204472775595058e-03
4.288253627624622963e-06
9.329662605869181932e-03
1.454490014396101275e-02
1.192559746466912395e-02
1.281081684020735773e-04
1.368580074887589676e-02
1.142245918709204784e-02
7.864969414545890103e-03
1.914606658749514606e-02
5.650486633795732613e-03
1.117786521271688441e-02
1.718598379156860423e-02
1.798153504827232352e-03
1.514296418471679923e-02
9.185614858741314448e-02
1.772133257794517025e-02
6.438878695858127506e-04
7.257107638519741041e-03
2.203340152331807050e-02
3.757571968656327199e-02
1.756046068130722240e-04
2.660165626682983644e-03
1.138470193342710005e-02
4.080769853366028599e-03
3.815206340957583153e-05
2.664416047992209172e-02
7.060660564073399821e-03
6.864441370150152488e-05
3.874725327998597337e-03
2.592377333925053283e-03
5.278728614435741762e-03
1.560827122104649833e-03
1.963981889820956214e-02
2.547407278490545005e-02
7.983824485423040782e-03
3.363178355517238566e-03
1.056997060157952029e-04
8.220650694402274750e-03
2.371418711407963925e-02
1.407078692903651618e-02
2.284043098250588752e-02
1.634900604985575767e-02
2.745042518355831490e-02
1.736492686647427008e-02
1.190048668869942913e-02
3.080536234487447206e-02
9.522992075612794760e-03
6.534217286212572889e-03
1.679615683494673634e-02
5.855258258417469185e-03
1.185507696951234799e-02
1.969605109251781894e-02
5.097069967125112712e-03
1.180492095895734062e-04
4.802772454012574355e-02
1.132056438571968013e-03
1.705876440157363949e-04
1.853809625966006819e-02
1.226554822487613099e-02
8.113861320048640358e-03
1.503039318038688898e-02
3.005715467963580509e-02
9.155955013816439655e-03
1.261711429986661984e-02
1.882984800342286241e-03
2.123377988310986772e-02
9.944151880250809775e-03
4.136017308857004721e-03
4.503479819226680753e-03
7.612218005371182254e-03
2.981184799616983308e-02
1.351702814762758068e-02
5.315641530071972716e-03
1.361004654201656422e-02
2.374392378364239067e-02
1.406371168527344694e-02
3.536837904601163041e-02
5.681910592632639229e-03
1.869593903389425368e-02
1.148316646010252851e-02
7.250124575330969649e-03
7.599592018422915603e-03
3.575212725658027946e-03
1.623603583811767878e-02
4.608153070592216349e-04
2.522764116967678855e-03
1.722405297583700159e-02
2.833849161776457945e-03
1.171917573450286312e-02
2.519383091817430434e-03
1.809743488828919125e-03
8.910389535069123887e-03
5.404024575661695723e-04
1.835468989973698326e-03
4.470493461512606639e-03
1.441374448988459213e-02
1.513431607646915575e-02
2.010388578470028581e-02
3.595579848713191529e-03
7.530766140451559607e-03
1.868967651461727469e-03
1.272315677223864391e-02
5.607900406134043447e-02
4.422356944775759913e-02
2.040155672854813626e-03
1.623417568565958813e-02
6.584802223671036396e-03
4.378597377871914012e-03
6.877135517239551903e-03
8.609892636402282935e-04
3.116640892893072362e-02
6.684530010246942343e-03
5.825016790523385168e-03
1.118092165882684542e-03
8.502346290137786228e-03
1.157850055296642290e-02
2.272661380665516508e-03
3.886621707405440908e-03
3.885137703618896966e-03
5.691171893019897690e-03
1.368059329048964927e-02
2.577728055013389294e-03
7.063684975057842388e-03
5.130853622731029393e-03
1.102032663603775414e-03
1.040664474288860095e-02
2.156525288208395799e-03
1.167758783011331805e-02
2.956321558727698084e-02
8.254969554098968119e-04
6.819521290327909546e-03
5.083444000237882961e-03
2.227814790766534121e-03
1.347119539769952093e-02
1.965121994845138442e-02
1.617335532382309371e-02
1.374057952266354889e-02
1.100129173626430111e-02
5.104255947532392208e-03
3.161155279305621294e-03
4.017270646497059423e-04
2.081091598245918273e-03
2.894752656935199384e-02
4.033303510689211424e-04
6.759194856397051851e-04
1.116628774118993278e-02
2.661091978848508649e-02
1.002207455052280677e-02
1.312275510596731982e-02
6.240546118542724709e-03
5.540191424695583905e-04
5.905326875804754912e-03
2.018105345405944717e-02
2.673569226347988562e-02
7.625153409431125254e-03
1.648618016735713641e-03
5.491445383993970482e-03
6.718859282310878003e-04
1.227389620257165678e-03
1.503161288283674964e-02
4.219243870563742747e-03
5.967764328617644783e-04
4.725829865485545178e-03
1.493691868658640620e-02
2.099553663054858511e-03
1.488525818704826073e-02
1.073529619537745561e-02
1.139443772506103930e-02
8.076650061737659578e-03
4.235587953357799681e-03
1.350311729698079177e-03
2.416212388398466214e-03
2.844939456928159693e-05
3.839001213364572410e-03
1.290403011593912672e-02
3.015947086390403237e-04
1.069285517405553845e-03
2.112892769179947755e-02
1.547632207214256561e-03
5.643754633738034231e-03
5.639727666368578134e-03
9.916831647541275024e-03
8.398751426269720349e-03
4.305668072801825674e-03
2.773954957804694588e-02
2.836751080828339364e-02
1.003094307763146079e-04
2.297843212247689844e-03
3.446417420088320263e-03
2.048734020903870620e-03
1.255833710466263548e-02
3.198420008366237299e-02
1.455873461425413393e-03
3.872663974750358007e-02
6.433995817586423555e-03
6.756483993971546323e-03
1.784920481324625292e-03
3.923037529690452836e-03
1.430297469211513905e-03
1.191963423769048722e-02
6.091394458916984250e-03
5.278574736547617108e-02
4.419064831717813002e-03
7.232579878120795960e-03
5.439634005585708594e-04
1.427867125786681617e-03
7.582671719401931285e-03
1.934981350528136579e-03
9.101401751901201306e-03
8.832859156861917749e-03
2.897484838555688079e-03
1.580941771243309438e-02
2.379645799923864238e-03
1.011866442161608176e-02
8.630863015142195560e-03
7.612020642861945692e-03
2.840804346675119760e-02
3.712752114431621536e-02
8.031911679781417873e-03
3.325346329299841419e-02
5.305802506688263483e-03
4.494674058977359173e-03
2.552087950010014511e-02
2.628767159975147275e-02
1.777545710846977368e-03
1.219379857674653990e-02
2.842922632017746282e-02
2.113080058648881578e-03
1.084345194368345131e-02
1.184716368600177011e-03
1.156939153225176528e-02
1.591979195627435742e-02
3.951643265889395913e-03
1.013691313086960144e-01
1.410756248420253975e-02
1.613561907909550480e-02
9.539181344354434600e-04
1.188156257414062569e-02
4.244824558735480965e-03
5.826135200931815972e-03
2.269778574142288646e-02
1.084562173126298913e-02
2.712568131111211134e-03
3.418015337249191016e-02
3.859128070669832697e-03
7.786164638218870046e-03
1.530630791170323191e-02
1.095387538415868930e-02
2.439038495789646807e-02
2.033726478377024388e-02
1.304399722588582382e-02
2.224767733241778817e-02
8.856157351281930545e-03
1.068116073990666229e-02
1.567578277897432176e-02
1.850767817714544378e-02
2.429804698646561428e-04
1.367477452251506312e-02
1.102866633575314698e-02
1.833700545134007986e-02
2.340587862231104446e-02
1.411299013389015478e-02
1.797930073725865358e-03
1.979802699660959675e-02
3.585881062002206632e-02
2.291762799068712553e-02
1.929173647695184984e-02
1.277835667505300074e-02
1.130599250114713156e-02
1.697063409864963887e-02
3.077924253608630561e-02
2.492680040608221542e-02
1.213948868286792576e-02
8.058588739147038923e-03
1.797460975689800077e-03
3.591152417570901006e-02
1.610381244595100736e-02
2.688049185560177981e-03
6.636887803212523571e-03
1.121150812045446955e-02
2.375482315368057998e-02
2.159055261410006837e-02
2.334986896410899335e-02
2.260000232862670322e-02
1.060184416160671501e-02
9.714591207663552871e-03
2.581318785216861131e-03
2.153899284815596199e-02
1.825839923902828482e-03
1.180046615759697617e-02
1.782326448948035047e-02
1.208958520772259251e-02
2.132249257845968832e-02
8.291149858962152536e-03
4.882051276696289244e-03
3.639496036202673548e-03
6.135887364922236464e-02
1.220374602411707955e-02
1.899536876840329791e-03
1.364343062083741079e-02
8.797162768904675904e-04
8.442806492010564851e-03
1.809019046632222988e-02
1.628830313862156612e-02
6.878735286560172697e-04
3.690225508073144423e-03
5.962507320724492674e-03
1.299385387318597457e-02
2.652971871987392510e-02
2.107490376689520779e-03
2.077390492601947219e-02
1.239569436899702268e-02
2.310136394601979351e-02
4.719328880440435553e-02
1.548043133278735953e-02
2.683379352664578069e-02
2.833979964167264790e-02
1.777860086075009130e-02
1.905906928575378662e-02
2.425464372991092618e-02
1.964233923332650913e-03
1.161624624793317767e-03
1.356275530264720516e-02
3.410935755606831366e-03
7.882912973948441593e-03
1.677333502075187971e-02
3.173467990849104716e-03
3.134452946934189726e-03
4.291615552471604415e-03
1.115496462169312912e-02
4.121703823893480023e-04
5.196872869639533078e-03
3.454875997235692942e-03
1.710754460645244265e-02
2.310933518919656288e-02
4.088543155058512943e-03
2.441556596214506259e-03
8.939625964931070465e-03
5.798543408584060435e-04
2.457821671325298440e-02
4.837850365756653226e-02
6.585820094339566583e-03
3.975372037640079181e-02
1.263507002956390686e-02
1.814508318739098056e-02
1.755697470306633381e-02
4.952006867055876865e-04
5.460996764871015735e-02
3.187296480375701596e-02
6.950565299584127166e-02
6.733893228171465573e-03
1.396444789979294290e-02
1.549755748023006093e-02
6.496927578236609199e-03
1.901122418462260558e-02
1.004647902692312050e-02
7.039683909308115488e-03
1.170882481141748491e-02
2.273144593540404879e-02
1.087341285095166747e-02
3.627631722034965756e-04
1.944107294426763305e-02
6.319008913016928644e-03
3.837294304095646442e-03
5.775401292280871700e-03
3.425086967005176730e-02
3.743382835630190697e-02
1.724408033737435952e-02
8.529195282430582876e-04
6.087889818698403316e-03
1.175179415706831309e-03
9.519182302339742816e-03
3.119802429339682201e-02
1.159654827369744311e-03
1.719367548780199179e-02
3.651788045006527580e-03
1.174086283183555651e-02
1.066053787859910090e-02
1.490042957668552548e-03
6.453575180270409994e-02
8.409841516176918413e-03
2.024975901361216607e-02
1.410822630498208448e-02
1.991136053893579477e-02
2.301399888951612821e-02
1.097990236767656773e-03
2.143995407357909139e-02
4.772425245501327878e-03
1.251739101988486036e-02
7.115430224298569147e-03
3.173061557453889237e-02
3.392687106096026195e-03
2.854666244541395614e-02
1.615292722729182867e-02
5.022981951607696869e-04
4.011251239562524731e-03
2.073348883555075142e-02
9.226034424253574256e-03
5.762990561974327963e-02
5.430370014391734668e-03
1.157644118847687281e-02
2.469925361491016880e-02
4.521561716185983244e-03
3.888609005097255853e-03
8.023350769227170776e-02
6.622961707099271622e-03
7.709948833435421693e-03
3.382544574070350633e-03
1.566466244846063255e-02
3.741264294468147136e-04
1.334288312984798115e-03
1.155361017235247492e-02
2.842390183690687855e-05
1.920195425849851451e-03
3.613183092461498807e-03
1.520804297771386274e-02
6.027591824429370804e-03
8.474598319864173196e-03
7.604762269860043666e-02
7.410662672840677423e-03
3.519275300287415253e-03
1.883612348759038796e-03
9.662642776923451721e-03
4.105138183922291822e-03
1.837342699400619506e-02
7.457366236901514026e-03
3.549067634733525656e-04
8.329514185975637336e-03
7.377098453912659531e-03
5.278993211334332900e-04
1.501230225666360524e-02
2.324395196399197533e-02
1.710746363430515338e-02
3.734430019882031306e-03
1.367823569361092603e-02
2.776994244680561046e-03
3.305682261457969229e-02
1.957751140786154632e-03
9.437765026827539191e-03
4.546008388764092786e-03
6.875235691944283495e-03
1.210998262724961860e-02
6.397464613887925144e-03
9.637948422140493049e-03
4.614117995973426173e-03
4.388296449650076802e-04
7.811445385741831032e-03
1.082831441738577559e-02
9.515589283059053272e-03
1.299759094035034777e-02
4.755118910778699526e-02
1.034938250955428143e-02
3.356016271143158133e-03
1.217681932086475509e-02
2.226987485940960798e-02
3.227256898110958394e-03
2.718819019136913331e-02
3.560294463516622959e-03
1.664743038837782595e-03
5.654431342240516870e-03
3.991500314253472676e-04
3.420002506896141492e-03
2.787702146567227514e-03
1.892022761960457725e-02
3.341617594505282007e-02
2.054278833210562705e-04
4.867168227656681889e-02
1.544392629922239704e-03
1.291914433050161612e-02
4.089271899682831932e-03
5.360829339126183847e-03
8.970228820394202454e-03
9.696170181244743655e-03
7.596560476649730567e-03
7.488729963845558446e-03
7.780021861131865279e-03
6.375588947969830847e-03
1.548042563592160956e-02
2.542379487580348485e-04
5.426947873469582795e-04
2.303435007156129713e-02
4.940946497711169901e-03
2.241523399172735270e-02
4.457060664425541163e-03
4.154724895253553846e-03
6.222191293676467005e-03
1.071863570888366771e-02
2.288651601282549412e-03
1.993131182109827981e-02
9.985771180348506151e-04
4.589799894159307669e-03
5.574812733635621173e-03
1.174383282994692981e-04
1.281202051359718597e-02
3.878224425297648655e-03
2.358109683854363921e-03
1.509511358907488290e-02
9.699648428107693343e-04
1.850892637955723133e-02
1.658214095414279211e-03
1.827780643569566071e-02
9.608298443412575246e-03
1.464592087945387755e-04
6.659363571593072961e-03
1.166331871917513719e-03
2.339201812837205484e-03
3.757265212486619096e-03
1.862178358783034976e-02
5.157536803530019323e-03
5.140183294267933189e-02
9.251408574681976513e-04
7.861828197824449055e-04
1.139510006186356811e-02
3.294286852374187294e-03
2.791001312180654143e-02
1.167618490357890185e-03
2.544797333380134641e-02
4.412602349461742374e-03
2.882934583790196931e-02
1.702109910956573283e-02
2.755682736088809620e-02
1.289129640136942902e-02
3.821422911859225814e-03
5.745888880788474484e-04
4.113420959386647827e-03
7.043909953531367688e-04
1.118204906102846820e-02
6.095956106873255502e-03
2.266084900240348393e-02
3.567714810101206644e-03
1.139805186336562137e-02
3.198242052010968201e-02
3.224118148796331629e-02
1.807629396544411723e-02
6.444854806927654764e-03
7.011513494578621580e-03
8.218741257387026516e-04
2.141977370263221979e-04
1.034620200740613005e-02
1.667784235172650037e-02
1.162502860583681033e-02
6.019125197011642586e-02
3.464536010284324005e-03
5.329966124120882193e-03
2.154290366471488249e-02
3.384383741818665012e-03
3.702881609575837951e-02
4.167334540145417078e-03
1.341481041925191194e-02
3.473649290592666777e-03
1.069567610638659516e-02
4.461607110332055370e-03
1.299253419204301346e-02
1.696934338128247219e-02
3.031399425049046466e-04
1.857951880640942594e-03
1.534267192774916872e-03
4.928698219236235523e-03
1.378905211817000112e-02
1.176042829532153271e-02
6.437825576047906742e-03
2.341215856380320180e-03
7.492099008032562790e-03
3.369767411733644302e-02
5.440960940386341260e-02
7.544759867898121267e-03
1.729634720934332751e-02
2.556401150405703329e-03
1.657492958684020357e-02
7.737036665373713679e-03
4.716793028617487227e-03
7.474560928979153036e-03
1.553897695653986936e-03
3.136135231975582111e-02
9.781803687701309466e-03
4.532888046659595133e-03
2.482927764696669926e-02
3.519086756313206769e-03
3.081085313123202440e-02
1.172412104796150987e-03
7.857024175514265227e-03
1.372824311953086546e-03
2.017459181955921776e-04
2.495428615668401733e-04
6.928695116233962899e-03
3.087130032951681397e-02
1.465352778980583224e-03
1.636849340770321626e-02
2.063473703456624592e-02
1.700484150494820969e-03
2.780492645802280782e-02
1.954012213448008684e-02
1.838041904345576183e-03
4.852688430288762162e-04
8.950093630438094201e-04
4.091292032594879419e-02
1.834209560996855753e-02
8.073135144617202275e-03
1.919450649260188296e-02
1.614692060285284961e-02
1.445249535661308204e-02
1.831354179922742298e-02
1.246407312364570912e-02
9.008065552014561661e-03
8.009827471508371155e-03
1.370534469425047086e-02
1.063215953539239922e-02
3.111773808137319186e-03
3.513033746563086479e-02
1.346267777290407336e-03
1.470341851315202369e-03
6.096749355637455514e-03
3.567837355192225723e-02
6.424272875252724432e-03
3.719220334357988857e-03
2.847010751327902316e-03
6.344694489460473569e-03
2.575588400540178638e-02
3.669721968677389090e-03
2.022848846753554086e-02
4.680735799418923870e-02
9.889140229956227060e-03
2.596828754634428540e-03
3.673477689834786161e-03
1.772345412392423852e-03
1.105224970843283723e-03
6.386703683429239935e-03
1.875000544084213811e-03
1.399762052182207048e-03
1.219535597073745543e-02
3.813086756023204710e-02
3.239156343778377273e-04
6.328997985387933845e-03
1.289274360040383594e-02
2.313494435791412299e-02
2.173277884878848515e-02
1.542001760540386186e-03
1.160363959941169976e-02
6.642546868097849722e-03
9.223670453834114172e-03
4.115117196622600920e-02
3.267091763098779657e-03
5.606597336892941985e-03
1.753674747102989401e-02
1.897841357847979485e-02
1.334471819271733188e-02
1.263979055043473743e-02
1.431142740540856592e-02
5.330582047351779991e-03
3.760092747298627094e-03
3.315117829621301582e-03
3.771950214908464938e-02
2.029304066079384156e-02
9.651223984873421105e-03
8.016059837279895448e-03
9.799128578759919161e-04
4.336350039336543671e-03
6.685553029450126694e-03
1.013139841101032279e-03
3.900258225719022663e-03
6.100045175541222303e-03
5.442787379962806156e-03
9.623343347678718629e-03
5.183055890278079336e-03
8.177515896770574250e-04
1.003673890916574087e-03
1.318922603969703740e-02
1.519074537176877404e-02
4.888090728834253683e-03
5.939765527510756926e-03
9.839029391947204731e-03
1.093108519681431148e-02
1.222868336532952765e-02
6.179673793283328026e-03
5.498709097856592683e-03
7.139456365420647488e-03
1.153769652146065597e-02
6.308950072843311045e-03
7.377438822639604057e-03
1.116053249719002605e-02
3.262274180354492528e-03
4.441520383983777950e-03
1.797032160872842621e-02
1.524150260662085477e-02
5.646580800629406177e-02
1.657111593482363948e-02
7.379088083246021848e-03
6.734023335242233718e-03
3.280358320358089160e-03
1.628996693800404674e-03
2.601174647181259472e-03
4.657056085772192863e-03
4.832559203980418654e-03
3.375717530955275186e-02
1.322606335603603543e-02
2.910846111322612940e-03
9.926120082977977002e-04
6.908782332328351067e-03
1.977785572937070316e-02
1.944736577498456381e-02
4.882835160614727547e-03
3.584033637854987936e-03
3.003320854536708617e-03
1.198125380772015018e-02
4.066422039902493901e-02
4.487135595945674488e-03
1.619744132524827268e-02
3.332840365746548607e-04
4.681759817085975883e-04
1.230932605147899142e-03
4.733728271848756594e-03
2.579768513574229663e-02
2.152967438715236784e-02
1.807477779283002406e-02
1.928365313652237109e-02
1.723112531545886034e-03
1.961557002738591876e-02
4.282870509288565219e-02
2.445813255142637727e-03
3.671065528521103016e-04
3.981400758880607182e-03
8.234036954839803061e-04
1.064485901798048820e-02
3.174907233038074331e-03
2.461969641704969160e-03
5.736932300266906620e-02
2.944475378835175253e-03
1.781098702025890601e-02
1.311414223440707238e-04
2.586789925779503507e-02
9.404998826541471901e-03
1.242839564667896565e-02
8.449675579481112642e-03
1.387023412452343535e-02
1.471423762342377421e-02
2.091610678386163213e-02
4.328401970693149248e-02
5.457783603507939708e-03
1.320194931532393812e-02
6.632813532314173199e-03
1.142318044065600106e-02
3.672434746949861800e-04
5.200918351746608090e-03
1.729009316109699629e-02
3.623314725888986815e-02
1.956324990554523385e-02
2.019849818655906903e-02
1.049807132537795493e-02
1.742470642679506271e-02
1.954885139852627005e-02
4.506791591535952435e-02
1.510305242321753963e-02
8.710013300091795987e-03
1.467217390026979290e-03
6.884626759298458770e-03
1.190905140150225541e-02
1.794676611424351944e-03
2.199283570537770294e-02
1.069241151259434780e-02
1.887255681027077275e-02
4.754004298872266387e-03
4.086976232816468338e-03
5.326632070008798653e-03
5.252594573542421208e-03
9.963979328393220147e-03
9.906920220903078431e-03
3.237647195562409763e-03
2.399463822896001630e-02
3.622722280577722609e-02
1.349670551676168846e-02
1.061269842171496877e-02
7.290599757786268668e-03
1.720276026081991178e-02
1.276491685035987395e-03
2.169258170858599268e-03
1.972667398187945981e-02
2.359719741310782257e-02
4.297883468975722404e-02
2.825928735333181965e-02
1.853872552523119169e-03
1.589247004141799285e-02
1.375077583307889734e-02
8.416343494328012292e-03
3.230327264692241934e-03
8.099473626668868970e-03
4.397889565996342121e-03
1.602265491403716269e-02
4.992011012233697753e-03
9.196251466669497221e-03
4.730523785725467001e-02
7.333713628562575637e-03
1.056965562180150683e-02
1.492806337781221564e-02
1.470711039316544705e-02
3.284543546599029071e-03
3.341534931174569914e-03
5.695489414441420178e-03
7.342131725473453885e-03
1.220251469009413052e-02
2.157056326637762228e-02
2.389443180722435056e-02
1.967264947152386895e-02
5.472119533566499258e-03
3.084058134861958171e-03
9.159083928257665333e-03
1.187403108404681829e-02
3.380496198071441822e-03
3.657622102155204391e-02
1.213699200939730334e-02
1.471374682167930596e-02
2.091651200574766445e-02
2.661536402730005097e-03
1.631941647148927796e-02
1.193944036048526051e-02
4.251157160810757271e-03
7.419727047728463636e-03
2.586184742399217241e-03
5.162278401859635157e-04
1.676882913383817564e-02
5.650367635708452782e-03
2.073741832921895123e-02
2.048982517615549614e-02
1.695842782420481365e-02
3.104265033411253948e-03
1.162410601692113674e-02
2.680574052128874632e-02
2.483194453587392672e-03
7.073720598466870166e-03
5.508301776746245618e-03
1.115411489688904190e-02
9.017590407308456735e-03
1.796280497527066172e-02
1.318389945772331130e-02
2.868795632547497393e-02
6.573546992740289703e-03
8.729637112841952089e-04
1.687233054502351032e-02
8.990796584529597152e-03
3.797740515090047841e-05
1.635662155205501456e-02
1.401503836852126782e-02
6.743486770105465433e-03
6.210747322169989440e-03
5.276515543693096472e-03
4.248342357924687722e-03
7.908944619165664269e-03
2.285594404087125039e-03
6.380492164979333775e-03
1.173775217340123668e-02
4.391358532221217338e-03
7.998917411935362043e-03
1.067736953112113744e-02
1.100933869660149222e-02
1.863784433638518423e-02
3.948034928123149087e-03
8.413872015883373801e-03
3.464878445328703829e-03
2.403475525210057792e-02
1.488634353287441453e-02
4.375639514682738013e-03
5.524395265985213542e-04
1.469923576011319261e-02
4.709895988720571094e-03
1.066966346736744273e-02
3.582193343607477376e-02
1.368077541343040021e-02
9.615802528296583246e-04
4.307630642410645305e-03
4.658846932647382061e-02
2.030476425747470941e-03
1.224392225107537487e-02
4.092999846218279419e-03
2.456796077524269796e-03
1.221853919263311827e-02
9.805901126948290969e-04
1.218256675352293733e-02
5.080173323758881143e-03
6.400189197982435706e-03
8.392651509906538104e-03
9.297532068611318729e-03
1.366565327286123691e-02
6.957980885703672624e-04
3.910320005983437819e-04
9.586282888708046179e-03
6.065291809698843128e-03
2.311375239649896343e-02
4.214214637976729586e-04
1.245882880488933522e-03
4.248147708449549753e-03
5.815401798683704666e-03
2.898916316472369137e-02
8.082039163520043923e-03
5.598944953182972452e-04
2.978024710150212195e-02
1.331257390853848172e-02
3.468891150169901155e-02
3.010987283916917445e-02
6.646732486145124838e-03
5.168349204159139280e-03
1.260235718115607518e-03
3.036126521997757968e-02
6.676848695538891224e-03
1.489340720299122886e-02
1.544982902145771407e-02
6.294918540722939555e-03
9.939907742454994616e-03
9.149946311954263584e-03
2.238855127543555243e-02
1.697909689161138796e-03
5.566633288157587720e-03
8.185475024835690144e-03
1.496400661953485069e-02
1.557548870674243385e-03
7.588613203540610710e-03
5.262878783602043843e-03
3.546728343269700545e-02
2.353924522840693777e-03
9.918386013407510735e-03
1.056366747826033292e-02
1.532543819627746676e-02
2.540140089092842238e-03
1.745978421666687791e-02
7.905916186301056858e-03
4.822577545587623457e-03
1.766334341297054814e-02
1.708943964250780531e-02
3.697572371248243617e-03
4.849932550854783170e-02
4.589245619024120634e-03
6.663062136370895457e-03
9.308761678980835563e-03
3.655455143013765923e-03
3.052179281236620800e-02
6.517101183311656623e-03
2.346956817492439756e-02
5.329202178142591721e-03
1.477159990019723604e-02
1.182995288841542057e-02
1.764112554182091855e-02
1.646117388395848535e-02
3.060238492357158797e-03
1.169711358803473406e-02
1.064907835134571747e-02
9.724406324276204522e-03
2.379575939540924320e-03
2.534713282578967414e-02
4.626392297316150003e-03
1.890626140012808057e-02
5.926196479814135366e-03
1.909263965674885821e-02
2.428600734318778903e-03
1.717236429650622481e-02
9.817207551545931860e-03
1.334697762608140145e-02
2.675989922718841757e-02
5.926030012584439233e-03
1.067896203958536294e-02
1.860342335109764489e-02
1.155171302293957203e-03
1.677485851421215562e-02
3.875382569936516516e-03
1.369691571587266371e-02
5.050284889429682185e-03
4.215954157752142134e-03
2.059810551477902693e-02
3.367209664265371355e-03
1.913168752408388185e-02
2.458752489827342042e-02
2.523357701438064954e-02
1.438161961822515596e-03
1.028250300843766736e-02
2.285211395879275208e-03
3.303781369613770138e-03
7.450616819289723920e-03
1.663663337584968954e-02
4.156940015573489140e-03
4.561115847272435506e-03
1.169711886556033635e-02
9.549863295703918398e-03
1.752404273024841044e-02
6.381296669434060763e-04
1.660707230469487400e-02
5.840567982632206140e-03
1.142967395819996512e-04
5.094117216267892052e-03
4.787671047692162139e-03
4.888511868219936468e-02
9.325284676620314989e-03
6.754957433406059975e-04
6.348233640655093213e-03
2.952661392954295926e-03
4.952743894514632407e-03
1.669191888368305732e-02
1.596008504135165706e-02
1.229842881943092429e-02
4.660099594411010876e-04
1.900117678736781834e-04
2.452193122611836390e-02
1.721914071326101445e-03
6.430007503765953168e-03
2.518264271060145082e-02
1.666611585447637725e-02
5.337099418455145197e-03
4.470093712804143471e-03
4.498750010900473377e-03
1.800554747519126503e-02
1.854390913454695422e-02
5.197518996892098314e-03
2.772356625988075737e-03
3.348510461909529057e-02
8.648975008479381846e-03
4.295825386861922349e-03
7.744811375993476688e-03
1.187493650184065844e-03
1.906825405877022759e-03
2.855421644351626006e-04
9.381041785019839617e-04
1.421667254959799696e-02
1.747692839252813768e-02
3.237716959348214442e-03
1.633337405087335534e-02
2.230883708225123163e-02
1.736564323578441288e-03
1.023236577322478302e-03
2.183773863188817610e-02
2.026299732182948801e-02
2.624084702394801835e-02
1.035516412618541111e-02
6.846470446161980958e-03
1.777299164192671505e-02
6.870539318236047049e-03
8.800238756434517612e-03
4.144325099120947653e-02
3.659596556843028314e-02
1.010465462273175442e-02
1.001942744268013649e-02
3.525044721882589910e-04
1.005129070685378476e-02
1.582776814712115454e-02
2.945558196723371130e-04
1.811181806646853729e-03
2.105537072627852724e-04
1.540794046932256189e-02
2.663402450824492798e-03
1.132009151479807657e-02
2.769194611846406001e-02
7.176426170212635292e-03
3.063429404943682644e-03
3.360533714419494666e-04
1.891729086011024671e-02
1.256568238361688294e-02
2.544028006722897674e-03
1.290749464212625000e-02
1.590015137200172192e-03
5.271291323269134549e-03
4.866902717071112765e-03
9.642530126432926479e-04
1.005452306565951699e-02
6.680159016348318282e-03
3.801640938226261840e-02
5.724114047649790996e-03
2.127373648419634417e-02
5.801680622776053849e-03
1.785724654911760578e-02
3.178776873557265931e-02
3.357402293948866245e-02
2.501517471613540211e-02
5.648839366862470207e-03
1.170500843445223052e-03
8.865550610464498216e-04
2.028163911935768580e-03
3.733512421032928602e-03
1.247906557903230920e-02
5.851660745964492281e-03
1.727588076556963587e-02
1.844369704890676948e-02
2.045876678479449998e-02
3.588513483094174505e-02
9.793309580420021115e-03
3.209417776507844568e-03
1.617144470253573454e-02
7.801939539764738037e-03
2.548020477560964097e-03
4.280148883631037376e-03
2.627226079901717748e-02
1.230692688607386287e-02
7.362981999423897153e-03
4.079225535142345926e-03
1.362572230849074320e-02
9.134817062683951716e-03
7.288637037359884871e-05
4.756876128846765361e-02
1.787176047982780985e-02
2.958895785706214254e-02
4.641692076602780756e-03
2.346831632837330373e-02
1.824897688368710968e-02
1.382261713600757211e-02
2.098953235858284569e-02
5.984387124314161262e-03
1.800661135522051842e-02
1.678807579945648665e-02
1.522880592189528644e-04
4.042573346512198101e-04
3.128872966385536775e-02
3.384889791435991696e-03
2.871258954517846851e-02
3.134783963393428241e-02
1.300043261232520543e-02
2.015410838162714352e-02
2.623801813737784705e-02
1.543608499831745917e-02
2.259639453710535206e-02
1.230956991060928700e-03
9.762555238193842272e-04
3.707495555044935248e-03
1.324944287780272477e-02
2.154973556475494288e-03
6.242250669186179962e-03
9.956438810113607887e-03
6.183685021260161563e-03
9.024278511155326560e-03
4.974948405199676633e-03
1.932574716016573907e-02
4.776222971244473148e-02
1.349811639839639671e-02
9.487191770599749663e-04
4.429854874635387983e-03
8.429700422794426246e-03
2.506229184558124087e-02
1.354740484086369018e-02
1.556675467158183217e-02
7.055420804104146730e-03
2.637147356677278093e-02
4.639830469779816779e-04
7.349013554372349835e-03
2.531969972503628902e-02
1.449183565374706321e-02
1.622975175138371973e-02
4.520715523841825623e-03
8.810409897273118601e-03
3.892354218740302560e-03
6.495647097768310167e-03
2.415228802137933672e-02
1.439352091212118059e-02
3.847740398540532708e-04
5.068705651046983424e-03
1.097625590906355954e-02
2.508587575975042977e-02
1.346715710903931794e-02
1.953293199001305061e-03
2.528179562526010338e-03
1.589983793191633576e-02
1.540710627356061888e-02
9.887673147044889754e-03
3.529254047517588200e-02
2.313514389970007523e-02
1.646860110135238767e-02
4.291226592280605184e-03
4.734098268301239684e-03
1.093544726157916723e-02
1.743090490337762671e-02
2.329081997357199812e-02
9.207594459981047544e-03
7.255977392939693196e-03
6.801365376536245080e-03
1.024872904482099917e-02
1.789837117393753424e-02
1.455314584494179012e-02
3.990247167534296049e-04
1.379066821956805196e-02
5.440473419136865330e-03
7.574920108908027305e-03
9.272560723480788303e-03
7.445992863710278881e-03
2.081809693475230802e-02
1.154294537373606877e-02
1.956019789786833316e-02
3.905589250885437534e-03
1.353494183915990821e-02
1.176491549372547449e-02
2.126572899877550438e-02
6.827694582632933690e-03
2.434344891217249916e-03
8.238168678002512346e-03
4.550919671138382340e-03
1.802726917469286289e-02
2.380495472163321816e-02
1.015694270386547152e-02
8.694879235091776751e-03
7.752131174827257484e-03
5.968730622119957328e-03
6.093434949229766841e-03
1.982313984623574818e-03
2.134985985601849448e-02
2.991030310418382049e-02
1.011194807281179907e-02
7.067209266838930803e-03
4.107616500813178820e-03
1.560789141709771448e-02
1.578917207361397144e-03
5.500817522590260855e-03
2.032846265240211003e-02
3.926255558482239644e-03
3.452735286224188627e-03
1.655145007047037443e-03
1.167341723316006608e-04
1.668959467529453761e-02
2.045681635089075662e-03
5.547336256866557819e-02
7.066588132283879546e-03
1.263127429695447973e-02
1.931860562125897046e-02
7.353381493855256149e-03
1.589981835724195436e-02
1.235727004220577713e-05
7.707560067371404047e-03
1.857384513265572523e-05
5.744255701046680970e-03
1.116035691979839345e-02
7.543613062026027771e-03
8.140078708098654608e-03
1.743970630027226812e-02
5.090632987228350601e-03
2.999960960265870159e-03
5.168348604094411339e-03
9.056828810317798378e-03
5.981031422502020717e-04
2.703929516527977389e-05
2.909466971499921617e-03
1.605599604950005760e-03
1.957495155310179716e-02
1.033541214496076430e-02
4.179404110044085668e-04
8.746140430753472292e-03
3.793472230373406973e-03
2.641755233652361753e-03
2.590362366544066066e-04
2.116276666339483858e-04
9.481529422722241585e-03
6.873917768749876478e-03
6.584393419870389341e-02
1.007176403903389979e-02
1.248074367791881904e-02
9.962296986873113436e-03
5.238380042109907521e-03
3.619665453534064159e-02
3.303476448294601162e-03
1.016397975613550150e-02
3.095593782515268077e-03
8.484874012951019485e-04
1.016196786140941347e-02
1.626784019769300302e-02
1.344164603109979442e-02
1.047095918445586048e-02
1.728239971250177323e-02
6.806424381306725932e-03
8.957294358518066990e-03
4.208752677260876353e-03
1.848536817207670907e-04
3.990050076534258292e-03
5.992254028206961750e-03
9.606419669156800872e-03
1.336102309737045857e-02
2.317050976090276326e-02
6.471009362760318101e-04
5.405638776339312217e-04
2.920814414777377251e-03
2.170757425924849104e-02
9.429637944110468017e-03
5.172258208062042312e-03
1.050701122068752914e-02
7.161187137589576299e-03
2.186168201435415709e-02
1.292592036479152384e-02
8.532047014551274317e-03
2.175327977155036563e-02
2.817217180929780605e-03
1.045773509475982944e-02
1.725502935563060468e-03
3.543129862181948475e-02
5.240237044635279000e-03
9.152476617267669154e-04
9.779341641734681442e-03
1.211923347842522140e-02
3.383298796242866641e-02
4.973713727610420965e-03
2.533585266224386984e-02
1.317892858185692843e-02
5.006250853684487967e-03
1.196735138245371734e-03
5.845253978539862762e-03
2.165646141636463212e-03
1.559658718848340279e-02
1.041074244131295033e-02
1.088897296449655577e-02
1.211884642075890944e-02
7.595489114642578823e-03
6.707954622487475975e-04
7.734492507320443397e-03
2.054900699969047090e-02
1.157136784882414719e-02
1.538522995481228159e-02
1.500542449991344035e-02
7.529250968158787000e-03
6.268883260213925328e-03
1.147446266849919821e-02
3.208351398341458688e-02
5.548602481055401811e-03
9.838367096327653959e-04
1.217447911028535050e-02
3.116189724261086546e-05
4.648297275042691246e-02
7.216065429026737553e-03
4.640127799491477328e-03
6.953707238999773041e-03
6.937618641547734638e-03
7.107900906023839616e-03
4.001577965897789788e-03
3.919939876952330260e-02
1.181672693050160074e-02
5.882489806976324599e-03
4.357429162894254845e-03
3.021047068537634998e-03
2.536274971923350649e-03
1.236273307151395870e-02
2.975108563869139494e-03
6.733820707878380649e-03
6.935113299240272013e-03
3.428963547776824744e-02
1.334917108185277104e-02
7.369204765712518423e-03
1.095521817167518022e-02
4.506723212651132619e-03
1.560149089964881289e-03
1.943841493115368996e-02
2.810576006733849115e-03
6.867866455971028544e-03
9.035306800835998103e-03
9.106932945958540540e-03
4.210206129206505929e-03
4.099640016535906206e-03
2.598430698594314178e-02
3.116189724261086546e-05
2.817659338224486054e-02
1.580755960044988653e-02
3.730978898580616931e-02
7.229987121136398874e-03
1.412760070291850783e-03
2.923170507772520320e-04
7.718396281720947549e-03
3.041999680649329699e-02
1.413613771955771377e-02
2.762723263197031792e-03
1.414448267746347583e-02
9.212683216255360130e-03
4.291854951045011302e-04
4.888744099009204036e-03
9.698881316196034108e-03
6.759957597038530192e-03
3.514516722725918689e-03
4.511869850958208361e-03
3.271392247079844568e-03
1.876192664282766431e-02
2.045675531596625671e-02
8.420587333229142407e-05
2.126307707810470848e-03
1.087084166614775416e-02
2.082902597704782560e-03
1.831797874626562607e-03
3.532019817975049630e-03
1.116049774955181831e-02
3.775587074150365922e-03
3.370128562943520804e-03
1.953821906878892151e-02
9.168388981937933280e-04
7.186407430244914039e-03
2.040682173715351391e-02
4.001543410804206391e-02
2.864206366171094965e-03
3.024462068765883249e-02
3.273965539171660305e-02
1.775303707277076093e-04
1.635544270476394640e-02
4.258678888906864551e-02
5.721432870293375814e-03
2.868742799511569616e-02
1.441008826395107079e-02
3.844532990995828264e-03
3.424332101610649132e-03
5.474999083042254855e-03
4.768103545767015880e-03
4.775310951636645845e-03
1.426371309286299412e-02
1.138886676355813999e-03
7.450473292156992167e-03
2.161697965336570673e-02
1.474278488156585557e-03
3.884087522527182590e-04
3.425659807846201388e-02
1.541582529789855931e-02
1.670949749996243627e-03
1.042856262341823950e-02
1.598319093294348764e-03
9.486182481531801533e-03
6.461275148850824726e-03
2.698509228120319833e-02
3.437001514455702289e-04
3.792287221070958069e-03
2.104793061952450750e-03
1.847869921663422565e-02
9.876671064714188930e-03
1.171045320547505625e-02
1.485930101801322817e-02
5.572187405648628550e-04
7.671129862737756377e-02
1.574119180484852970e-02
3.049783737247201143e-03
6.401251193966743872e-03
3.140884707244956386e-02
2.999963489559955704e-02
2.899584974062041978e-02
9.427482093933859872e-03
1.303068264231579607e-02
4.691664962256097623e-03
2.492363896652819918e-02
5.903546589715261833e-03
4.843968273232787886e-04
9.707413082833939166e-03
2.788823802789617071e-03
2.567323853245139301e-03
1.285341688493151294e-02
1.104287831555144511e-02
1.992745736481982364e-03
6.226594156082832648e-03
1.452029026795478243e-03
1.926894422579649227e-02
2.438730652567760310e-04
2.047067021502283965e-02
3.151996067257710477e-03
1.471996326386800988e-03
8.480632415662511456e-03
6.283223901384995397e-03
9.335539236832281554e-03
2.035302119879027483e-02
5.937247781442628151e-03
3.675964153377342392e-04
6.403614761414695711e-02
2.314232178569098838e-02
2.742058960152280508e-03
1.568349774616660877e-04
2.367215153831691427e-02
2.505569605139436329e-02
1.235451654166416086e-02
8.593360974021080345e-03
1.690376461598434160e-02
6.951351167917315180e-03
1.451970131408839362e-02
5.086947599091461852e-03
2.919245084270702395e-04
1.084089397687451259e-02
5.901745768491028533e-03
2.134663887348668253e-03
1.085657877017201338e-02
1.206595462069277522e-02
1.188280470220822024e-03
2.663200835747269249e-03
1.190584371692714367e-02
4.437526286948351162e-02
1.503684833117441277e-03
4.970386625477304920e-02
6.664146881249864013e-03
3.327484907775353929e-03
5.903569896255969618e-04
1.563272451672693486e-03
8.219229630813338836e-03
1.101598749876557190e-02
8.712870424922875695e-04
3.122395012202082432e-02
2.711773748693845076e-02
2.074098907025802296e-02
9.103151876640423745e-03
2.786884600408049556e-03
3.896157559733699760e-02
1.563473013709779091e-02
7.088954245377766458e-03
3.930874253068386559e-03
1.377952375073792767e-03
5.260773273495932987e-04
1.217401750336704995e-03
9.541252598401966933e-03
2.713745849273953726e-04
2.421619108625462646e-03
9.769309186617863849e-04
5.445381091880199635e-03
8.040220598757256282e-03
9.516174238757175996e-03
2.909696271991896264e-03
1.019072907754509788e-03
1.519677478182037550e-02
3.266559180699598469e-02
1.424125578023984623e-03
1.517244673652206471e-02
2.055524997704067866e-02
2.017455222917065479e-03
7.397544623968935369e-03
3.463214716542473842e-03
1.821850314133710916e-02
5.698496504604356507e-03
5.481211358312724699e-03
8.302439106439350389e-03
4.303688037779425379e-03
1.827787211079558161e-02
1.147737991001208241e-02
4.873149684112635695e-03
3.794867868304584169e-02
2.097274238907681845e-02
2.834642790628808147e-03
1.722306291976132345e-03
2.349499019760394394e-03
1.668700087086383201e-03
3.726712705857468041e-03
1.296835962202711259e-02
9.537029437842360277e-03
1.659547767090701481e-02
4.333753647486130443e-04
1.698206886234097934e-02
4.338507548179555695e-03
5.519149231397747204e-04
4.622039847673936781e-03
1.213220939478195856e-02
2.325435639207670130e-03
2.724620615786833844e-02
1.712666018403068841e-02
6.383707284148895135e-03
1.128601187556794311e-02
2.594219786298491981e-02
5.998409901764830895e-03
1.487352544972952995e-03
7.914523973347910649e-03
7.612287819211121381e-03
6.562839864481278228e-03
4.078837208916650994e-04
2.131317702230856384e-02
2.143193587754815138e-02
1.365258756244264356e-02
2.021853579629170720e-03
2.178050182538564944e-02
1.554526054782882395e-02
1.457426033805382139e-02
1.855552336114139889e-02
5.608912548743513055e-03
2.558088692707103165e-02
1.907607369877571679e-03
9.991341023224034612e-03
2.770058978365421819e-04
8.418748766193645192e-03
3.147607891510694009e-03
1.292827175811290218e-02
4.602407599317528963e-03
4.057648007210731649e-03
3.338493411918696738e-04
2.147981767766618186e-02
4.855437782922492236e-03
2.702731472668822021e-02
2.168618641311976028e-02
1.486519590812006991e-02
1.743991088468600792e-03
4.610859226635133368e-02
5.703605763399639123e-03
2.720093665085833445e-03
8.796992226249486166e-03
2.276603095988224967e-02
1.839326939115856763e-03
1.306185292704892947e-03
3.317912172063532117e-02
4.261550344211547520e-03
1.185886541738051178e-02
8.254724156578965031e-04
2.983142125453384225e-02
2.253466359900936633e-02
1.449312070617566478e-02
1.529955080917644317e-02
1.564409589471873335e-03
3.266395066032711653e-02
1.633129009312197805e-03
2.133321299941292118e-02
2.773267451869755248e-02
1.550961810256830387e-02
9.806759404406043337e-03
3.034812452376075761e-02
3.423566700354022455e-03
1.127873682569866844e-02
4.883910078567891763e-03
1.677900555172116837e-02
1.562188793245899120e-02
6.238989870684796130e-02
1.358360609133226274e-02
2.592848427967010122e-02
5.168523734441758666e-03
9.787361239516231132e-03
6.166697622591644536e-04
8.689361934340228064e-03
3.194415086671295936e-03
6.072117001816625115e-03
3.050904457126299603e-03
1.708923043171156272e-02
4.816665876282892611e-02
8.623553784059944521e-03
2.822436553795513309e-02
3.784842405106948054e-03
2.156327069598771781e-02
5.631664134785599116e-03
2.969213441133925629e-02
3.435019560173124820e-02
4.072828963474905452e-03
1.098529001341771311e-02
3.891971277528518541e-03
9.842832653951423538e-03
1.478164011894593857e-02
6.922560631163737072e-04
2.882079025547629875e-02
6.309220921166499782e-03
4.172051250849988756e-03
6.059697281343654277e-03
7.198002868490991149e-03
2.134192799119292473e-03
2.481305822623834298e-02
2.401075307315952284e-02
1.028293431349944220e-02
2.168315765188993591e-02
3.828721428306217089e-03
3.371290723205369599e-04
1.373458030306621939e-02
4.403737042141997807e-03
6.605826028978615053e-03
1.394316956283452383e-02
3.857021363094366613e-03
4.608356767891865630e-03
1.734792893231448460e-02
2.931039486348664333e-03
6.777866678769516734e-03
6.156244801677993039e-03
3.691057954616965703e-02
1.444559999522250547e-03
3.735072656070612118e-02
1.595419531455150725e-02
1.309650337296780660e-02
9.402219410245816339e-03
6.511885430651560228e-04
2.830135687319768924e-03
1.374106161872522963e-02
5.137649137387356041e-03
3.179438075381506995e-02
2.982112648022876549e-03
1.434905631720408657e-02
1.180259910382345893e-02
6.699656937394085979e-03
1.374515093325786100e-03
1.750316463753664314e-02
1.227062971729985658e-02
1.813296517993272239e-04
1.341244084173777440e-02
2.971313693916033047e-02
3.891368322107166544e-03
1.539870751852449524e-02
2.848592427208001231e-03
2.024964521153705885e-03
3.458590134627094470e-02
7.369990384201583616e-03
1.282835764536978829e-03
2.380784701536985126e-03
4.435352940180090076e-03
1.065485178492217577e-02
9.202955699690084160e-03
3.645210171684633293e-02
4.115128386689747078e-03
2.108324649767051237e-02
4.783409660015614656e-02
7.621996737140043256e-03
2.625403013986200157e-02
1.135666630600704052e-03
1.841935315639467094e-02
6.206925274353899263e-03
1.655770783186732986e-02
2.074109030414835603e-02
9.338883811025041476e-03
1.644051327537406765e-02
5.933544394306367736e-04
4.121110927257245690e-03
1.055977946151623326e-02
2.438693511617389537e-02
1.680041289885816566e-02
2.118722803042930730e-03
2.673818939690560115e-02
5.314825621952867785e-02
2.090257642027961577e-02
2.801980037648312688e-02
3.329681550506127363e-03
1.202552543492951126e-02
1.618868034392926050e-02
6.875199715063747170e-03
6.865307811520469927e-03
5.796418219536666853e-03
3.187574850371756394e-03
5.999636451018481274e-03
6.480527515030032326e-03
1.093053083719059543e-03
2.975488659178810585e-03
6.929633183874929492e-02
1.791676067768906144e-02
1.981171974780133668e-03
2.117867412092445945e-02
4.022722413196500729e-03
7.015060425329016844e-03
5.038636682486896841e-03
3.234512055104870470e-03
3.912457710069925515e-02
3.183854170304922793e-03
1.751896032793543931e-02
3.380516686468367036e-03
2.112824044956360808e-02
2.388236078437435198e-02
4.550654487685833194e-02
2.709139852095381745e-02
4.020809590696118943e-03
3.982354085223779178e-02
4.247380887369787972e-02
1.142268457335908136e-02
2.446627847465959044e-02
6.516166997893724569e-03
1.007663521221993999e-02
7.584481875906507603e-03
6.496264102281077563e-03
2.583972030171246756e-02
3.250481635211680508e-03
8.440941066571320053e-04
6.758016759783151695e-04
9.719436178977656831e-04
3.002484465632857501e-03
1.234942722220983696e-03
2.678773928953891159e-02
2.690636449765314991e-03
1.550932644779384577e-02
1.981113060954634714e-02
2.896638325117093394e-03
2.858848744012598697e-03
2.726682861018652620e-02
4.704732461964453334e-03
4.174518056858481790e-02
9.788230682049790105e-03
3.533344868252567827e-02
1.648267254156454351e-02
1.725007637176818182e-02
3.537639370943527345e-02
3.479714629259137576e-02
8.364749313705628631e-03
1.721741110246847832e-03
2.572508545999481477e-02
1.050018565528954353e-02
4.979431778777050968e-03
1.431984429827121152e-02
1.045579833090778607e-02
1.428495343824197870e-02
1.529048904226184245e-02
3.660022741093268972e-03
4.273504897731433480e-03
4.901194425542373251e-03
1.026902292885898023e-02
6.261899381660638447e-03
2.657553763934995122e-03
1.460721159981193985e-02
1.210810904352500189e-02
3.591133346384664526e-02
2.069397996107475921e-02
9.270077672126397772e-03
6.904260253841846585e-03
8.266961844941810716e-03
1.695568338864251318e-02
1.334618684709309305e-03
1.149337235441481517e-02
1.174144127371812979e-02
3.192562305795226124e-02
9.819070802274690313e-03
2.106800785012234289e-03
1.495719815856912799e-02
8.111153956218910763e-03
5.317677886750601934e-02
1.342886526656788398e-02
1.957123236357325921e-03
9.620624044396102609e-03
3.058970758468862634e-03
7.127813594952061779e-03
7.927391855450282437e-03
1.543166135202391712e-03
1.358408318395434508e-02
8.362617417229364913e-03
4.306217126118185544e-03
5.145214899436806669e-03
2.381505422751881845e-02
2.240067352671958056e-02
8.577901764126736467e-03
7.643672740820563541e-03
1.266870935891880635e-02
4.936133250500396785e-04
1.539845185996386104e-02
1.744780139739665614e-05
1.570540695596859063e-02
2.267707523979974743e-04
1.269513764890518523e-02
1.646997645058401877e-02
4.534682099072397804e-03
7.846337348403802439e-04
6.800373471951575224e-03
5.936530135160020955e-03
1.374253775773392333e-03
7.407268310301248944e-03
3.238617649396645023e-03
3.538941121883487986e-03
3.156723353784779418e-02
1.179177396822217797e-02
3.896714241302962761e-04
3.597976400548799983e-03
1.139161932012001943e-03
1.371315266871011088e-03
3.529045793308884914e-03
2.253975440347825293e-02
2.906564282128099724e-02
3.836575447326893897e-03
6.788225653329500037e-03
1.685676043175825256e-02
1.031450260588901401e-02
2.163050695391256772e-02
2.132579825029142558e-03
2.354580545694961871e-04
4.012907661185082832e-03
4.090142466298312546e-02
3.448437250716293589e-02
8.582280019131315963e-04
1.491097787212413567e-02
2.371697934254457518e-04
2.000415800452514520e-02
7.152120965541335779e-03
1.234064099316381329e-02
5.789204261985795956e-03
6.754673580426324292e-03
9.205596567093479732e-03
9.306342385605258227e-03
2.289169275187220853e-03
1.099866468182181603e-02
1.374260921106672251e-03
2.737488820746484391e-02
2.129577599142797734e-02
9.943732470775934126e-04
4.658064479598857111e-03
1.247894317602873948e-04
4.808907332909713103e-03
2.759999930672610551e-03
3.048321497854774784e-02
7.543632283374322907e-03
3.962667357853609171e-03
5.564240688083839283e-04
7.918573267244200659e-03
7.036961357449682264e-03
3.083445617029031798e-03
1.693568458290706930e-04
4.680096837749529379e-03
6.633243015314160135e-04
4.800949335274712348e-02
2.208444250818100349e-02
1.621332273696601909e-03
2.103480647560124900e-02
4.210441248759093933e-04
1.685025929283097759e-02
9.810414162879359246e-03
2.125919993651728158e-03
2.189286770046816599e-04
9.819834806625341549e-04
1.730434013846027935e-03
2.724354996362497380e-02
1.383382227154754049e-02
1.223573952902081569e-02
3.679864940237317396e-03
2.352028680591177964e-02
2.287639862385534156e-02
5.149050306886960790e-03
3.229164458458888987e-03
4.626494609481952847e-05
8.049813446518335608e-03
3.471519469531598664e-03
3.294001730217527291e-02
7.731573878473677747e-03
3.950009171174935323e-03
6.161328326871090728e-03
2.788663139087144832e-02
1.363808665090106460e-03
1.527473625105855212e-03
1.116619571203570672e-03
9.216944966236262360e-03
2.952163748601663567e-03
8.410116989231717841e-03
1.623777840041150389e-02
7.717017724203894397e-04
4.274040938960794317e-03
5.855831129113765396e-03
6.109037808673216385e-03
3.739476609974387578e-02
1.049881932988678407e-03
1.515897057446449064e-03
1.381249344472825456e-02
2.232235535373256093e-03
1.253359981888894567e-02
1.088119190207018604e-02
1.033115419805459567e-02
3.060312846965041866e-03
2.334346243077854363e-02
2.744116915344135821e-02
2.482133419100689131e-03
2.966272603625029480e-02
2.459047194742212603e-03
3.357256591854920411e-03
2.316475409733193686e-03
1.052018770916180943e-02
3.680984305086355476e-03
1.235603671071936610e-02
1.431757519678662424e-02
1.157184759340358984e-02
6.873416309294342989e-05
3.108684433961422799e-03
4.565124197174599829e-03
3.415677368990517604e-03
1.857029977518703107e-02
6.334298651334672320e-03
1.151645857924954094e-02
9.836841215478788272e-05
9.641759437885770792e-03
6.148810429777584394e-03
1.129770888375116952e-03
1.169855112794687332e-02
1.187795924569934672e-05
6.572326369420337933e-03
2.535353007769005490e-02
2.799507565256616204e-02
7.734287549758503758e-03
2.554504681379730566e-02
7.678170154820580622e-03
4.967666910801366541e-03
1.041153185687129779e-02
4.340960297137371610e-03
6.165776490251616195e-04
1.120655339427661414e-02
1.517238360892977402e-02
7.444661468142249779e-03
4.048768983513795910e-03
9.829747743418376996e-03
1.122006091109998063e-03
7.302005678440864553e-03
3.054142769313641578e-03
2.152327793033987843e-02
1.671125354008379444e-04
6.991196457265065958e-03
1.126325592837339878e-02
2.038048168892958589e-02
1.513784561365654792e-02
9.339558602905960807e-03
1.728820757848456569e-02
6.707015510442301473e-03
1.270683621602511316e-03
3.444606521437604263e-04
1.923277463278294346e-03
6.888610728115907716e-03
2.286944784974202782e-03
5.587683083212224844e-03
1.650602310813124168e-02
2.008492853254819493e-02
1.918651727360415338e-03
1.778969539543589357e-02
5.275584481254412886e-03
1.021146088982178776e-02
2.879598079789511683e-02
7.401337376368860577e-04
3.672977256208805486e-03
1.105836986989532436e-02
5.371158014179716611e-02
7.760245677086318253e-03
6.943996903850790242e-04
3.976115412414140717e-04
4.407696660082725468e-03
1.667085392948664674e-02
3.120337712503338384e-03
3.092989238309273858e-02
1.021702925459805344e-03
1.366955770303533192e-03
2.373145133156891878e-02
1.028873439088087011e-02
7.933067592768468235e-04
2.937513346331032185e-02
6.504186608962105910e-03
2.161078340978594969e-02
2.520896503551042778e-03
5.771923721027642090e-03
9.326343681055806328e-04
9.476638470152340572e-04
8.459093602363371850e-03
2.935404608126451070e-04
4.542709516934977272e-03
6.891340300611000641e-03
4.045910004044547467e-03
3.887846388304865616e-03
1.448497645487268649e-02
1.316321497742537622e-02
5.993582339175636264e-04
8.738543696024629950e-03
1.207280664919639299e-02
5.242205245325794183e-03
2.978577625291927572e-02
1.339051434373709007e-02
8.463373977194092734e-03
1.091938105297999249e-02
3.247109841154519061e-03
5.790046165154919336e-03
4.571239139171142871e-03
2.290854936124335148e-02
5.298056458155245285e-03
3.346039919792584416e-04
1.205055619773592532e-02
2.254846536402448955e-03
5.593770796735223448e-03
2.624935636986357873e-02
1.251675103609583423e-02
2.129367344890170655e-02
1.397497676297654833e-02
6.307849007753213140e-04
1.145746606096064053e-02
1.118630091937857299e-02
4.975986396877065884e-03
1.341289757935583069e-03
2.833000877093296878e-03
2.846448747094640352e-02
2.110988688492603915e-03
2.368448767178836512e-03
1.903619413975152913e-02
2.234093001181763211e-02
1.462651969484106071e-02
1.458610231281808750e-03
1.694883916858733186e-02
2.793893958353228790e-03
4.130950622414265860e-02
3.879274687891629339e-03
1.121813868614348481e-02
1.988240712437003982e-02
1.619385862283782233e-03
9.853702203390648715e-05
8.373138017881621986e-03
4.757995336864245806e-03
6.991779639435928518e-04
9.994550702837265432e-03
4.039624257201254731e-02
3.562894657799605194e-03
5.244907267538569465e-03
2.536867622488710172e-02
2.529315658215368356e-03
1.425038689406313286e-02
1.400205344942663001e-02
7.357371517286307241e-03
1.374370707223084888e-02
4.412659008247752507e-03
2.131555148088477066e-03
6.305487536570229465e-03
2.603952206216672734e-03
1.523041211490658645e-02
8.129405741447894972e-04
1.634741520179282996e-03
2.700760740749583860e-02
1.463346753522837621e-02
4.252991946614347908e-03
6.646188226537824012e-03
8.202736968565341180e-03
8.915245660790393351e-03
4.700025642201480919e-02
5.040585587974837425e-03
1.583399541186047629e-02
1.922235432003454453e-02
5.735633853762482984e-03
6.305528550587089290e-03
3.500599485663817567e-02
1.053484764056870915e-02
6.681746474275947201e-03
4.253982188574160529e-03
1.911864995266467082e-02
1.305158953503124386e-02
6.977682677870292692e-03
2.037508598774956381e-02
8.994922895708096916e-03
2.618081171211549679e-03
4.553776629684324478e-02
6.032957042438729864e-03
8.683723592373638819e-03
1.543416765828348365e-02
8.420958331031930255e-03
1.967166942054301981e-03
6.306678156419120301e-03
4.245340414212457093e-03
1.030268670967214237e-02
3.532494303339765371e-03
3.543348886937894293e-02
7.705968532543570546e-03
6.958739894263373665e-04
8.831934512141540600e-03
3.266395124043950521e-03
6.999275248493524483e-03
1.234793578630813751e-02
9.582930577880139494e-03
2.247483536500550355e-03
1.924513101192316944e-02
9.045733312953658026e-03
6.224261441474480960e-02
5.785966279065891948e-02
7.423941060026226918e-03
1.209093323425106115e-02
1.466485265425161028e-03
3.928804902448490566e-02
1.248658441811234011e-02
1.572545226423667855e-04
1.048119393806366297e-02
3.824380786045749811e-03
2.580262446836461762e-02
3.870667118823303138e-02
5.781054433797896790e-04
7.132941101642073511e-04
1.198999548415863835e-02
9.503504617722905237e-03
4.133917838048447452e-04
3.690807136836241065e-02
8.961486307572683746e-03
4.035082714552260842e-03
6.289374291040539244e-03
1.961743467062290053e-03
1.037600921484312620e-02
8.699324030217375076e-03
1.270479804506444675e-02
6.155366835790068887e-03
1.991539521485136827e-02
9.732053228310857257e-03
1.860190531326545715e-02
2.383374594945655844e-04
1.680952683562227448e-02
1.195903820281685355e-02
4.136927769236275337e-02
1.919847099456304176e-02
1.074697666567731198e-02
3.090834839225574046e-02
1.611349376419543913e-02
1.888614289085308040e-02
1.837999892002763203e-02
5.698067775768126189e-03
9.777673072439242719e-03
7.154949475113605434e-03
3.707927785978787361e-02
1.237657272652557816e-02
1.082022452226519792e-02
3.714525887779266539e-03
3.774555321642079041e-03
4.194259122574109377e-03
6.680077694317949899e-03
1.753839043018740398e-02
4.843805183379130963e-03
9.157035512204630273e-03
2.101507588856276528e-03
1.793196487155566477e-03
2.614332044193620405e-02
5.135995414288390890e-03
3.366831746179727719e-02
2.534876794726832402e-02
5.514297550719587243e-02
6.789583366698351448e-04
5.309889903925418819e-04
1.104307013625441605e-03
1.313147439907291249e-02
1.676398301758671647e-02
2.753825442864469425e-02
7.095734218723067678e-03
1.608259711466237607e-03
2.553569938452972601e-02
1.585126087259525630e-03
1.377763623622490618e-03
3.315475988704495031e-02
4.482695394695092664e-04
3.444767989577383199e-03
2.063011420881510904e-02
1.717876253287530658e-02
1.434488007487932232e-02
1.098251802062944101e-02
7.779161986761814335e-04
4.743741374021182185e-03
2.669273576944132878e-03
1.234015062204387586e-02
1.591127956357830508e-03
3.022666297680485972e-03
8.606845245496680397e-03
1.705397677332901388e-02
1.534355885560792498e-04
5.690957047974209981e-02
5.421415592424056601e-03
4.784362623446126311e-02
2.149274345878923395e-02
3.989472108443396087e-02
2.056982653436987413e-03
9.091968918125584859e-03
3.295420984810633943e-03
1.234425865483766357e-02
1.803272558918811441e-02
1.073737388563016440e-02
7.601285576035369737e-03
4.991042446948604216e-03
8.543121792675899620e-03
1.722071785149142248e-02
7.570787606867615017e-03
3.204293667470385631e-02
3.402091602547803635e-03
4.140477975429664170e-03
1.240003300067098885e-02
1.630466730497291683e-02
1.892639194143508992e-03
1.335951128499196462e-04
7.842194734178696384e-04
1.142956747112393312e-03
2.022092569218678776e-03
1.767164058311386857e-02
5.832162845006801620e-03
3.983076831374202445e-03
9.926491320667142973e-03
1.298149276732292641e-04
5.244258843252495514e-04
7.261551372869701204e-02
8.364053545663951289e-03
4.667333436444403433e-02
9.726298344915160210e-03
2.031150997400987118e-02
6.781556846806748202e-03
1.193011426877174305e-02
5.925842331480801750e-03
3.328165496224874675e-03
8.594184645648320769e-03
1.256399772074929221e-02
1.116524099842769631e-02
4.210195285603164292e-03
3.537279001464659761e-02
3.857321150073621252e-02
8.422778471689341788e-04
1.130612680900823334e-02
1.491151420958379721e-03
2.977587336144117344e-02
3.774339027276599201e-04
1.482483566904344366e-02
4.062667225581596646e-03
1.864186395274070734e-03
2.245939387949236719e-03
7.677858212817648999e-03
2.906250249048324477e-03
1.483923369305399642e-02
8.477843803780107240e-03
3.264114461498460792e-03
8.076855493793715091e-03
2.708553085248380232e-04
7.013639152757791123e-03
1.207253635522358842e-02
1.559597752917555452e-02
2.972274612557053441e-02
3.020308507199065406e-02
1.879853878929974714e-02
6.334881243706388942e-03
1.109453343886532273e-02
1.199042309962545030e-02
1.462188762944020143e-02
3.003480401581034697e-03
2.328321948745560796e-03
8.646104337193083293e-04
1.518555715593521063e-03
1.031354882953763527e-02
1.553738654624112724e-02
1.150608756605322504e-02
6.318244644745681961e-03
8.550588048034751115e-03
8.999549213490741495e-03
3.589658563853707560e-03
2.924116635402897874e-04
8.393277006251512531e-03
7.685684857941254416e-03
6.526727231914389998e-04
9.101471548801148490e-03
1.680147846391683020e-02
2.151466508057698485e-02
5.331996258301042318e-03
4.954120231419889553e-04
1.579570187557249872e-03
7.720043359352975545e-03
9.606618497337167037e-03
1.092840929584852627e-02
7.896986006503986522e-03
3.055623113652681730e-02
4.017522474765514162e-04
5.839825708306266294e-02
1.183054331842313053e-02
8.750665522590048845e-03
2.039711174892407022e-03
4.015746792254958758e-02
8.395670765109887815e-04
3.674918134018506470e-03
2.699093396422064944e-03
5.269813291798559202e-03
4.219884978589653890e-03
1.851081153164658988e-02
2.840568078530287394e-02
4.336695364732771549e-03
1.987144457552278767e-04
7.710179492110311866e-03
9.396907145784658133e-03
1.727017644822404635e-04
7.049617647874664716e-03
1.363142658676259195e-02
1.225048521349605089e-02
2.403727962487166997e-02
9.532429458048032045e-03
2.654580030208604502e-02
6.736447090852653100e-03
3.147240940862856742e-03
1.001684196927246639e-02
2.734879449917575894e-02
9.259661615337422269e-03
5.919644336756006708e-03
2.652535281575715137e-03
2.978717692420826749e-02
8.906306200528440326e-04
6.118366679479287154e-03
1.357499172349510390e-02
1.471316946117812684e-02
3.331062697587344745e-03
4.076187383433476502e-02
1.995177678885109041e-03
9.045375926380548257e-03
1.487884800117661227e-03
6.463067128265043843e-03
2.069100930853103298e-03
2.900129694692690427e-02
2.566129491151171449e-02
6.655732774305945891e-03
1.758798410399044394e-03
4.289251737400110592e-03
8.607968830510303454e-03
7.668161237976053521e-03
4.103583125869315895e-04
1.196722613833339777e-02
1.206062684331155564e-02
2.034703162482924890e-02
1.321068711333475525e-03
1.463111564948729086e-03
2.613985922329071718e-04
1.627243903786711188e-02
9.877072803494377565e-03
9.181258927292159158e-03
1.256846473938855223e-03
7.512282512246578822e-03
4.238814377098409393e-03
4.677877491775447177e-03
9.827926532421839972e-03
6.424973058173288724e-03
8.051367880949875794e-03
1.815853104821372327e-02
8.393956525802315910e-03
1.251329823793212795e-02
5.252057941852647169e-03
1.380170699260024371e-02
2.755251815860658340e-03
1.609060329903802891e-03
5.926773235152423339e-03
2.053987070798487038e-02
2.008650854270622316e-02
3.109626663623335854e-03
1.594939285262319704e-03
7.232969853923582569e-03
1.294879712907245906e-02
8.195141172565626256e-03
7.875197056767115761e-03
1.253207333508650316e-02
8.452773595038765020e-04
8.644684384356343329e-04
1.798721502564018700e-03
5.550978556388178400e-03
1.028798918673567812e-02
1.492599884442584544e-03
9.374505125290508861e-03
1.301876860190934746e-03
8.111731855761938371e-04
3.339876851843919491e-03
2.823966900995387302e-02
7.191969823877160384e-03
1.371759660842193640e-03
3.553097922692970492e-03
5.541450309141743302e-03
2.496948876601401066e-02
7.615473451849223176e-03
9.791603051873773791e-03
2.332727803025823679e-02
3.511326331641069498e-02
3.191927251399735016e-04
6.289486024419732244e-03
5.214129072616381297e-03
1.780646527057682532e-02
1.948570517425807919e-02
7.972968468002489609e-03
8.067967544342502170e-03
4.557779071758442588e-03
1.594489411101972232e-02
7.621574251726721816e-03
5.912690848155722698e-03
2.116557639172771121e-02
8.712680270637070470e-03
2.351938349958551319e-02
2.689296581340214556e-04
2.201010952919050384e-02
9.521244106045309574e-03
4.941966196514407939e-03
1.490569597687552150e-02
3.372757452302129443e-03
5.975845991640743940e-03
8.340105015007977934e-03
4.318796325220321253e-02
6.842264326082574816e-03
5.269449620568570324e-03
3.750504887854544389e-02
9.835199946296170961e-03
1.806120834437687991e-02
9.890326876731943620e-04
1.414263102323481958e-02
3.330742966801997218e-03
2.418415176778811876e-02
4.132092968751659157e-03
1.732429410822725405e-03
6.133354653005719526e-03
7.687000910282668076e-03
1.616829797677565850e-02
1.494996618296332708e-02
6.965354297265634320e-02
1.374818966945913143e-02
5.670795123009182703e-02
1.945934366348731764e-02
5.312204759173318018e-03
1.614397600631111568e-02
4.711868344300447660e-04
1.423656915255266595e-02
1.357130141351777300e-02
3.788099259239077754e-02
2.290241948143447240e-02
6.383616251035427631e-03
3.088955188757173953e-02
7.563976389332031924e-03
5.574744255304553073e-03
5.703677637135475334e-03
3.411451626879425519e-02
7.098163921012454886e-03
8.486295725305809806e-03
2.581745032097406550e-02
9.778867608435075007e-03
2.544673540642151607e-03
6.272114830332752716e-03
1.991018237928059501e-02
2.022429045735900377e-02
1.681172723938950675e-02
1.182766870773035300e-04
1.120345048327578419e-02
9.769038160783208649e-03
6.167115068334630412e-03
8.166206921489338466e-03
3.045016435055180812e-02
2.761399629602705533e-02
1.197887737874844469e-02
3.264020234341576121e-02
5.891223099209131481e-03
3.136162540865860410e-03
4.814457122842390191e-03
1.230557440380986023e-02
2.458839162377910587e-03
1.479966622096647380e-02
1.421767033067831455e-02
6.562676417764659598e-03
9.160273354056234010e-03
1.387324729070022258e-02
1.709411954395559201e-03
8.614728873902976342e-03
5.835713770770797199e-03
2.605853560024307472e-02
6.125225917591411474e-03
1.791901952424008668e-02
7.591412752098581837e-03
6.112248191121500383e-03
1.879233896509191482e-02
2.436881156282354535e-02
5.288001432211045238e-04
3.325685753681537071e-02
1.749333906158372087e-02
8.412827065480052696e-04
2.580882757234644401e-03
1.412405897104524605e-02
1.772655422159239574e-03
1.257301748916348806e-03
1.182222865032343632e-02
1.557304092735281066e-03
1.294187783406171646e-02
2.040206829827894558e-02
1.855740366387101381e-02
4.667030537188299015e-04
1.452945754872313720e-02
3.074639354104301107e-04
4.085434010341410654e-03
1.444795654570743375e-02
1.064070949308650732e-02
9.579094750419179724e-03
1.444939923033817034e-03
9.814108121073186405e-03
7.698463970366161563e-03
1.532995896013698671e-02
5.582122153005807802e-03
2.764777023284365268e-03
1.425205515812687576e-02
7.754771790222693417e-04
3.727910737684667769e-03
4.103859685215049263e-03
2.073212828863462212e-02
2.647472347852939181e-02
2.757907674527048346e-04
6.096028218867498988e-02
2.137568952492717445e-02
3.359166866173387590e-03
2.025036345538404337e-02
2.412591651965576359e-02
6.676582762780987161e-03
6.333305004218945516e-04
5.286802080202183604e-04
4.028691597030637644e-03
6.894683864870137721e-03
3.867574295280604146e-03
3.521486216545942089e-03
1.193255156842271125e-02
1.908264916708707001e-03
3.735053069671552279e-03
1.078023416226687667e-02
4.249511510868600461e-02
1.410439656598970123e-02
7.082972950634168485e-03
3.923820532237159465e-03
1.663976273975448575e-02
3.939025274793708266e-03
3.932135751977740290e-02
4.860145130648162171e-03
1.647003238688841270e-02
1.114101597996831200e-02
1.842867730363357409e-02
1.499104485252485131e-03
6.229452552721275772e-03
9.531726323145641236e-03
5.253302911103862119e-03
5.515649064661346662e-03
2.899201069147226001e-02
3.728918760686763482e-03
3.099870082029791175e-03
4.072658077240019769e-03
1.647999326678500909e-02
6.172767903939623685e-03
1.333900008285075073e-02
4.436942401399301961e-04
1.526884551793698981e-02
1.422329974098154523e-03
2.025952965413668760e-02
1.894750683778555558e-02
4.242242607910978736e-05
3.476035691556861838e-03
2.297546937383605076e-02
9.883770436625177042e-03
1.493751299359806495e-02
1.646774924831563569e-02
6.412363510477189082e-03
4.500063842757791831e-03
1.244421091980271732e-02
6.525856168304007901e-03
3.650870029018492974e-03
4.183333846201410175e-03
2.226421758689356434e-02
4.548093091626686721e-03
1.249845849193542864e-02
9.913696260913035588e-03
8.254406235462252717e-04
1.131838885967017053e-02
2.113398771695088052e-02
1.207744213593119498e-04
3.273553845675904878e-02
1.427694366821166509e-02
9.724976817359632861e-03
1.985468891683179332e-03
7.123904314880313143e-03
7.872542070027034253e-04
3.916328605368502719e-02
2.491945939989959752e-03
3.077485259527279124e-02
2.503624661230084876e-03
1.314364836334733222e-02
1.459850785779084024e-02
9.674145821527506926e-04
1.366806548271619218e-04
1.123051408454321665e-02
6.093809148032926573e-03
7.726448670463620730e-03
3.471003749694459573e-02
2.903783564131609540e-02
7.380428872274602016e-03
5.980763050138901762e-03
1.726049620812083497e-04
1.941188782996202539e-03
1.761046012314786829e-03
3.252486826644093720e-02
1.091374652378001263e-02
5.737598660285741017e-03
6.775120858271702767e-03
3.418701926806086422e-04
2.553761198942180316e-02
2.670834973892664832e-04
8.027843428840029244e-03
5.986770432039538459e-02
2.354971591518844123e-02
8.277241977525839206e-03
5.892173248724621309e-03
9.631849379353085022e-03
5.396578466385465803e-03
2.791905065899827343e-02
8.099684180182925011e-04
8.257586281408237777e-03
1.927639925031384913e-03
4.451926333681192199e-03
3.805930361107049548e-03
3.811706568919197118e-03
3.176670525597336415e-03
3.004525248511587688e-03
1.001146475230789944e-02
2.749383103990238070e-03
2.957597224438589245e-02
2.310201373972772809e-02
1.868358274364168188e-03
4.007080168661429111e-03
9.023651114473023663e-03
7.286833236764345481e-03
3.749852978936151458e-04
1.692049476432382765e-02
8.755475582011734356e-03
1.724593922688480094e-02
7.622584747412294338e-03
1.006915256912106933e-02
1.972868805381060645e-02
1.593454901173016816e-02
8.912238810083249890e-03
3.421332510523894532e-02
2.839630799100294201e-02
4.789754184625434966e-03
9.233137852621007419e-03
4.271921821391249860e-03
6.533873037114581311e-03
1.719941338710314488e-02
9.055382576780533765e-03
2.095201753622349949e-03
2.152604728585813011e-03
1.748306603500610068e-02
8.080191015956767614e-03
2.332553574208070211e-03
1.333681274470673028e-02
8.040179080799816219e-03
6.577165374391487698e-03
7.611382814505518457e-04
1.442674393079687589e-02
7.923254233941641467e-03
7.651728275662283800e-03
3.149823386142345041e-03
8.991911451831658894e-03
3.332989953624089161e-04
1.028831004430860382e-02
1.275939941447713256e-02
5.663600446427354690e-03
2.661957839894477443e-02
8.128971291447555786e-03
1.987789919237292410e-02
6.653083845983374239e-03
4.604622634411527707e-03
5.874964602017504305e-03
2.373943967401103208e-02
1.544967208433748254e-02
1.601675518144596300e-02
2.903646129337357842e-03
1.070993935188320825e-02
1.126902818682081961e-02
1.748702342687153549e-02
2.715071465902441084e-03
3.996971163034207975e-04
8.458127979840655841e-03
3.283423833787518092e-02
6.596568711565598681e-03
5.536867002179507447e-03
3.110780337333286794e-03
3.886277568239249539e-03
1.474710828368423765e-02
4.070958205142742592e-03
2.781978819230769215e-02
2.603680413863794507e-03
5.157057568778604384e-02
2.829146020618637444e-02
2.397000234743849878e-02
3.390016399654425909e-03
3.587936018935459007e-04
7.234902085165112462e-03
3.058514844793452231e-03
2.076098359473798477e-02
1.886923182470150173e-02
2.842303559776944433e-02
6.241638628324957042e-03
2.160517057593815387e-03
4.443320107351930032e-03
1.422584235859191901e-02
1.285272876210585662e-02
1.473446208797514999e-02
8.856559054603176107e-03
4.186239611741395840e-03
1.008732253329475484e-03
1.615236151503500819e-02
1.455806602926354790e-02
2.335042937712059757e-03
4.919823749903157184e-03
4.164535749528532060e-02
1.157933956791809896e-02
4.011047278261038740e-02
5.028730967609442576e-03
6.022070642118446115e-03
1.808403823932337035e-02
1.046832175039953162e-03
3.048902131472534284e-03
1.564595807438280001e-02
3.670792265219607886e-02
1.219498562815580014e-02
3.342672653482769290e-03
9.151495343408672101e-04
2.226866594464502885e-04
2.503884375507119814e-03
1.775532056652842378e-03
1.394477416599591325e-02
2.485888581018261267e-02
6.078871603330746748e-02
1.179497137353146402e-02
1.427923424915280085e-02
2.175522463860957850e-02
6.063533368993179185e-04
5.809694699478128860e-03
2.296612585821629447e-03
1.743679264711456983e-02
1.104617227260219076e-02
1.476532380257716999e-02
1.340153739647530207e-02
3.180715240201716781e-03
1.737738196192381915e-02
4.987839411675713472e-03
1.426603540667892821e-02
1.102669271934188407e-02
6.062299071763930028e-03
6.306979361511214077e-04
2.360113437450827439e-02
2.227914489999271302e-02
4.276120235694735872e-04
4.499817165351647011e-03
2.190016724719413138e-02
7.679253684003163605e-02
1.965857636330513997e-03
1.691453762630254140e-02
9.946670600792011097e-03
2.632738416409048654e-03
9.691077764848060952e-03
1.421956367254354099e-02
5.383514688150630931e-03
2.611245204716385743e-02
3.144193857977130302e-02
1.788466204191610509e-03
3.112216856373684754e-04
1.139982436919276254e-02
3.817998535538581761e-03
1.863037719925863742e-02
1.334982726070567394e-02
1.231717429179694269e-02
1.128601691404243490e-02
1.736226357943503398e-03
3.671508736986153765e-02
3.361084884902297565e-02
4.674211907110129016e-02
9.963042681710014906e-03
1.021251801621640351e-02
1.942443940636536664e-02
8.879141848126081635e-03
4.390753823189891963e-03
2.762880287073122415e-02
1.402383054760723315e-02
2.808248236498417372e-04
6.717060227339624080e-03
1.497977547562990772e-02
1.092769342327127094e-02
8.481046549711702270e-03
6.294408322873977502e-02
4.366306690366070220e-03
2.409076456161053821e-03
6.625077053365678245e-03
7.750201207976170105e-03
1.789944647768050220e-02
6.359214426214367805e-03
5.060502972576784442e-02
5.314685131034314891e-04
4.609098525428809785e-04
1.183268125474104104e-04
1.223254565341159658e-02
2.936667945021011542e-03
4.479504389265990573e-03
1.192518665514401624e-02
3.029980334465515873e-04
1.958452868532318397e-03
6.687631071513669423e-04
3.547918868346318366e-02
2.983239836355672248e-02
1.713922902881140353e-02
9.168977409590814420e-03
1.073547927988038365e-02
5.146428343301258715e-04
8.963704189408254128e-03
2.331511373007159188e-02
1.038196645232296756e-03
9.976146363689963534e-03
3.391630218334350244e-03
4.974191960969483878e-03
3.629494673948101355e-03
4.151452012089147312e-03
4.004232799354547068e-02
4.837503375537829942e-03
5.675697711562364967e-02
1.302016825363537869e-02
1.389878997269884675e-02
6.362863574990990090e-02
2.554514080358387396e-03
3.389608539535371445e-02
2.085146474629978944e-02
9.748509932889760921e-03
2.589972173786011904e-03
4.135779324963091697e-02
7.636088162365987919e-03
3.062544340521358016e-03
1.802848663415666059e-03
6.890310033152501979e-04
2.020843451914702479e-02
4.935644027305298095e-03
2.070602908764294925e-02
5.833273669999537725e-02
9.722722488815435660e-04
5.643448890071148423e-03
4.708717458554279034e-03
1.103661415979420406e-02
2.126727043129889548e-03
2.227871752124419708e-02
4.957479560074227326e-03
3.103338332672697306e-04
3.250699144341072638e-03
4.904382236610265768e-03
8.615630355931597553e-03
1.792680277357996607e-02
3.707748642499043845e-02
8.165805346697824901e-03
3.996137027650985274e-02
5.352265443848307214e-03
1.251637764806418779e-02
2.891558233575308376e-02
9.901041306640146616e-03
3.119607282744859406e-02
1.761325100025678408e-02
5.740176469547466492e-03
6.972624623336665453e-03
8.374701988647217932e-03
4.184534963007940922e-03
2.833914250784989874e-03
2.255497425706749770e-03
3.497231502694179636e-03
2.569223685906534688e-02
5.291047514437719965e-03
3.572279740574645091e-02
9.929440278026273325e-03
1.297356231938733354e-03
3.979869901591041176e-02
3.550789563830018640e-03
3.154541204474462825e-03
1.098224921511545792e-02
2.528614491652170226e-02
1.640731821619021216e-02
7.851178774655187542e-04
2.345387863977999813e-03
6.278979811100773856e-04
1.021218189500126827e-02
1.341942352819609774e-02
3.197229739899284939e-02
8.603400888663461157e-03
1.851879340916542591e-02
2.631469591403076680e-05
3.650723773763202631e-03
2.337720650740884171e-02
1.462108440617214747e-03
1.506568269629207125e-02
7.328389074612475310e-03
1.377208991045806262e-02
7.630669981781995626e-05
1.815407962646382965e-03
4.190591863282414758e-03
6.281391500978309936e-03
7.681793057057663410e-03
5.327456395203186527e-03
2.509454229118147223e-02
6.078990365880635079e-03
4.264334414599385559e-02
9.057253785276001695e-03
4.421371850846592295e-03
3.039743955456815361e-02
2.140805308938290279e-03
4.361453362616975887e-03
4.191898414681558514e-03
6.676378619790233893e-02
5.289867528290229451e-03
1.446359703755277851e-02
3.535735374975458589e-04
2.597279996488381301e-02
3.508506471807029421e-03
9.731062197558659060e-03
2.709115244020183361e-02
7.632268555998637100e-03
9.476094092497279811e-03
6.084586484401932963e-03
4.974817623426591902e-03
3.990641362115043833e-02
7.662988231642845448e-03
3.763452408316033358e-03
9.656473272000691555e-04
2.714925961753780412e-02
4.444925326109846336e-03
1.984799640638700707e-05
8.119241457281865717e-04
2.570911965422436381e-03
3.404735480676580883e-03
5.721384083766716151e-03
2.294743345555437693e-03
9.742992474667984404e-04
4.268020604454514366e-02
6.873182992217901841e-03
3.280151075224918555e-02
1.149658531929432376e-03
6.023754794279944855e-03
3.323524718387251171e-03
9.529430572295528867e-03
2.118729644410750901e-02
3.334112957290667062e-03
5.133905896652738582e-02
2.801015816126812413e-04
1.777864417635578037e-02
3.742000130404946057e-02
4.116809736025738541e-03
7.001383453206612775e-03
6.954191052188554018e-05
8.968000348897832777e-03
7.445797110386254483e-03
7.048404749385067973e-04
1.277794692597410478e-02
2.423586205577851760e-02
6.418166419515340324e-03
4.199989234459198043e-03
5.100930672632490552e-03
4.565076700077523239e-03
8.548388380217934041e-03
7.969768312769884983e-03
6.084541302062197732e-02
3.847435985802226052e-04
6.556163959982709913e-04
4.025440834525632547e-03
7.548335655112708639e-03
4.769158030321848235e-03
7.982458112330073630e-04
1.440174082164569214e-04
2.742092144164251944e-03
7.412600057891930924e-03
2.067961063556596722e-03
1.040187763317019023e-02
7.523663876386222152e-03
2.198311935567681154e-03
3.031118731431442850e-02
3.359693066600158949e-03
1.093354781185642936e-02
2.700277665011719883e-02
3.236736636439550840e-02
7.712983475334727820e-03
3.359481999562597288e-03
5.034016921482654602e-03
9.379237020479217618e-04
1.373049124788585859e-02
8.747281943880663713e-04
6.849330597954105329e-03
1.168049294033827665e-03
3.088237589735338268e-02
1.147005931547009569e-02
7.832471266774613389e-03
4.767524347922727501e-03
4.908750727555038704e-03
1.940832413022205299e-02
5.961083362978447479e-03
7.010368745188997643e-03
3.026465276075342159e-04
3.297516191964392634e-03
2.201988912470727658e-03
1.025932584338012238e-03
6.938805936103258423e-03
2.546642815864344836e-03
3.273682495502644452e-02
4.002909990519712934e-03
2.617909359092139131e-03
8.124544432443648202e-04
4.705730355140100296e-02
1.271289869391755561e-02
9.149005544255468803e-05
1.645396329272608496e-02
3.007179145630462999e-02
7.875920921958101673e-04
2.031765388693420379e-03
1.245988309446917700e-02
4.237658612710507380e-03
5.025632454518620153e-03
4.693901636152138929e-02
7.134738921719484435e-03
2.283170044928651068e-02
2.526926995524498773e-02
8.575025687741778466e-03
7.861073876760637721e-03
5.353590460095800953e-03
3.030396750140052810e-03
4.413620671193475842e-03
3.871016339491516189e-03
4.817742799591294943e-03
7.519934553963589230e-03
5.692987783408034672e-03
2.247881061107446978e-03
7.820983602282956249e-03
9.135807146644603707e-03
2.819696035663629610e-03
3.009588009393933655e-03
2.716594818910845685e-02
1.166267754455844324e-02
8.932525489057506485e-03
1.253238855491758952e-02
3.585758730399679628e-02
4.173803040826266214e-03
1.690607196336507689e-02
3.236386133215764759e-03
3.469743357820589957e-02
2.663623745897848206e-03
9.594884536258542485e-03
1.135530535274859552e-02
1.348896742409903121e-04
5.545011186295186606e-03
2.061264293922337662e-02
2.806218031823583953e-02
8.855792832677646803e-03
1.302376655940706146e-02
8.897653354541486606e-03
1.059895268973826653e-03
1.375345173159205764e-03
2.450370958956622769e-03
5.778951941444966309e-03
3.778421451645299495e-02
3.022703538489227015e-04
5.544714810199539989e-02
1.998143304566707759e-03
1.640143543947530230e-02
7.404309574225952789e-03
1.129660701311274197e-02
1.026803349245365010e-03
1.508273089764021122e-02
5.234146286641747949e-04
2.430901842180092226e-02
9.835822342632534465e-03
2.417199138967845301e-02
3.079680720960828455e-02
8.226948000031248862e-03
2.619538632214179347e-02
2.862135923868285720e-03
3.393439837540082604e-02
7.547872856127010172e-03
1.252983262260899677e-03
1.356538957437149369e-02
8.655866665614117550e-04
1.546918980880221568e-02
1.354067852821396085e-02
4.678094250670557924e-03
7.867419671630233695e-04
1.367588556767680014e-03
2.170708061545091605e-02
3.372754763852975346e-02
1.339119255224097832e-02
1.673428534319148370e-02
5.148504217885845578e-03
2.127030334149285912e-02
1.556081942156204573e-03
2.008883891128782767e-02
5.547210469971385928e-03
1.000418365217934855e-02
4.108312204526385659e-03
3.276777004653123188e-03
2.742571522009277021e-03
1.738401235631299377e-02
2.353914990604073082e-04
2.050405372162636755e-02
2.525940424967355880e-02
1.712128939673693284e-03
1.366859421646274102e-02
1.119769774199589653e-02
2.599475811197257766e-03
8.142906730025087358e-03
1.417416526134010826e-02
1.330400399579707241e-03
1.258275080679265544e-02
2.373482931738410059e-02
8.892060348537494247e-03
1.526022061149323594e-04
3.350847755836392633e-02
6.961721572855860546e-03
7.813776088059054548e-03
1.874346650437623898e-02
2.225465874608233835e-02
2.561795590919464100e-02
2.228942754276739061e-02
2.934667982684141530e-02
2.390574598434307141e-02
1.274969936058252019e-02
2.122922203344871500e-03
5.087532324833256292e-02
6.080388108090490490e-03
1.088399489926117000e-02
9.148667998393656894e-03
1.334602053992759579e-02
8.380304061176811758e-03
3.190903994404854088e-02
6.730689260849099902e-03
2.066226172609712808e-02
7.761457421114053602e-03
1.132326716222420600e-02
5.185425084932174591e-03
6.037016044818427699e-03
1.422916566363225180e-03
6.429134716411754984e-03
7.097865250181535288e-03
7.774003671066682941e-03
1.272575684795144817e-02
4.031931882174187576e-02
1.740347188093213648e-02
8.549906427407123061e-03
2.248108376149795390e-02
9.364814701286654566e-04
1.326284332482337638e-02
1.840826380173615079e-02
1.006445035006460487e-02
2.329341359684162366e-02
8.969779719504526044e-03
4.088177517988503262e-02
1.312203614015502832e-02
7.280519106062671719e-03
8.381072726321664099e-03
4.286317650841037219e-02
1.085085653662500906e-02
8.731634969053131412e-03
6.616188327483233517e-03
2.058866752080368984e-02
6.918962505590313394e-03
2.051030174311981383e-02
2.146414485020703422e-02
1.614665335779049207e-02
4.268323826635379153e-03
5.644074467806934475e-04
1.668910684382537979e-02
1.196222106483458766e-02
1.732480185475810883e-02
5.127630763576180792e-03
1.628414223373688546e-02
9.432153239510694676e-03
1.878971886805789332e-02
3.019821469235754036e-02
8.814720830562314952e-03
5.395132811102463372e-04
3.761443008961640189e-02
4.911994214969397574e-03
2.249510531428981774e-02
1.240857689539216074e-02
5.006402568584701965e-03
7.732029701659551280e-04
2.199744044203900961e-03
3.289225078365122512e-02
2.367921250642771383e-02
4.564459947142890037e-03
1.456185897307202097e-03
6.566987771102615612e-02
8.778543404432790839e-03
1.228774840430266885e-02
3.514317945487007572e-02
2.544605676627344215e-02
6.655951527073135365e-04
8.878369600739934031e-03
1.096234032492161836e-02
7.409682892406443781e-03
8.005034702978700706e-03
1.456981774460965398e-04
3.667541855903973247e-02
4.033969014226108929e-02
6.432231307637266415e-03
1.082008408256537359e-02
2.935794893254806137e-02
6.156903643185332280e-03
1.592660530134265215e-02
1.598619147039008481e-02
2.359624252451129715e-03
1.052038262915666600e-02
1.619239133219218738e-02
9.047719832785123921e-04
1.242835909464929008e-02
1.178333778906421984e-02
9.143699077513731469e-03
2.731061329413532815e-03
8.710144076225179123e-04
2.322954328970622609e-02
1.535834297258886760e-02
4.573746659124256972e-03
9.934773948078855915e-04
2.750071259523763356e-02
2.600195350907708730e-02
4.757952634432204009e-03
1.417269748981813196e-02
1.592763636436827016e-02
4.210577004102507466e-03
2.480145588323147410e-02
3.349893610127496757e-03
1.325973026324638038e-02
2.087197663035097323e-02
3.389999906855737082e-03
3.305761471777288185e-02
4.640337178188919803e-02
8.920732261254935014e-04
6.906426441930163702e-03
4.962417042777755166e-02
8.546750677137521929e-03
1.623753928488773195e-03
3.366118650364973569e-02
2.196881973636847715e-02
2.893350295955847765e-03
5.091707630588579621e-03
1.209591367771788509e-02
8.589322741037531614e-03
1.533073372263118496e-02
7.900982879064278805e-03
3.439423949318920828e-03
3.273256041191279116e-03
3.596802088876877718e-03
8.658144249967969497e-03
5.448228293277282072e-03
6.709716311982529338e-03
1.049019433636683984e-01
1.813520609796208383e-02
5.048303883838497694e-03
6.821631632676929818e-03
1.856284712985845423e-02
1.490404434414605017e-02
1.394424668971924047e-02
4.226793968971347820e-02
7.559462846014443696e-03
4.386824496442180699e-02
1.085770469820748936e-02
4.290333500363992941e-02
6.486178475894598464e-03
1.117929511822805810e-02
2.419516140863176706e-02
2.838099493689548447e-02
9.682837454978200642e-05
1.432634675927868528e-02
3.698686489765649898e-02
5.550591313574913810e-02
8.812354535492582241e-04
1.037093187584493467e-02
1.151398927005307243e-03
8.266322176186866738e-03
2.606830356118030115e-03
2.120245009365073416e-02
6.782422497031221492e-03
2.542878916475596954e-03
7.958282561422690138e-04
5.877123880332806374e-03
8.442344552138053224e-03
7.173592213114012017e-03
1.187793637157005255e-01
9.941416216609200857e-03
6.788875947933092903e-03
2.197807553708189081e-03
2.451995207990324485e-02
1.240582622134999563e-02
1.980220461524087594e-03
1.726307285344499953e-02
1.173620020546808397e-04
1.537345919075806464e-02
2.394115822306962585e-03
3.579672688386002083e-02
2.857071143661450881e-04
9.793050994673212911e-03
2.539238756494609662e-03
2.598692690452347742e-03
1.142437631351632225e-02
7.547101425266241996e-03
2.609740489956663759e-02
7.820450366093989816e-03
1.495855254185648152e-03
1.146846738922732353e-02
1.392869919349004094e-02
1.770433945453919050e-02
1.190468965212199744e-03
5.467499978922299789e-03
7.756314971506757250e-03
1.684286551637795455e-03
1.568651273342321767e-02
6.754215021367686311e-04
2.041132741153059427e-02
9.194516557059377593e-03
4.168028723762128018e-02
1.312062675071289791e-02
4.392976196022140185e-03
2.661307335933028265e-03
1.051608980684401104e-02
7.137873168941965760e-03
2.268710419489478047e-03
1.331472311314388368e-02
6.300074871273708688e-03
2.906001044464115099e-02
4.691638419406953323e-03
4.134462269643002577e-03
2.178618725531798056e-02
1.920745583977594498e-02
2.714489787200395198e-03
1.246571779552143114e-02
1.680646561687707680e-02
2.055370626322299628e-04
1.457556141761420961e-02
7.067902887231247711e-03
1.079018684426140927e-03
2.977893838869705156e-04
5.654639676495979567e-02
9.248144554693173147e-03
3.676031345211612511e-03
7.166915818493775625e-03
2.105125372699807873e-02
1.778552195252406168e-02
1.580181734679970626e-02
6.024884730360604776e-03
2.002961658495450853e-02
1.260720233900816667e-02
1.801842839517968364e-02
3.306405779360931801e-04
1.623125012885100193e-02
3.261302682506661207e-03
1.113995530623993271e-02
4.566255835720066901e-03
8.669231793287466431e-03
2.642599707448456750e-02
1.963827729691023510e-02
5.089143891336200126e-02
2.184087859353790045e-02
7.799256253342478143e-04
4.298721798472623923e-02
1.731675578765855782e-03
8.900706374793962775e-03
2.118525012559666423e-04
1.098785745593254537e-02
6.705483871112105990e-03
9.629508805586708617e-03
5.230095996417701096e-04
9.582165452487387963e-03
1.037102660555625118e-02
2.601920327927097557e-02
2.069182823414599665e-03
7.989518128199302877e-04
1.457765936971514020e-02
7.975824637573247083e-03
5.134668155281855301e-03
7.132841791037236590e-03
4.127416082818698151e-03
1.967183829093927319e-02
1.231036087883663477e-04
1.382479041000723823e-02
5.535749952661681711e-03
1.885564700249000442e-02
2.687935372322790978e-02
3.622727486944777101e-03
1.355726125729055966e-02
2.992954895148346867e-02
1.077040168470224692e-02
7.588736123218989271e-03
4.968290698045679799e-02
1.382320499177523698e-02
6.275148549072288862e-03
1.992966728973523047e-02
4.800833153084473927e-04
2.322440097526641545e-03
7.163045885825680865e-03
1.978977497066729263e-02
1.065519001608416366e-02
1.012558937303587557e-02
2.500425351620574801e-03
9.178840867334064554e-03
1.126178035489786705e-02
2.640301162652750402e-02
2.089454876555079527e-03
1.409439548380534216e-02
3.376314435038490960e-03
8.253194209513915053e-03
9.742714574550568121e-03
5.202121063447101568e-02
1.118445845428639625e-02
4.165068779072591230e-04
2.919369548939552451e-03
1.056467082428114330e-02
3.537108380473748606e-03
8.230315664639911016e-03
4.158684903530823068e-02
1.754835133618314492e-03
1.938225313735577465e-02
1.231557950208884630e-02
7.927909644150889223e-03
7.481812730306252116e-03
2.828429298166190015e-02
7.809732361904499209e-03
1.426023436682556135e-02
9.622384503352411286e-03
1.089556913913476352e-02
3.285408633067258416e-03
9.612926306502409327e-03
3.542121149180881695e-03
2.140160913558472600e-02
2.128350531177970739e-03
9.902553519185040148e-03
1.024631660904748442e-02
6.654079637433531549e-03
7.355638421518435888e-03
2.209732131789234749e-03
3.304266128884370338e-03
1.039860701236019341e-02
9.045363641328397347e-03
1.518487840294738093e-02
1.541192414211941912e-02
1.587364268414850899e-02
1.389771185866624757e-03
4.429786777741956567e-03
3.152823800017720557e-02
3.202049837875415965e-03
1.058258846708793124e-02
4.159463092381221472e-02
7.243451060231756791e-03
6.585815377268154289e-03
1.920543150392009426e-03
4.590433415828184052e-03
5.728180390689856585e-03
2.664631536791783883e-02
2.508767006356815103e-03
1.071058569149533832e-02
2.558387062998835823e-04
6.047271629769739726e-03
2.310956699941223505e-02
1.799571271083226639e-03
1.096226325072030983e-03
2.415403163986497292e-02
1.587290829153640420e-02
9.890596723649778751e-03
4.672937403778685238e-03
1.070305914425227073e-03
3.138165784286446602e-03
8.749445285815024217e-03
7.098169689890896673e-03
8.488390875893281687e-03
1.335002677682173679e-03
2.887739513490330395e-02
1.506726517223323618e-02
3.460476789824903920e-04
1.128411912611381428e-02
1.205861736307314164e-02
1.445013021644361850e-03
1.497580901356084307e-02
1.352203138196272393e-02
1.290116821892483114e-03
1.131366914687972902e-03
2.131788471766045412e-04
6.085269242520820188e-03
4.270548059557175910e-03
1.057474726805889345e-02
2.843422116419645068e-02
1.916221749309007100e-02
1.708112682328090035e-02
5.482307622708499847e-03
8.769538884634362624e-03
1.939415469305383333e-02
2.468538514628918629e-03
1.015920681188249922e-03
1.633882083077657990e-02
1.517570650664872185e-02
6.561112792563982346e-03
2.472281975471640313e-03
3.209369855949291157e-03
4.114973016488322061e-03
4.715902372954468985e-02
5.891421472832854668e-04
5.566689454506179753e-03
2.080111571799359016e-02
3.902009393665133163e-02
6.626143956554026229e-03
5.619512504308553369e-03
2.482506148852561129e-03
2.296109668825262184e-02
1.190611491244194554e-02
8.727120924539640695e-03
2.299656515544755073e-02
1.468076326946259058e-02
3.438528843036862265e-03
8.260686350901585290e-05
4.352676475836904368e-03
4.803545174382928447e-03
2.074570626269705079e-02
2.747457590854245416e-02
4.493709252367179136e-02
3.310930684397372231e-02
6.653279358155027128e-03
3.296486310303870654e-03
2.788155419292212209e-02
8.875182739566449220e-04
1.248106721097708149e-03
2.249320343293942370e-02
2.675835346986339073e-03
9.468157524501885983e-03
2.211207971479782659e-05
2.511013897162195710e-02
1.450294083440012254e-02
2.692104536409280907e-02
1.317275123873592720e-03
3.934609459417572064e-03
1.418417684790789987e-02
1.528815450529274686e-02
2.626810184421024541e-02
1.041956835472901237e-02
1.357352380703902121e-02
8.029784358346801765e-03
6.992658933812907762e-03
5.141489811140288572e-03
2.884995525419130000e-02
7.031489704531226036e-03
5.695589218839104857e-03
2.102831468769915130e-03
4.498276235131052486e-03
1.324152238551121533e-02
1.031740558177903812e-02
1.405285380250070187e-02
3.166357329688319205e-02
1.051368910711790276e-02
6.896391903199136121e-03
8.047387828651178521e-03
1.614060916033640408e-02
6.639648298268815627e-03
1.049401646738982834e-03
3.776715841231865350e-03
3.151308681525359819e-03
9.157251080504151888e-03
1.642796440916938563e-02
1.211464076700905987e-02
1.567516822075674943e-02
3.961164680487692762e-03
7.692287045965580210e-04
1.003109702256367239e-02
1.192116943820685504e-02
4.168214395144327622e-02
6.107760332819460632e-03
1.427028124198709627e-02
6.172155605354209817e-03
1.741872931100740124e-03
1.585434809034907272e-02
4.544572216372012516e-03
2.922926675524698675e-02
1.321971779350963536e-02
1.379010052437135495e-02
3.282632465639753489e-03
7.628866495441042998e-03
1.201195087636357066e-02
1.674124819028236996e-02
3.433266474383978202e-03
3.231008232998239249e-02
6.480115204219743380e-03
4.349178844218928690e-03
6.200767350259678290e-05
1.085519870655794056e-02
2.038197243990375052e-02
3.659461941143707809e-03
5.418227668420086927e-03
7.597523570223699979e-03
6.190343385784873725e-03
1.523232095798813038e-02
4.649601442901769681e-03
1.972050102224287213e-02
2.316734476843477705e-02
5.963065763327512342e-03
4.521670257960769268e-03
7.557328507819962606e-03
1.869084375353180158e-02
3.761421721468516909e-03
1.610971206493889973e-02
1.402221448315577219e-02
1.060049636607179185e-02
7.900076094345934510e-03
6.040033357250307669e-03
2.631760302238070337e-02
1.070143463368063499e-02
1.610154916736583619e-02
2.683801726733477631e-04
6.099700764543965897e-03
2.298184840004715082e-03
1.606708975102927534e-03
1.681785224704397327e-03
1.858024567124368087e-03
4.487087055711002498e-03
2.487853772404591615e-03
2.631698740661762848e-03
6.001937605538992804e-03
1.480538983787213839e-02
6.526755738357982797e-03
7.232156854204721715e-03
6.549473909257431600e-03
6.158158326294113638e-03
1.826412097470562351e-02
4.135179804256900338e-04
7.385878574185765141e-03
1.583194217668599385e-02
8.932208214892062986e-03
1.476501272572369738e-02
3.142483497629791275e-03
4.504439969646454461e-02
3.084700001195436227e-03
2.688614862008961021e-02
4.586337889704826531e-03
1.069523266465277796e-02
8.735573279311743822e-03
2.007775910428415134e-02
2.615013832069693761e-02
1.868063660487383898e-02
2.011995896138321985e-02
1.534194941707733286e-03
2.420708094638784891e-02
1.005146555688692794e-02
6.974638667369361181e-03
3.702044539948631634e-03
8.477780335400654163e-03
3.478291303805848209e-03
9.449048036214133944e-03
4.635238535736697918e-03
5.642458113419714094e-03
3.100941620886225533e-03
3.720168661892126003e-03
2.165041222061860147e-03
1.588611369007237456e-02
1.153261926879085505e-02
3.023760993936075794e-02
4.332224644602693242e-03
1.932694583236845356e-02
4.643038539094346273e-02
2.226304208270542609e-02
1.750093130115589271e-02
7.362507858426566715e-03
1.646876855032927342e-02
1.295182607585122075e-02
2.531318749109295538e-02
2.409802121307918522e-03
1.531231286513226944e-02
2.975050816923303226e-02
1.317327052327943795e-02
2.368206053183599322e-03
2.500445577499343236e-02
3.664368103627015701e-03
6.409859261748026421e-03
7.124175371021933614e-04
1.488693172600976181e-02
2.799620466039075013e-03
2.094525745824582508e-02
2.877539752097367162e-03
4.837642016268586809e-04
6.511812602946255059e-03
5.855456305730730648e-04
1.081339883369303138e-02
8.930363612173544685e-04
3.356802915729210218e-03
3.410251652640616023e-03
3.069307814646748261e-02
6.175106865874518437e-03
1.203476565061678029e-02
8.303472569555480146e-03
1.812577184480328521e-02
4.472082769529553414e-03
2.819820352829940924e-02
2.170476083403805045e-02
2.062773387289291299e-03
2.362698908809783560e-02
5.661278397958731563e-03
1.874870830778930381e-02
1.224542698163934989e-03
2.766730231928949540e-02
5.699185765013384253e-02
1.550585811597472372e-02
3.967586347193529511e-03
1.141099714014111310e-02
1.455410215969940579e-03
1.758755047664854743e-02
3.067025650954690024e-03
1.569814737317880987e-02
1.037437855675163272e-02
1.194055982155597592e-02
5.545570239003927426e-04
1.017921397875453521e-02
7.293283830836286286e-03
4.512516788773041077e-03
6.846786327423222754e-03
1.801604252634921065e-03
1.016012922736789746e-02
2.064470807974956232e-02
2.305529062046749247e-02
1.588169416019635793e-02
4.695488247569167689e-03
2.590870355823809632e-02
2.931235985904713168e-02
7.918734272761709242e-03
1.508723522066773848e-02
6.819262747187007125e-03
3.945709866086737419e-03
2.464082478536325227e-02
3.231294138866898889e-03
1.029797081426867683e-03
1.876769693932425764e-03
3.506044181033321494e-02
1.148972588993342481e-02
1.948670148247498915e-03
5.987287919405387317e-04
6.971429787836722416e-03
5.337397084558347105e-03
5.043594171705178923e-03
2.697644501198810663e-04
3.536065071314471731e-02
2.198931571914641142e-02
1.477377374566965756e-03
4.281873302953501104e-04
8.773741008079148293e-03
6.036745937641542145e-03
1.679181175446202781e-03
6.603729782471891123e-03
2.614125146787773038e-02
1.725224024496284370e-03
1.679591931531815990e-02
4.128214169645454817e-02
1.198972316913502097e-02
5.775724234453935742e-03
1.408788024044791039e-02
2.182849863117624495e-02
4.700012415776128744e-03
6.841599899702375609e-04
2.023268392318905082e-02
1.178917568916156185e-03
1.463063814013119968e-02
1.598315609862720893e-02
3.491838874820702137e-03
2.767218863267492321e-03
9.087240591889434935e-03
6.974774739286525652e-05
1.068142408038855011e-02
2.418849872355320185e-03
5.274714425836749335e-03
3.019709108887519422e-04
1.315395878904693228e-02
8.313177701446764975e-03
2.681132830877166681e-02
2.885170415248409018e-02
2.397649389441395759e-03
1.419976722360169821e-02
4.383947631348333873e-02
1.696175959450778228e-03
1.430189142005039611e-02
1.646813180410301031e-02
2.176237169017365691e-02
3.411141667944570660e-03
3.529518896607278244e-02
1.210734926107551526e-02
6.668174661650256088e-03
1.654376195076584163e-02
1.437760558205717493e-03
1.921626395729965700e-02
4.070831034671761571e-04
8.687492850192005556e-04
1.157055649462273780e-02
4.303545829602815898e-05
1.146316272610714213e-02
2.962952050254989006e-03
1.324545507008568351e-02
2.473065419392531106e-03
3.002862964674342383e-04
2.250443543900188317e-03
1.916667011965060390e-03
3.338242884702169976e-03
9.714924435343335815e-03
1.697449457593207256e-02
3.210696160512675756e-02
7.038254692554675798e-03
2.954278871879119361e-02
4.062675005170751641e-02
2.784471812377065092e-03
6.812029433590114161e-03
2.568802191567142595e-02
1.312424483557694289e-03
1.606170156053907810e-02
1.101010766131284811e-02
6.948341142173562225e-03
3.151156898825337302e-04
4.457938819058907334e-03
1.636430284723658368e-02
5.638438778406758278e-03
4.077068185693968547e-03
2.401405596009872218e-03
1.157342856564547162e-03
5.637717394543955221e-03
2.358706784974409602e-03
7.051670529573823495e-03
4.168286921859410202e-03
2.519349709764193146e-02
6.567747744260525253e-03
7.794180481912884109e-03
7.213766776879425302e-03
4.380835330270799882e-03
2.385142225176804104e-02
4.233808664732669445e-04
1.383854350067915528e-03
6.193549255213495752e-04
7.990130291367531249e-04
4.595159366551704490e-03
3.498753318310280497e-02
2.406589341362741497e-02
2.300876270739972418e-04
2.917174268429073049e-03
1.389824638251541469e-02
4.008940584950302505e-02
8.688595782334412876e-03
9.562493982109291496e-03
1.621005954054750842e-02
1.236171608411855069e-02
6.133957932371491423e-03
4.604940351321190964e-04
7.363139121287216697e-03
6.425258055237453164e-03
1.117285843619474257e-02
8.863192226779045835e-03
1.844106769494854858e-04
2.561166747656235670e-03
1.041039787156931547e-03
2.585851438739470223e-02
3.496568448899434797e-03
2.159928496842087806e-02
1.145271708858372484e-02
1.242435462767577103e-02
8.165925122474958220e-03
1.448348768313489779e-03
2.864957240744044932e-04
2.690742556780978401e-05
1.263951478851367549e-03
1.483050295671647575e-02
3.770123788668170058e-03
2.082016898957154277e-03
1.228366922435944822e-02
1.369153046644011607e-02
1.281181762930065421e-03
2.643993350822455152e-03
2.797723491997425229e-03
9.000916459072656750e-02
2.494970827963765778e-02
1.579677993386980782e-03
1.693763831020491176e-02
3.030455698804637027e-02
8.307451447034652769e-03
7.541028437367055734e-03
2.258229885247757963e-03
8.186835961625530886e-04
8.980860649955589581e-03
1.441852713784024485e-03
7.649750430426659892e-04
1.288575035768772803e-02
1.193886085883990797e-02
3.090098473455560324e-02
6.801362461341447715e-03
1.894108487249319961e-02
5.918227874816151673e-02
4.385890132693817667e-03
2.837200087828588291e-02
7.230110525649240810e-03
1.953865043529416992e-03
1.707034949175658279e-03
5.040567908140777126e-03
1.399016777317460200e-02
4.819853844075587881e-03
5.219839496630998468e-04
8.471386753189716345e-06
1.385195061783178055e-02
2.736575282494368815e-03
9.811839721284545263e-03
7.123293037359971179e-03
6.521778185200521882e-02
1.251837522129554438e-03
2.269839341938299782e-04
2.151762166274800298e-02
2.021164676795831130e-02
7.454880082505639140e-03
2.534075639101512553e-02
1.607073896272951177e-02
6.134877330884198031e-03
2.811425699087415769e-03
4.692045396173046348e-03
6.121198169663389678e-03
2.416043051684076473e-02
3.241053277045130576e-03
4.126397822835331519e-03
1.873633023816152765e-02
5.089477907303432275e-02
3.618676077691399678e-02
1.101295644478288323e-02
1.871876947788220572e-02
1.165923218835419103e-03
8.505453451528718553e-03
1.152737511086072454e-02
7.098000961434454761e-03
2.832505143399221062e-02
1.186507564396744457e-04
1.624115735702709451e-03
1.170679807148737074e-02
9.333341086303443765e-03
1.603402192814168403e-02
2.586758777741277049e-02
7.772636500604944085e-04
5.934140907370213242e-02
1.871249024414123330e-02
3.756971657783110541e-03
8.985173368240824063e-03
2.754662886546006134e-02
6.179310316270496262e-03
6.734941372547737816e-03
6.934729342672306916e-03
9.681506485868927869e-03
1.932491072736004095e-02
5.090679918531906649e-03
3.038754449968018856e-04
3.783478798374135393e-02
3.489506574390949592e-03
1.752957173051829243e-03
3.302307626623899456e-02
3.571909598669530811e-02
2.418252141072247535e-02
8.784946224310582336e-03
3.557592076209388238e-03
2.617701692260314232e-03
4.849959909390211613e-05
1.483281298321308117e-03
1.577908434941899165e-03
1.526226109504887768e-02
4.714455820277890959e-03
4.393543801222581091e-03
3.306234680449185448e-02
3.346331641606092172e-03
9.652167918245149747e-03
1.357389217587363917e-02
3.182683477441817371e-03
2.832556391450510858e-02
2.437302399050199006e-02
2.615615714623412830e-02
2.447460173079211987e-02
6.311567494957018298e-02
8.766353572082120557e-03
2.648797932629436830e-02
2.673312752170335649e-02
2.033038769924632935e-02
2.739897335830138864e-02
7.531738752382041713e-04
7.114139754666944614e-03
1.728738985626449010e-04
3.981043569337611859e-03
2.566923449586842182e-02
1.665337067436503324e-02
3.657400699891696916e-02
2.240344601957993190e-02
3.996920410395207561e-03
5.771077103609405234e-03
2.243032102111934892e-02
1.845292685065652973e-03
2.954424127275879705e-03
1.087826230553977022e-03
9.532562158987191100e-03
